邻居细胞,方向,排名,通道,目标细胞,目标细胞基因,邻居细胞基因,强度,显著性
AGM,发送,1,IGF2_IGF1R,Connective tissue,IGF2,IGF1R,1.699,0.002
AGM,发送,2,DLK1_NOTCH2,Connective tissue,DLK1,NOTCH2,1.393,0.0
AGM,发送,3,DLK1_NOTCH3,Connective tissue,DLK1,NOTCH3,1.387,0.0
AGM,发送,4,DLK1_NOTCH1,Connective tissue,DLK1,NOTCH1,1.347,0.0
AGM,发送,5,MPZL1_MPZL1,Connective tissue,MPZL1,MPZL1,0.811,0.0
AGM,发送,6,WNT2_SFRP1,Connective tissue,WNT2,SFRP1,0.668,0.0
AGM,发送,7,FLRT3_ADGRL2,Connective tissue,FLRT3,ADGRL2,0.623,0.0
AGM,发送,8,APP_FPR2,Connective tissue,APP,FPR2,0.579,0.01
AGM,发送,9,WNT5A_SFRP1,Connective tissue,WNT5A,SFRP1,0.545,0.0
AGM,发送,10,TENM3_ADGRL2,Connective tissue,TENM3,ADGRL2,0.535,0.005
AGM,发送,11,Cholesterol_byDHCR24_RORA,Connective tissue,Cholesterol,byDHCR24,0.531,0.0
AGM,发送,12,PDGFC_PDGFRA,Connective tissue,PDGFC,PDGFRA,0.516,0.026
AGM,发送,13,SLIT2_ROBO1,Connective tissue,SLIT2,ROBO1,0.511,0.0
AGM,发送,14,APP_TNFRSF21,Connective tissue,APP,TNFRSF21,0.505,0.006
AGM,发送,15,APP_SORL1,Connective tissue,APP,SORL1,0.493,0.0
AGM,发送,16,LRFN4_PTPRD,Connective tissue,LRFN4,PTPRD,0.48,0.0
AGM,发送,17,GJC1_GJC1,Connective tissue,GJC1,GJC1,0.479,0.0
AGM,发送,18,NCAM1_AGRN,Connective tissue,NCAM1,AGRN,0.476,0.003
AGM,发送,19,IGF1_IGF1R_enhancerComGPC3,Connective tissue,IGF1,IGF1R,0.475,0.0
AGM,发送,20,IGF1_IGF1R,Connective tissue,IGF1,IGF1R,0.475,0.0
AGM,发送,21,NCAM1_FGFR1,Connective tissue,NCAM1,FGFR1,0.47,0.0
AGM,发送,22,WNT5B_SFRP1,Connective tissue,WNT5B,SFRP1,0.469,0.0
AGM,发送,23,WNT7B_SFRP1,Connective tissue,WNT7B,SFRP1,0.466,0.0
AGM,发送,24,WNT6_SFRP1,Connective tissue,WNT6,SFRP1,0.465,0.001
AGM,发送,25,PDGFA_PDGFRA,Connective tissue,PDGFA,PDGFRA,0.462,0.011
AGM,发送,26,SEMA3A_PlexinA2_complex1,Connective tissue,SEMA3A,PlexinA2,0.461,0.0
AGM,发送,27,SEMA3A_NRP1,Connective tissue,SEMA3A,NRP1,0.461,0.0
AGM,发送,28,CDH2_CDH2,Connective tissue,CDH2,CDH2,0.459,0.012
AGM,发送,29,FLRT3_ADGRL3,Connective tissue,FLRT3,ADGRL3,0.457,0.0
AGM,发送,30,WNT4_SFRP1,Connective tissue,WNT4,SFRP1,0.452,0.0
AGM,发送,31,SEMA3A_PlexinA1_complex3,Connective tissue,SEMA3A,PlexinA1,0.418,0.0
AGM,发送,32,WNT2_FZD1_LRP6,Connective tissue,WNT2,FZD1,0.406,0.0
AGM,发送,33,WNT2_FZD2_LRP6,Connective tissue,WNT2,FZD2,0.406,0.0
AGM,发送,34,WNT2_FZD3_LRP6,Connective tissue,WNT2,FZD3,0.406,0.0
AGM,发送,35,WNT2_FZD7_LRP6,Connective tissue,WNT2,FZD7,0.406,0.0
AGM,发送,36,VEGFA_NRP2,Connective tissue,VEGFA,NRP2,0.399,0.0
AGM,发送,37,TENM3_ADGRL1,Connective tissue,TENM3,ADGRL1,0.393,0.015
AGM,发送,38,WNT2_FZD4_LRP6,Connective tissue,WNT2,FZD4,0.392,0.0
AGM,发送,39,WNT2_FZD4_LRP5,Connective tissue,WNT2,FZD4,0.388,0.0
AGM,发送,40,WNT2_FZD1_LRP5,Connective tissue,WNT2,FZD1,0.388,0.0
AGM,发送,41,WNT2_FZD7_LRP5,Connective tissue,WNT2,FZD7,0.388,0.0
AGM,发送,42,WNT2_FZD2_LRP5,Connective tissue,WNT2,FZD2,0.388,0.0
AGM,发送,43,WNT2_FZD3_LRP5,Connective tissue,WNT2,FZD3,0.388,0.0
AGM,发送,44,JAM3_JAM3,Connective tissue,JAM3,JAM3,0.384,0.001
AGM,发送,45,SEMA3A_PlexinA3_complex1,Connective tissue,SEMA3A,PlexinA3,0.383,0.0
AGM,发送,46,TENM3_FLRT3_complex_ADGRL3,Connective tissue,TENM3,FLRT3,0.37,0.0
AGM,发送,47,TENM3_ADGRL3,Connective tissue,TENM3,ADGRL3,0.37,0.001
AGM,发送,48,BMP4_BMPR1A_BMPR2,Connective tissue,BMP4,BMPR1A,0.37,0.012
AGM,发送,49,TENM2_FLRT3_complex_ADGRL2,Connective tissue,TENM2,FLRT3,0.367,0.01
AGM,发送,50,TENM2_ADGRL2,Connective tissue,TENM2,ADGRL2,0.367,0.01
AGM,发送,51,SDC1_ADGRA2,Connective tissue,SDC1,ADGRA2,0.363,0.001
AGM,发送,52,CDH3_CDH3,Connective tissue,CDH3,CDH3,0.358,0.011
AGM,发送,53,WNT2_SFRP2,Connective tissue,WNT2,SFRP2,0.357,0.0
AGM,发送,54,SEMA3F_NRP2,Connective tissue,SEMA3F,NRP2,0.349,0.0
AGM,发送,55,SEMA3C_NRP2,Connective tissue,SEMA3C,NRP2,0.348,0.0
AGM,发送,56,SLIT2_ROBO2,Connective tissue,SLIT2,ROBO2,0.343,0.002
AGM,发送,57,CDH5_CDH5,Connective tissue,CDH5,CDH5,0.34,0.006
AGM,发送,58,SLITRK6_PTPRS,Connective tissue,SLITRK6,PTPRS,0.336,0.0
AGM,发送,59,WNT2_FRZB,Connective tissue,WNT2,FRZB,0.326,0.0
AGM,发送,60,BMP4_BMR1A_ACR2A,Connective tissue,BMP4,BMR1A,0.321,0.001
AGM,发送,61,WNT2_FZD5_LRP5,Connective tissue,WNT2,FZD5,0.318,0.0
AGM,发送,62,WNT2_FZD5_LRP6,Connective tissue,WNT2,FZD5,0.318,0.0
AGM,发送,63,WNT2_FZD8_LRP6,Connective tissue,WNT2,FZD8,0.317,0.0
AGM,发送,64,WNT2_FZD8_LRP5,Connective tissue,WNT2,FZD8,0.317,0.0
AGM,发送,65,RSPO1_LGR4,Connective tissue,RSPO1,LGR4,0.314,0.0
AGM,发送,66,BMP4_BMR1A_AVR2B,Connective tissue,BMP4,BMR1A,0.309,0.022
AGM,发送,67,Cholesterol_byLIPA_RORA,Connective tissue,Cholesterol,byLIPA,0.306,0.0
AGM,发送,68,EFNA4_EPHA7,Connective tissue,EFNA4,EPHA7,0.306,0.007
AGM,发送,69,ESAM_ESAM,Connective tissue,ESAM,ESAM,0.284,0.0
AGM,发送,70,WNT5A_FZD3_LRP6,Connective tissue,WNT5A,FZD3,0.282,0.001
AGM,发送,71,WNT5A_FZD2_LRP6,Connective tissue,WNT5A,FZD2,0.282,0.001
AGM,发送,72,WNT5A_ROR2,Connective tissue,WNT5A,ROR2,0.282,0.0
AGM,发送,73,WNT5A_FZD7_LRP6,Connective tissue,WNT5A,FZD7,0.282,0.001
AGM,发送,74,Cholesterol_byDHCR7_RORA,Connective tissue,Cholesterol,byDHCR7,0.278,0.0
AGM,发送,75,KITLG_KIT,Connective tissue,KITLG,KIT,0.271,0.007
AGM,发送,76,WNT5A_FZD4_LRP6,Connective tissue,WNT5A,FZD4,0.269,0.0
AGM,发送,77,DKK2_LRP6,Connective tissue,DKK2,LRP6,0.264,0.0
AGM,发送,78,WNT5A_FZD4_LRP5,Connective tissue,WNT5A,FZD4,0.264,0.0
AGM,发送,79,WNT5A_FZD3_LRP5,Connective tissue,WNT5A,FZD3,0.264,0.004
AGM,发送,80,WNT5A_FZD2_LRP5,Connective tissue,WNT5A,FZD2,0.264,0.004
AGM,发送,81,WNT5A_FZD7_LRP5,Connective tissue,WNT5A,FZD7,0.264,0.004
AGM,发送,82,BMP4_BMPR1B_BMPR2,Connective tissue,BMP4,BMPR1B,0.252,0.001
AGM,发送,83,BMP4_BMR1B_AVR2A,Connective tissue,BMP4,BMR1B,0.252,0.001
AGM,发送,84,BMP4_BMR1B_AVR2B,Connective tissue,BMP4,BMR1B,0.252,0.001
AGM,发送,85,SDC2_ADGRA2,Connective tissue,SDC2,ADGRA2,0.249,0.025
AGM,发送,86,FLRT2_ADGRL3,Connective tissue,FLRT2,ADGRL3,0.246,0.014
AGM,发送,87,JAM2_JAM3,Connective tissue,JAM2,JAM3,0.236,0.001
AGM,发送,88,TENM2_ADGRL1,Connective tissue,TENM2,ADGRL1,0.224,0.016
AGM,发送,89,TENM2_FLRT3_complex_ADGRL1,Connective tissue,TENM2,FLRT3,0.224,0.016
AGM,发送,90,EFNA1_EPHA7,Connective tissue,EFNA1,EPHA7,0.222,0.05
AGM,发送,91,GDF11_TGFR_AVR2A,Connective tissue,GDF11,TGFR,0.207,0.0
AGM,发送,92,WNT5B_FZD7_LRP6,Connective tissue,WNT5B,FZD7,0.206,0.009
AGM,发送,93,WNT5B_FZD3_LRP6,Connective tissue,WNT5B,FZD3,0.206,0.009
AGM,发送,94,WNT5B_FZD2_LRP6,Connective tissue,WNT5B,FZD2,0.206,0.009
AGM,发送,95,WNT5B_FZD1_LRP6,Connective tissue,WNT5B,FZD1,0.206,0.006
AGM,发送,96,BMP5_BMR1A_ACR2A,Connective tissue,BMP5,BMR1A,0.204,0.03
AGM,发送,97,RSPO1_Kremen1_LRP6,Connective tissue,RSPO1,Kremen1,0.203,0.0
AGM,发送,98,WNT5A_FRZB,Connective tissue,WNT5A,FRZB,0.203,0.0
AGM,发送,99,WNT7B_FZD1_LRP6,Connective tissue,WNT7B,FZD1,0.203,0.001
AGM,发送,100,WNT7B_FZD2_LRP6,Connective tissue,WNT7B,FZD2,0.203,0.003
AGM,接收,1,MPZL1_MPZL1,Connective tissue,MPZL1,MPZL1,0.811,0.0
AGM,接收,2,EFNA5_EPHA3,Connective tissue,EPHA3,EFNA5,0.712,0.0
AGM,接收,3,PDGFC_PDGFRA,Connective tissue,PDGFRA,PDGFC,0.712,0.0
AGM,接收,4,WNT5A_SFRP1,Connective tissue,SFRP1,WNT5A,0.605,0.0
AGM,接收,5,atRetinoicAcid_byALDH1A2_RAreceptor_RXRB,Connective tissue,byALDH1A2,atRetinoicAcid,0.594,0.0
AGM,接收,6,atRetinoicAcid_byALDH1A2_RAreceptor_RARA,Connective tissue,byALDH1A2,atRetinoicAcid,0.582,0.0
AGM,接收,7,CADM1_NECTIN3,Connective tissue,NECTIN3,CADM1,0.572,0.031
AGM,接收,8,WNT5B_SFRP1,Connective tissue,SFRP1,WNT5B,0.57,0.0
AGM,接收,9,atRetinoicAcid_byALDH1A2_RAreceptor_RARA_RXRA,Connective tissue,byALDH1A2,atRetinoicAcid,0.55,0.0
AGM,接收,10,atRetinoicAcid_byALDH1A2_RAreceptor_RXRA,Connective tissue,byALDH1A2,atRetinoicAcid,0.55,0.0
AGM,接收,11,WNT2_SFRP1,Connective tissue,SFRP1,WNT2,0.547,0.0
AGM,接收,12,EFNA5_EPHA7,Connective tissue,EPHA7,EFNA5,0.544,0.0
AGM,接收,13,FLRT3_ADGRL2,Connective tissue,ADGRL2,FLRT3,0.542,0.047
AGM,接收,14,PDGFA_PDGFRA,Connective tissue,PDGFRA,PDGFA,0.536,0.0
AGM,接收,15,TENM3_ADGRL2,Connective tissue,ADGRL2,TENM3,0.53,0.015
AGM,接收,16,atRetinoicAcid_byALDH1A2_RAreceptor_RARB_RXRB,Connective tissue,byALDH1A2,atRetinoicAcid,0.518,0.0
AGM,接收,17,atRetinoicAcid_byALDH1A2_RAreceptor_RARB,Connective tissue,byALDH1A2,atRetinoicAcid,0.518,0.0
AGM,接收,18,atRetinoicAcid_byALDH1A2_RAreceptor_RARG,Connective tissue,byALDH1A2,atRetinoicAcid,0.516,0.0
AGM,接收,19,SLIT2_ROBO1,Connective tissue,ROBO1,SLIT2,0.514,0.0
AGM,接收,20,EFNA4_EPHA3,Connective tissue,EPHA3,EFNA4,0.505,0.0
AGM,接收,21,EFNA5_EPHB2,Connective tissue,EPHB2,EFNA5,0.501,0.0
AGM,接收,22,EFNA5_EPHA4,Connective tissue,EPHA4,EFNA5,0.481,0.0
AGM,接收,23,GJC1_GJC1,Connective tissue,GJC1,GJC1,0.479,0.0
AGM,接收,24,NCAM1_FGFR1,Connective tissue,FGFR1,NCAM1,0.466,0.0
AGM,接收,25,EFNA2_EPHA3,Connective tissue,EPHA3,EFNA2,0.466,0.0
AGM,接收,26,CDH2_CDH2,Connective tissue,CDH2,CDH2,0.459,0.012
AGM,接收,27,IGF1_IGF1R_enhancerComGPC3,Connective tissue,IGF1R,IGF1,0.458,0.002
AGM,接收,28,IGF1_IGF1R,Connective tissue,IGF1R,IGF1,0.458,0.002
AGM,接收,29,TENM4_ADGRL2,Connective tissue,ADGRL2,TENM4,0.457,0.018
AGM,接收,30,NCAM1_AGRN,Connective tissue,AGRN,NCAM1,0.457,0.034
AGM,接收,31,NRXN1_DAG1,Connective tissue,DAG1,NRXN1,0.45,0.02
AGM,接收,32,PTPRD_IL1RAPL1,Connective tissue,IL1RAPL1,PTPRD,0.434,0.0
AGM,接收,33,TENM3_ADGRL1,Connective tissue,ADGRL1,TENM3,0.43,0.0
AGM,接收,34,BMPR1B_BMPR2_BMPR1A,Connective tissue,BMPR2,BMPR1B,0.424,0.0
AGM,接收,35,SEMA3C_NRP2,Connective tissue,NRP2,SEMA3C,0.393,0.0
AGM,接收,36,VEGFA_NRP2,Connective tissue,NRP2,VEGFA,0.393,0.0
AGM,接收,37,JAM3_JAM3,Connective tissue,JAM3,JAM3,0.384,0.001
AGM,接收,38,SLIT2_ROBO2,Connective tissue,ROBO2,SLIT2,0.378,0.0
AGM,接收,39,FLRT3_ADGRL3,Connective tissue,ADGRL3,FLRT3,0.376,0.026
AGM,接收,40,BMP4_BMPR1A_BMPR2,Connective tissue,BMPR1A,BMP4,0.371,0.008
AGM,接收,41,TENM3_FLRT3_complex_ADGRL3,Connective tissue,FLRT3,TENM3,0.364,0.0
AGM,接收,42,TENM3_ADGRL3,Connective tissue,ADGRL3,TENM3,0.364,0.005
AGM,接收,43,CDH3_CDH3,Connective tissue,CDH3,CDH3,0.358,0.011
AGM,接收,44,TENM4_FLRT3_complex_ADGRL1,Connective tissue,FLRT3,TENM4,0.357,0.0
AGM,接收,45,TENM4_ADGRL1,Connective tissue,ADGRL1,TENM4,0.357,0.001
AGM,接收,46,WNT5A_ROR1,Connective tissue,ROR1,WNT5A,0.355,0.0
AGM,接收,47,SEMA3F_NRP2,Connective tissue,NRP2,SEMA3F,0.353,0.0
AGM,接收,48,SEMA4D_PLXNB2,Connective tissue,PLXNB2,SEMA4D,0.346,0.001
AGM,接收,49,CDH5_CDH5,Connective tissue,CDH5,CDH5,0.34,0.006
AGM,接收,50,VEGFA_KDR,Connective tissue,KDR,VEGFA,0.339,0.001
AGM,接收,51,EFNA4_EPHA7,Connective tissue,EPHA7,EFNA4,0.338,0.0
AGM,接收,52,VEGFC_KDR,Connective tissue,KDR,VEGFC,0.334,0.0
AGM,接收,53,EFNB2_EPHB2,Connective tissue,EPHB2,EFNB2,0.318,0.008
AGM,接收,54,KITLG_KIT,Connective tissue,KIT,KITLG,0.306,0.0
AGM,接收,55,FLRT2_ADGRL1,Connective tissue,ADGRL1,FLRT2,0.306,0.001
AGM,接收,56,EFNB2_EPHB4,Connective tissue,EPHB4,EFNB2,0.304,0.024
AGM,接收,57,BMP5_BMPR1A_BMPR2,Connective tissue,BMPR1A,BMP5,0.304,0.0
AGM,接收,58,GDF6_BMPR1A_BMPR2,Connective tissue,BMPR1A,GDF6,0.303,0.0
AGM,接收,59,EFNA2_EPHA7,Connective tissue,EPHA7,EFNA2,0.299,0.0
AGM,接收,60,EFNB2_EPHB3,Connective tissue,EPHB3,EFNB2,0.298,0.008
AGM,接收,61,SEMA4C_PLXNB2,Connective tissue,PLXNB2,SEMA4C,0.298,0.011
AGM,接收,62,EFNB2_EPHA4,Connective tissue,EPHA4,EFNB2,0.297,0.008
AGM,接收,63,TENM4_ADGRL3,Connective tissue,ADGRL3,TENM4,0.291,0.008
AGM,接收,64,BMP4_BMR1A_ACR2A,Connective tissue,BMR1A,BMP4,0.291,0.028
AGM,接收,65,NTN1_UNC5B,Connective tissue,UNC5B,NTN1,0.29,0.032
AGM,接收,66,EFNB1_EPHB2,Connective tissue,EPHB2,EFNB1,0.288,0.031
AGM,接收,67,ESAM_ESAM,Connective tissue,ESAM,ESAM,0.284,0.0
AGM,接收,68,IGFBP3_TMEM219,Connective tissue,TMEM219,IGFBP3,0.276,0.0
AGM,接收,69,EFNA4_EPHA4,Connective tissue,EPHA4,EFNA4,0.274,0.001
AGM,接收,70,ANGPT1_TEK,Connective tissue,TEK,ANGPT1,0.272,0.004
AGM,接收,71,EFNB1_EPHA4,Connective tissue,EPHA4,EFNB1,0.268,0.04
AGM,接收,72,JAG1_NOTCH2,Connective tissue,NOTCH2,JAG1,0.266,0.001
AGM,接收,73,SEMA6A_PlexinA2_complex1,Connective tissue,PlexinA2,SEMA6A,0.262,0.0
AGM,接收,74,WNT5A_SFRP2,Connective tissue,SFRP2,WNT5A,0.258,0.003
AGM,接收,75,SDC2_ADGRA2,Connective tissue,ADGRA2,SDC2,0.258,0.01
AGM,接收,76,WNT5A_FZD3_LRP6,Connective tissue,FZD3,WNT5A,0.247,0.036
AGM,接收,77,WNT5A_FZD2_LRP6,Connective tissue,FZD2,WNT5A,0.247,0.036
AGM,接收,78,WNT5A_FZD7_LRP6,Connective tissue,FZD7,WNT5A,0.247,0.036
AGM,接收,79,TENM2_ADGRL1,Connective tissue,ADGRL1,TENM2,0.245,0.0
AGM,接收,80,TENM2_FLRT3_complex_ADGRL1,Connective tissue,FLRT3,TENM2,0.245,0.0
AGM,接收,81,SEMA6D_PlexinA1_complex1,Connective tissue,PlexinA1,SEMA6D,0.244,0.001
AGM,接收,82,FLRT2_ADGRL3,Connective tissue,ADGRL3,FLRT2,0.239,0.034
AGM,接收,83,NRXN3_ADGRL1,Connective tissue,ADGRL1,NRXN3,0.238,0.02
AGM,接收,84,EFNA2_EPHA4,Connective tissue,EPHA4,EFNA2,0.235,0.001
AGM,接收,85,BMP5_BMR1A_AVR2B,Connective tissue,BMR1A,BMP5,0.23,0.005
AGM,接收,86,BMP5_BMR1A_ACR2A,Connective tissue,BMR1A,BMP5,0.224,0.003
AGM,接收,87,GDF6_BMR1A_ACR2A,Connective tissue,BMR1A,GDF6,0.223,0.0
AGM,接收,88,WNT5B_SFRP2,Connective tissue,SFRP2,WNT5B,0.223,0.0
AGM,接收,89,WNT5B_FZD7_LRP6,Connective tissue,FZD7,WNT5B,0.212,0.004
AGM,接收,90,WNT5B_FZD3_LRP6,Connective tissue,FZD3,WNT5B,0.212,0.004
AGM,接收,91,WNT5B_FZD2_LRP6,Connective tissue,FZD2,WNT5B,0.212,0.004
AGM,接收,92,WNT5B_FZD1_LRP6,Connective tissue,FZD1,WNT5B,0.212,0.003
AGM,接收,93,RBP4_STRA6,Connective tissue,STRA6,RBP4,0.208,0.002
AGM,接收,94,WNT5A_FRZB,Connective tissue,FRZB,WNT5A,0.204,0.006
AGM,接收,95,PDGFD_PDGFR_complex,Connective tissue,PDGFR,PDGFD,0.198,0.0
AGM,接收,96,PDGFD_PDGFRB,Connective tissue,PDGFRB,PDGFD,0.198,0.0
AGM,接收,97,TGFB2_TGFbeta_receptor1,Connective tissue,TGFbeta,TGFB2,0.197,0.034
AGM,接收,98,TGFB2_TGFbeta_receptor2,Connective tissue,TGFbeta,TGFB2,0.197,0.032
AGM,接收,99,WNT5A_FZD10_LRP5,Connective tissue,FZD10,WNT5A,0.184,0.017
AGM,接收,100,WNT5A_FZD10_LRP6,Connective tissue,FZD10,WNT5A,0.184,0.017
Cavity,发送,1,DLK1_NOTCH2,Connective tissue,DLK1,NOTCH2,1.337,0.0
Cavity,发送,2,DLK1_NOTCH1,Connective tissue,DLK1,NOTCH1,1.327,0.0
Cavity,发送,3,COL3A1_ADGRG1,Connective tissue,COL3A1,ADGRG1,1.111,0.0
Cavity,发送,4,APP_TNFRSF21,Connective tissue,APP,TNFRSF21,0.498,0.007
Cavity,发送,5,WNT2_FZD2_LRP6,Connective tissue,WNT2,FZD2,0.332,0.0
Cavity,发送,6,WNT2_FZD3_LRP6,Connective tissue,WNT2,FZD3,0.332,0.0
Cavity,发送,7,WNT2_FZD7_LRP6,Connective tissue,WNT2,FZD7,0.332,0.0
Cavity,发送,8,WNT2_SFRP2,Connective tissue,WNT2,SFRP2,0.326,0.0
Cavity,发送,9,WNT2_FZD7_LRP5,Connective tissue,WNT2,FZD7,0.322,0.0
Cavity,发送,10,WNT2_FZD2_LRP5,Connective tissue,WNT2,FZD2,0.322,0.0
Cavity,发送,11,WNT2_FZD3_LRP5,Connective tissue,WNT2,FZD3,0.322,0.0
Cavity,发送,12,Glutamate_byGLS_and_SLC1A3_GRM7,Connective tissue,Glutamate,byGLS,0.242,0.036
Cavity,接收,1,PDGFC_PDGFRA,Connective tissue,PDGFRA,PDGFC,0.545,0.003
Cavity,接收,2,WNT6_SFRP1,Connective tissue,SFRP1,WNT6,0.543,0.0
Cavity,接收,3,WNT5A_SFRP1,Connective tissue,SFRP1,WNT5A,0.543,0.0
Cavity,接收,4,WNT2_SFRP1,Connective tissue,SFRP1,WNT2,0.542,0.0
Cavity,接收,5,PDGFA_PDGFRA,Connective tissue,PDGFRA,PDGFA,0.526,0.0
Cavity,接收,6,EFNA5_EPHA3,Connective tissue,EPHA3,EFNA5,0.469,0.0
Cavity,接收,7,EFNA4_EPHA3,Connective tissue,EPHA3,EFNA4,0.414,0.0
Cavity,接收,8,VEGFA_NRP2,Connective tissue,NRP2,VEGFA,0.353,0.002
Cavity,接收,9,WNT5A_ROR1,Connective tissue,ROR1,WNT5A,0.293,0.003
Cavity,接收,10,TNC_integrin_a9b1_complex,Connective tissue,integrin,TNC,0.29,0.01
Cavity,接收,11,WNT6_SFRP2,Connective tissue,SFRP2,WNT6,0.196,0.013
Cavity,接收,12,TNC_integrin_a8b1_complex,Connective tissue,integrin,TNC,0.172,0.0
Cavity,接收,13,WNT6_FRZB,Connective tissue,FRZB,WNT6,0.142,0.025
Connective tissue,发送,1,IGF2_IGF1R,Connective tissue,IGF2,IGF1R,1.705,0.003
Connective tissue,发送,2,DLK1_NOTCH2,Connective tissue,DLK1,NOTCH2,1.468,0.0
Connective tissue,发送,3,DLK1_NOTCH1,Connective tissue,DLK1,NOTCH1,1.371,0.0
Connective tissue,发送,4,DLK1_NOTCH3,Connective tissue,DLK1,NOTCH3,1.33,0.0
Connective tissue,发送,5,MPZL1_MPZL1,Connective tissue,MPZL1,MPZL1,0.808,0.0
Connective tissue,发送,6,WNT2_SFRP1,Connective tissue,WNT2,SFRP1,0.749,0.0
Connective tissue,发送,7,PDGFC_PDGFRA,Connective tissue,PDGFC,PDGFRA,0.649,0.0
Connective tissue,发送,8,WNT5A_SFRP1,Connective tissue,WNT5A,SFRP1,0.625,0.0
Connective tissue,发送,9,LRFN4_PTPRF,Connective tissue,LRFN4,PTPRF,0.612,0.033
Connective tissue,发送,10,APP_FPR2,Connective tissue,APP,FPR2,0.595,0.001
Connective tissue,发送,11,PDGFA_PDGFRA,Connective tissue,PDGFA,PDGFRA,0.595,0.0
Connective tissue,发送,12,FLRT3_ADGRL2,Connective tissue,FLRT3,ADGRL2,0.592,0.0
Connective tissue,发送,13,EFNA5_EPHA3,Connective tissue,EFNA5,EPHA3,0.567,0.0
Connective tissue,发送,14,WNT5B_SFRP1,Connective tissue,WNT5B,SFRP1,0.549,0.0
Connective tissue,发送,15,CDH2_CDH2,Connective tissue,CDH2,CDH2,0.547,0.0
Connective tissue,发送,16,WNT7B_SFRP1,Connective tissue,WNT7B,SFRP1,0.546,0.0
Connective tissue,发送,17,WNT6_SFRP1,Connective tissue,WNT6,SFRP1,0.545,0.0
Connective tissue,发送,18,WNT4_SFRP1,Connective tissue,WNT4,SFRP1,0.532,0.0
Connective tissue,发送,19,APP_PLXNA4,Connective tissue,APP,PLXNA4,0.521,0.0
Connective tissue,发送,20,EFNA4_EPHA3,Connective tissue,EFNA4,EPHA3,0.513,0.0
Connective tissue,发送,21,APP_TNFRSF21,Connective tissue,APP,TNFRSF21,0.512,0.0
Connective tissue,发送,22,IGF1_IGF1R_enhancerComGPC3,Connective tissue,IGF1,IGF1R,0.481,0.0
Connective tissue,发送,23,IGF1_IGF1R,Connective tissue,IGF1,IGF1R,0.481,0.0
Connective tissue,发送,24,NCAM1_FGFR1,Connective tissue,NCAM1,FGFR1,0.475,0.0
Connective tissue,发送,25,NCAM1_AGRN,Connective tissue,NCAM1,AGRN,0.466,0.005
Connective tissue,发送,26,GJC1_GJC1,Connective tissue,GJC1,GJC1,0.457,0.009
Connective tissue,发送,27,SEMA3A_PlexinA1_complex3,Connective tissue,SEMA3A,PlexinA1,0.446,0.0
Connective tissue,发送,28,SEMA3A_PlexinA2_complex1,Connective tissue,SEMA3A,PlexinA2,0.446,0.0
Connective tissue,发送,29,SEMA3A_NRP1,Connective tissue,SEMA3A,NRP1,0.446,0.0
Connective tissue,发送,30,EFNA2_EPHA3,Connective tissue,EFNA2,EPHA3,0.445,0.0
Connective tissue,发送,31,SLIT2_ROBO1,Connective tissue,SLIT2,ROBO1,0.44,0.004
Connective tissue,发送,32,EFNA1_EPHA3,Connective tissue,EFNA1,EPHA3,0.429,0.0
Connective tissue,发送,33,FLRT3_ADGRL3,Connective tissue,FLRT3,ADGRL3,0.425,0.0
Connective tissue,发送,34,SEMA3A_PlexinA4_complex1,Connective tissue,SEMA3A,PlexinA4,0.414,0.0
Connective tissue,发送,35,TENM3_ADGRL1,Connective tissue,TENM3,ADGRL1,0.405,0.0
Connective tissue,发送,36,WNT2_SFRP2,Connective tissue,WNT2,SFRP2,0.402,0.0
Connective tissue,发送,37,EFNA5_EPHA7,Connective tissue,EFNA5,EPHA7,0.4,0.01
Connective tissue,发送,38,BMP4_BMPR1A_BMPR2,Connective tissue,BMP4,BMPR1A,0.399,0.001
Connective tissue,发送,39,VEGFA_NRP2,Connective tissue,VEGFA,NRP2,0.396,0.0
Connective tissue,发送,40,WNT2_FZD1_LRP6,Connective tissue,WNT2,FZD1,0.391,0.0
Connective tissue,发送,41,WNT2_FZD2_LRP6,Connective tissue,WNT2,FZD2,0.391,0.0
Connective tissue,发送,42,WNT2_FZD3_LRP6,Connective tissue,WNT2,FZD3,0.391,0.0
Connective tissue,发送,43,WNT2_FZD7_LRP6,Connective tissue,WNT2,FZD7,0.391,0.0
Connective tissue,发送,44,JAM3_JAM3,Connective tissue,JAM3,JAM3,0.377,0.009
Connective tissue,发送,45,WNT5A_ROR1,Connective tissue,WNT5A,ROR1,0.375,0.0
Connective tissue,发送,46,SEMA3A_PlexinA3_complex1,Connective tissue,SEMA3A,PlexinA3,0.373,0.0
Connective tissue,发送,47,CDH5_CDH5,Connective tissue,CDH5,CDH5,0.358,0.014
Connective tissue,发送,48,WNT2_FZD1_LRP5,Connective tissue,WNT2,FZD1,0.356,0.0
Connective tissue,发送,49,WNT2_FZD7_LRP5,Connective tissue,WNT2,FZD7,0.356,0.0
Connective tissue,发送,50,WNT2_FZD2_LRP5,Connective tissue,WNT2,FZD2,0.356,0.0
Connective tissue,发送,51,WNT2_FZD3_LRP5,Connective tissue,WNT2,FZD3,0.356,0.0
Connective tissue,发送,52,WNT2_FRZB,Connective tissue,WNT2,FRZB,0.348,0.0
Connective tissue,发送,53,SEMA3F_NRP2,Connective tissue,SEMA3F,NRP2,0.346,0.0
Connective tissue,发送,54,EFNA4_EPHA7,Connective tissue,EFNA4,EPHA7,0.346,0.0
Connective tissue,发送,55,EFNB3_EPHB2,Connective tissue,EFNB3,EPHB2,0.346,0.03
Connective tissue,发送,56,SDC1_ADGRA2,Connective tissue,SDC1,ADGRA2,0.346,0.003
Connective tissue,发送,57,SEMA3C_NRP2,Connective tissue,SEMA3C,NRP2,0.345,0.0
Connective tissue,发送,58,VEGFC_KDR,Connective tissue,VEGFC,KDR,0.345,0.0
Connective tissue,发送,59,SEMA4D_PLXNB2,Connective tissue,SEMA4D,PLXNB2,0.342,0.001
Connective tissue,发送,60,VEGFA_KDR,Connective tissue,VEGFA,KDR,0.342,0.001
Connective tissue,发送,61,TENM3_FLRT3_complex_ADGRL3,Connective tissue,TENM3,FLRT3,0.338,0.014
Connective tissue,发送,62,TENM3_ADGRL3,Connective tissue,TENM3,ADGRL3,0.338,0.03
Connective tissue,发送,63,SLITRK6_PTPRS,Connective tissue,SLITRK6,PTPRS,0.331,0.001
Connective tissue,发送,64,WNT2_FZD10_LRP5,Connective tissue,WNT2,FZD10,0.328,0.0
Connective tissue,发送,65,WNT2_FZD10_LRP6,Connective tissue,WNT2,FZD10,0.328,0.0
Connective tissue,发送,66,EFNB3_EPHA4,Connective tissue,EFNB3,EPHA4,0.325,0.035
Connective tissue,发送,67,BMP4_BMR1A_AVR2B,Connective tissue,BMP4,BMR1A,0.325,0.001
Connective tissue,发送,68,WNT2_FZD4_LRP5,Connective tissue,WNT2,FZD4,0.322,0.0
Connective tissue,发送,69,WNT2_FZD4_LRP6,Connective tissue,WNT2,FZD4,0.322,0.0
Connective tissue,发送,70,WNT2_FZD6_LRP6,Connective tissue,WNT2,FZD6,0.32,0.0
Connective tissue,发送,71,WNT2_FZD6_LRP5,Connective tissue,WNT2,FZD6,0.32,0.0
Connective tissue,发送,72,BMP4_BMR1A_ACR2A,Connective tissue,BMP4,BMR1A,0.319,0.0
Connective tissue,发送,73,SEMA4C_PLXNB2,Connective tissue,SEMA4C,PLXNB2,0.302,0.006
Connective tissue,发送,74,TGFB2_TGFBR3,Connective tissue,TGFB2,TGFBR3,0.3,0.043
Connective tissue,发送,75,EFNB2_EPHB2,Connective tissue,EFNB2,EPHB2,0.294,0.025
Connective tissue,发送,76,EFNB1_EPHB2,Connective tissue,EFNB1,EPHB2,0.287,0.024
Connective tissue,发送,77,RSPO1_LGR4,Connective tissue,RSPO1,LGR4,0.286,0.0
Connective tissue,发送,78,BMP5_BMPR1A_BMPR2,Connective tissue,BMP5,BMPR1A,0.282,0.008
Connective tissue,发送,79,EFNA4_EPHA4,Connective tissue,EFNA4,EPHA4,0.282,0.0
Connective tissue,发送,80,WNT5A_ROR2,Connective tissue,WNT5A,ROR2,0.281,0.004
Connective tissue,发送,81,FLRT2_ADGRL1,Connective tissue,FLRT2,ADGRL1,0.28,0.028
Connective tissue,发送,82,WNT5A_SFRP2,Connective tissue,WNT5A,SFRP2,0.278,0.0
Connective tissue,发送,83,EFNA2_EPHA7,Connective tissue,EFNA2,EPHA7,0.278,0.0
Connective tissue,发送,84,BMP7_BMPR1A_BMPR2,Connective tissue,BMP7,BMPR1A,0.276,0.041
Connective tissue,发送,85,EFNB2_EPHA4,Connective tissue,EFNB2,EPHA4,0.274,0.029
Connective tissue,发送,86,JAG1_NOTCH2,Connective tissue,JAG1,NOTCH2,0.271,0.0
Connective tissue,发送,87,JAG2_NOTCH2,Connective tissue,JAG2,NOTCH2,0.27,0.0
Connective tissue,发送,88,EFNB1_EPHB3,Connective tissue,EFNB1,EPHB3,0.268,0.048
Connective tissue,发送,89,EFNB1_EPHA4,Connective tissue,EFNB1,EPHA4,0.267,0.018
Connective tissue,发送,90,WNT5A_FZD3_LRP6,Connective tissue,WNT5A,FZD3,0.267,0.001
Connective tissue,发送,91,WNT5A_FZD2_LRP6,Connective tissue,WNT5A,FZD2,0.267,0.001
Connective tissue,发送,92,WNT5A_FZD7_LRP6,Connective tissue,WNT5A,FZD7,0.267,0.001
Connective tissue,发送,93,KITLG_KIT,Connective tissue,KITLG,KIT,0.267,0.007
Connective tissue,发送,94,EFNA1_EPHA7,Connective tissue,EFNA1,EPHA7,0.262,0.0
Connective tissue,发送,95,DKK2_LRP6,Connective tissue,DKK2,LRP6,0.249,0.0
Connective tissue,发送,96,TENM2_ADGRL1,Connective tissue,TENM2,ADGRL1,0.236,0.003
Connective tissue,发送,97,TENM2_FLRT3_complex_ADGRL1,Connective tissue,TENM2,FLRT3,0.236,0.003
Connective tissue,发送,98,LPAR1_ADGRE5,Connective tissue,LPAR1,ADGRE5,0.232,0.021
Connective tissue,发送,99,JAM2_JAM3,Connective tissue,JAM2,JAM3,0.23,0.0
Connective tissue,发送,100,SEMA6D_PlexinA1_complex1,Connective tissue,SEMA6D,PlexinA1,0.226,0.012
Connective tissue,接收,1,IGF2_IGF1R,Connective tissue,IGF1R,IGF2,1.705,0.003
Connective tissue,接收,2,DLK1_NOTCH2,Connective tissue,NOTCH2,DLK1,1.468,0.0
Connective tissue,接收,3,DLK1_NOTCH1,Connective tissue,NOTCH1,DLK1,1.371,0.0
Connective tissue,接收,4,DLK1_NOTCH3,Connective tissue,NOTCH3,DLK1,1.33,0.0
Connective tissue,接收,5,MPZL1_MPZL1,Connective tissue,MPZL1,MPZL1,0.808,0.0
Connective tissue,接收,6,WNT2_SFRP1,Connective tissue,SFRP1,WNT2,0.749,0.0
Connective tissue,接收,7,PDGFC_PDGFRA,Connective tissue,PDGFRA,PDGFC,0.649,0.0
Connective tissue,接收,8,WNT5A_SFRP1,Connective tissue,SFRP1,WNT5A,0.625,0.0
Connective tissue,接收,9,LRFN4_PTPRF,Connective tissue,PTPRF,LRFN4,0.612,0.033
Connective tissue,接收,10,APP_FPR2,Connective tissue,FPR2,APP,0.595,0.001
Connective tissue,接收,11,PDGFA_PDGFRA,Connective tissue,PDGFRA,PDGFA,0.595,0.0
Connective tissue,接收,12,FLRT3_ADGRL2,Connective tissue,ADGRL2,FLRT3,0.592,0.0
Connective tissue,接收,13,EFNA5_EPHA3,Connective tissue,EPHA3,EFNA5,0.567,0.0
Connective tissue,接收,14,WNT5B_SFRP1,Connective tissue,SFRP1,WNT5B,0.549,0.0
Connective tissue,接收,15,CDH2_CDH2,Connective tissue,CDH2,CDH2,0.547,0.0
Connective tissue,接收,16,WNT7B_SFRP1,Connective tissue,SFRP1,WNT7B,0.546,0.0
Connective tissue,接收,17,WNT6_SFRP1,Connective tissue,SFRP1,WNT6,0.545,0.0
Connective tissue,接收,18,WNT4_SFRP1,Connective tissue,SFRP1,WNT4,0.532,0.0
Connective tissue,接收,19,APP_PLXNA4,Connective tissue,PLXNA4,APP,0.521,0.0
Connective tissue,接收,20,EFNA4_EPHA3,Connective tissue,EPHA3,EFNA4,0.513,0.0
Connective tissue,接收,21,APP_TNFRSF21,Connective tissue,TNFRSF21,APP,0.512,0.0
Connective tissue,接收,22,IGF1_IGF1R_enhancerComGPC3,Connective tissue,IGF1R,IGF1,0.481,0.0
Connective tissue,接收,23,IGF1_IGF1R,Connective tissue,IGF1R,IGF1,0.481,0.0
Connective tissue,接收,24,NCAM1_FGFR1,Connective tissue,FGFR1,NCAM1,0.475,0.0
Connective tissue,接收,25,NCAM1_AGRN,Connective tissue,AGRN,NCAM1,0.466,0.005
Connective tissue,接收,26,GJC1_GJC1,Connective tissue,GJC1,GJC1,0.457,0.009
Connective tissue,接收,27,SEMA3A_PlexinA1_complex3,Connective tissue,PlexinA1,SEMA3A,0.446,0.0
Connective tissue,接收,28,SEMA3A_PlexinA2_complex1,Connective tissue,PlexinA2,SEMA3A,0.446,0.0
Connective tissue,接收,29,SEMA3A_NRP1,Connective tissue,NRP1,SEMA3A,0.446,0.0
Connective tissue,接收,30,EFNA2_EPHA3,Connective tissue,EPHA3,EFNA2,0.445,0.0
Connective tissue,接收,31,SLIT2_ROBO1,Connective tissue,ROBO1,SLIT2,0.44,0.004
Connective tissue,接收,32,EFNA1_EPHA3,Connective tissue,EPHA3,EFNA1,0.429,0.0
Connective tissue,接收,33,FLRT3_ADGRL3,Connective tissue,ADGRL3,FLRT3,0.425,0.0
Connective tissue,接收,34,SEMA3A_PlexinA4_complex1,Connective tissue,PlexinA4,SEMA3A,0.414,0.0
Connective tissue,接收,35,TENM3_ADGRL1,Connective tissue,ADGRL1,TENM3,0.405,0.0
Connective tissue,接收,36,WNT2_SFRP2,Connective tissue,SFRP2,WNT2,0.402,0.0
Connective tissue,接收,37,EFNA5_EPHA7,Connective tissue,EPHA7,EFNA5,0.4,0.01
Connective tissue,接收,38,BMP4_BMPR1A_BMPR2,Connective tissue,BMPR1A,BMP4,0.399,0.001
Connective tissue,接收,39,VEGFA_NRP2,Connective tissue,NRP2,VEGFA,0.396,0.0
Connective tissue,接收,40,WNT2_FZD1_LRP6,Connective tissue,FZD1,WNT2,0.391,0.0
Connective tissue,接收,41,WNT2_FZD2_LRP6,Connective tissue,FZD2,WNT2,0.391,0.0
Connective tissue,接收,42,WNT2_FZD3_LRP6,Connective tissue,FZD3,WNT2,0.391,0.0
Connective tissue,接收,43,WNT2_FZD7_LRP6,Connective tissue,FZD7,WNT2,0.391,0.0
Connective tissue,接收,44,JAM3_JAM3,Connective tissue,JAM3,JAM3,0.377,0.009
Connective tissue,接收,45,WNT5A_ROR1,Connective tissue,ROR1,WNT5A,0.375,0.0
Connective tissue,接收,46,SEMA3A_PlexinA3_complex1,Connective tissue,PlexinA3,SEMA3A,0.373,0.0
Connective tissue,接收,47,CDH5_CDH5,Connective tissue,CDH5,CDH5,0.358,0.014
Connective tissue,接收,48,WNT2_FZD1_LRP5,Connective tissue,FZD1,WNT2,0.356,0.0
Connective tissue,接收,49,WNT2_FZD7_LRP5,Connective tissue,FZD7,WNT2,0.356,0.0
Connective tissue,接收,50,WNT2_FZD2_LRP5,Connective tissue,FZD2,WNT2,0.356,0.0
Connective tissue,接收,51,WNT2_FZD3_LRP5,Connective tissue,FZD3,WNT2,0.356,0.0
Connective tissue,接收,52,WNT2_FRZB,Connective tissue,FRZB,WNT2,0.348,0.0
Connective tissue,接收,53,SEMA3F_NRP2,Connective tissue,NRP2,SEMA3F,0.346,0.0
Connective tissue,接收,54,EFNA4_EPHA7,Connective tissue,EPHA7,EFNA4,0.346,0.0
Connective tissue,接收,55,EFNB3_EPHB2,Connective tissue,EPHB2,EFNB3,0.346,0.03
Connective tissue,接收,56,SDC1_ADGRA2,Connective tissue,ADGRA2,SDC1,0.346,0.003
Connective tissue,接收,57,SEMA3C_NRP2,Connective tissue,NRP2,SEMA3C,0.345,0.0
Connective tissue,接收,58,VEGFC_KDR,Connective tissue,KDR,VEGFC,0.345,0.0
Connective tissue,接收,59,SEMA4D_PLXNB2,Connective tissue,PLXNB2,SEMA4D,0.342,0.001
Connective tissue,接收,60,VEGFA_KDR,Connective tissue,KDR,VEGFA,0.342,0.001
Connective tissue,接收,61,TENM3_FLRT3_complex_ADGRL3,Connective tissue,FLRT3,TENM3,0.338,0.014
Connective tissue,接收,62,TENM3_ADGRL3,Connective tissue,ADGRL3,TENM3,0.338,0.03
Connective tissue,接收,63,SLITRK6_PTPRS,Connective tissue,PTPRS,SLITRK6,0.331,0.001
Connective tissue,接收,64,WNT2_FZD10_LRP5,Connective tissue,FZD10,WNT2,0.328,0.0
Connective tissue,接收,65,WNT2_FZD10_LRP6,Connective tissue,FZD10,WNT2,0.328,0.0
Connective tissue,接收,66,EFNB3_EPHA4,Connective tissue,EPHA4,EFNB3,0.325,0.035
Connective tissue,接收,67,BMP4_BMR1A_AVR2B,Connective tissue,BMR1A,BMP4,0.325,0.001
Connective tissue,接收,68,WNT2_FZD4_LRP5,Connective tissue,FZD4,WNT2,0.322,0.0
Connective tissue,接收,69,WNT2_FZD4_LRP6,Connective tissue,FZD4,WNT2,0.322,0.0
Connective tissue,接收,70,WNT2_FZD6_LRP6,Connective tissue,FZD6,WNT2,0.32,0.0
Connective tissue,接收,71,WNT2_FZD6_LRP5,Connective tissue,FZD6,WNT2,0.32,0.0
Connective tissue,接收,72,BMP4_BMR1A_ACR2A,Connective tissue,BMR1A,BMP4,0.319,0.0
Connective tissue,接收,73,SEMA4C_PLXNB2,Connective tissue,PLXNB2,SEMA4C,0.302,0.006
Connective tissue,接收,74,TGFB2_TGFBR3,Connective tissue,TGFBR3,TGFB2,0.3,0.043
Connective tissue,接收,75,EFNB2_EPHB2,Connective tissue,EPHB2,EFNB2,0.294,0.025
Connective tissue,接收,76,EFNB1_EPHB2,Connective tissue,EPHB2,EFNB1,0.287,0.024
Connective tissue,接收,77,RSPO1_LGR4,Connective tissue,LGR4,RSPO1,0.286,0.0
Connective tissue,接收,78,BMP5_BMPR1A_BMPR2,Connective tissue,BMPR1A,BMP5,0.282,0.008
Connective tissue,接收,79,EFNA4_EPHA4,Connective tissue,EPHA4,EFNA4,0.282,0.0
Connective tissue,接收,80,WNT5A_ROR2,Connective tissue,ROR2,WNT5A,0.281,0.004
Connective tissue,接收,81,FLRT2_ADGRL1,Connective tissue,ADGRL1,FLRT2,0.28,0.028
Connective tissue,接收,82,WNT5A_SFRP2,Connective tissue,SFRP2,WNT5A,0.278,0.0
Connective tissue,接收,83,EFNA2_EPHA7,Connective tissue,EPHA7,EFNA2,0.278,0.0
Connective tissue,接收,84,BMP7_BMPR1A_BMPR2,Connective tissue,BMPR1A,BMP7,0.276,0.041
Connective tissue,接收,85,EFNB2_EPHA4,Connective tissue,EPHA4,EFNB2,0.274,0.029
Connective tissue,接收,86,JAG1_NOTCH2,Connective tissue,NOTCH2,JAG1,0.271,0.0
Connective tissue,接收,87,JAG2_NOTCH2,Connective tissue,NOTCH2,JAG2,0.27,0.0
Connective tissue,接收,88,EFNB1_EPHB3,Connective tissue,EPHB3,EFNB1,0.268,0.048
Connective tissue,接收,89,EFNB1_EPHA4,Connective tissue,EPHA4,EFNB1,0.267,0.018
Connective tissue,接收,90,WNT5A_FZD3_LRP6,Connective tissue,FZD3,WNT5A,0.267,0.001
Connective tissue,接收,91,WNT5A_FZD2_LRP6,Connective tissue,FZD2,WNT5A,0.267,0.001
Connective tissue,接收,92,WNT5A_FZD7_LRP6,Connective tissue,FZD7,WNT5A,0.267,0.001
Connective tissue,接收,93,KITLG_KIT,Connective tissue,KIT,KITLG,0.267,0.007
Connective tissue,接收,94,EFNA1_EPHA7,Connective tissue,EPHA7,EFNA1,0.262,0.0
Connective tissue,接收,95,DKK2_LRP6,Connective tissue,LRP6,DKK2,0.249,0.0
Connective tissue,接收,96,TENM2_ADGRL1,Connective tissue,ADGRL1,TENM2,0.236,0.003
Connective tissue,接收,97,TENM2_FLRT3_complex_ADGRL1,Connective tissue,FLRT3,TENM2,0.236,0.003
Connective tissue,接收,98,LPAR1_ADGRE5,Connective tissue,ADGRE5,LPAR1,0.232,0.021
Connective tissue,接收,99,JAM2_JAM3,Connective tissue,JAM3,JAM2,0.23,0.0
Connective tissue,接收,100,SEMA6D_PlexinA1_complex1,Connective tissue,PlexinA1,SEMA6D,0.226,0.012
Connective tissue_1_31_Target,发送,1,IGF2_IGF2R,Connective tissue,IGF2,IGF2R,2.089,0.0
Connective tissue_1_31_Target,发送,2,IGF2_IGF1R,Connective tissue,IGF2,IGF1R,1.698,0.022
Connective tissue_1_31_Target,发送,3,DLK1_NOTCH2,Connective tissue,DLK1,NOTCH2,1.461,0.0
Connective tissue_1_31_Target,发送,4,PPIA_BSG,Connective tissue,PPIA,BSG,1.416,0.0
Connective tissue_1_31_Target,发送,5,DLK1_NOTCH3,Connective tissue,DLK1,NOTCH3,1.375,0.0
Connective tissue_1_31_Target,发送,6,DLK1_NOTCH1,Connective tissue,DLK1,NOTCH1,1.368,0.0
Connective tissue_1_31_Target,发送,7,COL3A1_integrin_a11b1_complex,Connective tissue,COL3A1,integrin,1.127,0.0
Connective tissue_1_31_Target,发送,8,COL3A1_integrin_a1b1_complex,Connective tissue,COL3A1,integrin,1.114,0.0
Connective tissue_1_31_Target,发送,9,LRFN4_PTPRF,Connective tissue,LRFN4,PTPRF,0.848,0.0
Connective tissue_1_31_Target,发送,10,COL1A2_integrin_a11b1_complex,Connective tissue,COL1A2,integrin,0.798,0.0
Connective tissue_1_31_Target,发送,11,COL1A2_integrin_a1b1_complex,Connective tissue,COL1A2,integrin,0.785,0.003
Connective tissue_1_31_Target,发送,12,COL1A1_integrin_a11b1_complex,Connective tissue,COL1A1,integrin,0.778,0.001
Connective tissue_1_31_Target,发送,13,COL1A1_integrin_a1b1_complex,Connective tissue,COL1A1,integrin,0.765,0.012
Connective tissue_1_31_Target,发送,14,COL18A1_integrin_a11b1_complex,Connective tissue,COL18A1,integrin,0.76,0.014
Connective tissue_1_31_Target,发送,15,MPZL1_MPZL1,Connective tissue,MPZL1,MPZL1,0.749,0.004
Connective tissue_1_31_Target,发送,16,FLRT3_ADGRL2,Connective tissue,FLRT3,ADGRL2,0.638,0.0
Connective tissue_1_31_Target,发送,17,NCAM1_AGRN,Connective tissue,NCAM1,AGRN,0.614,0.0
Connective tissue_1_31_Target,发送,18,APP_PLXNA4,Connective tissue,APP,PLXNA4,0.603,0.0
Connective tissue_1_31_Target,发送,19,APP_FPR2,Connective tissue,APP,FPR2,0.597,0.006
Connective tissue_1_31_Target,发送,20,WNT2_SFRP1,Connective tissue,WNT2,SFRP1,0.576,0.0
Connective tissue_1_31_Target,发送,21,COL5A2_integrin_a11b1_complex,Connective tissue,COL5A2,integrin,0.555,0.0
Connective tissue_1_31_Target,发送,22,TENM3_ADGRL2,Connective tissue,TENM3,ADGRL2,0.551,0.015
Connective tissue_1_31_Target,发送,23,COL5A2_integrin_a1b1_complex,Connective tissue,COL5A2,integrin,0.542,0.0
Connective tissue_1_31_Target,发送,24,APLP2_PLXNA4,Connective tissue,APLP2,PLXNA4,0.526,0.0
Connective tissue_1_31_Target,发送,25,IGF1_IGF1R_enhancerComGPC3,Connective tissue,IGF1,IGF1R,0.475,0.011
Connective tissue_1_31_Target,发送,26,IGF1_IGF1R,Connective tissue,IGF1,IGF1R,0.475,0.011
Connective tissue_1_31_Target,发送,27,SEMA3A_PlexinA4_complex1,Connective tissue,SEMA3A,PlexinA4,0.464,0.0
Connective tissue_1_31_Target,发送,28,SEMA3A_PlexinA1_complex3,Connective tissue,SEMA3A,PlexinA1,0.464,0.0
Connective tissue_1_31_Target,发送,29,SEMA3A_PlexinA2_complex1,Connective tissue,SEMA3A,PlexinA2,0.464,0.0
Connective tissue_1_31_Target,发送,30,SEMA3A_NRP1,Connective tissue,SEMA3A,NRP1,0.464,0.0
Connective tissue_1_31_Target,发送,31,TGFB2_TGFBR3,Connective tissue,TGFB2,TGFBR3,0.462,0.0
Connective tissue_1_31_Target,发送,32,TENM3_ADGRL1,Connective tissue,TENM3,ADGRL1,0.417,0.003
Connective tissue_1_31_Target,发送,33,CDH3_CDH3,Connective tissue,CDH3,CDH3,0.415,0.0
Connective tissue_1_31_Target,发送,34,BMP4_BMPR1A_BMPR2,Connective tissue,BMP4,BMPR1A,0.414,0.001
Connective tissue_1_31_Target,发送,35,WNT2_FZD7_LRP5,Connective tissue,WNT2,FZD7,0.404,0.0
Connective tissue_1_31_Target,发送,36,WNT2_FZD2_LRP5,Connective tissue,WNT2,FZD2,0.404,0.0
Connective tissue_1_31_Target,发送,37,WNT2_FZD3_LRP5,Connective tissue,WNT2,FZD3,0.404,0.0
Connective tissue_1_31_Target,发送,38,TENM2_FLRT3_complex_ADGRL2,Connective tissue,TENM2,FLRT3,0.383,0.017
Connective tissue_1_31_Target,发送,39,TENM2_ADGRL2,Connective tissue,TENM2,ADGRL2,0.383,0.017
Connective tissue_1_31_Target,发送,40,SEMA4D_PLXNB2,Connective tissue,SEMA4D,PLXNB2,0.379,0.001
Connective tissue_1_31_Target,发送,41,SDC1_ADGRA2,Connective tissue,SDC1,ADGRA2,0.367,0.005
Connective tissue_1_31_Target,发送,42,COL19A1_integrin_a11b1_complex,Connective tissue,COL19A1,integrin,0.365,0.023
Connective tissue_1_31_Target,发送,43,ANGPT1_TEK,Connective tissue,ANGPT1,TEK,0.358,0.0
Connective tissue_1_31_Target,发送,44,WNT2_SFRP2,Connective tissue,WNT2,SFRP2,0.352,0.0
Connective tissue_1_31_Target,发送,45,WNT2_FZD1_LRP5,Connective tissue,WNT2,FZD1,0.351,0.0
Connective tissue_1_31_Target,发送,46,SLITRK6_PTPRS,Connective tissue,SLITRK6,PTPRS,0.349,0.008
Connective tissue_1_31_Target,发送,47,SEMA4C_PLXNB2,Connective tissue,SEMA4C,PLXNB2,0.338,0.009
Connective tissue_1_31_Target,发送,48,COL5A1_integrin_a11b1_complex,Connective tissue,COL5A1,integrin,0.334,0.005
Connective tissue_1_31_Target,发送,49,WNT2_FZD1_LRP6,Connective tissue,WNT2,FZD1,0.328,0.0
Connective tissue_1_31_Target,发送,50,WNT2_FZD2_LRP6,Connective tissue,WNT2,FZD2,0.328,0.0
Connective tissue_1_31_Target,发送,51,WNT2_FZD3_LRP6,Connective tissue,WNT2,FZD3,0.328,0.0
Connective tissue_1_31_Target,发送,52,WNT2_FZD7_LRP6,Connective tissue,WNT2,FZD7,0.328,0.0
Connective tissue_1_31_Target,发送,53,WNT2_FZD8_LRP6,Connective tissue,WNT2,FZD8,0.325,0.0
Connective tissue_1_31_Target,发送,54,WNT2_FZD8_LRP5,Connective tissue,WNT2,FZD8,0.325,0.0
Connective tissue_1_31_Target,发送,55,LRPAP1_SORT1,Connective tissue,LRPAP1,SORT1,0.314,0.015
Connective tissue_1_31_Target,发送,56,BMP5_BMPR1A_BMPR2,Connective tissue,BMP5,BMPR1A,0.297,0.022
Connective tissue_1_31_Target,发送,57,FLRT2_ADGRL1,Connective tissue,FLRT2,ADGRL1,0.292,0.03
Connective tissue_1_31_Target,发送,58,BMP7_BMPR1A_BMPR2,Connective tissue,BMP7,BMPR1A,0.291,0.049
Connective tissue_1_31_Target,发送,59,WNT5A_ROR1,Connective tissue,WNT5A,ROR1,0.284,0.042
Connective tissue_1_31_Target,发送,60,WNT5A_FZD3_LRP5,Connective tissue,WNT5A,FZD3,0.28,0.004
Connective tissue_1_31_Target,发送,61,WNT5A_FZD2_LRP5,Connective tissue,WNT5A,FZD2,0.28,0.004
Connective tissue_1_31_Target,发送,62,WNT5A_FZD7_LRP5,Connective tissue,WNT5A,FZD7,0.28,0.004
Connective tissue_1_31_Target,发送,63,COL26A1_integrin_a11b1_complex,Connective tissue,COL26A1,integrin,0.271,0.0
Connective tissue_1_31_Target,发送,64,JAG1_NOTCH2,Connective tissue,JAG1,NOTCH2,0.264,0.02
Connective tissue_1_31_Target,发送,65,COL4A5_integrin_a11b1_complex,Connective tissue,COL4A5,integrin,0.263,0.007
Connective tissue_1_31_Target,发送,66,JAG2_NOTCH2,Connective tissue,JAG2,NOTCH2,0.263,0.02
Connective tissue_1_31_Target,发送,67,RSPO1_LGR4,Connective tissue,RSPO1,LGR4,0.259,0.041
Connective tissue_1_31_Target,发送,68,COL26A1_integrin_a1b1_complex,Connective tissue,COL26A1,integrin,0.258,0.021
Connective tissue_1_31_Target,发送,69,DSC2_DSG2,Connective tissue,DSC2,DSG2,0.258,0.0
Connective tissue_1_31_Target,发送,70,SDC2_ADGRA2,Connective tissue,SDC2,ADGRA2,0.253,0.037
Connective tissue_1_31_Target,发送,71,TGFB2_TGFbeta_receptor1,Connective tissue,TGFB2,TGFbeta,0.248,0.0
Connective tissue_1_31_Target,发送,72,TGFB2_TGFbeta_receptor2,Connective tissue,TGFB2,TGFbeta,0.248,0.0
Connective tissue_1_31_Target,发送,73,TENM2_ADGRL1,Connective tissue,TENM2,ADGRL1,0.248,0.005
Connective tissue_1_31_Target,发送,74,TENM2_FLRT3_complex_ADGRL1,Connective tissue,TENM2,FLRT3,0.248,0.005
Connective tissue_1_31_Target,发送,75,IGFBP3_TMEM219,Connective tissue,IGFBP3,TMEM219,0.247,0.029
Connective tissue_1_31_Target,发送,76,SEMA6D_PlexinA1_complex1,Connective tissue,SEMA6D,PlexinA1,0.24,0.015
Connective tissue_1_31_Target,发送,77,BMP5_ACVR1_BMPR2,Connective tissue,BMP5,ACVR1,0.211,0.007
Connective tissue_1_31_Target,发送,78,RSPO1_Kremen1_LRP6,Connective tissue,RSPO1,Kremen1,0.205,0.0
Connective tissue_1_31_Target,发送,79,BMP7_ACVR1_BMPR2,Connective tissue,BMP7,ACVR1,0.205,0.031
Connective tissue_1_31_Target,发送,80,SEMA4D_PLXNB1,Connective tissue,SEMA4D,PLXNB1,0.204,0.047
Connective tissue_1_31_Target,发送,81,WNT5A_FZD8_LRP6,Connective tissue,WNT5A,FZD8,0.201,0.007
Connective tissue_1_31_Target,发送,82,RSPO1_FZD8_LRP6,Connective tissue,RSPO1,FZD8,0.201,0.0
Connective tissue_1_31_Target,发送,83,WNT5A_FZD8_LRP5,Connective tissue,WNT5A,FZD8,0.201,0.008
Connective tissue_1_31_Target,发送,84,WNT5A_FDZ8_RYK,Connective tissue,WNT5A,FDZ8,0.201,0.008
Connective tissue_1_31_Target,发送,85,WNT7B_FZD3_LRP5,Connective tissue,WNT7B,FZD3,0.201,0.022
Connective tissue_1_31_Target,发送,86,WNT7B_FZD2_LRP5,Connective tissue,WNT7B,FZD2,0.201,0.024
Connective tissue_1_31_Target,发送,87,WNT7B_FZD7_LRP5,Connective tissue,WNT7B,FZD7,0.201,0.024
Connective tissue_1_31_Target,发送,88,COL4A6_integrin_a11b1_complex,Connective tissue,COL4A6,integrin,0.192,0.001
Connective tissue_1_31_Target,发送,89,BMP5_ACVR_1A2B_receptor,Connective tissue,BMP5,ACVR,0.19,0.03
Connective tissue_1_31_Target,发送,90,WNT4_FZD2_LRP5,Connective tissue,WNT4,FZD2,0.187,0.036
Connective tissue_1_31_Target,发送,91,WNT4_FZD3_LRP5,Connective tissue,WNT4,FZD3,0.187,0.035
Connective tissue_1_31_Target,发送,92,WNT4_FZD7_LRP5,Connective tissue,WNT4,FZD7,0.187,0.036
Connective tissue_1_31_Target,发送,93,SOSTDC1_LRP5,Connective tissue,SOSTDC1,LRP5,0.187,0.019
Connective tissue_1_31_Target,发送,94,DKK2_Kremen2_LRP6,Connective tissue,DKK2,Kremen2,0.186,0.0
Connective tissue_1_31_Target,发送,95,JAG2_NOTCH3,Connective tissue,JAG2,NOTCH3,0.177,0.049
Connective tissue_1_31_Target,发送,96,COL9A1_integrin_a11b1_complex,Connective tissue,COL9A1,integrin,0.175,0.006
Connective tissue_1_31_Target,发送,97,COL11A1_integrin_a11b1_complex,Connective tissue,COL11A1,integrin,0.159,0.041
Connective tissue_1_31_Target,发送,98,VEGFC_FLT4,Connective tissue,VEGFC,FLT4,0.153,0.023
Connective tissue_1_31_Target,发送,99,GDF11_ACVR_1B2B_receptor,Connective tissue,GDF11,ACVR,0.149,0.004
Connective tissue_1_31_Target,发送,100,COL14A1_integrin_a11b1_complex,Connective tissue,COL14A1,integrin,0.139,0.0
Connective tissue_1_31_Target,接收,1,IGF2_IGF2R,Connective tissue,IGF2R,IGF2,2.277,0.0
Connective tissue_1_31_Target,接收,2,IGF2_IGF1R,Connective tissue,IGF1R,IGF2,2.108,0.0
Connective tissue_1_31_Target,接收,3,DLK1_NOTCH2,Connective tissue,NOTCH2,DLK1,1.624,0.0
Connective tissue_1_31_Target,接收,4,DLK1_NOTCH1,Connective tissue,NOTCH1,DLK1,1.526,0.0
Connective tissue_1_31_Target,接收,5,DLK1_NOTCH3,Connective tissue,NOTCH3,DLK1,1.486,0.0
Connective tissue_1_31_Target,接收,6,FN1_integrin_aVb1_complex,Connective tissue,integrin,FN1,1.297,0.0
Connective tissue_1_31_Target,接收,7,FN1_integrin_aVb5_complex,Connective tissue,integrin,FN1,1.297,0.0
Connective tissue_1_31_Target,接收,8,FN1_integrin_a8b1_complex,Connective tissue,integrin,FN1,1.234,0.0
Connective tissue_1_31_Target,接收,9,FN1_integrin_a3b1_complex,Connective tissue,integrin,FN1,1.197,0.0
Connective tissue_1_31_Target,接收,10,FN1_integrin_a4b1_complex,Connective tissue,integrin,FN1,1.181,0.0
Connective tissue_1_31_Target,接收,11,APP_FPR2,Connective tissue,FPR2,APP,0.936,0.0
Connective tissue_1_31_Target,接收,12,APP_PLXNA4,Connective tissue,PLXNA4,APP,0.861,0.0
Connective tissue_1_31_Target,接收,13,APP_TNFRSF21,Connective tissue,TNFRSF21,APP,0.853,0.0
Connective tissue_1_31_Target,接收,14,MPZL1_MPZL1,Connective tissue,MPZL1,MPZL1,0.749,0.004
Connective tissue_1_31_Target,接收,15,WNT6_SFRP1,Connective tissue,SFRP1,WNT6,0.723,0.0
Connective tissue_1_31_Target,接收,16,WNT2_SFRP1,Connective tissue,SFRP1,WNT2,0.705,0.0
Connective tissue_1_31_Target,接收,17,PDGFA_PDGFRA,Connective tissue,PDGFRA,PDGFA,0.702,0.0
Connective tissue_1_31_Target,接收,18,DAG1_NRXN3,Connective tissue,NRXN3,DAG1,0.687,0.0
Connective tissue_1_31_Target,接收,19,WNT5A_SFRP1,Connective tissue,SFRP1,WNT5A,0.641,0.0
Connective tissue_1_31_Target,接收,20,WNT7B_SFRP1,Connective tissue,SFRP1,WNT7B,0.629,0.0
Connective tissue_1_31_Target,接收,21,CADM1_NECTIN3,Connective tissue,NECTIN3,CADM1,0.623,0.007
Connective tissue_1_31_Target,接收,22,FLRT3_ADGRL2,Connective tissue,ADGRL2,FLRT3,0.612,0.002
Connective tissue_1_31_Target,接收,23,WNT4_SFRP1,Connective tissue,SFRP1,WNT4,0.608,0.0
Connective tissue_1_31_Target,接收,24,PDGFC_PDGFRA,Connective tissue,PDGFRA,PDGFC,0.594,0.002
Connective tissue_1_31_Target,接收,25,EFNA5_EPHA3,Connective tissue,EPHA3,EFNA5,0.582,0.0
Connective tissue_1_31_Target,接收,26,WNT7A_SFRP1,Connective tissue,SFRP1,WNT7A,0.579,0.0
Connective tissue_1_31_Target,接收,27,Cholesterol_byDHCR24_RORA,Connective tissue,byDHCR24,Cholesterol,0.577,0.0
Connective tissue_1_31_Target,接收,28,AGRN_PTPRS,Connective tissue,PTPRS,AGRN,0.577,0.0
Connective tissue_1_31_Target,接收,29,LAMC1_integrin_a6b1_complex,Connective tissue,integrin,LAMC1,0.577,0.002
Connective tissue_1_31_Target,接收,30,APLP2_PLXNA4,Connective tissue,PLXNA4,APLP2,0.562,0.0
Connective tissue_1_31_Target,接收,31,WNT5B_SFRP1,Connective tissue,SFRP1,WNT5B,0.558,0.0
Connective tissue_1_31_Target,接收,32,EFNB3_EPHB2,Connective tissue,EPHB2,EFNB3,0.506,0.0
Connective tissue_1_31_Target,接收,33,EFNB3_EPHB4,Connective tissue,EPHB4,EFNB3,0.492,0.0
Connective tissue_1_31_Target,接收,34,EFNB3_EPHB3,Connective tissue,EPHB3,EFNB3,0.486,0.0
Connective tissue_1_31_Target,接收,35,EFNB3_EPHA4,Connective tissue,EPHA4,EFNB3,0.485,0.0
Connective tissue_1_31_Target,接收,36,NECTIN2_NECTIN3,Connective tissue,NECTIN3,NECTIN2,0.484,0.011
Connective tissue_1_31_Target,接收,37,BMP4_BMPR1A_BMPR2,Connective tissue,BMPR1A,BMP4,0.48,0.0
Connective tissue_1_31_Target,接收,38,SEMA3E_PLXND1,Connective tissue,PLXND1,SEMA3E,0.447,0.0
Connective tissue_1_31_Target,接收,39,FLRT3_ADGRL3,Connective tissue,ADGRL3,FLRT3,0.446,0.001
Connective tissue_1_31_Target,接收,40,EFNA1_EPHA3,Connective tissue,EPHA3,EFNA1,0.437,0.0
Connective tissue_1_31_Target,接收,41,EFNB1_EPHB2,Connective tissue,EPHB2,EFNB1,0.431,0.0
Connective tissue_1_31_Target,接收,42,EFNA2_EPHA3,Connective tissue,EPHA3,EFNA2,0.431,0.0
Connective tissue_1_31_Target,接收,43,EFNB2_EPHB2,Connective tissue,EPHB2,EFNB2,0.431,0.0
Connective tissue_1_31_Target,接收,44,EFNB2_EPHB4,Connective tissue,EPHB4,EFNB2,0.418,0.0
Connective tissue_1_31_Target,接收,45,EFNB1_EPHB4,Connective tissue,EPHB4,EFNB1,0.417,0.0
Connective tissue_1_31_Target,接收,46,CDH3_CDH3,Connective tissue,CDH3,CDH3,0.415,0.0
Connective tissue_1_31_Target,接收,47,EFNA5_EPHA7,Connective tissue,EPHA7,EFNA5,0.415,0.024
Connective tissue_1_31_Target,接收,48,DKK2_LRP6,Connective tissue,LRP6,DKK2,0.413,0.0
Connective tissue_1_31_Target,接收,49,EFNB2_EPHB3,Connective tissue,EPHB3,EFNB2,0.411,0.0
Connective tissue_1_31_Target,接收,50,EFNB1_EPHB3,Connective tissue,EPHB3,EFNB1,0.411,0.0
Connective tissue_1_31_Target,接收,51,EFNB2_EPHA4,Connective tissue,EPHA4,EFNB2,0.411,0.0
Connective tissue_1_31_Target,接收,52,EFNB1_EPHA4,Connective tissue,EPHA4,EFNB1,0.41,0.0
Connective tissue_1_31_Target,接收,53,EFNA4_EPHA3,Connective tissue,EPHA3,EFNA4,0.409,0.0
Connective tissue_1_31_Target,接收,54,BMP4_BMR1A_AVR2B,Connective tissue,BMR1A,BMP4,0.406,0.0
Connective tissue_1_31_Target,接收,55,BMP4_BMR1A_ACR2A,Connective tissue,BMR1A,BMP4,0.4,0.0
Connective tissue_1_31_Target,接收,56,SEMA3C_NRP2,Connective tissue,NRP2,SEMA3C,0.399,0.0
Connective tissue_1_31_Target,接收,57,WNT5A_ROR1,Connective tissue,ROR1,WNT5A,0.391,0.0
Connective tissue_1_31_Target,接收,58,VEGFA_NRP2,Connective tissue,NRP2,VEGFA,0.385,0.0
Connective tissue_1_31_Target,接收,59,WNT6_SFRP2,Connective tissue,SFRP2,WNT6,0.376,0.0
Connective tissue_1_31_Target,接收,60,WNT6_FZD1_LRP6,Connective tissue,FZD1,WNT6,0.366,0.0
Connective tissue_1_31_Target,接收,61,WNT6_FZD7_LRP6,Connective tissue,FZD7,WNT6,0.366,0.0
Connective tissue_1_31_Target,接收,62,WNT6_FZD3_LRP6,Connective tissue,FZD3,WNT6,0.366,0.0
Connective tissue_1_31_Target,接收,63,WNT6_FZD2_LRP6,Connective tissue,FZD2,WNT6,0.366,0.0
Connective tissue_1_31_Target,接收,64,PGF_NRP2,Connective tissue,NRP2,PGF,0.361,0.0
Connective tissue_1_31_Target,接收,65,WNT2_SFRP2,Connective tissue,SFRP2,WNT2,0.358,0.0
Connective tissue_1_31_Target,接收,66,NECTIN1_NECTIN3,Connective tissue,NECTIN3,NECTIN1,0.358,0.019
Connective tissue_1_31_Target,接收,67,WNT2_FZD1_LRP6,Connective tissue,FZD1,WNT2,0.347,0.0
Connective tissue_1_31_Target,接收,68,WNT2_FZD2_LRP6,Connective tissue,FZD2,WNT2,0.347,0.0
Connective tissue_1_31_Target,接收,69,WNT2_FZD3_LRP6,Connective tissue,FZD3,WNT2,0.347,0.0
Connective tissue_1_31_Target,接收,70,WNT2_FZD7_LRP6,Connective tissue,FZD7,WNT2,0.347,0.0
Connective tissue_1_31_Target,接收,71,BMP2_BMPR1A_BMPR2,Connective tissue,BMPR1A,BMP2,0.34,0.0
Connective tissue_1_31_Target,接收,72,TENM4_FLRT3_complex_ADGRL1,Connective tissue,FLRT3,TENM4,0.336,0.025
Connective tissue_1_31_Target,接收,73,TENM4_ADGRL1,Connective tissue,ADGRL1,TENM4,0.336,0.03
Connective tissue_1_31_Target,接收,74,WNT6_FZD1_LRP5,Connective tissue,FZD1,WNT6,0.331,0.0
Connective tissue_1_31_Target,接收,75,WNT6_FZD7_LRP5,Connective tissue,FZD7,WNT6,0.331,0.0
Connective tissue_1_31_Target,接收,76,WNT6_FZD3_LRP5,Connective tissue,FZD3,WNT6,0.331,0.0
Connective tissue_1_31_Target,接收,77,WNT6_FZD2_LRP5,Connective tissue,FZD2,WNT6,0.331,0.0
Connective tissue_1_31_Target,接收,78,VEGFA_KDR,Connective tissue,KDR,VEGFA,0.331,0.012
Connective tissue_1_31_Target,接收,79,SEMA4D_PLXNB2,Connective tissue,PLXNB2,SEMA4D,0.324,0.026
Connective tissue_1_31_Target,接收,80,WNT6_FRZB,Connective tissue,FRZB,WNT6,0.322,0.0
Connective tissue_1_31_Target,接收,81,NTN1_UNC5B,Connective tissue,UNC5B,NTN1,0.319,0.006
Connective tissue_1_31_Target,接收,82,BMP5_BMPR1A_BMPR2,Connective tissue,BMPR1A,BMP5,0.313,0.0
Connective tissue_1_31_Target,接收,83,WNT2_FZD1_LRP5,Connective tissue,FZD1,WNT2,0.313,0.002
Connective tissue_1_31_Target,接收,84,WNT2_FZD7_LRP5,Connective tissue,FZD7,WNT2,0.313,0.002
Connective tissue_1_31_Target,接收,85,WNT2_FZD2_LRP5,Connective tissue,FZD2,WNT2,0.313,0.002
Connective tissue_1_31_Target,接收,86,WNT2_FZD3_LRP5,Connective tissue,FZD3,WNT2,0.313,0.002
Connective tissue_1_31_Target,接收,87,Glutamate_byGLS_and_SLC1A3_GRM7,Connective tissue,byGLS,Glutamate,0.306,0.0
Connective tissue_1_31_Target,接收,88,Cholesterol_byLIPA_RORA,Connective tissue,byLIPA,Cholesterol,0.306,0.0
Connective tissue_1_31_Target,接收,89,WNT2_FRZB,Connective tissue,FRZB,WNT2,0.304,0.0
Connective tissue_1_31_Target,接收,90,SEMA4C_PLXNB2,Connective tissue,PLXNB2,SEMA4C,0.304,0.022
Connective tissue_1_31_Target,接收,91,BMP7_BMPR1A_BMPR2,Connective tissue,BMPR1A,BMP7,0.304,0.017
Connective tissue_1_31_Target,接收,92,SDC2_ADGRA2,Connective tissue,ADGRA2,SDC2,0.303,0.0
Connective tissue_1_31_Target,接收,93,LRPAP1_SORT1,Connective tissue,SORT1,LRPAP1,0.303,0.022
Connective tissue_1_31_Target,接收,94,WNT6_FZD10_LRP5,Connective tissue,FZD10,WNT6,0.302,0.0
Connective tissue_1_31_Target,接收,95,WNT6_FZD10_LRP6,Connective tissue,FZD10,WNT6,0.302,0.0
Connective tissue_1_31_Target,接收,96,NTN1_UNC5C,Connective tissue,UNC5C,NTN1,0.299,0.041
Connective tissue_1_31_Target,接收,97,WNT5A_ROR2,Connective tissue,ROR2,WNT5A,0.297,0.006
Connective tissue_1_31_Target,接收,98,WNT6_FZD4_LRP6,Connective tissue,FZD4,WNT6,0.296,0.0
Connective tissue_1_31_Target,接收,99,WNT6_FZD4_LRP5,Connective tissue,FZD4,WNT6,0.296,0.0
Connective tissue_1_31_Target,接收,100,WNT6_FZD6_LRP6,Connective tissue,FZD6,WNT6,0.295,0.0
Dermomyotome,发送,1,DLK1_NOTCH2,Connective tissue,DLK1,NOTCH2,1.449,0.0
Dermomyotome,发送,2,DLK1_NOTCH1,Connective tissue,DLK1,NOTCH1,1.427,0.0
Dermomyotome,发送,3,DLK1_NOTCH3,Connective tissue,DLK1,NOTCH3,1.398,0.0
Dermomyotome,发送,4,CADM1_CADM1,Connective tissue,CADM1,CADM1,0.868,0.0
Dermomyotome,发送,5,FLRT3_ADGRL2,Connective tissue,FLRT3,ADGRL2,0.733,0.0
Dermomyotome,发送,6,MPZL1_MPZL1,Connective tissue,MPZL1,MPZL1,0.715,0.009
Dermomyotome,发送,7,TENM3_ADGRL2,Connective tissue,TENM3,ADGRL2,0.646,0.0
Dermomyotome,发送,8,APP_FPR2,Connective tissue,APP,FPR2,0.624,0.0
Dermomyotome,发送,9,LAMC1_integrin_a6b1_complex,Connective tissue,LAMC1,integrin,0.606,0.0
Dermomyotome,发送,10,CADM1_NECTIN3,Connective tissue,CADM1,NECTIN3,0.591,0.018
Dermomyotome,发送,11,TENM4_ADGRL2,Connective tissue,TENM4,ADGRL2,0.54,0.0
Dermomyotome,发送,12,CDH2_CDH2,Connective tissue,CDH2,CDH2,0.528,0.0
Dermomyotome,发送,13,NECTIN2_NECTIN3,Connective tissue,NECTIN2,NECTIN3,0.525,0.0
Dermomyotome,发送,14,APP_TNFRSF21,Connective tissue,APP,TNFRSF21,0.523,0.003
Dermomyotome,发送,15,NCAM1_FGFR1,Connective tissue,NCAM1,FGFR1,0.501,0.0
Dermomyotome,发送,16,AGRN_PTPRS,Connective tissue,AGRN,PTPRS,0.488,0.029
Dermomyotome,发送,17,TENM2_FLRT3_complex_ADGRL2,Connective tissue,TENM2,FLRT3,0.477,0.0
Dermomyotome,发送,18,TENM2_ADGRL2,Connective tissue,TENM2,ADGRL2,0.477,0.0
Dermomyotome,发送,19,EFNA5_EPHA3,Connective tissue,EFNA5,EPHA3,0.451,0.019
Dermomyotome,发送,20,GJC1_GJC1,Connective tissue,GJC1,GJC1,0.447,0.006
Dermomyotome,发送,21,NECTIN1_NECTIN3,Connective tissue,NECTIN1,NECTIN3,0.441,0.0
Dermomyotome,发送,22,WNT2_FZD1_LRP5,Connective tissue,WNT2,FZD1,0.436,0.0
Dermomyotome,发送,23,WNT2_FZD7_LRP5,Connective tissue,WNT2,FZD7,0.436,0.0
Dermomyotome,发送,24,WNT2_FZD2_LRP5,Connective tissue,WNT2,FZD2,0.436,0.0
Dermomyotome,发送,25,WNT2_FZD3_LRP5,Connective tissue,WNT2,FZD3,0.436,0.0
Dermomyotome,发送,26,JAM3_JAM3,Connective tissue,JAM3,JAM3,0.436,0.0
Dermomyotome,发送,27,FLRT3_ADGRL3,Connective tissue,FLRT3,ADGRL3,0.435,0.0
Dermomyotome,发送,28,WNT2_SFRP2,Connective tissue,WNT2,SFRP2,0.408,0.0
Dermomyotome,发送,29,EFNA4_EPHA3,Connective tissue,EFNA4,EPHA3,0.397,0.002
Dermomyotome,发送,30,SLITRK6_PTPRS,Connective tissue,SLITRK6,PTPRS,0.391,0.0
Dermomyotome,发送,31,BMP4_BMR1A_AVR2B,Connective tissue,BMP4,BMR1A,0.372,0.0
Dermomyotome,发送,32,LRFN4_PTPRS,Connective tissue,LRFN4,PTPRS,0.364,0.001
Dermomyotome,发送,33,EFNB3_EPHB2,Connective tissue,EFNB3,EPHB2,0.356,0.035
Dermomyotome,发送,34,TENM3_FLRT3_complex_ADGRL3,Connective tissue,TENM3,FLRT3,0.348,0.016
Dermomyotome,发送,35,TENM3_ADGRL3,Connective tissue,TENM3,ADGRL3,0.348,0.03
Dermomyotome,发送,36,WNT2_FZD1_LRP6,Connective tissue,WNT2,FZD1,0.342,0.0
Dermomyotome,发送,37,WNT2_FZD2_LRP6,Connective tissue,WNT2,FZD2,0.342,0.0
Dermomyotome,发送,38,WNT2_FZD3_LRP6,Connective tissue,WNT2,FZD3,0.342,0.0
Dermomyotome,发送,39,WNT2_FZD7_LRP6,Connective tissue,WNT2,FZD7,0.342,0.0
Dermomyotome,发送,40,EFNA2_EPHA3,Connective tissue,EFNA2,EPHA3,0.329,0.004
Dermomyotome,发送,41,SLITRK5_PTPRS,Connective tissue,SLITRK5,PTPRS,0.327,0.003
Dermomyotome,发送,42,RSPO1_LGR4,Connective tissue,RSPO1,LGR4,0.326,0.0
Dermomyotome,发送,43,EFNA1_EPHA3,Connective tissue,EFNA1,EPHA3,0.313,0.002
Dermomyotome,发送,44,WNT5A_FZD3_LRP5,Connective tissue,WNT5A,FZD3,0.312,0.0
Dermomyotome,发送,45,WNT5A_FZD2_LRP5,Connective tissue,WNT5A,FZD2,0.312,0.0
Dermomyotome,发送,46,WNT5A_FZD7_LRP5,Connective tissue,WNT5A,FZD7,0.312,0.0
Dermomyotome,发送,47,VCAM1_integrin_a9b1_complex,Connective tissue,VCAM1,integrin,0.306,0.019
Dermomyotome,发送,48,EFNB2_EPHB2,Connective tissue,EFNB2,EPHB2,0.304,0.049
Dermomyotome,发送,49,EFNB1_EPHB2,Connective tissue,EFNB1,EPHB2,0.298,0.026
Dermomyotome,发送,50,TNC_integrin_a9b1_complex,Connective tissue,TNC,integrin,0.296,0.03
Dermomyotome,发送,51,JAM2_JAM3,Connective tissue,JAM2,JAM3,0.289,0.0
Dermomyotome,发送,52,WNT5A_SFRP2,Connective tissue,WNT5A,SFRP2,0.284,0.001
Dermomyotome,发送,53,EFNA4_EPHA4,Connective tissue,EFNA4,EPHA4,0.273,0.008
Dermomyotome,发送,54,BMP4_BMPR1B_BMPR2,Connective tissue,BMP4,BMPR1B,0.261,0.0
Dermomyotome,发送,55,BMP4_BMR1B_AVR2A,Connective tissue,BMP4,BMR1B,0.261,0.0
Dermomyotome,发送,56,BMP4_BMR1B_AVR2B,Connective tissue,BMP4,BMR1B,0.261,0.0
Dermomyotome,发送,57,GDF11_TGFR_AVR2B,Connective tissue,GDF11,TGFR,0.258,0.0
Dermomyotome,发送,58,BMP5_BMR1A_AVR2B,Connective tissue,BMP5,BMR1A,0.255,0.003
Dermomyotome,发送,59,JAG1_NOTCH2,Connective tissue,JAG1,NOTCH2,0.252,0.033
Dermomyotome,发送,60,JAG2_NOTCH2,Connective tissue,JAG2,NOTCH2,0.251,0.027
Dermomyotome,发送,61,BMP7_BMR1A_AVR2B,Connective tissue,BMP7,BMR1A,0.249,0.018
Dermomyotome,发送,62,WNT5B_FZD2_LRP5,Connective tissue,WNT5B,FZD2,0.237,0.001
Dermomyotome,发送,63,WNT5B_FZD3_LRP5,Connective tissue,WNT5B,FZD3,0.237,0.001
Dermomyotome,发送,64,WNT5B_FZD7_LRP5,Connective tissue,WNT5B,FZD7,0.237,0.001
Dermomyotome,发送,65,WNT5B_FZD1_LRP5,Connective tissue,WNT5B,FZD1,0.237,0.001
Dermomyotome,发送,66,WNT7B_FZD1_LRP5,Connective tissue,WNT7B,FZD1,0.234,0.0
Dermomyotome,发送,67,WNT7B_FZD3_LRP5,Connective tissue,WNT7B,FZD3,0.234,0.0
Dermomyotome,发送,68,WNT7B_FZD2_LRP5,Connective tissue,WNT7B,FZD2,0.234,0.0
Dermomyotome,发送,69,WNT7B_FZD7_LRP5,Connective tissue,WNT7B,FZD7,0.234,0.0
Dermomyotome,发送,70,WNT6_FZD1_LRP5,Connective tissue,WNT6,FZD1,0.233,0.001
Dermomyotome,发送,71,WNT6_FZD7_LRP5,Connective tissue,WNT6,FZD7,0.233,0.004
Dermomyotome,发送,72,WNT6_FZD3_LRP5,Connective tissue,WNT6,FZD3,0.233,0.004
Dermomyotome,发送,73,WNT6_FZD2_LRP5,Connective tissue,WNT6,FZD2,0.233,0.004
Dermomyotome,发送,74,CD248_IL6R,Connective tissue,CD248,IL6R,0.232,0.0
Dermomyotome,发送,75,JAG1_NOTCH1,Connective tissue,JAG1,NOTCH1,0.23,0.015
Dermomyotome,发送,76,JAG2_NOTCH1,Connective tissue,JAG2,NOTCH1,0.229,0.009
Dermomyotome,发送,77,SOSTDC1_LRP5,Connective tissue,SOSTDC1,LRP5,0.22,0.0
Dermomyotome,发送,78,WNT4_FZD2_LRP5,Connective tissue,WNT4,FZD2,0.219,0.0
Dermomyotome,发送,79,WNT4_FZD3_LRP5,Connective tissue,WNT4,FZD3,0.219,0.0
Dermomyotome,发送,80,WNT4_FZD7_LRP5,Connective tissue,WNT4,FZD7,0.219,0.0
Dermomyotome,发送,81,WNT4_FZD1_LRP5,Connective tissue,WNT4,FZD1,0.219,0.0
Dermomyotome,发送,82,RSPO1_Kremen1_LRP6,Connective tissue,RSPO1,Kremen1,0.218,0.0
Dermomyotome,发送,83,Glutamate_byGLS_and_SLC1A3_GRIK2,Connective tissue,Glutamate,byGLS,0.217,0.001
Dermomyotome,发送,84,WNT5B_SFRP2,Connective tissue,WNT5B,SFRP2,0.209,0.009
Dermomyotome,发送,85,WNT7B_SFRP2,Connective tissue,WNT7B,SFRP2,0.206,0.002
Dermomyotome,发送,86,WNT6_SFRP2,Connective tissue,WNT6,SFRP2,0.205,0.013
Dermomyotome,发送,87,SEMA4D_PLXNB1,Connective tissue,SEMA4D,PLXNB1,0.205,0.027
Dermomyotome,发送,88,JAG1_NOTCH3,Connective tissue,JAG1,NOTCH3,0.201,0.007
Dermomyotome,发送,89,JAG2_NOTCH3,Connective tissue,JAG2,NOTCH3,0.199,0.006
Dermomyotome,发送,90,WNT4_SFRP2,Connective tissue,WNT4,SFRP2,0.191,0.004
Dermomyotome,发送,91,EFNA1_EPHA4,Connective tissue,EFNA1,EPHA4,0.19,0.034
Dermomyotome,发送,92,Glutamate_byGLS_and_SLC1A3_GRM8,Connective tissue,Glutamate,byGLS,0.166,0.003
Dermomyotome,发送,93,CLSTN1_NRXN1,Connective tissue,CLSTN1,NRXN1,0.165,0.007
Dermomyotome,发送,94,BMP5_BMPR1B_BMPR2,Connective tissue,BMP5,BMPR1B,0.144,0.025
Dermomyotome,发送,95,BMP5_BMR1B_AVR2B,Connective tissue,BMP5,BMR1B,0.144,0.025
Dermomyotome,发送,96,BMP5_BMR1B_AVR2A,Connective tissue,BMP5,BMR1B,0.144,0.023
Dermomyotome,接收,1,DLK1_NOTCH2,Connective tissue,NOTCH2,DLK1,1.431,0.0
Dermomyotome,接收,2,DLK1_NOTCH1,Connective tissue,NOTCH1,DLK1,1.334,0.0
Dermomyotome,接收,3,DLK1_NOTCH3,Connective tissue,NOTCH3,DLK1,1.293,0.0
Dermomyotome,接收,4,PPIA_BSG,Connective tissue,BSG,PPIA,1.227,0.033
Dermomyotome,接收,5,CADM1_NECTIN3,Connective tissue,NECTIN3,CADM1,0.887,0.0
Dermomyotome,接收,6,CADM1_CADM1,Connective tissue,CADM1,CADM1,0.868,0.0
Dermomyotome,接收,7,PDGFC_PDGFRA,Connective tissue,PDGFRA,PDGFC,0.857,0.0
Dermomyotome,接收,8,MPZL1_MPZL1,Connective tissue,MPZL1,MPZL1,0.715,0.009
Dermomyotome,接收,9,EFNA5_EPHA3,Connective tissue,EPHA3,EFNA5,0.694,0.0
Dermomyotome,接收,10,NTN1_UNC5B,Connective tissue,UNC5B,NTN1,0.658,0.0
Dermomyotome,接收,11,PDGFA_PDGFRA,Connective tissue,PDGFRA,PDGFA,0.641,0.0
Dermomyotome,接收,12,NTN1_UNC5C,Connective tissue,UNC5C,NTN1,0.639,0.0
Dermomyotome,接收,13,WNT16_SFRP1,Connective tissue,SFRP1,WNT16,0.628,0.0
Dermomyotome,接收,14,LRFN4_PTPRF,Connective tissue,PTPRF,LRFN4,0.62,0.028
Dermomyotome,接收,15,WNT5A_SFRP1,Connective tissue,SFRP1,WNT5A,0.598,0.0
Dermomyotome,接收,16,WNT5B_SFRP1,Connective tissue,SFRP1,WNT5B,0.575,0.0
Dermomyotome,接收,17,CDH2_CDH2,Connective tissue,CDH2,CDH2,0.528,0.0
Dermomyotome,接收,18,EFNA5_EPHA7,Connective tissue,EPHA7,EFNA5,0.527,0.0
Dermomyotome,接收,19,NCAM1_FGFR1,Connective tissue,FGFR1,NCAM1,0.497,0.0
Dermomyotome,接收,20,NCAM1_AGRN,Connective tissue,AGRN,NCAM1,0.487,0.003
Dermomyotome,接收,21,TENM4_ADGRL2,Connective tissue,ADGRL2,TENM4,0.486,0.004
Dermomyotome,接收,22,EFNA5_EPHB2,Connective tissue,EPHB2,EFNA5,0.484,0.0
Dermomyotome,接收,23,EFNA5_EPHA4,Connective tissue,EPHA4,EFNA5,0.463,0.0
Dermomyotome,接收,24,NRXN1_DAG1,Connective tissue,DAG1,NRXN1,0.458,0.006
Dermomyotome,接收,25,EFNA2_EPHA3,Connective tissue,EPHA3,EFNA2,0.451,0.0
Dermomyotome,接收,26,EFNA4_EPHA3,Connective tissue,EPHA3,EFNA4,0.449,0.0
Dermomyotome,接收,27,GJC1_GJC1,Connective tissue,GJC1,GJC1,0.447,0.006
Dermomyotome,接收,28,SEMA3A_PlexinA1_complex3,Connective tissue,PlexinA1,SEMA3A,0.438,0.0
Dermomyotome,接收,29,SEMA3A_PlexinA2_complex1,Connective tissue,PlexinA2,SEMA3A,0.438,0.0
Dermomyotome,接收,30,SEMA3A_NRP1,Connective tissue,NRP1,SEMA3A,0.438,0.0
Dermomyotome,接收,31,JAM3_JAM3,Connective tissue,JAM3,JAM3,0.436,0.0
Dermomyotome,接收,32,BMPR1B_BMPR2_BMPR1A,Connective tissue,BMPR2,BMPR1B,0.432,0.0
Dermomyotome,接收,33,VEGFA_NRP2,Connective tissue,NRP2,VEGFA,0.432,0.0
Dermomyotome,接收,34,SLIT2_ROBO1,Connective tissue,ROBO1,SLIT2,0.429,0.045
Dermomyotome,接收,35,NECTIN1_NECTIN3,Connective tissue,NECTIN3,NECTIN1,0.415,0.0
Dermomyotome,接收,36,SEMA3A_PlexinA4_complex1,Connective tissue,PlexinA4,SEMA3A,0.406,0.0
Dermomyotome,接收,37,TENM4_ADGRL1,Connective tissue,ADGRL1,TENM4,0.386,0.0
Dermomyotome,接收,38,SEMA3F_NRP2,Connective tissue,NRP2,SEMA3F,0.379,0.0
Dermomyotome,接收,39,SDC1_ADGRA2,Connective tissue,ADGRA2,SDC1,0.378,0.001
Dermomyotome,接收,40,VEGFA_KDR,Connective tissue,KDR,VEGFA,0.378,0.0
Dermomyotome,接收,41,SEMA3A_PlexinA3_complex1,Connective tissue,PlexinA3,SEMA3A,0.365,0.0
Dermomyotome,接收,42,SEMA4D_PLXNB2,Connective tissue,PLXNB2,SEMA4D,0.362,0.0
Dermomyotome,接收,43,TENM4_FLRT3_complex_ADGRL1,Connective tissue,FLRT3,TENM4,0.355,0.002
Dermomyotome,接收,44,SLIT1_ROBO1,Connective tissue,ROBO1,SLIT1,0.352,0.0
Dermomyotome,接收,45,WNT5A_ROR1,Connective tissue,ROR1,WNT5A,0.348,0.0
Dermomyotome,接收,46,NLGN1_NRXN3,Connective tissue,NRXN3,NLGN1,0.345,0.0
Dermomyotome,接收,47,VEGFC_KDR,Connective tissue,KDR,VEGFC,0.342,0.0
Dermomyotome,接收,48,LPAR1_ADGRE5,Connective tissue,ADGRE5,LPAR1,0.339,0.0
Dermomyotome,接收,49,SEMA4C_PLXNB2,Connective tissue,PLXNB2,SEMA4C,0.328,0.001
Dermomyotome,接收,50,TENM4_ADGRL3,Connective tissue,ADGRL3,TENM4,0.32,0.0
Dermomyotome,接收,51,SEMA6A_PlexinA2_complex1,Connective tissue,PlexinA2,SEMA6A,0.29,0.0
Dermomyotome,接收,52,EFNA2_EPHA7,Connective tissue,EPHA7,EFNA2,0.284,0.002
Dermomyotome,接收,53,WNT16_SFRP2,Connective tissue,SFRP2,WNT16,0.281,0.0
Dermomyotome,接收,54,MSTN_TGFR_AVR2B,Connective tissue,TGFR,MSTN,0.273,0.0
Dermomyotome,接收,55,WNT16_FZD1_LRP6,Connective tissue,FZD1,WNT16,0.27,0.0
Dermomyotome,接收,56,WNT16_FZD7_LRP6,Connective tissue,FZD7,WNT16,0.27,0.0
Dermomyotome,接收,57,WNT16_FZD3_LRP6,Connective tissue,FZD3,WNT16,0.27,0.0
Dermomyotome,接收,58,WNT16_FZD2_LRP6,Connective tissue,FZD2,WNT16,0.27,0.0
Dermomyotome,接收,59,Cholesterol_byDHCR7_RORA,Connective tissue,byDHCR7,Cholesterol,0.27,0.0
Dermomyotome,接收,60,MSTN_TGFR_AVR2A,Connective tissue,TGFR,MSTN,0.267,0.0
Dermomyotome,接收,61,WNT5A_SFRP2,Connective tissue,SFRP2,WNT5A,0.251,0.022
Dermomyotome,接收,62,VEGFA_NRP1,Connective tissue,NRP1,VEGFA,0.251,0.047
Dermomyotome,接收,63,CLSTN2_NRXN3,Connective tissue,NRXN3,CLSTN2,0.237,0.0
Dermomyotome,接收,64,WNT16_FZD1_LRP5,Connective tissue,FZD1,WNT16,0.236,0.0
Dermomyotome,接收,65,WNT16_FZD2_LRP5,Connective tissue,FZD2,WNT16,0.236,0.0
Dermomyotome,接收,66,WNT16_FZD3_LRP5,Connective tissue,FZD3,WNT16,0.236,0.0
Dermomyotome,接收,67,WNT16_FZD7_LRP5,Connective tissue,FZD7,WNT16,0.236,0.0
Dermomyotome,接收,68,JAM2_JAM3,Connective tissue,JAM3,JAM2,0.233,0.0
Dermomyotome,接收,69,WNT5B_SFRP2,Connective tissue,SFRP2,WNT5B,0.228,0.001
Dermomyotome,接收,70,WNT16_FRZB,Connective tissue,FRZB,WNT16,0.227,0.0
Dermomyotome,接收,71,GDF11_TGFR_AVR2B,Connective tissue,TGFR,GDF11,0.224,0.004
Dermomyotome,接收,72,EFNA2_EPHA4,Connective tissue,EPHA4,EFNA2,0.22,0.02
Dermomyotome,接收,73,GDF11_TGFR_AVR2A,Connective tissue,TGFR,GDF11,0.218,0.0
Dermomyotome,接收,74,Desmosterol_byDHCR7_NR1H2,Connective tissue,byDHCR7,Desmosterol,0.218,0.001
Dermomyotome,接收,75,WNT5B_FZD7_LRP6,Connective tissue,FZD7,WNT5B,0.217,0.007
Dermomyotome,接收,76,WNT5B_FZD3_LRP6,Connective tissue,FZD3,WNT5B,0.217,0.007
Dermomyotome,接收,77,WNT5B_FZD2_LRP6,Connective tissue,FZD2,WNT5B,0.217,0.007
Dermomyotome,接收,78,WNT5B_FZD1_LRP6,Connective tissue,FZD1,WNT5B,0.217,0.005
Dermomyotome,接收,79,WNT16_FZD10_LRP5,Connective tissue,FZD10,WNT16,0.207,0.0
Dermomyotome,接收,80,WNT16_FZD10_LRP6,Connective tissue,FZD10,WNT16,0.207,0.0
Dermomyotome,接收,81,WNT16_FZD4_LRP5,Connective tissue,FZD4,WNT16,0.201,0.0
Dermomyotome,接收,82,WNT16_FZD4_LRP6,Connective tissue,FZD4,WNT16,0.201,0.0
Dermomyotome,接收,83,WNT16_FZD6_LRP6,Connective tissue,FZD6,WNT16,0.199,0.0
Dermomyotome,接收,84,WNT16_FZD6_LRP5,Connective tissue,FZD6,WNT16,0.199,0.0
Dermomyotome,接收,85,WNT5A_FRZB,Connective tissue,FRZB,WNT5A,0.198,0.032
Dermomyotome,接收,86,MSTN_ACVR_1B2B_receptor,Connective tissue,ACVR,MSTN,0.192,0.0
Dermomyotome,接收,87,NRXN1_ADGRL1,Connective tissue,ADGRL1,NRXN1,0.183,0.0
Dermomyotome,接收,88,TENM1_ADGRL1,Connective tissue,ADGRL1,TENM1,0.183,0.0
Dermomyotome,接收,89,VEGFC_FLT4,Connective tissue,FLT4,VEGFC,0.182,0.0
Dermomyotome,接收,90,WNT5B_FRZB,Connective tissue,FRZB,WNT5B,0.174,0.001
Dermomyotome,接收,91,WNT5B_FZD10_LRP6,Connective tissue,FZD10,WNT5B,0.154,0.002
Dermomyotome,接收,92,WNT5B_FZD10_LRP5,Connective tissue,FZD10,WNT5B,0.154,0.002
Dermomyotome,接收,93,FGF8_FGFR3,Connective tissue,FGFR3,FGF8,0.153,0.0
Dermomyotome,接收,94,WNT5B_FZD6_LRP6,Connective tissue,FZD6,WNT5B,0.146,0.012
Dermomyotome,接收,95,WNT5B_FZD6_LRP5,Connective tissue,FZD6,WNT5B,0.146,0.012
Dermomyotome,接收,96,GDF11_ACVR_1B2B_receptor,Connective tissue,ACVR,GDF11,0.143,0.0
Dermomyotome,接收,97,GDF11_ACVR_1B2A_receptor,Connective tissue,ACVR,GDF11,0.143,0.0
Dermomyotome,接收,98,LPAR2_ADGRE5,Connective tissue,ADGRE5,LPAR2,0.138,0.003
Heart,发送,1,IGF2_IGF2R,Connective tissue,IGF2,IGF2R,2.498,0.0
Heart,发送,2,IGF2_IGF1R,Connective tissue,IGF2,IGF1R,1.724,0.002
Heart,发送,3,DLK1_NOTCH1,Connective tissue,DLK1,NOTCH1,1.486,0.0
Heart,发送,4,DLK1_NOTCH3,Connective tissue,DLK1,NOTCH3,1.365,0.0
Heart,发送,5,DLK1_NOTCH2,Connective tissue,DLK1,NOTCH2,1.346,0.0
Heart,发送,6,PPIA_BSG,Connective tissue,PPIA,BSG,1.324,0.0
Heart,发送,7,COL3A1_integrin_a1b1_complex,Connective tissue,COL3A1,integrin,1.316,0.0
Heart,发送,8,COL1A2_integrin_a1b1_complex,Connective tissue,COL1A2,integrin,0.987,0.0
Heart,发送,9,COL1A1_integrin_a1b1_complex,Connective tissue,COL1A1,integrin,0.967,0.0
Heart,发送,10,COL18A1_integrin_a1b1_complex,Connective tissue,COL18A1,integrin,0.949,0.0
Heart,发送,11,COL5A2_integrin_a1b1_complex,Connective tissue,COL5A2,integrin,0.744,0.0
Heart,发送,12,MPZL1_MPZL1,Connective tissue,MPZL1,MPZL1,0.726,0.003
Heart,发送,13,LAMC1_integrin_a6b1_complex,Connective tissue,LAMC1,integrin,0.683,0.0
Heart,发送,14,DAG1_NRXN3,Connective tissue,DAG1,NRXN3,0.642,0.0
Heart,发送,15,COL4A1_ADGRG6,Connective tissue,COL4A1,ADGRG6,0.637,0.0
Heart,发送,16,COL4A1_integrin_a1b1_complex,Connective tissue,COL4A1,integrin,0.627,0.0
Heart,发送,17,CDH2_CDH2,Connective tissue,CDH2,CDH2,0.627,0.0
Heart,发送,18,APP_PLXNA4,Connective tissue,APP,PLXNA4,0.608,0.0
Heart,发送,19,NRG3_ERBB4,Connective tissue,NRG3,ERBB4,0.587,0.0
Heart,发送,20,APP_FPR2,Connective tissue,APP,FPR2,0.564,0.044
Heart,发送,21,FLRT3_ADGRL2,Connective tissue,FLRT3,ADGRL2,0.563,0.02
Heart,发送,22,COL19A1_integrin_a1b1_complex,Connective tissue,COL19A1,integrin,0.553,0.0
Heart,发送,23,APP_SORL1,Connective tissue,APP,SORL1,0.548,0.0
Heart,发送,24,APLP2_PLXNA4,Connective tissue,APLP2,PLXNA4,0.531,0.0
Heart,发送,25,SEMA3A_NRP1,Connective tissue,SEMA3A,NRP1,0.526,0.0
Heart,发送,26,COL5A1_integrin_a1b1_complex,Connective tissue,COL5A1,integrin,0.523,0.0
Heart,发送,27,COL2A1_integrin_a1b1_complex,Connective tissue,COL2A1,integrin,0.507,0.0
Heart,发送,28,SEMA3A_PlexinA4_complex1,Connective tissue,SEMA3A,PlexinA4,0.501,0.0
Heart,发送,29,IGF1_IGF1R_enhancerComGPC3,Connective tissue,IGF1,IGF1R,0.501,0.002
Heart,发送,30,IGF1_IGF1R,Connective tissue,IGF1,IGF1R,0.501,0.002
Heart,发送,31,WNT2_SFRP1,Connective tissue,WNT2,SFRP1,0.489,0.045
Heart,发送,32,CDH5_CDH5,Connective tissue,CDH5,CDH5,0.486,0.0
Heart,发送,33,COL4A5_ADGRG6,Connective tissue,COL4A5,ADGRG6,0.462,0.0
Heart,发送,34,COL26A1_integrin_a1b1_complex,Connective tissue,COL26A1,integrin,0.459,0.0
Heart,发送,35,COL4A2_ADGRG6,Connective tissue,COL4A2,ADGRG6,0.456,0.0
Heart,发送,36,COL4A5_integrin_a1b1_complex,Connective tissue,COL4A5,integrin,0.452,0.0
Heart,发送,37,COL4A2_integrin_a1b1_complex,Connective tissue,COL4A2,integrin,0.446,0.0
Heart,发送,38,TGFB2_TGFBR3,Connective tissue,TGFB2,TGFBR3,0.436,0.0
Heart,发送,39,VEGFC_KDR,Connective tissue,VEGFC,KDR,0.423,0.0
Heart,发送,40,VEGFA_KDR,Connective tissue,VEGFA,KDR,0.421,0.0
Heart,发送,41,SEMA3A_PlexinA2_complex1,Connective tissue,SEMA3A,PlexinA2,0.416,0.0
Heart,发送,42,EFNA5_EPHA7,Connective tissue,EFNA5,EPHA7,0.41,0.018
Heart,发送,43,BMP4_BMPR1A_BMPR2,Connective tissue,BMP4,BMPR1A,0.407,0.001
Heart,发送,44,WNT2_SFRP5,Connective tissue,WNT2,SFRP5,0.399,0.0
Heart,发送,45,SEMA3E_PLXND1,Connective tissue,SEMA3E,PLXND1,0.392,0.0
Heart,发送,46,COL4A6_ADGRG6,Connective tissue,COL4A6,ADGRG6,0.391,0.0
Heart,发送,47,COL4A6_integrin_a1b1_complex,Connective tissue,COL4A6,integrin,0.381,0.0
Heart,发送,48,NLGN1_NRXN3,Connective tissue,NLGN1,NRXN3,0.379,0.0
Heart,发送,49,WNT2_FZD4_LRP6,Connective tissue,WNT2,FZD4,0.376,0.0
Heart,发送,50,WNT2_FZD2_LRP6,Connective tissue,WNT2,FZD2,0.376,0.0
Heart,发送,51,WNT2_FZD3_LRP6,Connective tissue,WNT2,FZD3,0.376,0.0
Heart,发送,52,WNT2_FZD7_LRP6,Connective tissue,WNT2,FZD7,0.376,0.0
Heart,发送,53,SEMA3A_PlexinA1_complex3,Connective tissue,SEMA3A,PlexinA1,0.376,0.0
Heart,发送,54,WNT2_FZD1_LRP6,Connective tissue,WNT2,FZD1,0.368,0.0
Heart,发送,55,VEGFB_NRP1,Connective tissue,VEGFB,NRP1,0.365,0.001
Heart,发送,56,COL9A1_integrin_a1b1_complex,Connective tissue,COL9A1,integrin,0.364,0.0
Heart,发送,57,SDC1_ADGRA2,Connective tissue,SDC1,ADGRA2,0.362,0.004
Heart,发送,58,WNT2_FZD4_LRP5,Connective tissue,WNT2,FZD4,0.361,0.0
Heart,发送,59,WNT2_FZD1_LRP5,Connective tissue,WNT2,FZD1,0.361,0.0
Heart,发送,60,WNT2_FZD7_LRP5,Connective tissue,WNT2,FZD7,0.361,0.0
Heart,发送,61,WNT2_FZD2_LRP5,Connective tissue,WNT2,FZD2,0.361,0.0
Heart,发送,62,WNT2_FZD3_LRP5,Connective tissue,WNT2,FZD3,0.361,0.0
Heart,发送,63,EFNA4_EPHA7,Connective tissue,EFNA4,EPHA7,0.356,0.0
Heart,发送,64,CLSTN1_NRXN3,Connective tissue,CLSTN1,NRXN3,0.348,0.0
Heart,发送,65,COL11A1_integrin_a1b1_complex,Connective tissue,COL11A1,integrin,0.348,0.0
Heart,发送,66,PRNP_ADGRG6,Connective tissue,PRNP,ADGRG6,0.345,0.0
Heart,发送,67,ANGPT1_TEK,Connective tissue,ANGPT1,TEK,0.341,0.0
Heart,发送,68,ESAM_ESAM,Connective tissue,ESAM,ESAM,0.341,0.0
Heart,发送,69,VEGFB_FLT1,Connective tissue,VEGFB,FLT1,0.339,0.0
Heart,发送,70,VEGFB_FLT1_complex,Connective tissue,VEGFB,FLT1,0.339,0.0
Heart,发送,71,LAMA2_ADGRG6,Connective tissue,LAMA2,ADGRG6,0.337,0.0
Heart,发送,72,LRPAP1_SORT1,Connective tissue,LRPAP1,SORT1,0.329,0.0
Heart,发送,73,COL14A1_integrin_a1b1_complex,Connective tissue,COL14A1,integrin,0.328,0.0
Heart,发送,74,COL15A1_integrin_a1b1_complex,Connective tissue,COL15A1,integrin,0.327,0.0
Heart,发送,75,SLITRK6_PTPRS,Connective tissue,SLITRK6,PTPRS,0.318,0.028
Heart,发送,76,COL6A3_integrin_a1b1_complex,Connective tissue,COL6A3,integrin,0.317,0.0
Heart,发送,77,RSPO1_LGR4,Connective tissue,RSPO1,LGR4,0.315,0.0
Heart,发送,78,NTN1_UNC5B,Connective tissue,NTN1,UNC5B,0.309,0.009
Heart,发送,79,GJC1_GJA5,Connective tissue,GJC1,GJA5,0.308,0.0
Heart,发送,80,NECTIN3_PVR,Connective tissue,NECTIN3,PVR,0.307,0.004
Heart,发送,81,WNT5A_ROR2,Connective tissue,WNT5A,ROR2,0.301,0.002
Heart,发送,82,VEGFA_NRP1,Connective tissue,VEGFA,NRP1,0.295,0.0
Heart,发送,83,BMP5_BMPR1A_BMPR2,Connective tissue,BMP5,BMPR1A,0.289,0.028
Heart,发送,84,JAG1_NOTCH1,Connective tissue,JAG1,NOTCH1,0.289,0.0
Heart,发送,85,EFNA2_EPHA7,Connective tissue,EFNA2,EPHA7,0.288,0.003
Heart,发送,86,JAG2_NOTCH1,Connective tissue,JAG2,NOTCH1,0.287,0.0
Heart,发送,87,WNT5A_SFRP5,Connective tissue,WNT5A,SFRP5,0.275,0.0
Heart,发送,88,CLSTN2_NRXN3,Connective tissue,CLSTN2,NRXN3,0.274,0.0
Heart,发送,89,EFNA1_EPHA7,Connective tissue,EFNA1,EPHA7,0.272,0.001
Heart,发送,90,EFNA4_EPHA4,Connective tissue,EFNA4,EPHA4,0.269,0.011
Heart,发送,91,VEGFA_FLT1,Connective tissue,VEGFA,FLT1,0.269,0.0
Heart,发送,92,VEGFA_FLT1_complex,Connective tissue,VEGFA,FLT1,0.269,0.0
Heart,发送,93,WNT5A_FZD4_LRP6,Connective tissue,WNT5A,FZD4,0.252,0.0
Heart,发送,94,WNT5A_FZD3_LRP6,Connective tissue,WNT5A,FZD3,0.252,0.031
Heart,发送,95,WNT5A_FZD2_LRP6,Connective tissue,WNT5A,FZD2,0.252,0.031
Heart,发送,96,WNT5A_FZD7_LRP6,Connective tissue,WNT5A,FZD7,0.252,0.031
Heart,发送,97,WNT5A_FZD4_LRP5,Connective tissue,WNT5A,FZD4,0.237,0.0
Heart,发送,98,BMP4_BMPR1B_BMPR2,Connective tissue,BMP4,BMPR1B,0.237,0.013
Heart,发送,99,BMP4_BMR1B_AVR2A,Connective tissue,BMP4,BMR1B,0.237,0.013
Heart,发送,100,BMP4_BMR1B_AVR2B,Connective tissue,BMP4,BMR1B,0.237,0.013
Heart,接收,1,IGF2_IGF2R,Connective tissue,IGF2R,IGF2,2.126,0.0
Heart,接收,2,IGF2_IGF1R,Connective tissue,IGF1R,IGF2,1.957,0.0
Heart,接收,3,FN1_integrin_aVb1_complex,Connective tissue,integrin,FN1,1.201,0.0
Heart,接收,4,FN1_integrin_aVb5_complex,Connective tissue,integrin,FN1,1.201,0.0
Heart,接收,5,FN1_integrin_a8b1_complex,Connective tissue,integrin,FN1,1.138,0.0
Heart,接收,6,FN1_integrin_a3b1_complex,Connective tissue,integrin,FN1,1.101,0.0
Heart,接收,7,FN1_integrin_a4b1_complex,Connective tissue,integrin,FN1,1.085,0.0
Heart,接收,8,MPZL1_MPZL1,Connective tissue,MPZL1,MPZL1,0.726,0.003
Heart,接收,9,CDH2_CDH2,Connective tissue,CDH2,CDH2,0.627,0.0
Heart,接收,10,PDGFC_PDGFRA,Connective tissue,PDGFRA,PDGFC,0.618,0.0
Heart,接收,11,WNT2_SFRP1,Connective tissue,SFRP1,WNT2,0.614,0.0
Heart,接收,12,APP_FPR2,Connective tissue,FPR2,APP,0.605,0.007
Heart,接收,13,WNT5A_SFRP1,Connective tissue,SFRP1,WNT5A,0.598,0.0
Heart,接收,14,SLIT2_ROBO1,Connective tissue,ROBO1,SLIT2,0.581,0.0
Heart,接收,15,DAG1_NRXN3,Connective tissue,NRXN3,DAG1,0.547,0.021
Heart,接收,16,APLP2_PLXNA4,Connective tissue,PLXNA4,APLP2,0.537,0.001
Heart,接收,17,PDGFA_PDGFRA,Connective tissue,PDGFRA,PDGFA,0.534,0.0
Heart,接收,18,APP_PLXNA4,Connective tissue,PLXNA4,APP,0.53,0.009
Heart,接收,19,WNT5B_SFRP1,Connective tissue,SFRP1,WNT5B,0.53,0.0
Heart,接收,20,WNT4_SFRP1,Connective tissue,SFRP1,WNT4,0.528,0.0
Heart,接收,21,APP_TNFRSF21,Connective tissue,TNFRSF21,APP,0.521,0.016
Heart,接收,22,EFNA5_EPHA3,Connective tissue,EPHA3,EFNA5,0.52,0.0
Heart,接收,23,NECTIN2_NECTIN3,Connective tissue,NECTIN3,NECTIN2,0.514,0.0
Heart,接收,24,ANGPT1_TEK,Connective tissue,TEK,ANGPT1,0.486,0.0
Heart,接收,25,CDH5_CDH5,Connective tissue,CDH5,CDH5,0.486,0.0
Heart,接收,26,IGF1_IGF1R_enhancerComGPC3,Connective tissue,IGF1R,IGF1,0.477,0.0
Heart,接收,27,IGF1_IGF1R,Connective tissue,IGF1R,IGF1,0.477,0.0
Heart,接收,28,EFNA4_EPHA3,Connective tissue,EPHA3,EFNA4,0.471,0.0
Heart,接收,29,VEGFA_NRP2,Connective tissue,NRP2,VEGFA,0.467,0.0
Heart,接收,30,EFNB3_EPHB2,Connective tissue,EPHB2,EFNB3,0.463,0.0
Heart,接收,31,EFNA1_EPHA3,Connective tissue,EPHA3,EFNA1,0.456,0.0
Heart,接收,32,EFNB3_EPHB4,Connective tissue,EPHB4,EFNB3,0.449,0.0
Heart,接收,33,SLIT2_ROBO2,Connective tissue,ROBO2,SLIT2,0.446,0.0
Heart,接收,34,EFNB3_EPHB3,Connective tissue,EPHB3,EFNB3,0.443,0.0
Heart,接收,35,EFNB3_EPHA4,Connective tissue,EPHA4,EFNB3,0.442,0.0
Heart,接收,36,EFNA2_EPHA3,Connective tissue,EPHA3,EFNA2,0.427,0.0
Heart,接收,37,VCAM1_integrin_a9b1_complex,Connective tissue,integrin,VCAM1,0.425,0.0
Heart,接收,38,VEGFA_KDR,Connective tissue,KDR,VEGFA,0.413,0.0
Heart,接收,39,BMP7_BMPR1A_BMPR2,Connective tissue,BMPR1A,BMP7,0.41,0.0
Heart,接收,40,BMPR1B_BMPR2_BMPR1A,Connective tissue,BMPR2,BMPR1B,0.409,0.002
Heart,接收,41,BMP4_BMPR1A_BMPR2,Connective tissue,BMPR1A,BMP4,0.403,0.003
Heart,接收,42,SEMA3C_NRP2,Connective tissue,NRP2,SEMA3C,0.38,0.0
Heart,接收,43,TENM2_FLRT3_complex_ADGRL2,Connective tissue,FLRT3,TENM2,0.368,0.02
Heart,接收,44,TENM2_ADGRL2,Connective tissue,ADGRL2,TENM2,0.368,0.02
Heart,接收,45,NRXN3_ADGRL1,Connective tissue,ADGRL1,NRXN3,0.366,0.0
Heart,接收,46,FLRT2_ADGRL1,Connective tissue,ADGRL1,FLRT2,0.363,0.0
Heart,接收,47,VEGFB_NRP1,Connective tissue,NRP1,VEGFB,0.362,0.003
Heart,接收,48,WNT5A_ROR1,Connective tissue,ROR1,WNT5A,0.348,0.0
Heart,接收,49,BMP5_BMPR1A_BMPR2,Connective tissue,BMPR1A,BMP5,0.348,0.001
Heart,接收,50,TNC_integrin_a9b1_complex,Connective tissue,integrin,TNC,0.343,0.0
Heart,接收,51,ESAM_ESAM,Connective tissue,ESAM,ESAM,0.341,0.0
Heart,接收,52,BMP7_BMR1A_AVR2B,Connective tissue,BMR1A,BMP7,0.336,0.0
Heart,接收,53,BMP7_BMR1A_ACR2A,Connective tissue,BMR1A,BMP7,0.33,0.0
Heart,接收,54,BMP4_BMR1A_AVR2B,Connective tissue,BMR1A,BMP4,0.329,0.008
Heart,接收,55,NTN1_UNC5B,Connective tissue,UNC5B,NTN1,0.325,0.003
Heart,接收,56,BMP4_BMR1A_ACR2A,Connective tissue,BMR1A,BMP4,0.323,0.003
Heart,接收,57,SEMA4C_PLXNB2,Connective tissue,PLXNB2,SEMA4C,0.319,0.001
Heart,接收,58,VEGFB_FLT1,Connective tissue,FLT1,VEGFB,0.318,0.008
Heart,接收,59,VEGFB_FLT1_complex,Connective tissue,FLT1,VEGFB,0.318,0.008
Heart,接收,60,EFNB2_EPHB2,Connective tissue,EPHB2,EFNB2,0.311,0.041
Heart,接收,61,VEGFC_KDR,Connective tissue,KDR,VEGFC,0.308,0.0
Heart,接收,62,integrin_aVb1_complex_ADGRE5,Connective tissue,aVb1,integrin,0.306,0.0
Heart,接收,63,NTN1_UNC5C,Connective tissue,UNC5C,NTN1,0.305,0.017
Heart,接收,64,EFNA4_EPHA7,Connective tissue,EPHA7,EFNA4,0.304,0.017
Heart,接收,65,FLRT2_ADGRL3,Connective tissue,ADGRL3,FLRT2,0.297,0.001
Heart,接收,66,EFNB2_EPHA4,Connective tissue,EPHA4,EFNB2,0.291,0.039
Heart,接收,67,EFNA1_EPHA7,Connective tissue,EPHA7,EFNA1,0.288,0.0
Heart,接收,68,VEGFA_NRP1,Connective tissue,NRP1,VEGFA,0.286,0.0
Heart,接收,69,Glutamate_byGLS_and_SLC1A3_GRM7,Connective tissue,byGLS,Glutamate,0.282,0.002
Heart,接收,70,BMP7_ACVR_1A2A_receptor,Connective tissue,ACVR,BMP7,0.282,0.0
Heart,接收,71,BMP7_ACVR_1A2B_receptor,Connective tissue,ACVR,BMP7,0.282,0.0
Heart,接收,72,DSC2_DSG2,Connective tissue,DSG2,DSC2,0.282,0.0
Heart,接收,73,BMP7_ACVR1_BMPR2,Connective tissue,ACVR1,BMP7,0.282,0.0
Heart,接收,74,BMP2_BMPR1A_BMPR2,Connective tissue,BMPR1A,BMP2,0.28,0.003
Heart,接收,75,JAG1_NOTCH2,Connective tissue,NOTCH2,JAG1,0.276,0.001
Heart,接收,76,BMP5_BMR1A_AVR2B,Connective tissue,BMR1A,BMP5,0.273,0.0
Heart,接收,77,BMP5_BMR1A_ACR2A,Connective tissue,BMR1A,BMP5,0.268,0.0
Heart,接收,78,TENM2_ADGRL1,Connective tissue,ADGRL1,TENM2,0.268,0.0
Heart,接收,79,TENM2_FLRT3_complex_ADGRL1,Connective tissue,FLRT3,TENM2,0.268,0.0
Heart,接收,80,EFNA2_EPHA7,Connective tissue,EPHA7,EFNA2,0.259,0.02
Heart,接收,81,VCAM1_integrin_a4b1_complex,Connective tissue,integrin,VCAM1,0.254,0.0
Heart,接收,82,WNT5A_SFRP2,Connective tissue,SFRP2,WNT5A,0.251,0.017
Heart,接收,83,DLL1_NOTCH2,Connective tissue,NOTCH2,DLL1,0.243,0.001
Heart,接收,84,VEGFA_FLT1,Connective tissue,FLT1,VEGFA,0.242,0.001
Heart,接收,85,VEGFA_FLT1_complex,Connective tissue,FLT1,VEGFA,0.242,0.001
Heart,接收,86,CD93_IFNGR1,Connective tissue,IFNGR1,CD93,0.241,0.0
Heart,接收,87,SEMA6D_PlexinA1_complex1,Connective tissue,PlexinA1,SEMA6D,0.238,0.006
Heart,接收,88,TNC_integrin_a8b1_complex,Connective tissue,integrin,TNC,0.225,0.0
Heart,接收,89,EFNA1_EPHA4,Connective tissue,EPHA4,EFNA1,0.224,0.001
Heart,接收,90,PDGFD_PDGFR_complex,Connective tissue,PDGFR,PDGFD,0.22,0.0
Heart,接收,91,PDGFD_PDGFRB,Connective tissue,PDGFRB,PDGFD,0.22,0.0
Heart,接收,92,BMP5_ACVR_1A2A_receptor,Connective tissue,ACVR,BMP5,0.22,0.001
Heart,接收,93,BMP5_ACVR_1A2B_receptor,Connective tissue,ACVR,BMP5,0.22,0.001
Heart,接收,94,BMP5_ACVR1_BMPR2,Connective tissue,ACVR1,BMP5,0.22,0.002
Heart,接收,95,Glutamate_byGLS_and_SLC1A3_GRIK2,Connective tissue,byGLS,Glutamate,0.217,0.003
Heart,接收,96,TGFB2_TGFbeta_receptor1,Connective tissue,TGFbeta,TGFB2,0.216,0.012
Heart,接收,97,TGFB2_TGFbeta_receptor2,Connective tissue,TGFbeta,TGFB2,0.216,0.012
Heart,接收,98,Glutamate_byGLS_and_SLC1A3_GRIK3,Connective tissue,byGLS,Glutamate,0.208,0.008
Heart,接收,99,BMP2_BMR1A_AVR2B,Connective tissue,BMR1A,BMP2,0.206,0.003
Heart,接收,100,LPAR3_ADGRE5,Connective tissue,ADGRE5,LPAR3,0.205,0.0
Liver,发送,1,IGF2_IGF2R,Connective tissue,IGF2,IGF2R,2.01,0.012
Liver,发送,2,DLK1_NOTCH2,Connective tissue,DLK1,NOTCH2,1.499,0.0
Liver,发送,3,DLK1_NOTCH1,Connective tissue,DLK1,NOTCH1,1.497,0.0
Liver,发送,4,DLK1_NOTCH3,Connective tissue,DLK1,NOTCH3,1.386,0.0
Liver,发送,5,PPIA_BSG,Connective tissue,PPIA,BSG,1.328,0.004
Liver,发送,6,COL3A1_ADGRG1,Connective tissue,COL3A1,ADGRG1,1.162,0.0
Liver,发送,7,COL3A1_integrin_a11b1_complex,Connective tissue,COL3A1,integrin,1.107,0.0
Liver,发送,8,COL3A1_integrin_a1b1_complex,Connective tissue,COL3A1,integrin,1.104,0.0
Liver,发送,9,LRFN4_PTPRF,Connective tissue,LRFN4,PTPRF,0.954,0.0
Liver,发送,10,MPZL1_MPZL1,Connective tissue,MPZL1,MPZL1,0.789,0.001
Liver,发送,11,COL1A2_integrin_a11b1_complex,Connective tissue,COL1A2,integrin,0.777,0.001
Liver,发送,12,COL1A2_integrin_a1b1_complex,Connective tissue,COL1A2,integrin,0.774,0.01
Liver,发送,13,COL1A1_integrin_a11b1_complex,Connective tissue,COL1A1,integrin,0.758,0.003
Liver,发送,14,COL1A1_integrin_a1b1_complex,Connective tissue,COL1A1,integrin,0.754,0.033
Liver,发送,15,FLRT3_ADGRL2,Connective tissue,FLRT3,ADGRL2,0.615,0.004
Liver,发送,16,NCAM1_AGRN,Connective tissue,NCAM1,AGRN,0.581,0.0
Liver,发送,17,SLIT2_ROBO2,Connective tissue,SLIT2,ROBO2,0.546,0.0
Liver,发送,18,COL5A2_integrin_a11b1_complex,Connective tissue,COL5A2,integrin,0.535,0.0
Liver,发送,19,COL5A2_integrin_a1b1_complex,Connective tissue,COL5A2,integrin,0.531,0.001
Liver,发送,20,APP_TNFRSF21,Connective tissue,APP,TNFRSF21,0.529,0.006
Liver,发送,21,CDH2_CDH2,Connective tissue,CDH2,CDH2,0.521,0.007
Liver,发送,22,LAMC1_integrin_a6b1_complex,Connective tissue,LAMC1,integrin,0.521,0.039
Liver,发送,23,SLIT2_ROBO1,Connective tissue,SLIT2,ROBO1,0.502,0.006
Liver,发送,24,SEMA3A_NRP1,Connective tissue,SEMA3A,NRP1,0.502,0.0
Liver,发送,25,GJC1_GJC1,Connective tissue,GJC1,GJC1,0.45,0.027
Liver,发送,26,SEMA3A_PlexinA1_complex3,Connective tissue,SEMA3A,PlexinA1,0.434,0.0
Liver,发送,27,NCAM1_FGFR1,Connective tissue,NCAM1,FGFR1,0.431,0.042
Liver,发送,28,WNT2_FZD1_LRP5,Connective tissue,WNT2,FZD1,0.411,0.0
Liver,发送,29,WNT2_FZD7_LRP5,Connective tissue,WNT2,FZD7,0.411,0.0
Liver,发送,30,WNT2_FZD2_LRP5,Connective tissue,WNT2,FZD2,0.411,0.0
Liver,发送,31,WNT2_FZD3_LRP5,Connective tissue,WNT2,FZD3,0.411,0.0
Liver,发送,32,TENM3_ADGRL1,Connective tissue,TENM3,ADGRL1,0.407,0.032
Liver,发送,33,WNT2_SFRP5,Connective tissue,WNT2,SFRP5,0.401,0.0
Liver,发送,34,SEMA3A_PlexinA2_complex1,Connective tissue,SEMA3A,PlexinA2,0.401,0.004
Liver,发送,35,WNT2_FZD1_LRP6,Connective tissue,WNT2,FZD1,0.384,0.0
Liver,发送,36,WNT2_FZD2_LRP6,Connective tissue,WNT2,FZD2,0.384,0.0
Liver,发送,37,WNT2_FZD3_LRP6,Connective tissue,WNT2,FZD3,0.384,0.0
Liver,发送,38,WNT2_FZD7_LRP6,Connective tissue,WNT2,FZD7,0.384,0.0
Liver,发送,39,SEMA3A_PlexinA3_complex1,Connective tissue,SEMA3A,PlexinA3,0.373,0.0
Liver,发送,40,KITLG_KIT,Connective tissue,KITLG,KIT,0.368,0.0
Liver,发送,41,WNT2_FZD5_LRP5,Connective tissue,WNT2,FZD5,0.361,0.0
Liver,发送,42,WNT2_FZD5_LRP6,Connective tissue,WNT2,FZD5,0.361,0.0
Liver,发送,43,SLITRK6_PTPRS,Connective tissue,SLITRK6,PTPRS,0.345,0.031
Liver,发送,44,VEGFB_NRP1,Connective tissue,VEGFB,NRP1,0.341,0.037
Liver,发送,45,WNT2_SFRP2,Connective tissue,WNT2,SFRP2,0.332,0.001
Liver,发送,46,WNT2_FZD8_LRP6,Connective tissue,WNT2,FZD8,0.327,0.0
Liver,发送,47,WNT2_FZD8_LRP5,Connective tissue,WNT2,FZD8,0.327,0.0
Liver,发送,48,COL5A1_integrin_a11b1_complex,Connective tissue,COL5A1,integrin,0.314,0.044
Liver,发送,49,RSPO1_LGR4,Connective tissue,RSPO1,LGR4,0.308,0.011
Liver,发送,50,VEGFC_KDR,Connective tissue,VEGFC,KDR,0.308,0.031
Liver,发送,51,SEMA4D_PLXNB1,Connective tissue,SEMA4D,PLXNB1,0.303,0.0
Liver,发送,52,JAG1_NOTCH2,Connective tissue,JAG1,NOTCH2,0.302,0.003
Liver,发送,53,JAG2_NOTCH2,Connective tissue,JAG2,NOTCH2,0.301,0.003
Liver,发送,54,JAG1_NOTCH1,Connective tissue,JAG1,NOTCH1,0.3,0.001
Liver,发送,55,JAG2_NOTCH1,Connective tissue,JAG2,NOTCH1,0.299,0.0
Liver,发送,56,WNT5A_ROR2,Connective tissue,WNT5A,ROR2,0.295,0.029
Liver,发送,57,WNT5A_FZD3_LRP5,Connective tissue,WNT5A,FZD3,0.287,0.01
Liver,发送,58,WNT5A_FZD2_LRP5,Connective tissue,WNT5A,FZD2,0.287,0.014
Liver,发送,59,WNT5A_FZD7_LRP5,Connective tissue,WNT5A,FZD7,0.287,0.014
Liver,发送,60,WNT5A_SFRP5,Connective tissue,WNT5A,SFRP5,0.277,0.0
Liver,发送,61,VEGFA_NRP1,Connective tissue,VEGFA,NRP1,0.271,0.032
Liver,发送,62,EFNA5_EPHA2,Connective tissue,EFNA5,EPHA2,0.267,0.037
Liver,发送,63,WNT5A_FZD3_LRP6,Connective tissue,WNT5A,FZD3,0.26,0.037
Liver,发送,64,WNT5A_FZD2_LRP6,Connective tissue,WNT5A,FZD2,0.26,0.045
Liver,发送,65,WNT5A_FZD7_LRP6,Connective tissue,WNT5A,FZD7,0.26,0.04
Liver,发送,66,COL26A1_integrin_a11b1_complex,Connective tissue,COL26A1,integrin,0.25,0.01
Liver,发送,67,Glutamate_byGLS_and_SLC1A3_GRIA3,Connective tissue,Glutamate,byGLS,0.245,0.0
Liver,发送,68,DKK2_LRP6,Connective tissue,DKK2,LRP6,0.242,0.035
Liver,发送,69,TENM2_ADGRL1,Connective tissue,TENM2,ADGRL1,0.238,0.044
Liver,发送,70,TENM2_FLRT3_complex_ADGRL1,Connective tissue,TENM2,FLRT3,0.238,0.044
Liver,发送,71,WNT5A_FZD5_LRP6,Connective tissue,WNT5A,FZD5,0.237,0.001
Liver,发送,72,WNT5A_FZD5_LRP5,Connective tissue,WNT5A,FZD5,0.237,0.001
Liver,发送,73,BMP5_ACVR1_BMPR2,Connective tissue,BMP5,ACVR1,0.229,0.006
Liver,发送,74,RSPO1_LGR5,Connective tissue,RSPO1,LGR5,0.227,0.0
Liver,发送,75,BMP7_ACVR1_BMPR2,Connective tissue,BMP7,ACVR1,0.223,0.022
Liver,发送,76,DSC2_DSG2,Connective tissue,DSC2,DSG2,0.218,0.03
Liver,发送,77,EFNA4_EPHA2,Connective tissue,EFNA4,EPHA2,0.213,0.001
Liver,发送,78,WNT5B_FZD1_LRP5,Connective tissue,WNT5B,FZD1,0.212,0.04
Liver,发送,79,WNT7B_FZD1_LRP5,Connective tissue,WNT7B,FZD1,0.209,0.008
Liver,发送,80,WNT7B_FZD3_LRP5,Connective tissue,WNT7B,FZD3,0.209,0.034
Liver,发送,81,WNT7B_FZD2_LRP5,Connective tissue,WNT7B,FZD2,0.209,0.039
Liver,发送,82,WNT7B_FZD7_LRP5,Connective tissue,WNT7B,FZD7,0.209,0.037
Liver,发送,83,WNT6_FZD1_LRP5,Connective tissue,WNT6,FZD1,0.208,0.047
Liver,发送,84,WNT5A_FZD8_LRP6,Connective tissue,WNT5A,FZD8,0.203,0.014
Liver,发送,85,RSPO1_FZD8_LRP6,Connective tissue,RSPO1,FZD8,0.203,0.0
Liver,发送,86,WNT5A_FZD8_LRP5,Connective tissue,WNT5A,FZD8,0.203,0.016
Liver,发送,87,WNT5A_FDZ8_RYK,Connective tissue,WNT5A,FDZ8,0.203,0.018
Liver,发送,88,TGFB2_TGFbeta_receptor2,Connective tissue,TGFB2,TGFbeta,0.203,0.032
Liver,发送,89,WNT5B_SFRP5,Connective tissue,WNT5B,SFRP5,0.202,0.0
Liver,发送,90,WNT7B_SFRP5,Connective tissue,WNT7B,SFRP5,0.199,0.0
Liver,发送,91,EFNB1_EPHA2,Connective tissue,EFNB1,EPHA2,0.198,0.007
Liver,发送,92,WNT6_SFRP5,Connective tissue,WNT6,SFRP5,0.198,0.0
Liver,发送,93,SDC2_FGFR4,Connective tissue,SDC2,FGFR4,0.197,0.001
Liver,发送,94,Glutamate_byGLS_and_SLC1A3_GRIK3,Connective tissue,Glutamate,byGLS,0.197,0.049
Liver,发送,95,SOSTDC1_LRP5,Connective tissue,SOSTDC1,LRP5,0.195,0.041
Liver,发送,96,WNT4_FZD1_LRP5,Connective tissue,WNT4,FZD1,0.194,0.016
Liver,发送,97,EFNA4_EPHA5,Connective tissue,EFNA4,EPHA5,0.189,0.009
Liver,发送,98,WNT4_SFRP5,Connective tissue,WNT4,SFRP5,0.184,0.0
Liver,发送,99,JAG1_VASN,Connective tissue,JAG1,VASN,0.172,0.01
Liver,发送,100,COL4A6_integrin_a11b1_complex,Connective tissue,COL4A6,integrin,0.172,0.02
Liver,接收,1,IGF2_IGF1R,Connective tissue,IGF1R,IGF2,1.753,0.009
Liver,接收,2,DLK1_NOTCH2,Connective tissue,NOTCH2,DLK1,1.67,0.0
Liver,接收,3,DLK1_NOTCH1,Connective tissue,NOTCH1,DLK1,1.573,0.0
Liver,接收,4,DLK1_NOTCH3,Connective tissue,NOTCH3,DLK1,1.532,0.0
Liver,接收,5,PPIA_BSG,Connective tissue,BSG,PPIA,1.306,0.001
Liver,接收,6,FN1_integrin_aVb1_complex,Connective tissue,integrin,FN1,1.221,0.0
Liver,接收,7,FN1_integrin_aVb5_complex,Connective tissue,integrin,FN1,1.221,0.0
Liver,接收,8,FGF10_FGFR2,Connective tissue,FGFR2,FGF10,1.178,0.0
Liver,接收,9,FN1_integrin_a8b1_complex,Connective tissue,integrin,FN1,1.158,0.0
Liver,接收,10,FN1_integrin_a3b1_complex,Connective tissue,integrin,FN1,1.121,0.0
Liver,接收,11,FN1_integrin_a4b1_complex,Connective tissue,integrin,FN1,1.105,0.0
Liver,接收,12,RBP4_STRA6,Connective tissue,STRA6,RBP4,1.041,0.0
Liver,接收,13,TF_TFRC,Connective tissue,TFRC,TF,0.995,0.0
Liver,接收,14,MPZL1_MPZL1,Connective tissue,MPZL1,MPZL1,0.789,0.001
Liver,接收,15,PDGFC_PDGFRA,Connective tissue,PDGFRA,PDGFC,0.715,0.0
Liver,接收,16,F2_F2R,Connective tissue,F2R,F2,0.572,0.0
Liver,接收,17,APLP2_PLXNA4,Connective tissue,PLXNA4,APLP2,0.57,0.003
Liver,接收,18,VTN_integrin_aVb1_complex,Connective tissue,integrin,VTN,0.566,0.0
Liver,接收,19,Cholesterol_byDHCR24_RORA,Connective tissue,byDHCR24,Cholesterol,0.566,0.01
Liver,接收,20,WNT5B_SFRP1,Connective tissue,SFRP1,WNT5B,0.549,0.0
Liver,接收,21,AGRN_PTPRS,Connective tissue,PTPRS,AGRN,0.544,0.01
Liver,接收,22,WNT5A_SFRP1,Connective tissue,SFRP1,WNT5A,0.524,0.001
Liver,接收,23,CDH2_CDH2,Connective tissue,CDH2,CDH2,0.521,0.007
Liver,接收,24,EFNA4_EPHA3,Connective tissue,EPHA3,EFNA4,0.52,0.0
Liver,接收,25,PDGFA_PDGFRA,Connective tissue,PDGFRA,PDGFA,0.519,0.002
Liver,接收,26,VEGFA_NRP2,Connective tissue,NRP2,VEGFA,0.513,0.0
Liver,接收,27,EFNA5_EPHA3,Connective tissue,EPHA3,EFNA5,0.497,0.005
Liver,接收,28,SEMA3C_NRP2,Connective tissue,NRP2,SEMA3C,0.484,0.0
Liver,接收,29,VEGFA_KDR,Connective tissue,KDR,VEGFA,0.459,0.0
Liver,接收,30,GJC1_GJC1,Connective tissue,GJC1,GJC1,0.45,0.027
Liver,接收,31,KITLG_KIT,Connective tissue,KIT,KITLG,0.449,0.0
Liver,接收,32,EFNA2_EPHA3,Connective tissue,EPHA3,EFNA2,0.438,0.0
Liver,接收,33,EFNA1_EPHA3,Connective tissue,EPHA3,EFNA1,0.426,0.0
Liver,接收,34,FLRT2_ADGRL1,Connective tissue,ADGRL1,FLRT2,0.413,0.0
Liver,接收,35,SDC1_ADGRA2,Connective tissue,ADGRA2,SDC1,0.382,0.024
Liver,接收,36,VEGFC_KDR,Connective tissue,KDR,VEGFC,0.379,0.0
Liver,接收,37,NECTIN1_NECTIN3,Connective tissue,NECTIN3,NECTIN1,0.373,0.019
Liver,接收,38,SEMA4D_PLXNB2,Connective tissue,PLXNB2,SEMA4D,0.364,0.003
Liver,接收,39,TNC_integrin_a9b1_complex,Connective tissue,integrin,TNC,0.355,0.0
Liver,接收,40,APOA1_ABCA1,Connective tissue,ABCA1,APOA1,0.353,0.0
Liver,接收,41,EFNA4_EPHA7,Connective tissue,EPHA7,EFNA4,0.353,0.005
Liver,接收,42,FLRT2_ADGRL3,Connective tissue,ADGRL3,FLRT2,0.347,0.0
Liver,接收,43,SEMA3F_NRP2,Connective tissue,NRP2,SEMA3F,0.345,0.0
Liver,接收,44,VCAM1_integrin_a9b1_complex,Connective tissue,integrin,VCAM1,0.343,0.001
Liver,接收,45,VEGFA_NRP1,Connective tissue,NRP1,VEGFA,0.332,0.0
Liver,接收,46,SEMA4C_PLXNB2,Connective tissue,PLXNB2,SEMA4C,0.319,0.016
Liver,接收,47,BMP7_BMPR1A_BMPR2,Connective tissue,BMPR1A,BMP7,0.304,0.036
Liver,接收,48,integrin_aVb1_complex_ADGRE5,Connective tissue,aVb1,integrin,0.303,0.008
Liver,接收,49,EFNA4_EPHA4,Connective tissue,EPHA4,EFNA4,0.289,0.017
Liver,接收,50,VEGFA_FLT1,Connective tissue,FLT1,VEGFA,0.288,0.001
Liver,接收,51,VEGFA_FLT1_complex,Connective tissue,FLT1,VEGFA,0.288,0.001
Liver,接收,52,SDC2_ADGRA2,Connective tissue,ADGRA2,SDC2,0.277,0.035
Liver,接收,53,EFNA2_EPHA7,Connective tissue,EPHA7,EFNA2,0.271,0.03
Liver,接收,54,JAG1_NOTCH2,Connective tissue,NOTCH2,JAG1,0.268,0.014
Liver,接收,55,Cholesterol_byDHCR7_RORA,Connective tissue,byDHCR7,Cholesterol,0.263,0.019
Liver,接收,56,EFNA1_EPHA7,Connective tissue,EPHA7,EFNA1,0.259,0.011
Liver,接收,57,LPAR1_ADGRE5,Connective tissue,ADGRE5,LPAR1,0.258,0.045
Liver,接收,58,DKK1_LRP6,Connective tissue,LRP6,DKK1,0.258,0.0
Liver,接收,59,NRXN3_ADGRL1,Connective tissue,ADGRL1,NRXN3,0.252,0.047
Liver,接收,60,DLL1_NOTCH2,Connective tissue,NOTCH2,DLL1,0.249,0.0
Liver,接收,61,NTN4_UNC5B,Connective tissue,UNC5B,NTN4,0.243,0.0
Liver,接收,62,TNC_integrin_a8b1_complex,Connective tissue,integrin,TNC,0.238,0.0
Liver,接收,63,FGFR4_TGFBR3,Connective tissue,TGFBR3,FGFR4,0.231,0.006
Liver,接收,64,DKK1_LRP5,Connective tissue,LRP5,DKK1,0.224,0.0
Liver,接收,65,VEGFC_FLT4,Connective tissue,FLT4,VEGFC,0.218,0.0
Liver,接收,66,Desmosterol_byDHCR7_NR1H2,Connective tissue,byDHCR7,Desmosterol,0.21,0.023
Liver,接收,67,PDGFD_PDGFR_complex,Connective tissue,PDGFR,PDGFD,0.196,0.005
Liver,接收,68,PDGFD_PDGFRB,Connective tissue,PDGFRB,PDGFD,0.196,0.005
Liver,接收,69,EFNA1_EPHA4,Connective tissue,EPHA4,EFNA1,0.195,0.044
Liver,接收,70,DKK1_Kremen1_LRP6,Connective tissue,Kremen1,DKK1,0.193,0.0
Liver,接收,71,GDF11_TGFR_AVR2A,Connective tissue,TGFR,GDF11,0.193,0.028
Liver,接收,72,TNC_integrin_a4b1_complex,Connective tissue,integrin,TNC,0.185,0.003
Liver,接收,73,VCAM1_integrin_a4b1_complex,Connective tissue,integrin,VCAM1,0.173,0.016
Liver,接收,74,TENM1_ADGRL1,Connective tissue,ADGRL1,TENM1,0.172,0.036
Liver,接收,75,CLSTN3_NRXN3,Connective tissue,NRXN3,CLSTN3,0.131,0.026
Liver,接收,76,CSF1_CSF1R,Connective tissue,CSF1R,CSF1,0.128,0.022
Liver,接收,77,CD55_ADGRE5,Connective tissue,ADGRE5,CD55,0.124,0.042
Mesenchyme,发送,1,DLK1_NOTCH2,Connective tissue,DLK1,NOTCH2,1.445,0.0
Mesenchyme,发送,2,DLK1_NOTCH3,Connective tissue,DLK1,NOTCH3,1.408,0.0
Mesenchyme,发送,3,DLK1_NOTCH1,Connective tissue,DLK1,NOTCH1,1.37,0.0
Mesenchyme,发送,4,MDK_PTPRZ1,Connective tissue,MDK,PTPRZ1,1.261,0.0
Mesenchyme,发送,5,COL3A1_integrin_a11b1_complex,Connective tissue,COL3A1,integrin,1.171,0.0
Mesenchyme,发送,6,COL1A2_integrin_a11b1_complex,Connective tissue,COL1A2,integrin,0.841,0.0
Mesenchyme,发送,7,COL1A1_integrin_a11b1_complex,Connective tissue,COL1A1,integrin,0.822,0.0
Mesenchyme,发送,8,COL18A1_integrin_a11b1_complex,Connective tissue,COL18A1,integrin,0.804,0.0
Mesenchyme,发送,9,APP_FPR2,Connective tissue,APP,FPR2,0.654,0.0
Mesenchyme,发送,10,CD44_TYROBP,Connective tissue,CD44,TYROBP,0.614,0.0
Mesenchyme,发送,11,FLRT3_ADGRL2,Connective tissue,FLRT3,ADGRL2,0.608,0.006
Mesenchyme,发送,12,COL5A2_integrin_a11b1_complex,Connective tissue,COL5A2,integrin,0.599,0.0
Mesenchyme,发送,13,PTN_PTPRZ1,Connective tissue,PTN,PTPRZ1,0.583,0.0
Mesenchyme,发送,14,NCAM1_AGRN,Connective tissue,NCAM1,AGRN,0.573,0.0
Mesenchyme,发送,15,APP_TNFRSF21,Connective tissue,APP,TNFRSF21,0.557,0.001
Mesenchyme,发送,16,APP_SORL1,Connective tissue,APP,SORL1,0.508,0.0
Mesenchyme,发送,17,FLRT3_ADGRL3,Connective tissue,FLRT3,ADGRL3,0.481,0.0
Mesenchyme,发送,18,NCAM1_FGFR1,Connective tissue,NCAM1,FGFR1,0.438,0.038
Mesenchyme,发送,19,COL19A1_integrin_a11b1_complex,Connective tissue,COL19A1,integrin,0.408,0.002
Mesenchyme,发送,20,TENM3_FLRT3_complex_ADGRL3,Connective tissue,TENM3,FLRT3,0.394,0.003
Mesenchyme,发送,21,TENM3_ADGRL3,Connective tissue,TENM3,ADGRL3,0.394,0.003
Mesenchyme,发送,22,SEMA3A_PlexinA1_complex3,Connective tissue,SEMA3A,PlexinA1,0.394,0.0
Mesenchyme,发送,23,SEMA3A_PlexinA2_complex1,Connective tissue,SEMA3A,PlexinA2,0.394,0.003
Mesenchyme,发送,24,SEMA3A_NRP1,Connective tissue,SEMA3A,NRP1,0.394,0.009
Mesenchyme,发送,25,BMP4_BMR1A_AVR2B,Connective tissue,BMP4,BMR1A,0.393,0.0
Mesenchyme,发送,26,SLITRK6_PTPRS,Connective tissue,SLITRK6,PTPRS,0.392,0.002
Mesenchyme,发送,27,WNT2_FZD1_LRP5,Connective tissue,WNT2,FZD1,0.387,0.0
Mesenchyme,发送,28,WNT2_FZD7_LRP5,Connective tissue,WNT2,FZD7,0.387,0.0
Mesenchyme,发送,29,WNT2_FZD2_LRP5,Connective tissue,WNT2,FZD2,0.387,0.001
Mesenchyme,发送,30,WNT2_FZD3_LRP5,Connective tissue,WNT2,FZD3,0.387,0.0
Mesenchyme,发送,31,COL5A1_integrin_a11b1_complex,Connective tissue,COL5A1,integrin,0.378,0.001
Mesenchyme,发送,32,LRFN4_PTPRS,Connective tissue,LRFN4,PTPRS,0.365,0.017
Mesenchyme,发送,33,COL2A1_integrin_a11b1_complex,Connective tissue,COL2A1,integrin,0.362,0.037
Mesenchyme,发送,34,WNT2_FZD6_LRP5,Connective tissue,WNT2,FZD6,0.36,0.0
Mesenchyme,发送,35,WNT2_SFRP2,Connective tissue,WNT2,SFRP2,0.349,0.001
Mesenchyme,发送,36,WNT2_FRZB,Connective tissue,WNT2,FRZB,0.348,0.0
Mesenchyme,发送,37,SLITRK5_PTPRS,Connective tissue,SLITRK5,PTPRS,0.329,0.034
Mesenchyme,发送,38,WNT2_FZD8_LRP5,Connective tissue,WNT2,FZD8,0.322,0.0
Mesenchyme,发送,39,COL26A1_integrin_a11b1_complex,Connective tissue,COL26A1,integrin,0.314,0.0
Mesenchyme,发送,40,BMP4_BMR1A_ACR2A,Connective tissue,BMP4,BMR1A,0.312,0.027
Mesenchyme,发送,41,COL4A5_integrin_a11b1_complex,Connective tissue,COL4A5,integrin,0.307,0.001
Mesenchyme,发送,42,COL4A2_integrin_a11b1_complex,Connective tissue,COL4A2,integrin,0.301,0.005
Mesenchyme,发送,43,LRPAP1_SORT1,Connective tissue,LRPAP1,SORT1,0.3,0.043
Mesenchyme,发送,44,WNT5A_ROR2,Connective tissue,WNT5A,ROR2,0.299,0.018
Mesenchyme,发送,45,TENM4_ADGRL3,Connective tissue,TENM4,ADGRL3,0.289,0.031
Mesenchyme,发送,46,GDF11_TGFR_AVR2B,Connective tissue,GDF11,TGFR,0.279,0.001
Mesenchyme,发送,47,RSPO1_LGR4,Connective tissue,RSPO1,LGR4,0.276,0.031
Mesenchyme,发送,48,BMP5_BMR1A_AVR2B,Connective tissue,BMP5,BMR1A,0.276,0.011
Mesenchyme,发送,49,BMP7_BMR1A_AVR2B,Connective tissue,BMP7,BMR1A,0.27,0.018
Mesenchyme,发送,50,FLRT2_ADGRL3,Connective tissue,FLRT2,ADGRL3,0.269,0.016
Mesenchyme,发送,51,BMP4_BMPR1B_BMPR2,Connective tissue,BMP4,BMPR1B,0.245,0.016
Mesenchyme,发送,52,BMP4_BMR1B_AVR2A,Connective tissue,BMP4,BMR1B,0.245,0.014
Mesenchyme,发送,53,BMP4_BMR1B_AVR2B,Connective tissue,BMP4,BMR1B,0.245,0.013
Mesenchyme,发送,54,WNT5A_FZD6_LRP5,Connective tissue,WNT5A,FZD6,0.236,0.0
Mesenchyme,发送,55,COL4A6_integrin_a11b1_complex,Connective tissue,COL4A6,integrin,0.236,0.0
Mesenchyme,发送,56,TENM2_ADGRL3,Connective tissue,TENM2,ADGRL3,0.225,0.004
Mesenchyme,发送,57,WNT5A_FRZB,Connective tissue,WNT5A,FRZB,0.224,0.004
Mesenchyme,发送,58,COL9A1_integrin_a11b1_complex,Connective tissue,COL9A1,integrin,0.219,0.002
Mesenchyme,发送,59,JAG1_NOTCH3,Connective tissue,JAG1,NOTCH3,0.211,0.014
Mesenchyme,发送,60,JAG2_NOTCH3,Connective tissue,JAG2,NOTCH3,0.21,0.013
Mesenchyme,发送,61,COL11A1_integrin_a11b1_complex,Connective tissue,COL11A1,integrin,0.203,0.003
Mesenchyme,发送,62,WNT5A_FZD8_LRP5,Connective tissue,WNT5A,FZD8,0.198,0.026
Mesenchyme,发送,63,WNT5A_FDZ8_RYK,Connective tissue,WNT5A,FDZ8,0.198,0.027
Mesenchyme,发送,64,GDF11_TGFR_AVR2A,Connective tissue,GDF11,TGFR,0.197,0.046
Mesenchyme,发送,65,COL14A1_integrin_a11b1_complex,Connective tissue,COL14A1,integrin,0.182,0.0
Mesenchyme,发送,66,COL15A1_integrin_a11b1_complex,Connective tissue,COL15A1,integrin,0.181,0.0
Mesenchyme,发送,67,COL6A3_integrin_a11b1_complex,Connective tissue,COL6A3,integrin,0.172,0.0
Mesenchyme,发送,68,WNT5B_FZD6_LRP5,Connective tissue,WNT5B,FZD6,0.161,0.01
Mesenchyme,发送,69,Glutamate_byGLS_and_SLC1A3_GRIA4,Connective tissue,Glutamate,byGLS,0.159,0.019
Mesenchyme,发送,70,WNT7B_FZD6_LRP5,Connective tissue,WNT7B,FZD6,0.158,0.001
Mesenchyme,发送,71,WNT6_FZD6_LRP5,Connective tissue,WNT6,FZD6,0.157,0.014
Mesenchyme,发送,72,Glutamate_byGLS_and_SLC1A3_Glutamate_Kainate_3_4_complex,Connective tissue,Glutamate,byGLS,0.15,0.009
Mesenchyme,发送,73,WNT7B_FRZB,Connective tissue,WNT7B,FRZB,0.146,0.02
Mesenchyme,发送,74,Glutamate_byGLS_and_SLC1A3_GRM3,Connective tissue,Glutamate,byGLS,0.143,0.014
Mesenchyme,发送,75,WNT4_FZD6_LRP5,Connective tissue,WNT4,FZD6,0.143,0.003
Mesenchyme,发送,76,WNT4_FRZB,Connective tissue,WNT4,FRZB,0.131,0.032
Mesenchyme,发送,77,GDF11_ACVR_1B2A_receptor,Connective tissue,GDF11,ACVR,0.13,0.038
Mesenchyme,接收,1,DLK1_NOTCH2,Connective tissue,NOTCH2,DLK1,1.453,0.0
Mesenchyme,接收,2,DLK1_NOTCH1,Connective tissue,NOTCH1,DLK1,1.356,0.001
Mesenchyme,接收,3,DLK1_NOTCH3,Connective tissue,NOTCH3,DLK1,1.315,0.002
Mesenchyme,接收,4,PDGFA_PDGFRA,Connective tissue,PDGFRA,PDGFA,0.847,0.0
Mesenchyme,接收,5,CADM1_NECTIN3,Connective tissue,NECTIN3,CADM1,0.675,0.002
Mesenchyme,接收,6,WNT6_SFRP1,Connective tissue,SFRP1,WNT6,0.664,0.0
Mesenchyme,接收,7,WNT7B_SFRP1,Connective tissue,SFRP1,WNT7B,0.624,0.0
Mesenchyme,接收,8,WNT2_SFRP1,Connective tissue,SFRP1,WNT2,0.624,0.0
Mesenchyme,接收,9,LRRC4C_PTPRF,Connective tissue,PTPRF,LRRC4C,0.592,0.02
Mesenchyme,接收,10,PDGFC_PDGFRA,Connective tissue,PDGFRA,PDGFC,0.585,0.008
Mesenchyme,接收,11,EFNA4_EPHA3,Connective tissue,EPHA3,EFNA4,0.578,0.0
Mesenchyme,接收,12,WNT7A_SFRP1,Connective tissue,SFRP1,WNT7A,0.571,0.0
Mesenchyme,接收,13,WNT4_SFRP1,Connective tissue,SFRP1,WNT4,0.554,0.0
Mesenchyme,接收,14,WNT3_SFRP1,Connective tissue,SFRP1,WNT3,0.548,0.0
Mesenchyme,接收,15,AGRN_PTPRS,Connective tissue,PTPRS,AGRN,0.536,0.009
Mesenchyme,接收,16,WNT5B_SFRP1,Connective tissue,SFRP1,WNT5B,0.532,0.0
Mesenchyme,接收,17,Cholesterol_byDHCR24_RORA,Connective tissue,byDHCR24,Cholesterol,0.528,0.048
Mesenchyme,接收,18,EFNA2_EPHA3,Connective tissue,EPHA3,EFNA2,0.502,0.0
Mesenchyme,接收,19,SEMA3A_PlexinA1_complex3,Connective tissue,PlexinA1,SEMA3A,0.429,0.005
Mesenchyme,接收,20,SEMA3A_PlexinA2_complex1,Connective tissue,PlexinA2,SEMA3A,0.429,0.009
Mesenchyme,接收,21,SEMA3A_NRP1,Connective tissue,NRP1,SEMA3A,0.429,0.009
Mesenchyme,接收,22,NTN1_UNC5B,Connective tissue,UNC5B,NTN1,0.418,0.0
Mesenchyme,接收,23,BMPR1B_BMPR2_BMPR1A,Connective tissue,BMPR2,BMPR1B,0.416,0.004
Mesenchyme,接收,24,EFNA4_EPHA7,Connective tissue,EPHA7,EFNA4,0.41,0.0
Mesenchyme,接收,25,NTN1_UNC5C,Connective tissue,UNC5C,NTN1,0.399,0.0
Mesenchyme,接收,26,SEMA3A_PlexinA4_complex1,Connective tissue,PlexinA4,SEMA3A,0.397,0.008
Mesenchyme,接收,27,SEMA3C_NRP2,Connective tissue,NRP2,SEMA3C,0.389,0.0
Mesenchyme,接收,28,SDC1_ADGRA2,Connective tissue,ADGRA2,SDC1,0.384,0.017
Mesenchyme,接收,29,SEMA3A_PlexinA3_complex1,Connective tissue,PlexinA3,SEMA3A,0.356,0.007
Mesenchyme,接收,30,EFNA4_EPHA4,Connective tissue,EPHA4,EFNA4,0.346,0.0
Mesenchyme,接收,31,BMP7_BMPR1A_BMPR2,Connective tissue,BMPR1A,BMP7,0.343,0.002
Mesenchyme,接收,32,SEMA4D_PLXNB2,Connective tissue,PLXNB2,SEMA4D,0.342,0.018
Mesenchyme,接收,33,JAG2_NOTCH2,Connective tissue,NOTCH2,JAG2,0.34,0.0
Mesenchyme,接收,34,SLITRK6_PTPRS,Connective tissue,PTPRS,SLITRK6,0.335,0.015
Mesenchyme,接收,35,EFNA2_EPHA7,Connective tissue,EPHA7,EFNA2,0.335,0.001
Mesenchyme,接收,36,WNT6_SFRP2,Connective tissue,SFRP2,WNT6,0.317,0.0
Mesenchyme,接收,37,WNT6_FZD1_LRP6,Connective tissue,FZD1,WNT6,0.306,0.0
Mesenchyme,接收,38,WNT6_FZD7_LRP6,Connective tissue,FZD7,WNT6,0.306,0.0
Mesenchyme,接收,39,WNT6_FZD3_LRP6,Connective tissue,FZD3,WNT6,0.306,0.0
Mesenchyme,接收,40,WNT6_FZD2_LRP6,Connective tissue,FZD2,WNT6,0.306,0.0
Mesenchyme,接收,41,WNT7B_SFRP2,Connective tissue,SFRP2,WNT7B,0.277,0.0
Mesenchyme,接收,42,EFNA2_EPHA4,Connective tissue,EPHA4,EFNA2,0.271,0.001
Mesenchyme,接收,43,WNT6_FZD1_LRP5,Connective tissue,FZD1,WNT6,0.271,0.003
Mesenchyme,接收,44,WNT6_FZD7_LRP5,Connective tissue,FZD7,WNT6,0.271,0.004
Mesenchyme,接收,45,WNT6_FZD3_LRP5,Connective tissue,FZD3,WNT6,0.271,0.004
Mesenchyme,接收,46,WNT6_FZD2_LRP5,Connective tissue,FZD2,WNT6,0.271,0.004
Mesenchyme,接收,47,BMP7_BMR1A_AVR2B,Connective tissue,BMR1A,BMP7,0.269,0.009
Mesenchyme,接收,48,WNT7B_FZD1_LRP6,Connective tissue,FZD1,WNT7B,0.266,0.0
Mesenchyme,接收,49,WNT7B_FZD2_LRP6,Connective tissue,FZD2,WNT7B,0.266,0.0
Mesenchyme,接收,50,WNT7B_FZD7_LRP6,Connective tissue,FZD7,WNT7B,0.266,0.0
Mesenchyme,接收,51,WNT7B_FZD3_LRP6,Connective tissue,FZD3,WNT7B,0.266,0.0
Mesenchyme,接收,52,WNT6_FRZB,Connective tissue,FRZB,WNT6,0.263,0.0
Mesenchyme,接收,53,BMP7_BMR1A_ACR2A,Connective tissue,BMR1A,BMP7,0.263,0.007
Mesenchyme,接收,54,WNT6_FZD10_LRP5,Connective tissue,FZD10,WNT6,0.243,0.0
Mesenchyme,接收,55,WNT6_FZD10_LRP6,Connective tissue,FZD10,WNT6,0.243,0.0
Mesenchyme,接收,56,JAG2_NOTCH1,Connective tissue,NOTCH1,JAG2,0.243,0.004
Mesenchyme,接收,57,WNT6_FZD4_LRP6,Connective tissue,FZD4,WNT6,0.237,0.0
Mesenchyme,接收,58,WNT6_FZD4_LRP5,Connective tissue,FZD4,WNT6,0.237,0.0
Mesenchyme,接收,59,WNT6_FZD6_LRP6,Connective tissue,FZD6,WNT6,0.235,0.0
Mesenchyme,接收,60,WNT6_FZD6_LRP5,Connective tissue,FZD6,WNT6,0.235,0.0
Mesenchyme,接收,61,WNT7B_FZD1_LRP5,Connective tissue,FZD1,WNT7B,0.232,0.013
Mesenchyme,接收,62,WNT7B_FZD3_LRP5,Connective tissue,FZD3,WNT7B,0.232,0.013
Mesenchyme,接收,63,WNT7B_FZD2_LRP5,Connective tissue,FZD2,WNT7B,0.232,0.013
Mesenchyme,接收,64,WNT7B_FZD7_LRP5,Connective tissue,FZD7,WNT7B,0.232,0.013
Mesenchyme,接收,65,CCL23_FPR2,Connective tissue,FPR2,CCL23,0.231,0.0
Mesenchyme,接收,66,WNT7A_SFRP2,Connective tissue,SFRP2,WNT7A,0.224,0.0
Mesenchyme,接收,67,WNT7B_FRZB,Connective tissue,FRZB,WNT7B,0.223,0.0
Mesenchyme,接收,68,PDGFD_PDGFR_complex,Connective tissue,PDGFR,PDGFD,0.218,0.002
Mesenchyme,接收,69,PDGFD_PDGFRB,Connective tissue,PDGFRB,PDGFD,0.218,0.002
Mesenchyme,接收,70,BMP7_ACVR_1A2A_receptor,Connective tissue,ACVR,BMP7,0.216,0.024
Mesenchyme,接收,71,BMP7_ACVR_1A2B_receptor,Connective tissue,ACVR,BMP7,0.216,0.029
Mesenchyme,接收,72,BMP7_ACVR1_BMPR2,Connective tissue,ACVR1,BMP7,0.216,0.029
Mesenchyme,接收,73,WNT7A_FZD3_LRP6,Connective tissue,FZD3,WNT7A,0.213,0.0
Mesenchyme,接收,74,WNT7A_FZD7_LRP6,Connective tissue,FZD7,WNT7A,0.213,0.0
Mesenchyme,接收,75,WNT7A_FZD1_LRP6,Connective tissue,FZD1,WNT7A,0.213,0.0
Mesenchyme,接收,76,WNT7A_FZD2_LRP6,Connective tissue,FZD2,WNT7A,0.213,0.0
Mesenchyme,接收,77,WNT4_SFRP2,Connective tissue,SFRP2,WNT4,0.207,0.007
Mesenchyme,接收,78,LGALS3_MERTK,Connective tissue,MERTK,LGALS3,0.206,0.003
Mesenchyme,接收,79,WNT7B_FZD10_LRP6,Connective tissue,FZD10,WNT7B,0.203,0.0
Mesenchyme,接收,80,WNT7B_FZD10_LRP5,Connective tissue,FZD10,WNT7B,0.203,0.0
Mesenchyme,接收,81,JAG2_VASN,Connective tissue,VASN,JAG2,0.203,0.001
Mesenchyme,接收,82,JAG2_NOTCH3,Connective tissue,NOTCH3,JAG2,0.202,0.009
Mesenchyme,接收,83,WNT3_SFRP2,Connective tissue,SFRP2,WNT3,0.201,0.0
Mesenchyme,接收,84,WNT7B_FZD4_LRP5,Connective tissue,FZD4,WNT7B,0.197,0.005
Mesenchyme,接收,85,WNT7B_FZD4_LRP6,Connective tissue,FZD4,WNT7B,0.197,0.005
Mesenchyme,接收,86,SOSTDC1_LRP6,Connective tissue,LRP6,SOSTDC1,0.196,0.005
Mesenchyme,接收,87,WNT4_FZD2_LRP6,Connective tissue,FZD2,WNT4,0.196,0.017
Mesenchyme,接收,88,WNT4_FZD1_LRP6,Connective tissue,FZD1,WNT4,0.196,0.014
Mesenchyme,接收,89,WNT4_FZD3_LRP6,Connective tissue,FZD3,WNT4,0.196,0.017
Mesenchyme,接收,90,WNT4_FZD7_LRP6,Connective tissue,FZD7,WNT4,0.196,0.017
Mesenchyme,接收,91,WNT7B_FZD6_LRP6,Connective tissue,FZD6,WNT7B,0.195,0.001
Mesenchyme,接收,92,WNT7B_FZD6_LRP5,Connective tissue,FZD6,WNT7B,0.195,0.001
Mesenchyme,接收,93,TENM1_ADGRL1,Connective tissue,ADGRL1,TENM1,0.192,0.003
Mesenchyme,接收,94,WNT3_FZD2_LRP6,Connective tissue,FZD2,WNT3,0.191,0.0
Mesenchyme,接收,95,WNT3_FZD1_LRP6,Connective tissue,FZD1,WNT3,0.191,0.0
Mesenchyme,接收,96,WNT3_FZD3_LRP6,Connective tissue,FZD3,WNT3,0.191,0.0
Mesenchyme,接收,97,WNT3_FZD7_LRP6,Connective tissue,FZD7,WNT3,0.191,0.0
Mesenchyme,接收,98,WNT7A_FZD1_LRP5,Connective tissue,FZD1,WNT7A,0.178,0.01
Mesenchyme,接收,99,WNT7A_FZD3_LRP5,Connective tissue,FZD3,WNT7A,0.178,0.012
Mesenchyme,接收,100,WNT7A_FZD2_LRP5,Connective tissue,FZD2,WNT7A,0.178,0.012
