cell_index,embedding_level,embedding_index
0,0,1
1,0,1
2,0,1
3,0,1
4,0,1
5,0,0
6,0,1
7,0,1
8,0,1
9,0,1
10,0,1
11,0,1
12,0,1
13,0,1
14,0,1
15,0,1
16,0,1
17,0,1
18,0,1
19,0,1
20,0,1
21,0,1
22,0,1
23,0,1
24,0,1
25,0,1
26,0,1
27,0,1
28,0,1
29,0,1
30,0,1
31,0,1
32,0,1
33,0,1
34,0,1
35,0,1
36,0,1
37,0,1
38,0,1
39,0,1
40,0,1
41,0,1
42,0,1
43,0,1
44,0,1
45,0,1
46,0,1
47,0,1
48,0,1
49,0,1
50,0,1
51,0,1
52,0,1
53,0,1
54,0,1
55,0,1
56,0,1
57,0,1
58,0,1
59,0,1
60,0,1
61,0,1
62,0,1
63,0,1
64,0,1
65,0,1
66,0,1
67,0,1
68,0,1
69,0,1
70,0,1
71,0,1
72,0,1
73,0,1
74,0,1
75,0,1
76,0,1
77,0,1
78,0,1
79,0,1
80,0,1
81,0,1
82,0,1
83,0,1
84,0,1
85,0,1
86,0,1
87,0,1
88,0,1
89,0,1
90,0,1
91,0,1
92,0,1
93,0,1
94,0,1
95,0,1
96,0,1
97,0,1
98,0,1
99,0,1
100,0,1
101,0,1
102,0,1
103,0,1
104,0,1
105,0,1
106,0,1
107,0,1
108,0,1
109,0,1
110,0,1
111,0,1
112,0,1
113,0,1
114,0,1
115,0,1
116,0,1
117,0,1
118,0,1
119,0,1
120,0,1
121,0,1
122,0,1
123,0,1
124,0,1
125,0,1
126,0,1
127,0,1
128,0,1
129,0,1
130,0,1
131,0,1
132,0,1
133,0,1
134,0,1
135,0,1
136,0,1
137,0,1
138,0,1
139,0,1
140,0,1
141,0,1
142,0,1
143,0,1
144,0,1
145,0,1
146,0,1
147,0,1
148,0,1
149,0,1
150,0,1
151,0,1
152,0,1
153,0,1
154,0,1
155,0,1
156,0,1
157,0,1
158,0,1
159,0,1
160,0,1
161,0,1
162,0,1
163,0,1
164,0,1
165,0,1
166,0,1
167,0,1
168,0,1
169,0,1
170,0,1
171,0,1
172,0,1
173,0,1
174,0,1
175,0,1
176,0,1
177,0,1
178,0,1
179,0,1
180,0,1
181,0,1
182,0,1
183,0,1
184,0,1
185,0,1
186,0,1
187,0,1
188,0,1
189,0,1
190,0,1
191,0,1
192,0,1
193,0,1
194,0,1
195,0,1
196,0,1
197,0,1
198,0,1
199,0,1
200,0,1
201,0,1
202,0,1
203,0,1
204,0,1
205,0,1
206,0,1
207,0,1
208,0,1
209,0,1
210,0,1
211,0,1
212,0,1
213,0,1
214,0,1
215,0,1
216,0,1
217,0,1
218,0,1
219,0,1
220,0,1
221,0,1
222,0,1
223,0,1
224,0,1
225,0,1
226,0,1
227,0,1
228,0,1
229,0,1
230,0,1
231,0,1
232,0,1
233,0,1
234,0,1
235,0,1
236,0,1
237,0,1
238,0,1
239,0,1
240,0,1
241,0,1
242,0,1
243,0,1
244,0,1
245,0,1
246,0,1
247,0,1
248,0,1
249,0,1
250,0,1
251,0,1
252,0,1
253,0,1
254,0,1
255,0,1
256,0,1
257,0,1
258,0,1
259,0,1
260,0,1
261,0,1
262,0,1
263,0,1
264,0,1
265,0,1
266,0,1
267,0,1
268,0,1
269,0,1
270,0,1
271,0,1
272,0,1
273,0,1
274,0,1
275,0,1
276,0,1
277,0,1
278,0,1
279,0,1
280,0,1
281,0,1
282,0,0
283,0,1
284,0,1
285,0,1
286,0,1
287,0,1
288,0,1
289,0,1
290,0,1
291,0,1
292,0,1
293,0,1
294,0,1
295,0,1
296,0,1
297,0,1
298,0,1
299,0,1
300,0,1
301,0,1
302,0,1
303,0,1
304,0,1
305,0,1
306,0,1
307,0,1
308,0,1
309,0,1
310,0,1
311,0,1
312,0,1
313,0,1
314,0,1
315,0,1
316,0,1
317,0,1
318,0,1
319,0,1
320,0,1
321,0,1
322,0,1
323,0,1
324,0,1
325,0,1
326,0,1
327,0,1
328,0,1
329,0,1
330,0,1
331,0,1
332,0,1
333,0,1
334,0,1
335,0,1
336,0,1
337,0,1
338,0,1
339,0,1
340,0,1
341,0,1
342,0,1
343,0,1
344,0,1
345,0,1
346,0,1
347,0,1
348,0,1
349,0,1
350,0,1
351,0,1
352,0,1
353,0,1
354,0,1
355,0,1
356,0,1
357,0,1
358,0,1
359,0,1
360,0,1
361,0,1
362,0,1
363,0,1
364,0,1
365,0,1
366,0,1
367,0,1
368,0,1
369,0,1
370,0,1
371,0,1
372,0,1
373,0,1
374,0,1
375,0,1
376,0,1
377,0,1
378,0,1
379,0,1
380,0,1
381,0,1
382,0,1
383,0,1
384,0,1
385,0,1
386,0,1
387,0,1
388,0,1
389,0,1
390,0,1
391,0,1
392,0,1
393,0,1
394,0,1
395,0,1
396,0,1
397,0,1
398,0,1
399,0,1
400,0,1
401,0,1
402,0,1
403,0,1
404,0,1
405,0,1
406,0,1
407,0,1
408,0,1
409,0,1
410,0,1
411,0,1
412,0,1
413,0,1
414,0,1
415,0,1
416,0,1
417,0,1
418,0,1
419,0,1
420,0,1
421,0,1
422,0,1
423,0,1
424,0,1
425,0,1
426,0,1
427,0,1
428,0,1
429,0,1
430,0,1
431,0,1
432,0,1
433,0,1
434,0,1
435,0,1
436,0,1
437,0,1
438,0,1
439,0,1
440,0,1
441,0,1
442,0,1
443,0,1
444,0,1
445,0,1
446,0,1
447,0,1
448,0,1
449,0,1
450,0,1
451,0,1
452,0,1
453,0,1
454,0,1
455,0,1
456,0,1
457,0,1
458,0,1
459,0,1
460,0,1
461,0,1
462,0,1
463,0,1
464,0,1
465,0,1
466,0,1
467,0,1
468,0,1
469,0,1
470,0,1
471,0,1
472,0,1
473,0,1
474,0,1
475,0,1
476,0,1
477,0,1
478,0,1
479,0,1
480,0,1
481,0,1
482,0,1
483,0,1
484,0,1
485,0,1
486,0,1
487,0,1
488,0,1
489,0,1
490,0,1
491,0,1
492,0,1
493,0,1
494,0,1
495,0,1
496,0,1
497,0,1
498,0,1
499,0,1
500,0,1
501,0,1
502,0,1
503,0,1
504,0,1
505,0,1
506,0,1
507,0,1
508,0,1
509,0,1
510,0,1
511,0,1
512,0,1
513,0,1
514,0,1
515,0,1
516,0,1
517,0,1
518,0,1
519,0,1
520,0,1
521,0,1
522,0,1
523,0,1
524,0,1
525,0,1
526,0,1
527,0,1
528,0,1
529,0,1
530,0,1
531,0,1
532,0,1
533,0,1
534,0,1
535,0,1
536,0,1
537,0,1
538,0,1
539,0,1
540,0,1
541,0,1
542,0,1
543,0,1
544,0,1
545,0,1
546,0,1
547,0,1
548,0,1
549,0,1
550,0,1
551,0,1
552,0,1
553,0,1
554,0,1
555,0,1
556,0,1
557,0,1
558,0,1
559,0,1
560,0,1
561,0,1
562,0,1
563,0,1
564,0,1
565,0,1
566,0,1
567,0,1
568,0,1
569,0,1
570,0,1
571,0,1
572,0,1
573,0,1
574,0,1
575,0,1
576,0,1
577,0,1
578,0,1
579,0,1
580,0,1
581,0,1
582,0,1
583,0,1
584,0,1
585,0,1
586,0,1
587,0,1
588,0,1
589,0,1
590,0,1
591,0,1
592,0,1
593,0,1
594,0,1
595,0,1
596,0,1
597,0,1
598,0,1
599,0,1
600,0,1
601,0,1
602,0,1
603,0,1
604,0,1
605,0,1
606,0,1
607,0,1
608,0,1
609,0,1
610,0,1
611,0,1
612,0,1
613,0,1
614,0,1
615,0,1
616,0,1
617,0,1
618,0,1
619,0,1
620,0,1
621,0,1
622,0,1
623,0,1
624,0,1
625,0,1
626,0,1
627,0,1
628,0,1
629,0,1
630,0,1
631,0,1
632,0,1
633,0,1
634,0,1
635,0,1
636,0,1
637,0,1
638,0,1
639,0,1
640,0,1
641,0,1
642,0,1
643,0,1
644,0,1
645,0,1
646,0,1
647,0,1
648,0,1
649,0,1
650,0,1
651,0,1
652,0,1
653,0,1
654,0,1
655,0,1
656,0,1
657,0,1
658,0,1
659,0,1
660,0,1
661,0,1
662,0,1
663,0,1
664,0,1
665,0,1
666,0,1
667,0,1
668,0,1
669,0,1
670,0,1
671,0,1
672,0,1
673,0,1
674,0,1
675,0,1
676,0,1
677,0,1
678,0,1
679,0,1
680,0,1
681,0,1
682,0,1
683,0,1
684,0,1
685,0,1
686,0,1
687,0,1
688,0,1
689,0,1
690,0,1
691,0,1
692,0,1
693,0,1
694,0,1
695,0,1
696,0,1
697,0,1
698,0,1
699,0,1
700,0,1
701,0,1
702,0,1
703,0,1
704,0,1
705,0,1
706,0,1
707,0,1
708,0,1
709,0,1
710,0,1
711,0,1
712,0,1
713,0,1
714,0,1
715,0,1
716,0,1
717,0,1
718,0,1
719,0,1
720,0,1
721,0,1
722,0,1
723,0,1
724,0,1
725,0,1
726,0,1
727,0,1
728,0,1
729,0,1
730,0,1
731,0,1
732,0,1
733,0,1
734,0,1
735,0,1
736,0,1
737,0,1
738,0,1
739,0,1
740,0,1
741,0,1
742,0,1
743,0,1
744,0,1
745,0,1
746,0,1
747,0,1
748,0,1
749,0,1
750,0,1
751,0,1
752,0,1
753,0,1
754,0,1
755,0,1
756,0,1
757,0,1
758,0,1
759,0,1
760,0,1
761,0,1
762,0,1
763,0,1
764,0,1
765,0,1
766,0,1
767,0,1
768,0,1
769,0,1
770,0,1
771,0,1
772,0,1
773,0,1
774,0,1
775,0,1
776,0,1
777,0,1
778,0,1
779,0,1
780,0,1
781,0,1
782,0,1
783,0,1
784,0,1
785,0,1
786,0,1
787,0,1
788,0,1
789,0,1
790,0,1
791,0,1
792,0,1
793,0,1
794,0,1
795,0,1
796,0,1
797,0,1
798,0,1
799,0,1
800,0,1
801,0,1
802,0,1
803,0,1
804,0,1
805,0,1
806,0,1
807,0,1
808,0,1
809,0,1
810,0,1
811,0,1
812,0,1
813,0,1
814,0,1
815,0,1
816,0,1
817,0,1
818,0,1
819,0,1
820,0,1
821,0,1
822,0,1
823,0,1
824,0,1
825,0,1
826,0,1
827,0,1
828,0,1
829,0,1
830,0,1
831,0,1
832,0,1
833,0,1
834,0,1
835,0,1
836,0,1
837,0,1
838,0,1
839,0,1
840,0,1
841,0,1
842,0,1
843,0,1
844,0,1
845,0,1
846,0,1
847,0,1
848,0,1
849,0,1
850,0,1
851,0,1
852,0,1
853,0,1
854,0,1
855,0,1
856,0,1
857,0,1
858,0,1
859,0,1
860,0,1
861,0,1
862,0,1
863,0,1
864,0,1
865,0,1
866,0,1
867,0,1
868,0,1
869,0,1
870,0,1
871,0,1
872,0,1
873,0,1
874,0,1
875,0,1
876,0,1
877,0,1
878,0,1
879,0,1
880,0,1
881,0,1
882,0,1
883,0,1
884,0,1
885,0,1
886,0,1
887,0,1
888,0,1
889,0,1
890,0,1
891,0,1
892,0,1
893,0,1
894,0,1
895,0,1
896,0,1
897,0,1
898,0,1
899,0,1
900,0,1
901,0,1
902,0,1
903,0,1
904,0,1
905,0,1
906,0,1
907,0,1
908,0,1
909,0,1
910,0,1
911,0,1
912,0,1
913,0,1
914,0,1
915,0,1
916,0,1
917,0,1
918,0,1
919,0,1
920,0,1
921,0,1
922,0,1
923,0,1
924,0,1
925,0,1
926,0,1
927,0,1
928,0,1
929,0,1
930,0,1
931,0,1
932,0,1
933,0,1
934,0,1
935,0,1
936,0,1
937,0,1
938,0,1
939,0,1
940,0,1
941,0,1
942,0,1
943,0,1
944,0,1
945,0,1
946,0,1
947,0,1
948,0,1
949,0,1
950,0,1
951,0,1
952,0,1
953,0,1
954,0,1
955,0,1
956,0,1
957,0,1
958,0,1
959,0,1
960,0,1
961,0,1
962,0,1
963,0,1
964,0,1
965,0,1
966,0,1
967,0,1
968,0,1
969,0,1
970,0,1
971,0,1
972,0,1
973,0,1
974,0,1
975,0,1
976,0,1
977,0,1
978,0,1
979,0,1
980,0,1
981,0,1
982,0,1
983,0,1
984,0,1
985,0,1
986,0,1
987,0,1
988,0,1
989,0,1
990,0,1
991,0,1
992,0,1
993,0,1
994,0,1
995,0,1
996,0,1
997,0,1
998,0,1
999,0,1
1000,0,1
1001,0,1
1002,0,1
1003,0,1
1004,0,1
1005,0,1
1006,0,1
1007,0,1
1008,0,1
1009,0,1
1010,0,1
1011,0,1
1012,0,1
1013,0,1
1014,0,1
1015,0,1
1016,0,1
1017,0,1
1018,0,1
1019,0,1
1020,0,1
1021,0,1
1022,0,1
1023,0,1
1024,0,1
1025,0,1
1026,0,1
1027,0,1
1028,0,1
1029,0,1
1030,0,1
1031,0,1
1032,0,1
1033,0,1
1034,0,1
1035,0,1
1036,0,1
1037,0,1
1038,0,1
1039,0,1
1040,0,1
1041,0,1
1042,0,1
1043,0,1
1044,0,1
1045,0,1
1046,0,1
1047,0,1
1048,0,1
1049,0,1
1050,0,1
1051,0,1
1052,0,1
1053,0,1
1054,0,1
1055,0,1
1056,0,1
1057,0,1
1058,0,1
1059,0,1
1060,0,1
1061,0,1
1062,0,1
1063,0,1
1064,0,1
1065,0,1
1066,0,1
1067,0,1
1068,0,1
1069,0,1
1070,0,1
1071,0,1
1072,0,1
1073,0,1
1074,0,1
1075,0,1
1076,0,1
1077,0,1
1078,0,1
1079,0,1
1080,0,1
1081,0,1
1082,0,1
1083,0,1
1084,0,1
1085,0,1
1086,0,1
1087,0,1
1088,0,1
1089,0,1
1090,0,1
1091,0,1
1092,0,1
1093,0,1
1094,0,1
1095,0,1
1096,0,1
1097,0,1
1098,0,1
1099,0,1
1100,0,1
1101,0,1
1102,0,1
1103,0,1
1104,0,1
1105,0,1
1106,0,1
1107,0,1
1108,0,1
1109,0,1
1110,0,1
1111,0,1
1112,0,1
1113,0,1
1114,0,1
1115,0,1
1116,0,1
1117,0,1
1118,0,1
1119,0,1
1120,0,1
1121,0,1
1122,0,1
1123,0,1
1124,0,1
1125,0,1
1126,0,1
1127,0,1
1128,0,1
1129,0,1
1130,0,1
1131,0,1
1132,0,1
1133,0,1
1134,0,1
1135,0,1
1136,0,1
1137,0,1
1138,0,1
1139,0,1
1140,0,1
1141,0,1
1142,0,1
1143,0,1
1144,0,1
1145,0,1
1146,0,1
1147,0,1
1148,0,1
1149,0,1
1150,0,1
1151,0,1
1152,0,1
1153,0,1
1154,0,1
1155,0,1
1156,0,1
1157,0,1
1158,0,1
1159,0,1
1160,0,1
1161,0,1
1162,0,1
1163,0,1
1164,0,1
1165,0,1
1166,0,1
1167,0,1
1168,0,1
1169,0,1
1170,0,1
1171,0,1
1172,0,1
1173,0,1
1174,0,1
1175,0,1
1176,0,1
1177,0,1
1178,0,1
1179,0,1
1180,0,1
1181,0,1
1182,0,1
1183,0,1
1184,0,1
1185,0,1
1186,0,1
1187,0,1
1188,0,1
1189,0,1
1190,0,1
1191,0,1
1192,0,1
1193,0,1
1194,0,1
1195,0,1
1196,0,1
1197,0,1
1198,0,1
1199,0,1
1200,0,1
1201,0,1
1202,0,1
1203,0,1
1204,0,1
1205,0,1
1206,0,1
1207,0,0
1208,0,1
1209,0,1
1210,0,1
1211,0,1
1212,0,1
1213,0,1
1214,0,1
1215,0,1
1216,0,1
1217,0,1
1218,0,1
1219,0,1
1220,0,1
1221,0,1
1222,0,1
1223,0,1
1224,0,1
1225,0,1
1226,0,1
1227,0,1
1228,0,1
1229,0,1
1230,0,1
1231,0,1
1232,0,1
1233,0,1
1234,0,1
1235,0,1
1236,0,1
1237,0,1
1238,0,1
1239,0,1
1240,0,1
1241,0,1
1242,0,1
1243,0,1
1244,0,1
1245,0,1
1246,0,1
1247,0,1
1248,0,1
1249,0,1
1250,0,1
1251,0,1
1252,0,1
1253,0,1
1254,0,1
1255,0,1
1256,0,1
1257,0,1
1258,0,1
1259,0,1
1260,0,1
1261,0,1
1262,0,1
1263,0,1
1264,0,1
1265,0,1
1266,0,1
1267,0,1
1268,0,1
1269,0,1
1270,0,1
1271,0,1
1272,0,1
1273,0,1
1274,0,1
1275,0,1
1276,0,1
1277,0,1
1278,0,1
1279,0,1
1280,0,1
1281,0,1
1282,0,1
1283,0,1
1284,0,1
1285,0,1
1286,0,1
1287,0,1
1288,0,1
1289,0,1
1290,0,1
1291,0,1
1292,0,1
1293,0,1
1294,0,1
1295,0,1
1296,0,1
1297,0,1
1298,0,1
1299,0,1
1300,0,1
1301,0,1
1302,0,1
1303,0,1
1304,0,1
1305,0,1
1306,0,1
1307,0,1
1308,0,1
1309,0,1
1310,0,1
1311,0,1
1312,0,1
1313,0,1
1314,0,1
1315,0,1
1316,0,1
1317,0,1
1318,0,1
1319,0,1
1320,0,1
1321,0,1
1322,0,1
1323,0,1
1324,0,1
1325,0,1
1326,0,1
1327,0,1
1328,0,1
1329,0,1
1330,0,1
1331,0,1
1332,0,1
1333,0,1
1334,0,1
1335,0,1
1336,0,1
1337,0,1
1338,0,1
1339,0,1
1340,0,1
1341,0,1
1342,0,1
1343,0,1
1344,0,1
1345,0,1
1346,0,1
1347,0,1
1348,0,1
1349,0,1
1350,0,1
1351,0,1
1352,0,1
1353,0,1
1354,0,1
1355,0,1
1356,0,1
1357,0,1
1358,0,1
1359,0,1
1360,0,1
1361,0,1
1362,0,1
1363,0,1
1364,0,1
1365,0,1
1366,0,1
1367,0,1
1368,0,1
1369,0,1
1370,0,1
1371,0,1
1372,0,1
1373,0,1
1374,0,1
1375,0,1
1376,0,1
1377,0,1
1378,0,1
1379,0,1
1380,0,1
1381,0,1
1382,0,1
1383,0,1
1384,0,1
1385,0,1
1386,0,1
1387,0,1
1388,0,1
1389,0,1
1390,0,1
1391,0,1
1392,0,1
1393,0,1
1394,0,1
1395,0,1
1396,0,1
1397,0,1
1398,0,1
1399,0,1
1400,0,1
1401,0,1
1402,0,1
1403,0,1
1404,0,1
1405,0,1
1406,0,1
1407,0,1
1408,0,1
1409,0,1
1410,0,1
1411,0,1
1412,0,1
1413,0,1
1414,0,1
1415,0,1
1416,0,1
1417,0,1
1418,0,1
1419,0,1
1420,0,1
1421,0,1
1422,0,1
1423,0,1
1424,0,1
1425,0,1
1426,0,1
1427,0,1
1428,0,1
1429,0,1
1430,0,1
1431,0,1
1432,0,1
1433,0,1
1434,0,1
1435,0,1
1436,0,1
1437,0,1
1438,0,1
1439,0,1
1440,0,1
1441,0,1
1442,0,1
1443,0,1
1444,0,1
1445,0,1
1446,0,1
1447,0,1
1448,0,1
1449,0,1
1450,0,1
1451,0,1
1452,0,1
1453,0,1
1454,0,1
1455,0,1
1456,0,1
1457,0,1
1458,0,1
1459,0,1
1460,0,1
1461,0,1
1462,0,1
1463,0,1
1464,0,1
1465,0,1
1466,0,1
1467,0,1
1468,0,1
1469,0,1
1470,0,1
1471,0,1
1472,0,1
1473,0,1
1474,0,1
1475,0,1
1476,0,1
1477,0,1
1478,0,1
1479,0,1
1480,0,1
1481,0,1
1482,0,1
1483,0,1
1484,0,1
1485,0,1
1486,0,1
1487,0,1
1488,0,1
1489,0,1
1490,0,1
1491,0,1
1492,0,1
1493,0,1
1494,0,1
1495,0,1
1496,0,1
1497,0,1
1498,0,1
1499,0,1
1500,0,1
1501,0,1
1502,0,1
1503,0,1
1504,0,1
1505,0,1
1506,0,1
1507,0,1
1508,0,1
1509,0,1
1510,0,1
1511,0,1
1512,0,1
1513,0,1
1514,0,1
1515,0,1
1516,0,1
1517,0,1
1518,0,1
1519,0,1
1520,0,1
1521,0,1
1522,0,1
1523,0,1
1524,0,1
1525,0,1
1526,0,1
1527,0,1
1528,0,1
1529,0,1
1530,0,1
1531,0,1
1532,0,1
1533,0,1
1534,0,1
1535,0,1
1536,0,1
1537,0,1
1538,0,1
1539,0,1
1540,0,1
1541,0,1
1542,0,1
1543,0,1
1544,0,1
1545,0,1
1546,0,1
1547,0,1
1548,0,1
1549,0,1
1550,0,1
1551,0,1
1552,0,1
1553,0,1
1554,0,1
1555,0,1
1556,0,1
1557,0,1
1558,0,1
1559,0,1
1560,0,1
1561,0,1
1562,0,1
1563,0,1
1564,0,1
1565,0,1
1566,0,1
1567,0,1
1568,0,1
1569,0,1
1570,0,1
1571,0,1
1572,0,1
1573,0,1
1574,0,1
1575,0,1
1576,0,1
1577,0,1
1578,0,1
1579,0,1
1580,0,1
1581,0,1
1582,0,1
1583,0,1
1584,0,1
1585,0,1
1586,0,1
1587,0,1
1588,0,1
1589,0,1
1590,0,1
1591,0,1
1592,0,1
1593,0,1
1594,0,1
1595,0,1
1596,0,1
1597,0,1
1598,0,1
1599,0,1
1600,0,1
1601,0,1
1602,0,1
1603,0,1
1604,0,1
1605,0,1
1606,0,1
1607,0,1
1608,0,1
1609,0,1
1610,0,1
1611,0,1
1612,0,1
1613,0,1
1614,0,1
1615,0,1
1616,0,1
1617,0,1
1618,0,1
1619,0,1
1620,0,1
1621,0,1
1622,0,1
1623,0,1
1624,0,1
1625,0,1
1626,0,1
1627,0,1
1628,0,1
1629,0,1
1630,0,1
1631,0,1
1632,0,1
1633,0,1
1634,0,1
1635,0,1
1636,0,1
1637,0,1
1638,0,1
1639,0,1
1640,0,1
1641,0,1
1642,0,1
1643,0,1
1644,0,1
1645,0,1
1646,0,1
1647,0,1
1648,0,1
1649,0,1
1650,0,1
1651,0,1
1652,0,1
1653,0,1
1654,0,1
1655,0,1
1656,0,1
1657,0,1
1658,0,1
1659,0,1
1660,0,1
1661,0,1
1662,0,1
1663,0,1
1664,0,1
1665,0,1
1666,0,1
1667,0,1
1668,0,1
1669,0,1
1670,0,1
1671,0,1
1672,0,1
1673,0,1
1674,0,1
1675,0,1
1676,0,1
1677,0,1
1678,0,1
1679,0,1
1680,0,1
1681,0,1
1682,0,1
1683,0,1
1684,0,1
1685,0,1
1686,0,1
1687,0,1
1688,0,1
1689,0,1
1690,0,1
1691,0,1
1692,0,1
1693,0,1
1694,0,1
1695,0,1
1696,0,1
1697,0,1
1698,0,1
1699,0,1
1700,0,1
1701,0,1
1702,0,1
1703,0,1
1704,0,1
1705,0,1
1706,0,1
1707,0,1
1708,0,1
1709,0,1
1710,0,1
1711,0,1
1712,0,0
1713,0,1
1714,0,1
1715,0,1
1716,0,1
1717,0,1
1718,0,1
1719,0,1
1720,0,1
1721,0,1
1722,0,1
1723,0,1
1724,0,1
1725,0,1
1726,0,1
1727,0,1
1728,0,1
1729,0,1
1730,0,1
1731,0,1
1732,0,1
1733,0,1
1734,0,1
1735,0,1
1736,0,1
1737,0,1
1738,0,1
1739,0,1
1740,0,1
1741,0,1
1742,0,1
1743,0,1
1744,0,1
1745,0,1
1746,0,1
1747,0,1
1748,0,1
1749,0,1
1750,0,1
1751,0,1
1752,0,1
1753,0,1
1754,0,1
1755,0,1
1756,0,1
1757,0,1
1758,0,1
1759,0,1
1760,0,1
1761,0,1
1762,0,1
1763,0,1
1764,0,1
1765,0,1
1766,0,1
1767,0,1
1768,0,1
1769,0,1
1770,0,1
1771,0,1
1772,0,1
1773,0,1
1774,0,1
1775,0,1
1776,0,1
1777,0,1
1778,0,1
1779,0,1
1780,0,1
1781,0,1
1782,0,1
1783,0,1
1784,0,1
1785,0,1
1786,0,1
1787,0,1
1788,0,1
1789,0,1
1790,0,1
1791,0,1
1792,0,1
1793,0,1
1794,0,1
1795,0,1
1796,0,1
1797,0,1
1798,0,1
1799,0,1
1800,0,1
1801,0,1
1802,0,1
1803,0,1
1804,0,1
1805,0,1
1806,0,1
1807,0,1
1808,0,1
1809,0,1
1810,0,1
1811,0,1
1812,0,1
1813,0,1
1814,0,1
1815,0,1
1816,0,1
1817,0,1
1818,0,1
1819,0,1
1820,0,1
1821,0,1
1822,0,1
1823,0,1
1824,0,1
1825,0,1
1826,0,1
1827,0,1
1828,0,1
1829,0,1
1830,0,1
1831,0,1
1832,0,1
1833,0,1
1834,0,1
1835,0,1
1836,0,1
1837,0,1
1838,0,1
1839,0,1
1840,0,1
1841,0,1
1842,0,1
1843,0,1
1844,0,1
1845,0,1
1846,0,1
1847,0,1
1848,0,1
1849,0,1
1850,0,1
1851,0,1
1852,0,1
1853,0,1
1854,0,1
1855,0,1
1856,0,1
1857,0,1
1858,0,1
1859,0,1
1860,0,1
1861,0,1
1862,0,1
1863,0,1
1864,0,1
1865,0,1
1866,0,1
1867,0,1
1868,0,1
1869,0,1
1870,0,1
1871,0,1
1872,0,1
1873,0,1
1874,0,1
1875,0,1
1876,0,1
1877,0,1
1878,0,1
1879,0,1
1880,0,1
1881,0,1
1882,0,1
1883,0,1
1884,0,1
1885,0,1
1886,0,1
1887,0,1
1888,0,1
1889,0,1
1890,0,1
1891,0,1
1892,0,1
1893,0,1
1894,0,1
1895,0,1
1896,0,1
1897,0,1
1898,0,1
1899,0,1
1900,0,1
1901,0,1
1902,0,1
1903,0,1
1904,0,1
1905,0,1
1906,0,1
1907,0,1
1908,0,1
1909,0,1
1910,0,1
1911,0,1
1912,0,1
1913,0,1
1914,0,1
1915,0,1
1916,0,1
1917,0,1
1918,0,1
1919,0,1
1920,0,1
1921,0,1
1922,0,1
1923,0,1
1924,0,1
1925,0,1
1926,0,1
1927,0,1
1928,0,1
1929,0,1
1930,0,1
1931,0,1
1932,0,1
1933,0,1
1934,0,1
1935,0,1
1936,0,1
1937,0,1
1938,0,1
1939,0,1
1940,0,1
1941,0,1
1942,0,1
1943,0,1
1944,0,1
1945,0,1
1946,0,0
1947,0,1
1948,0,1
1949,0,1
1950,0,1
1951,0,1
1952,0,1
1953,0,1
1954,0,1
1955,0,1
1956,0,1
1957,0,1
1958,0,1
1959,0,1
1960,0,1
1961,0,1
1962,0,1
1963,0,1
1964,0,1
1965,0,1
1966,0,1
1967,0,1
1968,0,1
1969,0,1
1970,0,1
1971,0,1
1972,0,1
1973,0,1
1974,0,1
1975,0,1
1976,0,1
1977,0,1
1978,0,1
1979,0,1
1980,0,1
1981,0,1
1982,0,1
1983,0,1
1984,0,1
1985,0,1
1986,0,1
1987,0,1
1988,0,1
1989,0,1
1990,0,1
1991,0,1
1992,0,1
1993,0,1
1994,0,1
1995,0,1
1996,0,1
1997,0,1
1998,0,1
1999,0,1
2000,0,0
2001,0,1
2002,0,1
2003,0,1
2004,0,1
2005,0,1
2006,0,1
2007,0,1
2008,0,1
2009,0,1
2010,0,1
2011,0,1
2012,0,1
2013,0,1
2014,0,1
2015,0,1
2016,0,1
2017,0,1
2018,0,1
2019,0,1
2020,0,1
2021,0,1
2022,0,1
2023,0,1
2024,0,1
2025,0,1
2026,0,1
2027,0,1
2028,0,1
2029,0,1
2030,0,1
2031,0,1
2032,0,1
2033,0,1
2034,0,1
2035,0,1
2036,0,1
2037,0,1
2038,0,1
2039,0,1
2040,0,1
2041,0,1
2042,0,1
2043,0,1
2044,0,1
2045,0,1
2046,0,1
2047,0,1
2048,0,1
2049,0,1
2050,0,1
2051,0,1
2052,0,1
2053,0,1
2054,0,1
2055,0,1
2056,0,1
2057,0,1
2058,0,1
2059,0,1
2060,0,1
2061,0,1
2062,0,1
2063,0,1
2064,0,1
2065,0,1
2066,0,1
2067,0,1
2068,0,1
2069,0,1
2070,0,1
2071,0,1
2072,0,1
2073,0,1
2074,0,1
2075,0,1
2076,0,1
2077,0,1
2078,0,1
2079,0,1
2080,0,1
2081,0,1
2082,0,1
2083,0,1
2084,0,1
2085,0,1
2086,0,1
2087,0,1
2088,0,1
2089,0,1
2090,0,1
2091,0,1
2092,0,1
2093,0,1
2094,0,1
2095,0,1
2096,0,1
2097,0,1
2098,0,1
2099,0,1
2100,0,1
2101,0,1
2102,0,1
2103,0,1
2104,0,1
2105,0,1
2106,0,1
2107,0,1
2108,0,1
2109,0,1
2110,0,1
2111,0,1
2112,0,1
2113,0,1
2114,0,1
2115,0,1
2116,0,1
2117,0,1
2118,0,1
2119,0,1
2120,0,1
2121,0,1
2122,0,1
2123,0,1
2124,0,1
2125,0,1
2126,0,1
2127,0,1
2128,0,1
2129,0,1
2130,0,1
2131,0,1
2132,0,1
2133,0,1
2134,0,1
2135,0,1
2136,0,1
2137,0,1
2138,0,1
2139,0,1
2140,0,1
2141,0,1
2142,0,1
2143,0,1
2144,0,1
2145,0,1
2146,0,1
2147,0,1
2148,0,1
2149,0,1
2150,0,1
2151,0,1
2152,0,1
2153,0,1
2154,0,1
2155,0,1
2156,0,1
2157,0,1
2158,0,1
2159,0,1
2160,0,1
2161,0,1
2162,0,1
2163,0,1
2164,0,1
2165,0,1
2166,0,1
2167,0,1
2168,0,1
2169,0,1
2170,0,1
2171,0,1
2172,0,1
2173,0,1
2174,0,1
2175,0,1
2176,0,1
2177,0,1
2178,0,1
2179,0,1
2180,0,1
2181,0,1
2182,0,1
2183,0,1
2184,0,1
2185,0,1
2186,0,1
2187,0,1
2188,0,1
2189,0,1
2190,0,1
2191,0,1
2192,0,1
2193,0,1
2194,0,1
2195,0,1
2196,0,1
2197,0,1
2198,0,1
2199,0,1
2200,0,1
2201,0,1
2202,0,1
2203,0,1
2204,0,1
2205,0,1
2206,0,1
2207,0,1
2208,0,1
2209,0,1
2210,0,1
2211,0,1
2212,0,1
2213,0,1
2214,0,1
2215,0,1
2216,0,1
2217,0,1
2218,0,1
2219,0,1
2220,0,1
2221,0,1
2222,0,1
2223,0,1
2224,0,1
2225,0,1
2226,0,1
2227,0,1
2228,0,1
2229,0,1
2230,0,1
2231,0,1
2232,0,1
2233,0,1
2234,0,1
2235,0,1
2236,0,1
2237,0,1
2238,0,1
2239,0,1
2240,0,1
2241,0,1
2242,0,1
2243,0,1
2244,0,1
2245,0,1
2246,0,1
2247,0,1
2248,0,1
2249,0,1
2250,0,1
2251,0,1
2252,0,1
2253,0,1
2254,0,1
2255,0,1
2256,0,1
2257,0,1
2258,0,1
2259,0,1
2260,0,1
2261,0,1
2262,0,1
2263,0,1
2264,0,1
2265,0,1
2266,0,1
2267,0,1
2268,0,1
2269,0,1
2270,0,1
2271,0,1
2272,0,1
2273,0,1
2274,0,1
2275,0,1
2276,0,1
2277,0,1
2278,0,1
2279,0,1
2280,0,1
2281,0,1
2282,0,1
2283,0,1
2284,0,1
2285,0,1
2286,0,1
2287,0,1
2288,0,1
2289,0,1
2290,0,1
2291,0,1
2292,0,1
2293,0,1
2294,0,1
2295,0,1
2296,0,1
2297,0,1
2298,0,1
2299,0,1
2300,0,1
2301,0,1
2302,0,1
2303,0,1
2304,0,1
2305,0,1
2306,0,1
2307,0,1
2308,0,1
2309,0,1
2310,0,1
2311,0,1
2312,0,1
2313,0,1
2314,0,0
2315,0,1
2316,0,1
2317,0,1
2318,0,1
2319,0,1
2320,0,1
2321,0,1
2322,0,1
2323,0,1
2324,0,1
2325,0,1
2326,0,1
2327,0,1
2328,0,1
2329,0,1
2330,0,1
2331,0,1
2332,0,1
2333,0,1
2334,0,1
2335,0,1
2336,0,1
2337,0,1
2338,0,1
2339,0,1
2340,0,1
2341,0,1
2342,0,1
2343,0,1
2344,0,1
2345,0,1
2346,0,1
2347,0,1
2348,0,1
2349,0,1
2350,0,1
2351,0,1
2352,0,1
2353,0,1
2354,0,1
2355,0,1
2356,0,1
2357,0,1
2358,0,1
2359,0,1
2360,0,1
2361,0,1
2362,0,1
2363,0,1
2364,0,1
2365,0,1
2366,0,1
2367,0,1
2368,0,1
2369,0,1
2370,0,1
2371,0,1
2372,0,1
2373,0,1
2374,0,1
2375,0,1
2376,0,1
2377,0,1
2378,0,1
2379,0,1
2380,0,1
2381,0,1
2382,0,1
2383,0,1
2384,0,1
2385,0,1
2386,0,1
2387,0,1
2388,0,1
2389,0,1
2390,0,1
2391,0,1
2392,0,1
2393,0,1
2394,0,1
2395,0,1
2396,0,1
2397,0,1
2398,0,1
2399,0,1
2400,0,1
2401,0,1
2402,0,1
2403,0,1
2404,0,1
2405,0,1
2406,0,1
2407,0,1
2408,0,1
2409,0,1
2410,0,1
2411,0,1
2412,0,1
2413,0,0
2414,0,1
2415,0,1
2416,0,1
2417,0,1
2418,0,1
2419,0,1
2420,0,1
2421,0,1
2422,0,1
2423,0,1
2424,0,1
2425,0,1
2426,0,1
2427,0,1
2428,0,1
2429,0,1
2430,0,1
2431,0,1
2432,0,1
2433,0,1
2434,0,1
2435,0,1
2436,0,1
2437,0,1
2438,0,1
2439,0,1
2440,0,1
2441,0,1
2442,0,1
2443,0,1
2444,0,1
2445,0,1
2446,0,1
2447,0,1
2448,0,1
2449,0,1
2450,0,1
2451,0,1
2452,0,1
2453,0,1
2454,0,1
2455,0,1
2456,0,1
2457,0,1
2458,0,1
2459,0,1
2460,0,1
2461,0,1
2462,0,1
2463,0,1
2464,0,1
2465,0,1
2466,0,1
2467,0,1
2468,0,1
2469,0,1
2470,0,1
2471,0,1
2472,0,1
2473,0,1
2474,0,1
2475,0,1
2476,0,1
2477,0,1
2478,0,1
2479,0,1
2480,0,1
2481,0,1
2482,0,1
2483,0,1
2484,0,1
2485,0,1
2486,0,1
2487,0,1
2488,0,1
2489,0,1
2490,0,1
2491,0,1
2492,0,1
2493,0,1
2494,0,1
2495,0,1
2496,0,1
2497,0,1
2498,0,1
2499,0,1
2500,0,1
2501,0,1
2502,0,1
2503,0,1
2504,0,1
2505,0,1
2506,0,1
2507,0,1
2508,0,1
2509,0,1
2510,0,1
2511,0,1
2512,0,1
2513,0,1
2514,0,1
2515,0,1
2516,0,1
2517,0,1
2518,0,1
2519,0,1
2520,0,1
2521,0,1
2522,0,1
2523,0,1
2524,0,1
2525,0,1
2526,0,1
2527,0,1
2528,0,1
2529,0,1
2530,0,1
2531,0,1
2532,0,1
2533,0,1
2534,0,1
2535,0,1
2536,0,1
2537,0,1
2538,0,1
2539,0,1
2540,0,1
2541,0,1
2542,0,1
2543,0,1
2544,0,1
2545,0,1
2546,0,1
2547,0,1
2548,0,1
2549,0,1
2550,0,1
2551,0,1
2552,0,1
2553,0,1
2554,0,1
2555,0,1
2556,0,1
2557,0,1
2558,0,1
2559,0,1
2560,0,1
2561,0,1
2562,0,1
2563,0,1
2564,0,1
2565,0,1
2566,0,1
2567,0,1
2568,0,1
2569,0,1
2570,0,1
2571,0,1
2572,0,1
2573,0,1
2574,0,1
2575,0,1
2576,0,1
2577,0,1
2578,0,1
2579,0,1
2580,0,1
2581,0,1
2582,0,1
2583,0,1
2584,0,1
2585,0,1
2586,0,1
2587,0,1
2588,0,1
2589,0,1
2590,0,1
2591,0,1
2592,0,1
2593,0,1
2594,0,1
2595,0,1
2596,0,1
2597,0,1
2598,0,1
2599,0,1
2600,0,1
2601,0,1
2602,0,1
2603,0,1
2604,0,0
2605,0,0
2606,0,1
2607,0,1
2608,0,1
2609,0,1
2610,0,1
2611,0,1
2612,0,0
2613,0,0
2614,0,1
2615,0,1
2616,0,1
2617,0,1
2618,0,1
2619,0,1
2620,0,1
2621,0,1
2622,0,1
2623,0,1
2624,0,1
2625,0,1
2626,0,1
2627,0,1
2628,0,1
2629,0,1
2630,0,1
2631,0,1
2632,0,1
2633,0,1
2634,0,1
2635,0,1
2636,0,1
2637,0,1
2638,0,1
2639,0,1
2640,0,1
2641,0,1
2642,0,1
2643,0,1
2644,0,1
2645,0,1
2646,0,1
2647,0,1
2648,0,1
2649,0,1
2650,0,0
2651,0,1
2652,0,1
2653,0,1
2654,0,1
2655,0,1
2656,0,1
2657,0,1
2658,0,1
2659,0,1
2660,0,1
2661,0,0
2662,0,0
2663,0,1
2664,0,1
2665,0,1
2666,0,1
2667,0,1
2668,0,1
2669,0,1
2670,0,1
2671,0,1
2672,0,1
2673,0,1
2674,0,1
2675,0,1
2676,0,1
2677,0,1
2678,0,1
2679,0,1
2680,0,1
2681,0,1
2682,0,1
2683,0,1
2684,0,1
2685,0,1
2686,0,1
2687,0,1
2688,0,1
2689,0,1
2690,0,1
2691,0,1
2692,0,1
2693,0,1
2694,0,1
2695,0,1
2696,0,1
2697,0,1
2698,0,1
2699,0,1
2700,0,1
2701,0,1
2702,0,1
2703,0,1
2704,0,1
2705,0,1
2706,0,1
2707,0,1
2708,0,0
2709,0,0
2710,0,0
2711,0,0
2712,0,0
2713,0,1
2714,0,1
2715,0,1
2716,0,1
2717,0,1
2718,0,1
2719,0,1
2720,0,1
2721,0,1
2722,0,1
2723,0,1
2724,0,1
2725,0,1
2726,0,1
2727,0,1
2728,0,1
2729,0,1
2730,0,1
2731,0,1
2732,0,1
2733,0,1
2734,0,1
2735,0,1
2736,0,1
2737,0,1
2738,0,1
2739,0,1
2740,0,1
2741,0,1
2742,0,1
2743,0,1
2744,0,1
2745,0,1
2746,0,1
2747,0,1
2748,0,1
2749,0,0
2750,0,1
2751,0,1
2752,0,1
2753,0,1
2754,0,1
2755,0,0
2756,0,0
2757,0,0
2758,0,1
2759,0,0
2760,0,0
2761,0,1
2762,0,1
2763,0,1
2764,0,1
2765,0,1
2766,0,1
2767,0,1
2768,0,1
2769,0,1
2770,0,1
2771,0,1
2772,0,1
2773,0,1
2774,0,1
2775,0,1
2776,0,1
2777,0,1
2778,0,1
2779,0,1
2780,0,1
2781,0,1
2782,0,1
2783,0,1
2784,0,1
2785,0,1
2786,0,1
2787,0,1
2788,0,1
2789,0,1
2790,0,1
2791,0,1
2792,0,1
2793,0,1
2794,0,1
2795,0,1
2796,0,0
2797,0,0
2798,0,0
2799,0,1
2800,0,1
2801,0,0
2802,0,0
2803,0,0
2804,0,1
2805,0,0
2806,0,0
2807,0,1
2808,0,1
2809,0,0
2810,0,1
2811,0,1
2812,0,1
2813,0,1
2814,0,1
2815,0,1
2816,0,1
2817,0,1
2818,0,1
2819,0,1
2820,0,1
2821,0,1
2822,0,1
2823,0,1
2824,0,1
2825,0,1
2826,0,1
2827,0,1
2828,0,1
2829,0,1
2830,0,1
2831,0,1
2832,0,1
2833,0,1
2834,0,1
2835,0,1
2836,0,1
2837,0,1
2838,0,1
2839,0,1
2840,0,1
2841,0,1
2842,0,0
2843,0,0
2844,0,0
2845,0,0
2846,0,0
2847,0,1
2848,0,0
2849,0,0
2850,0,0
2851,0,0
2852,0,0
2853,0,0
2854,0,0
2855,0,0
2856,0,0
2857,0,1
2858,0,1
2859,0,1
2860,0,1
2861,0,1
2862,0,1
2863,0,1
2864,0,1
2865,0,1
2866,0,1
2867,0,1
2868,0,1
2869,0,1
2870,0,1
2871,0,1
2872,0,1
2873,0,1
2874,0,1
2875,0,1
2876,0,1
2877,0,1
2878,0,1
2879,0,1
2880,0,1
2881,0,1
2882,0,1
2883,0,1
2884,0,1
2885,0,1
2886,0,1
2887,0,1
2888,0,1
2889,0,1
2890,0,0
2891,0,0
2892,0,0
2893,0,0
2894,0,0
2895,0,1
2896,0,0
2897,0,0
2898,0,0
2899,0,0
2900,0,0
2901,0,0
2902,0,1
2903,0,0
2904,0,0
2905,0,0
2906,0,0
2907,0,0
2908,0,0
2909,0,0
2910,0,0
2911,0,1
2912,0,0
2913,0,1
2914,0,1
2915,0,1
2916,0,1
2917,0,1
2918,0,1
2919,0,1
2920,0,1
2921,0,1
2922,0,1
2923,0,1
2924,0,1
2925,0,1
2926,0,1
2927,0,1
2928,0,1
2929,0,1
2930,0,1
2931,0,1
2932,0,1
2933,0,1
2934,0,1
2935,0,1
2936,0,1
2937,0,1
2938,0,1
2939,0,1
2940,0,1
2941,0,1
2942,0,0
2943,0,0
2944,0,1
2945,0,0
2946,0,0
2947,0,0
2948,0,0
2949,0,0
2950,0,0
2951,0,0
2952,0,1
2953,0,0
2954,0,0
2955,0,0
2956,0,0
2957,0,0
2958,0,0
2959,0,0
2960,0,0
2961,0,0
2962,0,0
2963,0,0
2964,0,0
2965,0,0
2966,0,0
2967,0,0
2968,0,0
2969,0,0
2970,0,0
2971,0,0
2972,0,0
2973,0,1
2974,0,0
2975,0,0
2976,0,0
2977,0,0
2978,0,1
2979,0,1
2980,0,1
2981,0,1
2982,0,1
2983,0,1
2984,0,1
2985,0,1
2986,0,1
2987,0,1
2988,0,1
2989,0,1
2990,0,1
2991,0,1
2992,0,1
2993,0,1
2994,0,1
2995,0,1
2996,0,1
2997,0,1
2998,0,1
2999,0,1
3000,0,0
3001,0,0
3002,0,0
3003,0,0
3004,0,0
3005,0,0
3006,0,0
3007,0,0
3008,0,0
3009,0,0
3010,0,0
3011,0,0
3012,0,0
3013,0,0
3014,0,0
3015,0,1
3016,0,0
3017,0,0
3018,0,0
3019,0,0
3020,0,0
3021,0,0
3022,0,0
3023,0,1
3024,0,0
3025,0,0
3026,0,0
3027,0,0
3028,0,0
3029,0,0
3030,0,0
3031,0,0
3032,0,0
3033,0,0
3034,0,0
3035,0,0
3036,0,0
3037,0,0
3038,0,0
3039,0,0
3040,0,0
3041,0,0
3042,0,0
3043,0,0
3044,0,1
3045,0,1
3046,0,1
3047,0,1
3048,0,1
3049,0,1
3050,0,1
3051,0,1
3052,0,1
3053,0,1
3054,0,1
3055,0,0
3056,0,0
3057,0,1
3058,0,1
3059,0,1
3060,0,1
3061,0,1
3062,0,1
3063,0,1
3064,0,0
3065,0,0
3066,0,0
3067,0,0
3068,0,0
3069,0,0
3070,0,0
3071,0,0
3072,0,0
3073,0,0
3074,0,0
3075,0,0
3076,0,0
3077,0,0
3078,0,0
3079,0,0
3080,0,0
3081,0,0
3082,0,0
3083,0,0
3084,0,0
3085,0,0
3086,0,0
3087,0,0
3088,0,0
3089,0,0
3090,0,0
3091,0,0
3092,0,0
3093,0,0
3094,0,0
3095,0,0
3096,0,0
3097,0,0
3098,0,0
3099,0,0
3100,0,0
3101,0,0
3102,0,0
3103,0,1
3104,0,0
3105,0,0
3106,0,0
3107,0,0
3108,0,0
3109,0,0
3110,0,0
3111,0,1
3112,0,0
3113,0,1
3114,0,1
3115,0,1
3116,0,1
3117,0,1
3118,0,1
3119,0,1
3120,0,1
3121,0,1
3122,0,1
3123,0,0
3124,0,1
3125,0,1
3126,0,1
3127,0,1
3128,0,1
3129,0,1
3130,0,1
3131,0,0
3132,0,0
3133,0,0
3134,0,0
3135,0,0
3136,0,0
3137,0,0
3138,0,0
3139,0,0
3140,0,0
3141,0,0
3142,0,0
3143,0,0
3144,0,0
3145,0,0
3146,0,0
3147,0,0
3148,0,0
3149,0,0
3150,0,0
3151,0,0
3152,0,0
3153,0,0
3154,0,0
3155,0,0
3156,0,0
3157,0,0
3158,0,0
3159,0,0
3160,0,0
3161,0,0
3162,0,0
3163,0,0
3164,0,0
3165,0,0
3166,0,0
3167,0,0
3168,0,0
3169,0,0
3170,0,0
3171,0,0
3172,0,0
3173,0,0
3174,0,0
3175,0,0
3176,0,0
3177,0,0
3178,0,0
3179,0,0
3180,0,0
3181,0,0
3182,0,0
3183,0,1
3184,0,1
3185,0,1
3186,0,1
3187,0,1
3188,0,1
3189,0,1
3190,0,1
3191,0,0
3192,0,0
3193,0,1
3194,0,0
3195,0,1
3196,0,1
3197,0,1
3198,0,1
3199,0,1
3200,0,1
3201,0,0
3202,0,0
3203,0,0
3204,0,0
3205,0,0
3206,0,0
3207,0,0
3208,0,0
3209,0,0
3210,0,0
3211,0,0
3212,0,0
3213,0,0
3214,0,0
3215,0,0
3216,0,0
3217,0,0
3218,0,0
3219,0,0
3220,0,0
3221,0,0
3222,0,0
3223,0,0
3224,0,0
3225,0,0
3226,0,0
3227,0,0
3228,0,0
3229,0,0
3230,0,0
3231,0,0
3232,0,0
3233,0,0
3234,0,0
3235,0,0
3236,0,0
3237,0,0
3238,0,0
3239,0,0
3240,0,0
3241,0,0
3242,0,0
3243,0,0
3244,0,0
3245,0,0
3246,0,0
3247,0,0
3248,0,0
3249,0,0
3250,0,1
3251,0,0
3252,0,0
3253,0,0
3254,0,1
3255,0,0
3256,0,1
3257,0,1
3258,0,1
3259,0,1
3260,0,0
3261,0,0
3262,0,1
3263,0,1
3264,0,0
3265,0,1
3266,0,1
3267,0,1
3268,0,1
3269,0,0
3270,0,0
3271,0,0
3272,0,0
3273,0,0
3274,0,0
3275,0,0
3276,0,0
3277,0,0
3278,0,0
3279,0,0
3280,0,0
3281,0,0
3282,0,0
3283,0,0
3284,0,0
3285,0,0
3286,0,0
3287,0,0
3288,0,0
3289,0,0
3290,0,0
3291,0,0
3292,0,0
3293,0,0
3294,0,0
3295,0,0
3296,0,0
3297,0,1
3298,0,0
3299,0,0
3300,0,0
3301,0,0
3302,0,0
3303,0,0
3304,0,0
3305,0,0
3306,0,0
3307,0,0
3308,0,0
3309,0,0
3310,0,0
3311,0,0
3312,0,0
3313,0,0
3314,0,0
3315,0,0
3316,0,0
3317,0,0
3318,0,0
3319,0,0
3320,0,0
3321,0,0
3322,0,0
3323,0,0
3324,0,0
3325,0,0
3326,0,1
3327,0,1
3328,0,1
3329,0,1
3330,0,0
3331,0,0
3332,0,0
3333,0,1
3334,0,0
3335,0,0
3336,0,1
3337,0,1
3338,0,0
3339,0,0
3340,0,0
3341,0,0
3342,0,0
3343,0,0
3344,0,0
3345,0,0
3346,0,0
3347,0,0
3348,0,0
3349,0,0
3350,0,0
3351,0,0
3352,0,0
3353,0,0
3354,0,0
3355,0,0
3356,0,0
3357,0,0
3358,0,0
3359,0,0
3360,0,0
3361,0,0
3362,0,0
3363,0,0
3364,0,0
3365,0,0
3366,0,0
3367,0,0
3368,0,0
3369,0,0
3370,0,0
3371,0,0
3372,0,0
3373,0,0
3374,0,0
3375,0,0
3376,0,0
3377,0,0
3378,0,0
3379,0,0
3380,0,0
3381,0,0
3382,0,0
3383,0,0
3384,0,0
3385,0,0
3386,0,0
3387,0,0
3388,0,0
3389,0,0
3390,0,0
3391,0,0
3392,0,0
3393,0,0
3394,0,0
3395,0,0
3396,0,0
3397,0,0
3398,0,0
3399,0,0
3400,0,0
3401,0,0
3402,0,0
3403,0,0
3404,0,0
3405,0,0
3406,0,1
3407,0,0
3408,0,1
3409,0,0
3410,0,0
3411,0,0
3412,0,0
3413,0,0
3414,0,0
3415,0,0
3416,0,0
3417,0,0
3418,0,0
3419,0,0
3420,0,0
3421,0,0
3422,0,0
3423,0,0
3424,0,0
3425,0,0
3426,0,0
3427,0,0
3428,0,0
3429,0,0
3430,0,0
3431,0,0
3432,0,0
3433,0,0
3434,0,0
3435,0,0
3436,0,0
3437,0,0
3438,0,0
3439,0,0
3440,0,0
3441,0,0
3442,0,0
3443,0,0
3444,0,0
3445,0,0
3446,0,0
3447,0,0
3448,0,0
3449,0,0
3450,0,0
3451,0,0
3452,0,0
3453,0,0
3454,0,0
3455,0,0
3456,0,0
3457,0,0
3458,0,0
3459,0,0
3460,0,0
3461,0,0
3462,0,0
3463,0,0
3464,0,0
3465,0,0
3466,0,0
3467,0,0
3468,0,1
3469,0,0
3470,0,0
3471,0,0
3472,0,0
3473,0,0
3474,0,0
3475,0,0
3476,0,1
3477,0,0
3478,0,0
3479,0,0
3480,0,0
3481,0,0
3482,0,0
3483,0,0
3484,0,0
3485,0,0
3486,0,0
3487,0,0
3488,0,0
3489,0,0
3490,0,0
3491,0,0
3492,0,0
3493,0,0
3494,0,0
3495,0,0
3496,0,0
3497,0,0
3498,0,0
3499,0,0
3500,0,0
3501,0,0
3502,0,0
3503,0,0
3504,0,0
3505,0,0
3506,0,0
3507,0,0
3508,0,0
3509,0,0
3510,0,0
3511,0,1
3512,0,0
3513,0,0
3514,0,0
3515,0,0
3516,0,0
3517,0,0
3518,0,0
3519,0,0
3520,0,0
3521,0,0
3522,0,0
3523,0,0
3524,0,0
3525,0,0
3526,0,0
3527,0,0
3528,0,0
3529,0,0
3530,0,0
3531,0,0
3532,0,0
3533,0,0
3534,0,0
3535,0,0
3536,0,0
3537,0,0
3538,0,0
3539,0,0
3540,0,0
3541,0,0
3542,0,0
3543,0,0
3544,0,0
3545,0,0
3546,0,0
3547,0,0
3548,0,0
3549,0,1
3550,0,0
3551,0,0
3552,0,0
3553,0,0
3554,0,1
3555,0,1
3556,0,0
3557,0,0
3558,0,0
3559,0,0
3560,0,0
3561,0,0
3562,0,0
3563,0,0
3564,0,0
3565,0,0
3566,0,0
3567,0,0
3568,0,0
3569,0,0
3570,0,0
3571,0,0
3572,0,0
3573,0,0
3574,0,0
3575,0,0
3576,0,0
3577,0,0
3578,0,0
3579,0,0
3580,0,0
3581,0,0
3582,0,0
3583,0,0
3584,0,0
3585,0,0
3586,0,0
3587,0,0
3588,0,0
3589,0,0
3590,0,0
3591,0,0
3592,0,0
3593,0,0
3594,0,0
3595,0,0
3596,0,0
3597,0,0
3598,0,0
3599,0,0
3600,0,0
3601,0,0
3602,0,0
3603,0,0
3604,0,0
3605,0,0
3606,0,0
3607,0,0
3608,0,0
3609,0,0
3610,0,0
3611,0,1
3612,0,0
3613,0,0
3614,0,0
3615,0,0
3616,0,0
3617,0,0
3618,0,0
3619,0,0
3620,0,0
3621,0,0
3622,0,0
3623,0,0
3624,0,0
3625,0,0
3626,0,0
3627,0,0
3628,0,0
3629,0,0
3630,0,0
3631,0,0
3632,0,0
3633,0,0
3634,0,0
3635,0,0
3636,0,0
3637,0,0
3638,0,0
3639,0,0
3640,0,0
3641,0,0
3642,0,0
3643,0,0
3644,0,0
3645,0,0
3646,0,0
3647,0,0
3648,0,0
3649,0,0
3650,0,0
3651,0,0
3652,0,0
3653,0,0
3654,0,0
3655,0,0
3656,0,0
3657,0,0
3658,0,0
3659,0,0
3660,0,0
3661,0,0
3662,0,0
3663,0,0
3664,0,0
3665,0,0
3666,0,0
3667,0,0
3668,0,0
3669,0,0
3670,0,0
3671,0,0
3672,0,0
3673,0,0
3674,0,0
3675,0,0
3676,0,0
3677,0,0
3678,0,0
3679,0,0
3680,0,0
3681,0,0
3682,0,0
3683,0,0
3684,0,0
3685,0,0
3686,0,0
3687,0,0
3688,0,0
3689,0,0
3690,0,0
3691,0,0
3692,0,0
3693,0,0
3694,0,1
3695,0,1
3696,0,0
3697,0,0
3698,0,0
3699,0,0
3700,0,0
3701,0,0
3702,0,0
3703,0,0
3704,0,0
3705,0,1
3706,0,0
3707,0,0
3708,0,0
3709,0,0
3710,0,0
3711,0,0
3712,0,0
3713,0,0
3714,0,0
3715,0,0
3716,0,0
3717,0,0
3718,0,0
3719,0,0
3720,0,0
3721,0,0
3722,0,0
3723,0,0
3724,0,0
3725,0,0
3726,0,0
3727,0,0
3728,0,0
3729,0,0
3730,0,0
3731,0,0
3732,0,0
3733,0,0
3734,0,0
3735,0,0
3736,0,0
3737,0,0
3738,0,0
3739,0,0
3740,0,0
3741,0,0
3742,0,0
3743,0,0
3744,0,0
3745,0,0
3746,0,0
3747,0,0
3748,0,0
3749,0,0
3750,0,0
3751,0,0
3752,0,0
3753,0,0
3754,0,0
3755,0,0
3756,0,0
3757,0,0
3758,0,0
3759,0,0
3760,0,0
3761,0,0
3762,0,0
3763,0,0
3764,0,0
3765,0,0
3766,0,0
3767,0,0
3768,0,0
3769,0,0
3770,0,0
3771,0,0
3772,0,0
3773,0,0
3774,0,0
3775,0,0
3776,0,0
3777,0,0
3778,0,0
3779,0,1
3780,0,0
3781,0,0
3782,0,0
3783,0,0
3784,0,0
3785,0,0
3786,0,0
3787,0,0
3788,0,0
3789,0,0
3790,0,0
3791,0,0
3792,0,0
3793,0,0
3794,0,0
3795,0,0
3796,0,0
3797,0,0
3798,0,0
3799,0,0
3800,0,0
3801,0,0
3802,0,0
3803,0,0
3804,0,0
3805,0,0
3806,0,0
3807,0,0
3808,0,0
3809,0,0
3810,0,0
3811,0,0
3812,0,0
3813,0,0
3814,0,0
3815,0,0
3816,0,0
3817,0,0
3818,0,0
3819,0,0
3820,0,0
3821,0,0
3822,0,0
3823,0,0
3824,0,0
3825,0,0
3826,0,0
3827,0,0
3828,0,0
3829,0,0
3830,0,0
3831,0,0
3832,0,0
3833,0,0
3834,0,0
3835,0,0
3836,0,0
3837,0,0
3838,0,0
3839,0,0
3840,0,0
3841,0,0
3842,0,0
3843,0,0
3844,0,0
3845,0,0
3846,0,0
3847,0,0
3848,0,0
3849,0,0
3850,0,0
3851,0,0
3852,0,0
3853,0,0
3854,0,0
3855,0,1
3856,0,0
3857,0,0
3858,0,0
3859,0,0
3860,0,0
3861,0,0
3862,0,0
3863,0,0
3864,0,0
3865,0,0
3866,0,0
3867,0,0
3868,0,0
3869,0,0
3870,0,0
3871,0,0
3872,0,0
3873,0,0
3874,0,0
3875,0,0
3876,0,0
3877,0,0
3878,0,0
3879,0,0
3880,0,0
3881,0,0
3882,0,0
3883,0,0
3884,0,0
3885,0,0
3886,0,0
3887,0,0
3888,0,0
3889,0,0
3890,0,0
3891,0,0
3892,0,0
3893,0,0
3894,0,0
3895,0,0
3896,0,0
3897,0,0
3898,0,0
3899,0,0
3900,0,0
3901,0,0
3902,0,0
3903,0,0
3904,0,0
3905,0,0
3906,0,0
3907,0,0
3908,0,0
3909,0,0
3910,0,0
3911,0,0
3912,0,0
3913,0,0
3914,0,1
3915,0,0
3916,0,0
3917,0,0
3918,0,1
3919,0,0
3920,0,0
3921,0,0
3922,0,0
3923,0,0
3924,0,0
3925,0,0
3926,0,0
3927,0,0
3928,0,0
3929,0,0
3930,0,0
3931,0,0
3932,0,0
3933,0,0
3934,0,0
3935,0,0
3936,0,0
3937,0,0
3938,0,0
3939,0,0
3940,0,0
3941,0,0
3942,0,0
3943,0,0
3944,0,0
3945,0,0
3946,0,0
3947,0,0
3948,0,0
3949,0,0
3950,0,0
3951,0,0
3952,0,0
3953,0,0
3954,0,0
3955,0,0
3956,0,0
3957,0,0
3958,0,0
3959,0,0
3960,0,0
3961,0,0
3962,0,0
3963,0,0
3964,0,0
3965,0,0
3966,0,0
3967,0,0
3968,0,0
3969,0,0
3970,0,0
3971,0,0
3972,0,0
3973,0,0
3974,0,0
3975,0,0
3976,0,0
3977,0,0
3978,0,0
3979,0,0
3980,0,0
3981,0,0
3982,0,0
3983,0,0
3984,0,0
3985,0,0
3986,0,0
3987,0,0
3988,0,0
3989,0,0
3990,0,0
3991,0,1
3992,0,1
3993,0,0
3994,0,0
3995,0,0
3996,0,0
3997,0,0
3998,0,0
3999,0,0
4000,0,0
4001,0,0
4002,0,0
4003,0,0
4004,0,0
4005,0,0
4006,0,0
4007,0,0
4008,0,0
4009,0,0
4010,0,0
4011,0,0
4012,0,0
4013,0,0
4014,0,0
4015,0,0
4016,0,0
4017,0,0
4018,0,0
4019,0,0
4020,0,0
4021,0,0
4022,0,0
4023,0,0
4024,0,0
4025,0,0
4026,0,0
4027,0,0
4028,0,0
4029,0,0
4030,0,0
4031,0,0
4032,0,0
4033,0,0
4034,0,0
4035,0,0
4036,0,0
4037,0,0
4038,0,0
4039,0,0
4040,0,0
4041,0,0
4042,0,0
4043,0,0
4044,0,0
4045,0,0
4046,0,0
4047,0,0
4048,0,0
4049,0,0
4050,0,0
4051,0,0
4052,0,0
4053,0,0
4054,0,0
4055,0,0
4056,0,0
4057,0,0
4058,0,0
4059,0,0
4060,0,0
4061,0,0
4062,0,0
4063,0,0
4064,0,0
4065,0,1
4066,0,0
4067,0,0
4068,0,0
4069,0,0
4070,0,0
4071,0,0
4072,0,0
4073,0,0
4074,0,0
4075,0,0
4076,0,0
4077,0,0
4078,0,0
4079,0,0
4080,0,0
4081,0,0
4082,0,0
4083,0,0
4084,0,0
4085,0,0
4086,0,0
4087,0,0
4088,0,0
4089,0,0
4090,0,0
4091,0,0
4092,0,0
4093,0,0
4094,0,0
4095,0,0
4096,0,0
4097,0,0
4098,0,0
4099,0,0
4100,0,0
4101,0,0
4102,0,0
4103,0,0
4104,0,0
4105,0,0
4106,0,0
4107,0,0
4108,0,0
4109,0,0
4110,0,0
4111,0,0
4112,0,0
4113,0,0
4114,0,0
4115,0,0
4116,0,0
4117,0,0
4118,0,0
4119,0,0
4120,0,0
4121,0,0
4122,0,0
4123,0,0
4124,0,0
4125,0,0
4126,0,0
4127,0,0
4128,0,0
4129,0,0
4130,0,0
4131,0,0
4132,0,0
4133,0,0
4134,0,0
4135,0,0
4136,0,0
4137,0,0
4138,0,1
4139,0,0
4140,0,0
4141,0,0
4142,0,0
4143,0,0
4144,0,0
4145,0,0
4146,0,0
4147,0,0
4148,0,0
4149,0,0
4150,0,0
4151,0,0
4152,0,0
4153,0,0
4154,0,0
4155,0,0
4156,0,0
4157,0,0
4158,0,0
4159,0,0
4160,0,0
4161,0,0
4162,0,0
4163,0,0
4164,0,0
4165,0,0
4166,0,0
4167,0,0
4168,0,0
4169,0,0
4170,0,0
4171,0,0
4172,0,0
4173,0,0
4174,0,0
4175,0,0
4176,0,0
4177,0,0
4178,0,0
4179,0,0
4180,0,0
4181,0,0
4182,0,0
4183,0,0
4184,0,0
4185,0,0
4186,0,0
4187,0,0
4188,0,0
4189,0,0
4190,0,0
4191,0,0
4192,0,0
4193,0,0
4194,0,0
4195,0,0
4196,0,0
4197,0,0
4198,0,0
4199,0,0
4200,0,0
4201,0,0
4202,0,0
4203,0,0
4204,0,0
4205,0,0
4206,0,0
4207,0,1
4208,0,0
4209,0,1
4210,0,0
4211,0,0
4212,0,0
4213,0,0
4214,0,0
4215,0,0
4216,0,0
4217,0,0
4218,0,0
4219,0,0
4220,0,0
4221,0,0
4222,0,0
4223,0,0
4224,0,0
4225,0,0
4226,0,0
4227,0,0
4228,0,0
4229,0,0
4230,0,0
4231,0,0
4232,0,0
4233,0,0
4234,0,0
4235,0,0
4236,0,0
4237,0,0
4238,0,0
4239,0,0
4240,0,0
4241,0,0
4242,0,0
4243,0,0
4244,0,0
4245,0,0
4246,0,0
4247,0,0
4248,0,0
4249,0,0
4250,0,0
4251,0,0
4252,0,0
4253,0,0
4254,0,0
4255,0,0
4256,0,0
4257,0,0
4258,0,0
4259,0,0
4260,0,0
4261,0,0
4262,0,0
4263,0,0
4264,0,0
4265,0,0
4266,0,0
4267,0,0
4268,0,0
4269,0,0
4270,0,0
4271,0,0
4272,0,0
4273,0,0
4274,0,0
4275,0,0
4276,0,0
4277,0,0
4278,0,0
4279,0,0
4280,0,0
4281,0,0
4282,0,0
4283,0,0
4284,0,0
4285,0,0
4286,0,0
4287,0,0
4288,0,0
4289,0,0
4290,0,0
4291,0,0
4292,0,0
4293,0,0
4294,0,0
4295,0,0
4296,0,0
4297,0,0
4298,0,0
4299,0,0
4300,0,0
4301,0,0
4302,0,0
4303,0,0
4304,0,0
4305,0,0
4306,0,0
4307,0,0
4308,0,0
4309,0,0
4310,0,0
4311,0,0
4312,0,0
4313,0,0
4314,0,0
4315,0,0
4316,0,0
4317,0,0
4318,0,0
4319,0,0
4320,0,0
4321,0,0
4322,0,0
4323,0,0
4324,0,0
4325,0,0
4326,0,0
4327,0,0
4328,0,0
4329,0,0
4330,0,0
4331,0,0
4332,0,0
4333,0,0
4334,0,0
4335,0,0
4336,0,0
4337,0,0
4338,0,0
4339,0,0
4340,0,0
4341,0,0
4342,0,0
4343,0,0
4344,0,0
4345,0,0
4346,0,0
4347,0,0
4348,0,0
4349,0,0
4350,0,0
4351,0,0
4352,0,0
4353,0,0
4354,0,0
4355,0,0
4356,0,0
4357,0,0
4358,0,0
4359,0,0
4360,0,0
4361,0,0
4362,0,0
4363,0,0
4364,0,0
4365,0,0
4366,0,0
4367,0,0
4368,0,0
4369,0,0
4370,0,0
4371,0,0
4372,0,0
4373,0,0
4374,0,0
4375,0,0
4376,0,0
4377,0,0
4378,0,0
4379,0,0
4380,0,0
4381,0,0
4382,0,0
4383,0,0
4384,0,0
4385,0,0
4386,0,0
4387,0,0
4388,0,0
4389,0,0
4390,0,0
4391,0,0
4392,0,0
4393,0,0
4394,0,0
4395,0,0
4396,0,0
4397,0,0
4398,0,0
4399,0,0
4400,0,0
4401,0,0
4402,0,0
4403,0,0
4404,0,0
4405,0,0
4406,0,0
4407,0,0
4408,0,0
4409,0,0
4410,0,0
4411,0,0
4412,0,0
4413,0,0
4414,0,0
4415,0,0
4416,0,0
4417,0,0
4418,0,0
4419,0,0
4420,0,0
4421,0,0
4422,0,0
4423,0,0
4424,0,0
4425,0,0
4426,0,0
4427,0,0
4428,0,0
4429,0,0
4430,0,0
4431,0,0
4432,0,0
4433,0,0
4434,0,0
4435,0,0
4436,0,0
4437,0,0
4438,0,0
4439,0,0
4440,0,0
4441,0,0
4442,0,0
4443,0,0
4444,0,0
4445,0,0
4446,0,0
4447,0,0
4448,0,0
4449,0,0
4450,0,0
4451,0,0
4452,0,0
4453,0,0
4454,0,0
4455,0,0
4456,0,0
4457,0,0
4458,0,0
4459,0,0
4460,0,0
4461,0,0
4462,0,0
4463,0,0
4464,0,0
4465,0,0
4466,0,0
4467,0,0
4468,0,0
4469,0,0
4470,0,0
4471,0,0
4472,0,0
4473,0,0
4474,0,0
4475,0,0
4476,0,0
4477,0,0
4478,0,0
4479,0,0
4480,0,0
4481,0,0
4482,0,0
4483,0,0
4484,0,0
4485,0,0
4486,0,0
4487,0,0
4488,0,0
4489,0,0
4490,0,0
4491,0,0
4492,0,0
4493,0,0
4494,0,0
4495,0,0
4496,0,0
4497,0,0
4498,0,0
4499,0,0
4500,0,0
4501,0,0
4502,0,0
4503,0,0
4504,0,0
4505,0,0
4506,0,0
4507,0,0
4508,0,0
4509,0,0
4510,0,0
4511,0,0
4512,0,0
4513,0,0
4514,0,0
4515,0,0
4516,0,0
4517,0,0
4518,0,1
4519,0,0
4520,0,0
4521,0,0
4522,0,0
4523,0,0
4524,0,0
4525,0,0
4526,0,0
4527,0,0
4528,0,0
4529,0,0
4530,0,0
4531,0,0
4532,0,0
4533,0,0
4534,0,0
4535,0,0
4536,0,0
4537,0,0
4538,0,0
4539,0,0
4540,0,0
4541,0,0
4542,0,0
4543,0,0
4544,0,0
4545,0,0
4546,0,0
4547,0,0
4548,0,0
4549,0,0
4550,0,0
4551,0,0
4552,0,0
4553,0,0
4554,0,0
4555,0,0
4556,0,0
4557,0,0
4558,0,0
4559,0,0
4560,0,0
4561,0,0
4562,0,0
4563,0,0
4564,0,0
4565,0,0
4566,0,0
4567,0,0
4568,0,0
4569,0,0
4570,0,0
4571,0,0
4572,0,0
4573,0,0
4574,0,0
4575,0,0
4576,0,0
4577,0,0
4578,0,0
4579,0,0
4580,0,0
4581,0,0
4582,0,0
4583,0,0
4584,0,0
4585,0,0
4586,0,0
4587,0,0
4588,0,0
4589,0,0
4590,0,0
4591,0,0
4592,0,0
4593,0,0
4594,0,0
4595,0,0
4596,0,0
4597,0,0
4598,0,0
4599,0,0
4600,0,0
4601,0,0
4602,0,0
4603,0,0
4604,0,0
4605,0,0
4606,0,0
4607,0,0
4608,0,0
4609,0,0
4610,0,0
4611,0,0
4612,0,0
4613,0,0
4614,0,0
4615,0,0
4616,0,0
4617,0,0
4618,0,0
4619,0,0
4620,0,0
4621,0,0
4622,0,0
4623,0,0
4624,0,0
4625,0,0
4626,0,0
4627,0,0
4628,0,0
4629,0,0
4630,0,0
4631,0,0
4632,0,0
4633,0,0
4634,0,0
4635,0,0
4636,0,0
4637,0,0
4638,0,0
4639,0,0
4640,0,0
4641,0,0
4642,0,0
4643,0,0
4644,0,0
4645,0,0
4646,0,0
4647,0,0
4648,0,0
4649,0,0
4650,0,0
4651,0,0
4652,0,0
4653,0,0
4654,0,0
4655,0,0
4656,0,0
4657,0,0
4658,0,0
4659,0,0
4660,0,0
4661,0,0
4662,0,0
4663,0,0
4664,0,0
4665,0,0
4666,0,0
4667,0,0
4668,0,0
4669,0,0
4670,0,0
4671,0,0
4672,0,0
4673,0,0
4674,0,0
4675,0,0
4676,0,0
4677,0,0
4678,0,0
4679,0,0
4680,0,0
4681,0,0
4682,0,0
4683,0,0
4684,0,0
4685,0,0
4686,0,0
4687,0,0
4688,0,0
4689,0,0
4690,0,0
4691,0,0
4692,0,0
4693,0,0
4694,0,0
4695,0,0
4696,0,0
4697,0,0
4698,0,0
4699,0,0
4700,0,0
4701,0,0
4702,0,0
4703,0,0
4704,0,0
4705,0,0
4706,0,0
4707,0,0
4708,0,0
4709,0,0
4710,0,0
4711,0,0
4712,0,0
4713,0,0
4714,0,0
4715,0,0
4716,0,0
4717,0,0
4718,0,0
4719,0,0
4720,0,0
4721,0,0
4722,0,0
4723,0,0
4724,0,0
4725,0,0
4726,0,0
4727,0,0
4728,0,0
4729,0,0
4730,0,0
4731,0,0
4732,0,0
4733,0,0
4734,0,0
4735,0,0
4736,0,0
4737,0,0
4738,0,0
4739,0,0
4740,0,0
4741,0,0
4742,0,0
4743,0,0
4744,0,0
4745,0,0
4746,0,0
4747,0,0
4748,0,0
4749,0,0
4750,0,0
4751,0,0
4752,0,0
4753,0,0
4754,0,0
4755,0,0
4756,0,0
4757,0,0
4758,0,0
4759,0,0
4760,0,0
4761,0,0
4762,0,0
4763,0,0
4764,0,0
4765,0,0
4766,0,0
4767,0,0
4768,0,0
4769,0,0
4770,0,0
4771,0,0
4772,0,0
4773,0,0
4774,0,0
4775,0,0
4776,0,0
4777,0,0
4778,0,0
4779,0,0
4780,0,0
4781,0,0
4782,0,0
4783,0,0
4784,0,0
4785,0,0
4786,0,0
4787,0,0
4788,0,0
4789,0,0
4790,0,0
4791,0,0
4792,0,0
4793,0,0
4794,0,0
4795,0,0
4796,0,0
4797,0,0
4798,0,0
4799,0,0
4800,0,0
4801,0,0
4802,0,0
4803,0,0
4804,0,0
4805,0,0
4806,0,0
4807,0,0
4808,0,0
4809,0,0
4810,0,0
4811,0,0
4812,0,0
4813,0,0
4814,0,0
4815,0,0
4816,0,0
4817,0,0
4818,0,1
4819,0,0
4820,0,0
4821,0,0
4822,0,0
4823,0,0
4824,0,0
4825,0,0
4826,0,0
4827,0,0
4828,0,0
4829,0,0
4830,0,0
4831,0,0
4832,0,0
4833,0,0
4834,0,0
4835,0,0
4836,0,0
4837,0,0
4838,0,0
4839,0,0
4840,0,0
4841,0,0
4842,0,0
4843,0,0
4844,0,0
4845,0,0
4846,0,0
4847,0,0
4848,0,0
4849,0,0
4850,0,0
4851,0,0
4852,0,0
4853,0,0
4854,0,0
4855,0,0
4856,0,0
4857,0,0
4858,0,0
4859,0,0
4860,0,0
4861,0,0
4862,0,0
4863,0,0
4864,0,0
4865,0,0
4866,0,0
4867,0,0
4868,0,0
4869,0,0
4870,0,0
4871,0,0
4872,0,0
4873,0,0
4874,0,1
4875,0,0
4876,0,0
4877,0,0
4878,0,0
4879,0,0
4880,0,0
4881,0,0
4882,0,0
4883,0,0
4884,0,0
4885,0,0
4886,0,0
4887,0,0
4888,0,0
4889,0,0
4890,0,0
4891,0,0
4892,0,0
4893,0,0
4894,0,0
4895,0,0
4896,0,0
4897,0,0
4898,0,0
4899,0,0
4900,0,0
4901,0,0
4902,0,0
4903,0,0
4904,0,0
4905,0,0
4906,0,0
4907,0,0
4908,0,0
4909,0,0
4910,0,0
4911,0,0
4912,0,0
4913,0,0
4914,0,0
4915,0,0
4916,0,0
4917,0,0
4918,0,0
4919,0,0
4920,0,0
4921,0,0
4922,0,0
4923,0,0
4924,0,0
4925,0,0
4926,0,0
4927,0,0
4928,0,0
4929,0,0
4930,0,0
4931,0,0
4932,0,0
4933,0,0
4934,0,0
4935,0,0
4936,0,0
4937,0,0
4938,0,0
4939,0,0
4940,0,0
4941,0,0
4942,0,0
4943,0,0
4944,0,0
4945,0,0
4946,0,0
4947,0,0
4948,0,0
4949,0,0
4950,0,0
4951,0,0
4952,0,0
4953,0,0
4954,0,0
4955,0,0
4956,0,0
4957,0,0
4958,0,0
4959,0,0
4960,0,0
4961,0,0
4962,0,0
4963,0,0
4964,0,0
4965,0,0
4966,0,0
4967,0,0
4968,0,0
4969,0,0
4970,0,0
4971,0,0
4972,0,0
4973,0,0
4974,0,0
4975,0,0
4976,0,0
4977,0,0
4978,0,0
4979,0,0
4980,0,0
4981,0,0
4982,0,0
4983,0,0
4984,0,0
4985,0,0
4986,0,0
4987,0,0
4988,0,0
4989,0,0
4990,0,0
4991,0,0
4992,0,0
4993,0,0
4994,0,0
4995,0,0
4996,0,0
4997,0,0
4998,0,0
4999,0,0
5000,0,0
5001,0,0
5002,0,0
5003,0,0
5004,0,0
5005,0,0
5006,0,0
5007,0,0
5008,0,0
5009,0,0
5010,0,0
5011,0,0
5012,0,0
5013,0,0
5014,0,0
5015,0,0
5016,0,0
5017,0,0
5018,0,0
5019,0,0
5020,0,0
5021,0,0
5022,0,0
5023,0,0
5024,0,0
5025,0,0
5026,0,0
5027,0,1
5028,0,1
5029,0,0
5030,0,0
5031,0,0
5032,0,0
5033,0,0
5034,0,0
5035,0,0
5036,0,0
5037,0,0
5038,0,0
5039,0,0
5040,0,0
5041,0,0
5042,0,0
5043,0,0
5044,0,0
5045,0,0
5046,0,0
5047,0,0
5048,0,0
5049,0,0
5050,0,0
5051,0,0
5052,0,0
5053,0,0
5054,0,0
5055,0,0
5056,0,0
5057,0,0
5058,0,0
5059,0,0
5060,0,0
5061,0,0
5062,0,0
5063,0,0
5064,0,0
5065,0,0
5066,0,0
5067,0,0
5068,0,0
5069,0,0
5070,0,0
5071,0,0
5072,0,0
5073,0,0
5074,0,0
5075,0,0
5076,0,0
5077,0,0
5078,0,0
5079,0,0
5080,0,0
5081,0,0
5082,0,0
5083,0,0
5084,0,0
5085,0,0
5086,0,0
5087,0,0
5088,0,0
5089,0,0
5090,0,0
5091,0,0
5092,0,0
5093,0,0
5094,0,0
5095,0,0
5096,0,0
5097,0,0
5098,0,0
5099,0,0
5100,0,0
5101,0,0
5102,0,0
5103,0,0
5104,0,0
5105,0,0
5106,0,0
5107,0,0
5108,0,0
5109,0,0
5110,0,0
5111,0,0
5112,0,0
5113,0,0
5114,0,0
5115,0,0
5116,0,0
5117,0,0
5118,0,0
5119,0,0
5120,0,0
5121,0,0
5122,0,0
5123,0,0
5124,0,0
5125,0,0
5126,0,0
5127,0,0
5128,0,0
5129,0,0
5130,0,0
5131,0,0
5132,0,0
5133,0,0
5134,0,0
5135,0,0
5136,0,0
5137,0,0
5138,0,0
5139,0,0
5140,0,0
5141,0,0
5142,0,0
5143,0,0
5144,0,0
5145,0,0
5146,0,0
5147,0,0
5148,0,0
5149,0,0
5150,0,0
5151,0,0
5152,0,0
5153,0,0
5154,0,0
5155,0,0
5156,0,0
5157,0,0
5158,0,0
5159,0,0
5160,0,0
5161,0,0
5162,0,0
5163,0,0
5164,0,0
5165,0,0
5166,0,0
5167,0,0
5168,0,0
5169,0,0
5170,0,0
5171,0,0
5172,0,0
5173,0,0
5174,0,0
5175,0,0
5176,0,0
5177,0,0
5178,0,0
5179,0,0
5180,0,0
5181,0,0
5182,0,0
5183,0,0
5184,0,0
5185,0,0
5186,0,0
5187,0,0
5188,0,0
5189,0,0
5190,0,0
5191,0,0
5192,0,0
5193,0,0
5194,0,0
5195,0,0
5196,0,0
5197,0,0
5198,0,0
5199,0,0
5200,0,0
5201,0,0
5202,0,0
5203,0,0
5204,0,0
5205,0,0
5206,0,0
5207,0,0
5208,0,0
5209,0,0
5210,0,0
5211,0,0
5212,0,0
5213,0,0
5214,0,0
5215,0,0
5216,0,0
5217,0,0
5218,0,0
5219,0,0
5220,0,0
5221,0,0
5222,0,0
5223,0,0
5224,0,0
5225,0,0
5226,0,0
5227,0,0
5228,0,0
5229,0,0
5230,0,0
5231,0,0
5232,0,0
5233,0,0
5234,0,0
5235,0,0
5236,0,0
5237,0,0
5238,0,1
5239,0,0
5240,0,0
5241,0,0
5242,0,0
5243,0,0
5244,0,0
5245,0,0
5246,0,0
5247,0,0
5248,0,0
5249,0,0
5250,0,0
5251,0,0
5252,0,0
5253,0,0
5254,0,0
5255,0,0
5256,0,0
5257,0,0
5258,0,0
5259,0,0
5260,0,0
5261,0,0
5262,0,0
5263,0,0
5264,0,0
5265,0,0
5266,0,0
5267,0,0
5268,0,0
5269,0,1
5270,0,0
5271,0,0
5272,0,0
5273,0,0
5274,0,0
5275,0,0
5276,0,0
5277,0,0
5278,0,0
5279,0,0
5280,0,0
5281,0,0
5282,0,0
5283,0,0
5284,0,0
5285,0,0
5286,0,0
5287,0,0
5288,0,0
5289,0,0
5290,0,0
5291,0,0
5292,0,0
5293,0,0
5294,0,0
5295,0,0
5296,0,0
5297,0,0
5298,0,0
5299,0,0
5300,0,0
5301,0,0
5302,0,0
5303,0,0
5304,0,0
5305,0,0
5306,0,0
5307,0,0
5308,0,0
5309,0,0
5310,0,0
5311,0,0
5312,0,0
5313,0,0
5314,0,0
5315,0,0
5316,0,0
5317,0,0
5318,0,0
5319,0,0
5320,0,0
5321,0,0
5322,0,0
5323,0,0
5324,0,0
5325,0,0
5326,0,0
5327,0,0
5328,0,0
5329,0,0
5330,0,0
5331,0,0
5332,0,0
5333,0,0
5334,0,0
5335,0,0
5336,0,0
5337,0,0
5338,0,0
5339,0,0
5340,0,0
5341,0,0
5342,0,0
5343,0,0
5344,0,0
5345,0,0
5346,0,0
5347,0,0
5348,0,0
5349,0,0
5350,0,0
5351,0,0
5352,0,0
5353,0,0
5354,0,0
5355,0,0
5356,0,0
5357,0,0
5358,0,0
5359,0,0
5360,0,0
5361,0,0
5362,0,0
5363,0,0
5364,0,0
5365,0,0
5366,0,0
5367,0,0
5368,0,0
5369,0,0
5370,0,0
5371,0,0
5372,0,0
5373,0,0
5374,0,0
5375,0,0
5376,0,0
5377,0,0
5378,0,0
5379,0,0
5380,0,0
5381,0,0
5382,0,0
5383,0,0
5384,0,0
5385,0,0
5386,0,0
5387,0,0
5388,0,0
5389,0,0
5390,0,0
5391,0,0
5392,0,0
5393,0,0
5394,0,0
5395,0,0
5396,0,0
5397,0,0
5398,0,0
5399,0,0
5400,0,0
5401,0,0
5402,0,0
5403,0,0
5404,0,0
5405,0,0
5406,0,0
5407,0,0
5408,0,0
5409,0,0
5410,0,0
5411,0,0
5412,0,0
5413,0,0
5414,0,0
5415,0,0
5416,0,0
5417,0,0
5418,0,0
5419,0,0
5420,0,0
5421,0,0
5422,0,0
5423,0,0
5424,0,0
5425,0,0
5426,0,0
5427,0,0
5428,0,0
5429,0,0
5430,0,0
5431,0,0
5432,0,0
5433,0,0
5434,0,0
5435,0,0
5436,0,0
5437,0,0
5438,0,0
5439,0,0
5440,0,0
5441,0,0
5442,0,0
5443,0,0
5444,0,0
5445,0,0
5446,0,0
5447,0,0
5448,0,0
5449,0,0
5450,0,0
5451,0,0
5452,0,0
5453,0,0
5454,0,0
5455,0,0
5456,0,0
5457,0,0
5458,0,0
5459,0,0
5460,0,0
5461,0,0
5462,0,0
5463,0,0
5464,0,0
5465,0,0
5466,0,0
5467,0,0
5468,0,0
5469,0,0
5470,0,0
5471,0,0
5472,0,0
5473,0,0
5474,0,0
5475,0,0
5476,0,0
5477,0,0
5478,0,0
5479,0,0
5480,0,0
5481,0,0
5482,0,0
5483,0,0
5484,0,0
5485,0,0
5486,0,0
5487,0,0
5488,0,0
5489,0,0
5490,0,0
5491,0,0
5492,0,0
5493,0,0
5494,0,0
5495,0,0
5496,0,0
5497,0,0
5498,0,0
5499,0,0
5500,0,0
5501,0,0
5502,0,0
5503,0,0
5504,0,0
5505,0,0
5506,0,0
5507,0,0
5508,0,0
5509,0,0
5510,0,0
5511,0,0
5512,0,0
5513,0,0
5514,0,0
5515,0,0
5516,0,0
5517,0,0
5518,0,0
5519,0,0
5520,0,0
5521,0,0
5522,0,0
5523,0,0
5524,0,0
5525,0,0
5526,0,0
5527,0,0
5528,0,0
5529,0,0
5530,0,0
5531,0,0
5532,0,0
5533,0,0
5534,0,0
5535,0,0
5536,0,0
5537,0,0
5538,0,0
5539,0,0
5540,0,0
5541,0,0
5542,0,0
5543,0,0
5544,0,0
5545,0,0
5546,0,0
5547,0,0
5548,0,0
5549,0,0
5550,0,0
5551,0,0
5552,0,0
5553,0,0
5554,0,0
5555,0,0
5556,0,0
5557,0,0
5558,0,0
5559,0,0
5560,0,0
5561,0,0
5562,0,0
5563,0,0
5564,0,0
5565,0,0
5566,0,0
5567,0,0
5568,0,0
5569,0,0
5570,0,0
5571,0,0
5572,0,0
5573,0,0
5574,0,0
5575,0,0
5576,0,0
5577,0,0
5578,0,0
5579,0,0
5580,0,0
5581,0,0
5582,0,1
5583,0,0
5584,0,0
5585,0,0
5586,0,0
5587,0,0
5588,0,0
5589,0,0
5590,0,0
5591,0,0
5592,0,0
5593,0,0
5594,0,0
5595,0,0
5596,0,0
5597,0,0
5598,0,0
5599,0,0
5600,0,0
5601,0,0
5602,0,0
5603,0,0
5604,0,0
5605,0,0
5606,0,0
5607,0,0
5608,0,0
5609,0,0
5610,0,0
5611,0,0
5612,0,0
5613,0,0
5614,0,0
5615,0,0
5616,0,0
5617,0,0
5618,0,0
5619,0,0
5620,0,0
5621,0,0
5622,0,0
5623,0,0
5624,0,0
5625,0,0
5626,0,0
5627,0,0
5628,0,0
5629,0,0
5630,0,0
5631,0,0
5632,0,0
5633,0,0
5634,0,0
5635,0,0
5636,0,0
5637,0,0
5638,0,0
5639,0,0
5640,0,0
5641,0,0
5642,0,0
5643,0,0
5644,0,0
5645,0,0
5646,0,0
5647,0,0
5648,0,0
5649,0,0
5650,0,0
5651,0,0
5652,0,0
5653,0,0
5654,0,0
5655,0,0
5656,0,0
5657,0,0
5658,0,0
5659,0,0
5660,0,0
5661,0,0
5662,0,0
5663,0,0
5664,0,0
5665,0,0
5666,0,0
5667,0,0
5668,0,0
5669,0,0
5670,0,0
5671,0,0
5672,0,0
5673,0,0
5674,0,0
5675,0,0
5676,0,0
5677,0,0
5678,0,0
5679,0,0
5680,0,0
5681,0,0
5682,0,0
5683,0,0
5684,0,0
5685,0,0
5686,0,0
5687,0,0
5688,0,0
5689,0,0
5690,0,0
5691,0,0
5692,0,0
5693,0,0
5694,0,0
5695,0,0
5696,0,0
5697,0,0
5698,0,0
5699,0,0
5700,0,0
5701,0,0
5702,0,0
5703,0,0
5704,0,0
5705,0,0
5706,0,0
5707,0,0
5708,0,0
5709,0,0
5710,0,0
5711,0,0
5712,0,0
5713,0,0
5714,0,0
5715,0,0
5716,0,0
5717,0,0
5718,0,0
5719,0,0
5720,0,0
5721,0,0
5722,0,0
5723,0,0
5724,0,0
5725,0,0
5726,0,0
5727,0,0
5728,0,0
5729,0,0
5730,0,0
5731,0,0
5732,0,1
5733,0,0
5734,0,0
5735,0,0
5736,0,1
5737,0,0
5738,0,0
5739,0,0
5740,0,0
5741,0,0
5742,0,0
5743,0,0
5744,0,0
5745,0,0
5746,0,0
5747,0,0
5748,0,0
5749,0,0
5750,0,0
5751,0,0
5752,0,0
5753,0,0
5754,0,0
5755,0,0
5756,0,0
5757,0,0
5758,0,0
5759,0,0
5760,0,0
5761,0,0
5762,0,0
5763,0,0
5764,0,0
5765,0,0
5766,0,0
5767,0,0
5768,0,1
5769,0,0
5770,0,0
5771,0,0
5772,0,0
5773,0,0
5774,0,0
5775,0,0
5776,0,0
5777,0,0
5778,0,0
5779,0,0
5780,0,0
5781,0,0
5782,0,0
5783,0,0
5784,0,0
5785,0,0
5786,0,0
5787,0,0
5788,0,0
5789,0,0
5790,0,0
5791,0,0
5792,0,0
5793,0,0
5794,0,0
5795,0,0
5796,0,0
5797,0,0
5798,0,0
5799,0,0
5800,0,0
5801,0,0
5802,0,0
5803,0,0
5804,0,0
5805,0,0
5806,0,0
5807,0,0
5808,0,0
5809,0,0
5810,0,0
5811,0,0
5812,0,0
5813,0,0
5814,0,0
5815,0,0
5816,0,0
5817,0,0
5818,0,0
5819,0,0
5820,0,0
5821,0,0
5822,0,0
5823,0,0
5824,0,0
5825,0,0
5826,0,0
5827,0,0
5828,0,0
5829,0,0
5830,0,1
5831,0,0
5832,0,0
5833,0,0
5834,0,0
5835,0,0
5836,0,0
5837,0,0
5838,0,0
5839,0,0
5840,0,0
5841,0,0
5842,0,0
5843,0,0
5844,0,0
5845,0,0
5846,0,0
5847,0,0
5848,0,0
5849,0,0
5850,0,0
5851,0,0
5852,0,0
5853,0,0
5854,0,0
5855,0,0
5856,0,0
5857,0,1
5858,0,0
5859,0,0
5860,0,0
5861,0,0
5862,0,0
5863,0,0
5864,0,0
5865,0,0
5866,0,0
5867,0,0
5868,0,0
5869,0,0
5870,0,0
5871,0,0
5872,0,0
5873,0,0
5874,0,0
5875,0,0
5876,0,0
5877,0,0
5878,0,0
5879,0,0
5880,0,0
5881,0,0
5882,0,1
5883,0,0
5884,0,0
5885,0,0
5886,0,1
5887,0,0
5888,0,0
5889,0,0
5890,0,0
5891,0,0
5892,0,0
5893,0,0
5894,0,0
5895,0,0
5896,0,0
5897,0,0
5898,0,0
5899,0,0
5900,0,0
5901,0,0
5902,0,0
5903,0,0
5904,0,0
5905,0,0
5906,0,0
5907,0,0
5908,0,0
5909,0,0
5910,0,0
5911,0,0
5912,0,1
0,1,2
1,1,2
2,1,2
3,1,3
4,1,2
5,1,1
6,1,3
7,1,2
8,1,2
9,1,2
10,1,3
11,1,3
12,1,2
13,1,3
14,1,2
15,1,3
16,1,2
17,1,2
18,1,2
19,1,2
20,1,2
21,1,2
22,1,2
23,1,2
24,1,3
25,1,3
26,1,3
27,1,3
28,1,3
29,1,3
30,1,3
31,1,3
32,1,3
33,1,3
34,1,3
35,1,3
36,1,3
37,1,3
38,1,3
39,1,3
40,1,3
41,1,3
42,1,3
43,1,3
44,1,3
45,1,3
46,1,3
47,1,2
48,1,3
49,1,2
50,1,3
51,1,3
52,1,3
53,1,2
54,1,2
55,1,2
56,1,2
57,1,2
58,1,2
59,1,3
60,1,3
61,1,3
62,1,3
63,1,3
64,1,3
65,1,3
66,1,3
67,1,3
68,1,3
69,1,3
70,1,3
71,1,3
72,1,3
73,1,3
74,1,3
75,1,3
76,1,3
77,1,3
78,1,3
79,1,3
80,1,3
81,1,3
82,1,2
83,1,3
84,1,3
85,1,2
86,1,3
87,1,3
88,1,3
89,1,2
90,1,3
91,1,3
92,1,3
93,1,3
94,1,3
95,1,2
96,1,2
97,1,3
98,1,3
99,1,3
100,1,3
101,1,3
102,1,3
103,1,3
104,1,3
105,1,3
106,1,3
107,1,3
108,1,3
109,1,3
110,1,3
111,1,3
112,1,3
113,1,3
114,1,3
115,1,3
116,1,3
117,1,3
118,1,3
119,1,3
120,1,3
121,1,3
122,1,3
123,1,3
124,1,3
125,1,3
126,1,3
127,1,3
128,1,3
129,1,3
130,1,3
131,1,3
132,1,3
133,1,3
134,1,3
135,1,3
136,1,3
137,1,3
138,1,2
139,1,2
140,1,3
141,1,3
142,1,3
143,1,3
144,1,3
145,1,3
146,1,3
147,1,3
148,1,3
149,1,3
150,1,3
151,1,3
152,1,3
153,1,3
154,1,3
155,1,3
156,1,3
157,1,2
158,1,2
159,1,2
160,1,2
161,1,2
162,1,3
163,1,3
164,1,3
165,1,3
166,1,3
167,1,3
168,1,3
169,1,3
170,1,3
171,1,3
172,1,3
173,1,3
174,1,3
175,1,3
176,1,3
177,1,3
178,1,3
179,1,3
180,1,3
181,1,3
182,1,3
183,1,3
184,1,3
185,1,2
186,1,3
187,1,3
188,1,3
189,1,3
190,1,3
191,1,3
192,1,3
193,1,3
194,1,3
195,1,3
196,1,3
197,1,3
198,1,3
199,1,3
200,1,3
201,1,3
202,1,3
203,1,3
204,1,2
205,1,2
206,1,2
207,1,3
208,1,3
209,1,3
210,1,3
211,1,3
212,1,3
213,1,3
214,1,3
215,1,2
216,1,3
217,1,3
218,1,3
219,1,3
220,1,3
221,1,3
222,1,3
223,1,3
224,1,3
225,1,3
226,1,3
227,1,3
228,1,3
229,1,3
230,1,3
231,1,3
232,1,2
233,1,2
234,1,2
235,1,3
236,1,3
237,1,3
238,1,3
239,1,3
240,1,3
241,1,3
242,1,3
243,1,3
244,1,3
245,1,3
246,1,3
247,1,3
248,1,3
249,1,3
250,1,3
251,1,3
252,1,3
253,1,3
254,1,2
255,1,3
256,1,3
257,1,3
258,1,3
259,1,3
260,1,3
261,1,3
262,1,3
263,1,2
264,1,3
265,1,3
266,1,3
267,1,3
268,1,3
269,1,3
270,1,3
271,1,3
272,1,3
273,1,3
274,1,3
275,1,3
276,1,2
277,1,3
278,1,3
279,1,3
280,1,3
281,1,3
282,1,1
283,1,3
284,1,3
285,1,3
286,1,3
287,1,3
288,1,3
289,1,3
290,1,3
291,1,3
292,1,3
293,1,3
294,1,3
295,1,3
296,1,3
297,1,3
298,1,3
299,1,3
300,1,3
301,1,3
302,1,3
303,1,2
304,1,2
305,1,3
306,1,3
307,1,3
308,1,3
309,1,3
310,1,3
311,1,3
312,1,2
313,1,2
314,1,3
315,1,3
316,1,3
317,1,3
318,1,3
319,1,3
320,1,3
321,1,3
322,1,3
323,1,3
324,1,3
325,1,3
326,1,3
327,1,3
328,1,3
329,1,2
330,1,3
331,1,3
332,1,3
333,1,2
334,1,2
335,1,3
336,1,3
337,1,3
338,1,3
339,1,2
340,1,2
341,1,3
342,1,3
343,1,3
344,1,3
345,1,3
346,1,3
347,1,3
348,1,3
349,1,3
350,1,3
351,1,3
352,1,3
353,1,3
354,1,3
355,1,3
356,1,2
357,1,3
358,1,3
359,1,3
360,1,3
361,1,3
362,1,3
363,1,3
364,1,3
365,1,2
366,1,3
367,1,3
368,1,3
369,1,3
370,1,3
371,1,3
372,1,3
373,1,3
374,1,3
375,1,3
376,1,3
377,1,3
378,1,3
379,1,3
380,1,3
381,1,3
382,1,3
383,1,3
384,1,3
385,1,3
386,1,3
387,1,2
388,1,2
389,1,3
390,1,3
391,1,3
392,1,3
393,1,3
394,1,3
395,1,3
396,1,3
397,1,3
398,1,3
399,1,3
400,1,3
401,1,3
402,1,3
403,1,3
404,1,3
405,1,3
406,1,3
407,1,3
408,1,3
409,1,3
410,1,3
411,1,3
412,1,2
413,1,2
414,1,3
415,1,3
416,1,3
417,1,3
418,1,3
419,1,3
420,1,3
421,1,3
422,1,3
423,1,3
424,1,3
425,1,3
426,1,3
427,1,3
428,1,3
429,1,3
430,1,3
431,1,3
432,1,3
433,1,3
434,1,3
435,1,3
436,1,3
437,1,3
438,1,3
439,1,3
440,1,3
441,1,3
442,1,3
443,1,3
444,1,3
445,1,3
446,1,2
447,1,2
448,1,3
449,1,3
450,1,3
451,1,3
452,1,3
453,1,3
454,1,3
455,1,3
456,1,3
457,1,3
458,1,3
459,1,3
460,1,3
461,1,3
462,1,3
463,1,3
464,1,3
465,1,3
466,1,3
467,1,3
468,1,3
469,1,3
470,1,3
471,1,3
472,1,2
473,1,2
474,1,3
475,1,3
476,1,3
477,1,3
478,1,3
479,1,3
480,1,3
481,1,3
482,1,2
483,1,3
484,1,3
485,1,3
486,1,3
487,1,3
488,1,3
489,1,3
490,1,3
491,1,3
492,1,3
493,1,3
494,1,3
495,1,3
496,1,3
497,1,3
498,1,3
499,1,3
500,1,3
501,1,3
502,1,3
503,1,3
504,1,3
505,1,3
506,1,3
507,1,2
508,1,2
509,1,3
510,1,3
511,1,3
512,1,3
513,1,3
514,1,3
515,1,3
516,1,3
517,1,3
518,1,3
519,1,3
520,1,3
521,1,3
522,1,3
523,1,3
524,1,3
525,1,3
526,1,3
527,1,3
528,1,3
529,1,3
530,1,3
531,1,3
532,1,3
533,1,3
534,1,2
535,1,2
536,1,2
537,1,2
538,1,3
539,1,3
540,1,3
541,1,3
542,1,3
543,1,3
544,1,3
545,1,3
546,1,2
547,1,3
548,1,3
549,1,3
550,1,3
551,1,3
552,1,3
553,1,3
554,1,3
555,1,3
556,1,3
557,1,3
558,1,3
559,1,3
560,1,3
561,1,3
562,1,3
563,1,3
564,1,3
565,1,3
566,1,3
567,1,3
568,1,3
569,1,3
570,1,3
571,1,2
572,1,2
573,1,3
574,1,3
575,1,3
576,1,3
577,1,3
578,1,3
579,1,3
580,1,3
581,1,3
582,1,3
583,1,3
584,1,3
585,1,3
586,1,3
587,1,3
588,1,3
589,1,3
590,1,3
591,1,3
592,1,3
593,1,3
594,1,3
595,1,3
596,1,3
597,1,3
598,1,3
599,1,3
600,1,3
601,1,2
602,1,3
603,1,3
604,1,3
605,1,3
606,1,3
607,1,3
608,1,3
609,1,3
610,1,3
611,1,3
612,1,2
613,1,3
614,1,3
615,1,3
616,1,3
617,1,3
618,1,3
619,1,3
620,1,3
621,1,3
622,1,3
623,1,3
624,1,3
625,1,3
626,1,3
627,1,3
628,1,3
629,1,3
630,1,3
631,1,3
632,1,3
633,1,3
634,1,3
635,1,3
636,1,3
637,1,3
638,1,2
639,1,2
640,1,3
641,1,3
642,1,3
643,1,3
644,1,3
645,1,3
646,1,3
647,1,3
648,1,3
649,1,3
650,1,3
651,1,3
652,1,2
653,1,3
654,1,3
655,1,3
656,1,3
657,1,3
658,1,3
659,1,3
660,1,2
661,1,2
662,1,3
663,1,3
664,1,2
665,1,3
666,1,2
667,1,3
668,1,3
669,1,3
670,1,2
671,1,3
672,1,3
673,1,3
674,1,3
675,1,3
676,1,3
677,1,3
678,1,3
679,1,3
680,1,2
681,1,3
682,1,3
683,1,3
684,1,3
685,1,3
686,1,3
687,1,3
688,1,3
689,1,3
690,1,3
691,1,3
692,1,3
693,1,3
694,1,3
695,1,3
696,1,3
697,1,3
698,1,3
699,1,3
700,1,3
701,1,3
702,1,3
703,1,3
704,1,3
705,1,3
706,1,2
707,1,2
708,1,3
709,1,3
710,1,3
711,1,3
712,1,3
713,1,3
714,1,3
715,1,3
716,1,3
717,1,3
718,1,3
719,1,3
720,1,3
721,1,3
722,1,3
723,1,3
724,1,3
725,1,3
726,1,3
727,1,3
728,1,3
729,1,3
730,1,3
731,1,3
732,1,3
733,1,3
734,1,3
735,1,3
736,1,3
737,1,3
738,1,3
739,1,3
740,1,3
741,1,3
742,1,3
743,1,3
744,1,3
745,1,3
746,1,3
747,1,3
748,1,3
749,1,3
750,1,3
751,1,3
752,1,3
753,1,3
754,1,3
755,1,3
756,1,3
757,1,3
758,1,3
759,1,3
760,1,3
761,1,3
762,1,3
763,1,3
764,1,3
765,1,3
766,1,3
767,1,3
768,1,3
769,1,3
770,1,3
771,1,3
772,1,3
773,1,3
774,1,3
775,1,3
776,1,2
777,1,2
778,1,3
779,1,3
780,1,3
781,1,3
782,1,3
783,1,3
784,1,3
785,1,3
786,1,3
787,1,3
788,1,3
789,1,3
790,1,3
791,1,3
792,1,3
793,1,3
794,1,3
795,1,3
796,1,3
797,1,3
798,1,3
799,1,3
800,1,3
801,1,3
802,1,3
803,1,3
804,1,3
805,1,3
806,1,3
807,1,3
808,1,3
809,1,3
810,1,3
811,1,3
812,1,3
813,1,3
814,1,3
815,1,3
816,1,3
817,1,3
818,1,3
819,1,3
820,1,3
821,1,3
822,1,3
823,1,3
824,1,3
825,1,3
826,1,2
827,1,3
828,1,3
829,1,3
830,1,3
831,1,3
832,1,3
833,1,3
834,1,3
835,1,3
836,1,3
837,1,3
838,1,3
839,1,3
840,1,3
841,1,3
842,1,3
843,1,3
844,1,3
845,1,3
846,1,3
847,1,2
848,1,3
849,1,3
850,1,3
851,1,3
852,1,3
853,1,3
854,1,3
855,1,3
856,1,3
857,1,3
858,1,3
859,1,3
860,1,3
861,1,3
862,1,3
863,1,3
864,1,3
865,1,3
866,1,3
867,1,3
868,1,3
869,1,3
870,1,3
871,1,3
872,1,3
873,1,3
874,1,3
875,1,3
876,1,3
877,1,3
878,1,3
879,1,3
880,1,3
881,1,3
882,1,3
883,1,3
884,1,3
885,1,3
886,1,3
887,1,3
888,1,3
889,1,3
890,1,3
891,1,3
892,1,3
893,1,3
894,1,3
895,1,3
896,1,3
897,1,3
898,1,3
899,1,3
900,1,3
901,1,3
902,1,3
903,1,3
904,1,3
905,1,3
906,1,3
907,1,3
908,1,3
909,1,3
910,1,3
911,1,3
912,1,3
913,1,3
914,1,3
915,1,3
916,1,3
917,1,3
918,1,3
919,1,2
920,1,3
921,1,3
922,1,3
923,1,3
924,1,3
925,1,3
926,1,3
927,1,3
928,1,3
929,1,3
930,1,3
931,1,3
932,1,3
933,1,3
934,1,3
935,1,3
936,1,3
937,1,3
938,1,3
939,1,3
940,1,3
941,1,3
942,1,3
943,1,3
944,1,3
945,1,3
946,1,3
947,1,3
948,1,3
949,1,3
950,1,3
951,1,3
952,1,3
953,1,3
954,1,3
955,1,3
956,1,3
957,1,3
958,1,3
959,1,3
960,1,3
961,1,3
962,1,2
963,1,3
964,1,3
965,1,3
966,1,3
967,1,3
968,1,3
969,1,3
970,1,2
971,1,3
972,1,3
973,1,3
974,1,3
975,1,3
976,1,3
977,1,3
978,1,3
979,1,3
980,1,3
981,1,3
982,1,3
983,1,3
984,1,3
985,1,3
986,1,3
987,1,2
988,1,3
989,1,3
990,1,3
991,1,2
992,1,2
993,1,2
994,1,3
995,1,3
996,1,3
997,1,3
998,1,3
999,1,3
1000,1,3
1001,1,3
1002,1,3
1003,1,3
1004,1,3
1005,1,3
1006,1,3
1007,1,3
1008,1,3
1009,1,3
1010,1,3
1011,1,3
1012,1,3
1013,1,3
1014,1,3
1015,1,3
1016,1,3
1017,1,3
1018,1,3
1019,1,3
1020,1,3
1021,1,3
1022,1,3
1023,1,2
1024,1,2
1025,1,3
1026,1,2
1027,1,3
1028,1,3
1029,1,3
1030,1,3
1031,1,3
1032,1,3
1033,1,3
1034,1,3
1035,1,3
1036,1,3
1037,1,3
1038,1,3
1039,1,3
1040,1,3
1041,1,3
1042,1,3
1043,1,3
1044,1,3
1045,1,3
1046,1,3
1047,1,3
1048,1,3
1049,1,3
1050,1,3
1051,1,3
1052,1,3
1053,1,3
1054,1,3
1055,1,3
1056,1,3
1057,1,3
1058,1,3
1059,1,3
1060,1,3
1061,1,3
1062,1,3
1063,1,3
1064,1,3
1065,1,2
1066,1,3
1067,1,3
1068,1,3
1069,1,3
1070,1,3
1071,1,3
1072,1,3
1073,1,3
1074,1,3
1075,1,3
1076,1,3
1077,1,3
1078,1,3
1079,1,3
1080,1,3
1081,1,3
1082,1,3
1083,1,3
1084,1,3
1085,1,3
1086,1,3
1087,1,3
1088,1,2
1089,1,3
1090,1,3
1091,1,3
1092,1,3
1093,1,3
1094,1,2
1095,1,2
1096,1,2
1097,1,2
1098,1,3
1099,1,2
1100,1,3
1101,1,3
1102,1,3
1103,1,3
1104,1,3
1105,1,3
1106,1,3
1107,1,3
1108,1,3
1109,1,3
1110,1,3
1111,1,3
1112,1,3
1113,1,3
1114,1,3
1115,1,3
1116,1,3
1117,1,3
1118,1,3
1119,1,3
1120,1,3
1121,1,3
1122,1,3
1123,1,3
1124,1,3
1125,1,3
1126,1,3
1127,1,3
1128,1,3
1129,1,3
1130,1,3
1131,1,3
1132,1,3
1133,1,3
1134,1,3
1135,1,3
1136,1,3
1137,1,3
1138,1,2
1139,1,2
1140,1,3
1141,1,3
1142,1,3
1143,1,3
1144,1,3
1145,1,3
1146,1,3
1147,1,3
1148,1,3
1149,1,3
1150,1,3
1151,1,3
1152,1,3
1153,1,3
1154,1,3
1155,1,3
1156,1,3
1157,1,3
1158,1,3
1159,1,3
1160,1,3
1161,1,2
1162,1,2
1163,1,3
1164,1,3
1165,1,3
1166,1,3
1167,1,2
1168,1,2
1169,1,2
1170,1,2
1171,1,2
1172,1,2
1173,1,3
1174,1,3
1175,1,3
1176,1,3
1177,1,3
1178,1,3
1179,1,3
1180,1,3
1181,1,3
1182,1,3
1183,1,3
1184,1,3
1185,1,3
1186,1,3
1187,1,3
1188,1,3
1189,1,3
1190,1,3
1191,1,3
1192,1,3
1193,1,3
1194,1,3
1195,1,3
1196,1,3
1197,1,3
1198,1,3
1199,1,3
1200,1,3
1201,1,3
1202,1,3
1203,1,3
1204,1,3
1205,1,3
1206,1,3
1207,1,0
1208,1,3
1209,1,3
1210,1,3
1211,1,3
1212,1,3
1213,1,2
1214,1,3
1215,1,3
1216,1,3
1217,1,3
1218,1,3
1219,1,3
1220,1,3
1221,1,3
1222,1,3
1223,1,3
1224,1,3
1225,1,3
1226,1,3
1227,1,3
1228,1,3
1229,1,3
1230,1,3
1231,1,3
1232,1,2
1233,1,2
1234,1,2
1235,1,2
1236,1,2
1237,1,2
1238,1,2
1239,1,2
1240,1,2
1241,1,2
1242,1,2
1243,1,2
1244,1,3
1245,1,3
1246,1,3
1247,1,3
1248,1,3
1249,1,3
1250,1,3
1251,1,3
1252,1,3
1253,1,3
1254,1,3
1255,1,3
1256,1,3
1257,1,3
1258,1,3
1259,1,3
1260,1,3
1261,1,3
1262,1,3
1263,1,3
1264,1,3
1265,1,3
1266,1,3
1267,1,3
1268,1,3
1269,1,3
1270,1,3
1271,1,3
1272,1,3
1273,1,3
1274,1,3
1275,1,3
1276,1,3
1277,1,3
1278,1,3
1279,1,3
1280,1,3
1281,1,3
1282,1,3
1283,1,3
1284,1,3
1285,1,3
1286,1,2
1287,1,2
1288,1,3
1289,1,3
1290,1,3
1291,1,3
1292,1,3
1293,1,3
1294,1,3
1295,1,3
1296,1,3
1297,1,3
1298,1,3
1299,1,3
1300,1,3
1301,1,3
1302,1,3
1303,1,3
1304,1,3
1305,1,2
1306,1,2
1307,1,2
1308,1,2
1309,1,2
1310,1,2
1311,1,2
1312,1,2
1313,1,2
1314,1,2
1315,1,2
1316,1,2
1317,1,2
1318,1,3
1319,1,3
1320,1,3
1321,1,3
1322,1,3
1323,1,3
1324,1,3
1325,1,3
1326,1,3
1327,1,3
1328,1,3
1329,1,3
1330,1,3
1331,1,3
1332,1,3
1333,1,3
1334,1,3
1335,1,3
1336,1,3
1337,1,3
1338,1,3
1339,1,3
1340,1,3
1341,1,3
1342,1,3
1343,1,3
1344,1,3
1345,1,3
1346,1,3
1347,1,3
1348,1,3
1349,1,3
1350,1,3
1351,1,3
1352,1,3
1353,1,3
1354,1,3
1355,1,3
1356,1,3
1357,1,3
1358,1,3
1359,1,2
1360,1,2
1361,1,2
1362,1,2
1363,1,2
1364,1,2
1365,1,2
1366,1,2
1367,1,2
1368,1,3
1369,1,3
1370,1,3
1371,1,3
1372,1,3
1373,1,3
1374,1,2
1375,1,2
1376,1,2
1377,1,2
1378,1,2
1379,1,2
1380,1,2
1381,1,2
1382,1,2
1383,1,2
1384,1,2
1385,1,2
1386,1,2
1387,1,2
1388,1,2
1389,1,2
1390,1,3
1391,1,3
1392,1,3
1393,1,3
1394,1,3
1395,1,3
1396,1,3
1397,1,3
1398,1,3
1399,1,3
1400,1,3
1401,1,3
1402,1,3
1403,1,3
1404,1,3
1405,1,3
1406,1,3
1407,1,3
1408,1,3
1409,1,3
1410,1,3
1411,1,3
1412,1,3
1413,1,3
1414,1,3
1415,1,3
1416,1,3
1417,1,3
1418,1,3
1419,1,3
1420,1,3
1421,1,3
1422,1,3
1423,1,3
1424,1,3
1425,1,3
1426,1,3
1427,1,3
1428,1,3
1429,1,3
1430,1,2
1431,1,3
1432,1,3
1433,1,2
1434,1,2
1435,1,2
1436,1,2
1437,1,2
1438,1,2
1439,1,2
1440,1,2
1441,1,2
1442,1,2
1443,1,2
1444,1,2
1445,1,2
1446,1,2
1447,1,2
1448,1,2
1449,1,2
1450,1,2
1451,1,2
1452,1,3
1453,1,3
1454,1,3
1455,1,3
1456,1,3
1457,1,3
1458,1,3
1459,1,3
1460,1,3
1461,1,3
1462,1,3
1463,1,3
1464,1,3
1465,1,3
1466,1,3
1467,1,3
1468,1,3
1469,1,3
1470,1,3
1471,1,3
1472,1,3
1473,1,3
1474,1,3
1475,1,3
1476,1,3
1477,1,3
1478,1,3
1479,1,3
1480,1,3
1481,1,3
1482,1,3
1483,1,3
1484,1,3
1485,1,3
1486,1,3
1487,1,3
1488,1,3
1489,1,3
1490,1,3
1491,1,2
1492,1,2
1493,1,2
1494,1,2
1495,1,2
1496,1,2
1497,1,2
1498,1,2
1499,1,2
1500,1,2
1501,1,2
1502,1,2
1503,1,2
1504,1,2
1505,1,2
1506,1,2
1507,1,2
1508,1,2
1509,1,2
1510,1,2
1511,1,2
1512,1,2
1513,1,3
1514,1,3
1515,1,3
1516,1,3
1517,1,3
1518,1,3
1519,1,3
1520,1,3
1521,1,3
1522,1,3
1523,1,3
1524,1,3
1525,1,3
1526,1,3
1527,1,3
1528,1,3
1529,1,3
1530,1,3
1531,1,3
1532,1,3
1533,1,3
1534,1,2
1535,1,2
1536,1,3
1537,1,3
1538,1,3
1539,1,3
1540,1,3
1541,1,3
1542,1,3
1543,1,3
1544,1,3
1545,1,3
1546,1,3
1547,1,3
1548,1,3
1549,1,3
1550,1,3
1551,1,2
1552,1,2
1553,1,2
1554,1,2
1555,1,2
1556,1,2
1557,1,2
1558,1,2
1559,1,2
1560,1,2
1561,1,2
1562,1,2
1563,1,2
1564,1,2
1565,1,2
1566,1,2
1567,1,2
1568,1,2
1569,1,2
1570,1,2
1571,1,2
1572,1,2
1573,1,2
1574,1,2
1575,1,2
1576,1,2
1577,1,2
1578,1,2
1579,1,3
1580,1,3
1581,1,3
1582,1,3
1583,1,3
1584,1,3
1585,1,3
1586,1,3
1587,1,3
1588,1,3
1589,1,3
1590,1,3
1591,1,3
1592,1,3
1593,1,2
1594,1,2
1595,1,3
1596,1,3
1597,1,3
1598,1,3
1599,1,3
1600,1,3
1601,1,3
1602,1,3
1603,1,3
1604,1,3
1605,1,3
1606,1,3
1607,1,3
1608,1,3
1609,1,3
1610,1,2
1611,1,2
1612,1,2
1613,1,3
1614,1,2
1615,1,2
1616,1,2
1617,1,2
1618,1,2
1619,1,2
1620,1,2
1621,1,2
1622,1,2
1623,1,2
1624,1,2
1625,1,2
1626,1,2
1627,1,2
1628,1,2
1629,1,2
1630,1,2
1631,1,2
1632,1,2
1633,1,2
1634,1,2
1635,1,2
1636,1,2
1637,1,2
1638,1,2
1639,1,3
1640,1,3
1641,1,3
1642,1,3
1643,1,3
1644,1,3
1645,1,3
1646,1,3
1647,1,3
1648,1,3
1649,1,3
1650,1,3
1651,1,2
1652,1,2
1653,1,2
1654,1,3
1655,1,3
1656,1,3
1657,1,3
1658,1,3
1659,1,3
1660,1,3
1661,1,3
1662,1,3
1663,1,3
1664,1,3
1665,1,3
1666,1,3
1667,1,3
1668,1,3
1669,1,2
1670,1,2
1671,1,2
1672,1,2
1673,1,2
1674,1,2
1675,1,2
1676,1,2
1677,1,2
1678,1,2
1679,1,2
1680,1,2
1681,1,2
1682,1,2
1683,1,2
1684,1,2
1685,1,2
1686,1,2
1687,1,2
1688,1,2
1689,1,2
1690,1,2
1691,1,2
1692,1,2
1693,1,2
1694,1,2
1695,1,2
1696,1,2
1697,1,3
1698,1,3
1699,1,3
1700,1,3
1701,1,3
1702,1,3
1703,1,3
1704,1,3
1705,1,3
1706,1,3
1707,1,3
1708,1,2
1709,1,2
1710,1,2
1711,1,3
1712,1,0
1713,1,3
1714,1,3
1715,1,3
1716,1,3
1717,1,3
1718,1,3
1719,1,3
1720,1,3
1721,1,3
1722,1,3
1723,1,3
1724,1,3
1725,1,3
1726,1,2
1727,1,2
1728,1,2
1729,1,2
1730,1,2
1731,1,2
1732,1,2
1733,1,2
1734,1,2
1735,1,2
1736,1,2
1737,1,2
1738,1,2
1739,1,2
1740,1,2
1741,1,2
1742,1,2
1743,1,2
1744,1,2
1745,1,2
1746,1,2
1747,1,2
1748,1,2
1749,1,2
1750,1,2
1751,1,2
1752,1,2
1753,1,2
1754,1,3
1755,1,3
1756,1,3
1757,1,3
1758,1,3
1759,1,3
1760,1,3
1761,1,3
1762,1,3
1763,1,3
1764,1,3
1765,1,2
1766,1,2
1767,1,3
1768,1,3
1769,1,3
1770,1,3
1771,1,3
1772,1,3
1773,1,3
1774,1,3
1775,1,3
1776,1,3
1777,1,3
1778,1,3
1779,1,3
1780,1,3
1781,1,3
1782,1,2
1783,1,2
1784,1,2
1785,1,2
1786,1,2
1787,1,2
1788,1,2
1789,1,2
1790,1,2
1791,1,2
1792,1,2
1793,1,2
1794,1,2
1795,1,2
1796,1,2
1797,1,2
1798,1,2
1799,1,2
1800,1,2
1801,1,2
1802,1,2
1803,1,2
1804,1,2
1805,1,2
1806,1,2
1807,1,2
1808,1,2
1809,1,2
1810,1,3
1811,1,3
1812,1,3
1813,1,3
1814,1,3
1815,1,3
1816,1,3
1817,1,3
1818,1,3
1819,1,3
1820,1,2
1821,1,2
1822,1,2
1823,1,3
1824,1,3
1825,1,3
1826,1,3
1827,1,3
1828,1,3
1829,1,3
1830,1,3
1831,1,3
1832,1,3
1833,1,3
1834,1,3
1835,1,3
1836,1,3
1837,1,2
1838,1,2
1839,1,2
1840,1,2
1841,1,2
1842,1,2
1843,1,2
1844,1,2
1845,1,2
1846,1,2
1847,1,2
1848,1,2
1849,1,2
1850,1,2
1851,1,2
1852,1,2
1853,1,2
1854,1,2
1855,1,2
1856,1,2
1857,1,2
1858,1,2
1859,1,2
1860,1,2
1861,1,2
1862,1,2
1863,1,2
1864,1,2
1865,1,3
1866,1,3
1867,1,3
1868,1,3
1869,1,3
1870,1,3
1871,1,3
1872,1,3
1873,1,3
1874,1,3
1875,1,2
1876,1,2
1877,1,2
1878,1,3
1879,1,3
1880,1,3
1881,1,3
1882,1,3
1883,1,3
1884,1,3
1885,1,3
1886,1,3
1887,1,3
1888,1,3
1889,1,2
1890,1,3
1891,1,3
1892,1,2
1893,1,2
1894,1,2
1895,1,2
1896,1,2
1897,1,2
1898,1,2
1899,1,2
1900,1,2
1901,1,2
1902,1,2
1903,1,2
1904,1,2
1905,1,2
1906,1,2
1907,1,2
1908,1,2
1909,1,2
1910,1,2
1911,1,2
1912,1,2
1913,1,2
1914,1,2
1915,1,2
1916,1,2
1917,1,2
1918,1,2
1919,1,2
1920,1,3
1921,1,3
1922,1,3
1923,1,3
1924,1,3
1925,1,3
1926,1,3
1927,1,3
1928,1,3
1929,1,2
1930,1,2
1931,1,3
1932,1,3
1933,1,3
1934,1,3
1935,1,3
1936,1,3
1937,1,3
1938,1,3
1939,1,3
1940,1,3
1941,1,3
1942,1,3
1943,1,3
1944,1,3
1945,1,3
1946,1,1
1947,1,2
1948,1,2
1949,1,2
1950,1,2
1951,1,2
1952,1,2
1953,1,2
1954,1,2
1955,1,2
1956,1,2
1957,1,2
1958,1,2
1959,1,2
1960,1,2
1961,1,2
1962,1,2
1963,1,2
1964,1,2
1965,1,2
1966,1,2
1967,1,2
1968,1,2
1969,1,2
1970,1,2
1971,1,2
1972,1,2
1973,1,2
1974,1,3
1975,1,2
1976,1,3
1977,1,3
1978,1,3
1979,1,3
1980,1,3
1981,1,3
1982,1,3
1983,1,2
1984,1,3
1985,1,3
1986,1,3
1987,1,3
1988,1,3
1989,1,3
1990,1,3
1991,1,3
1992,1,3
1993,1,3
1994,1,3
1995,1,3
1996,1,3
1997,1,3
1998,1,3
1999,1,3
2000,1,1
2001,1,2
2002,1,2
2003,1,2
2004,1,2
2005,1,2
2006,1,2
2007,1,2
2008,1,2
2009,1,2
2010,1,2
2011,1,2
2012,1,2
2013,1,2
2014,1,2
2015,1,2
2016,1,2
2017,1,2
2018,1,2
2019,1,2
2020,1,2
2021,1,2
2022,1,2
2023,1,2
2024,1,2
2025,1,2
2026,1,2
2027,1,3
2028,1,3
2029,1,3
2030,1,3
2031,1,3
2032,1,3
2033,1,3
2034,1,3
2035,1,2
2036,1,3
2037,1,3
2038,1,3
2039,1,3
2040,1,3
2041,1,3
2042,1,3
2043,1,3
2044,1,3
2045,1,3
2046,1,3
2047,1,3
2048,1,3
2049,1,3
2050,1,3
2051,1,3
2052,1,3
2053,1,2
2054,1,2
2055,1,2
2056,1,2
2057,1,2
2058,1,2
2059,1,2
2060,1,2
2061,1,2
2062,1,2
2063,1,2
2064,1,2
2065,1,2
2066,1,2
2067,1,2
2068,1,2
2069,1,2
2070,1,2
2071,1,2
2072,1,2
2073,1,2
2074,1,2
2075,1,2
2076,1,2
2077,1,2
2078,1,2
2079,1,2
2080,1,3
2081,1,3
2082,1,3
2083,1,3
2084,1,3
2085,1,3
2086,1,3
2087,1,3
2088,1,2
2089,1,2
2090,1,2
2091,1,3
2092,1,3
2093,1,3
2094,1,3
2095,1,3
2096,1,3
2097,1,3
2098,1,3
2099,1,3
2100,1,3
2101,1,3
2102,1,3
2103,1,3
2104,1,3
2105,1,3
2106,1,3
2107,1,2
2108,1,2
2109,1,2
2110,1,2
2111,1,2
2112,1,2
2113,1,2
2114,1,2
2115,1,2
2116,1,2
2117,1,2
2118,1,2
2119,1,2
2120,1,2
2121,1,2
2122,1,2
2123,1,2
2124,1,2
2125,1,2
2126,1,2
2127,1,2
2128,1,2
2129,1,2
2130,1,2
2131,1,2
2132,1,3
2133,1,3
2134,1,3
2135,1,3
2136,1,3
2137,1,3
2138,1,3
2139,1,3
2140,1,3
2141,1,2
2142,1,2
2143,1,2
2144,1,3
2145,1,3
2146,1,3
2147,1,3
2148,1,3
2149,1,3
2150,1,3
2151,1,3
2152,1,3
2153,1,3
2154,1,3
2155,1,3
2156,1,3
2157,1,3
2158,1,2
2159,1,2
2160,1,2
2161,1,2
2162,1,2
2163,1,2
2164,1,2
2165,1,2
2166,1,2
2167,1,2
2168,1,2
2169,1,2
2170,1,2
2171,1,2
2172,1,2
2173,1,2
2174,1,2
2175,1,2
2176,1,2
2177,1,2
2178,1,2
2179,1,2
2180,1,2
2181,1,2
2182,1,2
2183,1,2
2184,1,3
2185,1,3
2186,1,3
2187,1,3
2188,1,3
2189,1,3
2190,1,3
2191,1,3
2192,1,3
2193,1,2
2194,1,2
2195,1,2
2196,1,3
2197,1,3
2198,1,3
2199,1,3
2200,1,3
2201,1,3
2202,1,3
2203,1,3
2204,1,3
2205,1,3
2206,1,3
2207,1,2
2208,1,2
2209,1,3
2210,1,2
2211,1,2
2212,1,2
2213,1,2
2214,1,2
2215,1,2
2216,1,2
2217,1,2
2218,1,2
2219,1,2
2220,1,2
2221,1,2
2222,1,2
2223,1,2
2224,1,2
2225,1,2
2226,1,2
2227,1,2
2228,1,2
2229,1,2
2230,1,2
2231,1,2
2232,1,2
2233,1,2
2234,1,2
2235,1,2
2236,1,3
2237,1,3
2238,1,3
2239,1,3
2240,1,2
2241,1,3
2242,1,3
2243,1,3
2244,1,3
2245,1,2
2246,1,2
2247,1,3
2248,1,3
2249,1,3
2250,1,3
2251,1,3
2252,1,3
2253,1,3
2254,1,3
2255,1,3
2256,1,3
2257,1,3
2258,1,3
2259,1,3
2260,1,2
2261,1,3
2262,1,2
2263,1,2
2264,1,2
2265,1,2
2266,1,2
2267,1,2
2268,1,2
2269,1,2
2270,1,2
2271,1,2
2272,1,2
2273,1,2
2274,1,2
2275,1,2
2276,1,2
2277,1,2
2278,1,2
2279,1,2
2280,1,2
2281,1,2
2282,1,2
2283,1,2
2284,1,2
2285,1,2
2286,1,3
2287,1,2
2288,1,3
2289,1,3
2290,1,3
2291,1,3
2292,1,3
2293,1,3
2294,1,3
2295,1,3
2296,1,2
2297,1,2
2298,1,3
2299,1,3
2300,1,3
2301,1,3
2302,1,3
2303,1,3
2304,1,3
2305,1,3
2306,1,3
2307,1,3
2308,1,3
2309,1,3
2310,1,3
2311,1,2
2312,1,3
2313,1,2
2314,1,1
2315,1,2
2316,1,2
2317,1,2
2318,1,2
2319,1,2
2320,1,2
2321,1,2
2322,1,2
2323,1,2
2324,1,2
2325,1,2
2326,1,2
2327,1,2
2328,1,2
2329,1,2
2330,1,2
2331,1,2
2332,1,2
2333,1,2
2334,1,2
2335,1,2
2336,1,2
2337,1,2
2338,1,2
2339,1,2
2340,1,3
2341,1,3
2342,1,2
2343,1,2
2344,1,2
2345,1,2
2346,1,2
2347,1,2
2348,1,2
2349,1,2
2350,1,3
2351,1,3
2352,1,3
2353,1,3
2354,1,3
2355,1,2
2356,1,3
2357,1,3
2358,1,2
2359,1,3
2360,1,3
2361,1,3
2362,1,3
2363,1,3
2364,1,2
2365,1,2
2366,1,2
2367,1,2
2368,1,2
2369,1,2
2370,1,2
2371,1,2
2372,1,2
2373,1,2
2374,1,2
2375,1,2
2376,1,2
2377,1,2
2378,1,2
2379,1,2
2380,1,2
2381,1,2
2382,1,2
2383,1,2
2384,1,2
2385,1,2
2386,1,2
2387,1,2
2388,1,2
2389,1,2
2390,1,3
2391,1,3
2392,1,2
2393,1,2
2394,1,3
2395,1,2
2396,1,2
2397,1,3
2398,1,3
2399,1,2
2400,1,3
2401,1,3
2402,1,3
2403,1,3
2404,1,3
2405,1,3
2406,1,3
2407,1,2
2408,1,3
2409,1,3
2410,1,3
2411,1,3
2412,1,3
2413,1,1
2414,1,3
2415,1,2
2416,1,2
2417,1,2
2418,1,2
2419,1,2
2420,1,2
2421,1,2
2422,1,2
2423,1,2
2424,1,2
2425,1,2
2426,1,2
2427,1,2
2428,1,2
2429,1,2
2430,1,2
2431,1,2
2432,1,2
2433,1,2
2434,1,2
2435,1,2
2436,1,2
2437,1,2
2438,1,2
2439,1,2
2440,1,2
2441,1,3
2442,1,2
2443,1,2
2444,1,3
2445,1,2
2446,1,2
2447,1,2
2448,1,2
2449,1,2
2450,1,2
2451,1,2
2452,1,3
2453,1,3
2454,1,3
2455,1,3
2456,1,2
2457,1,3
2458,1,3
2459,1,3
2460,1,3
2461,1,3
2462,1,3
2463,1,2
2464,1,3
2465,1,3
2466,1,2
2467,1,2
2468,1,2
2469,1,2
2470,1,2
2471,1,2
2472,1,2
2473,1,2
2474,1,2
2475,1,2
2476,1,2
2477,1,2
2478,1,2
2479,1,2
2480,1,2
2481,1,2
2482,1,2
2483,1,2
2484,1,2
2485,1,2
2486,1,2
2487,1,2
2488,1,2
2489,1,2
2490,1,3
2491,1,3
2492,1,2
2493,1,2
2494,1,2
2495,1,2
2496,1,2
2497,1,2
2498,1,3
2499,1,2
2500,1,3
2501,1,2
2502,1,2
2503,1,3
2504,1,3
2505,1,3
2506,1,3
2507,1,3
2508,1,3
2509,1,3
2510,1,3
2511,1,2
2512,1,3
2513,1,3
2514,1,3
2515,1,2
2516,1,2
2517,1,2
2518,1,2
2519,1,2
2520,1,2
2521,1,2
2522,1,2
2523,1,2
2524,1,2
2525,1,2
2526,1,2
2527,1,2
2528,1,2
2529,1,2
2530,1,2
2531,1,2
2532,1,2
2533,1,2
2534,1,2
2535,1,2
2536,1,2
2537,1,2
2538,1,2
2539,1,2
2540,1,2
2541,1,3
2542,1,2
2543,1,2
2544,1,2
2545,1,2
2546,1,2
2547,1,2
2548,1,2
2549,1,2
2550,1,2
2551,1,2
2552,1,2
2553,1,3
2554,1,2
2555,1,3
2556,1,3
2557,1,3
2558,1,3
2559,1,3
2560,1,3
2561,1,3
2562,1,3
2563,1,2
2564,1,3
2565,1,3
2566,1,2
2567,1,2
2568,1,2
2569,1,2
2570,1,2
2571,1,2
2572,1,2
2573,1,2
2574,1,2
2575,1,2
2576,1,2
2577,1,2
2578,1,2
2579,1,2
2580,1,2
2581,1,2
2582,1,2
2583,1,2
2584,1,2
2585,1,2
2586,1,2
2587,1,2
2588,1,2
2589,1,2
2590,1,2
2591,1,2
2592,1,2
2593,1,2
2594,1,2
2595,1,2
2596,1,2
2597,1,2
2598,1,2
2599,1,2
2600,1,3
2601,1,2
2602,1,3
2603,1,3
2604,1,1
2605,1,0
2606,1,3
2607,1,3
2608,1,3
2609,1,3
2610,1,3
2611,1,3
2612,1,0
2613,1,0
2614,1,3
2615,1,2
2616,1,2
2617,1,2
2618,1,2
2619,1,2
2620,1,2
2621,1,2
2622,1,2
2623,1,2
2624,1,2
2625,1,2
2626,1,2
2627,1,2
2628,1,2
2629,1,2
2630,1,2
2631,1,2
2632,1,2
2633,1,2
2634,1,2
2635,1,2
2636,1,2
2637,1,3
2638,1,2
2639,1,2
2640,1,2
2641,1,2
2642,1,3
2643,1,2
2644,1,2
2645,1,2
2646,1,2
2647,1,2
2648,1,2
2649,1,2
2650,1,1
2651,1,2
2652,1,3
2653,1,2
2654,1,3
2655,1,3
2656,1,3
2657,1,3
2658,1,3
2659,1,3
2660,1,3
2661,1,1
2662,1,0
2663,1,3
2664,1,2
2665,1,2
2666,1,2
2667,1,2
2668,1,2
2669,1,2
2670,1,2
2671,1,2
2672,1,3
2673,1,3
2674,1,2
2675,1,2
2676,1,2
2677,1,2
2678,1,2
2679,1,2
2680,1,2
2681,1,2
2682,1,2
2683,1,2
2684,1,2
2685,1,2
2686,1,2
2687,1,2
2688,1,2
2689,1,2
2690,1,2
2691,1,2
2692,1,2
2693,1,2
2694,1,2
2695,1,2
2696,1,2
2697,1,2
2698,1,2
2699,1,2
2700,1,3
2701,1,3
2702,1,3
2703,1,3
2704,1,3
2705,1,3
2706,1,3
2707,1,3
2708,1,0
2709,1,0
2710,1,0
2711,1,0
2712,1,1
2713,1,3
2714,1,3
2715,1,3
2716,1,3
2717,1,3
2718,1,3
2719,1,3
2720,1,3
2721,1,2
2722,1,2
2723,1,2
2724,1,2
2725,1,2
2726,1,2
2727,1,2
2728,1,2
2729,1,2
2730,1,2
2731,1,2
2732,1,2
2733,1,2
2734,1,2
2735,1,2
2736,1,2
2737,1,3
2738,1,2
2739,1,2
2740,1,2
2741,1,2
2742,1,2
2743,1,2
2744,1,2
2745,1,2
2746,1,3
2747,1,3
2748,1,3
2749,1,1
2750,1,3
2751,1,3
2752,1,3
2753,1,3
2754,1,3
2755,1,0
2756,1,0
2757,1,0
2758,1,3
2759,1,1
2760,1,0
2761,1,3
2762,1,3
2763,1,3
2764,1,3
2765,1,3
2766,1,3
2767,1,3
2768,1,2
2769,1,2
2770,1,2
2771,1,2
2772,1,2
2773,1,2
2774,1,2
2775,1,2
2776,1,2
2777,1,2
2778,1,2
2779,1,2
2780,1,2
2781,1,2
2782,1,2
2783,1,2
2784,1,2
2785,1,2
2786,1,2
2787,1,2
2788,1,2
2789,1,2
2790,1,2
2791,1,2
2792,1,3
2793,1,3
2794,1,2
2795,1,3
2796,1,0
2797,1,0
2798,1,0
2799,1,3
2800,1,3
2801,1,0
2802,1,0
2803,1,0
2804,1,3
2805,1,1
2806,1,1
2807,1,3
2808,1,3
2809,1,0
2810,1,3
2811,1,3
2812,1,3
2813,1,3
2814,1,3
2815,1,3
2816,1,3
2817,1,3
2818,1,2
2819,1,2
2820,1,2
2821,1,2
2822,1,2
2823,1,2
2824,1,2
2825,1,2
2826,1,2
2827,1,2
2828,1,2
2829,1,2
2830,1,3
2831,1,2
2832,1,2
2833,1,2
2834,1,2
2835,1,2
2836,1,2
2837,1,2
2838,1,2
2839,1,2
2840,1,3
2841,1,2
2842,1,0
2843,1,0
2844,1,0
2845,1,0
2846,1,0
2847,1,3
2848,1,0
2849,1,0
2850,1,0
2851,1,0
2852,1,0
2853,1,0
2854,1,0
2855,1,0
2856,1,0
2857,1,3
2858,1,3
2859,1,3
2860,1,3
2861,1,3
2862,1,3
2863,1,3
2864,1,3
2865,1,3
2866,1,3
2867,1,2
2868,1,2
2869,1,2
2870,1,2
2871,1,2
2872,1,2
2873,1,2
2874,1,2
2875,1,2
2876,1,2
2877,1,2
2878,1,2
2879,1,2
2880,1,2
2881,1,2
2882,1,2
2883,1,2
2884,1,2
2885,1,2
2886,1,2
2887,1,3
2888,1,3
2889,1,3
2890,1,0
2891,1,0
2892,1,0
2893,1,0
2894,1,0
2895,1,3
2896,1,0
2897,1,0
2898,1,0
2899,1,0
2900,1,0
2901,1,1
2902,1,2
2903,1,1
2904,1,1
2905,1,0
2906,1,0
2907,1,1
2908,1,0
2909,1,0
2910,1,0
2911,1,2
2912,1,0
2913,1,3
2914,1,3
2915,1,3
2916,1,3
2917,1,3
2918,1,3
2919,1,3
2920,1,3
2921,1,3
2922,1,3
2923,1,3
2924,1,3
2925,1,3
2926,1,3
2927,1,2
2928,1,2
2929,1,2
2930,1,2
2931,1,2
2932,1,2
2933,1,2
2934,1,2
2935,1,2
2936,1,2
2937,1,2
2938,1,2
2939,1,2
2940,1,2
2941,1,2
2942,1,1
2943,1,1
2944,1,2
2945,1,0
2946,1,0
2947,1,0
2948,1,0
2949,1,0
2950,1,0
2951,1,0
2952,1,3
2953,1,0
2954,1,0
2955,1,0
2956,1,0
2957,1,0
2958,1,0
2959,1,1
2960,1,1
2961,1,0
2962,1,0
2963,1,0
2964,1,0
2965,1,0
2966,1,0
2967,1,0
2968,1,0
2969,1,0
2970,1,0
2971,1,0
2972,1,0
2973,1,2
2974,1,1
2975,1,0
2976,1,0
2977,1,0
2978,1,3
2979,1,3
2980,1,3
2981,1,3
2982,1,3
2983,1,3
2984,1,3
2985,1,3
2986,1,3
2987,1,3
2988,1,3
2989,1,2
2990,1,2
2991,1,2
2992,1,2
2993,1,2
2994,1,2
2995,1,2
2996,1,2
2997,1,2
2998,1,2
2999,1,2
3000,1,0
3001,1,0
3002,1,0
3003,1,0
3004,1,1
3005,1,1
3006,1,1
3007,1,0
3008,1,0
3009,1,0
3010,1,0
3011,1,0
3012,1,0
3013,1,0
3014,1,0
3015,1,3
3016,1,0
3017,1,0
3018,1,0
3019,1,0
3020,1,0
3021,1,0
3022,1,1
3023,1,2
3024,1,1
3025,1,0
3026,1,0
3027,1,0
3028,1,0
3029,1,0
3030,1,0
3031,1,0
3032,1,0
3033,1,0
3034,1,0
3035,1,0
3036,1,0
3037,1,0
3038,1,0
3039,1,1
3040,1,0
3041,1,1
3042,1,0
3043,1,0
3044,1,3
3045,1,3
3046,1,3
3047,1,3
3048,1,3
3049,1,3
3050,1,3
3051,1,3
3052,1,3
3053,1,3
3054,1,3
3055,1,0
3056,1,0
3057,1,2
3058,1,2
3059,1,2
3060,1,2
3061,1,2
3062,1,2
3063,1,2
3064,1,1
3065,1,1
3066,1,1
3067,1,1
3068,1,0
3069,1,0
3070,1,0
3071,1,0
3072,1,0
3073,1,0
3074,1,0
3075,1,0
3076,1,0
3077,1,0
3078,1,0
3079,1,0
3080,1,0
3081,1,0
3082,1,0
3083,1,0
3084,1,0
3085,1,0
3086,1,0
3087,1,0
3088,1,0
3089,1,1
3090,1,1
3091,1,0
3092,1,0
3093,1,0
3094,1,0
3095,1,0
3096,1,0
3097,1,0
3098,1,0
3099,1,0
3100,1,0
3101,1,0
3102,1,0
3103,1,3
3104,1,0
3105,1,0
3106,1,0
3107,1,0
3108,1,0
3109,1,1
3110,1,0
3111,1,3
3112,1,0
3113,1,3
3114,1,3
3115,1,3
3116,1,3
3117,1,3
3118,1,3
3119,1,3
3120,1,3
3121,1,3
3122,1,3
3123,1,0
3124,1,2
3125,1,2
3126,1,2
3127,1,2
3128,1,2
3129,1,2
3130,1,2
3131,1,1
3132,1,0
3133,1,0
3134,1,0
3135,1,0
3136,1,0
3137,1,0
3138,1,0
3139,1,0
3140,1,0
3141,1,0
3142,1,0
3143,1,0
3144,1,0
3145,1,0
3146,1,0
3147,1,0
3148,1,0
3149,1,0
3150,1,0
3151,1,0
3152,1,0
3153,1,0
3154,1,0
3155,1,0
3156,1,0
3157,1,1
3158,1,1
3159,1,0
3160,1,0
3161,1,0
3162,1,0
3163,1,0
3164,1,0
3165,1,0
3166,1,0
3167,1,0
3168,1,0
3169,1,0
3170,1,0
3171,1,0
3172,1,0
3173,1,0
3174,1,0
3175,1,0
3176,1,0
3177,1,0
3178,1,0
3179,1,1
3180,1,1
3181,1,0
3182,1,0
3183,1,3
3184,1,3
3185,1,3
3186,1,3
3187,1,3
3188,1,3
3189,1,3
3190,1,3
3191,1,0
3192,1,0
3193,1,3
3194,1,1
3195,1,2
3196,1,2
3197,1,2
3198,1,2
3199,1,2
3200,1,2
3201,1,0
3202,1,0
3203,1,0
3204,1,0
3205,1,0
3206,1,0
3207,1,0
3208,1,0
3209,1,0
3210,1,0
3211,1,0
3212,1,0
3213,1,0
3214,1,0
3215,1,0
3216,1,0
3217,1,0
3218,1,0
3219,1,0
3220,1,0
3221,1,0
3222,1,0
3223,1,0
3224,1,0
3225,1,1
3226,1,0
3227,1,1
3228,1,0
3229,1,0
3230,1,0
3231,1,0
3232,1,0
3233,1,0
3234,1,0
3235,1,0
3236,1,0
3237,1,0
3238,1,0
3239,1,0
3240,1,0
3241,1,0
3242,1,0
3243,1,0
3244,1,0
3245,1,0
3246,1,0
3247,1,0
3248,1,0
3249,1,0
3250,1,2
3251,1,1
3252,1,0
3253,1,0
3254,1,3
3255,1,0
3256,1,3
3257,1,3
3258,1,3
3259,1,3
3260,1,0
3261,1,0
3262,1,2
3263,1,2
3264,1,1
3265,1,2
3266,1,2
3267,1,2
3268,1,2
3269,1,0
3270,1,0
3271,1,0
3272,1,0
3273,1,0
3274,1,0
3275,1,0
3276,1,0
3277,1,0
3278,1,0
3279,1,0
3280,1,0
3281,1,0
3282,1,0
3283,1,0
3284,1,0
3285,1,0
3286,1,0
3287,1,0
3288,1,0
3289,1,0
3290,1,0
3291,1,0
3292,1,0
3293,1,0
3294,1,0
3295,1,0
3296,1,1
3297,1,2
3298,1,0
3299,1,0
3300,1,0
3301,1,0
3302,1,0
3303,1,0
3304,1,0
3305,1,0
3306,1,0
3307,1,0
3308,1,0
3309,1,0
3310,1,0
3311,1,0
3312,1,0
3313,1,0
3314,1,0
3315,1,0
3316,1,0
3317,1,0
3318,1,0
3319,1,0
3320,1,0
3321,1,0
3322,1,1
3323,1,0
3324,1,0
3325,1,0
3326,1,3
3327,1,3
3328,1,3
3329,1,3
3330,1,0
3331,1,0
3332,1,0
3333,1,2
3334,1,1
3335,1,1
3336,1,2
3337,1,2
3338,1,1
3339,1,1
3340,1,0
3341,1,0
3342,1,0
3343,1,0
3344,1,0
3345,1,0
3346,1,0
3347,1,0
3348,1,0
3349,1,0
3350,1,0
3351,1,0
3352,1,0
3353,1,0
3354,1,0
3355,1,0
3356,1,0
3357,1,0
3358,1,0
3359,1,0
3360,1,0
3361,1,0
3362,1,0
3363,1,0
3364,1,0
3365,1,0
3366,1,0
3367,1,1
3368,1,0
3369,1,0
3370,1,0
3371,1,0
3372,1,0
3373,1,0
3374,1,0
3375,1,0
3376,1,0
3377,1,0
3378,1,0
3379,1,0
3380,1,0
3381,1,0
3382,1,0
3383,1,0
3384,1,0
3385,1,0
3386,1,0
3387,1,0
3388,1,0
3389,1,0
3390,1,0
3391,1,0
3392,1,0
3393,1,0
3394,1,1
3395,1,1
3396,1,0
3397,1,0
3398,1,0
3399,1,0
3400,1,0
3401,1,0
3402,1,0
3403,1,0
3404,1,1
3405,1,1
3406,1,2
3407,1,1
3408,1,2
3409,1,1
3410,1,0
3411,1,0
3412,1,0
3413,1,0
3414,1,0
3415,1,0
3416,1,0
3417,1,0
3418,1,0
3419,1,0
3420,1,0
3421,1,0
3422,1,0
3423,1,0
3424,1,0
3425,1,0
3426,1,0
3427,1,0
3428,1,0
3429,1,0
3430,1,0
3431,1,0
3432,1,0
3433,1,0
3434,1,0
3435,1,0
3436,1,0
3437,1,0
3438,1,1
3439,1,1
3440,1,0
3441,1,0
3442,1,0
3443,1,0
3444,1,0
3445,1,0
3446,1,0
3447,1,0
3448,1,0
3449,1,0
3450,1,0
3451,1,0
3452,1,0
3453,1,0
3454,1,0
3455,1,0
3456,1,0
3457,1,0
3458,1,0
3459,1,0
3460,1,0
3461,1,0
3462,1,0
3463,1,0
3464,1,0
3465,1,0
3466,1,0
3467,1,1
3468,1,2
3469,1,0
3470,1,0
3471,1,0
3472,1,0
3473,1,0
3474,1,0
3475,1,1
3476,1,2
3477,1,1
3478,1,1
3479,1,1
3480,1,1
3481,1,0
3482,1,0
3483,1,0
3484,1,0
3485,1,0
3486,1,0
3487,1,0
3488,1,0
3489,1,0
3490,1,0
3491,1,0
3492,1,0
3493,1,0
3494,1,0
3495,1,0
3496,1,0
3497,1,0
3498,1,0
3499,1,0
3500,1,0
3501,1,0
3502,1,0
3503,1,0
3504,1,0
3505,1,0
3506,1,0
3507,1,0
3508,1,0
3509,1,0
3510,1,0
3511,1,2
3512,1,0
3513,1,0
3514,1,0
3515,1,0
3516,1,0
3517,1,0
3518,1,0
3519,1,0
3520,1,0
3521,1,0
3522,1,0
3523,1,0
3524,1,0
3525,1,0
3526,1,0
3527,1,0
3528,1,0
3529,1,0
3530,1,0
3531,1,0
3532,1,0
3533,1,0
3534,1,0
3535,1,0
3536,1,0
3537,1,0
3538,1,0
3539,1,0
3540,1,0
3541,1,0
3542,1,1
3543,1,1
3544,1,1
3545,1,0
3546,1,0
3547,1,0
3548,1,0
3549,1,2
3550,1,1
3551,1,1
3552,1,1
3553,1,0
3554,1,2
3555,1,2
3556,1,1
3557,1,0
3558,1,0
3559,1,0
3560,1,0
3561,1,0
3562,1,0
3563,1,0
3564,1,0
3565,1,0
3566,1,0
3567,1,0
3568,1,0
3569,1,0
3570,1,0
3571,1,0
3572,1,0
3573,1,0
3574,1,0
3575,1,0
3576,1,0
3577,1,0
3578,1,0
3579,1,0
3580,1,0
3581,1,0
3582,1,0
3583,1,0
3584,1,0
3585,1,0
3586,1,0
3587,1,1
3588,1,0
3589,1,0
3590,1,0
3591,1,0
3592,1,0
3593,1,0
3594,1,0
3595,1,0
3596,1,0
3597,1,0
3598,1,0
3599,1,0
3600,1,0
3601,1,0
3602,1,0
3603,1,0
3604,1,0
3605,1,0
3606,1,0
3607,1,0
3608,1,0
3609,1,0
3610,1,0
3611,1,3
3612,1,0
3613,1,1
3614,1,0
3615,1,0
3616,1,0
3617,1,0
3618,1,0
3619,1,0
3620,1,0
3621,1,0
3622,1,0
3623,1,0
3624,1,0
3625,1,1
3626,1,1
3627,1,1
3628,1,1
3629,1,1
3630,1,1
3631,1,0
3632,1,1
3633,1,0
3634,1,0
3635,1,0
3636,1,0
3637,1,0
3638,1,0
3639,1,0
3640,1,0
3641,1,0
3642,1,0
3643,1,0
3644,1,0
3645,1,0
3646,1,0
3647,1,0
3648,1,0
3649,1,0
3650,1,0
3651,1,0
3652,1,0
3653,1,0
3654,1,0
3655,1,0
3656,1,0
3657,1,0
3658,1,0
3659,1,0
3660,1,1
3661,1,0
3662,1,1
3663,1,1
3664,1,0
3665,1,0
3666,1,0
3667,1,0
3668,1,0
3669,1,0
3670,1,0
3671,1,0
3672,1,0
3673,1,0
3674,1,0
3675,1,0
3676,1,0
3677,1,0
3678,1,0
3679,1,0
3680,1,0
3681,1,0
3682,1,1
3683,1,0
3684,1,0
3685,1,0
3686,1,0
3687,1,0
3688,1,0
3689,1,0
3690,1,0
3691,1,0
3692,1,0
3693,1,0
3694,1,3
3695,1,2
3696,1,0
3697,1,0
3698,1,0
3699,1,1
3700,1,1
3701,1,1
3702,1,1
3703,1,1
3704,1,1
3705,1,3
3706,1,0
3707,1,0
3708,1,0
3709,1,0
3710,1,0
3711,1,0
3712,1,0
3713,1,0
3714,1,0
3715,1,0
3716,1,0
3717,1,0
3718,1,0
3719,1,0
3720,1,0
3721,1,0
3722,1,0
3723,1,0
3724,1,0
3725,1,0
3726,1,0
3727,1,0
3728,1,0
3729,1,0
3730,1,0
3731,1,0
3732,1,0
3733,1,0
3734,1,0
3735,1,0
3736,1,0
3737,1,0
3738,1,0
3739,1,0
3740,1,0
3741,1,0
3742,1,0
3743,1,0
3744,1,0
3745,1,0
3746,1,0
3747,1,0
3748,1,0
3749,1,0
3750,1,0
3751,1,0
3752,1,0
3753,1,0
3754,1,0
3755,1,0
3756,1,0
3757,1,1
3758,1,0
3759,1,0
3760,1,0
3761,1,0
3762,1,0
3763,1,0
3764,1,0
3765,1,0
3766,1,1
3767,1,0
3768,1,1
3769,1,0
3770,1,0
3771,1,1
3772,1,1
3773,1,1
3774,1,1
3775,1,1
3776,1,1
3777,1,1
3778,1,1
3779,1,2
3780,1,1
3781,1,0
3782,1,0
3783,1,0
3784,1,0
3785,1,0
3786,1,0
3787,1,0
3788,1,0
3789,1,0
3790,1,0
3791,1,0
3792,1,0
3793,1,0
3794,1,0
3795,1,0
3796,1,0
3797,1,0
3798,1,0
3799,1,0
3800,1,0
3801,1,0
3802,1,0
3803,1,0
3804,1,0
3805,1,0
3806,1,0
3807,1,0
3808,1,0
3809,1,0
3810,1,0
3811,1,0
3812,1,1
3813,1,1
3814,1,0
3815,1,0
3816,1,0
3817,1,0
3818,1,0
3819,1,0
3820,1,0
3821,1,0
3822,1,0
3823,1,0
3824,1,0
3825,1,0
3826,1,0
3827,1,0
3828,1,0
3829,1,0
3830,1,0
3831,1,0
3832,1,0
3833,1,0
3834,1,0
3835,1,0
3836,1,0
3837,1,0
3838,1,0
3839,1,0
3840,1,0
3841,1,0
3842,1,0
3843,1,1
3844,1,1
3845,1,1
3846,1,1
3847,1,1
3848,1,1
3849,1,1
3850,1,1
3851,1,1
3852,1,1
3853,1,1
3854,1,1
3855,1,2
3856,1,0
3857,1,0
3858,1,0
3859,1,0
3860,1,0
3861,1,0
3862,1,0
3863,1,0
3864,1,0
3865,1,0
3866,1,0
3867,1,0
3868,1,0
3869,1,0
3870,1,0
3871,1,0
3872,1,0
3873,1,0
3874,1,0
3875,1,0
3876,1,0
3877,1,0
3878,1,0
3879,1,0
3880,1,0
3881,1,0
3882,1,0
3883,1,0
3884,1,0
3885,1,0
3886,1,0
3887,1,1
3888,1,1
3889,1,0
3890,1,0
3891,1,0
3892,1,0
3893,1,0
3894,1,0
3895,1,0
3896,1,0
3897,1,0
3898,1,0
3899,1,0
3900,1,0
3901,1,0
3902,1,0
3903,1,0
3904,1,0
3905,1,0
3906,1,0
3907,1,0
3908,1,0
3909,1,0
3910,1,0
3911,1,0
3912,1,0
3913,1,0
3914,1,3
3915,1,0
3916,1,1
3917,1,1
3918,1,2
3919,1,1
3920,1,1
3921,1,1
3922,1,1
3923,1,1
3924,1,0
3925,1,1
3926,1,1
3927,1,1
3928,1,1
3929,1,1
3930,1,1
3931,1,0
3932,1,0
3933,1,0
3934,1,0
3935,1,0
3936,1,0
3937,1,0
3938,1,0
3939,1,0
3940,1,0
3941,1,0
3942,1,0
3943,1,0
3944,1,0
3945,1,0
3946,1,0
3947,1,0
3948,1,0
3949,1,0
3950,1,0
3951,1,0
3952,1,0
3953,1,0
3954,1,0
3955,1,0
3956,1,0
3957,1,0
3958,1,0
3959,1,0
3960,1,0
3961,1,1
3962,1,0
3963,1,0
3964,1,0
3965,1,0
3966,1,0
3967,1,0
3968,1,0
3969,1,0
3970,1,0
3971,1,0
3972,1,0
3973,1,0
3974,1,0
3975,1,0
3976,1,0
3977,1,0
3978,1,0
3979,1,0
3980,1,0
3981,1,0
3982,1,0
3983,1,0
3984,1,0
3985,1,0
3986,1,0
3987,1,0
3988,1,0
3989,1,0
3990,1,1
3991,1,2
3992,1,2
3993,1,1
3994,1,1
3995,1,1
3996,1,1
3997,1,1
3998,1,1
3999,1,1
4000,1,1
4001,1,1
4002,1,1
4003,1,1
4004,1,0
4005,1,0
4006,1,0
4007,1,0
4008,1,1
4009,1,0
4010,1,0
4011,1,0
4012,1,1
4013,1,0
4014,1,0
4015,1,0
4016,1,0
4017,1,0
4018,1,0
4019,1,0
4020,1,0
4021,1,0
4022,1,0
4023,1,0
4024,1,0
4025,1,0
4026,1,0
4027,1,0
4028,1,0
4029,1,0
4030,1,0
4031,1,0
4032,1,0
4033,1,0
4034,1,1
4035,1,1
4036,1,1
4037,1,0
4038,1,0
4039,1,0
4040,1,0
4041,1,0
4042,1,0
4043,1,0
4044,1,0
4045,1,0
4046,1,0
4047,1,0
4048,1,0
4049,1,0
4050,1,0
4051,1,0
4052,1,0
4053,1,0
4054,1,0
4055,1,0
4056,1,0
4057,1,0
4058,1,0
4059,1,0
4060,1,0
4061,1,0
4062,1,1
4063,1,0
4064,1,1
4065,1,2
4066,1,1
4067,1,1
4068,1,1
4069,1,1
4070,1,1
4071,1,1
4072,1,1
4073,1,1
4074,1,1
4075,1,1
4076,1,1
4077,1,1
4078,1,1
4079,1,1
4080,1,0
4081,1,0
4082,1,1
4083,1,0
4084,1,1
4085,1,1
4086,1,0
4087,1,0
4088,1,0
4089,1,0
4090,1,0
4091,1,0
4092,1,0
4093,1,0
4094,1,0
4095,1,0
4096,1,0
4097,1,0
4098,1,0
4099,1,0
4100,1,0
4101,1,0
4102,1,1
4103,1,0
4104,1,1
4105,1,1
4106,1,1
4107,1,1
4108,1,1
4109,1,1
4110,1,0
4111,1,0
4112,1,0
4113,1,0
4114,1,0
4115,1,0
4116,1,0
4117,1,1
4118,1,1
4119,1,0
4120,1,0
4121,1,0
4122,1,0
4123,1,1
4124,1,1
4125,1,0
4126,1,0
4127,1,0
4128,1,0
4129,1,0
4130,1,0
4131,1,0
4132,1,0
4133,1,1
4134,1,1
4135,1,1
4136,1,1
4137,1,1
4138,1,2
4139,1,1
4140,1,1
4141,1,1
4142,1,1
4143,1,1
4144,1,1
4145,1,1
4146,1,1
4147,1,1
4148,1,1
4149,1,1
4150,1,0
4151,1,0
4152,1,0
4153,1,0
4154,1,1
4155,1,0
4156,1,0
4157,1,0
4158,1,0
4159,1,0
4160,1,0
4161,1,0
4162,1,0
4163,1,0
4164,1,0
4165,1,0
4166,1,0
4167,1,0
4168,1,0
4169,1,0
4170,1,0
4171,1,0
4172,1,0
4173,1,0
4174,1,0
4175,1,0
4176,1,0
4177,1,0
4178,1,1
4179,1,0
4180,1,0
4181,1,0
4182,1,0
4183,1,0
4184,1,0
4185,1,0
4186,1,0
4187,1,0
4188,1,0
4189,1,0
4190,1,0
4191,1,0
4192,1,0
4193,1,0
4194,1,0
4195,1,0
4196,1,0
4197,1,0
4198,1,0
4199,1,0
4200,1,0
4201,1,0
4202,1,0
4203,1,0
4204,1,1
4205,1,0
4206,1,0
4207,1,2
4208,1,1
4209,1,2
4210,1,1
4211,1,1
4212,1,1
4213,1,1
4214,1,1
4215,1,1
4216,1,1
4217,1,1
4218,1,1
4219,1,1
4220,1,0
4221,1,0
4222,1,0
4223,1,0
4224,1,0
4225,1,1
4226,1,0
4227,1,0
4228,1,0
4229,1,0
4230,1,0
4231,1,0
4232,1,0
4233,1,0
4234,1,0
4235,1,0
4236,1,0
4237,1,0
4238,1,0
4239,1,0
4240,1,0
4241,1,0
4242,1,0
4243,1,0
4244,1,0
4245,1,0
4246,1,1
4247,1,1
4248,1,1
4249,1,1
4250,1,0
4251,1,0
4252,1,0
4253,1,0
4254,1,0
4255,1,0
4256,1,0
4257,1,0
4258,1,0
4259,1,0
4260,1,0
4261,1,0
4262,1,0
4263,1,0
4264,1,0
4265,1,0
4266,1,0
4267,1,0
4268,1,0
4269,1,0
4270,1,0
4271,1,0
4272,1,0
4273,1,1
4274,1,0
4275,1,0
4276,1,1
4277,1,1
4278,1,1
4279,1,1
4280,1,1
4281,1,1
4282,1,1
4283,1,1
4284,1,1
4285,1,1
4286,1,1
4287,1,1
4288,1,1
4289,1,0
4290,1,0
4291,1,0
4292,1,0
4293,1,0
4294,1,0
4295,1,1
4296,1,0
4297,1,0
4298,1,0
4299,1,0
4300,1,0
4301,1,0
4302,1,0
4303,1,0
4304,1,0
4305,1,0
4306,1,0
4307,1,0
4308,1,0
4309,1,0
4310,1,0
4311,1,0
4312,1,0
4313,1,0
4314,1,0
4315,1,1
4316,1,0
4317,1,1
4318,1,1
4319,1,0
4320,1,0
4321,1,0
4322,1,0
4323,1,0
4324,1,0
4325,1,0
4326,1,0
4327,1,0
4328,1,0
4329,1,0
4330,1,0
4331,1,0
4332,1,0
4333,1,0
4334,1,0
4335,1,0
4336,1,0
4337,1,0
4338,1,0
4339,1,0
4340,1,0
4341,1,0
4342,1,1
4343,1,0
4344,1,0
4345,1,1
4346,1,1
4347,1,1
4348,1,1
4349,1,1
4350,1,1
4351,1,1
4352,1,1
4353,1,1
4354,1,1
4355,1,1
4356,1,1
4357,1,1
4358,1,0
4359,1,0
4360,1,0
4361,1,1
4362,1,0
4363,1,0
4364,1,1
4365,1,0
4366,1,0
4367,1,0
4368,1,1
4369,1,1
4370,1,1
4371,1,1
4372,1,1
4373,1,1
4374,1,1
4375,1,1
4376,1,0
4377,1,0
4378,1,0
4379,1,0
4380,1,0
4381,1,0
4382,1,0
4383,1,0
4384,1,0
4385,1,1
4386,1,1
4387,1,0
4388,1,0
4389,1,0
4390,1,0
4391,1,0
4392,1,0
4393,1,0
4394,1,0
4395,1,0
4396,1,0
4397,1,0
4398,1,0
4399,1,0
4400,1,0
4401,1,0
4402,1,0
4403,1,0
4404,1,0
4405,1,0
4406,1,0
4407,1,0
4408,1,0
4409,1,1
4410,1,0
4411,1,0
4412,1,0
4413,1,1
4414,1,1
4415,1,1
4416,1,1
4417,1,1
4418,1,1
4419,1,1
4420,1,1
4421,1,1
4422,1,1
4423,1,1
4424,1,1
4425,1,0
4426,1,0
4427,1,0
4428,1,0
4429,1,0
4430,1,0
4431,1,0
4432,1,1
4433,1,0
4434,1,0
4435,1,0
4436,1,1
4437,1,1
4438,1,1
4439,1,1
4440,1,1
4441,1,1
4442,1,1
4443,1,1
4444,1,1
4445,1,1
4446,1,1
4447,1,0
4448,1,1
4449,1,0
4450,1,0
4451,1,0
4452,1,1
4453,1,1
4454,1,0
4455,1,0
4456,1,0
4457,1,1
4458,1,0
4459,1,0
4460,1,0
4461,1,0
4462,1,0
4463,1,0
4464,1,0
4465,1,0
4466,1,0
4467,1,0
4468,1,0
4469,1,0
4470,1,0
4471,1,0
4472,1,0
4473,1,0
4474,1,0
4475,1,0
4476,1,1
4477,1,0
4478,1,0
4479,1,1
4480,1,1
4481,1,1
4482,1,1
4483,1,1
4484,1,1
4485,1,1
4486,1,1
4487,1,1
4488,1,1
4489,1,1
4490,1,1
4491,1,0
4492,1,0
4493,1,0
4494,1,0
4495,1,0
4496,1,0
4497,1,1
4498,1,1
4499,1,1
4500,1,1
4501,1,1
4502,1,1
4503,1,1
4504,1,1
4505,1,1
4506,1,1
4507,1,1
4508,1,1
4509,1,1
4510,1,1
4511,1,1
4512,1,1
4513,1,1
4514,1,0
4515,1,1
4516,1,1
4517,1,1
4518,1,2
4519,1,1
4520,1,0
4521,1,0
4522,1,0
4523,1,0
4524,1,0
4525,1,0
4526,1,0
4527,1,0
4528,1,0
4529,1,0
4530,1,0
4531,1,0
4532,1,0
4533,1,0
4534,1,0
4535,1,0
4536,1,0
4537,1,0
4538,1,0
4539,1,0
4540,1,0
4541,1,0
4542,1,0
4543,1,1
4544,1,1
4545,1,1
4546,1,1
4547,1,1
4548,1,1
4549,1,1
4550,1,1
4551,1,1
4552,1,1
4553,1,1
4554,1,1
4555,1,1
4556,1,0
4557,1,0
4558,1,0
4559,1,0
4560,1,0
4561,1,0
4562,1,0
4563,1,1
4564,1,1
4565,1,1
4566,1,1
4567,1,1
4568,1,1
4569,1,1
4570,1,1
4571,1,1
4572,1,1
4573,1,1
4574,1,1
4575,1,1
4576,1,1
4577,1,1
4578,1,1
4579,1,1
4580,1,1
4581,1,1
4582,1,1
4583,1,0
4584,1,0
4585,1,0
4586,1,0
4587,1,0
4588,1,0
4589,1,0
4590,1,0
4591,1,0
4592,1,0
4593,1,0
4594,1,0
4595,1,0
4596,1,0
4597,1,0
4598,1,0
4599,1,0
4600,1,0
4601,1,0
4602,1,1
4603,1,0
4604,1,0
4605,1,0
4606,1,0
4607,1,1
4608,1,0
4609,1,1
4610,1,1
4611,1,1
4612,1,1
4613,1,1
4614,1,1
4615,1,1
4616,1,1
4617,1,1
4618,1,1
4619,1,0
4620,1,0
4621,1,0
4622,1,0
4623,1,0
4624,1,1
4625,1,1
4626,1,1
4627,1,1
4628,1,1
4629,1,1
4630,1,1
4631,1,1
4632,1,1
4633,1,1
4634,1,1
4635,1,1
4636,1,1
4637,1,1
4638,1,1
4639,1,1
4640,1,1
4641,1,1
4642,1,1
4643,1,1
4644,1,1
4645,1,0
4646,1,0
4647,1,0
4648,1,0
4649,1,0
4650,1,0
4651,1,0
4652,1,0
4653,1,0
4654,1,0
4655,1,0
4656,1,0
4657,1,0
4658,1,0
4659,1,0
4660,1,0
4661,1,0
4662,1,0
4663,1,0
4664,1,1
4665,1,1
4666,1,1
4667,1,0
4668,1,0
4669,1,0
4670,1,0
4671,1,1
4672,1,1
4673,1,1
4674,1,1
4675,1,1
4676,1,1
4677,1,1
4678,1,1
4679,1,1
4680,1,0
4681,1,0
4682,1,0
4683,1,0
4684,1,0
4685,1,0
4686,1,1
4687,1,1
4688,1,1
4689,1,1
4690,1,1
4691,1,1
4692,1,1
4693,1,1
4694,1,1
4695,1,1
4696,1,1
4697,1,1
4698,1,1
4699,1,1
4700,1,1
4701,1,1
4702,1,1
4703,1,1
4704,1,1
4705,1,0
4706,1,0
4707,1,0
4708,1,0
4709,1,0
4710,1,0
4711,1,0
4712,1,0
4713,1,0
4714,1,0
4715,1,0
4716,1,0
4717,1,0
4718,1,0
4719,1,0
4720,1,0
4721,1,0
4722,1,0
4723,1,0
4724,1,0
4725,1,0
4726,1,0
4727,1,0
4728,1,0
4729,1,0
4730,1,0
4731,1,1
4732,1,1
4733,1,1
4734,1,1
4735,1,1
4736,1,1
4737,1,1
4738,1,1
4739,1,0
4740,1,0
4741,1,0
4742,1,1
4743,1,0
4744,1,1
4745,1,1
4746,1,1
4747,1,1
4748,1,1
4749,1,1
4750,1,1
4751,1,1
4752,1,1
4753,1,1
4754,1,1
4755,1,1
4756,1,1
4757,1,1
4758,1,1
4759,1,1
4760,1,1
4761,1,1
4762,1,1
4763,1,0
4764,1,0
4765,1,0
4766,1,0
4767,1,0
4768,1,0
4769,1,0
4770,1,0
4771,1,0
4772,1,0
4773,1,0
4774,1,0
4775,1,0
4776,1,0
4777,1,0
4778,1,0
4779,1,1
4780,1,0
4781,1,0
4782,1,0
4783,1,0
4784,1,0
4785,1,0
4786,1,0
4787,1,0
4788,1,1
4789,1,1
4790,1,1
4791,1,1
4792,1,1
4793,1,1
4794,1,1
4795,1,1
4796,1,1
4797,1,0
4798,1,0
4799,1,1
4800,1,1
4801,1,1
4802,1,1
4803,1,1
4804,1,1
4805,1,1
4806,1,1
4807,1,1
4808,1,1
4809,1,1
4810,1,1
4811,1,1
4812,1,1
4813,1,1
4814,1,1
4815,1,1
4816,1,1
4817,1,1
4818,1,2
4819,1,1
4820,1,0
4821,1,0
4822,1,0
4823,1,0
4824,1,0
4825,1,0
4826,1,0
4827,1,0
4828,1,0
4829,1,0
4830,1,0
4831,1,0
4832,1,0
4833,1,0
4834,1,0
4835,1,0
4836,1,0
4837,1,0
4838,1,0
4839,1,1
4840,1,0
4841,1,0
4842,1,1
4843,1,1
4844,1,1
4845,1,1
4846,1,1
4847,1,1
4848,1,1
4849,1,1
4850,1,1
4851,1,1
4852,1,0
4853,1,0
4854,1,1
4855,1,0
4856,1,0
4857,1,1
4858,1,1
4859,1,1
4860,1,1
4861,1,1
4862,1,1
4863,1,1
4864,1,1
4865,1,1
4866,1,1
4867,1,1
4868,1,1
4869,1,1
4870,1,1
4871,1,1
4872,1,1
4873,1,1
4874,1,2
4875,1,0
4876,1,1
4877,1,0
4878,1,0
4879,1,0
4880,1,0
4881,1,0
4882,1,0
4883,1,0
4884,1,0
4885,1,0
4886,1,0
4887,1,0
4888,1,0
4889,1,0
4890,1,0
4891,1,0
4892,1,1
4893,1,1
4894,1,1
4895,1,1
4896,1,1
4897,1,1
4898,1,1
4899,1,1
4900,1,1
4901,1,1
4902,1,1
4903,1,1
4904,1,1
4905,1,0
4906,1,0
4907,1,0
4908,1,0
4909,1,1
4910,1,1
4911,1,1
4912,1,1
4913,1,1
4914,1,1
4915,1,1
4916,1,1
4917,1,1
4918,1,1
4919,1,1
4920,1,1
4921,1,1
4922,1,1
4923,1,1
4924,1,1
4925,1,1
4926,1,0
4927,1,0
4928,1,0
4929,1,0
4930,1,0
4931,1,0
4932,1,0
4933,1,0
4934,1,0
4935,1,0
4936,1,0
4937,1,0
4938,1,0
4939,1,1
4940,1,0
4941,1,0
4942,1,0
4943,1,0
4944,1,1
4945,1,0
4946,1,1
4947,1,1
4948,1,1
4949,1,1
4950,1,1
4951,1,1
4952,1,1
4953,1,1
4954,1,1
4955,1,1
4956,1,1
4957,1,0
4958,1,0
4959,1,1
4960,1,1
4961,1,1
4962,1,1
4963,1,1
4964,1,1
4965,1,1
4966,1,1
4967,1,1
4968,1,1
4969,1,1
4970,1,1
4971,1,1
4972,1,1
4973,1,1
4974,1,1
4975,1,1
4976,1,1
4977,1,1
4978,1,0
4979,1,0
4980,1,0
4981,1,0
4982,1,0
4983,1,0
4984,1,0
4985,1,0
4986,1,0
4987,1,0
4988,1,0
4989,1,0
4990,1,1
4991,1,0
4992,1,1
4993,1,0
4994,1,0
4995,1,1
4996,1,1
4997,1,1
4998,1,1
4999,1,1
5000,1,1
5001,1,1
5002,1,1
5003,1,1
5004,1,1
5005,1,1
5006,1,1
5007,1,0
5008,1,0
5009,1,1
5010,1,0
5011,1,0
5012,1,1
5013,1,1
5014,1,1
5015,1,1
5016,1,1
5017,1,1
5018,1,1
5019,1,1
5020,1,1
5021,1,1
5022,1,1
5023,1,1
5024,1,1
5025,1,1
5026,1,1
5027,1,2
5028,1,2
5029,1,0
5030,1,0
5031,1,0
5032,1,0
5033,1,0
5034,1,0
5035,1,0
5036,1,0
5037,1,0
5038,1,0
5039,1,0
5040,1,0
5041,1,0
5042,1,0
5043,1,1
5044,1,1
5045,1,1
5046,1,1
5047,1,1
5048,1,1
5049,1,1
5050,1,1
5051,1,1
5052,1,1
5053,1,1
5054,1,1
5055,1,1
5056,1,1
5057,1,1
5058,1,0
5059,1,1
5060,1,1
5061,1,1
5062,1,1
5063,1,1
5064,1,1
5065,1,1
5066,1,1
5067,1,1
5068,1,1
5069,1,1
5070,1,1
5071,1,1
5072,1,1
5073,1,1
5074,1,1
5075,1,1
5076,1,1
5077,1,1
5078,1,1
5079,1,0
5080,1,0
5081,1,0
5082,1,0
5083,1,0
5084,1,0
5085,1,0
5086,1,0
5087,1,0
5088,1,0
5089,1,0
5090,1,0
5091,1,0
5092,1,0
5093,1,1
5094,1,1
5095,1,1
5096,1,1
5097,1,1
5098,1,1
5099,1,1
5100,1,1
5101,1,1
5102,1,1
5103,1,1
5104,1,1
5105,1,1
5106,1,0
5107,1,0
5108,1,1
5109,1,1
5110,1,1
5111,1,1
5112,1,1
5113,1,1
5114,1,1
5115,1,1
5116,1,1
5117,1,1
5118,1,1
5119,1,1
5120,1,1
5121,1,1
5122,1,1
5123,1,1
5124,1,1
5125,1,1
5126,1,0
5127,1,0
5128,1,0
5129,1,0
5130,1,0
5131,1,0
5132,1,0
5133,1,0
5134,1,0
5135,1,0
5136,1,0
5137,1,1
5138,1,0
5139,1,0
5140,1,0
5141,1,1
5142,1,1
5143,1,1
5144,1,1
5145,1,1
5146,1,1
5147,1,1
5148,1,1
5149,1,1
5150,1,1
5151,1,1
5152,1,1
5153,1,1
5154,1,1
5155,1,1
5156,1,1
5157,1,1
5158,1,1
5159,1,1
5160,1,1
5161,1,1
5162,1,1
5163,1,1
5164,1,1
5165,1,1
5166,1,1
5167,1,1
5168,1,1
5169,1,1
5170,1,1
5171,1,1
5172,1,1
5173,1,1
5174,1,1
5175,1,0
5176,1,0
5177,1,0
5178,1,0
5179,1,0
5180,1,0
5181,1,0
5182,1,0
5183,1,0
5184,1,0
5185,1,0
5186,1,0
5187,1,0
5188,1,0
5189,1,1
5190,1,1
5191,1,1
5192,1,0
5193,1,1
5194,1,1
5195,1,1
5196,1,1
5197,1,1
5198,1,1
5199,1,1
5200,1,1
5201,1,1
5202,1,1
5203,1,1
5204,1,1
5205,1,1
5206,1,1
5207,1,1
5208,1,1
5209,1,1
5210,1,1
5211,1,1
5212,1,1
5213,1,1
5214,1,1
5215,1,1
5216,1,1
5217,1,1
5218,1,1
5219,1,1
5220,1,1
5221,1,1
5222,1,1
5223,1,0
5224,1,0
5225,1,0
5226,1,0
5227,1,0
5228,1,0
5229,1,0
5230,1,0
5231,1,0
5232,1,0
5233,1,0
5234,1,0
5235,1,0
5236,1,1
5237,1,0
5238,1,2
5239,1,1
5240,1,1
5241,1,1
5242,1,1
5243,1,1
5244,1,1
5245,1,1
5246,1,1
5247,1,1
5248,1,1
5249,1,1
5250,1,1
5251,1,1
5252,1,1
5253,1,1
5254,1,1
5255,1,1
5256,1,1
5257,1,1
5258,1,1
5259,1,1
5260,1,1
5261,1,1
5262,1,1
5263,1,1
5264,1,1
5265,1,1
5266,1,1
5267,1,1
5268,1,1
5269,1,2
5270,1,0
5271,1,0
5272,1,0
5273,1,0
5274,1,0
5275,1,0
5276,1,0
5277,1,0
5278,1,0
5279,1,0
5280,1,0
5281,1,0
5282,1,0
5283,1,1
5284,1,0
5285,1,0
5286,1,0
5287,1,0
5288,1,1
5289,1,0
5290,1,1
5291,1,1
5292,1,1
5293,1,1
5294,1,1
5295,1,1
5296,1,1
5297,1,1
5298,1,1
5299,1,1
5300,1,1
5301,1,1
5302,1,1
5303,1,1
5304,1,1
5305,1,1
5306,1,1
5307,1,1
5308,1,1
5309,1,1
5310,1,1
5311,1,1
5312,1,1
5313,1,1
5314,1,1
5315,1,1
5316,1,0
5317,1,0
5318,1,0
5319,1,0
5320,1,0
5321,1,0
5322,1,0
5323,1,0
5324,1,0
5325,1,0
5326,1,0
5327,1,0
5328,1,0
5329,1,0
5330,1,1
5331,1,0
5332,1,0
5333,1,1
5334,1,1
5335,1,0
5336,1,0
5337,1,1
5338,1,1
5339,1,1
5340,1,1
5341,1,1
5342,1,1
5343,1,1
5344,1,1
5345,1,1
5346,1,1
5347,1,1
5348,1,1
5349,1,1
5350,1,1
5351,1,1
5352,1,1
5353,1,1
5354,1,1
5355,1,1
5356,1,1
5357,1,1
5358,1,1
5359,1,1
5360,1,1
5361,1,1
5362,1,1
5363,1,0
5364,1,0
5365,1,0
5366,1,0
5367,1,0
5368,1,0
5369,1,0
5370,1,0
5371,1,1
5372,1,0
5373,1,0
5374,1,0
5375,1,1
5376,1,0
5377,1,0
5378,1,1
5379,1,1
5380,1,0
5381,1,1
5382,1,1
5383,1,1
5384,1,1
5385,1,1
5386,1,1
5387,1,1
5388,1,1
5389,1,1
5390,1,1
5391,1,1
5392,1,1
5393,1,1
5394,1,1
5395,1,1
5396,1,1
5397,1,1
5398,1,1
5399,1,1
5400,1,1
5401,1,1
5402,1,1
5403,1,1
5404,1,1
5405,1,1
5406,1,1
5407,1,1
5408,1,1
5409,1,0
5410,1,0
5411,1,0
5412,1,0
5413,1,0
5414,1,0
5415,1,0
5416,1,1
5417,1,1
5418,1,0
5419,1,0
5420,1,0
5421,1,0
5422,1,1
5423,1,0
5424,1,1
5425,1,0
5426,1,1
5427,1,1
5428,1,1
5429,1,1
5430,1,1
5431,1,1
5432,1,1
5433,1,1
5434,1,1
5435,1,1
5436,1,1
5437,1,1
5438,1,1
5439,1,1
5440,1,1
5441,1,1
5442,1,1
5443,1,1
5444,1,1
5445,1,1
5446,1,1
5447,1,1
5448,1,1
5449,1,1
5450,1,0
5451,1,1
5452,1,1
5453,1,1
5454,1,0
5455,1,0
5456,1,0
5457,1,0
5458,1,0
5459,1,0
5460,1,0
5461,1,0
5462,1,0
5463,1,1
5464,1,0
5465,1,1
5466,1,0
5467,1,1
5468,1,1
5469,1,1
5470,1,1
5471,1,1
5472,1,1
5473,1,1
5474,1,1
5475,1,1
5476,1,1
5477,1,1
5478,1,1
5479,1,1
5480,1,1
5481,1,1
5482,1,1
5483,1,1
5484,1,1
5485,1,1
5486,1,1
5487,1,1
5488,1,1
5489,1,1
5490,1,1
5491,1,1
5492,1,1
5493,1,1
5494,1,1
5495,1,1
5496,1,1
5497,1,1
5498,1,0
5499,1,0
5500,1,0
5501,1,0
5502,1,0
5503,1,0
5504,1,0
5505,1,0
5506,1,0
5507,1,0
5508,1,1
5509,1,0
5510,1,1
5511,1,1
5512,1,1
5513,1,1
5514,1,1
5515,1,1
5516,1,1
5517,1,1
5518,1,1
5519,1,1
5520,1,1
5521,1,1
5522,1,1
5523,1,1
5524,1,1
5525,1,1
5526,1,1
5527,1,1
5528,1,1
5529,1,1
5530,1,1
5531,1,1
5532,1,1
5533,1,1
5534,1,1
5535,1,1
5536,1,1
5537,1,1
5538,1,1
5539,1,1
5540,1,1
5541,1,1
5542,1,0
5543,1,0
5544,1,0
5545,1,0
5546,1,0
5547,1,0
5548,1,0
5549,1,1
5550,1,0
5551,1,0
5552,1,1
5553,1,1
5554,1,1
5555,1,1
5556,1,1
5557,1,1
5558,1,1
5559,1,1
5560,1,1
5561,1,1
5562,1,1
5563,1,1
5564,1,1
5565,1,1
5566,1,1
5567,1,1
5568,1,1
5569,1,1
5570,1,1
5571,1,1
5572,1,1
5573,1,1
5574,1,1
5575,1,1
5576,1,1
5577,1,1
5578,1,1
5579,1,0
5580,1,1
5581,1,1
5582,1,2
5583,1,1
5584,1,0
5585,1,0
5586,1,0
5587,1,0
5588,1,0
5589,1,0
5590,1,0
5591,1,1
5592,1,1
5593,1,1
5594,1,0
5595,1,1
5596,1,1
5597,1,1
5598,1,1
5599,1,1
5600,1,1
5601,1,1
5602,1,1
5603,1,1
5604,1,1
5605,1,1
5606,1,1
5607,1,1
5608,1,1
5609,1,1
5610,1,1
5611,1,1
5612,1,1
5613,1,1
5614,1,1
5615,1,1
5616,1,1
5617,1,1
5618,1,1
5619,1,1
5620,1,0
5621,1,1
5622,1,1
5623,1,1
5624,1,1
5625,1,1
5626,1,1
5627,1,0
5628,1,0
5629,1,0
5630,1,0
5631,1,1
5632,1,0
5633,1,1
5634,1,1
5635,1,1
5636,1,1
5637,1,1
5638,1,1
5639,1,1
5640,1,1
5641,1,1
5642,1,1
5643,1,1
5644,1,1
5645,1,1
5646,1,1
5647,1,1
5648,1,1
5649,1,1
5650,1,1
5651,1,1
5652,1,1
5653,1,1
5654,1,1
5655,1,1
5656,1,1
5657,1,1
5658,1,1
5659,1,0
5660,1,1
5661,1,1
5662,1,1
5663,1,1
5664,1,1
5665,1,1
5666,1,0
5667,1,0
5668,1,0
5669,1,0
5670,1,0
5671,1,1
5672,1,1
5673,1,1
5674,1,1
5675,1,1
5676,1,1
5677,1,1
5678,1,1
5679,1,1
5680,1,1
5681,1,1
5682,1,1
5683,1,1
5684,1,1
5685,1,1
5686,1,1
5687,1,1
5688,1,1
5689,1,1
5690,1,1
5691,1,1
5692,1,1
5693,1,1
5694,1,1
5695,1,1
5696,1,1
5697,1,0
5698,1,1
5699,1,0
5700,1,1
5701,1,1
5702,1,0
5703,1,0
5704,1,0
5705,1,0
5706,1,0
5707,1,1
5708,1,1
5709,1,1
5710,1,1
5711,1,1
5712,1,1
5713,1,1
5714,1,1
5715,1,1
5716,1,1
5717,1,1
5718,1,1
5719,1,1
5720,1,1
5721,1,1
5722,1,1
5723,1,1
5724,1,1
5725,1,1
5726,1,1
5727,1,1
5728,1,1
5729,1,1
5730,1,1
5731,1,1
5732,1,2
5733,1,1
5734,1,1
5735,1,1
5736,1,2
5737,1,1
5738,1,1
5739,1,1
5740,1,1
5741,1,1
5742,1,1
5743,1,1
5744,1,1
5745,1,1
5746,1,1
5747,1,1
5748,1,1
5749,1,1
5750,1,1
5751,1,1
5752,1,1
5753,1,1
5754,1,1
5755,1,1
5756,1,1
5757,1,1
5758,1,1
5759,1,1
5760,1,1
5761,1,0
5762,1,0
5763,1,0
5764,1,0
5765,1,1
5766,1,1
5767,1,1
5768,1,2
5769,1,1
5770,1,1
5771,1,0
5772,1,0
5773,1,0
5774,1,0
5775,1,1
5776,1,1
5777,1,1
5778,1,1
5779,1,1
5780,1,1
5781,1,1
5782,1,1
5783,1,1
5784,1,1
5785,1,1
5786,1,1
5787,1,1
5788,1,1
5789,1,1
5790,1,1
5791,1,1
5792,1,1
5793,1,0
5794,1,0
5795,1,0
5796,1,0
5797,1,0
5798,1,1
5799,1,1
5800,1,1
5801,1,1
5802,1,1
5803,1,0
5804,1,0
5805,1,0
5806,1,0
5807,1,0
5808,1,1
5809,1,1
5810,1,1
5811,1,1
5812,1,1
5813,1,1
5814,1,1
5815,1,1
5816,1,1
5817,1,1
5818,1,1
5819,1,1
5820,1,1
5821,1,0
5822,1,0
5823,1,0
5824,1,0
5825,1,0
5826,1,0
5827,1,0
5828,1,0
5829,1,1
5830,1,2
5831,1,1
5832,1,0
5833,1,0
5834,1,0
5835,1,0
5836,1,0
5837,1,0
5838,1,0
5839,1,0
5840,1,1
5841,1,1
5842,1,1
5843,1,1
5844,1,0
5845,1,1
5846,1,1
5847,1,1
5848,1,0
5849,1,0
5850,1,0
5851,1,0
5852,1,0
5853,1,0
5854,1,0
5855,1,1
5856,1,1
5857,1,2
5858,1,1
5859,1,0
5860,1,1
5861,1,1
5862,1,0
5863,1,0
5864,1,0
5865,1,0
5866,1,0
5867,1,0
5868,1,0
5869,1,0
5870,1,0
5871,1,0
5872,1,0
5873,1,0
5874,1,0
5875,1,0
5876,1,0
5877,1,0
5878,1,0
5879,1,1
5880,1,1
5881,1,1
5882,1,2
5883,1,1
5884,1,1
5885,1,1
5886,1,3
5887,1,0
5888,1,0
5889,1,0
5890,1,0
5891,1,0
5892,1,0
5893,1,0
5894,1,0
5895,1,0
5896,1,0
5897,1,0
5898,1,1
5899,1,1
5900,1,1
5901,1,1
5902,1,1
5903,1,1
5904,1,1
5905,1,1
5906,1,1
5907,1,1
5908,1,1
5909,1,1
5910,1,1
5911,1,1
5912,1,2
0,2,5
1,2,5
2,2,5
3,2,7
4,2,5
5,2,2
6,2,6
7,2,5
8,2,5
9,2,5
10,2,6
11,2,6
12,2,5
13,2,6
14,2,5
15,2,6
16,2,5
17,2,5
18,2,5
19,2,5
20,2,5
21,2,5
22,2,5
23,2,5
24,2,6
25,2,7
26,2,6
27,2,6
28,2,6
29,2,6
30,2,6
31,2,6
32,2,6
33,2,6
34,2,6
35,2,6
36,2,6
37,2,6
38,2,6
39,2,6
40,2,6
41,2,6
42,2,6
43,2,6
44,2,6
45,2,6
46,2,6
47,2,5
48,2,6
49,2,5
50,2,6
51,2,6
52,2,6
53,2,5
54,2,5
55,2,5
56,2,5
57,2,5
58,2,5
59,2,7
60,2,7
61,2,7
62,2,7
63,2,7
64,2,7
65,2,6
66,2,6
67,2,6
68,2,6
69,2,6
70,2,6
71,2,6
72,2,6
73,2,6
74,2,6
75,2,7
76,2,6
77,2,6
78,2,6
79,2,6
80,2,6
81,2,6
82,2,5
83,2,6
84,2,7
85,2,5
86,2,6
87,2,6
88,2,6
89,2,5
90,2,6
91,2,6
92,2,6
93,2,6
94,2,6
95,2,5
96,2,5
97,2,7
98,2,7
99,2,7
100,2,7
101,2,7
102,2,7
103,2,7
104,2,7
105,2,7
106,2,7
107,2,7
108,2,7
109,2,7
110,2,7
111,2,7
112,2,7
113,2,7
114,2,7
115,2,7
116,2,7
117,2,7
118,2,7
119,2,7
120,2,7
121,2,6
122,2,6
123,2,6
124,2,7
125,2,7
126,2,7
127,2,6
128,2,6
129,2,6
130,2,6
131,2,6
132,2,6
133,2,6
134,2,6
135,2,6
136,2,6
137,2,6
138,2,5
139,2,5
140,2,7
141,2,7
142,2,7
143,2,7
144,2,7
145,2,7
146,2,7
147,2,7
148,2,7
149,2,7
150,2,7
151,2,7
152,2,7
153,2,7
154,2,7
155,2,7
156,2,6
157,2,5
158,2,5
159,2,5
160,2,5
161,2,5
162,2,7
163,2,7
164,2,7
165,2,7
166,2,7
167,2,7
168,2,7
169,2,7
170,2,7
171,2,6
172,2,7
173,2,7
174,2,7
175,2,6
176,2,6
177,2,6
178,2,6
179,2,6
180,2,6
181,2,6
182,2,6
183,2,6
184,2,6
185,2,5
186,2,7
187,2,7
188,2,7
189,2,7
190,2,7
191,2,7
192,2,7
193,2,7
194,2,7
195,2,7
196,2,7
197,2,7
198,2,7
199,2,7
200,2,7
201,2,7
202,2,7
203,2,7
204,2,5
205,2,5
206,2,5
207,2,7
208,2,7
209,2,7
210,2,7
211,2,7
212,2,7
213,2,7
214,2,6
215,2,5
216,2,7
217,2,6
218,2,7
219,2,6
220,2,6
221,2,6
222,2,6
223,2,6
224,2,6
225,2,6
226,2,6
227,2,6
228,2,6
229,2,6
230,2,6
231,2,6
232,2,5
233,2,5
234,2,5
235,2,7
236,2,7
237,2,7
238,2,7
239,2,7
240,2,7
241,2,7
242,2,7
243,2,7
244,2,7
245,2,7
246,2,7
247,2,7
248,2,7
249,2,7
250,2,7
251,2,7
252,2,7
253,2,7
254,2,5
255,2,7
256,2,7
257,2,7
258,2,7
259,2,7
260,2,7
261,2,7
262,2,7
263,2,5
264,2,7
265,2,7
266,2,7
267,2,7
268,2,6
269,2,7
270,2,7
271,2,6
272,2,6
273,2,6
274,2,6
275,2,6
276,2,5
277,2,6
278,2,6
279,2,6
280,2,6
281,2,6
282,2,2
283,2,7
284,2,7
285,2,7
286,2,7
287,2,7
288,2,7
289,2,7
290,2,7
291,2,7
292,2,7
293,2,7
294,2,7
295,2,7
296,2,7
297,2,7
298,2,7
299,2,7
300,2,7
301,2,7
302,2,7
303,2,5
304,2,5
305,2,7
306,2,7
307,2,7
308,2,7
309,2,7
310,2,7
311,2,7
312,2,5
313,2,5
314,2,7
315,2,7
316,2,7
317,2,7
318,2,7
319,2,7
320,2,7
321,2,7
322,2,6
323,2,6
324,2,6
325,2,6
326,2,6
327,2,6
328,2,6
329,2,5
330,2,6
331,2,6
332,2,6
333,2,5
334,2,5
335,2,7
336,2,7
337,2,7
338,2,7
339,2,5
340,2,5
341,2,7
342,2,7
343,2,7
344,2,7
345,2,7
346,2,7
347,2,7
348,2,7
349,2,7
350,2,7
351,2,7
352,2,7
353,2,7
354,2,7
355,2,7
356,2,5
357,2,7
358,2,7
359,2,7
360,2,7
361,2,7
362,2,7
363,2,7
364,2,7
365,2,5
366,2,6
367,2,7
368,2,6
369,2,7
370,2,7
371,2,7
372,2,7
373,2,6
374,2,6
375,2,7
376,2,6
377,2,7
378,2,7
379,2,6
380,2,6
381,2,6
382,2,6
383,2,6
384,2,6
385,2,6
386,2,6
387,2,5
388,2,5
389,2,7
390,2,7
391,2,7
392,2,7
393,2,7
394,2,7
395,2,7
396,2,7
397,2,7
398,2,7
399,2,7
400,2,7
401,2,7
402,2,7
403,2,7
404,2,7
405,2,7
406,2,7
407,2,7
408,2,7
409,2,7
410,2,7
411,2,7
412,2,5
413,2,5
414,2,7
415,2,7
416,2,6
417,2,7
418,2,7
419,2,7
420,2,7
421,2,7
422,2,7
423,2,6
424,2,7
425,2,6
426,2,6
427,2,7
428,2,6
429,2,7
430,2,6
431,2,6
432,2,7
433,2,6
434,2,6
435,2,6
436,2,6
437,2,6
438,2,6
439,2,6
440,2,6
441,2,6
442,2,6
443,2,6
444,2,6
445,2,6
446,2,5
447,2,5
448,2,7
449,2,7
450,2,7
451,2,7
452,2,7
453,2,7
454,2,7
455,2,7
456,2,7
457,2,7
458,2,7
459,2,7
460,2,7
461,2,7
462,2,7
463,2,7
464,2,7
465,2,7
466,2,7
467,2,7
468,2,6
469,2,7
470,2,7
471,2,7
472,2,5
473,2,5
474,2,7
475,2,7
476,2,7
477,2,7
478,2,7
479,2,7
480,2,7
481,2,7
482,2,5
483,2,6
484,2,7
485,2,7
486,2,6
487,2,7
488,2,6
489,2,7
490,2,7
491,2,7
492,2,6
493,2,6
494,2,6
495,2,6
496,2,6
497,2,6
498,2,6
499,2,6
500,2,6
501,2,6
502,2,6
503,2,6
504,2,6
505,2,6
506,2,6
507,2,5
508,2,5
509,2,7
510,2,7
511,2,7
512,2,7
513,2,7
514,2,7
515,2,7
516,2,7
517,2,7
518,2,7
519,2,7
520,2,7
521,2,7
522,2,7
523,2,7
524,2,7
525,2,7
526,2,7
527,2,7
528,2,7
529,2,7
530,2,7
531,2,7
532,2,7
533,2,7
534,2,5
535,2,5
536,2,5
537,2,5
538,2,7
539,2,7
540,2,7
541,2,7
542,2,7
543,2,7
544,2,7
545,2,7
546,2,4
547,2,7
548,2,7
549,2,7
550,2,6
551,2,6
552,2,7
553,2,7
554,2,7
555,2,6
556,2,6
557,2,6
558,2,6
559,2,6
560,2,6
561,2,6
562,2,7
563,2,6
564,2,6
565,2,6
566,2,6
567,2,6
568,2,6
569,2,7
570,2,6
571,2,5
572,2,5
573,2,7
574,2,7
575,2,7
576,2,7
577,2,7
578,2,7
579,2,7
580,2,7
581,2,7
582,2,7
583,2,7
584,2,7
585,2,7
586,2,7
587,2,7
588,2,7
589,2,7
590,2,7
591,2,7
592,2,7
593,2,7
594,2,7
595,2,7
596,2,7
597,2,7
598,2,7
599,2,7
600,2,7
601,2,4
602,2,7
603,2,7
604,2,7
605,2,7
606,2,7
607,2,7
608,2,7
609,2,7
610,2,7
611,2,7
612,2,4
613,2,7
614,2,7
615,2,7
616,2,7
617,2,7
618,2,7
619,2,6
620,2,6
621,2,6
622,2,6
623,2,6
624,2,7
625,2,6
626,2,6
627,2,6
628,2,6
629,2,7
630,2,6
631,2,6
632,2,6
633,2,6
634,2,6
635,2,6
636,2,6
637,2,6
638,2,5
639,2,5
640,2,7
641,2,7
642,2,7
643,2,7
644,2,7
645,2,7
646,2,7
647,2,7
648,2,7
649,2,7
650,2,7
651,2,7
652,2,4
653,2,7
654,2,7
655,2,7
656,2,7
657,2,7
658,2,7
659,2,7
660,2,4
661,2,4
662,2,7
663,2,7
664,2,4
665,2,7
666,2,4
667,2,7
668,2,7
669,2,7
670,2,4
671,2,7
672,2,7
673,2,7
674,2,7
675,2,7
676,2,7
677,2,7
678,2,7
679,2,7
680,2,4
681,2,7
682,2,7
683,2,7
684,2,7
685,2,7
686,2,7
687,2,6
688,2,6
689,2,6
690,2,6
691,2,6
692,2,6
693,2,6
694,2,6
695,2,6
696,2,6
697,2,6
698,2,6
699,2,6
700,2,6
701,2,6
702,2,6
703,2,6
704,2,6
705,2,6
706,2,4
707,2,5
708,2,7
709,2,7
710,2,7
711,2,7
712,2,7
713,2,7
714,2,7
715,2,7
716,2,7
717,2,7
718,2,7
719,2,7
720,2,7
721,2,7
722,2,7
723,2,7
724,2,7
725,2,7
726,2,7
727,2,7
728,2,7
729,2,7
730,2,7
731,2,7
732,2,7
733,2,7
734,2,7
735,2,7
736,2,7
737,2,7
738,2,7
739,2,7
740,2,7
741,2,7
742,2,7
743,2,7
744,2,7
745,2,7
746,2,7
747,2,7
748,2,7
749,2,7
750,2,7
751,2,7
752,2,7
753,2,6
754,2,7
755,2,7
756,2,6
757,2,6
758,2,6
759,2,6
760,2,6
761,2,6
762,2,6
763,2,6
764,2,6
765,2,6
766,2,6
767,2,6
768,2,6
769,2,6
770,2,6
771,2,6
772,2,6
773,2,6
774,2,6
775,2,6
776,2,5
777,2,5
778,2,7
779,2,7
780,2,7
781,2,7
782,2,7
783,2,7
784,2,7
785,2,7
786,2,7
787,2,7
788,2,7
789,2,7
790,2,7
791,2,7
792,2,7
793,2,7
794,2,7
795,2,7
796,2,7
797,2,7
798,2,7
799,2,7
800,2,7
801,2,7
802,2,7
803,2,7
804,2,7
805,2,7
806,2,7
807,2,7
808,2,7
809,2,7
810,2,7
811,2,7
812,2,7
813,2,7
814,2,7
815,2,7
816,2,7
817,2,7
818,2,7
819,2,7
820,2,7
821,2,7
822,2,6
823,2,7
824,2,7
825,2,7
826,2,4
827,2,7
828,2,6
829,2,6
830,2,6
831,2,6
832,2,6
833,2,6
834,2,6
835,2,6
836,2,6
837,2,6
838,2,6
839,2,6
840,2,6
841,2,6
842,2,6
843,2,6
844,2,6
845,2,6
846,2,6
847,2,5
848,2,7
849,2,7
850,2,7
851,2,7
852,2,7
853,2,7
854,2,7
855,2,7
856,2,7
857,2,7
858,2,7
859,2,7
860,2,7
861,2,7
862,2,7
863,2,7
864,2,7
865,2,7
866,2,7
867,2,7
868,2,7
869,2,7
870,2,7
871,2,7
872,2,7
873,2,7
874,2,7
875,2,7
876,2,7
877,2,7
878,2,7
879,2,7
880,2,7
881,2,7
882,2,7
883,2,7
884,2,7
885,2,7
886,2,7
887,2,7
888,2,7
889,2,6
890,2,7
891,2,7
892,2,6
893,2,7
894,2,7
895,2,7
896,2,7
897,2,7
898,2,7
899,2,7
900,2,6
901,2,7
902,2,6
903,2,6
904,2,6
905,2,6
906,2,6
907,2,6
908,2,6
909,2,6
910,2,6
911,2,6
912,2,6
913,2,6
914,2,6
915,2,6
916,2,6
917,2,6
918,2,6
919,2,5
920,2,7
921,2,7
922,2,7
923,2,7
924,2,7
925,2,7
926,2,7
927,2,7
928,2,7
929,2,7
930,2,7
931,2,7
932,2,7
933,2,7
934,2,7
935,2,7
936,2,7
937,2,7
938,2,7
939,2,7
940,2,7
941,2,7
942,2,7
943,2,7
944,2,7
945,2,7
946,2,7
947,2,7
948,2,7
949,2,7
950,2,7
951,2,7
952,2,7
953,2,7
954,2,7
955,2,7
956,2,7
957,2,7
958,2,7
959,2,7
960,2,7
961,2,7
962,2,5
963,2,6
964,2,6
965,2,6
966,2,6
967,2,7
968,2,7
969,2,7
970,2,4
971,2,7
972,2,7
973,2,6
974,2,6
975,2,6
976,2,6
977,2,6
978,2,6
979,2,6
980,2,6
981,2,6
982,2,6
983,2,6
984,2,6
985,2,6
986,2,6
987,2,5
988,2,6
989,2,6
990,2,6
991,2,5
992,2,5
993,2,4
994,2,7
995,2,7
996,2,7
997,2,7
998,2,7
999,2,7
1000,2,7
1001,2,7
1002,2,7
1003,2,7
1004,2,7
1005,2,7
1006,2,7
1007,2,7
1008,2,7
1009,2,7
1010,2,7
1011,2,7
1012,2,7
1013,2,7
1014,2,7
1015,2,7
1016,2,7
1017,2,7
1018,2,7
1019,2,7
1020,2,7
1021,2,7
1022,2,7
1023,2,4
1024,2,4
1025,2,7
1026,2,4
1027,2,7
1028,2,7
1029,2,7
1030,2,7
1031,2,7
1032,2,7
1033,2,6
1034,2,6
1035,2,7
1036,2,7
1037,2,6
1038,2,6
1039,2,6
1040,2,6
1041,2,6
1042,2,6
1043,2,7
1044,2,7
1045,2,6
1046,2,6
1047,2,6
1048,2,6
1049,2,6
1050,2,6
1051,2,6
1052,2,6
1053,2,6
1054,2,6
1055,2,6
1056,2,6
1057,2,6
1058,2,6
1059,2,6
1060,2,6
1061,2,6
1062,2,6
1063,2,6
1064,2,6
1065,2,5
1066,2,7
1067,2,7
1068,2,7
1069,2,7
1070,2,7
1071,2,7
1072,2,7
1073,2,7
1074,2,7
1075,2,7
1076,2,7
1077,2,7
1078,2,7
1079,2,7
1080,2,7
1081,2,7
1082,2,7
1083,2,7
1084,2,7
1085,2,7
1086,2,7
1087,2,7
1088,2,4
1089,2,7
1090,2,7
1091,2,7
1092,2,7
1093,2,7
1094,2,4
1095,2,4
1096,2,4
1097,2,4
1098,2,7
1099,2,4
1100,2,7
1101,2,7
1102,2,7
1103,2,7
1104,2,7
1105,2,7
1106,2,7
1107,2,7
1108,2,7
1109,2,6
1110,2,7
1111,2,7
1112,2,6
1113,2,6
1114,2,6
1115,2,6
1116,2,7
1117,2,7
1118,2,7
1119,2,6
1120,2,6
1121,2,6
1122,2,6
1123,2,6
1124,2,6
1125,2,6
1126,2,6
1127,2,6
1128,2,6
1129,2,6
1130,2,6
1131,2,6
1132,2,6
1133,2,6
1134,2,6
1135,2,6
1136,2,6
1137,2,6
1138,2,5
1139,2,5
1140,2,7
1141,2,7
1142,2,7
1143,2,7
1144,2,7
1145,2,7
1146,2,7
1147,2,7
1148,2,7
1149,2,7
1150,2,7
1151,2,7
1152,2,7
1153,2,7
1154,2,7
1155,2,7
1156,2,7
1157,2,7
1158,2,7
1159,2,7
1160,2,7
1161,2,4
1162,2,4
1163,2,7
1164,2,7
1165,2,7
1166,2,7
1167,2,4
1168,2,4
1169,2,4
1170,2,4
1171,2,4
1172,2,4
1173,2,7
1174,2,7
1175,2,7
1176,2,7
1177,2,7
1178,2,7
1179,2,7
1180,2,7
1181,2,7
1182,2,7
1183,2,7
1184,2,7
1185,2,7
1186,2,7
1187,2,6
1188,2,7
1189,2,6
1190,2,6
1191,2,6
1192,2,7
1193,2,6
1194,2,7
1195,2,6
1196,2,6
1197,2,6
1198,2,6
1199,2,6
1200,2,6
1201,2,6
1202,2,6
1203,2,6
1204,2,6
1205,2,6
1206,2,6
1207,2,0
1208,2,6
1209,2,6
1210,2,6
1211,2,6
1212,2,6
1213,2,5
1214,2,7
1215,2,7
1216,2,7
1217,2,7
1218,2,7
1219,2,7
1220,2,7
1221,2,7
1222,2,7
1223,2,7
1224,2,7
1225,2,7
1226,2,7
1227,2,7
1228,2,7
1229,2,7
1230,2,7
1231,2,7
1232,2,4
1233,2,4
1234,2,4
1235,2,4
1236,2,4
1237,2,4
1238,2,4
1239,2,4
1240,2,4
1241,2,4
1242,2,4
1243,2,4
1244,2,7
1245,2,7
1246,2,7
1247,2,7
1248,2,7
1249,2,7
1250,2,7
1251,2,7
1252,2,7
1253,2,7
1254,2,7
1255,2,7
1256,2,7
1257,2,7
1258,2,7
1259,2,7
1260,2,7
1261,2,7
1262,2,6
1263,2,6
1264,2,6
1265,2,6
1266,2,6
1267,2,7
1268,2,6
1269,2,6
1270,2,7
1271,2,6
1272,2,6
1273,2,6
1274,2,6
1275,2,6
1276,2,6
1277,2,6
1278,2,6
1279,2,6
1280,2,6
1281,2,6
1282,2,6
1283,2,6
1284,2,6
1285,2,6
1286,2,5
1287,2,5
1288,2,7
1289,2,7
1290,2,7
1291,2,7
1292,2,6
1293,2,6
1294,2,7
1295,2,7
1296,2,7
1297,2,7
1298,2,7
1299,2,7
1300,2,7
1301,2,7
1302,2,7
1303,2,7
1304,2,7
1305,2,4
1306,2,4
1307,2,4
1308,2,4
1309,2,4
1310,2,4
1311,2,4
1312,2,4
1313,2,4
1314,2,4
1315,2,4
1316,2,4
1317,2,4
1318,2,7
1319,2,7
1320,2,7
1321,2,7
1322,2,7
1323,2,7
1324,2,7
1325,2,7
1326,2,7
1327,2,7
1328,2,7
1329,2,7
1330,2,7
1331,2,7
1332,2,7
1333,2,7
1334,2,7
1335,2,7
1336,2,6
1337,2,6
1338,2,6
1339,2,6
1340,2,7
1341,2,6
1342,2,6
1343,2,6
1344,2,6
1345,2,6
1346,2,6
1347,2,6
1348,2,6
1349,2,6
1350,2,6
1351,2,6
1352,2,6
1353,2,6
1354,2,6
1355,2,6
1356,2,6
1357,2,6
1358,2,6
1359,2,5
1360,2,5
1361,2,5
1362,2,5
1363,2,5
1364,2,5
1365,2,5
1366,2,5
1367,2,5
1368,2,7
1369,2,7
1370,2,7
1371,2,7
1372,2,7
1373,2,7
1374,2,4
1375,2,4
1376,2,4
1377,2,4
1378,2,4
1379,2,4
1380,2,4
1381,2,4
1382,2,4
1383,2,4
1384,2,4
1385,2,4
1386,2,4
1387,2,4
1388,2,4
1389,2,4
1390,2,7
1391,2,7
1392,2,7
1393,2,7
1394,2,7
1395,2,7
1396,2,7
1397,2,7
1398,2,6
1399,2,7
1400,2,7
1401,2,7
1402,2,7
1403,2,7
1404,2,6
1405,2,7
1406,2,6
1407,2,6
1408,2,6
1409,2,6
1410,2,7
1411,2,6
1412,2,6
1413,2,6
1414,2,6
1415,2,6
1416,2,6
1417,2,6
1418,2,6
1419,2,6
1420,2,6
1421,2,6
1422,2,6
1423,2,6
1424,2,6
1425,2,6
1426,2,6
1427,2,6
1428,2,6
1429,2,6
1430,2,5
1431,2,7
1432,2,7
1433,2,4
1434,2,4
1435,2,4
1436,2,4
1437,2,5
1438,2,4
1439,2,4
1440,2,4
1441,2,4
1442,2,4
1443,2,4
1444,2,4
1445,2,4
1446,2,4
1447,2,4
1448,2,4
1449,2,4
1450,2,4
1451,2,4
1452,2,7
1453,2,7
1454,2,7
1455,2,7
1456,2,7
1457,2,7
1458,2,7
1459,2,7
1460,2,7
1461,2,7
1462,2,7
1463,2,7
1464,2,6
1465,2,7
1466,2,7
1467,2,7
1468,2,6
1469,2,6
1470,2,6
1471,2,7
1472,2,6
1473,2,6
1474,2,6
1475,2,6
1476,2,6
1477,2,6
1478,2,6
1479,2,6
1480,2,6
1481,2,6
1482,2,6
1483,2,6
1484,2,6
1485,2,6
1486,2,6
1487,2,6
1488,2,6
1489,2,6
1490,2,6
1491,2,5
1492,2,5
1493,2,4
1494,2,4
1495,2,4
1496,2,4
1497,2,4
1498,2,4
1499,2,4
1500,2,4
1501,2,4
1502,2,4
1503,2,4
1504,2,4
1505,2,4
1506,2,4
1507,2,4
1508,2,4
1509,2,4
1510,2,4
1511,2,4
1512,2,4
1513,2,7
1514,2,7
1515,2,7
1516,2,7
1517,2,7
1518,2,7
1519,2,7
1520,2,7
1521,2,7
1522,2,6
1523,2,7
1524,2,6
1525,2,7
1526,2,7
1527,2,6
1528,2,7
1529,2,6
1530,2,6
1531,2,6
1532,2,6
1533,2,6
1534,2,4
1535,2,4
1536,2,6
1537,2,6
1538,2,6
1539,2,6
1540,2,6
1541,2,6
1542,2,6
1543,2,6
1544,2,6
1545,2,6
1546,2,6
1547,2,6
1548,2,6
1549,2,6
1550,2,6
1551,2,5
1552,2,5
1553,2,4
1554,2,4
1555,2,4
1556,2,4
1557,2,4
1558,2,4
1559,2,4
1560,2,4
1561,2,4
1562,2,4
1563,2,4
1564,2,4
1565,2,4
1566,2,4
1567,2,4
1568,2,4
1569,2,4
1570,2,4
1571,2,4
1572,2,4
1573,2,4
1574,2,4
1575,2,4
1576,2,4
1577,2,4
1578,2,4
1579,2,6
1580,2,6
1581,2,6
1582,2,6
1583,2,6
1584,2,6
1585,2,6
1586,2,6
1587,2,6
1588,2,6
1589,2,6
1590,2,6
1591,2,6
1592,2,6
1593,2,4
1594,2,4
1595,2,6
1596,2,6
1597,2,6
1598,2,6
1599,2,6
1600,2,6
1601,2,6
1602,2,6
1603,2,6
1604,2,6
1605,2,6
1606,2,6
1607,2,6
1608,2,6
1609,2,6
1610,2,4
1611,2,5
1612,2,4
1613,2,7
1614,2,4
1615,2,4
1616,2,5
1617,2,4
1618,2,4
1619,2,4
1620,2,4
1621,2,4
1622,2,4
1623,2,4
1624,2,4
1625,2,4
1626,2,4
1627,2,4
1628,2,4
1629,2,4
1630,2,4
1631,2,4
1632,2,4
1633,2,4
1634,2,4
1635,2,4
1636,2,4
1637,2,4
1638,2,4
1639,2,7
1640,2,6
1641,2,6
1642,2,6
1643,2,6
1644,2,6
1645,2,6
1646,2,6
1647,2,6
1648,2,6
1649,2,6
1650,2,6
1651,2,4
1652,2,4
1653,2,4
1654,2,6
1655,2,6
1656,2,6
1657,2,6
1658,2,6
1659,2,6
1660,2,6
1661,2,6
1662,2,6
1663,2,6
1664,2,6
1665,2,6
1666,2,6
1667,2,6
1668,2,6
1669,2,5
1670,2,5
1671,2,4
1672,2,4
1673,2,5
1674,2,4
1675,2,4
1676,2,4
1677,2,4
1678,2,4
1679,2,4
1680,2,4
1681,2,4
1682,2,4
1683,2,4
1684,2,4
1685,2,4
1686,2,4
1687,2,4
1688,2,4
1689,2,4
1690,2,4
1691,2,4
1692,2,4
1693,2,4
1694,2,4
1695,2,4
1696,2,4
1697,2,6
1698,2,6
1699,2,6
1700,2,6
1701,2,6
1702,2,6
1703,2,6
1704,2,6
1705,2,6
1706,2,6
1707,2,6
1708,2,4
1709,2,4
1710,2,4
1711,2,6
1712,2,1
1713,2,6
1714,2,6
1715,2,6
1716,2,6
1717,2,6
1718,2,6
1719,2,6
1720,2,6
1721,2,6
1722,2,6
1723,2,6
1724,2,6
1725,2,6
1726,2,5
1727,2,5
1728,2,4
1729,2,4
1730,2,4
1731,2,4
1732,2,4
1733,2,4
1734,2,4
1735,2,4
1736,2,4
1737,2,4
1738,2,4
1739,2,4
1740,2,4
1741,2,4
1742,2,4
1743,2,4
1744,2,4
1745,2,4
1746,2,4
1747,2,4
1748,2,4
1749,2,4
1750,2,4
1751,2,4
1752,2,4
1753,2,4
1754,2,6
1755,2,6
1756,2,6
1757,2,6
1758,2,6
1759,2,6
1760,2,6
1761,2,7
1762,2,6
1763,2,6
1764,2,6
1765,2,4
1766,2,4
1767,2,6
1768,2,6
1769,2,6
1770,2,6
1771,2,6
1772,2,6
1773,2,6
1774,2,6
1775,2,6
1776,2,6
1777,2,6
1778,2,6
1779,2,6
1780,2,6
1781,2,6
1782,2,5
1783,2,4
1784,2,4
1785,2,4
1786,2,4
1787,2,4
1788,2,4
1789,2,4
1790,2,4
1791,2,4
1792,2,4
1793,2,4
1794,2,4
1795,2,4
1796,2,4
1797,2,4
1798,2,4
1799,2,4
1800,2,4
1801,2,4
1802,2,4
1803,2,4
1804,2,4
1805,2,4
1806,2,4
1807,2,4
1808,2,4
1809,2,4
1810,2,6
1811,2,6
1812,2,6
1813,2,7
1814,2,6
1815,2,6
1816,2,6
1817,2,6
1818,2,6
1819,2,6
1820,2,4
1821,2,4
1822,2,4
1823,2,6
1824,2,6
1825,2,6
1826,2,6
1827,2,6
1828,2,6
1829,2,6
1830,2,6
1831,2,6
1832,2,6
1833,2,6
1834,2,6
1835,2,6
1836,2,6
1837,2,5
1838,2,5
1839,2,4
1840,2,4
1841,2,4
1842,2,4
1843,2,4
1844,2,4
1845,2,4
1846,2,4
1847,2,4
1848,2,4
1849,2,4
1850,2,4
1851,2,4
1852,2,4
1853,2,4
1854,2,4
1855,2,4
1856,2,4
1857,2,4
1858,2,4
1859,2,4
1860,2,4
1861,2,4
1862,2,4
1863,2,4
1864,2,4
1865,2,6
1866,2,6
1867,2,6
1868,2,6
1869,2,6
1870,2,6
1871,2,6
1872,2,6
1873,2,6
1874,2,6
1875,2,4
1876,2,4
1877,2,4
1878,2,6
1879,2,6
1880,2,6
1881,2,6
1882,2,6
1883,2,6
1884,2,6
1885,2,6
1886,2,6
1887,2,6
1888,2,6
1889,2,4
1890,2,6
1891,2,6
1892,2,5
1893,2,4
1894,2,4
1895,2,4
1896,2,4
1897,2,4
1898,2,4
1899,2,4
1900,2,4
1901,2,4
1902,2,4
1903,2,4
1904,2,4
1905,2,4
1906,2,4
1907,2,4
1908,2,4
1909,2,4
1910,2,4
1911,2,4
1912,2,4
1913,2,4
1914,2,4
1915,2,4
1916,2,4
1917,2,4
1918,2,4
1919,2,4
1920,2,6
1921,2,6
1922,2,6
1923,2,6
1924,2,6
1925,2,6
1926,2,6
1927,2,6
1928,2,6
1929,2,4
1930,2,4
1931,2,6
1932,2,6
1933,2,6
1934,2,6
1935,2,6
1936,2,6
1937,2,6
1938,2,6
1939,2,6
1940,2,6
1941,2,6
1942,2,6
1943,2,6
1944,2,6
1945,2,6
1946,2,2
1947,2,5
1948,2,4
1949,2,4
1950,2,4
1951,2,4
1952,2,4
1953,2,4
1954,2,4
1955,2,4
1956,2,4
1957,2,4
1958,2,4
1959,2,4
1960,2,4
1961,2,4
1962,2,4
1963,2,4
1964,2,4
1965,2,4
1966,2,4
1967,2,4
1968,2,4
1969,2,4
1970,2,4
1971,2,4
1972,2,4
1973,2,4
1974,2,6
1975,2,4
1976,2,6
1977,2,6
1978,2,6
1979,2,6
1980,2,6
1981,2,6
1982,2,6
1983,2,4
1984,2,6
1985,2,6
1986,2,6
1987,2,6
1988,2,6
1989,2,6
1990,2,6
1991,2,6
1992,2,6
1993,2,6
1994,2,6
1995,2,6
1996,2,6
1997,2,6
1998,2,6
1999,2,6
2000,2,2
2001,2,4
2002,2,4
2003,2,4
2004,2,4
2005,2,4
2006,2,4
2007,2,4
2008,2,4
2009,2,4
2010,2,4
2011,2,4
2012,2,4
2013,2,4
2014,2,4
2015,2,4
2016,2,4
2017,2,4
2018,2,4
2019,2,4
2020,2,4
2021,2,4
2022,2,4
2023,2,4
2024,2,4
2025,2,4
2026,2,4
2027,2,6
2028,2,6
2029,2,6
2030,2,6
2031,2,6
2032,2,6
2033,2,6
2034,2,6
2035,2,4
2036,2,6
2037,2,6
2038,2,6
2039,2,6
2040,2,6
2041,2,6
2042,2,6
2043,2,6
2044,2,6
2045,2,6
2046,2,6
2047,2,6
2048,2,6
2049,2,6
2050,2,6
2051,2,6
2052,2,6
2053,2,5
2054,2,5
2055,2,4
2056,2,4
2057,2,4
2058,2,4
2059,2,4
2060,2,4
2061,2,4
2062,2,4
2063,2,4
2064,2,4
2065,2,4
2066,2,4
2067,2,4
2068,2,4
2069,2,4
2070,2,4
2071,2,4
2072,2,4
2073,2,4
2074,2,4
2075,2,4
2076,2,4
2077,2,4
2078,2,4
2079,2,4
2080,2,6
2081,2,6
2082,2,6
2083,2,6
2084,2,6
2085,2,6
2086,2,6
2087,2,6
2088,2,4
2089,2,4
2090,2,4
2091,2,6
2092,2,6
2093,2,6
2094,2,6
2095,2,6
2096,2,6
2097,2,6
2098,2,6
2099,2,6
2100,2,6
2101,2,6
2102,2,6
2103,2,6
2104,2,6
2105,2,6
2106,2,6
2107,2,4
2108,2,4
2109,2,4
2110,2,4
2111,2,4
2112,2,4
2113,2,4
2114,2,4
2115,2,4
2116,2,4
2117,2,4
2118,2,4
2119,2,4
2120,2,4
2121,2,4
2122,2,4
2123,2,4
2124,2,4
2125,2,4
2126,2,4
2127,2,4
2128,2,4
2129,2,4
2130,2,4
2131,2,4
2132,2,6
2133,2,6
2134,2,6
2135,2,6
2136,2,6
2137,2,6
2138,2,6
2139,2,6
2140,2,6
2141,2,4
2142,2,4
2143,2,4
2144,2,6
2145,2,6
2146,2,6
2147,2,6
2148,2,6
2149,2,6
2150,2,6
2151,2,6
2152,2,6
2153,2,6
2154,2,6
2155,2,6
2156,2,6
2157,2,6
2158,2,5
2159,2,4
2160,2,4
2161,2,4
2162,2,4
2163,2,4
2164,2,4
2165,2,4
2166,2,4
2167,2,4
2168,2,4
2169,2,4
2170,2,4
2171,2,4
2172,2,4
2173,2,4
2174,2,4
2175,2,4
2176,2,4
2177,2,5
2178,2,4
2179,2,4
2180,2,4
2181,2,4
2182,2,4
2183,2,4
2184,2,6
2185,2,6
2186,2,6
2187,2,6
2188,2,6
2189,2,6
2190,2,6
2191,2,6
2192,2,6
2193,2,4
2194,2,4
2195,2,4
2196,2,6
2197,2,6
2198,2,6
2199,2,6
2200,2,6
2201,2,6
2202,2,6
2203,2,6
2204,2,6
2205,2,6
2206,2,6
2207,2,5
2208,2,5
2209,2,6
2210,2,5
2211,2,5
2212,2,4
2213,2,4
2214,2,4
2215,2,4
2216,2,4
2217,2,4
2218,2,4
2219,2,4
2220,2,4
2221,2,4
2222,2,4
2223,2,4
2224,2,4
2225,2,4
2226,2,4
2227,2,4
2228,2,4
2229,2,5
2230,2,4
2231,2,4
2232,2,4
2233,2,4
2234,2,4
2235,2,4
2236,2,6
2237,2,6
2238,2,6
2239,2,6
2240,2,4
2241,2,6
2242,2,6
2243,2,6
2244,2,6
2245,2,4
2246,2,4
2247,2,6
2248,2,6
2249,2,6
2250,2,6
2251,2,6
2252,2,6
2253,2,6
2254,2,6
2255,2,6
2256,2,6
2257,2,6
2258,2,6
2259,2,6
2260,2,5
2261,2,6
2262,2,5
2263,2,4
2264,2,4
2265,2,4
2266,2,4
2267,2,4
2268,2,4
2269,2,4
2270,2,4
2271,2,4
2272,2,4
2273,2,4
2274,2,4
2275,2,4
2276,2,4
2277,2,4
2278,2,4
2279,2,4
2280,2,5
2281,2,4
2282,2,4
2283,2,4
2284,2,4
2285,2,4
2286,2,6
2287,2,4
2288,2,6
2289,2,6
2290,2,6
2291,2,6
2292,2,6
2293,2,6
2294,2,6
2295,2,6
2296,2,4
2297,2,4
2298,2,6
2299,2,6
2300,2,6
2301,2,6
2302,2,6
2303,2,6
2304,2,6
2305,2,6
2306,2,6
2307,2,6
2308,2,6
2309,2,6
2310,2,6
2311,2,5
2312,2,6
2313,2,5
2314,2,2
2315,2,4
2316,2,4
2317,2,4
2318,2,4
2319,2,4
2320,2,4
2321,2,4
2322,2,4
2323,2,4
2324,2,4
2325,2,4
2326,2,4
2327,2,4
2328,2,4
2329,2,4
2330,2,4
2331,2,4
2332,2,4
2333,2,4
2334,2,4
2335,2,4
2336,2,4
2337,2,4
2338,2,4
2339,2,4
2340,2,6
2341,2,6
2342,2,4
2343,2,4
2344,2,4
2345,2,4
2346,2,4
2347,2,4
2348,2,4
2349,2,4
2350,2,6
2351,2,6
2352,2,6
2353,2,6
2354,2,6
2355,2,4
2356,2,6
2357,2,6
2358,2,4
2359,2,6
2360,2,6
2361,2,6
2362,2,6
2363,2,6
2364,2,5
2365,2,5
2366,2,4
2367,2,4
2368,2,4
2369,2,4
2370,2,4
2371,2,4
2372,2,4
2373,2,4
2374,2,4
2375,2,4
2376,2,4
2377,2,4
2378,2,4
2379,2,4
2380,2,4
2381,2,4
2382,2,4
2383,2,4
2384,2,4
2385,2,4
2386,2,4
2387,2,4
2388,2,4
2389,2,4
2390,2,6
2391,2,6
2392,2,4
2393,2,4
2394,2,6
2395,2,4
2396,2,4
2397,2,6
2398,2,6
2399,2,4
2400,2,6
2401,2,6
2402,2,6
2403,2,6
2404,2,6
2405,2,6
2406,2,6
2407,2,4
2408,2,6
2409,2,6
2410,2,6
2411,2,6
2412,2,6
2413,2,2
2414,2,6
2415,2,5
2416,2,4
2417,2,4
2418,2,4
2419,2,4
2420,2,4
2421,2,4
2422,2,4
2423,2,4
2424,2,4
2425,2,4
2426,2,4
2427,2,4
2428,2,4
2429,2,4
2430,2,4
2431,2,4
2432,2,4
2433,2,4
2434,2,4
2435,2,4
2436,2,4
2437,2,4
2438,2,4
2439,2,4
2440,2,4
2441,2,6
2442,2,4
2443,2,4
2444,2,6
2445,2,4
2446,2,4
2447,2,4
2448,2,4
2449,2,4
2450,2,4
2451,2,4
2452,2,6
2453,2,6
2454,2,6
2455,2,6
2456,2,4
2457,2,6
2458,2,6
2459,2,6
2460,2,6
2461,2,6
2462,2,6
2463,2,5
2464,2,6
2465,2,6
2466,2,5
2467,2,4
2468,2,4
2469,2,4
2470,2,4
2471,2,4
2472,2,4
2473,2,4
2474,2,4
2475,2,4
2476,2,4
2477,2,4
2478,2,4
2479,2,4
2480,2,4
2481,2,4
2482,2,4
2483,2,4
2484,2,4
2485,2,4
2486,2,4
2487,2,4
2488,2,4
2489,2,4
2490,2,6
2491,2,6
2492,2,4
2493,2,4
2494,2,4
2495,2,4
2496,2,4
2497,2,4
2498,2,6
2499,2,4
2500,2,6
2501,2,4
2502,2,4
2503,2,6
2504,2,6
2505,2,6
2506,2,6
2507,2,6
2508,2,6
2509,2,6
2510,2,6
2511,2,4
2512,2,6
2513,2,6
2514,2,6
2515,2,5
2516,2,5
2517,2,4
2518,2,4
2519,2,4
2520,2,4
2521,2,4
2522,2,4
2523,2,4
2524,2,4
2525,2,4
2526,2,4
2527,2,4
2528,2,4
2529,2,4
2530,2,4
2531,2,4
2532,2,4
2533,2,4
2534,2,4
2535,2,4
2536,2,4
2537,2,4
2538,2,4
2539,2,4
2540,2,4
2541,2,6
2542,2,4
2543,2,4
2544,2,4
2545,2,4
2546,2,4
2547,2,4
2548,2,4
2549,2,4
2550,2,4
2551,2,4
2552,2,4
2553,2,6
2554,2,4
2555,2,6
2556,2,6
2557,2,6
2558,2,6
2559,2,6
2560,2,6
2561,2,6
2562,2,6
2563,2,5
2564,2,6
2565,2,6
2566,2,4
2567,2,4
2568,2,4
2569,2,4
2570,2,4
2571,2,4
2572,2,4
2573,2,4
2574,2,4
2575,2,4
2576,2,4
2577,2,4
2578,2,4
2579,2,4
2580,2,4
2581,2,4
2582,2,4
2583,2,4
2584,2,4
2585,2,4
2586,2,4
2587,2,4
2588,2,4
2589,2,4
2590,2,4
2591,2,4
2592,2,4
2593,2,4
2594,2,4
2595,2,4
2596,2,4
2597,2,4
2598,2,4
2599,2,4
2600,2,6
2601,2,4
2602,2,6
2603,2,6
2604,2,3
2605,2,1
2606,2,6
2607,2,6
2608,2,6
2609,2,6
2610,2,6
2611,2,6
2612,2,0
2613,2,0
2614,2,6
2615,2,5
2616,2,4
2617,2,4
2618,2,4
2619,2,4
2620,2,4
2621,2,4
2622,2,4
2623,2,4
2624,2,4
2625,2,4
2626,2,4
2627,2,4
2628,2,4
2629,2,4
2630,2,4
2631,2,4
2632,2,4
2633,2,4
2634,2,4
2635,2,4
2636,2,4
2637,2,6
2638,2,4
2639,2,4
2640,2,4
2641,2,4
2642,2,6
2643,2,4
2644,2,4
2645,2,4
2646,2,4
2647,2,4
2648,2,4
2649,2,4
2650,2,3
2651,2,4
2652,2,6
2653,2,4
2654,2,6
2655,2,6
2656,2,6
2657,2,6
2658,2,6
2659,2,6
2660,2,6
2661,2,2
2662,2,0
2663,2,6
2664,2,5
2665,2,4
2666,2,4
2667,2,4
2668,2,4
2669,2,4
2670,2,4
2671,2,4
2672,2,7
2673,2,6
2674,2,4
2675,2,4
2676,2,4
2677,2,4
2678,2,4
2679,2,4
2680,2,4
2681,2,4
2682,2,4
2683,2,4
2684,2,4
2685,2,4
2686,2,4
2687,2,4
2688,2,4
2689,2,4
2690,2,4
2691,2,4
2692,2,4
2693,2,4
2694,2,4
2695,2,4
2696,2,4
2697,2,4
2698,2,4
2699,2,4
2700,2,6
2701,2,6
2702,2,6
2703,2,6
2704,2,6
2705,2,6
2706,2,6
2707,2,6
2708,2,0
2709,2,0
2710,2,0
2711,2,0
2712,2,2
2713,2,6
2714,2,6
2715,2,6
2716,2,6
2717,2,6
2718,2,6
2719,2,6
2720,2,6
2721,2,4
2722,2,4
2723,2,4
2724,2,4
2725,2,4
2726,2,4
2727,2,4
2728,2,4
2729,2,4
2730,2,4
2731,2,4
2732,2,4
2733,2,4
2734,2,4
2735,2,4
2736,2,4
2737,2,6
2738,2,4
2739,2,4
2740,2,4
2741,2,4
2742,2,4
2743,2,4
2744,2,4
2745,2,4
2746,2,6
2747,2,6
2748,2,6
2749,2,3
2750,2,6
2751,2,6
2752,2,6
2753,2,6
2754,2,6
2755,2,0
2756,2,0
2757,2,0
2758,2,6
2759,2,2
2760,2,0
2761,2,6
2762,2,6
2763,2,6
2764,2,6
2765,2,6
2766,2,6
2767,2,6
2768,2,4
2769,2,4
2770,2,4
2771,2,4
2772,2,4
2773,2,4
2774,2,4
2775,2,4
2776,2,4
2777,2,4
2778,2,4
2779,2,4
2780,2,4
2781,2,4
2782,2,4
2783,2,4
2784,2,4
2785,2,4
2786,2,4
2787,2,4
2788,2,4
2789,2,4
2790,2,4
2791,2,4
2792,2,6
2793,2,6
2794,2,4
2795,2,6
2796,2,1
2797,2,1
2798,2,1
2799,2,6
2800,2,6
2801,2,0
2802,2,0
2803,2,0
2804,2,6
2805,2,2
2806,2,2
2807,2,6
2808,2,6
2809,2,0
2810,2,6
2811,2,6
2812,2,6
2813,2,6
2814,2,6
2815,2,6
2816,2,6
2817,2,6
2818,2,4
2819,2,4
2820,2,4
2821,2,4
2822,2,4
2823,2,4
2824,2,4
2825,2,4
2826,2,4
2827,2,4
2828,2,4
2829,2,4
2830,2,6
2831,2,4
2832,2,4
2833,2,4
2834,2,4
2835,2,4
2836,2,4
2837,2,4
2838,2,4
2839,2,4
2840,2,6
2841,2,4
2842,2,1
2843,2,1
2844,2,1
2845,2,1
2846,2,1
2847,2,6
2848,2,0
2849,2,0
2850,2,0
2851,2,0
2852,2,0
2853,2,0
2854,2,0
2855,2,0
2856,2,0
2857,2,6
2858,2,6
2859,2,6
2860,2,6
2861,2,6
2862,2,6
2863,2,6
2864,2,6
2865,2,6
2866,2,6
2867,2,4
2868,2,4
2869,2,4
2870,2,4
2871,2,4
2872,2,4
2873,2,4
2874,2,4
2875,2,4
2876,2,4
2877,2,4
2878,2,4
2879,2,4
2880,2,4
2881,2,4
2882,2,4
2883,2,4
2884,2,4
2885,2,4
2886,2,4
2887,2,6
2888,2,6
2889,2,6
2890,2,1
2891,2,1
2892,2,1
2893,2,1
2894,2,0
2895,2,6
2896,2,0
2897,2,0
2898,2,0
2899,2,0
2900,2,0
2901,2,2
2902,2,5
2903,2,2
2904,2,2
2905,2,0
2906,2,0
2907,2,2
2908,2,0
2909,2,0
2910,2,0
2911,2,5
2912,2,0
2913,2,6
2914,2,6
2915,2,6
2916,2,6
2917,2,6
2918,2,6
2919,2,6
2920,2,6
2921,2,6
2922,2,6
2923,2,6
2924,2,6
2925,2,6
2926,2,6
2927,2,4
2928,2,4
2929,2,4
2930,2,4
2931,2,4
2932,2,4
2933,2,4
2934,2,4
2935,2,4
2936,2,4
2937,2,4
2938,2,4
2939,2,4
2940,2,4
2941,2,4
2942,2,3
2943,2,3
2944,2,4
2945,2,1
2946,2,1
2947,2,1
2948,2,1
2949,2,1
2950,2,1
2951,2,1
2952,2,6
2953,2,0
2954,2,0
2955,2,0
2956,2,0
2957,2,0
2958,2,0
2959,2,2
2960,2,2
2961,2,0
2962,2,0
2963,2,0
2964,2,0
2965,2,0
2966,2,0
2967,2,0
2968,2,0
2969,2,0
2970,2,0
2971,2,0
2972,2,0
2973,2,5
2974,2,2
2975,2,1
2976,2,0
2977,2,0
2978,2,6
2979,2,6
2980,2,6
2981,2,6
2982,2,6
2983,2,6
2984,2,6
2985,2,6
2986,2,6
2987,2,6
2988,2,6
2989,2,5
2990,2,4
2991,2,4
2992,2,4
2993,2,4
2994,2,4
2995,2,4
2996,2,4
2997,2,4
2998,2,4
2999,2,4
3000,2,1
3001,2,1
3002,2,1
3003,2,1
3004,2,2
3005,2,3
3006,2,3
3007,2,1
3008,2,1
3009,2,1
3010,2,1
3011,2,1
3012,2,1
3013,2,1
3014,2,1
3015,2,6
3016,2,0
3017,2,0
3018,2,0
3019,2,0
3020,2,0
3021,2,0
3022,2,2
3023,2,5
3024,2,2
3025,2,0
3026,2,0
3027,2,0
3028,2,0
3029,2,0
3030,2,0
3031,2,0
3032,2,0
3033,2,0
3034,2,0
3035,2,0
3036,2,0
3037,2,0
3038,2,0
3039,2,2
3040,2,0
3041,2,2
3042,2,0
3043,2,0
3044,2,6
3045,2,6
3046,2,6
3047,2,6
3048,2,6
3049,2,6
3050,2,6
3051,2,6
3052,2,6
3053,2,6
3054,2,6
3055,2,0
3056,2,0
3057,2,4
3058,2,4
3059,2,4
3060,2,4
3061,2,4
3062,2,4
3063,2,4
3064,2,2
3065,2,2
3066,2,2
3067,2,2
3068,2,1
3069,2,1
3070,2,1
3071,2,1
3072,2,1
3073,2,1
3074,2,1
3075,2,1
3076,2,1
3077,2,1
3078,2,1
3079,2,1
3080,2,1
3081,2,1
3082,2,1
3083,2,0
3084,2,0
3085,2,0
3086,2,0
3087,2,0
3088,2,0
3089,2,2
3090,2,2
3091,2,0
3092,2,0
3093,2,0
3094,2,0
3095,2,0
3096,2,0
3097,2,0
3098,2,0
3099,2,0
3100,2,0
3101,2,0
3102,2,0
3103,2,6
3104,2,0
3105,2,0
3106,2,0
3107,2,0
3108,2,0
3109,2,2
3110,2,0
3111,2,6
3112,2,0
3113,2,6
3114,2,6
3115,2,6
3116,2,6
3117,2,6
3118,2,6
3119,2,6
3120,2,6
3121,2,6
3122,2,6
3123,2,0
3124,2,4
3125,2,4
3126,2,4
3127,2,4
3128,2,4
3129,2,4
3130,2,4
3131,2,3
3132,2,1
3133,2,1
3134,2,1
3135,2,1
3136,2,1
3137,2,1
3138,2,1
3139,2,1
3140,2,1
3141,2,1
3142,2,1
3143,2,1
3144,2,1
3145,2,1
3146,2,1
3147,2,1
3148,2,1
3149,2,1
3150,2,0
3151,2,0
3152,2,0
3153,2,0
3154,2,0
3155,2,0
3156,2,0
3157,2,2
3158,2,2
3159,2,0
3160,2,0
3161,2,0
3162,2,0
3163,2,0
3164,2,0
3165,2,0
3166,2,0
3167,2,0
3168,2,0
3169,2,0
3170,2,0
3171,2,0
3172,2,0
3173,2,0
3174,2,0
3175,2,0
3176,2,0
3177,2,0
3178,2,0
3179,2,2
3180,2,2
3181,2,0
3182,2,0
3183,2,6
3184,2,6
3185,2,6
3186,2,6
3187,2,6
3188,2,6
3189,2,6
3190,2,6
3191,2,0
3192,2,0
3193,2,6
3194,2,2
3195,2,4
3196,2,4
3197,2,4
3198,2,4
3199,2,4
3200,2,4
3201,2,1
3202,2,1
3203,2,1
3204,2,1
3205,2,1
3206,2,1
3207,2,1
3208,2,1
3209,2,1
3210,2,1
3211,2,1
3212,2,1
3213,2,1
3214,2,1
3215,2,1
3216,2,1
3217,2,1
3218,2,1
3219,2,1
3220,2,0
3221,2,0
3222,2,0
3223,2,0
3224,2,0
3225,2,2
3226,2,0
3227,2,2
3228,2,0
3229,2,0
3230,2,0
3231,2,0
3232,2,0
3233,2,0
3234,2,0
3235,2,0
3236,2,0
3237,2,0
3238,2,0
3239,2,0
3240,2,0
3241,2,0
3242,2,0
3243,2,0
3244,2,0
3245,2,0
3246,2,0
3247,2,0
3248,2,0
3249,2,0
3250,2,5
3251,2,2
3252,2,0
3253,2,0
3254,2,6
3255,2,0
3256,2,6
3257,2,6
3258,2,6
3259,2,6
3260,2,0
3261,2,0
3262,2,4
3263,2,4
3264,2,3
3265,2,4
3266,2,4
3267,2,4
3268,2,4
3269,2,1
3270,2,1
3271,2,1
3272,2,1
3273,2,1
3274,2,1
3275,2,1
3276,2,1
3277,2,1
3278,2,1
3279,2,1
3280,2,1
3281,2,1
3282,2,1
3283,2,1
3284,2,1
3285,2,1
3286,2,1
3287,2,1
3288,2,1
3289,2,0
3290,2,0
3291,2,0
3292,2,0
3293,2,0
3294,2,0
3295,2,0
3296,2,2
3297,2,5
3298,2,0
3299,2,0
3300,2,0
3301,2,0
3302,2,0
3303,2,0
3304,2,0
3305,2,0
3306,2,0
3307,2,0
3308,2,0
3309,2,0
3310,2,0
3311,2,0
3312,2,0
3313,2,0
3314,2,0
3315,2,0
3316,2,0
3317,2,0
3318,2,0
3319,2,0
3320,2,0
3321,2,0
3322,2,2
3323,2,0
3324,2,0
3325,2,0
3326,2,6
3327,2,6
3328,2,6
3329,2,6
3330,2,0
3331,2,0
3332,2,1
3333,2,4
3334,2,3
3335,2,2
3336,2,4
3337,2,4
3338,2,3
3339,2,3
3340,2,1
3341,2,1
3342,2,1
3343,2,1
3344,2,1
3345,2,1
3346,2,1
3347,2,1
3348,2,1
3349,2,1
3350,2,1
3351,2,1
3352,2,1
3353,2,1
3354,2,1
3355,2,1
3356,2,1
3357,2,1
3358,2,1
3359,2,1
3360,2,0
3361,2,0
3362,2,0
3363,2,0
3364,2,0
3365,2,0
3366,2,0
3367,2,2
3368,2,0
3369,2,0
3370,2,0
3371,2,0
3372,2,0
3373,2,0
3374,2,0
3375,2,0
3376,2,0
3377,2,0
3378,2,0
3379,2,0
3380,2,0
3381,2,0
3382,2,0
3383,2,0
3384,2,0
3385,2,0
3386,2,0
3387,2,0
3388,2,0
3389,2,0
3390,2,0
3391,2,1
3392,2,0
3393,2,0
3394,2,2
3395,2,2
3396,2,0
3397,2,0
3398,2,0
3399,2,0
3400,2,0
3401,2,0
3402,2,0
3403,2,0
3404,2,3
3405,2,3
3406,2,4
3407,2,3
3408,2,4
3409,2,3
3410,2,1
3411,2,1
3412,2,1
3413,2,1
3414,2,1
3415,2,1
3416,2,1
3417,2,1
3418,2,1
3419,2,1
3420,2,1
3421,2,1
3422,2,1
3423,2,1
3424,2,1
3425,2,1
3426,2,1
3427,2,1
3428,2,1
3429,2,1
3430,2,1
3431,2,0
3432,2,0
3433,2,0
3434,2,0
3435,2,0
3436,2,0
3437,2,0
3438,2,2
3439,2,2
3440,2,0
3441,2,0
3442,2,0
3443,2,0
3444,2,0
3445,2,0
3446,2,0
3447,2,0
3448,2,0
3449,2,0
3450,2,1
3451,2,0
3452,2,0
3453,2,1
3454,2,0
3455,2,0
3456,2,0
3457,2,0
3458,2,0
3459,2,0
3460,2,0
3461,2,0
3462,2,0
3463,2,0
3464,2,1
3465,2,0
3466,2,0
3467,2,2
3468,2,5
3469,2,0
3470,2,0
3471,2,0
3472,2,0
3473,2,1
3474,2,0
3475,2,3
3476,2,4
3477,2,3
3478,2,3
3479,2,3
3480,2,2
3481,2,1
3482,2,1
3483,2,1
3484,2,1
3485,2,1
3486,2,1
3487,2,1
3488,2,1
3489,2,1
3490,2,1
3491,2,1
3492,2,1
3493,2,1
3494,2,1
3495,2,1
3496,2,1
3497,2,1
3498,2,1
3499,2,1
3500,2,1
3501,2,1
3502,2,1
3503,2,0
3504,2,1
3505,2,0
3506,2,0
3507,2,0
3508,2,0
3509,2,0
3510,2,0
3511,2,5
3512,2,0
3513,2,0
3514,2,0
3515,2,0
3516,2,0
3517,2,0
3518,2,0
3519,2,0
3520,2,0
3521,2,0
3522,2,0
3523,2,0
3524,2,0
3525,2,0
3526,2,0
3527,2,0
3528,2,1
3529,2,0
3530,2,0
3531,2,0
3532,2,0
3533,2,0
3534,2,1
3535,2,1
3536,2,0
3537,2,1
3538,2,0
3539,2,1
3540,2,0
3541,2,0
3542,2,2
3543,2,2
3544,2,2
3545,2,0
3546,2,0
3547,2,0
3548,2,1
3549,2,5
3550,2,3
3551,2,3
3552,2,3
3553,2,0
3554,2,4
3555,2,4
3556,2,2
3557,2,1
3558,2,1
3559,2,1
3560,2,1
3561,2,1
3562,2,1
3563,2,1
3564,2,1
3565,2,1
3566,2,1
3567,2,1
3568,2,1
3569,2,1
3570,2,1
3571,2,1
3572,2,1
3573,2,1
3574,2,1
3575,2,1
3576,2,1
3577,2,1
3578,2,1
3579,2,1
3580,2,1
3581,2,1
3582,2,1
3583,2,1
3584,2,1
3585,2,0
3586,2,0
3587,2,2
3588,2,0
3589,2,0
3590,2,0
3591,2,0
3592,2,0
3593,2,0
3594,2,0
3595,2,0
3596,2,0
3597,2,0
3598,2,0
3599,2,1
3600,2,1
3601,2,0
3602,2,1
3603,2,0
3604,2,0
3605,2,1
3606,2,1
3607,2,0
3608,2,0
3609,2,1
3610,2,0
3611,2,6
3612,2,1
3613,2,3
3614,2,1
3615,2,1
3616,2,1
3617,2,1
3618,2,0
3619,2,0
3620,2,0
3621,2,0
3622,2,0
3623,2,0
3624,2,0
3625,2,3
3626,2,3
3627,2,3
3628,2,3
3629,2,3
3630,2,3
3631,2,1
3632,2,2
3633,2,1
3634,2,1
3635,2,1
3636,2,1
3637,2,1
3638,2,1
3639,2,1
3640,2,1
3641,2,1
3642,2,1
3643,2,1
3644,2,1
3645,2,1
3646,2,1
3647,2,1
3648,2,1
3649,2,1
3650,2,1
3651,2,1
3652,2,1
3653,2,1
3654,2,1
3655,2,1
3656,2,1
3657,2,1
3658,2,1
3659,2,1
3660,2,2
3661,2,0
3662,2,2
3663,2,2
3664,2,0
3665,2,0
3666,2,0
3667,2,0
3668,2,0
3669,2,0
3670,2,0
3671,2,1
3672,2,1
3673,2,1
3674,2,1
3675,2,0
3676,2,1
3677,2,0
3678,2,1
3679,2,1
3680,2,0
3681,2,1
3682,2,3
3683,2,1
3684,2,0
3685,2,1
3686,2,1
3687,2,1
3688,2,1
3689,2,1
3690,2,1
3691,2,1
3692,2,1
3693,2,1
3694,2,6
3695,2,4
3696,2,1
3697,2,0
3698,2,0
3699,2,2
3700,2,3
3701,2,3
3702,2,3
3703,2,3
3704,2,3
3705,2,6
3706,2,1
3707,2,1
3708,2,1
3709,2,1
3710,2,1
3711,2,1
3712,2,1
3713,2,1
3714,2,1
3715,2,1
3716,2,1
3717,2,1
3718,2,1
3719,2,1
3720,2,1
3721,2,1
3722,2,1
3723,2,1
3724,2,1
3725,2,1
3726,2,1
3727,2,1
3728,2,1
3729,2,1
3730,2,1
3731,2,1
3732,2,0
3733,2,1
3734,2,1
3735,2,1
3736,2,0
3737,2,0
3738,2,0
3739,2,0
3740,2,0
3741,2,0
3742,2,0
3743,2,1
3744,2,1
3745,2,1
3746,2,1
3747,2,1
3748,2,1
3749,2,1
3750,2,1
3751,2,1
3752,2,1
3753,2,1
3754,2,1
3755,2,1
3756,2,1
3757,2,3
3758,2,1
3759,2,0
3760,2,1
3761,2,1
3762,2,1
3763,2,0
3764,2,1
3765,2,1
3766,2,3
3767,2,1
3768,2,3
3769,2,1
3770,2,0
3771,2,3
3772,2,3
3773,2,3
3774,2,3
3775,2,3
3776,2,3
3777,2,3
3778,2,3
3779,2,4
3780,2,3
3781,2,1
3782,2,1
3783,2,1
3784,2,1
3785,2,1
3786,2,1
3787,2,1
3788,2,1
3789,2,1
3790,2,1
3791,2,1
3792,2,1
3793,2,1
3794,2,1
3795,2,1
3796,2,1
3797,2,1
3798,2,1
3799,2,1
3800,2,1
3801,2,1
3802,2,1
3803,2,1
3804,2,1
3805,2,1
3806,2,1
3807,2,1
3808,2,1
3809,2,0
3810,2,0
3811,2,0
3812,2,2
3813,2,2
3814,2,0
3815,2,0
3816,2,0
3817,2,0
3818,2,1
3819,2,1
3820,2,1
3821,2,1
3822,2,1
3823,2,1
3824,2,1
3825,2,1
3826,2,1
3827,2,0
3828,2,1
3829,2,1
3830,2,1
3831,2,1
3832,2,1
3833,2,1
3834,2,1
3835,2,0
3836,2,1
3837,2,1
3838,2,1
3839,2,1
3840,2,1
3841,2,1
3842,2,1
3843,2,3
3844,2,3
3845,2,3
3846,2,3
3847,2,3
3848,2,3
3849,2,3
3850,2,3
3851,2,3
3852,2,3
3853,2,3
3854,2,3
3855,2,4
3856,2,1
3857,2,1
3858,2,1
3859,2,1
3860,2,1
3861,2,1
3862,2,1
3863,2,1
3864,2,1
3865,2,1
3866,2,1
3867,2,1
3868,2,1
3869,2,1
3870,2,1
3871,2,1
3872,2,1
3873,2,1
3874,2,1
3875,2,1
3876,2,1
3877,2,1
3878,2,1
3879,2,1
3880,2,1
3881,2,1
3882,2,1
3883,2,0
3884,2,1
3885,2,0
3886,2,0
3887,2,2
3888,2,2
3889,2,0
3890,2,0
3891,2,0
3892,2,0
3893,2,1
3894,2,1
3895,2,1
3896,2,1
3897,2,1
3898,2,1
3899,2,1
3900,2,1
3901,2,1
3902,2,1
3903,2,1
3904,2,1
3905,2,1
3906,2,1
3907,2,1
3908,2,1
3909,2,1
3910,2,1
3911,2,1
3912,2,1
3913,2,1
3914,2,6
3915,2,1
3916,2,3
3917,2,3
3918,2,4
3919,2,3
3920,2,3
3921,2,3
3922,2,3
3923,2,3
3924,2,0
3925,2,3
3926,2,3
3927,2,3
3928,2,3
3929,2,3
3930,2,3
3931,2,1
3932,2,1
3933,2,1
3934,2,1
3935,2,1
3936,2,1
3937,2,1
3938,2,1
3939,2,1
3940,2,1
3941,2,1
3942,2,1
3943,2,1
3944,2,1
3945,2,1
3946,2,1
3947,2,1
3948,2,1
3949,2,1
3950,2,1
3951,2,1
3952,2,1
3953,2,1
3954,2,1
3955,2,1
3956,2,1
3957,2,1
3958,2,1
3959,2,1
3960,2,1
3961,2,2
3962,2,0
3963,2,0
3964,2,0
3965,2,0
3966,2,1
3967,2,1
3968,2,1
3969,2,1
3970,2,1
3971,2,1
3972,2,1
3973,2,1
3974,2,1
3975,2,1
3976,2,1
3977,2,0
3978,2,1
3979,2,0
3980,2,0
3981,2,1
3982,2,1
3983,2,1
3984,2,1
3985,2,1
3986,2,1
3987,2,1
3988,2,1
3989,2,1
3990,2,3
3991,2,4
3992,2,4
3993,2,3
3994,2,3
3995,2,3
3996,2,3
3997,2,3
3998,2,3
3999,2,3
4000,2,3
4001,2,3
4002,2,3
4003,2,3
4004,2,1
4005,2,1
4006,2,1
4007,2,1
4008,2,2
4009,2,1
4010,2,1
4011,2,1
4012,2,3
4013,2,1
4014,2,1
4015,2,1
4016,2,1
4017,2,1
4018,2,1
4019,2,1
4020,2,1
4021,2,1
4022,2,1
4023,2,1
4024,2,1
4025,2,1
4026,2,1
4027,2,1
4028,2,1
4029,2,1
4030,2,1
4031,2,1
4032,2,0
4033,2,0
4034,2,2
4035,2,2
4036,2,2
4037,2,0
4038,2,0
4039,2,0
4040,2,1
4041,2,1
4042,2,1
4043,2,1
4044,2,1
4045,2,1
4046,2,1
4047,2,1
4048,2,1
4049,2,1
4050,2,1
4051,2,0
4052,2,1
4053,2,1
4054,2,1
4055,2,1
4056,2,1
4057,2,1
4058,2,1
4059,2,0
4060,2,1
4061,2,1
4062,2,3
4063,2,1
4064,2,3
4065,2,5
4066,2,3
4067,2,3
4068,2,3
4069,2,3
4070,2,3
4071,2,3
4072,2,3
4073,2,3
4074,2,3
4075,2,3
4076,2,3
4077,2,3
4078,2,2
4079,2,2
4080,2,1
4081,2,1
4082,2,2
4083,2,0
4084,2,2
4085,2,2
4086,2,1
4087,2,1
4088,2,1
4089,2,1
4090,2,1
4091,2,1
4092,2,1
4093,2,1
4094,2,1
4095,2,1
4096,2,1
4097,2,1
4098,2,1
4099,2,1
4100,2,1
4101,2,1
4102,2,3
4103,2,1
4104,2,2
4105,2,2
4106,2,2
4107,2,2
4108,2,2
4109,2,2
4110,2,0
4111,2,0
4112,2,1
4113,2,1
4114,2,1
4115,2,1
4116,2,0
4117,2,2
4118,2,2
4119,2,0
4120,2,0
4121,2,0
4122,2,1
4123,2,2
4124,2,2
4125,2,0
4126,2,0
4127,2,0
4128,2,0
4129,2,0
4130,2,0
4131,2,1
4132,2,1
4133,2,3
4134,2,3
4135,2,3
4136,2,3
4137,2,3
4138,2,4
4139,2,3
4140,2,3
4141,2,3
4142,2,3
4143,2,3
4144,2,3
4145,2,3
4146,2,3
4147,2,3
4148,2,3
4149,2,3
4150,2,1
4151,2,1
4152,2,1
4153,2,1
4154,2,2
4155,2,1
4156,2,1
4157,2,1
4158,2,1
4159,2,1
4160,2,1
4161,2,1
4162,2,1
4163,2,1
4164,2,1
4165,2,1
4166,2,1
4167,2,1
4168,2,1
4169,2,1
4170,2,1
4171,2,1
4172,2,1
4173,2,1
4174,2,1
4175,2,1
4176,2,1
4177,2,0
4178,2,2
4179,2,0
4180,2,0
4181,2,0
4182,2,0
4183,2,1
4184,2,1
4185,2,1
4186,2,1
4187,2,1
4188,2,0
4189,2,0
4190,2,0
4191,2,0
4192,2,1
4193,2,1
4194,2,0
4195,2,0
4196,2,1
4197,2,1
4198,2,1
4199,2,1
4200,2,1
4201,2,1
4202,2,1
4203,2,1
4204,2,3
4205,2,1
4206,2,1
4207,2,4
4208,2,3
4209,2,4
4210,2,3
4211,2,3
4212,2,3
4213,2,3
4214,2,3
4215,2,3
4216,2,3
4217,2,3
4218,2,3
4219,2,3
4220,2,1
4221,2,1
4222,2,1
4223,2,1
4224,2,1
4225,2,2
4226,2,1
4227,2,1
4228,2,1
4229,2,1
4230,2,1
4231,2,1
4232,2,1
4233,2,1
4234,2,1
4235,2,1
4236,2,1
4237,2,1
4238,2,1
4239,2,1
4240,2,1
4241,2,1
4242,2,1
4243,2,1
4244,2,1
4245,2,1
4246,2,3
4247,2,2
4248,2,2
4249,2,2
4250,2,0
4251,2,0
4252,2,0
4253,2,1
4254,2,1
4255,2,1
4256,2,1
4257,2,0
4258,2,0
4259,2,0
4260,2,1
4261,2,1
4262,2,1
4263,2,1
4264,2,0
4265,2,1
4266,2,1
4267,2,0
4268,2,1
4269,2,1
4270,2,1
4271,2,1
4272,2,1
4273,2,3
4274,2,1
4275,2,0
4276,2,3
4277,2,3
4278,2,3
4279,2,3
4280,2,3
4281,2,3
4282,2,3
4283,2,3
4284,2,3
4285,2,3
4286,2,3
4287,2,3
4288,2,3
4289,2,1
4290,2,1
4291,2,1
4292,2,1
4293,2,1
4294,2,1
4295,2,2
4296,2,1
4297,2,1
4298,2,1
4299,2,1
4300,2,1
4301,2,1
4302,2,1
4303,2,1
4304,2,1
4305,2,1
4306,2,1
4307,2,1
4308,2,1
4309,2,1
4310,2,1
4311,2,1
4312,2,1
4313,2,1
4314,2,1
4315,2,2
4316,2,0
4317,2,2
4318,2,2
4319,2,0
4320,2,0
4321,2,0
4322,2,0
4323,2,1
4324,2,1
4325,2,1
4326,2,1
4327,2,0
4328,2,0
4329,2,1
4330,2,1
4331,2,1
4332,2,1
4333,2,1
4334,2,1
4335,2,1
4336,2,1
4337,2,1
4338,2,1
4339,2,1
4340,2,1
4341,2,1
4342,2,3
4343,2,1
4344,2,1
4345,2,3
4346,2,3
4347,2,3
4348,2,3
4349,2,3
4350,2,3
4351,2,3
4352,2,3
4353,2,3
4354,2,3
4355,2,3
4356,2,3
4357,2,3
4358,2,1
4359,2,1
4360,2,1
4361,2,3
4362,2,1
4363,2,1
4364,2,2
4365,2,1
4366,2,1
4367,2,1
4368,2,3
4369,2,3
4370,2,2
4371,2,3
4372,2,3
4373,2,3
4374,2,3
4375,2,2
4376,2,1
4377,2,1
4378,2,1
4379,2,1
4380,2,1
4381,2,1
4382,2,1
4383,2,0
4384,2,0
4385,2,2
4386,2,2
4387,2,0
4388,2,0
4389,2,0
4390,2,0
4391,2,1
4392,2,1
4393,2,1
4394,2,1
4395,2,1
4396,2,1
4397,2,1
4398,2,1
4399,2,1
4400,2,1
4401,2,0
4402,2,1
4403,2,1
4404,2,1
4405,2,1
4406,2,1
4407,2,1
4408,2,1
4409,2,3
4410,2,1
4411,2,1
4412,2,1
4413,2,3
4414,2,3
4415,2,3
4416,2,3
4417,2,3
4418,2,3
4419,2,3
4420,2,3
4421,2,3
4422,2,3
4423,2,3
4424,2,3
4425,2,1
4426,2,1
4427,2,1
4428,2,1
4429,2,1
4430,2,1
4431,2,1
4432,2,2
4433,2,1
4434,2,1
4435,2,1
4436,2,3
4437,2,2
4438,2,2
4439,2,2
4440,2,2
4441,2,2
4442,2,2
4443,2,2
4444,2,2
4445,2,3
4446,2,3
4447,2,1
4448,2,3
4449,2,1
4450,2,0
4451,2,0
4452,2,2
4453,2,2
4454,2,0
4455,2,0
4456,2,0
4457,2,2
4458,2,1
4459,2,1
4460,2,1
4461,2,1
4462,2,1
4463,2,1
4464,2,1
4465,2,1
4466,2,1
4467,2,1
4468,2,1
4469,2,0
4470,2,1
4471,2,1
4472,2,1
4473,2,1
4474,2,1
4475,2,1
4476,2,3
4477,2,1
4478,2,1
4479,2,3
4480,2,3
4481,2,3
4482,2,3
4483,2,3
4484,2,3
4485,2,3
4486,2,3
4487,2,3
4488,2,3
4489,2,3
4490,2,3
4491,2,1
4492,2,1
4493,2,1
4494,2,1
4495,2,1
4496,2,1
4497,2,3
4498,2,3
4499,2,2
4500,2,2
4501,2,3
4502,2,2
4503,2,2
4504,2,2
4505,2,2
4506,2,2
4507,2,2
4508,2,2
4509,2,2
4510,2,2
4511,2,2
4512,2,3
4513,2,3
4514,2,1
4515,2,2
4516,2,2
4517,2,2
4518,2,5
4519,2,2
4520,2,0
4521,2,0
4522,2,0
4523,2,0
4524,2,1
4525,2,1
4526,2,1
4527,2,1
4528,2,1
4529,2,1
4530,2,1
4531,2,1
4532,2,0
4533,2,0
4534,2,1
4535,2,1
4536,2,1
4537,2,1
4538,2,1
4539,2,1
4540,2,1
4541,2,1
4542,2,1
4543,2,3
4544,2,3
4545,2,3
4546,2,3
4547,2,3
4548,2,3
4549,2,3
4550,2,3
4551,2,3
4552,2,3
4553,2,3
4554,2,3
4555,2,3
4556,2,1
4557,2,1
4558,2,1
4559,2,1
4560,2,1
4561,2,1
4562,2,1
4563,2,3
4564,2,2
4565,2,2
4566,2,2
4567,2,2
4568,2,2
4569,2,2
4570,2,2
4571,2,2
4572,2,2
4573,2,2
4574,2,2
4575,2,2
4576,2,2
4577,2,2
4578,2,2
4579,2,2
4580,2,2
4581,2,2
4582,2,2
4583,2,0
4584,2,0
4585,2,0
4586,2,0
4587,2,0
4588,2,1
4589,2,1
4590,2,1
4591,2,1
4592,2,1
4593,2,1
4594,2,0
4595,2,1
4596,2,0
4597,2,1
4598,2,1
4599,2,1
4600,2,1
4601,2,1
4602,2,3
4603,2,1
4604,2,1
4605,2,1
4606,2,1
4607,2,3
4608,2,1
4609,2,3
4610,2,3
4611,2,3
4612,2,3
4613,2,3
4614,2,3
4615,2,3
4616,2,3
4617,2,3
4618,2,3
4619,2,1
4620,2,1
4621,2,1
4622,2,1
4623,2,1
4624,2,3
4625,2,3
4626,2,2
4627,2,2
4628,2,2
4629,2,2
4630,2,3
4631,2,2
4632,2,2
4633,2,2
4634,2,2
4635,2,2
4636,2,2
4637,2,2
4638,2,2
4639,2,2
4640,2,2
4641,2,2
4642,2,2
4643,2,2
4644,2,2
4645,2,0
4646,2,0
4647,2,0
4648,2,0
4649,2,0
4650,2,0
4651,2,1
4652,2,1
4653,2,0
4654,2,0
4655,2,0
4656,2,1
4657,2,1
4658,2,1
4659,2,1
4660,2,1
4661,2,1
4662,2,1
4663,2,1
4664,2,3
4665,2,3
4666,2,3
4667,2,1
4668,2,1
4669,2,1
4670,2,1
4671,2,3
4672,2,3
4673,2,3
4674,2,3
4675,2,3
4676,2,3
4677,2,3
4678,2,3
4679,2,3
4680,2,1
4681,2,1
4682,2,1
4683,2,1
4684,2,1
4685,2,1
4686,2,3
4687,2,2
4688,2,2
4689,2,3
4690,2,2
4691,2,2
4692,2,3
4693,2,2
4694,2,2
4695,2,2
4696,2,2
4697,2,2
4698,2,2
4699,2,2
4700,2,2
4701,2,2
4702,2,2
4703,2,2
4704,2,2
4705,2,0
4706,2,0
4707,2,0
4708,2,0
4709,2,0
4710,2,0
4711,2,0
4712,2,0
4713,2,0
4714,2,0
4715,2,1
4716,2,1
4717,2,1
4718,2,1
4719,2,1
4720,2,1
4721,2,1
4722,2,1
4723,2,1
4724,2,1
4725,2,1
4726,2,1
4727,2,0
4728,2,1
4729,2,1
4730,2,1
4731,2,3
4732,2,3
4733,2,3
4734,2,3
4735,2,3
4736,2,3
4737,2,3
4738,2,3
4739,2,1
4740,2,1
4741,2,1
4742,2,3
4743,2,1
4744,2,3
4745,2,3
4746,2,3
4747,2,2
4748,2,2
4749,2,2
4750,2,2
4751,2,2
4752,2,3
4753,2,3
4754,2,2
4755,2,2
4756,2,2
4757,2,2
4758,2,2
4759,2,2
4760,2,2
4761,2,2
4762,2,2
4763,2,0
4764,2,0
4765,2,0
4766,2,0
4767,2,0
4768,2,0
4769,2,0
4770,2,1
4771,2,1
4772,2,1
4773,2,1
4774,2,1
4775,2,1
4776,2,1
4777,2,1
4778,2,1
4779,2,3
4780,2,1
4781,2,1
4782,2,1
4783,2,1
4784,2,1
4785,2,1
4786,2,1
4787,2,1
4788,2,3
4789,2,3
4790,2,3
4791,2,3
4792,2,3
4793,2,3
4794,2,3
4795,2,3
4796,2,3
4797,2,1
4798,2,1
4799,2,3
4800,2,3
4801,2,3
4802,2,3
4803,2,3
4804,2,2
4805,2,2
4806,2,2
4807,2,2
4808,2,2
4809,2,3
4810,2,3
4811,2,2
4812,2,2
4813,2,2
4814,2,2
4815,2,2
4816,2,2
4817,2,2
4818,2,5
4819,2,2
4820,2,0
4821,2,0
4822,2,0
4823,2,0
4824,2,1
4825,2,1
4826,2,1
4827,2,1
4828,2,1
4829,2,1
4830,2,1
4831,2,1
4832,2,1
4833,2,1
4834,2,1
4835,2,1
4836,2,1
4837,2,1
4838,2,1
4839,2,3
4840,2,1
4841,2,1
4842,2,3
4843,2,3
4844,2,3
4845,2,3
4846,2,3
4847,2,3
4848,2,3
4849,2,3
4850,2,3
4851,2,3
4852,2,1
4853,2,1
4854,2,2
4855,2,1
4856,2,1
4857,2,3
4858,2,2
4859,2,2
4860,2,2
4861,2,2
4862,2,2
4863,2,2
4864,2,2
4865,2,3
4866,2,3
4867,2,3
4868,2,2
4869,2,2
4870,2,2
4871,2,2
4872,2,2
4873,2,2
4874,2,4
4875,2,0
4876,2,2
4877,2,0
4878,2,1
4879,2,1
4880,2,1
4881,2,1
4882,2,1
4883,2,1
4884,2,1
4885,2,1
4886,2,1
4887,2,1
4888,2,1
4889,2,1
4890,2,1
4891,2,1
4892,2,3
4893,2,3
4894,2,3
4895,2,3
4896,2,3
4897,2,3
4898,2,3
4899,2,3
4900,2,3
4901,2,3
4902,2,3
4903,2,3
4904,2,3
4905,2,1
4906,2,1
4907,2,1
4908,2,1
4909,2,3
4910,2,3
4911,2,3
4912,2,2
4913,2,2
4914,2,2
4915,2,2
4916,2,2
4917,2,2
4918,2,2
4919,2,2
4920,2,3
4921,2,3
4922,2,2
4923,2,2
4924,2,2
4925,2,2
4926,2,0
4927,2,0
4928,2,0
4929,2,0
4930,2,1
4931,2,1
4932,2,1
4933,2,1
4934,2,1
4935,2,1
4936,2,1
4937,2,1
4938,2,1
4939,2,3
4940,2,1
4941,2,1
4942,2,1
4943,2,1
4944,2,3
4945,2,1
4946,2,3
4947,2,3
4948,2,3
4949,2,3
4950,2,3
4951,2,3
4952,2,3
4953,2,3
4954,2,3
4955,2,3
4956,2,3
4957,2,1
4958,2,1
4959,2,3
4960,2,3
4961,2,3
4962,2,3
4963,2,3
4964,2,2
4965,2,2
4966,2,2
4967,2,2
4968,2,2
4969,2,2
4970,2,3
4971,2,3
4972,2,3
4973,2,2
4974,2,2
4975,2,2
4976,2,2
4977,2,2
4978,2,0
4979,2,0
4980,2,0
4981,2,1
4982,2,1
4983,2,1
4984,2,1
4985,2,1
4986,2,1
4987,2,1
4988,2,1
4989,2,1
4990,2,3
4991,2,1
4992,2,3
4993,2,1
4994,2,1
4995,2,3
4996,2,3
4997,2,3
4998,2,3
4999,2,3
5000,2,3
5001,2,3
5002,2,3
5003,2,3
5004,2,3
5005,2,3
5006,2,3
5007,2,1
5008,2,1
5009,2,3
5010,2,1
5011,2,1
5012,2,3
5013,2,3
5014,2,3
5015,2,2
5016,2,2
5017,2,2
5018,2,2
5019,2,2
5020,2,2
5021,2,2
5022,2,3
5023,2,2
5024,2,2
5025,2,2
5026,2,2
5027,2,5
5028,2,5
5029,2,0
5030,2,0
5031,2,0
5032,2,0
5033,2,1
5034,2,1
5035,2,1
5036,2,1
5037,2,1
5038,2,1
5039,2,1
5040,2,1
5041,2,1
5042,2,1
5043,2,3
5044,2,3
5045,2,3
5046,2,3
5047,2,3
5048,2,3
5049,2,3
5050,2,3
5051,2,3
5052,2,3
5053,2,3
5054,2,3
5055,2,3
5056,2,3
5057,2,3
5058,2,1
5059,2,3
5060,2,3
5061,2,3
5062,2,3
5063,2,3
5064,2,2
5065,2,2
5066,2,2
5067,2,2
5068,2,2
5069,2,2
5070,2,2
5071,2,2
5072,2,2
5073,2,3
5074,2,3
5075,2,2
5076,2,2
5077,2,2
5078,2,2
5079,2,0
5080,2,0
5081,2,0
5082,2,1
5083,2,1
5084,2,1
5085,2,1
5086,2,1
5087,2,1
5088,2,1
5089,2,1
5090,2,1
5091,2,1
5092,2,1
5093,2,3
5094,2,3
5095,2,3
5096,2,3
5097,2,3
5098,2,3
5099,2,3
5100,2,3
5101,2,3
5102,2,3
5103,2,3
5104,2,3
5105,2,3
5106,2,1
5107,2,1
5108,2,3
5109,2,3
5110,2,3
5111,2,3
5112,2,3
5113,2,3
5114,2,3
5115,2,3
5116,2,2
5117,2,3
5118,2,3
5119,2,3
5120,2,3
5121,2,3
5122,2,3
5123,2,3
5124,2,3
5125,2,2
5126,2,0
5127,2,0
5128,2,0
5129,2,0
5130,2,1
5131,2,1
5132,2,1
5133,2,1
5134,2,1
5135,2,1
5136,2,1
5137,2,3
5138,2,1
5139,2,1
5140,2,1
5141,2,3
5142,2,3
5143,2,3
5144,2,3
5145,2,3
5146,2,3
5147,2,3
5148,2,3
5149,2,3
5150,2,3
5151,2,3
5152,2,3
5153,2,3
5154,2,3
5155,2,3
5156,2,3
5157,2,3
5158,2,3
5159,2,2
5160,2,2
5161,2,2
5162,2,3
5163,2,2
5164,2,2
5165,2,2
5166,2,3
5167,2,3
5168,2,3
5169,2,3
5170,2,3
5171,2,3
5172,2,2
5173,2,2
5174,2,2
5175,2,0
5176,2,0
5177,2,0
5178,2,1
5179,2,1
5180,2,1
5181,2,1
5182,2,1
5183,2,1
5184,2,1
5185,2,1
5186,2,1
5187,2,1
5188,2,1
5189,2,3
5190,2,3
5191,2,3
5192,2,1
5193,2,3
5194,2,3
5195,2,3
5196,2,3
5197,2,3
5198,2,3
5199,2,3
5200,2,3
5201,2,3
5202,2,3
5203,2,3
5204,2,3
5205,2,3
5206,2,2
5207,2,3
5208,2,2
5209,2,3
5210,2,3
5211,2,2
5212,2,3
5213,2,2
5214,2,3
5215,2,2
5216,2,3
5217,2,3
5218,2,3
5219,2,3
5220,2,2
5221,2,2
5222,2,2
5223,2,0
5224,2,0
5225,2,1
5226,2,1
5227,2,1
5228,2,1
5229,2,1
5230,2,1
5231,2,1
5232,2,1
5233,2,1
5234,2,1
5235,2,1
5236,2,3
5237,2,1
5238,2,4
5239,2,3
5240,2,3
5241,2,3
5242,2,3
5243,2,3
5244,2,3
5245,2,3
5246,2,3
5247,2,3
5248,2,3
5249,2,3
5250,2,3
5251,2,3
5252,2,3
5253,2,3
5254,2,3
5255,2,2
5256,2,3
5257,2,3
5258,2,3
5259,2,3
5260,2,3
5261,2,3
5262,2,3
5263,2,3
5264,2,3
5265,2,3
5266,2,3
5267,2,3
5268,2,2
5269,2,5
5270,2,0
5271,2,0
5272,2,1
5273,2,1
5274,2,1
5275,2,1
5276,2,1
5277,2,1
5278,2,1
5279,2,1
5280,2,1
5281,2,1
5282,2,1
5283,2,3
5284,2,1
5285,2,1
5286,2,1
5287,2,1
5288,2,3
5289,2,1
5290,2,3
5291,2,3
5292,2,3
5293,2,3
5294,2,3
5295,2,3
5296,2,3
5297,2,3
5298,2,3
5299,2,2
5300,2,3
5301,2,2
5302,2,3
5303,2,3
5304,2,3
5305,2,3
5306,2,3
5307,2,2
5308,2,3
5309,2,3
5310,2,3
5311,2,3
5312,2,3
5313,2,3
5314,2,3
5315,2,2
5316,2,0
5317,2,0
5318,2,0
5319,2,1
5320,2,1
5321,2,1
5322,2,1
5323,2,1
5324,2,1
5325,2,1
5326,2,1
5327,2,1
5328,2,1
5329,2,1
5330,2,3
5331,2,1
5332,2,1
5333,2,3
5334,2,3
5335,2,1
5336,2,1
5337,2,3
5338,2,3
5339,2,3
5340,2,3
5341,2,3
5342,2,3
5343,2,3
5344,2,3
5345,2,3
5346,2,3
5347,2,3
5348,2,3
5349,2,3
5350,2,3
5351,2,3
5352,2,3
5353,2,2
5354,2,2
5355,2,3
5356,2,3
5357,2,3
5358,2,3
5359,2,3
5360,2,3
5361,2,2
5362,2,2
5363,2,0
5364,2,0
5365,2,1
5366,2,1
5367,2,1
5368,2,1
5369,2,1
5370,2,1
5371,2,3
5372,2,1
5373,2,1
5374,2,1
5375,2,3
5376,2,1
5377,2,1
5378,2,2
5379,2,3
5380,2,1
5381,2,3
5382,2,3
5383,2,3
5384,2,3
5385,2,3
5386,2,3
5387,2,3
5388,2,3
5389,2,2
5390,2,3
5391,2,2
5392,2,3
5393,2,3
5394,2,3
5395,2,3
5396,2,3
5397,2,3
5398,2,3
5399,2,3
5400,2,3
5401,2,3
5402,2,3
5403,2,3
5404,2,3
5405,2,3
5406,2,3
5407,2,2
5408,2,2
5409,2,0
5410,2,0
5411,2,1
5412,2,1
5413,2,1
5414,2,1
5415,2,1
5416,2,3
5417,2,3
5418,2,1
5419,2,1
5420,2,1
5421,2,1
5422,2,3
5423,2,1
5424,2,3
5425,2,1
5426,2,3
5427,2,3
5428,2,3
5429,2,3
5430,2,3
5431,2,3
5432,2,3
5433,2,2
5434,2,2
5435,2,3
5436,2,3
5437,2,3
5438,2,3
5439,2,2
5440,2,3
5441,2,3
5442,2,3
5443,2,3
5444,2,3
5445,2,3
5446,2,3
5447,2,3
5448,2,3
5449,2,3
5450,2,1
5451,2,3
5452,2,2
5453,2,2
5454,2,0
5455,2,0
5456,2,1
5457,2,1
5458,2,1
5459,2,1
5460,2,1
5461,2,1
5462,2,1
5463,2,3
5464,2,1
5465,2,3
5466,2,1
5467,2,3
5468,2,3
5469,2,3
5470,2,3
5471,2,3
5472,2,3
5473,2,3
5474,2,3
5475,2,3
5476,2,2
5477,2,2
5478,2,3
5479,2,3
5480,2,3
5481,2,3
5482,2,3
5483,2,3
5484,2,3
5485,2,3
5486,2,3
5487,2,3
5488,2,3
5489,2,3
5490,2,3
5491,2,3
5492,2,3
5493,2,3
5494,2,3
5495,2,3
5496,2,2
5497,2,2
5498,2,0
5499,2,0
5500,2,1
5501,2,1
5502,2,1
5503,2,1
5504,2,1
5505,2,1
5506,2,1
5507,2,1
5508,2,3
5509,2,1
5510,2,3
5511,2,3
5512,2,3
5513,2,3
5514,2,3
5515,2,3
5516,2,3
5517,2,3
5518,2,3
5519,2,3
5520,2,2
5521,2,3
5522,2,3
5523,2,3
5524,2,3
5525,2,3
5526,2,3
5527,2,3
5528,2,3
5529,2,3
5530,2,3
5531,2,3
5532,2,3
5533,2,3
5534,2,3
5535,2,3
5536,2,3
5537,2,3
5538,2,3
5539,2,2
5540,2,2
5541,2,2
5542,2,0
5543,2,0
5544,2,1
5545,2,1
5546,2,1
5547,2,1
5548,2,1
5549,2,3
5550,2,1
5551,2,1
5552,2,3
5553,2,3
5554,2,3
5555,2,3
5556,2,3
5557,2,3
5558,2,3
5559,2,3
5560,2,3
5561,2,3
5562,2,3
5563,2,3
5564,2,3
5565,2,3
5566,2,3
5567,2,3
5568,2,3
5569,2,3
5570,2,3
5571,2,3
5572,2,3
5573,2,3
5574,2,3
5575,2,3
5576,2,3
5577,2,3
5578,2,3
5579,2,0
5580,2,3
5581,2,2
5582,2,5
5583,2,2
5584,2,0
5585,2,0
5586,2,0
5587,2,1
5588,2,1
5589,2,1
5590,2,1
5591,2,3
5592,2,3
5593,2,3
5594,2,1
5595,2,3
5596,2,3
5597,2,3
5598,2,3
5599,2,3
5600,2,3
5601,2,3
5602,2,3
5603,2,3
5604,2,3
5605,2,3
5606,2,3
5607,2,3
5608,2,3
5609,2,3
5610,2,3
5611,2,3
5612,2,3
5613,2,3
5614,2,3
5615,2,3
5616,2,3
5617,2,3
5618,2,3
5619,2,3
5620,2,0
5621,2,3
5622,2,3
5623,2,3
5624,2,2
5625,2,2
5626,2,2
5627,2,0
5628,2,1
5629,2,1
5630,2,1
5631,2,3
5632,2,1
5633,2,3
5634,2,3
5635,2,3
5636,2,3
5637,2,3
5638,2,3
5639,2,3
5640,2,3
5641,2,3
5642,2,3
5643,2,3
5644,2,3
5645,2,3
5646,2,3
5647,2,3
5648,2,3
5649,2,3
5650,2,3
5651,2,3
5652,2,3
5653,2,3
5654,2,3
5655,2,3
5656,2,3
5657,2,3
5658,2,3
5659,2,0
5660,2,3
5661,2,2
5662,2,3
5663,2,2
5664,2,2
5665,2,2
5666,2,0
5667,2,0
5668,2,1
5669,2,1
5670,2,1
5671,2,3
5672,2,3
5673,2,3
5674,2,3
5675,2,3
5676,2,3
5677,2,3
5678,2,3
5679,2,3
5680,2,3
5681,2,3
5682,2,3
5683,2,3
5684,2,3
5685,2,3
5686,2,3
5687,2,3
5688,2,3
5689,2,3
5690,2,3
5691,2,3
5692,2,3
5693,2,3
5694,2,3
5695,2,3
5696,2,2
5697,2,0
5698,2,2
5699,2,0
5700,2,2
5701,2,2
5702,2,0
5703,2,0
5704,2,0
5705,2,1
5706,2,1
5707,2,3
5708,2,3
5709,2,3
5710,2,3
5711,2,3
5712,2,3
5713,2,3
5714,2,3
5715,2,3
5716,2,3
5717,2,3
5718,2,3
5719,2,3
5720,2,3
5721,2,3
5722,2,3
5723,2,3
5724,2,3
5725,2,3
5726,2,3
5727,2,3
5728,2,2
5729,2,3
5730,2,2
5731,2,2
5732,2,5
5733,2,2
5734,2,2
5735,2,2
5736,2,5
5737,2,2
5738,2,2
5739,2,2
5740,2,3
5741,2,3
5742,2,3
5743,2,3
5744,2,3
5745,2,3
5746,2,3
5747,2,3
5748,2,3
5749,2,3
5750,2,3
5751,2,3
5752,2,3
5753,2,3
5754,2,3
5755,2,3
5756,2,3
5757,2,3
5758,2,3
5759,2,3
5760,2,3
5761,2,0
5762,2,0
5763,2,0
5764,2,0
5765,2,2
5766,2,2
5767,2,2
5768,2,5
5769,2,2
5770,2,2
5771,2,0
5772,2,0
5773,2,1
5774,2,1
5775,2,3
5776,2,3
5777,2,3
5778,2,3
5779,2,3
5780,2,3
5781,2,3
5782,2,3
5783,2,3
5784,2,3
5785,2,3
5786,2,3
5787,2,3
5788,2,3
5789,2,3
5790,2,3
5791,2,3
5792,2,3
5793,2,0
5794,2,0
5795,2,0
5796,2,0
5797,2,0
5798,2,2
5799,2,2
5800,2,2
5801,2,2
5802,2,2
5803,2,0
5804,2,0
5805,2,1
5806,2,0
5807,2,0
5808,2,3
5809,2,3
5810,2,3
5811,2,3
5812,2,3
5813,2,3
5814,2,3
5815,2,3
5816,2,3
5817,2,3
5818,2,3
5819,2,3
5820,2,3
5821,2,0
5822,2,0
5823,2,0
5824,2,0
5825,2,0
5826,2,0
5827,2,0
5828,2,0
5829,2,2
5830,2,5
5831,2,2
5832,2,0
5833,2,0
5834,2,0
5835,2,0
5836,2,0
5837,2,0
5838,2,0
5839,2,0
5840,2,3
5841,2,3
5842,2,3
5843,2,3
5844,2,0
5845,2,3
5846,2,3
5847,2,3
5848,2,0
5849,2,0
5850,2,0
5851,2,0
5852,2,0
5853,2,0
5854,2,0
5855,2,2
5856,2,2
5857,2,5
5858,2,2
5859,2,0
5860,2,2
5861,2,2
5862,2,0
5863,2,0
5864,2,0
5865,2,0
5866,2,0
5867,2,0
5868,2,0
5869,2,0
5870,2,0
5871,2,0
5872,2,0
5873,2,0
5874,2,0
5875,2,0
5876,2,0
5877,2,0
5878,2,0
5879,2,2
5880,2,2
5881,2,2
5882,2,5
5883,2,2
5884,2,2
5885,2,2
5886,2,6
5887,2,0
5888,2,0
5889,2,0
5890,2,0
5891,2,0
5892,2,0
5893,2,0
5894,2,0
5895,2,0
5896,2,0
5897,2,0
5898,2,2
5899,2,2
5900,2,2
5901,2,2
5902,2,2
5903,2,2
5904,2,2
5905,2,2
5906,2,2
5907,2,2
5908,2,2
5909,2,2
5910,2,2
5911,2,2
5912,2,5
0,3,11
1,3,11
2,3,11
3,3,15
4,3,11
5,3,5
6,3,13
7,3,11
8,3,11
9,3,11
10,3,13
11,3,13
12,3,11
13,3,13
14,3,11
15,3,13
16,3,11
17,3,11
18,3,11
19,3,11
20,3,11
21,3,11
22,3,11
23,3,11
24,3,13
25,3,15
26,3,13
27,3,13
28,3,13
29,3,13
30,3,13
31,3,13
32,3,13
33,3,13
34,3,13
35,3,13
36,3,13
37,3,13
38,3,13
39,3,13
40,3,13
41,3,13
42,3,13
43,3,13
44,3,13
45,3,13
46,3,13
47,3,11
48,3,13
49,3,11
50,3,13
51,3,13
52,3,13
53,3,11
54,3,11
55,3,10
56,3,10
57,3,10
58,3,10
59,3,15
60,3,15
61,3,15
62,3,15
63,3,15
64,3,14
65,3,13
66,3,13
67,3,13
68,3,13
69,3,13
70,3,13
71,3,13
72,3,13
73,3,13
74,3,13
75,3,14
76,3,13
77,3,13
78,3,13
79,3,13
80,3,13
81,3,13
82,3,11
83,3,13
84,3,14
85,3,11
86,3,13
87,3,13
88,3,13
89,3,11
90,3,13
91,3,13
92,3,13
93,3,13
94,3,13
95,3,11
96,3,10
97,3,15
98,3,15
99,3,15
100,3,15
101,3,15
102,3,15
103,3,14
104,3,14
105,3,14
106,3,14
107,3,14
108,3,14
109,3,14
110,3,14
111,3,14
112,3,14
113,3,14
114,3,14
115,3,14
116,3,14
117,3,14
118,3,14
119,3,14
120,3,14
121,3,13
122,3,13
123,3,13
124,3,14
125,3,14
126,3,15
127,3,13
128,3,13
129,3,13
130,3,13
131,3,13
132,3,13
133,3,13
134,3,13
135,3,13
136,3,13
137,3,13
138,3,11
139,3,10
140,3,15
141,3,15
142,3,15
143,3,15
144,3,15
145,3,15
146,3,14
147,3,14
148,3,14
149,3,14
150,3,14
151,3,14
152,3,14
153,3,14
154,3,14
155,3,14
156,3,13
157,3,11
158,3,10
159,3,10
160,3,10
161,3,10
162,3,14
163,3,14
164,3,14
165,3,14
166,3,14
167,3,14
168,3,14
169,3,14
170,3,14
171,3,13
172,3,14
173,3,14
174,3,14
175,3,13
176,3,13
177,3,13
178,3,13
179,3,13
180,3,13
181,3,13
182,3,13
183,3,13
184,3,13
185,3,11
186,3,15
187,3,15
188,3,15
189,3,15
190,3,15
191,3,15
192,3,14
193,3,14
194,3,14
195,3,14
196,3,14
197,3,14
198,3,14
199,3,14
200,3,14
201,3,14
202,3,14
203,3,14
204,3,10
205,3,10
206,3,10
207,3,14
208,3,14
209,3,14
210,3,14
211,3,14
212,3,14
213,3,14
214,3,13
215,3,11
216,3,14
217,3,13
218,3,14
219,3,13
220,3,13
221,3,13
222,3,13
223,3,13
224,3,13
225,3,13
226,3,13
227,3,13
228,3,13
229,3,13
230,3,13
231,3,13
232,3,11
233,3,10
234,3,10
235,3,15
236,3,15
237,3,15
238,3,15
239,3,14
240,3,14
241,3,14
242,3,14
243,3,14
244,3,14
245,3,14
246,3,14
247,3,14
248,3,14
249,3,14
250,3,14
251,3,14
252,3,14
253,3,14
254,3,10
255,3,14
256,3,14
257,3,14
258,3,14
259,3,14
260,3,14
261,3,14
262,3,14
263,3,10
264,3,14
265,3,14
266,3,14
267,3,14
268,3,13
269,3,14
270,3,14
271,3,13
272,3,13
273,3,13
274,3,13
275,3,13
276,3,11
277,3,13
278,3,13
279,3,13
280,3,13
281,3,13
282,3,5
283,3,15
284,3,15
285,3,15
286,3,15
287,3,14
288,3,14
289,3,14
290,3,14
291,3,14
292,3,14
293,3,14
294,3,14
295,3,14
296,3,14
297,3,14
298,3,14
299,3,14
300,3,14
301,3,14
302,3,14
303,3,10
304,3,11
305,3,14
306,3,14
307,3,14
308,3,14
309,3,14
310,3,14
311,3,14
312,3,10
313,3,11
314,3,14
315,3,14
316,3,14
317,3,14
318,3,14
319,3,14
320,3,14
321,3,14
322,3,13
323,3,13
324,3,13
325,3,13
326,3,13
327,3,13
328,3,13
329,3,11
330,3,13
331,3,13
332,3,13
333,3,11
334,3,10
335,3,15
336,3,15
337,3,15
338,3,15
339,3,10
340,3,11
341,3,14
342,3,14
343,3,14
344,3,14
345,3,14
346,3,14
347,3,14
348,3,14
349,3,14
350,3,14
351,3,14
352,3,14
353,3,14
354,3,14
355,3,14
356,3,11
357,3,14
358,3,14
359,3,14
360,3,14
361,3,14
362,3,14
363,3,14
364,3,14
365,3,11
366,3,13
367,3,14
368,3,13
369,3,14
370,3,14
371,3,14
372,3,14
373,3,13
374,3,12
375,3,14
376,3,12
377,3,14
378,3,14
379,3,13
380,3,13
381,3,13
382,3,13
383,3,13
384,3,13
385,3,13
386,3,13
387,3,11
388,3,10
389,3,15
390,3,15
391,3,15
392,3,14
393,3,14
394,3,14
395,3,14
396,3,14
397,3,14
398,3,14
399,3,14
400,3,14
401,3,14
402,3,14
403,3,14
404,3,14
405,3,14
406,3,14
407,3,14
408,3,14
409,3,14
410,3,14
411,3,14
412,3,10
413,3,10
414,3,14
415,3,14
416,3,12
417,3,14
418,3,14
419,3,14
420,3,14
421,3,14
422,3,14
423,3,13
424,3,14
425,3,13
426,3,13
427,3,14
428,3,13
429,3,14
430,3,13
431,3,13
432,3,14
433,3,13
434,3,13
435,3,13
436,3,13
437,3,13
438,3,13
439,3,13
440,3,13
441,3,13
442,3,13
443,3,13
444,3,13
445,3,13
446,3,10
447,3,10
448,3,15
449,3,15
450,3,15
451,3,14
452,3,14
453,3,14
454,3,14
455,3,14
456,3,14
457,3,14
458,3,14
459,3,14
460,3,14
461,3,14
462,3,14
463,3,14
464,3,14
465,3,14
466,3,14
467,3,14
468,3,12
469,3,14
470,3,14
471,3,14
472,3,10
473,3,10
474,3,14
475,3,14
476,3,14
477,3,14
478,3,14
479,3,14
480,3,14
481,3,14
482,3,11
483,3,12
484,3,14
485,3,14
486,3,13
487,3,14
488,3,13
489,3,14
490,3,14
491,3,14
492,3,13
493,3,13
494,3,13
495,3,12
496,3,13
497,3,13
498,3,13
499,3,13
500,3,13
501,3,13
502,3,13
503,3,13
504,3,13
505,3,13
506,3,13
507,3,10
508,3,10
509,3,15
510,3,15
511,3,15
512,3,14
513,3,14
514,3,14
515,3,14
516,3,14
517,3,14
518,3,14
519,3,14
520,3,14
521,3,14
522,3,14
523,3,14
524,3,14
525,3,14
526,3,14
527,3,14
528,3,14
529,3,14
530,3,14
531,3,14
532,3,14
533,3,14
534,3,10
535,3,10
536,3,10
537,3,11
538,3,14
539,3,14
540,3,14
541,3,14
542,3,14
543,3,14
544,3,14
545,3,14
546,3,9
547,3,14
548,3,14
549,3,14
550,3,13
551,3,13
552,3,14
553,3,14
554,3,14
555,3,13
556,3,12
557,3,12
558,3,12
559,3,13
560,3,13
561,3,13
562,3,14
563,3,13
564,3,13
565,3,13
566,3,13
567,3,13
568,3,13
569,3,15
570,3,13
571,3,11
572,3,10
573,3,15
574,3,15
575,3,14
576,3,14
577,3,14
578,3,14
579,3,14
580,3,14
581,3,14
582,3,14
583,3,14
584,3,14
585,3,14
586,3,14
587,3,14
588,3,14
589,3,14
590,3,14
591,3,14
592,3,15
593,3,15
594,3,14
595,3,14
596,3,15
597,3,15
598,3,15
599,3,15
600,3,15
601,3,9
602,3,15
603,3,15
604,3,14
605,3,14
606,3,14
607,3,14
608,3,14
609,3,14
610,3,14
611,3,14
612,3,9
613,3,15
614,3,14
615,3,14
616,3,14
617,3,14
618,3,14
619,3,13
620,3,12
621,3,12
622,3,12
623,3,12
624,3,14
625,3,12
626,3,13
627,3,13
628,3,13
629,3,14
630,3,13
631,3,13
632,3,13
633,3,13
634,3,13
635,3,13
636,3,13
637,3,13
638,3,10
639,3,10
640,3,15
641,3,15
642,3,15
643,3,14
644,3,14
645,3,14
646,3,14
647,3,14
648,3,14
649,3,14
650,3,14
651,3,15
652,3,9
653,3,15
654,3,15
655,3,15
656,3,15
657,3,15
658,3,15
659,3,15
660,3,9
661,3,9
662,3,15
663,3,15
664,3,9
665,3,15
666,3,9
667,3,15
668,3,15
669,3,15
670,3,9
671,3,15
672,3,15
673,3,15
674,3,14
675,3,14
676,3,14
677,3,14
678,3,14
679,3,14
680,3,9
681,3,14
682,3,14
683,3,14
684,3,14
685,3,14
686,3,14
687,3,12
688,3,12
689,3,12
690,3,12
691,3,12
692,3,12
693,3,12
694,3,12
695,3,12
696,3,13
697,3,13
698,3,13
699,3,13
700,3,13
701,3,13
702,3,13
703,3,13
704,3,13
705,3,13
706,3,9
707,3,10
708,3,15
709,3,15
710,3,15
711,3,14
712,3,14
713,3,14
714,3,14
715,3,14
716,3,14
717,3,14
718,3,14
719,3,15
720,3,14
721,3,15
722,3,15
723,3,15
724,3,15
725,3,15
726,3,14
727,3,15
728,3,15
729,3,15
730,3,15
731,3,15
732,3,15
733,3,15
734,3,15
735,3,15
736,3,15
737,3,15
738,3,15
739,3,15
740,3,15
741,3,14
742,3,15
743,3,15
744,3,14
745,3,14
746,3,14
747,3,14
748,3,14
749,3,14
750,3,14
751,3,14
752,3,14
753,3,12
754,3,14
755,3,14
756,3,12
757,3,12
758,3,12
759,3,12
760,3,12
761,3,12
762,3,12
763,3,12
764,3,12
765,3,13
766,3,13
767,3,13
768,3,13
769,3,13
770,3,13
771,3,13
772,3,13
773,3,13
774,3,13
775,3,13
776,3,11
777,3,10
778,3,15
779,3,15
780,3,15
781,3,14
782,3,14
783,3,14
784,3,14
785,3,14
786,3,14
787,3,14
788,3,14
789,3,14
790,3,14
791,3,14
792,3,14
793,3,14
794,3,15
795,3,15
796,3,15
797,3,15
798,3,15
799,3,15
800,3,15
801,3,15
802,3,15
803,3,15
804,3,14
805,3,14
806,3,14
807,3,15
808,3,14
809,3,14
810,3,15
811,3,14
812,3,14
813,3,14
814,3,14
815,3,14
816,3,14
817,3,14
818,3,14
819,3,14
820,3,14
821,3,14
822,3,12
823,3,14
824,3,14
825,3,14
826,3,9
827,3,14
828,3,12
829,3,12
830,3,12
831,3,12
832,3,12
833,3,12
834,3,12
835,3,12
836,3,13
837,3,13
838,3,13
839,3,13
840,3,13
841,3,13
842,3,13
843,3,13
844,3,13
845,3,13
846,3,13
847,3,11
848,3,15
849,3,15
850,3,15
851,3,15
852,3,14
853,3,14
854,3,14
855,3,14
856,3,14
857,3,14
858,3,14
859,3,14
860,3,14
861,3,15
862,3,15
863,3,15
864,3,15
865,3,15
866,3,15
867,3,15
868,3,15
869,3,15
870,3,15
871,3,15
872,3,15
873,3,15
874,3,14
875,3,14
876,3,14
877,3,15
878,3,14
879,3,15
880,3,14
881,3,14
882,3,14
883,3,14
884,3,14
885,3,14
886,3,14
887,3,14
888,3,14
889,3,12
890,3,14
891,3,14
892,3,12
893,3,14
894,3,14
895,3,14
896,3,14
897,3,15
898,3,15
899,3,14
900,3,12
901,3,14
902,3,12
903,3,12
904,3,12
905,3,12
906,3,12
907,3,12
908,3,12
909,3,12
910,3,13
911,3,13
912,3,12
913,3,13
914,3,13
915,3,13
916,3,13
917,3,13
918,3,13
919,3,10
920,3,15
921,3,15
922,3,15
923,3,15
924,3,14
925,3,14
926,3,14
927,3,14
928,3,14
929,3,14
930,3,14
931,3,14
932,3,14
933,3,14
934,3,14
935,3,15
936,3,15
937,3,15
938,3,15
939,3,15
940,3,15
941,3,15
942,3,15
943,3,15
944,3,15
945,3,15
946,3,14
947,3,15
948,3,14
949,3,15
950,3,15
951,3,15
952,3,15
953,3,14
954,3,14
955,3,14
956,3,14
957,3,14
958,3,14
959,3,14
960,3,14
961,3,14
962,3,11
963,3,12
964,3,12
965,3,12
966,3,12
967,3,14
968,3,14
969,3,14
970,3,9
971,3,14
972,3,14
973,3,12
974,3,12
975,3,12
976,3,12
977,3,12
978,3,12
979,3,12
980,3,12
981,3,12
982,3,13
983,3,13
984,3,13
985,3,13
986,3,13
987,3,11
988,3,13
989,3,13
990,3,13
991,3,11
992,3,10
993,3,9
994,3,15
995,3,15
996,3,15
997,3,14
998,3,14
999,3,14
1000,3,14
1001,3,14
1002,3,14
1003,3,14
1004,3,14
1005,3,14
1006,3,14
1007,3,14
1008,3,15
1009,3,15
1010,3,15
1011,3,15
1012,3,15
1013,3,15
1014,3,15
1015,3,15
1016,3,14
1017,3,14
1018,3,15
1019,3,15
1020,3,15
1021,3,15
1022,3,15
1023,3,9
1024,3,9
1025,3,15
1026,3,9
1027,3,15
1028,3,14
1029,3,14
1030,3,14
1031,3,14
1032,3,14
1033,3,12
1034,3,12
1035,3,14
1036,3,14
1037,3,12
1038,3,12
1039,3,12
1040,3,12
1041,3,12
1042,3,12
1043,3,14
1044,3,15
1045,3,12
1046,3,12
1047,3,12
1048,3,12
1049,3,12
1050,3,12
1051,3,12
1052,3,12
1053,3,12
1054,3,12
1055,3,13
1056,3,13
1057,3,13
1058,3,13
1059,3,13
1060,3,13
1061,3,13
1062,3,13
1063,3,13
1064,3,13
1065,3,10
1066,3,15
1067,3,15
1068,3,15
1069,3,14
1070,3,14
1071,3,14
1072,3,14
1073,3,14
1074,3,14
1075,3,14
1076,3,14
1077,3,14
1078,3,14
1079,3,14
1080,3,14
1081,3,14
1082,3,15
1083,3,15
1084,3,15
1085,3,15
1086,3,15
1087,3,15
1088,3,9
1089,3,15
1090,3,15
1091,3,15
1092,3,15
1093,3,15
1094,3,9
1095,3,9
1096,3,9
1097,3,9
1098,3,15
1099,3,9
1100,3,15
1101,3,15
1102,3,15
1103,3,15
1104,3,14
1105,3,14
1106,3,14
1107,3,14
1108,3,14
1109,3,12
1110,3,14
1111,3,14
1112,3,12
1113,3,12
1114,3,12
1115,3,12
1116,3,14
1117,3,14
1118,3,14
1119,3,12
1120,3,12
1121,3,12
1122,3,12
1123,3,12
1124,3,12
1125,3,12
1126,3,12
1127,3,12
1128,3,12
1129,3,13
1130,3,13
1131,3,13
1132,3,13
1133,3,13
1134,3,13
1135,3,13
1136,3,13
1137,3,13
1138,3,11
1139,3,10
1140,3,15
1141,3,15
1142,3,15
1143,3,14
1144,3,14
1145,3,14
1146,3,14
1147,3,14
1148,3,14
1149,3,14
1150,3,14
1151,3,14
1152,3,15
1153,3,15
1154,3,15
1155,3,15
1156,3,15
1157,3,15
1158,3,15
1159,3,15
1160,3,15
1161,3,9
1162,3,9
1163,3,15
1164,3,15
1165,3,15
1166,3,15
1167,3,9
1168,3,9
1169,3,9
1170,3,9
1171,3,9
1172,3,9
1173,3,15
1174,3,15
1175,3,15
1176,3,15
1177,3,14
1178,3,14
1179,3,14
1180,3,14
1181,3,14
1182,3,14
1183,3,14
1184,3,14
1185,3,14
1186,3,14
1187,3,12
1188,3,14
1189,3,12
1190,3,12
1191,3,12
1192,3,14
1193,3,12
1194,3,14
1195,3,12
1196,3,12
1197,3,12
1198,3,12
1199,3,12
1200,3,12
1201,3,12
1202,3,12
1203,3,12
1204,3,12
1205,3,12
1206,3,13
1207,3,1
1208,3,13
1209,3,13
1210,3,13
1211,3,13
1212,3,13
1213,3,10
1214,3,15
1215,3,15
1216,3,15
1217,3,14
1218,3,14
1219,3,14
1220,3,14
1221,3,14
1222,3,14
1223,3,15
1224,3,15
1225,3,15
1226,3,15
1227,3,15
1228,3,15
1229,3,15
1230,3,15
1231,3,15
1232,3,9
1233,3,9
1234,3,9
1235,3,9
1236,3,9
1237,3,9
1238,3,9
1239,3,9
1240,3,9
1241,3,9
1242,3,9
1243,3,9
1244,3,15
1245,3,15
1246,3,15
1247,3,15
1248,3,15
1249,3,15
1250,3,14
1251,3,14
1252,3,14
1253,3,14
1254,3,14
1255,3,14
1256,3,14
1257,3,14
1258,3,14
1259,3,14
1260,3,14
1261,3,14
1262,3,12
1263,3,12
1264,3,12
1265,3,12
1266,3,12
1267,3,14
1268,3,12
1269,3,12
1270,3,14
1271,3,12
1272,3,12
1273,3,12
1274,3,12
1275,3,12
1276,3,12
1277,3,12
1278,3,13
1279,3,13
1280,3,13
1281,3,13
1282,3,13
1283,3,13
1284,3,13
1285,3,13
1286,3,10
1287,3,11
1288,3,15
1289,3,15
1290,3,15
1291,3,15
1292,3,13
1293,3,13
1294,3,15
1295,3,15
1296,3,15
1297,3,15
1298,3,15
1299,3,15
1300,3,15
1301,3,15
1302,3,15
1303,3,15
1304,3,15
1305,3,9
1306,3,9
1307,3,9
1308,3,9
1309,3,9
1310,3,9
1311,3,9
1312,3,9
1313,3,9
1314,3,9
1315,3,9
1316,3,9
1317,3,9
1318,3,15
1319,3,15
1320,3,15
1321,3,15
1322,3,14
1323,3,14
1324,3,14
1325,3,14
1326,3,14
1327,3,14
1328,3,14
1329,3,14
1330,3,14
1331,3,14
1332,3,14
1333,3,14
1334,3,14
1335,3,14
1336,3,12
1337,3,12
1338,3,12
1339,3,12
1340,3,14
1341,3,12
1342,3,12
1343,3,12
1344,3,12
1345,3,12
1346,3,12
1347,3,12
1348,3,12
1349,3,12
1350,3,12
1351,3,13
1352,3,13
1353,3,13
1354,3,13
1355,3,13
1356,3,13
1357,3,13
1358,3,13
1359,3,11
1360,3,10
1361,3,10
1362,3,11
1363,3,10
1364,3,11
1365,3,10
1366,3,10
1367,3,10
1368,3,15
1369,3,15
1370,3,15
1371,3,15
1372,3,15
1373,3,15
1374,3,9
1375,3,9
1376,3,9
1377,3,9
1378,3,9
1379,3,9
1380,3,9
1381,3,9
1382,3,9
1383,3,9
1384,3,9
1385,3,9
1386,3,9
1387,3,9
1388,3,9
1389,3,9
1390,3,15
1391,3,15
1392,3,14
1393,3,14
1394,3,14
1395,3,14
1396,3,14
1397,3,14
1398,3,13
1399,3,14
1400,3,14
1401,3,14
1402,3,14
1403,3,14
1404,3,12
1405,3,14
1406,3,12
1407,3,12
1408,3,12
1409,3,12
1410,3,14
1411,3,12
1412,3,12
1413,3,12
1414,3,12
1415,3,12
1416,3,12
1417,3,12
1418,3,12
1419,3,12
1420,3,12
1421,3,12
1422,3,12
1423,3,13
1424,3,12
1425,3,13
1426,3,13
1427,3,13
1428,3,13
1429,3,13
1430,3,10
1431,3,15
1432,3,15
1433,3,9
1434,3,9
1435,3,9
1436,3,9
1437,3,11
1438,3,9
1439,3,9
1440,3,9
1441,3,9
1442,3,9
1443,3,9
1444,3,9
1445,3,9
1446,3,9
1447,3,9
1448,3,9
1449,3,9
1450,3,9
1451,3,9
1452,3,15
1453,3,14
1454,3,14
1455,3,14
1456,3,14
1457,3,14
1458,3,14
1459,3,14
1460,3,14
1461,3,14
1462,3,14
1463,3,14
1464,3,12
1465,3,14
1466,3,14
1467,3,14
1468,3,12
1469,3,12
1470,3,12
1471,3,14
1472,3,12
1473,3,12
1474,3,12
1475,3,12
1476,3,12
1477,3,12
1478,3,12
1479,3,12
1480,3,12
1481,3,12
1482,3,12
1483,3,12
1484,3,12
1485,3,12
1486,3,13
1487,3,13
1488,3,13
1489,3,13
1490,3,13
1491,3,11
1492,3,10
1493,3,9
1494,3,9
1495,3,9
1496,3,9
1497,3,9
1498,3,9
1499,3,9
1500,3,9
1501,3,9
1502,3,9
1503,3,9
1504,3,9
1505,3,9
1506,3,9
1507,3,9
1508,3,9
1509,3,9
1510,3,9
1511,3,9
1512,3,9
1513,3,14
1514,3,14
1515,3,14
1516,3,14
1517,3,14
1518,3,14
1519,3,14
1520,3,14
1521,3,14
1522,3,12
1523,3,14
1524,3,12
1525,3,14
1526,3,14
1527,3,12
1528,3,14
1529,3,12
1530,3,12
1531,3,12
1532,3,12
1533,3,12
1534,3,9
1535,3,9
1536,3,12
1537,3,12
1538,3,12
1539,3,12
1540,3,12
1541,3,12
1542,3,12
1543,3,12
1544,3,12
1545,3,12
1546,3,13
1547,3,13
1548,3,13
1549,3,13
1550,3,13
1551,3,11
1552,3,10
1553,3,9
1554,3,9
1555,3,9
1556,3,9
1557,3,9
1558,3,9
1559,3,9
1560,3,9
1561,3,9
1562,3,9
1563,3,9
1564,3,9
1565,3,9
1566,3,9
1567,3,9
1568,3,9
1569,3,9
1570,3,9
1571,3,9
1572,3,9
1573,3,9
1574,3,9
1575,3,9
1576,3,9
1577,3,9
1578,3,9
1579,3,12
1580,3,12
1581,3,12
1582,3,12
1583,3,12
1584,3,12
1585,3,12
1586,3,12
1587,3,12
1588,3,12
1589,3,12
1590,3,12
1591,3,12
1592,3,12
1593,3,9
1594,3,9
1595,3,12
1596,3,12
1597,3,12
1598,3,12
1599,3,12
1600,3,12
1601,3,12
1602,3,12
1603,3,12
1604,3,12
1605,3,13
1606,3,13
1607,3,13
1608,3,13
1609,3,13
1610,3,9
1611,3,10
1612,3,9
1613,3,15
1614,3,9
1615,3,9
1616,3,11
1617,3,9
1618,3,9
1619,3,9
1620,3,9
1621,3,9
1622,3,9
1623,3,9
1624,3,9
1625,3,9
1626,3,9
1627,3,9
1628,3,9
1629,3,9
1630,3,9
1631,3,9
1632,3,9
1633,3,9
1634,3,9
1635,3,9
1636,3,9
1637,3,9
1638,3,9
1639,3,14
1640,3,12
1641,3,12
1642,3,12
1643,3,12
1644,3,12
1645,3,12
1646,3,12
1647,3,12
1648,3,12
1649,3,12
1650,3,12
1651,3,9
1652,3,9
1653,3,9
1654,3,12
1655,3,12
1656,3,12
1657,3,12
1658,3,12
1659,3,12
1660,3,12
1661,3,12
1662,3,12
1663,3,12
1664,3,13
1665,3,13
1666,3,13
1667,3,13
1668,3,13
1669,3,10
1670,3,11
1671,3,9
1672,3,9
1673,3,11
1674,3,9
1675,3,9
1676,3,9
1677,3,9
1678,3,9
1679,3,9
1680,3,9
1681,3,9
1682,3,9
1683,3,9
1684,3,9
1685,3,9
1686,3,9
1687,3,9
1688,3,9
1689,3,9
1690,3,9
1691,3,9
1692,3,9
1693,3,9
1694,3,9
1695,3,9
1696,3,9
1697,3,12
1698,3,12
1699,3,12
1700,3,12
1701,3,12
1702,3,12
1703,3,12
1704,3,12
1705,3,12
1706,3,12
1707,3,12
1708,3,9
1709,3,9
1710,3,9
1711,3,12
1712,3,3
1713,3,12
1714,3,12
1715,3,12
1716,3,12
1717,3,12
1718,3,12
1719,3,12
1720,3,12
1721,3,12
1722,3,13
1723,3,13
1724,3,13
1725,3,13
1726,3,10
1727,3,10
1728,3,9
1729,3,9
1730,3,9
1731,3,9
1732,3,9
1733,3,9
1734,3,9
1735,3,9
1736,3,9
1737,3,9
1738,3,9
1739,3,9
1740,3,9
1741,3,9
1742,3,9
1743,3,9
1744,3,9
1745,3,9
1746,3,9
1747,3,9
1748,3,9
1749,3,9
1750,3,9
1751,3,9
1752,3,9
1753,3,9
1754,3,12
1755,3,12
1756,3,12
1757,3,12
1758,3,12
1759,3,12
1760,3,12
1761,3,14
1762,3,12
1763,3,12
1764,3,12
1765,3,9
1766,3,9
1767,3,12
1768,3,12
1769,3,12
1770,3,12
1771,3,12
1772,3,12
1773,3,12
1774,3,12
1775,3,12
1776,3,12
1777,3,12
1778,3,13
1779,3,13
1780,3,13
1781,3,13
1782,3,10
1783,3,9
1784,3,9
1785,3,9
1786,3,9
1787,3,9
1788,3,9
1789,3,9
1790,3,9
1791,3,9
1792,3,9
1793,3,9
1794,3,9
1795,3,9
1796,3,9
1797,3,9
1798,3,9
1799,3,9
1800,3,9
1801,3,9
1802,3,9
1803,3,9
1804,3,9
1805,3,9
1806,3,9
1807,3,9
1808,3,9
1809,3,9
1810,3,12
1811,3,12
1812,3,12
1813,3,14
1814,3,12
1815,3,12
1816,3,12
1817,3,12
1818,3,12
1819,3,12
1820,3,9
1821,3,9
1822,3,9
1823,3,12
1824,3,12
1825,3,12
1826,3,12
1827,3,12
1828,3,12
1829,3,12
1830,3,12
1831,3,12
1832,3,12
1833,3,12
1834,3,13
1835,3,13
1836,3,13
1837,3,11
1838,3,10
1839,3,9
1840,3,9
1841,3,9
1842,3,9
1843,3,9
1844,3,9
1845,3,9
1846,3,9
1847,3,9
1848,3,9
1849,3,9
1850,3,9
1851,3,9
1852,3,9
1853,3,9
1854,3,9
1855,3,9
1856,3,9
1857,3,9
1858,3,9
1859,3,9
1860,3,9
1861,3,9
1862,3,9
1863,3,9
1864,3,9
1865,3,12
1866,3,12
1867,3,12
1868,3,12
1869,3,12
1870,3,12
1871,3,12
1872,3,12
1873,3,12
1874,3,12
1875,3,9
1876,3,9
1877,3,9
1878,3,12
1879,3,12
1880,3,12
1881,3,12
1882,3,12
1883,3,12
1884,3,12
1885,3,12
1886,3,12
1887,3,12
1888,3,12
1889,3,9
1890,3,13
1891,3,13
1892,3,10
1893,3,9
1894,3,9
1895,3,9
1896,3,9
1897,3,9
1898,3,9
1899,3,9
1900,3,9
1901,3,9
1902,3,9
1903,3,9
1904,3,9
1905,3,9
1906,3,9
1907,3,9
1908,3,9
1909,3,9
1910,3,9
1911,3,9
1912,3,9
1913,3,9
1914,3,9
1915,3,9
1916,3,9
1917,3,9
1918,3,9
1919,3,8
1920,3,12
1921,3,12
1922,3,12
1923,3,12
1924,3,12
1925,3,12
1926,3,12
1927,3,12
1928,3,12
1929,3,9
1930,3,9
1931,3,12
1932,3,12
1933,3,12
1934,3,12
1935,3,12
1936,3,12
1937,3,12
1938,3,12
1939,3,12
1940,3,12
1941,3,12
1942,3,12
1943,3,13
1944,3,13
1945,3,13
1946,3,5
1947,3,10
1948,3,9
1949,3,9
1950,3,9
1951,3,9
1952,3,9
1953,3,9
1954,3,9
1955,3,9
1956,3,9
1957,3,9
1958,3,9
1959,3,9
1960,3,9
1961,3,9
1962,3,9
1963,3,9
1964,3,9
1965,3,9
1966,3,9
1967,3,9
1968,3,9
1969,3,9
1970,3,9
1971,3,9
1972,3,9
1973,3,8
1974,3,12
1975,3,8
1976,3,12
1977,3,12
1978,3,12
1979,3,12
1980,3,12
1981,3,12
1982,3,12
1983,3,9
1984,3,12
1985,3,12
1986,3,12
1987,3,12
1988,3,12
1989,3,12
1990,3,12
1991,3,12
1992,3,12
1993,3,12
1994,3,12
1995,3,12
1996,3,12
1997,3,13
1998,3,13
1999,3,13
2000,3,5
2001,3,9
2002,3,9
2003,3,9
2004,3,9
2005,3,9
2006,3,9
2007,3,9
2008,3,9
2009,3,9
2010,3,9
2011,3,9
2012,3,9
2013,3,9
2014,3,9
2015,3,9
2016,3,9
2017,3,9
2018,3,9
2019,3,9
2020,3,9
2021,3,9
2022,3,9
2023,3,9
2024,3,9
2025,3,9
2026,3,8
2027,3,12
2028,3,12
2029,3,12
2030,3,12
2031,3,12
2032,3,12
2033,3,12
2034,3,12
2035,3,8
2036,3,12
2037,3,12
2038,3,12
2039,3,12
2040,3,12
2041,3,12
2042,3,12
2043,3,12
2044,3,12
2045,3,12
2046,3,12
2047,3,12
2048,3,12
2049,3,12
2050,3,13
2051,3,13
2052,3,13
2053,3,11
2054,3,10
2055,3,9
2056,3,9
2057,3,9
2058,3,9
2059,3,9
2060,3,9
2061,3,9
2062,3,9
2063,3,9
2064,3,9
2065,3,9
2066,3,9
2067,3,9
2068,3,9
2069,3,9
2070,3,9
2071,3,9
2072,3,9
2073,3,9
2074,3,9
2075,3,9
2076,3,9
2077,3,9
2078,3,9
2079,3,9
2080,3,12
2081,3,12
2082,3,12
2083,3,12
2084,3,12
2085,3,12
2086,3,12
2087,3,12
2088,3,8
2089,3,8
2090,3,8
2091,3,12
2092,3,12
2093,3,12
2094,3,12
2095,3,12
2096,3,12
2097,3,12
2098,3,12
2099,3,12
2100,3,12
2101,3,12
2102,3,12
2103,3,12
2104,3,13
2105,3,13
2106,3,13
2107,3,9
2108,3,9
2109,3,9
2110,3,9
2111,3,9
2112,3,9
2113,3,9
2114,3,9
2115,3,9
2116,3,9
2117,3,9
2118,3,9
2119,3,9
2120,3,9
2121,3,9
2122,3,9
2123,3,9
2124,3,9
2125,3,9
2126,3,9
2127,3,9
2128,3,9
2129,3,9
2130,3,9
2131,3,8
2132,3,12
2133,3,12
2134,3,12
2135,3,12
2136,3,12
2137,3,12
2138,3,12
2139,3,12
2140,3,12
2141,3,8
2142,3,8
2143,3,8
2144,3,12
2145,3,12
2146,3,12
2147,3,12
2148,3,12
2149,3,12
2150,3,12
2151,3,12
2152,3,12
2153,3,12
2154,3,12
2155,3,13
2156,3,13
2157,3,13
2158,3,11
2159,3,9
2160,3,9
2161,3,9
2162,3,9
2163,3,9
2164,3,9
2165,3,9
2166,3,9
2167,3,9
2168,3,9
2169,3,9
2170,3,9
2171,3,9
2172,3,9
2173,3,9
2174,3,9
2175,3,9
2176,3,9
2177,3,10
2178,3,9
2179,3,9
2180,3,9
2181,3,9
2182,3,9
2183,3,8
2184,3,12
2185,3,12
2186,3,12
2187,3,12
2188,3,12
2189,3,12
2190,3,12
2191,3,12
2192,3,12
2193,3,8
2194,3,8
2195,3,8
2196,3,12
2197,3,12
2198,3,12
2199,3,12
2200,3,12
2201,3,12
2202,3,12
2203,3,12
2204,3,12
2205,3,12
2206,3,12
2207,3,11
2208,3,11
2209,3,13
2210,3,11
2211,3,10
2212,3,9
2213,3,9
2214,3,9
2215,3,9
2216,3,9
2217,3,9
2218,3,9
2219,3,9
2220,3,9
2221,3,9
2222,3,9
2223,3,9
2224,3,9
2225,3,9
2226,3,9
2227,3,9
2228,3,9
2229,3,10
2230,3,9
2231,3,9
2232,3,9
2233,3,9
2234,3,9
2235,3,8
2236,3,12
2237,3,12
2238,3,12
2239,3,12
2240,3,8
2241,3,12
2242,3,12
2243,3,12
2244,3,12
2245,3,8
2246,3,8
2247,3,12
2248,3,12
2249,3,12
2250,3,12
2251,3,12
2252,3,12
2253,3,12
2254,3,12
2255,3,12
2256,3,12
2257,3,12
2258,3,12
2259,3,12
2260,3,11
2261,3,13
2262,3,11
2263,3,9
2264,3,9
2265,3,9
2266,3,9
2267,3,9
2268,3,9
2269,3,9
2270,3,9
2271,3,9
2272,3,9
2273,3,9
2274,3,9
2275,3,9
2276,3,9
2277,3,9
2278,3,9
2279,3,9
2280,3,10
2281,3,9
2282,3,9
2283,3,9
2284,3,9
2285,3,8
2286,3,12
2287,3,8
2288,3,12
2289,3,12
2290,3,12
2291,3,12
2292,3,12
2293,3,12
2294,3,12
2295,3,12
2296,3,8
2297,3,8
2298,3,12
2299,3,12
2300,3,12
2301,3,12
2302,3,12
2303,3,12
2304,3,12
2305,3,12
2306,3,12
2307,3,12
2308,3,12
2309,3,12
2310,3,12
2311,3,11
2312,3,13
2313,3,11
2314,3,5
2315,3,9
2316,3,9
2317,3,9
2318,3,9
2319,3,9
2320,3,9
2321,3,9
2322,3,9
2323,3,9
2324,3,9
2325,3,9
2326,3,9
2327,3,9
2328,3,9
2329,3,9
2330,3,9
2331,3,9
2332,3,9
2333,3,9
2334,3,9
2335,3,9
2336,3,8
2337,3,8
2338,3,8
2339,3,8
2340,3,12
2341,3,12
2342,3,8
2343,3,8
2344,3,8
2345,3,8
2346,3,8
2347,3,8
2348,3,8
2349,3,8
2350,3,12
2351,3,12
2352,3,12
2353,3,12
2354,3,12
2355,3,8
2356,3,12
2357,3,12
2358,3,8
2359,3,12
2360,3,12
2361,3,12
2362,3,13
2363,3,13
2364,3,11
2365,3,10
2366,3,9
2367,3,9
2368,3,9
2369,3,9
2370,3,9
2371,3,9
2372,3,9
2373,3,9
2374,3,9
2375,3,9
2376,3,9
2377,3,9
2378,3,9
2379,3,9
2380,3,9
2381,3,9
2382,3,9
2383,3,9
2384,3,9
2385,3,9
2386,3,9
2387,3,8
2388,3,8
2389,3,8
2390,3,12
2391,3,12
2392,3,8
2393,3,8
2394,3,12
2395,3,8
2396,3,8
2397,3,12
2398,3,12
2399,3,8
2400,3,12
2401,3,12
2402,3,12
2403,3,12
2404,3,12
2405,3,12
2406,3,12
2407,3,8
2408,3,12
2409,3,12
2410,3,12
2411,3,12
2412,3,12
2413,3,5
2414,3,13
2415,3,11
2416,3,9
2417,3,9
2418,3,9
2419,3,9
2420,3,9
2421,3,9
2422,3,9
2423,3,9
2424,3,9
2425,3,9
2426,3,9
2427,3,9
2428,3,9
2429,3,9
2430,3,9
2431,3,9
2432,3,9
2433,3,9
2434,3,9
2435,3,9
2436,3,9
2437,3,8
2438,3,8
2439,3,8
2440,3,8
2441,3,12
2442,3,8
2443,3,8
2444,3,12
2445,3,8
2446,3,8
2447,3,8
2448,3,8
2449,3,8
2450,3,8
2451,3,8
2452,3,12
2453,3,12
2454,3,12
2455,3,12
2456,3,8
2457,3,12
2458,3,12
2459,3,12
2460,3,12
2461,3,12
2462,3,12
2463,3,11
2464,3,13
2465,3,13
2466,3,10
2467,3,9
2468,3,9
2469,3,9
2470,3,9
2471,3,9
2472,3,9
2473,3,9
2474,3,9
2475,3,9
2476,3,9
2477,3,9
2478,3,9
2479,3,9
2480,3,9
2481,3,9
2482,3,9
2483,3,9
2484,3,9
2485,3,9
2486,3,9
2487,3,8
2488,3,8
2489,3,8
2490,3,12
2491,3,12
2492,3,8
2493,3,8
2494,3,8
2495,3,8
2496,3,8
2497,3,8
2498,3,12
2499,3,8
2500,3,12
2501,3,8
2502,3,8
2503,3,12
2504,3,12
2505,3,12
2506,3,12
2507,3,12
2508,3,12
2509,3,12
2510,3,12
2511,3,8
2512,3,12
2513,3,13
2514,3,13
2515,3,11
2516,3,10
2517,3,9
2518,3,9
2519,3,9
2520,3,9
2521,3,9
2522,3,9
2523,3,9
2524,3,9
2525,3,9
2526,3,9
2527,3,9
2528,3,9
2529,3,9
2530,3,9
2531,3,9
2532,3,9
2533,3,9
2534,3,9
2535,3,9
2536,3,8
2537,3,8
2538,3,8
2539,3,8
2540,3,8
2541,3,12
2542,3,8
2543,3,8
2544,3,8
2545,3,8
2546,3,8
2547,3,8
2548,3,8
2549,3,8
2550,3,8
2551,3,8
2552,3,8
2553,3,12
2554,3,8
2555,3,12
2556,3,12
2557,3,12
2558,3,12
2559,3,12
2560,3,12
2561,3,12
2562,3,13
2563,3,11
2564,3,13
2565,3,13
2566,3,9
2567,3,9
2568,3,9
2569,3,9
2570,3,9
2571,3,9
2572,3,9
2573,3,9
2574,3,9
2575,3,9
2576,3,9
2577,3,9
2578,3,9
2579,3,9
2580,3,9
2581,3,9
2582,3,9
2583,3,9
2584,3,8
2585,3,9
2586,3,8
2587,3,8
2588,3,8
2589,3,8
2590,3,8
2591,3,8
2592,3,8
2593,3,8
2594,3,8
2595,3,8
2596,3,8
2597,3,8
2598,3,8
2599,3,8
2600,3,12
2601,3,8
2602,3,12
2603,3,12
2604,3,7
2605,3,3
2606,3,12
2607,3,12
2608,3,12
2609,3,12
2610,3,12
2611,3,12
2612,3,0
2613,3,0
2614,3,13
2615,3,10
2616,3,9
2617,3,9
2618,3,9
2619,3,9
2620,3,9
2621,3,9
2622,3,9
2623,3,9
2624,3,9
2625,3,9
2626,3,9
2627,3,9
2628,3,9
2629,3,9
2630,3,9
2631,3,9
2632,3,9
2633,3,8
2634,3,8
2635,3,8
2636,3,8
2637,3,12
2638,3,8
2639,3,8
2640,3,8
2641,3,8
2642,3,12
2643,3,8
2644,3,8
2645,3,8
2646,3,8
2647,3,8
2648,3,8
2649,3,8
2650,3,7
2651,3,8
2652,3,12
2653,3,8
2654,3,12
2655,3,12
2656,3,12
2657,3,12
2658,3,12
2659,3,12
2660,3,13
2661,3,5
2662,3,0
2663,3,13
2664,3,10
2665,3,9
2666,3,9
2667,3,9
2668,3,9
2669,3,9
2670,3,9
2671,3,8
2672,3,14
2673,3,13
2674,3,8
2675,3,8
2676,3,9
2677,3,9
2678,3,9
2679,3,9
2680,3,8
2681,3,8
2682,3,8
2683,3,8
2684,3,8
2685,3,8
2686,3,8
2687,3,8
2688,3,8
2689,3,8
2690,3,8
2691,3,8
2692,3,8
2693,3,8
2694,3,8
2695,3,8
2696,3,8
2697,3,8
2698,3,8
2699,3,8
2700,3,12
2701,3,12
2702,3,12
2703,3,12
2704,3,12
2705,3,12
2706,3,12
2707,3,12
2708,3,1
2709,3,0
2710,3,0
2711,3,0
2712,3,5
2713,3,13
2714,3,13
2715,3,13
2716,3,13
2717,3,13
2718,3,13
2719,3,13
2720,3,13
2721,3,8
2722,3,8
2723,3,8
2724,3,8
2725,3,9
2726,3,8
2727,3,8
2728,3,8
2729,3,8
2730,3,8
2731,3,8
2732,3,8
2733,3,8
2734,3,8
2735,3,8
2736,3,8
2737,3,12
2738,3,8
2739,3,8
2740,3,8
2741,3,8
2742,3,8
2743,3,8
2744,3,8
2745,3,8
2746,3,12
2747,3,12
2748,3,12
2749,3,7
2750,3,12
2751,3,12
2752,3,12
2753,3,12
2754,3,13
2755,3,0
2756,3,0
2757,3,0
2758,3,13
2759,3,5
2760,3,1
2761,3,13
2762,3,13
2763,3,13
2764,3,13
2765,3,13
2766,3,13
2767,3,13
2768,3,8
2769,3,8
2770,3,8
2771,3,8
2772,3,8
2773,3,8
2774,3,8
2775,3,8
2776,3,8
2777,3,8
2778,3,8
2779,3,8
2780,3,8
2781,3,8
2782,3,8
2783,3,8
2784,3,8
2785,3,8
2786,3,8
2787,3,8
2788,3,8
2789,3,8
2790,3,8
2791,3,8
2792,3,12
2793,3,12
2794,3,8
2795,3,12
2796,3,2
2797,3,2
2798,3,2
2799,3,12
2800,3,12
2801,3,0
2802,3,0
2803,3,0
2804,3,13
2805,3,5
2806,3,5
2807,3,13
2808,3,13
2809,3,1
2810,3,13
2811,3,13
2812,3,13
2813,3,13
2814,3,13
2815,3,13
2816,3,13
2817,3,13
2818,3,8
2819,3,8
2820,3,8
2821,3,8
2822,3,8
2823,3,8
2824,3,8
2825,3,8
2826,3,8
2827,3,8
2828,3,8
2829,3,8
2830,3,12
2831,3,8
2832,3,8
2833,3,8
2834,3,8
2835,3,8
2836,3,8
2837,3,8
2838,3,8
2839,3,8
2840,3,12
2841,3,8
2842,3,3
2843,3,2
2844,3,2
2845,3,2
2846,3,2
2847,3,12
2848,3,0
2849,3,0
2850,3,0
2851,3,0
2852,3,0
2853,3,0
2854,3,1
2855,3,1
2856,3,1
2857,3,13
2858,3,13
2859,3,13
2860,3,13
2861,3,13
2862,3,13
2863,3,13
2864,3,13
2865,3,13
2866,3,13
2867,3,8
2868,3,8
2869,3,8
2870,3,8
2871,3,8
2872,3,8
2873,3,8
2874,3,8
2875,3,8
2876,3,8
2877,3,8
2878,3,8
2879,3,8
2880,3,8
2881,3,8
2882,3,8
2883,3,8
2884,3,8
2885,3,8
2886,3,8
2887,3,12
2888,3,12
2889,3,12
2890,3,2
2891,3,2
2892,3,2
2893,3,2
2894,3,0
2895,3,12
2896,3,0
2897,3,0
2898,3,0
2899,3,0
2900,3,0
2901,3,5
2902,3,10
2903,3,5
2904,3,5
2905,3,1
2906,3,1
2907,3,5
2908,3,1
2909,3,1
2910,3,1
2911,3,10
2912,3,1
2913,3,13
2914,3,13
2915,3,13
2916,3,13
2917,3,13
2918,3,13
2919,3,13
2920,3,13
2921,3,13
2922,3,13
2923,3,13
2924,3,13
2925,3,13
2926,3,13
2927,3,8
2928,3,8
2929,3,8
2930,3,8
2931,3,8
2932,3,8
2933,3,8
2934,3,8
2935,3,8
2936,3,8
2937,3,8
2938,3,8
2939,3,8
2940,3,8
2941,3,8
2942,3,7
2943,3,7
2944,3,8
2945,3,3
2946,3,2
2947,3,2
2948,3,2
2949,3,2
2950,3,2
2951,3,2
2952,3,12
2953,3,0
2954,3,0
2955,3,0
2956,3,0
2957,3,0
2958,3,0
2959,3,5
2960,3,5
2961,3,1
2962,3,1
2963,3,1
2964,3,1
2965,3,1
2966,3,1
2967,3,1
2968,3,1
2969,3,1
2970,3,1
2971,3,1
2972,3,1
2973,3,10
2974,3,5
2975,3,3
2976,3,1
2977,3,1
2978,3,13
2979,3,13
2980,3,13
2981,3,13
2982,3,13
2983,3,13
2984,3,13
2985,3,13
2986,3,13
2987,3,13
2988,3,13
2989,3,11
2990,3,8
2991,3,8
2992,3,8
2993,3,8
2994,3,8
2995,3,8
2996,3,8
2997,3,8
2998,3,8
2999,3,8
3000,3,2
3001,3,2
3002,3,2
3003,3,2
3004,3,4
3005,3,7
3006,3,7
3007,3,2
3008,3,2
3009,3,2
3010,3,2
3011,3,2
3012,3,2
3013,3,2
3014,3,2
3015,3,12
3016,3,0
3017,3,0
3018,3,0
3019,3,0
3020,3,0
3021,3,0
3022,3,5
3023,3,10
3024,3,5
3025,3,1
3026,3,1
3027,3,1
3028,3,1
3029,3,1
3030,3,1
3031,3,1
3032,3,1
3033,3,1
3034,3,1
3035,3,1
3036,3,1
3037,3,1
3038,3,1
3039,3,5
3040,3,1
3041,3,5
3042,3,1
3043,3,1
3044,3,13
3045,3,13
3046,3,13
3047,3,13
3048,3,13
3049,3,13
3050,3,13
3051,3,13
3052,3,13
3053,3,13
3054,3,13
3055,3,1
3056,3,1
3057,3,8
3058,3,8
3059,3,8
3060,3,8
3061,3,8
3062,3,8
3063,3,8
3064,3,5
3065,3,5
3066,3,5
3067,3,5
3068,3,2
3069,3,2
3070,3,2
3071,3,2
3072,3,2
3073,3,2
3074,3,2
3075,3,2
3076,3,2
3077,3,2
3078,3,2
3079,3,2
3080,3,2
3081,3,2
3082,3,2
3083,3,0
3084,3,0
3085,3,0
3086,3,0
3087,3,0
3088,3,0
3089,3,5
3090,3,5
3091,3,1
3092,3,1
3093,3,1
3094,3,1
3095,3,1
3096,3,1
3097,3,1
3098,3,1
3099,3,1
3100,3,1
3101,3,1
3102,3,1
3103,3,13
3104,3,1
3105,3,1
3106,3,1
3107,3,1
3108,3,1
3109,3,5
3110,3,1
3111,3,13
3112,3,1
3113,3,13
3114,3,13
3115,3,13
3116,3,13
3117,3,13
3118,3,13
3119,3,13
3120,3,13
3121,3,13
3122,3,13
3123,3,1
3124,3,8
3125,3,8
3126,3,8
3127,3,8
3128,3,8
3129,3,8
3130,3,8
3131,3,7
3132,3,2
3133,3,2
3134,3,2
3135,3,2
3136,3,2
3137,3,2
3138,3,2
3139,3,2
3140,3,2
3141,3,2
3142,3,2
3143,3,2
3144,3,2
3145,3,2
3146,3,2
3147,3,2
3148,3,2
3149,3,2
3150,3,0
3151,3,0
3152,3,0
3153,3,0
3154,3,0
3155,3,0
3156,3,0
3157,3,5
3158,3,5
3159,3,1
3160,3,1
3161,3,1
3162,3,1
3163,3,1
3164,3,1
3165,3,1
3166,3,1
3167,3,1
3168,3,1
3169,3,1
3170,3,1
3171,3,1
3172,3,1
3173,3,1
3174,3,1
3175,3,1
3176,3,1
3177,3,1
3178,3,1
3179,3,5
3180,3,5
3181,3,1
3182,3,1
3183,3,13
3184,3,13
3185,3,13
3186,3,13
3187,3,13
3188,3,13
3189,3,13
3190,3,13
3191,3,1
3192,3,1
3193,3,12
3194,3,4
3195,3,8
3196,3,8
3197,3,8
3198,3,8
3199,3,8
3200,3,8
3201,3,2
3202,3,2
3203,3,2
3204,3,2
3205,3,2
3206,3,2
3207,3,2
3208,3,2
3209,3,2
3210,3,2
3211,3,2
3212,3,2
3213,3,2
3214,3,2
3215,3,2
3216,3,2
3217,3,2
3218,3,2
3219,3,3
3220,3,0
3221,3,0
3222,3,0
3223,3,0
3224,3,0
3225,3,5
3226,3,0
3227,3,5
3228,3,1
3229,3,1
3230,3,1
3231,3,1
3232,3,1
3233,3,1
3234,3,1
3235,3,1
3236,3,1
3237,3,1
3238,3,1
3239,3,1
3240,3,1
3241,3,1
3242,3,1
3243,3,1
3244,3,1
3245,3,1
3246,3,1
3247,3,1
3248,3,1
3249,3,1
3250,3,10
3251,3,5
3252,3,1
3253,3,1
3254,3,13
3255,3,1
3256,3,13
3257,3,13
3258,3,13
3259,3,13
3260,3,1
3261,3,1
3262,3,8
3263,3,8
3264,3,7
3265,3,8
3266,3,8
3267,3,8
3268,3,8
3269,3,2
3270,3,2
3271,3,2
3272,3,2
3273,3,2
3274,3,2
3275,3,2
3276,3,2
3277,3,2
3278,3,2
3279,3,2
3280,3,2
3281,3,2
3282,3,2
3283,3,2
3284,3,2
3285,3,2
3286,3,2
3287,3,2
3288,3,2
3289,3,0
3290,3,0
3291,3,0
3292,3,0
3293,3,0
3294,3,0
3295,3,0
3296,3,5
3297,3,10
3298,3,1
3299,3,1
3300,3,1
3301,3,1
3302,3,1
3303,3,1
3304,3,1
3305,3,1
3306,3,1
3307,3,1
3308,3,1
3309,3,1
3310,3,1
3311,3,1
3312,3,1
3313,3,1
3314,3,1
3315,3,1
3316,3,1
3317,3,1
3318,3,1
3319,3,1
3320,3,1
3321,3,1
3322,3,5
3323,3,1
3324,3,1
3325,3,1
3326,3,13
3327,3,13
3328,3,13
3329,3,13
3330,3,1
3331,3,1
3332,3,3
3333,3,8
3334,3,7
3335,3,5
3336,3,8
3337,3,8
3338,3,7
3339,3,7
3340,3,2
3341,3,2
3342,3,2
3343,3,2
3344,3,2
3345,3,2
3346,3,2
3347,3,2
3348,3,2
3349,3,2
3350,3,2
3351,3,2
3352,3,2
3353,3,2
3354,3,2
3355,3,2
3356,3,2
3357,3,2
3358,3,2
3359,3,3
3360,3,0
3361,3,0
3362,3,0
3363,3,0
3364,3,0
3365,3,0
3366,3,0
3367,3,5
3368,3,1
3369,3,1
3370,3,1
3371,3,1
3372,3,1
3373,3,1
3374,3,1
3375,3,1
3376,3,1
3377,3,1
3378,3,1
3379,3,1
3380,3,1
3381,3,1
3382,3,1
3383,3,1
3384,3,1
3385,3,1
3386,3,1
3387,3,1
3388,3,1
3389,3,1
3390,3,1
3391,3,3
3392,3,1
3393,3,1
3394,3,5
3395,3,5
3396,3,1
3397,3,1
3398,3,1
3399,3,1
3400,3,1
3401,3,1
3402,3,1
3403,3,1
3404,3,7
3405,3,7
3406,3,8
3407,3,7
3408,3,8
3409,3,7
3410,3,2
3411,3,2
3412,3,2
3413,3,2
3414,3,2
3415,3,2
3416,3,2
3417,3,2
3418,3,2
3419,3,2
3420,3,2
3421,3,2
3422,3,2
3423,3,2
3424,3,2
3425,3,2
3426,3,2
3427,3,2
3428,3,2
3429,3,2
3430,3,2
3431,3,0
3432,3,0
3433,3,0
3434,3,0
3435,3,0
3436,3,0
3437,3,0
3438,3,5
3439,3,5
3440,3,1
3441,3,1
3442,3,1
3443,3,1
3444,3,1
3445,3,1
3446,3,1
3447,3,1
3448,3,1
3449,3,1
3450,3,3
3451,3,1
3452,3,1
3453,3,3
3454,3,1
3455,3,1
3456,3,1
3457,3,1
3458,3,1
3459,3,1
3460,3,1
3461,3,1
3462,3,1
3463,3,1
3464,3,3
3465,3,1
3466,3,1
3467,3,5
3468,3,11
3469,3,1
3470,3,1
3471,3,1
3472,3,1
3473,3,3
3474,3,1
3475,3,7
3476,3,8
3477,3,7
3478,3,7
3479,3,7
3480,3,4
3481,3,2
3482,3,2
3483,3,2
3484,3,2
3485,3,2
3486,3,2
3487,3,2
3488,3,2
3489,3,2
3490,3,2
3491,3,2
3492,3,2
3493,3,2
3494,3,2
3495,3,2
3496,3,2
3497,3,2
3498,3,2
3499,3,2
3500,3,2
3501,3,2
3502,3,2
3503,3,0
3504,3,2
3505,3,0
3506,3,0
3507,3,0
3508,3,0
3509,3,0
3510,3,0
3511,3,10
3512,3,1
3513,3,1
3514,3,1
3515,3,1
3516,3,1
3517,3,1
3518,3,1
3519,3,1
3520,3,1
3521,3,1
3522,3,1
3523,3,1
3524,3,1
3525,3,1
3526,3,1
3527,3,1
3528,3,3
3529,3,1
3530,3,1
3531,3,1
3532,3,1
3533,3,1
3534,3,3
3535,3,3
3536,3,1
3537,3,3
3538,3,1
3539,3,3
3540,3,1
3541,3,1
3542,3,5
3543,3,5
3544,3,5
3545,3,1
3546,3,1
3547,3,1
3548,3,3
3549,3,11
3550,3,7
3551,3,7
3552,3,7
3553,3,1
3554,3,8
3555,3,8
3556,3,4
3557,3,2
3558,3,2
3559,3,2
3560,3,2
3561,3,2
3562,3,2
3563,3,2
3564,3,2
3565,3,2
3566,3,2
3567,3,2
3568,3,2
3569,3,2
3570,3,2
3571,3,2
3572,3,2
3573,3,2
3574,3,2
3575,3,2
3576,3,2
3577,3,2
3578,3,2
3579,3,2
3580,3,2
3581,3,2
3582,3,2
3583,3,2
3584,3,2
3585,3,0
3586,3,0
3587,3,5
3588,3,1
3589,3,1
3590,3,1
3591,3,1
3592,3,1
3593,3,1
3594,3,1
3595,3,1
3596,3,1
3597,3,1
3598,3,1
3599,3,3
3600,3,3
3601,3,1
3602,3,3
3603,3,1
3604,3,1
3605,3,3
3606,3,3
3607,3,1
3608,3,1
3609,3,3
3610,3,1
3611,3,13
3612,3,3
3613,3,7
3614,3,3
3615,3,3
3616,3,3
3617,3,3
3618,3,1
3619,3,1
3620,3,1
3621,3,1
3622,3,1
3623,3,1
3624,3,1
3625,3,7
3626,3,7
3627,3,7
3628,3,7
3629,3,7
3630,3,7
3631,3,2
3632,3,4
3633,3,2
3634,3,2
3635,3,2
3636,3,2
3637,3,2
3638,3,2
3639,3,2
3640,3,2
3641,3,2
3642,3,2
3643,3,2
3644,3,2
3645,3,2
3646,3,2
3647,3,2
3648,3,2
3649,3,2
3650,3,2
3651,3,2
3652,3,2
3653,3,2
3654,3,2
3655,3,2
3656,3,2
3657,3,2
3658,3,2
3659,3,2
3660,3,5
3661,3,0
3662,3,5
3663,3,5
3664,3,1
3665,3,1
3666,3,1
3667,3,1
3668,3,1
3669,3,1
3670,3,1
3671,3,3
3672,3,3
3673,3,3
3674,3,3
3675,3,1
3676,3,3
3677,3,0
3678,3,3
3679,3,3
3680,3,1
3681,3,3
3682,3,7
3683,3,3
3684,3,1
3685,3,3
3686,3,3
3687,3,3
3688,3,3
3689,3,3
3690,3,3
3691,3,3
3692,3,3
3693,3,3
3694,3,12
3695,3,8
3696,3,3
3697,3,1
3698,3,1
3699,3,5
3700,3,7
3701,3,7
3702,3,7
3703,3,7
3704,3,7
3705,3,12
3706,3,2
3707,3,2
3708,3,2
3709,3,2
3710,3,2
3711,3,2
3712,3,2
3713,3,2
3714,3,2
3715,3,3
3716,3,2
3717,3,2
3718,3,2
3719,3,2
3720,3,2
3721,3,2
3722,3,2
3723,3,2
3724,3,2
3725,3,2
3726,3,2
3727,3,2
3728,3,2
3729,3,2
3730,3,2
3731,3,2
3732,3,0
3733,3,2
3734,3,2
3735,3,2
3736,3,0
3737,3,0
3738,3,1
3739,3,1
3740,3,1
3741,3,1
3742,3,1
3743,3,3
3744,3,3
3745,3,3
3746,3,3
3747,3,3
3748,3,3
3749,3,3
3750,3,3
3751,3,3
3752,3,3
3753,3,3
3754,3,3
3755,3,3
3756,3,3
3757,3,7
3758,3,3
3759,3,1
3760,3,3
3761,3,3
3762,3,3
3763,3,1
3764,3,3
3765,3,3
3766,3,7
3767,3,3
3768,3,7
3769,3,3
3770,3,1
3771,3,7
3772,3,7
3773,3,7
3774,3,7
3775,3,7
3776,3,7
3777,3,7
3778,3,7
3779,3,8
3780,3,7
3781,3,2
3782,3,2
3783,3,2
3784,3,2
3785,3,2
3786,3,2
3787,3,2
3788,3,2
3789,3,2
3790,3,2
3791,3,2
3792,3,2
3793,3,2
3794,3,2
3795,3,2
3796,3,2
3797,3,2
3798,3,2
3799,3,2
3800,3,2
3801,3,2
3802,3,2
3803,3,2
3804,3,2
3805,3,2
3806,3,2
3807,3,2
3808,3,2
3809,3,0
3810,3,0
3811,3,0
3812,3,5
3813,3,5
3814,3,1
3815,3,1
3816,3,1
3817,3,1
3818,3,3
3819,3,3
3820,3,3
3821,3,3
3822,3,3
3823,3,3
3824,3,3
3825,3,3
3826,3,3
3827,3,0
3828,3,3
3829,3,3
3830,3,3
3831,3,3
3832,3,3
3833,3,3
3834,3,3
3835,3,1
3836,3,3
3837,3,3
3838,3,3
3839,3,3
3840,3,3
3841,3,3
3842,3,3
3843,3,7
3844,3,7
3845,3,7
3846,3,7
3847,3,7
3848,3,7
3849,3,7
3850,3,7
3851,3,7
3852,3,7
3853,3,7
3854,3,7
3855,3,8
3856,3,2
3857,3,2
3858,3,2
3859,3,2
3860,3,2
3861,3,2
3862,3,2
3863,3,2
3864,3,2
3865,3,2
3866,3,3
3867,3,2
3868,3,2
3869,3,2
3870,3,2
3871,3,2
3872,3,2
3873,3,2
3874,3,2
3875,3,2
3876,3,2
3877,3,2
3878,3,2
3879,3,2
3880,3,2
3881,3,2
3882,3,2
3883,3,0
3884,3,2
3885,3,0
3886,3,0
3887,3,5
3888,3,5
3889,3,1
3890,3,1
3891,3,1
3892,3,1
3893,3,3
3894,3,3
3895,3,3
3896,3,3
3897,3,3
3898,3,3
3899,3,3
3900,3,3
3901,3,3
3902,3,3
3903,3,3
3904,3,3
3905,3,3
3906,3,3
3907,3,3
3908,3,3
3909,3,3
3910,3,3
3911,3,3
3912,3,3
3913,3,3
3914,3,13
3915,3,3
3916,3,7
3917,3,7
3918,3,9
3919,3,7
3920,3,7
3921,3,7
3922,3,7
3923,3,7
3924,3,1
3925,3,7
3926,3,7
3927,3,7
3928,3,7
3929,3,7
3930,3,7
3931,3,2
3932,3,2
3933,3,2
3934,3,2
3935,3,2
3936,3,2
3937,3,2
3938,3,2
3939,3,2
3940,3,2
3941,3,2
3942,3,2
3943,3,2
3944,3,2
3945,3,2
3946,3,2
3947,3,2
3948,3,2
3949,3,2
3950,3,2
3951,3,2
3952,3,2
3953,3,2
3954,3,2
3955,3,2
3956,3,2
3957,3,2
3958,3,2
3959,3,2
3960,3,2
3961,3,5
3962,3,1
3963,3,1
3964,3,1
3965,3,1
3966,3,3
3967,3,3
3968,3,3
3969,3,3
3970,3,3
3971,3,3
3972,3,3
3973,3,3
3974,3,3
3975,3,3
3976,3,3
3977,3,1
3978,3,3
3979,3,1
3980,3,1
3981,3,3
3982,3,3
3983,3,3
3984,3,3
3985,3,3
3986,3,3
3987,3,3
3988,3,3
3989,3,3
3990,3,7
3991,3,9
3992,3,9
3993,3,7
3994,3,7
3995,3,7
3996,3,7
3997,3,7
3998,3,7
3999,3,7
4000,3,7
4001,3,7
4002,3,7
4003,3,7
4004,3,2
4005,3,2
4006,3,2
4007,3,2
4008,3,4
4009,3,2
4010,3,2
4011,3,2
4012,3,6
4013,3,2
4014,3,2
4015,3,2
4016,3,2
4017,3,2
4018,3,2
4019,3,2
4020,3,2
4021,3,2
4022,3,2
4023,3,2
4024,3,2
4025,3,2
4026,3,2
4027,3,2
4028,3,2
4029,3,2
4030,3,2
4031,3,2
4032,3,0
4033,3,0
4034,3,5
4035,3,5
4036,3,5
4037,3,1
4038,3,1
4039,3,1
4040,3,3
4041,3,3
4042,3,3
4043,3,3
4044,3,3
4045,3,3
4046,3,3
4047,3,3
4048,3,3
4049,3,3
4050,3,3
4051,3,0
4052,3,3
4053,3,3
4054,3,3
4055,3,3
4056,3,3
4057,3,3
4058,3,3
4059,3,1
4060,3,3
4061,3,3
4062,3,7
4063,3,3
4064,3,7
4065,3,11
4066,3,7
4067,3,7
4068,3,7
4069,3,7
4070,3,7
4071,3,7
4072,3,7
4073,3,7
4074,3,7
4075,3,7
4076,3,7
4077,3,7
4078,3,4
4079,3,4
4080,3,2
4081,3,2
4082,3,5
4083,3,0
4084,3,4
4085,3,4
4086,3,2
4087,3,2
4088,3,2
4089,3,2
4090,3,2
4091,3,2
4092,3,2
4093,3,2
4094,3,2
4095,3,2
4096,3,2
4097,3,2
4098,3,2
4099,3,2
4100,3,2
4101,3,2
4102,3,7
4103,3,2
4104,3,4
4105,3,5
4106,3,5
4107,3,5
4108,3,5
4109,3,5
4110,3,1
4111,3,1
4112,3,3
4113,3,3
4114,3,3
4115,3,3
4116,3,0
4117,3,4
4118,3,5
4119,3,0
4120,3,0
4121,3,0
4122,3,3
4123,3,5
4124,3,5
4125,3,0
4126,3,0
4127,3,0
4128,3,0
4129,3,0
4130,3,0
4131,3,3
4132,3,3
4133,3,7
4134,3,7
4135,3,7
4136,3,7
4137,3,7
4138,3,9
4139,3,7
4140,3,7
4141,3,7
4142,3,7
4143,3,7
4144,3,7
4145,3,7
4146,3,7
4147,3,7
4148,3,7
4149,3,6
4150,3,2
4151,3,2
4152,3,2
4153,3,2
4154,3,4
4155,3,2
4156,3,2
4157,3,2
4158,3,2
4159,3,2
4160,3,2
4161,3,2
4162,3,2
4163,3,2
4164,3,2
4165,3,2
4166,3,2
4167,3,2
4168,3,2
4169,3,2
4170,3,2
4171,3,2
4172,3,2
4173,3,2
4174,3,2
4175,3,2
4176,3,2
4177,3,0
4178,3,5
4179,3,1
4180,3,1
4181,3,1
4182,3,1
4183,3,3
4184,3,3
4185,3,3
4186,3,3
4187,3,3
4188,3,1
4189,3,0
4190,3,1
4191,3,1
4192,3,3
4193,3,3
4194,3,0
4195,3,0
4196,3,3
4197,3,3
4198,3,3
4199,3,3
4200,3,3
4201,3,3
4202,3,3
4203,3,3
4204,3,7
4205,3,3
4206,3,3
4207,3,9
4208,3,7
4209,3,9
4210,3,7
4211,3,7
4212,3,7
4213,3,7
4214,3,7
4215,3,7
4216,3,7
4217,3,7
4218,3,7
4219,3,7
4220,3,2
4221,3,2
4222,3,2
4223,3,2
4224,3,2
4225,3,4
4226,3,2
4227,3,2
4228,3,2
4229,3,2
4230,3,2
4231,3,2
4232,3,2
4233,3,2
4234,3,2
4235,3,2
4236,3,2
4237,3,2
4238,3,2
4239,3,2
4240,3,2
4241,3,2
4242,3,2
4243,3,2
4244,3,2
4245,3,2
4246,3,6
4247,3,4
4248,3,4
4249,3,5
4250,3,1
4251,3,1
4252,3,1
4253,3,3
4254,3,3
4255,3,3
4256,3,3
4257,3,0
4258,3,1
4259,3,1
4260,3,3
4261,3,3
4262,3,3
4263,3,3
4264,3,0
4265,3,3
4266,3,3
4267,3,1
4268,3,3
4269,3,3
4270,3,3
4271,3,3
4272,3,3
4273,3,7
4274,3,3
4275,3,1
4276,3,7
4277,3,7
4278,3,7
4279,3,7
4280,3,7
4281,3,7
4282,3,7
4283,3,7
4284,3,7
4285,3,7
4286,3,7
4287,3,7
4288,3,7
4289,3,2
4290,3,2
4291,3,2
4292,3,2
4293,3,2
4294,3,2
4295,3,4
4296,3,2
4297,3,2
4298,3,2
4299,3,2
4300,3,2
4301,3,2
4302,3,2
4303,3,2
4304,3,2
4305,3,2
4306,3,2
4307,3,2
4308,3,2
4309,3,2
4310,3,2
4311,3,2
4312,3,2
4313,3,2
4314,3,2
4315,3,4
4316,3,0
4317,3,5
4318,3,5
4319,3,1
4320,3,1
4321,3,1
4322,3,1
4323,3,3
4324,3,3
4325,3,3
4326,3,3
4327,3,1
4328,3,1
4329,3,3
4330,3,3
4331,3,3
4332,3,3
4333,3,3
4334,3,3
4335,3,3
4336,3,3
4337,3,3
4338,3,3
4339,3,3
4340,3,3
4341,3,3
4342,3,7
4343,3,3
4344,3,3
4345,3,7
4346,3,7
4347,3,7
4348,3,7
4349,3,7
4350,3,7
4351,3,7
4352,3,7
4353,3,7
4354,3,7
4355,3,7
4356,3,7
4357,3,7
4358,3,2
4359,3,2
4360,3,2
4361,3,6
4362,3,2
4363,3,2
4364,3,4
4365,3,2
4366,3,2
4367,3,2
4368,3,6
4369,3,6
4370,3,4
4371,3,6
4372,3,6
4373,3,6
4374,3,6
4375,3,4
4376,3,2
4377,3,2
4378,3,2
4379,3,2
4380,3,2
4381,3,2
4382,3,2
4383,3,0
4384,3,0
4385,3,5
4386,3,5
4387,3,1
4388,3,1
4389,3,1
4390,3,1
4391,3,3
4392,3,3
4393,3,3
4394,3,3
4395,3,3
4396,3,3
4397,3,3
4398,3,3
4399,3,3
4400,3,3
4401,3,0
4402,3,3
4403,3,3
4404,3,3
4405,3,3
4406,3,3
4407,3,3
4408,3,3
4409,3,7
4410,3,3
4411,3,3
4412,3,3
4413,3,7
4414,3,7
4415,3,7
4416,3,7
4417,3,6
4418,3,7
4419,3,7
4420,3,7
4421,3,7
4422,3,7
4423,3,7
4424,3,7
4425,3,2
4426,3,2
4427,3,2
4428,3,2
4429,3,2
4430,3,2
4431,3,2
4432,3,4
4433,3,2
4434,3,2
4435,3,2
4436,3,6
4437,3,4
4438,3,4
4439,3,4
4440,3,4
4441,3,4
4442,3,4
4443,3,4
4444,3,4
4445,3,6
4446,3,6
4447,3,2
4448,3,6
4449,3,2
4450,3,0
4451,3,0
4452,3,5
4453,3,5
4454,3,1
4455,3,1
4456,3,1
4457,3,5
4458,3,3
4459,3,3
4460,3,3
4461,3,3
4462,3,3
4463,3,3
4464,3,3
4465,3,3
4466,3,3
4467,3,3
4468,3,3
4469,3,1
4470,3,3
4471,3,3
4472,3,3
4473,3,3
4474,3,3
4475,3,3
4476,3,7
4477,3,3
4478,3,3
4479,3,7
4480,3,7
4481,3,7
4482,3,7
4483,3,7
4484,3,7
4485,3,7
4486,3,7
4487,3,7
4488,3,7
4489,3,7
4490,3,7
4491,3,2
4492,3,2
4493,3,2
4494,3,2
4495,3,2
4496,3,2
4497,3,6
4498,3,6
4499,3,4
4500,3,4
4501,3,6
4502,3,4
4503,3,4
4504,3,4
4505,3,4
4506,3,4
4507,3,4
4508,3,4
4509,3,4
4510,3,4
4511,3,4
4512,3,6
4513,3,6
4514,3,2
4515,3,4
4516,3,5
4517,3,5
4518,3,10
4519,3,5
4520,3,1
4521,3,1
4522,3,1
4523,3,1
4524,3,3
4525,3,3
4526,3,3
4527,3,3
4528,3,3
4529,3,3
4530,3,3
4531,3,3
4532,3,1
4533,3,1
4534,3,3
4535,3,3
4536,3,3
4537,3,3
4538,3,3
4539,3,3
4540,3,3
4541,3,3
4542,3,3
4543,3,7
4544,3,7
4545,3,7
4546,3,7
4547,3,6
4548,3,7
4549,3,7
4550,3,7
4551,3,7
4552,3,7
4553,3,7
4554,3,7
4555,3,7
4556,3,2
4557,3,2
4558,3,2
4559,3,2
4560,3,2
4561,3,2
4562,3,2
4563,3,6
4564,3,4
4565,3,4
4566,3,4
4567,3,4
4568,3,4
4569,3,4
4570,3,4
4571,3,4
4572,3,4
4573,3,4
4574,3,4
4575,3,4
4576,3,4
4577,3,4
4578,3,4
4579,3,4
4580,3,4
4581,3,5
4582,3,5
4583,3,1
4584,3,1
4585,3,1
4586,3,1
4587,3,1
4588,3,3
4589,3,3
4590,3,3
4591,3,3
4592,3,3
4593,3,3
4594,3,1
4595,3,3
4596,3,1
4597,3,3
4598,3,3
4599,3,3
4600,3,3
4601,3,3
4602,3,7
4603,3,3
4604,3,3
4605,3,3
4606,3,3
4607,3,7
4608,3,3
4609,3,7
4610,3,7
4611,3,7
4612,3,7
4613,3,7
4614,3,7
4615,3,7
4616,3,7
4617,3,7
4618,3,7
4619,3,2
4620,3,2
4621,3,2
4622,3,2
4623,3,2
4624,3,6
4625,3,6
4626,3,4
4627,3,4
4628,3,4
4629,3,4
4630,3,6
4631,3,4
4632,3,4
4633,3,4
4634,3,4
4635,3,4
4636,3,4
4637,3,4
4638,3,4
4639,3,4
4640,3,4
4641,3,5
4642,3,4
4643,3,5
4644,3,5
4645,3,1
4646,3,1
4647,3,1
4648,3,1
4649,3,1
4650,3,1
4651,3,3
4652,3,3
4653,3,1
4654,3,1
4655,3,1
4656,3,3
4657,3,3
4658,3,3
4659,3,3
4660,3,3
4661,3,3
4662,3,3
4663,3,3
4664,3,7
4665,3,7
4666,3,7
4667,3,3
4668,3,3
4669,3,3
4670,3,3
4671,3,7
4672,3,7
4673,3,7
4674,3,7
4675,3,7
4676,3,7
4677,3,7
4678,3,7
4679,3,6
4680,3,2
4681,3,2
4682,3,2
4683,3,2
4684,3,2
4685,3,2
4686,3,6
4687,3,4
4688,3,4
4689,3,6
4690,3,4
4691,3,4
4692,3,6
4693,3,4
4694,3,4
4695,3,4
4696,3,4
4697,3,4
4698,3,4
4699,3,4
4700,3,4
4701,3,5
4702,3,5
4703,3,5
4704,3,5
4705,3,1
4706,3,0
4707,3,1
4708,3,1
4709,3,1
4710,3,1
4711,3,1
4712,3,1
4713,3,1
4714,3,1
4715,3,3
4716,3,3
4717,3,3
4718,3,3
4719,3,3
4720,3,3
4721,3,3
4722,3,3
4723,3,3
4724,3,3
4725,3,3
4726,3,3
4727,3,1
4728,3,3
4729,3,3
4730,3,3
4731,3,7
4732,3,7
4733,3,7
4734,3,6
4735,3,7
4736,3,7
4737,3,7
4738,3,6
4739,3,2
4740,3,2
4741,3,2
4742,3,6
4743,3,2
4744,3,6
4745,3,6
4746,3,6
4747,3,4
4748,3,4
4749,3,4
4750,3,4
4751,3,4
4752,3,6
4753,3,6
4754,3,4
4755,3,4
4756,3,4
4757,3,5
4758,3,4
4759,3,4
4760,3,5
4761,3,5
4762,3,5
4763,3,1
4764,3,1
4765,3,1
4766,3,1
4767,3,1
4768,3,1
4769,3,1
4770,3,3
4771,3,3
4772,3,3
4773,3,3
4774,3,3
4775,3,3
4776,3,3
4777,3,3
4778,3,3
4779,3,7
4780,3,3
4781,3,3
4782,3,3
4783,3,3
4784,3,3
4785,3,3
4786,3,3
4787,3,3
4788,3,7
4789,3,7
4790,3,7
4791,3,7
4792,3,7
4793,3,7
4794,3,7
4795,3,6
4796,3,6
4797,3,2
4798,3,2
4799,3,6
4800,3,6
4801,3,6
4802,3,6
4803,3,6
4804,3,4
4805,3,4
4806,3,4
4807,3,4
4808,3,4
4809,3,6
4810,3,6
4811,3,4
4812,3,4
4813,3,4
4814,3,4
4815,3,5
4816,3,5
4817,3,5
4818,3,10
4819,3,5
4820,3,1
4821,3,1
4822,3,1
4823,3,1
4824,3,3
4825,3,3
4826,3,3
4827,3,3
4828,3,3
4829,3,3
4830,3,3
4831,3,3
4832,3,3
4833,3,3
4834,3,3
4835,3,3
4836,3,3
4837,3,3
4838,3,3
4839,3,7
4840,3,3
4841,3,3
4842,3,6
4843,3,7
4844,3,7
4845,3,7
4846,3,7
4847,3,7
4848,3,6
4849,3,7
4850,3,7
4851,3,6
4852,3,2
4853,3,2
4854,3,4
4855,3,2
4856,3,2
4857,3,6
4858,3,4
4859,3,4
4860,3,4
4861,3,4
4862,3,4
4863,3,4
4864,3,4
4865,3,6
4866,3,6
4867,3,6
4868,3,4
4869,3,4
4870,3,4
4871,3,5
4872,3,5
4873,3,5
4874,3,9
4875,3,1
4876,3,5
4877,3,1
4878,3,3
4879,3,3
4880,3,3
4881,3,3
4882,3,3
4883,3,3
4884,3,3
4885,3,3
4886,3,3
4887,3,3
4888,3,3
4889,3,3
4890,3,3
4891,3,3
4892,3,7
4893,3,7
4894,3,7
4895,3,7
4896,3,6
4897,3,7
4898,3,7
4899,3,7
4900,3,7
4901,3,7
4902,3,7
4903,3,7
4904,3,6
4905,3,2
4906,3,3
4907,3,2
4908,3,2
4909,3,6
4910,3,6
4911,3,6
4912,3,4
4913,3,4
4914,3,4
4915,3,5
4916,3,4
4917,3,4
4918,3,4
4919,3,4
4920,3,6
4921,3,6
4922,3,4
4923,3,4
4924,3,5
4925,3,5
4926,3,1
4927,3,1
4928,3,1
4929,3,1
4930,3,3
4931,3,3
4932,3,3
4933,3,3
4934,3,3
4935,3,3
4936,3,3
4937,3,3
4938,3,3
4939,3,7
4940,3,3
4941,3,3
4942,3,3
4943,3,3
4944,3,7
4945,3,3
4946,3,7
4947,3,7
4948,3,7
4949,3,7
4950,3,7
4951,3,7
4952,3,7
4953,3,7
4954,3,7
4955,3,6
4956,3,6
4957,3,2
4958,3,2
4959,3,6
4960,3,6
4961,3,6
4962,3,6
4963,3,6
4964,3,4
4965,3,4
4966,3,4
4967,3,4
4968,3,4
4969,3,4
4970,3,6
4971,3,6
4972,3,6
4973,3,4
4974,3,4
4975,3,5
4976,3,5
4977,3,5
4978,3,0
4979,3,1
4980,3,1
4981,3,3
4982,3,3
4983,3,3
4984,3,3
4985,3,3
4986,3,3
4987,3,3
4988,3,3
4989,3,3
4990,3,7
4991,3,3
4992,3,7
4993,3,3
4994,3,3
4995,3,7
4996,3,7
4997,3,7
4998,3,7
4999,3,7
5000,3,6
5001,3,7
5002,3,7
5003,3,7
5004,3,7
5005,3,6
5006,3,6
5007,3,3
5008,3,2
5009,3,6
5010,3,2
5011,3,2
5012,3,6
5013,3,6
5014,3,6
5015,3,4
5016,3,4
5017,3,4
5018,3,4
5019,3,4
5020,3,4
5021,3,4
5022,3,6
5023,3,4
5024,3,4
5025,3,5
5026,3,5
5027,3,10
5028,3,10
5029,3,1
5030,3,1
5031,3,1
5032,3,1
5033,3,3
5034,3,3
5035,3,3
5036,3,3
5037,3,3
5038,3,3
5039,3,3
5040,3,3
5041,3,3
5042,3,3
5043,3,7
5044,3,7
5045,3,7
5046,3,7
5047,3,7
5048,3,7
5049,3,7
5050,3,7
5051,3,7
5052,3,7
5053,3,7
5054,3,6
5055,3,6
5056,3,6
5057,3,6
5058,3,2
5059,3,6
5060,3,6
5061,3,6
5062,3,6
5063,3,6
5064,3,4
5065,3,4
5066,3,4
5067,3,4
5068,3,4
5069,3,4
5070,3,4
5071,3,4
5072,3,4
5073,3,6
5074,3,6
5075,3,4
5076,3,5
5077,3,5
5078,3,5
5079,3,1
5080,3,1
5081,3,1
5082,3,3
5083,3,3
5084,3,3
5085,3,3
5086,3,3
5087,3,3
5088,3,3
5089,3,3
5090,3,3
5091,3,3
5092,3,3
5093,3,7
5094,3,7
5095,3,7
5096,3,7
5097,3,7
5098,3,7
5099,3,7
5100,3,7
5101,3,7
5102,3,7
5103,3,6
5104,3,6
5105,3,6
5106,3,2
5107,3,2
5108,3,6
5109,3,6
5110,3,6
5111,3,6
5112,3,6
5113,3,6
5114,3,6
5115,3,6
5116,3,4
5117,3,6
5118,3,6
5119,3,6
5120,3,6
5121,3,6
5122,3,6
5123,3,6
5124,3,6
5125,3,5
5126,3,0
5127,3,1
5128,3,1
5129,3,1
5130,3,3
5131,3,3
5132,3,3
5133,3,3
5134,3,3
5135,3,3
5136,3,3
5137,3,6
5138,3,3
5139,3,3
5140,3,3
5141,3,7
5142,3,7
5143,3,7
5144,3,7
5145,3,7
5146,3,7
5147,3,7
5148,3,7
5149,3,6
5150,3,6
5151,3,6
5152,3,6
5153,3,6
5154,3,6
5155,3,6
5156,3,6
5157,3,6
5158,3,6
5159,3,4
5160,3,4
5161,3,4
5162,3,6
5163,3,4
5164,3,4
5165,3,4
5166,3,6
5167,3,6
5168,3,6
5169,3,6
5170,3,6
5171,3,6
5172,3,5
5173,3,5
5174,3,5
5175,3,0
5176,3,0
5177,3,0
5178,3,3
5179,3,3
5180,3,3
5181,3,3
5182,3,3
5183,3,3
5184,3,3
5185,3,3
5186,3,3
5187,3,3
5188,3,3
5189,3,7
5190,3,7
5191,3,7
5192,3,3
5193,3,7
5194,3,7
5195,3,7
5196,3,7
5197,3,6
5198,3,6
5199,3,6
5200,3,6
5201,3,6
5202,3,6
5203,3,6
5204,3,6
5205,3,6
5206,3,4
5207,3,6
5208,3,4
5209,3,6
5210,3,6
5211,3,4
5212,3,6
5213,3,4
5214,3,6
5215,3,4
5216,3,6
5217,3,6
5218,3,6
5219,3,6
5220,3,4
5221,3,5
5222,3,5
5223,3,1
5224,3,1
5225,3,3
5226,3,3
5227,3,3
5228,3,3
5229,3,3
5230,3,3
5231,3,3
5232,3,3
5233,3,3
5234,3,3
5235,3,3
5236,3,7
5237,3,3
5238,3,8
5239,3,7
5240,3,7
5241,3,7
5242,3,7
5243,3,7
5244,3,6
5245,3,6
5246,3,6
5247,3,6
5248,3,6
5249,3,6
5250,3,6
5251,3,6
5252,3,6
5253,3,6
5254,3,6
5255,3,4
5256,3,6
5257,3,6
5258,3,6
5259,3,6
5260,3,6
5261,3,6
5262,3,6
5263,3,6
5264,3,6
5265,3,6
5266,3,6
5267,3,6
5268,3,4
5269,3,10
5270,3,1
5271,3,0
5272,3,3
5273,3,3
5274,3,3
5275,3,3
5276,3,3
5277,3,3
5278,3,3
5279,3,3
5280,3,3
5281,3,3
5282,3,3
5283,3,6
5284,3,3
5285,3,3
5286,3,3
5287,3,3
5288,3,7
5289,3,3
5290,3,7
5291,3,6
5292,3,6
5293,3,6
5294,3,6
5295,3,6
5296,3,6
5297,3,6
5298,3,6
5299,3,4
5300,3,6
5301,3,4
5302,3,6
5303,3,6
5304,3,6
5305,3,6
5306,3,6
5307,3,4
5308,3,6
5309,3,6
5310,3,6
5311,3,6
5312,3,6
5313,3,6
5314,3,6
5315,3,4
5316,3,1
5317,3,0
5318,3,0
5319,3,3
5320,3,3
5321,3,3
5322,3,3
5323,3,3
5324,3,3
5325,3,3
5326,3,3
5327,3,3
5328,3,3
5329,3,3
5330,3,6
5331,3,3
5332,3,3
5333,3,7
5334,3,7
5335,3,3
5336,3,3
5337,3,6
5338,3,6
5339,3,6
5340,3,6
5341,3,6
5342,3,6
5343,3,6
5344,3,6
5345,3,6
5346,3,6
5347,3,6
5348,3,6
5349,3,6
5350,3,6
5351,3,6
5352,3,6
5353,3,4
5354,3,4
5355,3,6
5356,3,6
5357,3,6
5358,3,6
5359,3,6
5360,3,6
5361,3,5
5362,3,5
5363,3,0
5364,3,0
5365,3,3
5366,3,3
5367,3,3
5368,3,3
5369,3,3
5370,3,3
5371,3,6
5372,3,3
5373,3,3
5374,3,3
5375,3,6
5376,3,3
5377,3,3
5378,3,4
5379,3,6
5380,3,3
5381,3,6
5382,3,6
5383,3,6
5384,3,6
5385,3,6
5386,3,6
5387,3,6
5388,3,6
5389,3,4
5390,3,6
5391,3,4
5392,3,6
5393,3,6
5394,3,6
5395,3,6
5396,3,6
5397,3,6
5398,3,6
5399,3,6
5400,3,6
5401,3,6
5402,3,6
5403,3,6
5404,3,6
5405,3,6
5406,3,6
5407,3,5
5408,3,5
5409,3,0
5410,3,0
5411,3,3
5412,3,3
5413,3,3
5414,3,3
5415,3,3
5416,3,6
5417,3,6
5418,3,3
5419,3,3
5420,3,3
5421,3,3
5422,3,6
5423,3,3
5424,3,6
5425,3,3
5426,3,6
5427,3,6
5428,3,6
5429,3,6
5430,3,6
5431,3,6
5432,3,6
5433,3,4
5434,3,4
5435,3,6
5436,3,6
5437,3,6
5438,3,6
5439,3,4
5440,3,6
5441,3,6
5442,3,6
5443,3,6
5444,3,6
5445,3,6
5446,3,6
5447,3,6
5448,3,6
5449,3,6
5450,3,2
5451,3,6
5452,3,5
5453,3,5
5454,3,0
5455,3,0
5456,3,3
5457,3,3
5458,3,3
5459,3,3
5460,3,3
5461,3,3
5462,3,3
5463,3,6
5464,3,3
5465,3,6
5466,3,3
5467,3,6
5468,3,6
5469,3,6
5470,3,6
5471,3,6
5472,3,6
5473,3,6
5474,3,6
5475,3,6
5476,3,4
5477,3,4
5478,3,6
5479,3,6
5480,3,6
5481,3,7
5482,3,6
5483,3,6
5484,3,6
5485,3,6
5486,3,6
5487,3,6
5488,3,6
5489,3,6
5490,3,6
5491,3,6
5492,3,6
5493,3,6
5494,3,6
5495,3,6
5496,3,5
5497,3,5
5498,3,1
5499,3,0
5500,3,3
5501,3,3
5502,3,3
5503,3,3
5504,3,3
5505,3,3
5506,3,3
5507,3,3
5508,3,6
5509,3,3
5510,3,6
5511,3,6
5512,3,6
5513,3,6
5514,3,6
5515,3,6
5516,3,6
5517,3,6
5518,3,6
5519,3,6
5520,3,4
5521,3,6
5522,3,6
5523,3,6
5524,3,6
5525,3,6
5526,3,6
5527,3,6
5528,3,6
5529,3,6
5530,3,6
5531,3,6
5532,3,6
5533,3,6
5534,3,6
5535,3,6
5536,3,6
5537,3,6
5538,3,6
5539,3,5
5540,3,5
5541,3,5
5542,3,0
5543,3,0
5544,3,3
5545,3,3
5546,3,3
5547,3,3
5548,3,3
5549,3,6
5550,3,3
5551,3,3
5552,3,6
5553,3,6
5554,3,6
5555,3,6
5556,3,6
5557,3,6
5558,3,6
5559,3,6
5560,3,6
5561,3,6
5562,3,6
5563,3,6
5564,3,6
5565,3,6
5566,3,6
5567,3,6
5568,3,6
5569,3,6
5570,3,6
5571,3,6
5572,3,6
5573,3,6
5574,3,6
5575,3,6
5576,3,6
5577,3,6
5578,3,6
5579,3,0
5580,3,6
5581,3,4
5582,3,10
5583,3,5
5584,3,0
5585,3,0
5586,3,0
5587,3,3
5588,3,3
5589,3,3
5590,3,3
5591,3,6
5592,3,6
5593,3,6
5594,3,2
5595,3,6
5596,3,6
5597,3,6
5598,3,6
5599,3,6
5600,3,6
5601,3,6
5602,3,6
5603,3,6
5604,3,6
5605,3,6
5606,3,6
5607,3,6
5608,3,6
5609,3,6
5610,3,6
5611,3,6
5612,3,6
5613,3,6
5614,3,6
5615,3,6
5616,3,6
5617,3,6
5618,3,6
5619,3,6
5620,3,0
5621,3,6
5622,3,6
5623,3,6
5624,3,5
5625,3,5
5626,3,5
5627,3,0
5628,3,3
5629,3,3
5630,3,3
5631,3,6
5632,3,3
5633,3,6
5634,3,6
5635,3,6
5636,3,6
5637,3,6
5638,3,6
5639,3,6
5640,3,6
5641,3,6
5642,3,6
5643,3,6
5644,3,6
5645,3,6
5646,3,6
5647,3,6
5648,3,6
5649,3,6
5650,3,6
5651,3,6
5652,3,6
5653,3,6
5654,3,6
5655,3,6
5656,3,6
5657,3,6
5658,3,6
5659,3,0
5660,3,6
5661,3,4
5662,3,6
5663,3,4
5664,3,5
5665,3,5
5666,3,0
5667,3,0
5668,3,3
5669,3,3
5670,3,3
5671,3,6
5672,3,6
5673,3,6
5674,3,6
5675,3,6
5676,3,6
5677,3,6
5678,3,6
5679,3,6
5680,3,6
5681,3,6
5682,3,6
5683,3,6
5684,3,6
5685,3,6
5686,3,6
5687,3,6
5688,3,6
5689,3,6
5690,3,6
5691,3,6
5692,3,6
5693,3,6
5694,3,6
5695,3,6
5696,3,5
5697,3,0
5698,3,5
5699,3,0
5700,3,5
5701,3,5
5702,3,0
5703,3,1
5704,3,0
5705,3,3
5706,3,3
5707,3,6
5708,3,6
5709,3,6
5710,3,6
5711,3,6
5712,3,6
5713,3,6
5714,3,6
5715,3,6
5716,3,6
5717,3,6
5718,3,6
5719,3,6
5720,3,6
5721,3,6
5722,3,6
5723,3,6
5724,3,6
5725,3,6
5726,3,6
5727,3,6
5728,3,5
5729,3,6
5730,3,5
5731,3,5
5732,3,10
5733,3,5
5734,3,5
5735,3,5
5736,3,10
5737,3,5
5738,3,5
5739,3,5
5740,3,6
5741,3,6
5742,3,6
5743,3,6
5744,3,6
5745,3,6
5746,3,6
5747,3,6
5748,3,6
5749,3,6
5750,3,6
5751,3,6
5752,3,6
5753,3,6
5754,3,6
5755,3,6
5756,3,6
5757,3,6
5758,3,6
5759,3,6
5760,3,6
5761,3,0
5762,3,0
5763,3,0
5764,3,0
5765,3,5
5766,3,5
5767,3,5
5768,3,10
5769,3,5
5770,3,5
5771,3,0
5772,3,1
5773,3,3
5774,3,3
5775,3,6
5776,3,6
5777,3,6
5778,3,6
5779,3,6
5780,3,6
5781,3,6
5782,3,6
5783,3,6
5784,3,6
5785,3,6
5786,3,6
5787,3,6
5788,3,6
5789,3,6
5790,3,6
5791,3,6
5792,3,6
5793,3,0
5794,3,0
5795,3,0
5796,3,0
5797,3,0
5798,3,5
5799,3,5
5800,3,5
5801,3,5
5802,3,5
5803,3,0
5804,3,0
5805,3,3
5806,3,0
5807,3,0
5808,3,6
5809,3,6
5810,3,6
5811,3,6
5812,3,6
5813,3,6
5814,3,6
5815,3,6
5816,3,6
5817,3,6
5818,3,6
5819,3,6
5820,3,6
5821,3,0
5822,3,0
5823,3,0
5824,3,0
5825,3,0
5826,3,0
5827,3,0
5828,3,0
5829,3,5
5830,3,10
5831,3,5
5832,3,0
5833,3,0
5834,3,0
5835,3,0
5836,3,0
5837,3,0
5838,3,0
5839,3,0
5840,3,6
5841,3,6
5842,3,6
5843,3,6
5844,3,0
5845,3,6
5846,3,6
5847,3,6
5848,3,0
5849,3,0
5850,3,0
5851,3,0
5852,3,0
5853,3,0
5854,3,0
5855,3,5
5856,3,5
5857,3,10
5858,3,5
5859,3,0
5860,3,5
5861,3,5
5862,3,0
5863,3,0
5864,3,0
5865,3,0
5866,3,0
5867,3,0
5868,3,0
5869,3,0
5870,3,0
5871,3,0
5872,3,0
5873,3,0
5874,3,0
5875,3,0
5876,3,0
5877,3,0
5878,3,0
5879,3,5
5880,3,5
5881,3,5
5882,3,10
5883,3,5
5884,3,5
5885,3,5
5886,3,13
5887,3,0
5888,3,0
5889,3,0
5890,3,0
5891,3,0
5892,3,0
5893,3,0
5894,3,0
5895,3,0
5896,3,0
5897,3,0
5898,3,5
5899,3,5
5900,3,5
5901,3,5
5902,3,5
5903,3,5
5904,3,5
5905,3,5
5906,3,5
5907,3,5
5908,3,5
5909,3,5
5910,3,5
5911,3,5
5912,3,10
0,4,22
1,4,22
2,4,23
3,4,31
4,4,22
5,4,10
6,4,27
7,4,22
8,4,22
9,4,23
10,4,27
11,4,27
12,4,22
13,4,27
14,4,22
15,4,27
16,4,23
17,4,22
18,4,22
19,4,22
20,4,22
21,4,22
22,4,22
23,4,22
24,4,27
25,4,31
26,4,26
27,4,27
28,4,27
29,4,26
30,4,27
31,4,27
32,4,26
33,4,27
34,4,27
35,4,27
36,4,27
37,4,27
38,4,27
39,4,27
40,4,27
41,4,27
42,4,27
43,4,27
44,4,27
45,4,27
46,4,27
47,4,22
48,4,27
49,4,22
50,4,27
51,4,27
52,4,27
53,4,22
54,4,22
55,4,20
56,4,20
57,4,20
58,4,21
59,4,31
60,4,31
61,4,31
62,4,31
63,4,31
64,4,28
65,4,26
66,4,26
67,4,26
68,4,26
69,4,26
70,4,26
71,4,27
72,4,27
73,4,26
74,4,26
75,4,28
76,4,27
77,4,27
78,4,27
79,4,27
80,4,27
81,4,27
82,4,22
83,4,27
84,4,28
85,4,22
86,4,27
87,4,27
88,4,27
89,4,23
90,4,27
91,4,27
92,4,27
93,4,27
94,4,27
95,4,22
96,4,20
97,4,31
98,4,31
99,4,31
100,4,31
101,4,31
102,4,31
103,4,28
104,4,28
105,4,28
106,4,28
107,4,28
108,4,28
109,4,28
110,4,28
111,4,28
112,4,28
113,4,28
114,4,28
115,4,28
116,4,28
117,4,28
118,4,28
119,4,28
120,4,28
121,4,26
122,4,26
123,4,26
124,4,28
125,4,28
126,4,31
127,4,27
128,4,27
129,4,27
130,4,27
131,4,26
132,4,27
133,4,27
134,4,27
135,4,27
136,4,27
137,4,27
138,4,22
139,4,21
140,4,31
141,4,31
142,4,31
143,4,31
144,4,31
145,4,31
146,4,28
147,4,28
148,4,28
149,4,28
150,4,28
151,4,28
152,4,28
153,4,28
154,4,28
155,4,28
156,4,26
157,4,22
158,4,20
159,4,20
160,4,20
161,4,21
162,4,28
163,4,28
164,4,28
165,4,28
166,4,28
167,4,28
168,4,28
169,4,28
170,4,28
171,4,26
172,4,28
173,4,28
174,4,28
175,4,27
176,4,27
177,4,27
178,4,27
179,4,27
180,4,27
181,4,27
182,4,27
183,4,27
184,4,27
185,4,22
186,4,31
187,4,31
188,4,31
189,4,31
190,4,31
191,4,31
192,4,28
193,4,28
194,4,28
195,4,28
196,4,28
197,4,28
198,4,28
199,4,28
200,4,28
201,4,28
202,4,28
203,4,28
204,4,21
205,4,20
206,4,20
207,4,28
208,4,28
209,4,28
210,4,28
211,4,28
212,4,28
213,4,28
214,4,26
215,4,22
216,4,28
217,4,26
218,4,28
219,4,26
220,4,26
221,4,26
222,4,26
223,4,27
224,4,27
225,4,27
226,4,27
227,4,27
228,4,27
229,4,27
230,4,27
231,4,27
232,4,22
233,4,20
234,4,20
235,4,31
236,4,31
237,4,31
238,4,31
239,4,28
240,4,28
241,4,28
242,4,28
243,4,28
244,4,28
245,4,28
246,4,28
247,4,28
248,4,28
249,4,28
250,4,28
251,4,28
252,4,28
253,4,28
254,4,21
255,4,28
256,4,28
257,4,28
258,4,28
259,4,28
260,4,28
261,4,28
262,4,28
263,4,21
264,4,28
265,4,28
266,4,28
267,4,28
268,4,26
269,4,28
270,4,28
271,4,26
272,4,26
273,4,26
274,4,27
275,4,26
276,4,23
277,4,27
278,4,27
279,4,27
280,4,27
281,4,27
282,4,10
283,4,31
284,4,31
285,4,31
286,4,31
287,4,28
288,4,28
289,4,28
290,4,28
291,4,28
292,4,28
293,4,28
294,4,28
295,4,28
296,4,28
297,4,28
298,4,28
299,4,28
300,4,29
301,4,28
302,4,28
303,4,21
304,4,22
305,4,28
306,4,28
307,4,28
308,4,28
309,4,28
310,4,28
311,4,28
312,4,20
313,4,22
314,4,28
315,4,28
316,4,28
317,4,28
318,4,28
319,4,28
320,4,28
321,4,29
322,4,26
323,4,26
324,4,26
325,4,27
326,4,27
327,4,27
328,4,27
329,4,23
330,4,27
331,4,27
332,4,27
333,4,22
334,4,21
335,4,31
336,4,31
337,4,31
338,4,31
339,4,21
340,4,22
341,4,28
342,4,28
343,4,28
344,4,28
345,4,28
346,4,28
347,4,28
348,4,28
349,4,28
350,4,28
351,4,28
352,4,28
353,4,29
354,4,28
355,4,28
356,4,22
357,4,28
358,4,28
359,4,29
360,4,28
361,4,29
362,4,28
363,4,28
364,4,28
365,4,22
366,4,26
367,4,28
368,4,26
369,4,28
370,4,28
371,4,28
372,4,28
373,4,26
374,4,24
375,4,28
376,4,24
377,4,28
378,4,28
379,4,26
380,4,27
381,4,27
382,4,27
383,4,27
384,4,27
385,4,27
386,4,27
387,4,22
388,4,21
389,4,31
390,4,31
391,4,31
392,4,28
393,4,28
394,4,28
395,4,28
396,4,28
397,4,28
398,4,28
399,4,28
400,4,28
401,4,28
402,4,28
403,4,28
404,4,28
405,4,29
406,4,28
407,4,28
408,4,29
409,4,28
410,4,29
411,4,29
412,4,20
413,4,21
414,4,29
415,4,29
416,4,24
417,4,29
418,4,29
419,4,29
420,4,29
421,4,29
422,4,28
423,4,26
424,4,28
425,4,26
426,4,26
427,4,28
428,4,26
429,4,29
430,4,26
431,4,26
432,4,28
433,4,26
434,4,26
435,4,26
436,4,26
437,4,26
438,4,27
439,4,27
440,4,27
441,4,27
442,4,27
443,4,27
444,4,27
445,4,27
446,4,20
447,4,21
448,4,31
449,4,31
450,4,31
451,4,28
452,4,28
453,4,28
454,4,28
455,4,28
456,4,28
457,4,28
458,4,28
459,4,28
460,4,28
461,4,28
462,4,29
463,4,29
464,4,29
465,4,29
466,4,29
467,4,29
468,4,24
469,4,29
470,4,29
471,4,29
472,4,20
473,4,20
474,4,29
475,4,29
476,4,29
477,4,29
478,4,29
479,4,29
480,4,29
481,4,29
482,4,22
483,4,24
484,4,28
485,4,29
486,4,26
487,4,28
488,4,26
489,4,28
490,4,28
491,4,28
492,4,26
493,4,26
494,4,26
495,4,24
496,4,26
497,4,26
498,4,26
499,4,26
500,4,27
501,4,27
502,4,27
503,4,27
504,4,27
505,4,27
506,4,27
507,4,20
508,4,21
509,4,31
510,4,31
511,4,31
512,4,28
513,4,28
514,4,28
515,4,28
516,4,28
517,4,28
518,4,28
519,4,28
520,4,28
521,4,28
522,4,28
523,4,29
524,4,29
525,4,29
526,4,29
527,4,29
528,4,29
529,4,29
530,4,29
531,4,29
532,4,29
533,4,29
534,4,21
535,4,20
536,4,21
537,4,22
538,4,29
539,4,29
540,4,29
541,4,29
542,4,29
543,4,29
544,4,29
545,4,29
546,4,19
547,4,29
548,4,29
549,4,29
550,4,26
551,4,26
552,4,28
553,4,29
554,4,29
555,4,26
556,4,24
557,4,24
558,4,24
559,4,26
560,4,26
561,4,26
562,4,28
563,4,26
564,4,27
565,4,27
566,4,27
567,4,27
568,4,27
569,4,31
570,4,27
571,4,22
572,4,21
573,4,31
574,4,31
575,4,28
576,4,28
577,4,28
578,4,28
579,4,28
580,4,28
581,4,28
582,4,28
583,4,28
584,4,29
585,4,29
586,4,29
587,4,28
588,4,28
589,4,29
590,4,29
591,4,29
592,4,30
593,4,30
594,4,29
595,4,29
596,4,30
597,4,30
598,4,30
599,4,30
600,4,30
601,4,19
602,4,30
603,4,30
604,4,29
605,4,29
606,4,29
607,4,29
608,4,29
609,4,29
610,4,29
611,4,29
612,4,19
613,4,30
614,4,29
615,4,29
616,4,29
617,4,28
618,4,28
619,4,26
620,4,24
621,4,24
622,4,24
623,4,24
624,4,29
625,4,24
626,4,26
627,4,26
628,4,26
629,4,28
630,4,26
631,4,27
632,4,27
633,4,27
634,4,27
635,4,27
636,4,27
637,4,27
638,4,21
639,4,21
640,4,31
641,4,31
642,4,31
643,4,28
644,4,28
645,4,28
646,4,28
647,4,28
648,4,28
649,4,28
650,4,29
651,4,30
652,4,19
653,4,30
654,4,30
655,4,30
656,4,30
657,4,30
658,4,30
659,4,30
660,4,19
661,4,19
662,4,30
663,4,30
664,4,19
665,4,30
666,4,19
667,4,30
668,4,30
669,4,30
670,4,19
671,4,30
672,4,30
673,4,30
674,4,29
675,4,29
676,4,29
677,4,29
678,4,29
679,4,29
680,4,19
681,4,29
682,4,29
683,4,29
684,4,29
685,4,28
686,4,29
687,4,24
688,4,24
689,4,24
690,4,24
691,4,24
692,4,24
693,4,24
694,4,24
695,4,24
696,4,26
697,4,26
698,4,26
699,4,26
700,4,27
701,4,27
702,4,27
703,4,27
704,4,27
705,4,27
706,4,19
707,4,20
708,4,31
709,4,31
710,4,31
711,4,28
712,4,28
713,4,28
714,4,28
715,4,28
716,4,28
717,4,28
718,4,28
719,4,30
720,4,29
721,4,30
722,4,30
723,4,30
724,4,30
725,4,30
726,4,29
727,4,30
728,4,30
729,4,30
730,4,30
731,4,30
732,4,30
733,4,30
734,4,30
735,4,30
736,4,30
737,4,30
738,4,30
739,4,30
740,4,30
741,4,29
742,4,30
743,4,30
744,4,29
745,4,29
746,4,29
747,4,29
748,4,29
749,4,29
750,4,29
751,4,29
752,4,29
753,4,24
754,4,29
755,4,29
756,4,24
757,4,24
758,4,24
759,4,24
760,4,24
761,4,24
762,4,24
763,4,24
764,4,24
765,4,26
766,4,26
767,4,26
768,4,26
769,4,26
770,4,27
771,4,27
772,4,27
773,4,27
774,4,27
775,4,27
776,4,23
777,4,21
778,4,31
779,4,31
780,4,31
781,4,28
782,4,28
783,4,28
784,4,28
785,4,28
786,4,28
787,4,28
788,4,28
789,4,28
790,4,29
791,4,29
792,4,29
793,4,28
794,4,30
795,4,30
796,4,30
797,4,30
798,4,30
799,4,30
800,4,30
801,4,30
802,4,30
803,4,30
804,4,29
805,4,29
806,4,29
807,4,30
808,4,29
809,4,29
810,4,30
811,4,29
812,4,29
813,4,29
814,4,29
815,4,29
816,4,29
817,4,29
818,4,29
819,4,29
820,4,29
821,4,29
822,4,24
823,4,29
824,4,29
825,4,29
826,4,19
827,4,29
828,4,24
829,4,24
830,4,24
831,4,24
832,4,24
833,4,24
834,4,24
835,4,24
836,4,26
837,4,26
838,4,26
839,4,26
840,4,26
841,4,27
842,4,27
843,4,27
844,4,27
845,4,27
846,4,27
847,4,22
848,4,31
849,4,31
850,4,31
851,4,31
852,4,28
853,4,28
854,4,28
855,4,28
856,4,28
857,4,28
858,4,28
859,4,28
860,4,28
861,4,30
862,4,30
863,4,30
864,4,30
865,4,30
866,4,30
867,4,30
868,4,30
869,4,30
870,4,30
871,4,30
872,4,30
873,4,30
874,4,29
875,4,29
876,4,29
877,4,30
878,4,29
879,4,30
880,4,29
881,4,29
882,4,29
883,4,29
884,4,29
885,4,29
886,4,29
887,4,29
888,4,29
889,4,24
890,4,29
891,4,29
892,4,24
893,4,29
894,4,29
895,4,29
896,4,29
897,4,30
898,4,30
899,4,29
900,4,24
901,4,29
902,4,24
903,4,24
904,4,24
905,4,24
906,4,24
907,4,24
908,4,24
909,4,24
910,4,26
911,4,26
912,4,24
913,4,27
914,4,27
915,4,27
916,4,27
917,4,27
918,4,27
919,4,21
920,4,31
921,4,31
922,4,31
923,4,31
924,4,28
925,4,28
926,4,28
927,4,28
928,4,28
929,4,28
930,4,28
931,4,28
932,4,28
933,4,28
934,4,29
935,4,30
936,4,30
937,4,30
938,4,30
939,4,30
940,4,30
941,4,30
942,4,30
943,4,30
944,4,30
945,4,30
946,4,29
947,4,30
948,4,29
949,4,30
950,4,30
951,4,30
952,4,30
953,4,29
954,4,29
955,4,29
956,4,29
957,4,29
958,4,29
959,4,29
960,4,29
961,4,29
962,4,22
963,4,24
964,4,24
965,4,24
966,4,24
967,4,29
968,4,29
969,4,29
970,4,19
971,4,29
972,4,29
973,4,24
974,4,24
975,4,24
976,4,24
977,4,24
978,4,24
979,4,24
980,4,24
981,4,24
982,4,26
983,4,26
984,4,26
985,4,27
986,4,27
987,4,23
988,4,27
989,4,27
990,4,27
991,4,22
992,4,21
993,4,19
994,4,31
995,4,31
996,4,31
997,4,28
998,4,28
999,4,28
1000,4,28
1001,4,28
1002,4,28
1003,4,28
1004,4,28
1005,4,28
1006,4,28
1007,4,28
1008,4,30
1009,4,30
1010,4,30
1011,4,30
1012,4,30
1013,4,30
1014,4,30
1015,4,30
1016,4,29
1017,4,29
1018,4,30
1019,4,30
1020,4,30
1021,4,30
1022,4,30
1023,4,19
1024,4,19
1025,4,30
1026,4,19
1027,4,30
1028,4,29
1029,4,29
1030,4,29
1031,4,29
1032,4,29
1033,4,24
1034,4,24
1035,4,29
1036,4,29
1037,4,24
1038,4,24
1039,4,24
1040,4,24
1041,4,24
1042,4,24
1043,4,29
1044,4,30
1045,4,24
1046,4,24
1047,4,24
1048,4,24
1049,4,24
1050,4,24
1051,4,24
1052,4,24
1053,4,24
1054,4,24
1055,4,26
1056,4,26
1057,4,26
1058,4,26
1059,4,27
1060,4,27
1061,4,27
1062,4,27
1063,4,27
1064,4,27
1065,4,21
1066,4,31
1067,4,31
1068,4,31
1069,4,28
1070,4,28
1071,4,28
1072,4,28
1073,4,28
1074,4,28
1075,4,28
1076,4,28
1077,4,28
1078,4,28
1079,4,28
1080,4,28
1081,4,28
1082,4,30
1083,4,30
1084,4,30
1085,4,30
1086,4,31
1087,4,30
1088,4,19
1089,4,30
1090,4,30
1091,4,30
1092,4,30
1093,4,30
1094,4,19
1095,4,19
1096,4,19
1097,4,19
1098,4,30
1099,4,19
1100,4,30
1101,4,30
1102,4,30
1103,4,30
1104,4,29
1105,4,29
1106,4,29
1107,4,29
1108,4,29
1109,4,24
1110,4,29
1111,4,29
1112,4,24
1113,4,24
1114,4,24
1115,4,24
1116,4,29
1117,4,29
1118,4,29
1119,4,24
1120,4,24
1121,4,24
1122,4,24
1123,4,24
1124,4,24
1125,4,24
1126,4,24
1127,4,24
1128,4,24
1129,4,26
1130,4,26
1131,4,26
1132,4,27
1133,4,27
1134,4,27
1135,4,27
1136,4,27
1137,4,27
1138,4,23
1139,4,20
1140,4,31
1141,4,31
1142,4,31
1143,4,28
1144,4,28
1145,4,28
1146,4,28
1147,4,28
1148,4,28
1149,4,28
1150,4,28
1151,4,28
1152,4,31
1153,4,31
1154,4,30
1155,4,31
1156,4,30
1157,4,30
1158,4,30
1159,4,30
1160,4,30
1161,4,19
1162,4,19
1163,4,30
1164,4,30
1165,4,30
1166,4,30
1167,4,19
1168,4,19
1169,4,19
1170,4,19
1171,4,19
1172,4,19
1173,4,30
1174,4,30
1175,4,30
1176,4,30
1177,4,29
1178,4,29
1179,4,29
1180,4,29
1181,4,29
1182,4,29
1183,4,29
1184,4,29
1185,4,29
1186,4,29
1187,4,24
1188,4,29
1189,4,24
1190,4,24
1191,4,24
1192,4,29
1193,4,24
1194,4,29
1195,4,24
1196,4,24
1197,4,24
1198,4,24
1199,4,24
1200,4,24
1201,4,24
1202,4,24
1203,4,24
1204,4,24
1205,4,24
1206,4,26
1207,4,2
1208,4,27
1209,4,27
1210,4,27
1211,4,27
1212,4,27
1213,4,21
1214,4,31
1215,4,31
1216,4,31
1217,4,28
1218,4,28
1219,4,28
1220,4,28
1221,4,28
1222,4,28
1223,4,31
1224,4,31
1225,4,31
1226,4,31
1227,4,31
1228,4,31
1229,4,31
1230,4,31
1231,4,30
1232,4,19
1233,4,19
1234,4,19
1235,4,19
1236,4,19
1237,4,19
1238,4,19
1239,4,19
1240,4,19
1241,4,19
1242,4,19
1243,4,19
1244,4,30
1245,4,30
1246,4,30
1247,4,30
1248,4,30
1249,4,30
1250,4,29
1251,4,29
1252,4,29
1253,4,29
1254,4,29
1255,4,29
1256,4,29
1257,4,29
1258,4,29
1259,4,29
1260,4,29
1261,4,29
1262,4,24
1263,4,24
1264,4,24
1265,4,24
1266,4,24
1267,4,29
1268,4,24
1269,4,24
1270,4,29
1271,4,24
1272,4,24
1273,4,24
1274,4,24
1275,4,24
1276,4,24
1277,4,24
1278,4,26
1279,4,26
1280,4,26
1281,4,27
1282,4,27
1283,4,27
1284,4,27
1285,4,27
1286,4,20
1287,4,22
1288,4,31
1289,4,31
1290,4,31
1291,4,31
1292,4,26
1293,4,26
1294,4,31
1295,4,31
1296,4,31
1297,4,31
1298,4,31
1299,4,31
1300,4,31
1301,4,31
1302,4,31
1303,4,31
1304,4,30
1305,4,19
1306,4,19
1307,4,19
1308,4,19
1309,4,19
1310,4,19
1311,4,19
1312,4,19
1313,4,19
1314,4,19
1315,4,19
1316,4,19
1317,4,19
1318,4,30
1319,4,30
1320,4,30
1321,4,30
1322,4,29
1323,4,29
1324,4,29
1325,4,29
1326,4,29
1327,4,29
1328,4,29
1329,4,29
1330,4,29
1331,4,29
1332,4,29
1333,4,29
1334,4,29
1335,4,29
1336,4,24
1337,4,24
1338,4,24
1339,4,24
1340,4,29
1341,4,24
1342,4,24
1343,4,24
1344,4,24
1345,4,24
1346,4,24
1347,4,24
1348,4,25
1349,4,24
1350,4,25
1351,4,26
1352,4,26
1353,4,26
1354,4,26
1355,4,27
1356,4,27
1357,4,27
1358,4,27
1359,4,22
1360,4,20
1361,4,21
1362,4,22
1363,4,21
1364,4,22
1365,4,21
1366,4,20
1367,4,20
1368,4,31
1369,4,31
1370,4,31
1371,4,31
1372,4,31
1373,4,31
1374,4,19
1375,4,19
1376,4,19
1377,4,19
1378,4,19
1379,4,19
1380,4,19
1381,4,19
1382,4,19
1383,4,19
1384,4,19
1385,4,19
1386,4,19
1387,4,19
1388,4,19
1389,4,19
1390,4,31
1391,4,30
1392,4,29
1393,4,29
1394,4,29
1395,4,29
1396,4,29
1397,4,29
1398,4,26
1399,4,29
1400,4,29
1401,4,29
1402,4,29
1403,4,29
1404,4,24
1405,4,29
1406,4,24
1407,4,24
1408,4,24
1409,4,24
1410,4,29
1411,4,24
1412,4,24
1413,4,24
1414,4,24
1415,4,24
1416,4,24
1417,4,24
1418,4,25
1419,4,24
1420,4,24
1421,4,24
1422,4,24
1423,4,26
1424,4,25
1425,4,27
1426,4,27
1427,4,27
1428,4,27
1429,4,27
1430,4,21
1431,4,31
1432,4,31
1433,4,19
1434,4,19
1435,4,19
1436,4,19
1437,4,22
1438,4,19
1439,4,19
1440,4,19
1441,4,19
1442,4,19
1443,4,19
1444,4,19
1445,4,19
1446,4,19
1447,4,19
1448,4,19
1449,4,18
1450,4,19
1451,4,18
1452,4,30
1453,4,29
1454,4,29
1455,4,29
1456,4,29
1457,4,29
1458,4,29
1459,4,28
1460,4,29
1461,4,29
1462,4,29
1463,4,29
1464,4,24
1465,4,29
1466,4,29
1467,4,29
1468,4,24
1469,4,24
1470,4,24
1471,4,29
1472,4,24
1473,4,24
1474,4,24
1475,4,24
1476,4,24
1477,4,24
1478,4,24
1479,4,24
1480,4,24
1481,4,24
1482,4,25
1483,4,25
1484,4,24
1485,4,24
1486,4,27
1487,4,27
1488,4,27
1489,4,27
1490,4,27
1491,4,22
1492,4,21
1493,4,19
1494,4,19
1495,4,19
1496,4,19
1497,4,19
1498,4,19
1499,4,19
1500,4,19
1501,4,19
1502,4,19
1503,4,19
1504,4,19
1505,4,19
1506,4,19
1507,4,18
1508,4,18
1509,4,18
1510,4,18
1511,4,18
1512,4,18
1513,4,29
1514,4,29
1515,4,29
1516,4,29
1517,4,29
1518,4,29
1519,4,29
1520,4,29
1521,4,29
1522,4,24
1523,4,29
1524,4,24
1525,4,29
1526,4,29
1527,4,24
1528,4,29
1529,4,24
1530,4,24
1531,4,24
1532,4,24
1533,4,24
1534,4,19
1535,4,19
1536,4,24
1537,4,24
1538,4,24
1539,4,24
1540,4,24
1541,4,24
1542,4,25
1543,4,24
1544,4,25
1545,4,24
1546,4,26
1547,4,27
1548,4,27
1549,4,27
1550,4,27
1551,4,23
1552,4,20
1553,4,19
1554,4,19
1555,4,19
1556,4,19
1557,4,19
1558,4,19
1559,4,19
1560,4,19
1561,4,19
1562,4,19
1563,4,19
1564,4,18
1565,4,18
1566,4,18
1567,4,18
1568,4,18
1569,4,18
1570,4,18
1571,4,18
1572,4,18
1573,4,18
1574,4,18
1575,4,18
1576,4,18
1577,4,18
1578,4,18
1579,4,24
1580,4,24
1581,4,24
1582,4,24
1583,4,24
1584,4,24
1585,4,24
1586,4,24
1587,4,24
1588,4,24
1589,4,24
1590,4,24
1591,4,24
1592,4,24
1593,4,19
1594,4,19
1595,4,24
1596,4,24
1597,4,24
1598,4,24
1599,4,25
1600,4,24
1601,4,24
1602,4,25
1603,4,25
1604,4,24
1605,4,26
1606,4,27
1607,4,27
1608,4,27
1609,4,27
1610,4,19
1611,4,21
1612,4,19
1613,4,31
1614,4,19
1615,4,19
1616,4,22
1617,4,19
1618,4,19
1619,4,19
1620,4,18
1621,4,18
1622,4,18
1623,4,18
1624,4,18
1625,4,18
1626,4,18
1627,4,18
1628,4,18
1629,4,18
1630,4,18
1631,4,18
1632,4,18
1633,4,18
1634,4,18
1635,4,18
1636,4,18
1637,4,18
1638,4,18
1639,4,29
1640,4,24
1641,4,24
1642,4,24
1643,4,24
1644,4,24
1645,4,24
1646,4,24
1647,4,24
1648,4,24
1649,4,24
1650,4,24
1651,4,19
1652,4,19
1653,4,19
1654,4,24
1655,4,24
1656,4,24
1657,4,24
1658,4,24
1659,4,24
1660,4,25
1661,4,24
1662,4,24
1663,4,24
1664,4,27
1665,4,27
1666,4,27
1667,4,27
1668,4,27
1669,4,21
1670,4,22
1671,4,19
1672,4,19
1673,4,22
1674,4,19
1675,4,19
1676,4,18
1677,4,18
1678,4,18
1679,4,18
1680,4,18
1681,4,18
1682,4,18
1683,4,18
1684,4,18
1685,4,18
1686,4,18
1687,4,18
1688,4,18
1689,4,18
1690,4,18
1691,4,18
1692,4,18
1693,4,18
1694,4,18
1695,4,18
1696,4,19
1697,4,24
1698,4,24
1699,4,24
1700,4,24
1701,4,24
1702,4,24
1703,4,24
1704,4,24
1705,4,24
1706,4,24
1707,4,24
1708,4,19
1709,4,19
1710,4,19
1711,4,24
1712,4,7
1713,4,24
1714,4,24
1715,4,24
1716,4,24
1717,4,24
1718,4,24
1719,4,25
1720,4,25
1721,4,25
1722,4,27
1723,4,27
1724,4,27
1725,4,27
1726,4,20
1727,4,21
1728,4,19
1729,4,19
1730,4,19
1731,4,19
1732,4,18
1733,4,18
1734,4,18
1735,4,18
1736,4,18
1737,4,18
1738,4,18
1739,4,18
1740,4,18
1741,4,18
1742,4,18
1743,4,18
1744,4,18
1745,4,18
1746,4,18
1747,4,18
1748,4,18
1749,4,18
1750,4,18
1751,4,19
1752,4,19
1753,4,19
1754,4,24
1755,4,24
1756,4,24
1757,4,24
1758,4,24
1759,4,24
1760,4,24
1761,4,29
1762,4,24
1763,4,24
1764,4,24
1765,4,19
1766,4,19
1767,4,24
1768,4,24
1769,4,24
1770,4,24
1771,4,24
1772,4,24
1773,4,24
1774,4,24
1775,4,25
1776,4,24
1777,4,25
1778,4,27
1779,4,27
1780,4,27
1781,4,27
1782,4,20
1783,4,19
1784,4,19
1785,4,18
1786,4,18
1787,4,18
1788,4,18
1789,4,18
1790,4,18
1791,4,18
1792,4,18
1793,4,18
1794,4,18
1795,4,18
1796,4,18
1797,4,18
1798,4,19
1799,4,18
1800,4,18
1801,4,18
1802,4,18
1803,4,18
1804,4,18
1805,4,19
1806,4,19
1807,4,19
1808,4,19
1809,4,18
1810,4,24
1811,4,24
1812,4,24
1813,4,29
1814,4,24
1815,4,24
1816,4,24
1817,4,24
1818,4,24
1819,4,24
1820,4,19
1821,4,19
1822,4,19
1823,4,24
1824,4,24
1825,4,24
1826,4,25
1827,4,24
1828,4,25
1829,4,24
1830,4,25
1831,4,25
1832,4,25
1833,4,24
1834,4,27
1835,4,27
1836,4,27
1837,4,22
1838,4,21
1839,4,19
1840,4,18
1841,4,19
1842,4,18
1843,4,18
1844,4,18
1845,4,18
1846,4,18
1847,4,18
1848,4,18
1849,4,18
1850,4,19
1851,4,19
1852,4,19
1853,4,19
1854,4,19
1855,4,18
1856,4,18
1857,4,18
1858,4,18
1859,4,18
1860,4,18
1861,4,19
1862,4,18
1863,4,18
1864,4,18
1865,4,24
1866,4,24
1867,4,24
1868,4,24
1869,4,24
1870,4,24
1871,4,24
1872,4,24
1873,4,24
1874,4,24
1875,4,19
1876,4,19
1877,4,19
1878,4,24
1879,4,25
1880,4,25
1881,4,25
1882,4,25
1883,4,25
1884,4,25
1885,4,25
1886,4,25
1887,4,25
1888,4,25
1889,4,18
1890,4,27
1891,4,27
1892,4,20
1893,4,19
1894,4,19
1895,4,18
1896,4,18
1897,4,18
1898,4,18
1899,4,18
1900,4,18
1901,4,18
1902,4,18
1903,4,19
1904,4,19
1905,4,19
1906,4,19
1907,4,19
1908,4,19
1909,4,18
1910,4,18
1911,4,18
1912,4,18
1913,4,18
1914,4,18
1915,4,18
1916,4,18
1917,4,18
1918,4,18
1919,4,16
1920,4,24
1921,4,24
1922,4,24
1923,4,24
1924,4,24
1925,4,24
1926,4,24
1927,4,24
1928,4,24
1929,4,19
1930,4,19
1931,4,24
1932,4,25
1933,4,25
1934,4,25
1935,4,24
1936,4,25
1937,4,25
1938,4,25
1939,4,25
1940,4,25
1941,4,25
1942,4,25
1943,4,27
1944,4,27
1945,4,27
1946,4,11
1947,4,21
1948,4,19
1949,4,18
1950,4,18
1951,4,18
1952,4,18
1953,4,18
1954,4,18
1955,4,18
1956,4,18
1957,4,19
1958,4,19
1959,4,19
1960,4,19
1961,4,19
1962,4,19
1963,4,18
1964,4,18
1965,4,18
1966,4,18
1967,4,18
1968,4,18
1969,4,18
1970,4,18
1971,4,18
1972,4,18
1973,4,16
1974,4,24
1975,4,16
1976,4,25
1977,4,24
1978,4,24
1979,4,24
1980,4,25
1981,4,25
1982,4,25
1983,4,19
1984,4,25
1985,4,25
1986,4,25
1987,4,25
1988,4,25
1989,4,25
1990,4,25
1991,4,25
1992,4,25
1993,4,25
1994,4,25
1995,4,25
1996,4,25
1997,4,27
1998,4,27
1999,4,27
2000,4,11
2001,4,19
2002,4,18
2003,4,18
2004,4,18
2005,4,18
2006,4,18
2007,4,18
2008,4,18
2009,4,19
2010,4,19
2011,4,19
2012,4,19
2013,4,19
2014,4,19
2015,4,19
2016,4,18
2017,4,18
2018,4,18
2019,4,18
2020,4,18
2021,4,18
2022,4,18
2023,4,18
2024,4,18
2025,4,18
2026,4,16
2027,4,24
2028,4,24
2029,4,24
2030,4,24
2031,4,24
2032,4,24
2033,4,25
2034,4,24
2035,4,16
2036,4,25
2037,4,25
2038,4,25
2039,4,25
2040,4,25
2041,4,25
2042,4,25
2043,4,25
2044,4,25
2045,4,25
2046,4,25
2047,4,25
2048,4,25
2049,4,25
2050,4,27
2051,4,27
2052,4,27
2053,4,23
2054,4,21
2055,4,18
2056,4,18
2057,4,18
2058,4,18
2059,4,18
2060,4,18
2061,4,18
2062,4,19
2063,4,19
2064,4,19
2065,4,19
2066,4,19
2067,4,19
2068,4,19
2069,4,18
2070,4,18
2071,4,18
2072,4,18
2073,4,18
2074,4,18
2075,4,18
2076,4,18
2077,4,18
2078,4,18
2079,4,18
2080,4,24
2081,4,24
2082,4,24
2083,4,25
2084,4,24
2085,4,24
2086,4,25
2087,4,25
2088,4,16
2089,4,16
2090,4,17
2091,4,25
2092,4,25
2093,4,25
2094,4,25
2095,4,25
2096,4,25
2097,4,25
2098,4,24
2099,4,25
2100,4,25
2101,4,25
2102,4,25
2103,4,25
2104,4,27
2105,4,27
2106,4,27
2107,4,18
2108,4,18
2109,4,18
2110,4,18
2111,4,18
2112,4,18
2113,4,18
2114,4,18
2115,4,18
2116,4,19
2117,4,19
2118,4,19
2119,4,19
2120,4,18
2121,4,18
2122,4,18
2123,4,18
2124,4,18
2125,4,18
2126,4,18
2127,4,18
2128,4,18
2129,4,18
2130,4,18
2131,4,16
2132,4,24
2133,4,24
2134,4,24
2135,4,24
2136,4,25
2137,4,25
2138,4,25
2139,4,25
2140,4,25
2141,4,17
2142,4,17
2143,4,17
2144,4,25
2145,4,25
2146,4,25
2147,4,25
2148,4,25
2149,4,25
2150,4,25
2151,4,25
2152,4,25
2153,4,25
2154,4,25
2155,4,27
2156,4,27
2157,4,27
2158,4,23
2159,4,18
2160,4,18
2161,4,18
2162,4,18
2163,4,18
2164,4,18
2165,4,18
2166,4,19
2167,4,18
2168,4,18
2169,4,19
2170,4,19
2171,4,18
2172,4,18
2173,4,18
2174,4,18
2175,4,18
2176,4,18
2177,4,21
2178,4,18
2179,4,18
2180,4,18
2181,4,18
2182,4,18
2183,4,16
2184,4,24
2185,4,24
2186,4,24
2187,4,25
2188,4,25
2189,4,25
2190,4,25
2191,4,25
2192,4,25
2193,4,17
2194,4,17
2195,4,17
2196,4,25
2197,4,25
2198,4,25
2199,4,25
2200,4,25
2201,4,25
2202,4,25
2203,4,25
2204,4,25
2205,4,25
2206,4,25
2207,4,23
2208,4,22
2209,4,27
2210,4,23
2211,4,21
2212,4,18
2213,4,18
2214,4,18
2215,4,18
2216,4,18
2217,4,18
2218,4,18
2219,4,18
2220,4,18
2221,4,18
2222,4,18
2223,4,18
2224,4,18
2225,4,18
2226,4,18
2227,4,18
2228,4,18
2229,4,21
2230,4,18
2231,4,18
2232,4,18
2233,4,18
2234,4,18
2235,4,16
2236,4,24
2237,4,24
2238,4,24
2239,4,24
2240,4,16
2241,4,24
2242,4,25
2243,4,24
2244,4,25
2245,4,17
2246,4,17
2247,4,25
2248,4,25
2249,4,25
2250,4,25
2251,4,25
2252,4,25
2253,4,25
2254,4,25
2255,4,25
2256,4,25
2257,4,25
2258,4,25
2259,4,25
2260,4,23
2261,4,27
2262,4,23
2263,4,19
2264,4,18
2265,4,18
2266,4,18
2267,4,18
2268,4,18
2269,4,18
2270,4,18
2271,4,18
2272,4,18
2273,4,18
2274,4,18
2275,4,18
2276,4,18
2277,4,18
2278,4,18
2279,4,18
2280,4,21
2281,4,18
2282,4,18
2283,4,18
2284,4,18
2285,4,16
2286,4,24
2287,4,16
2288,4,24
2289,4,24
2290,4,24
2291,4,24
2292,4,25
2293,4,25
2294,4,25
2295,4,25
2296,4,17
2297,4,17
2298,4,25
2299,4,25
2300,4,25
2301,4,25
2302,4,25
2303,4,25
2304,4,25
2305,4,25
2306,4,25
2307,4,25
2308,4,25
2309,4,25
2310,4,25
2311,4,23
2312,4,27
2313,4,23
2314,4,11
2315,4,18
2316,4,18
2317,4,18
2318,4,18
2319,4,18
2320,4,18
2321,4,18
2322,4,18
2323,4,18
2324,4,18
2325,4,18
2326,4,18
2327,4,18
2328,4,18
2329,4,18
2330,4,18
2331,4,18
2332,4,18
2333,4,18
2334,4,18
2335,4,18
2336,4,16
2337,4,16
2338,4,16
2339,4,16
2340,4,24
2341,4,24
2342,4,16
2343,4,17
2344,4,17
2345,4,17
2346,4,17
2347,4,17
2348,4,17
2349,4,17
2350,4,25
2351,4,25
2352,4,25
2353,4,25
2354,4,25
2355,4,17
2356,4,25
2357,4,25
2358,4,17
2359,4,25
2360,4,25
2361,4,25
2362,4,27
2363,4,27
2364,4,23
2365,4,20
2366,4,18
2367,4,18
2368,4,18
2369,4,18
2370,4,18
2371,4,18
2372,4,18
2373,4,18
2374,4,18
2375,4,18
2376,4,18
2377,4,18
2378,4,18
2379,4,18
2380,4,18
2381,4,18
2382,4,18
2383,4,18
2384,4,18
2385,4,18
2386,4,18
2387,4,16
2388,4,16
2389,4,16
2390,4,24
2391,4,24
2392,4,16
2393,4,17
2394,4,25
2395,4,17
2396,4,17
2397,4,25
2398,4,25
2399,4,17
2400,4,25
2401,4,25
2402,4,25
2403,4,25
2404,4,25
2405,4,25
2406,4,25
2407,4,17
2408,4,25
2409,4,25
2410,4,25
2411,4,25
2412,4,25
2413,4,10
2414,4,27
2415,4,23
2416,4,18
2417,4,18
2418,4,18
2419,4,18
2420,4,18
2421,4,18
2422,4,18
2423,4,18
2424,4,18
2425,4,18
2426,4,18
2427,4,18
2428,4,18
2429,4,18
2430,4,18
2431,4,18
2432,4,18
2433,4,18
2434,4,18
2435,4,18
2436,4,18
2437,4,16
2438,4,16
2439,4,16
2440,4,16
2441,4,24
2442,4,16
2443,4,17
2444,4,25
2445,4,17
2446,4,17
2447,4,17
2448,4,17
2449,4,17
2450,4,17
2451,4,17
2452,4,25
2453,4,25
2454,4,25
2455,4,25
2456,4,17
2457,4,25
2458,4,25
2459,4,25
2460,4,25
2461,4,25
2462,4,25
2463,4,23
2464,4,27
2465,4,27
2466,4,21
2467,4,18
2468,4,18
2469,4,18
2470,4,18
2471,4,18
2472,4,18
2473,4,18
2474,4,18
2475,4,18
2476,4,18
2477,4,18
2478,4,18
2479,4,18
2480,4,18
2481,4,18
2482,4,18
2483,4,18
2484,4,18
2485,4,18
2486,4,18
2487,4,16
2488,4,16
2489,4,16
2490,4,24
2491,4,25
2492,4,17
2493,4,17
2494,4,17
2495,4,17
2496,4,17
2497,4,17
2498,4,25
2499,4,17
2500,4,25
2501,4,17
2502,4,17
2503,4,25
2504,4,25
2505,4,25
2506,4,25
2507,4,25
2508,4,25
2509,4,25
2510,4,25
2511,4,17
2512,4,25
2513,4,27
2514,4,27
2515,4,23
2516,4,20
2517,4,18
2518,4,18
2519,4,18
2520,4,18
2521,4,18
2522,4,18
2523,4,18
2524,4,18
2525,4,18
2526,4,18
2527,4,18
2528,4,18
2529,4,18
2530,4,18
2531,4,18
2532,4,18
2533,4,18
2534,4,18
2535,4,18
2536,4,16
2537,4,16
2538,4,16
2539,4,16
2540,4,16
2541,4,25
2542,4,17
2543,4,17
2544,4,17
2545,4,17
2546,4,17
2547,4,17
2548,4,17
2549,4,17
2550,4,17
2551,4,17
2552,4,17
2553,4,25
2554,4,17
2555,4,25
2556,4,25
2557,4,25
2558,4,25
2559,4,25
2560,4,25
2561,4,25
2562,4,27
2563,4,23
2564,4,27
2565,4,27
2566,4,18
2567,4,18
2568,4,18
2569,4,18
2570,4,18
2571,4,18
2572,4,18
2573,4,18
2574,4,18
2575,4,18
2576,4,18
2577,4,18
2578,4,18
2579,4,18
2580,4,18
2581,4,18
2582,4,18
2583,4,18
2584,4,16
2585,4,18
2586,4,16
2587,4,16
2588,4,16
2589,4,16
2590,4,17
2591,4,17
2592,4,17
2593,4,17
2594,4,17
2595,4,17
2596,4,17
2597,4,17
2598,4,17
2599,4,17
2600,4,25
2601,4,17
2602,4,25
2603,4,25
2604,4,15
2605,4,7
2606,4,25
2607,4,25
2608,4,25
2609,4,25
2610,4,25
2611,4,25
2612,4,0
2613,4,0
2614,4,27
2615,4,21
2616,4,18
2617,4,18
2618,4,18
2619,4,18
2620,4,18
2621,4,18
2622,4,18
2623,4,18
2624,4,18
2625,4,18
2626,4,18
2627,4,18
2628,4,18
2629,4,18
2630,4,18
2631,4,18
2632,4,18
2633,4,16
2634,4,16
2635,4,16
2636,4,16
2637,4,24
2638,4,16
2639,4,17
2640,4,17
2641,4,17
2642,4,25
2643,4,17
2644,4,17
2645,4,17
2646,4,17
2647,4,17
2648,4,17
2649,4,17
2650,4,15
2651,4,17
2652,4,25
2653,4,17
2654,4,25
2655,4,25
2656,4,25
2657,4,25
2658,4,25
2659,4,25
2660,4,27
2661,4,10
2662,4,0
2663,4,27
2664,4,20
2665,4,18
2666,4,18
2667,4,18
2668,4,18
2669,4,18
2670,4,18
2671,4,16
2672,4,28
2673,4,26
2674,4,16
2675,4,16
2676,4,18
2677,4,18
2678,4,18
2679,4,18
2680,4,16
2681,4,16
2682,4,16
2683,4,16
2684,4,16
2685,4,16
2686,4,17
2687,4,17
2688,4,16
2689,4,17
2690,4,17
2691,4,17
2692,4,17
2693,4,17
2694,4,17
2695,4,17
2696,4,17
2697,4,17
2698,4,17
2699,4,17
2700,4,25
2701,4,25
2702,4,25
2703,4,25
2704,4,25
2705,4,25
2706,4,25
2707,4,25
2708,4,2
2709,4,0
2710,4,0
2711,4,0
2712,4,11
2713,4,27
2714,4,27
2715,4,27
2716,4,26
2717,4,26
2718,4,26
2719,4,26
2720,4,26
2721,4,16
2722,4,16
2723,4,16
2724,4,16
2725,4,18
2726,4,16
2727,4,16
2728,4,16
2729,4,16
2730,4,16
2731,4,16
2732,4,16
2733,4,17
2734,4,17
2735,4,17
2736,4,17
2737,4,25
2738,4,17
2739,4,17
2740,4,17
2741,4,17
2742,4,17
2743,4,17
2744,4,17
2745,4,17
2746,4,25
2747,4,25
2748,4,25
2749,4,14
2750,4,25
2751,4,25
2752,4,25
2753,4,25
2754,4,27
2755,4,0
2756,4,0
2757,4,0
2758,4,27
2759,4,10
2760,4,2
2761,4,27
2762,4,26
2763,4,26
2764,4,26
2765,4,26
2766,4,26
2767,4,26
2768,4,16
2769,4,16
2770,4,16
2771,4,16
2772,4,16
2773,4,16
2774,4,16
2775,4,16
2776,4,16
2777,4,16
2778,4,16
2779,4,17
2780,4,17
2781,4,17
2782,4,17
2783,4,17
2784,4,17
2785,4,17
2786,4,17
2787,4,17
2788,4,17
2789,4,17
2790,4,17
2791,4,17
2792,4,25
2793,4,25
2794,4,17
2795,4,25
2796,4,4
2797,4,4
2798,4,4
2799,4,25
2800,4,25
2801,4,0
2802,4,0
2803,4,0
2804,4,27
2805,4,10
2806,4,11
2807,4,27
2808,4,27
2809,4,2
2810,4,26
2811,4,26
2812,4,26
2813,4,26
2814,4,26
2815,4,26
2816,4,26
2817,4,26
2818,4,16
2819,4,16
2820,4,16
2821,4,17
2822,4,16
2823,4,16
2824,4,17
2825,4,16
2826,4,17
2827,4,17
2828,4,17
2829,4,17
2830,4,25
2831,4,17
2832,4,17
2833,4,17
2834,4,17
2835,4,17
2836,4,17
2837,4,17
2838,4,17
2839,4,17
2840,4,25
2841,4,17
2842,4,7
2843,4,4
2844,4,4
2845,4,4
2846,4,4
2847,4,25
2848,4,0
2849,4,1
2850,4,1
2851,4,0
2852,4,0
2853,4,0
2854,4,2
2855,4,2
2856,4,2
2857,4,26
2858,4,26
2859,4,26
2860,4,26
2861,4,26
2862,4,26
2863,4,26
2864,4,26
2865,4,26
2866,4,26
2867,4,16
2868,4,16
2869,4,16
2870,4,16
2871,4,16
2872,4,16
2873,4,17
2874,4,17
2875,4,17
2876,4,17
2877,4,17
2878,4,17
2879,4,17
2880,4,17
2881,4,17
2882,4,17
2883,4,17
2884,4,17
2885,4,17
2886,4,17
2887,4,25
2888,4,25
2889,4,25
2890,4,4
2891,4,4
2892,4,4
2893,4,4
2894,4,0
2895,4,25
2896,4,0
2897,4,0
2898,4,1
2899,4,0
2900,4,0
2901,4,10
2902,4,20
2903,4,11
2904,4,10
2905,4,3
2906,4,2
2907,4,11
2908,4,2
2909,4,2
2910,4,2
2911,4,20
2912,4,2
2913,4,27
2914,4,27
2915,4,26
2916,4,26
2917,4,26
2918,4,26
2919,4,26
2920,4,26
2921,4,26
2922,4,26
2923,4,26
2924,4,26
2925,4,27
2926,4,27
2927,4,16
2928,4,16
2929,4,17
2930,4,17
2931,4,17
2932,4,17
2933,4,17
2934,4,17
2935,4,17
2936,4,17
2937,4,17
2938,4,17
2939,4,17
2940,4,17
2941,4,17
2942,4,15
2943,4,14
2944,4,17
2945,4,7
2946,4,4
2947,4,4
2948,4,4
2949,4,4
2950,4,4
2951,4,4
2952,4,25
2953,4,0
2954,4,0
2955,4,0
2956,4,0
2957,4,0
2958,4,0
2959,4,10
2960,4,11
2961,4,2
2962,4,2
2963,4,2
2964,4,2
2965,4,2
2966,4,2
2967,4,2
2968,4,2
2969,4,2
2970,4,2
2971,4,2
2972,4,2
2973,4,20
2974,4,11
2975,4,7
2976,4,2
2977,4,2
2978,4,26
2979,4,26
2980,4,26
2981,4,26
2982,4,26
2983,4,26
2984,4,26
2985,4,26
2986,4,26
2987,4,27
2988,4,27
2989,4,23
2990,4,16
2991,4,16
2992,4,17
2993,4,17
2994,4,17
2995,4,17
2996,4,17
2997,4,17
2998,4,17
2999,4,17
3000,4,4
3001,4,4
3002,4,4
3003,4,4
3004,4,9
3005,4,15
3006,4,14
3007,4,4
3008,4,4
3009,4,4
3010,4,4
3011,4,4
3012,4,4
3013,4,4
3014,4,4
3015,4,25
3016,4,0
3017,4,0
3018,4,0
3019,4,0
3020,4,0
3021,4,0
3022,4,10
3023,4,20
3024,4,10
3025,4,2
3026,4,2
3027,4,2
3028,4,2
3029,4,2
3030,4,2
3031,4,2
3032,4,2
3033,4,2
3034,4,2
3035,4,2
3036,4,2
3037,4,2
3038,4,2
3039,4,10
3040,4,2
3041,4,11
3042,4,2
3043,4,2
3044,4,26
3045,4,26
3046,4,26
3047,4,26
3048,4,26
3049,4,26
3050,4,26
3051,4,26
3052,4,26
3053,4,26
3054,4,27
3055,4,2
3056,4,2
3057,4,16
3058,4,17
3059,4,17
3060,4,17
3061,4,17
3062,4,17
3063,4,17
3064,4,11
3065,4,11
3066,4,11
3067,4,10
3068,4,4
3069,4,4
3070,4,4
3071,4,4
3072,4,4
3073,4,4
3074,4,4
3075,4,4
3076,4,4
3077,4,4
3078,4,4
3079,4,4
3080,4,4
3081,4,4
3082,4,4
3083,4,0
3084,4,0
3085,4,0
3086,4,0
3087,4,0
3088,4,0
3089,4,11
3090,4,10
3091,4,2
3092,4,2
3093,4,2
3094,4,2
3095,4,2
3096,4,2
3097,4,2
3098,4,3
3099,4,3
3100,4,3
3101,4,3
3102,4,2
3103,4,27
3104,4,2
3105,4,2
3106,4,2
3107,4,2
3108,4,2
3109,4,10
3110,4,2
3111,4,27
3112,4,2
3113,4,26
3114,4,26
3115,4,26
3116,4,26
3117,4,26
3118,4,26
3119,4,26
3120,4,26
3121,4,27
3122,4,27
3123,4,2
3124,4,17
3125,4,17
3126,4,17
3127,4,17
3128,4,17
3129,4,17
3130,4,17
3131,4,15
3132,4,5
3133,4,4
3134,4,4
3135,4,4
3136,4,4
3137,4,4
3138,4,4
3139,4,4
3140,4,4
3141,4,4
3142,4,4
3143,4,4
3144,4,4
3145,4,4
3146,4,4
3147,4,4
3148,4,4
3149,4,4
3150,4,0
3151,4,0
3152,4,0
3153,4,0
3154,4,0
3155,4,0
3156,4,0
3157,4,11
3158,4,10
3159,4,2
3160,4,2
3161,4,2
3162,4,2
3163,4,2
3164,4,3
3165,4,3
3166,4,3
3167,4,3
3168,4,3
3169,4,3
3170,4,3
3171,4,3
3172,4,3
3173,4,3
3174,4,2
3175,4,2
3176,4,2
3177,4,2
3178,4,2
3179,4,11
3180,4,11
3181,4,2
3182,4,2
3183,4,26
3184,4,26
3185,4,26
3186,4,26
3187,4,26
3188,4,26
3189,4,26
3190,4,26
3191,4,2
3192,4,2
3193,4,24
3194,4,9
3195,4,17
3196,4,17
3197,4,17
3198,4,17
3199,4,17
3200,4,17
3201,4,5
3202,4,5
3203,4,5
3204,4,4
3205,4,4
3206,4,4
3207,4,4
3208,4,4
3209,4,4
3210,4,4
3211,4,4
3212,4,4
3213,4,4
3214,4,4
3215,4,4
3216,4,4
3217,4,4
3218,4,4
3219,4,7
3220,4,0
3221,4,0
3222,4,0
3223,4,0
3224,4,0
3225,4,10
3226,4,0
3227,4,11
3228,4,2
3229,4,2
3230,4,2
3231,4,2
3232,4,2
3233,4,3
3234,4,3
3235,4,3
3236,4,3
3237,4,3
3238,4,3
3239,4,3
3240,4,3
3241,4,3
3242,4,3
3243,4,3
3244,4,3
3245,4,3
3246,4,3
3247,4,2
3248,4,2
3249,4,2
3250,4,20
3251,4,10
3252,4,2
3253,4,2
3254,4,26
3255,4,3
3256,4,26
3257,4,26
3258,4,26
3259,4,26
3260,4,2
3261,4,2
3262,4,17
3263,4,17
3264,4,15
3265,4,17
3266,4,17
3267,4,17
3268,4,17
3269,4,5
3270,4,5
3271,4,5
3272,4,5
3273,4,5
3274,4,4
3275,4,4
3276,4,4
3277,4,4
3278,4,4
3279,4,4
3280,4,4
3281,4,4
3282,4,4
3283,4,4
3284,4,4
3285,4,4
3286,4,4
3287,4,4
3288,4,4
3289,4,0
3290,4,0
3291,4,0
3292,4,0
3293,4,0
3294,4,0
3295,4,0
3296,4,10
3297,4,20
3298,4,2
3299,4,2
3300,4,2
3301,4,2
3302,4,3
3303,4,3
3304,4,3
3305,4,3
3306,4,3
3307,4,3
3308,4,3
3309,4,3
3310,4,3
3311,4,3
3312,4,3
3313,4,3
3314,4,3
3315,4,3
3316,4,3
3317,4,3
3318,4,3
3319,4,3
3320,4,2
3321,4,2
3322,4,11
3323,4,2
3324,4,2
3325,4,2
3326,4,27
3327,4,26
3328,4,26
3329,4,26
3330,4,2
3331,4,2
3332,4,7
3333,4,17
3334,4,15
3335,4,10
3336,4,17
3337,4,17
3338,4,15
3339,4,15
3340,4,5
3341,4,4
3342,4,5
3343,4,4
3344,4,4
3345,4,4
3346,4,4
3347,4,4
3348,4,4
3349,4,4
3350,4,4
3351,4,4
3352,4,4
3353,4,4
3354,4,4
3355,4,4
3356,4,4
3357,4,4
3358,4,4
3359,4,7
3360,4,0
3361,4,0
3362,4,0
3363,4,0
3364,4,0
3365,4,0
3366,4,0
3367,4,11
3368,4,2
3369,4,2
3370,4,2
3371,4,2
3372,4,3
3373,4,3
3374,4,3
3375,4,3
3376,4,3
3377,4,3
3378,4,3
3379,4,3
3380,4,3
3381,4,3
3382,4,3
3383,4,3
3384,4,3
3385,4,3
3386,4,3
3387,4,3
3388,4,3
3389,4,3
3390,4,3
3391,4,7
3392,4,2
3393,4,2
3394,4,11
3395,4,10
3396,4,2
3397,4,2
3398,4,2
3399,4,2
3400,4,2
3401,4,2
3402,4,2
3403,4,2
3404,4,15
3405,4,15
3406,4,17
3407,4,15
3408,4,17
3409,4,14
3410,4,5
3411,4,5
3412,4,5
3413,4,4
3414,4,5
3415,4,4
3416,4,4
3417,4,4
3418,4,4
3419,4,4
3420,4,4
3421,4,4
3422,4,4
3423,4,4
3424,4,4
3425,4,4
3426,4,4
3427,4,4
3428,4,4
3429,4,4
3430,4,4
3431,4,0
3432,4,0
3433,4,0
3434,4,0
3435,4,0
3436,4,0
3437,4,0
3438,4,11
3439,4,11
3440,4,2
3441,4,2
3442,4,2
3443,4,2
3444,4,3
3445,4,3
3446,4,3
3447,4,3
3448,4,3
3449,4,3
3450,4,7
3451,4,3
3452,4,3
3453,4,7
3454,4,3
3455,4,3
3456,4,3
3457,4,3
3458,4,3
3459,4,3
3460,4,3
3461,4,3
3462,4,3
3463,4,3
3464,4,7
3465,4,2
3466,4,2
3467,4,10
3468,4,22
3469,4,2
3470,4,2
3471,4,2
3472,4,2
3473,4,7
3474,4,2
3475,4,15
3476,4,17
3477,4,15
3478,4,14
3479,4,14
3480,4,9
3481,4,5
3482,4,5
3483,4,5
3484,4,5
3485,4,5
3486,4,5
3487,4,4
3488,4,4
3489,4,4
3490,4,4
3491,4,4
3492,4,4
3493,4,4
3494,4,4
3495,4,4
3496,4,4
3497,4,4
3498,4,4
3499,4,4
3500,4,4
3501,4,4
3502,4,4
3503,4,0
3504,4,4
3505,4,0
3506,4,0
3507,4,0
3508,4,0
3509,4,0
3510,4,0
3511,4,20
3512,4,2
3513,4,2
3514,4,2
3515,4,2
3516,4,3
3517,4,3
3518,4,3
3519,4,3
3520,4,3
3521,4,3
3522,4,3
3523,4,3
3524,4,3
3525,4,3
3526,4,3
3527,4,3
3528,4,7
3529,4,3
3530,4,3
3531,4,3
3532,4,3
3533,4,3
3534,4,6
3535,4,7
3536,4,3
3537,4,7
3538,4,3
3539,4,7
3540,4,2
3541,4,2
3542,4,10
3543,4,10
3544,4,10
3545,4,2
3546,4,2
3547,4,2
3548,4,7
3549,4,23
3550,4,15
3551,4,15
3552,4,15
3553,4,2
3554,4,17
3555,4,17
3556,4,9
3557,4,5
3558,4,5
3559,4,5
3560,4,5
3561,4,4
3562,4,4
3563,4,4
3564,4,4
3565,4,4
3566,4,4
3567,4,4
3568,4,4
3569,4,4
3570,4,4
3571,4,4
3572,4,4
3573,4,4
3574,4,4
3575,4,4
3576,4,4
3577,4,4
3578,4,4
3579,4,4
3580,4,4
3581,4,4
3582,4,4
3583,4,4
3584,4,4
3585,4,0
3586,4,0
3587,4,11
3588,4,2
3589,4,2
3590,4,2
3591,4,2
3592,4,3
3593,4,3
3594,4,3
3595,4,3
3596,4,3
3597,4,3
3598,4,3
3599,4,6
3600,4,6
3601,4,3
3602,4,6
3603,4,3
3604,4,3
3605,4,7
3606,4,7
3607,4,3
3608,4,3
3609,4,7
3610,4,3
3611,4,26
3612,4,7
3613,4,15
3614,4,7
3615,4,7
3616,4,7
3617,4,7
3618,4,2
3619,4,2
3620,4,2
3621,4,2
3622,4,2
3623,4,2
3624,4,2
3625,4,15
3626,4,15
3627,4,15
3628,4,15
3629,4,14
3630,4,14
3631,4,5
3632,4,9
3633,4,5
3634,4,5
3635,4,5
3636,4,5
3637,4,4
3638,4,4
3639,4,4
3640,4,4
3641,4,4
3642,4,4
3643,4,4
3644,4,4
3645,4,4
3646,4,4
3647,4,4
3648,4,4
3649,4,4
3650,4,4
3651,4,4
3652,4,4
3653,4,4
3654,4,4
3655,4,4
3656,4,4
3657,4,4
3658,4,4
3659,4,4
3660,4,10
3661,4,0
3662,4,10
3663,4,10
3664,4,2
3665,4,2
3666,4,2
3667,4,3
3668,4,3
3669,4,3
3670,4,3
3671,4,6
3672,4,6
3673,4,6
3674,4,6
3675,4,3
3676,4,6
3677,4,0
3678,4,6
3679,4,6
3680,4,3
3681,4,7
3682,4,14
3683,4,7
3684,4,3
3685,4,6
3686,4,6
3687,4,6
3688,4,7
3689,4,7
3690,4,7
3691,4,7
3692,4,7
3693,4,7
3694,4,25
3695,4,16
3696,4,7
3697,4,2
3698,4,2
3699,4,10
3700,4,15
3701,4,15
3702,4,15
3703,4,14
3704,4,15
3705,4,25
3706,4,5
3707,4,5
3708,4,5
3709,4,5
3710,4,4
3711,4,5
3712,4,5
3713,4,4
3714,4,4
3715,4,6
3716,4,4
3717,4,4
3718,4,4
3719,4,4
3720,4,4
3721,4,4
3722,4,4
3723,4,4
3724,4,4
3725,4,4
3726,4,4
3727,4,4
3728,4,4
3729,4,4
3730,4,4
3731,4,4
3732,4,0
3733,4,4
3734,4,4
3735,4,4
3736,4,0
3737,4,0
3738,4,2
3739,4,2
3740,4,2
3741,4,2
3742,4,3
3743,4,6
3744,4,6
3745,4,6
3746,4,6
3747,4,6
3748,4,6
3749,4,6
3750,4,6
3751,4,6
3752,4,6
3753,4,6
3754,4,6
3755,4,6
3756,4,7
3757,4,14
3758,4,7
3759,4,3
3760,4,6
3761,4,6
3762,4,6
3763,4,3
3764,4,7
3765,4,7
3766,4,14
3767,4,7
3768,4,14
3769,4,7
3770,4,2
3771,4,15
3772,4,15
3773,4,15
3774,4,15
3775,4,15
3776,4,15
3777,4,15
3778,4,15
3779,4,17
3780,4,14
3781,4,5
3782,4,5
3783,4,4
3784,4,5
3785,4,5
3786,4,5
3787,4,5
3788,4,4
3789,4,4
3790,4,4
3791,4,4
3792,4,5
3793,4,4
3794,4,4
3795,4,4
3796,4,4
3797,4,4
3798,4,4
3799,4,4
3800,4,4
3801,4,4
3802,4,4
3803,4,4
3804,4,4
3805,4,4
3806,4,4
3807,4,4
3808,4,4
3809,4,0
3810,4,0
3811,4,0
3812,4,11
3813,4,11
3814,4,2
3815,4,2
3816,4,2
3817,4,3
3818,4,6
3819,4,6
3820,4,6
3821,4,6
3822,4,6
3823,4,6
3824,4,6
3825,4,6
3826,4,6
3827,4,0
3828,4,6
3829,4,6
3830,4,6
3831,4,6
3832,4,7
3833,4,7
3834,4,7
3835,4,3
3836,4,7
3837,4,6
3838,4,6
3839,4,7
3840,4,7
3841,4,7
3842,4,7
3843,4,14
3844,4,15
3845,4,15
3846,4,15
3847,4,15
3848,4,15
3849,4,15
3850,4,15
3851,4,15
3852,4,15
3853,4,15
3854,4,15
3855,4,17
3856,4,5
3857,4,5
3858,4,5
3859,4,5
3860,4,5
3861,4,5
3862,4,5
3863,4,4
3864,4,4
3865,4,4
3866,4,6
3867,4,4
3868,4,4
3869,4,4
3870,4,4
3871,4,4
3872,4,4
3873,4,4
3874,4,4
3875,4,4
3876,4,4
3877,4,4
3878,4,4
3879,4,4
3880,4,4
3881,4,4
3882,4,4
3883,4,0
3884,4,4
3885,4,0
3886,4,0
3887,4,10
3888,4,10
3889,4,2
3890,4,2
3891,4,2
3892,4,3
3893,4,6
3894,4,6
3895,4,6
3896,4,6
3897,4,6
3898,4,6
3899,4,6
3900,4,6
3901,4,6
3902,4,6
3903,4,6
3904,4,6
3905,4,6
3906,4,6
3907,4,6
3908,4,7
3909,4,7
3910,4,6
3911,4,6
3912,4,6
3913,4,6
3914,4,26
3915,4,7
3916,4,14
3917,4,14
3918,4,19
3919,4,14
3920,4,15
3921,4,15
3922,4,15
3923,4,15
3924,4,2
3925,4,15
3926,4,15
3927,4,15
3928,4,15
3929,4,15
3930,4,15
3931,4,5
3932,4,5
3933,4,5
3934,4,5
3935,4,5
3936,4,5
3937,4,5
3938,4,5
3939,4,5
3940,4,4
3941,4,4
3942,4,4
3943,4,4
3944,4,4
3945,4,4
3946,4,4
3947,4,4
3948,4,4
3949,4,4
3950,4,4
3951,4,4
3952,4,4
3953,4,4
3954,4,4
3955,4,4
3956,4,4
3957,4,4
3958,4,4
3959,4,4
3960,4,4
3961,4,10
3962,4,2
3963,4,2
3964,4,2
3965,4,3
3966,4,6
3967,4,6
3968,4,6
3969,4,6
3970,4,6
3971,4,6
3972,4,6
3973,4,6
3974,4,6
3975,4,6
3976,4,6
3977,4,3
3978,4,6
3979,4,3
3980,4,3
3981,4,6
3982,4,6
3983,4,6
3984,4,6
3985,4,6
3986,4,6
3987,4,6
3988,4,7
3989,4,7
3990,4,14
3991,4,19
3992,4,19
3993,4,15
3994,4,15
3995,4,15
3996,4,15
3997,4,15
3998,4,15
3999,4,15
4000,4,15
4001,4,15
4002,4,14
4003,4,15
4004,4,5
4005,4,5
4006,4,5
4007,4,5
4008,4,9
4009,4,5
4010,4,5
4011,4,5
4012,4,12
4013,4,4
4014,4,4
4015,4,4
4016,4,4
4017,4,4
4018,4,4
4019,4,4
4020,4,4
4021,4,4
4022,4,4
4023,4,4
4024,4,4
4025,4,4
4026,4,4
4027,4,4
4028,4,4
4029,4,4
4030,4,4
4031,4,4
4032,4,0
4033,4,1
4034,4,10
4035,4,11
4036,4,10
4037,4,2
4038,4,2
4039,4,3
4040,4,6
4041,4,6
4042,4,6
4043,4,6
4044,4,6
4045,4,6
4046,4,6
4047,4,6
4048,4,6
4049,4,6
4050,4,6
4051,4,0
4052,4,6
4053,4,6
4054,4,6
4055,4,6
4056,4,6
4057,4,6
4058,4,6
4059,4,3
4060,4,6
4061,4,7
4062,4,14
4063,4,7
4064,4,14
4065,4,23
4066,4,15
4067,4,15
4068,4,15
4069,4,15
4070,4,15
4071,4,15
4072,4,15
4073,4,15
4074,4,15
4075,4,15
4076,4,15
4077,4,15
4078,4,9
4079,4,8
4080,4,4
4081,4,4
4082,4,11
4083,4,0
4084,4,9
4085,4,9
4086,4,5
4087,4,5
4088,4,4
4089,4,4
4090,4,4
4091,4,4
4092,4,4
4093,4,4
4094,4,4
4095,4,4
4096,4,4
4097,4,4
4098,4,4
4099,4,4
4100,4,4
4101,4,4
4102,4,14
4103,4,4
4104,4,9
4105,4,10
4106,4,10
4107,4,11
4108,4,11
4109,4,10
4110,4,2
4111,4,3
4112,4,6
4113,4,6
4114,4,6
4115,4,6
4116,4,0
4117,4,8
4118,4,10
4119,4,0
4120,4,0
4121,4,0
4122,4,6
4123,4,11
4124,4,11
4125,4,0
4126,4,0
4127,4,0
4128,4,0
4129,4,0
4130,4,0
4131,4,6
4132,4,7
4133,4,14
4134,4,14
4135,4,14
4136,4,14
4137,4,14
4138,4,19
4139,4,15
4140,4,15
4141,4,15
4142,4,15
4143,4,15
4144,4,15
4145,4,15
4146,4,15
4147,4,15
4148,4,14
4149,4,13
4150,4,5
4151,4,5
4152,4,5
4153,4,5
4154,4,9
4155,4,5
4156,4,5
4157,4,5
4158,4,5
4159,4,5
4160,4,5
4161,4,4
4162,4,4
4163,4,5
4164,4,4
4165,4,4
4166,4,4
4167,4,4
4168,4,4
4169,4,4
4170,4,4
4171,4,4
4172,4,4
4173,4,4
4174,4,4
4175,4,4
4176,4,4
4177,4,0
4178,4,10
4179,4,2
4180,4,2
4181,4,2
4182,4,3
4183,4,6
4184,4,6
4185,4,6
4186,4,6
4187,4,6
4188,4,3
4189,4,1
4190,4,2
4191,4,3
4192,4,6
4193,4,6
4194,4,0
4195,4,0
4196,4,6
4197,4,6
4198,4,6
4199,4,6
4200,4,6
4201,4,6
4202,4,7
4203,4,7
4204,4,15
4205,4,7
4206,4,7
4207,4,19
4208,4,15
4209,4,19
4210,4,15
4211,4,15
4212,4,15
4213,4,15
4214,4,15
4215,4,15
4216,4,14
4217,4,14
4218,4,15
4219,4,14
4220,4,5
4221,4,5
4222,4,5
4223,4,5
4224,4,5
4225,4,9
4226,4,5
4227,4,5
4228,4,5
4229,4,5
4230,4,5
4231,4,5
4232,4,5
4233,4,5
4234,4,5
4235,4,4
4236,4,5
4237,4,4
4238,4,4
4239,4,4
4240,4,4
4241,4,4
4242,4,4
4243,4,4
4244,4,5
4245,4,4
4246,4,12
4247,4,9
4248,4,8
4249,4,10
4250,4,2
4251,4,2
4252,4,2
4253,4,6
4254,4,6
4255,4,6
4256,4,6
4257,4,0
4258,4,3
4259,4,2
4260,4,6
4261,4,6
4262,4,7
4263,4,6
4264,4,0
4265,4,6
4266,4,6
4267,4,3
4268,4,6
4269,4,6
4270,4,6
4271,4,6
4272,4,7
4273,4,15
4274,4,7
4275,4,2
4276,4,14
4277,4,14
4278,4,14
4279,4,15
4280,4,15
4281,4,15
4282,4,15
4283,4,15
4284,4,15
4285,4,15
4286,4,15
4287,4,14
4288,4,14
4289,4,5
4290,4,5
4291,4,5
4292,4,5
4293,4,5
4294,4,5
4295,4,9
4296,4,5
4297,4,5
4298,4,5
4299,4,5
4300,4,5
4301,4,5
4302,4,5
4303,4,5
4304,4,5
4305,4,5
4306,4,5
4307,4,5
4308,4,5
4309,4,5
4310,4,5
4311,4,4
4312,4,4
4313,4,4
4314,4,5
4315,4,9
4316,4,0
4317,4,11
4318,4,10
4319,4,2
4320,4,2
4321,4,2
4322,4,3
4323,4,6
4324,4,6
4325,4,6
4326,4,6
4327,4,2
4328,4,3
4329,4,6
4330,4,6
4331,4,6
4332,4,6
4333,4,6
4334,4,6
4335,4,7
4336,4,7
4337,4,7
4338,4,6
4339,4,6
4340,4,7
4341,4,7
4342,4,14
4343,4,7
4344,4,7
4345,4,14
4346,4,14
4347,4,15
4348,4,15
4349,4,15
4350,4,15
4351,4,15
4352,4,15
4353,4,15
4354,4,14
4355,4,15
4356,4,14
4357,4,14
4358,4,5
4359,4,5
4360,4,5
4361,4,12
4362,4,5
4363,4,5
4364,4,9
4365,4,5
4366,4,5
4367,4,5
4368,4,12
4369,4,12
4370,4,9
4371,4,12
4372,4,12
4373,4,12
4374,4,12
4375,4,8
4376,4,5
4377,4,5
4378,4,5
4379,4,5
4380,4,5
4381,4,5
4382,4,5
4383,4,0
4384,4,0
4385,4,11
4386,4,10
4387,4,2
4388,4,2
4389,4,2
4390,4,3
4391,4,6
4392,4,6
4393,4,6
4394,4,6
4395,4,6
4396,4,6
4397,4,6
4398,4,6
4399,4,6
4400,4,6
4401,4,0
4402,4,7
4403,4,7
4404,4,7
4405,4,7
4406,4,7
4407,4,7
4408,4,7
4409,4,14
4410,4,7
4411,4,7
4412,4,7
4413,4,14
4414,4,15
4415,4,15
4416,4,15
4417,4,12
4418,4,15
4419,4,15
4420,4,15
4421,4,15
4422,4,15
4423,4,14
4424,4,14
4425,4,5
4426,4,5
4427,4,5
4428,4,5
4429,4,5
4430,4,5
4431,4,5
4432,4,8
4433,4,5
4434,4,5
4435,4,5
4436,4,12
4437,4,8
4438,4,8
4439,4,9
4440,4,8
4441,4,8
4442,4,9
4443,4,9
4444,4,9
4445,4,12
4446,4,12
4447,4,5
4448,4,12
4449,4,4
4450,4,0
4451,4,0
4452,4,11
4453,4,11
4454,4,2
4455,4,2
4456,4,2
4457,4,10
4458,4,6
4459,4,6
4460,4,6
4461,4,6
4462,4,6
4463,4,6
4464,4,6
4465,4,6
4466,4,6
4467,4,6
4468,4,6
4469,4,3
4470,4,7
4471,4,7
4472,4,7
4473,4,7
4474,4,7
4475,4,7
4476,4,14
4477,4,7
4478,4,7
4479,4,14
4480,4,14
4481,4,15
4482,4,15
4483,4,15
4484,4,15
4485,4,15
4486,4,15
4487,4,15
4488,4,14
4489,4,14
4490,4,14
4491,4,5
4492,4,5
4493,4,5
4494,4,5
4495,4,5
4496,4,5
4497,4,13
4498,4,12
4499,4,8
4500,4,8
4501,4,13
4502,4,9
4503,4,8
4504,4,8
4505,4,8
4506,4,8
4507,4,8
4508,4,9
4509,4,9
4510,4,8
4511,4,9
4512,4,12
4513,4,12
4514,4,5
4515,4,9
4516,4,10
4517,4,10
4518,4,20
4519,4,10
4520,4,2
4521,4,2
4522,4,2
4523,4,3
4524,4,6
4525,4,6
4526,4,6
4527,4,6
4528,4,6
4529,4,6
4530,4,6
4531,4,6
4532,4,3
4533,4,3
4534,4,7
4535,4,7
4536,4,7
4537,4,7
4538,4,7
4539,4,7
4540,4,7
4541,4,7
4542,4,7
4543,4,14
4544,4,14
4545,4,14
4546,4,15
4547,4,12
4548,4,15
4549,4,15
4550,4,15
4551,4,15
4552,4,15
4553,4,14
4554,4,14
4555,4,14
4556,4,5
4557,4,5
4558,4,5
4559,4,5
4560,4,5
4561,4,5
4562,4,5
4563,4,12
4564,4,9
4565,4,8
4566,4,9
4567,4,9
4568,4,9
4569,4,9
4570,4,8
4571,4,8
4572,4,8
4573,4,8
4574,4,8
4575,4,9
4576,4,8
4577,4,9
4578,4,9
4579,4,9
4580,4,9
4581,4,11
4582,4,11
4583,4,2
4584,4,2
4585,4,2
4586,4,2
4587,4,3
4588,4,6
4589,4,6
4590,4,6
4591,4,6
4592,4,6
4593,4,6
4594,4,3
4595,4,7
4596,4,3
4597,4,7
4598,4,7
4599,4,7
4600,4,7
4601,4,7
4602,4,14
4603,4,7
4604,4,7
4605,4,7
4606,4,7
4607,4,14
4608,4,7
4609,4,14
4610,4,14
4611,4,14
4612,4,15
4613,4,15
4614,4,15
4615,4,15
4616,4,14
4617,4,15
4618,4,14
4619,4,5
4620,4,5
4621,4,5
4622,4,5
4623,4,5
4624,4,13
4625,4,12
4626,4,8
4627,4,8
4628,4,8
4629,4,8
4630,4,12
4631,4,8
4632,4,8
4633,4,8
4634,4,9
4635,4,9
4636,4,8
4637,4,9
4638,4,9
4639,4,9
4640,4,9
4641,4,10
4642,4,9
4643,4,11
4644,4,10
4645,4,2
4646,4,2
4647,4,2
4648,4,3
4649,4,3
4650,4,3
4651,4,6
4652,4,6
4653,4,3
4654,4,3
4655,4,3
4656,4,7
4657,4,7
4658,4,7
4659,4,7
4660,4,7
4661,4,7
4662,4,7
4663,4,7
4664,4,14
4665,4,14
4666,4,14
4667,4,7
4668,4,7
4669,4,7
4670,4,7
4671,4,15
4672,4,14
4673,4,15
4674,4,15
4675,4,14
4676,4,15
4677,4,14
4678,4,14
4679,4,13
4680,4,5
4681,4,5
4682,4,5
4683,4,5
4684,4,5
4685,4,5
4686,4,12
4687,4,8
4688,4,9
4689,4,12
4690,4,8
4691,4,8
4692,4,12
4693,4,8
4694,4,9
4695,4,8
4696,4,9
4697,4,9
4698,4,9
4699,4,9
4700,4,9
4701,4,10
4702,4,10
4703,4,11
4704,4,10
4705,4,2
4706,4,1
4707,4,2
4708,4,2
4709,4,2
4710,4,3
4711,4,3
4712,4,3
4713,4,3
4714,4,3
4715,4,7
4716,4,7
4717,4,7
4718,4,7
4719,4,7
4720,4,7
4721,4,7
4722,4,7
4723,4,7
4724,4,7
4725,4,7
4726,4,7
4727,4,3
4728,4,7
4729,4,7
4730,4,6
4731,4,15
4732,4,14
4733,4,15
4734,4,12
4735,4,14
4736,4,15
4737,4,14
4738,4,13
4739,4,5
4740,4,5
4741,4,5
4742,4,13
4743,4,5
4744,4,13
4745,4,12
4746,4,12
4747,4,9
4748,4,9
4749,4,8
4750,4,8
4751,4,8
4752,4,12
4753,4,12
4754,4,9
4755,4,9
4756,4,9
4757,4,10
4758,4,9
4759,4,9
4760,4,10
4761,4,11
4762,4,10
4763,4,2
4764,4,2
4765,4,2
4766,4,2
4767,4,3
4768,4,3
4769,4,3
4770,4,6
4771,4,6
4772,4,6
4773,4,6
4774,4,6
4775,4,6
4776,4,6
4777,4,7
4778,4,7
4779,4,14
4780,4,7
4781,4,7
4782,4,6
4783,4,7
4784,4,7
4785,4,6
4786,4,7
4787,4,7
4788,4,15
4789,4,15
4790,4,15
4791,4,15
4792,4,15
4793,4,14
4794,4,15
4795,4,13
4796,4,13
4797,4,5
4798,4,5
4799,4,13
4800,4,13
4801,4,13
4802,4,12
4803,4,12
4804,4,8
4805,4,9
4806,4,8
4807,4,8
4808,4,8
4809,4,12
4810,4,12
4811,4,9
4812,4,9
4813,4,9
4814,4,9
4815,4,10
4816,4,10
4817,4,11
4818,4,20
4819,4,10
4820,4,2
4821,4,2
4822,4,2
4823,4,3
4824,4,7
4825,4,6
4826,4,6
4827,4,6
4828,4,6
4829,4,6
4830,4,6
4831,4,6
4832,4,6
4833,4,7
4834,4,7
4835,4,7
4836,4,7
4837,4,7
4838,4,7
4839,4,14
4840,4,6
4841,4,6
4842,4,13
4843,4,14
4844,4,15
4845,4,15
4846,4,15
4847,4,15
4848,4,12
4849,4,14
4850,4,14
4851,4,13
4852,4,5
4853,4,5
4854,4,8
4855,4,5
4856,4,5
4857,4,12
4858,4,8
4859,4,9
4860,4,8
4861,4,8
4862,4,8
4863,4,8
4864,4,9
4865,4,12
4866,4,12
4867,4,12
4868,4,9
4869,4,9
4870,4,9
4871,4,10
4872,4,11
4873,4,11
4874,4,19
4875,4,2
4876,4,10
4877,4,2
4878,4,7
4879,4,6
4880,4,6
4881,4,6
4882,4,6
4883,4,6
4884,4,6
4885,4,6
4886,4,7
4887,4,7
4888,4,7
4889,4,7
4890,4,7
4891,4,7
4892,4,14
4893,4,14
4894,4,14
4895,4,14
4896,4,13
4897,4,14
4898,4,15
4899,4,15
4900,4,15
4901,4,15
4902,4,15
4903,4,14
4904,4,13
4905,4,5
4906,4,6
4907,4,5
4908,4,5
4909,4,13
4910,4,13
4911,4,12
4912,4,8
4913,4,8
4914,4,8
4915,4,10
4916,4,8
4917,4,8
4918,4,9
4919,4,9
4920,4,12
4921,4,12
4922,4,9
4923,4,9
4924,4,10
4925,4,11
4926,4,2
4927,4,2
4928,4,2
4929,4,2
4930,4,7
4931,4,6
4932,4,6
4933,4,6
4934,4,6
4935,4,6
4936,4,6
4937,4,6
4938,4,6
4939,4,14
4940,4,7
4941,4,7
4942,4,7
4943,4,7
4944,4,14
4945,4,7
4946,4,14
4947,4,14
4948,4,14
4949,4,14
4950,4,15
4951,4,15
4952,4,15
4953,4,15
4954,4,14
4955,4,13
4956,4,13
4957,4,5
4958,4,5
4959,4,13
4960,4,13
4961,4,13
4962,4,13
4963,4,12
4964,4,9
4965,4,9
4966,4,8
4967,4,9
4968,4,9
4969,4,9
4970,4,12
4971,4,12
4972,4,12
4973,4,9
4974,4,9
4975,4,10
4976,4,11
4977,4,10
4978,4,0
4979,4,2
4980,4,2
4981,4,7
4982,4,6
4983,4,6
4984,4,6
4985,4,6
4986,4,6
4987,4,6
4988,4,6
4989,4,6
4990,4,14
4991,4,7
4992,4,14
4993,4,7
4994,4,7
4995,4,14
4996,4,14
4997,4,14
4998,4,14
4999,4,15
5000,4,12
5001,4,14
5002,4,15
5003,4,15
5004,4,14
5005,4,13
5006,4,13
5007,4,6
5008,4,5
5009,4,13
5010,4,5
5011,4,5
5012,4,13
5013,4,12
5014,4,12
5015,4,8
5016,4,8
5017,4,8
5018,4,9
5019,4,8
5020,4,9
5021,4,9
5022,4,12
5023,4,9
5024,4,9
5025,4,10
5026,4,10
5027,4,20
5028,4,20
5029,4,2
5030,4,2
5031,4,2
5032,4,3
5033,4,6
5034,4,6
5035,4,6
5036,4,6
5037,4,6
5038,4,6
5039,4,6
5040,4,6
5041,4,6
5042,4,6
5043,4,14
5044,4,14
5045,4,14
5046,4,14
5047,4,14
5048,4,14
5049,4,14
5050,4,15
5051,4,14
5052,4,14
5053,4,14
5054,4,13
5055,4,13
5056,4,13
5057,4,13
5058,4,5
5059,4,13
5060,4,13
5061,4,13
5062,4,13
5063,4,12
5064,4,8
5065,4,8
5066,4,8
5067,4,8
5068,4,8
5069,4,8
5070,4,8
5071,4,9
5072,4,8
5073,4,12
5074,4,12
5075,4,9
5076,4,10
5077,4,11
5078,4,10
5079,4,2
5080,4,2
5081,4,2
5082,4,6
5083,4,6
5084,4,6
5085,4,6
5086,4,6
5087,4,6
5088,4,6
5089,4,6
5090,4,6
5091,4,6
5092,4,6
5093,4,14
5094,4,14
5095,4,15
5096,4,15
5097,4,14
5098,4,15
5099,4,14
5100,4,15
5101,4,14
5102,4,14
5103,4,13
5104,4,13
5105,4,13
5106,4,5
5107,4,5
5108,4,13
5109,4,13
5110,4,13
5111,4,12
5112,4,12
5113,4,12
5114,4,12
5115,4,12
5116,4,8
5117,4,12
5118,4,12
5119,4,12
5120,4,12
5121,4,12
5122,4,12
5123,4,12
5124,4,12
5125,4,10
5126,4,1
5127,4,2
5128,4,2
5129,4,3
5130,4,6
5131,4,6
5132,4,6
5133,4,6
5134,4,6
5135,4,6
5136,4,6
5137,4,13
5138,4,6
5139,4,6
5140,4,7
5141,4,14
5142,4,14
5143,4,14
5144,4,14
5145,4,14
5146,4,15
5147,4,14
5148,4,14
5149,4,13
5150,4,13
5151,4,13
5152,4,13
5153,4,13
5154,4,13
5155,4,13
5156,4,13
5157,4,13
5158,4,12
5159,4,8
5160,4,8
5161,4,8
5162,4,12
5163,4,9
5164,4,9
5165,4,9
5166,4,12
5167,4,12
5168,4,12
5169,4,12
5170,4,12
5171,4,12
5172,4,10
5173,4,11
5174,4,11
5175,4,1
5176,4,1
5177,4,1
5178,4,6
5179,4,6
5180,4,6
5181,4,6
5182,4,6
5183,4,6
5184,4,6
5185,4,6
5186,4,6
5187,4,6
5188,4,6
5189,4,14
5190,4,14
5191,4,14
5192,4,7
5193,4,14
5194,4,14
5195,4,14
5196,4,14
5197,4,13
5198,4,13
5199,4,13
5200,4,13
5201,4,13
5202,4,13
5203,4,13
5204,4,13
5205,4,13
5206,4,8
5207,4,12
5208,4,8
5209,4,12
5210,4,12
5211,4,9
5212,4,12
5213,4,9
5214,4,12
5215,4,8
5216,4,12
5217,4,12
5218,4,12
5219,4,12
5220,4,9
5221,4,11
5222,4,10
5223,4,2
5224,4,2
5225,4,6
5226,4,6
5227,4,6
5228,4,6
5229,4,6
5230,4,6
5231,4,6
5232,4,6
5233,4,6
5234,4,6
5235,4,6
5236,4,14
5237,4,7
5238,4,17
5239,4,14
5240,4,14
5241,4,14
5242,4,14
5243,4,14
5244,4,13
5245,4,13
5246,4,13
5247,4,13
5248,4,13
5249,4,13
5250,4,13
5251,4,12
5252,4,12
5253,4,12
5254,4,12
5255,4,8
5256,4,12
5257,4,12
5258,4,12
5259,4,12
5260,4,12
5261,4,12
5262,4,12
5263,4,12
5264,4,13
5265,4,12
5266,4,12
5267,4,12
5268,4,9
5269,4,20
5270,4,2
5271,4,1
5272,4,6
5273,4,6
5274,4,6
5275,4,6
5276,4,6
5277,4,6
5278,4,6
5279,4,6
5280,4,6
5281,4,6
5282,4,6
5283,4,13
5284,4,6
5285,4,7
5286,4,7
5287,4,7
5288,4,14
5289,4,7
5290,4,14
5291,4,13
5292,4,13
5293,4,13
5294,4,13
5295,4,13
5296,4,13
5297,4,12
5298,4,12
5299,4,8
5300,4,12
5301,4,8
5302,4,12
5303,4,12
5304,4,12
5305,4,12
5306,4,12
5307,4,9
5308,4,12
5309,4,12
5310,4,12
5311,4,13
5312,4,12
5313,4,12
5314,4,12
5315,4,9
5316,4,2
5317,4,1
5318,4,1
5319,4,6
5320,4,6
5321,4,6
5322,4,6
5323,4,6
5324,4,6
5325,4,6
5326,4,6
5327,4,6
5328,4,6
5329,4,6
5330,4,13
5331,4,6
5332,4,7
5333,4,14
5334,4,14
5335,4,7
5336,4,7
5337,4,13
5338,4,13
5339,4,13
5340,4,13
5341,4,12
5342,4,12
5343,4,12
5344,4,12
5345,4,12
5346,4,12
5347,4,12
5348,4,12
5349,4,12
5350,4,12
5351,4,12
5352,4,12
5353,4,9
5354,4,9
5355,4,13
5356,4,13
5357,4,13
5358,4,12
5359,4,12
5360,4,12
5361,4,10
5362,4,11
5363,4,0
5364,4,1
5365,4,6
5366,4,6
5367,4,6
5368,4,6
5369,4,6
5370,4,6
5371,4,13
5372,4,6
5373,4,6
5374,4,6
5375,4,13
5376,4,6
5377,4,6
5378,4,8
5379,4,13
5380,4,6
5381,4,13
5382,4,13
5383,4,13
5384,4,13
5385,4,13
5386,4,12
5387,4,12
5388,4,12
5389,4,8
5390,4,12
5391,4,8
5392,4,12
5393,4,12
5394,4,12
5395,4,12
5396,4,12
5397,4,12
5398,4,12
5399,4,12
5400,4,13
5401,4,13
5402,4,13
5403,4,12
5404,4,12
5405,4,13
5406,4,12
5407,4,10
5408,4,10
5409,4,1
5410,4,1
5411,4,6
5412,4,6
5413,4,6
5414,4,6
5415,4,6
5416,4,13
5417,4,13
5418,4,6
5419,4,6
5420,4,6
5421,4,6
5422,4,13
5423,4,6
5424,4,13
5425,4,6
5426,4,13
5427,4,13
5428,4,13
5429,4,13
5430,4,12
5431,4,12
5432,4,12
5433,4,8
5434,4,8
5435,4,12
5436,4,12
5437,4,12
5438,4,12
5439,4,8
5440,4,12
5441,4,12
5442,4,13
5443,4,13
5444,4,13
5445,4,13
5446,4,13
5447,4,13
5448,4,12
5449,4,12
5450,4,4
5451,4,12
5452,4,11
5453,4,11
5454,4,1
5455,4,1
5456,4,6
5457,4,6
5458,4,6
5459,4,6
5460,4,6
5461,4,6
5462,4,6
5463,4,12
5464,4,6
5465,4,13
5466,4,6
5467,4,13
5468,4,13
5469,4,13
5470,4,13
5471,4,13
5472,4,13
5473,4,13
5474,4,12
5475,4,12
5476,4,8
5477,4,8
5478,4,12
5479,4,12
5480,4,12
5481,4,15
5482,4,12
5483,4,12
5484,4,12
5485,4,12
5486,4,13
5487,4,13
5488,4,13
5489,4,13
5490,4,13
5491,4,13
5492,4,13
5493,4,13
5494,4,12
5495,4,12
5496,4,10
5497,4,10
5498,4,2
5499,4,1
5500,4,6
5501,4,6
5502,4,6
5503,4,6
5504,4,6
5505,4,6
5506,4,6
5507,4,6
5508,4,13
5509,4,6
5510,4,13
5511,4,13
5512,4,13
5513,4,13
5514,4,13
5515,4,12
5516,4,12
5517,4,12
5518,4,12
5519,4,12
5520,4,8
5521,4,12
5522,4,12
5523,4,12
5524,4,12
5525,4,12
5526,4,12
5527,4,13
5528,4,12
5529,4,13
5530,4,13
5531,4,13
5532,4,13
5533,4,13
5534,4,13
5535,4,13
5536,4,13
5537,4,12
5538,4,12
5539,4,10
5540,4,11
5541,4,10
5542,4,1
5543,4,1
5544,4,6
5545,4,6
5546,4,6
5547,4,6
5548,4,6
5549,4,13
5550,4,6
5551,4,6
5552,4,13
5553,4,13
5554,4,13
5555,4,13
5556,4,12
5557,4,12
5558,4,12
5559,4,12
5560,4,12
5561,4,12
5562,4,12
5563,4,12
5564,4,12
5565,4,12
5566,4,12
5567,4,12
5568,4,13
5569,4,13
5570,4,13
5571,4,13
5572,4,13
5573,4,13
5574,4,13
5575,4,13
5576,4,13
5577,4,13
5578,4,13
5579,4,1
5580,4,12
5581,4,9
5582,4,20
5583,4,11
5584,4,1
5585,4,1
5586,4,1
5587,4,6
5588,4,6
5589,4,6
5590,4,6
5591,4,13
5592,4,13
5593,4,13
5594,4,5
5595,4,13
5596,4,13
5597,4,12
5598,4,13
5599,4,12
5600,4,13
5601,4,12
5602,4,12
5603,4,12
5604,4,12
5605,4,12
5606,4,12
5607,4,12
5608,4,12
5609,4,12
5610,4,13
5611,4,13
5612,4,13
5613,4,13
5614,4,13
5615,4,13
5616,4,13
5617,4,13
5618,4,13
5619,4,13
5620,4,1
5621,4,12
5622,4,13
5623,4,12
5624,4,11
5625,4,10
5626,4,10
5627,4,1
5628,4,6
5629,4,6
5630,4,6
5631,4,13
5632,4,6
5633,4,13
5634,4,13
5635,4,13
5636,4,13
5637,4,13
5638,4,12
5639,4,13
5640,4,12
5641,4,12
5642,4,13
5643,4,12
5644,4,12
5645,4,12
5646,4,12
5647,4,12
5648,4,12
5649,4,13
5650,4,13
5651,4,13
5652,4,13
5653,4,13
5654,4,13
5655,4,13
5656,4,13
5657,4,12
5658,4,13
5659,4,1
5660,4,12
5661,4,9
5662,4,12
5663,4,9
5664,4,11
5665,4,10
5666,4,1
5667,4,0
5668,4,6
5669,4,6
5670,4,6
5671,4,13
5672,4,13
5673,4,13
5674,4,13
5675,4,13
5676,4,13
5677,4,13
5678,4,13
5679,4,13
5680,4,13
5681,4,12
5682,4,12
5683,4,12
5684,4,12
5685,4,12
5686,4,12
5687,4,13
5688,4,13
5689,4,13
5690,4,13
5691,4,13
5692,4,13
5693,4,13
5694,4,13
5695,4,13
5696,4,11
5697,4,1
5698,4,10
5699,4,1
5700,4,10
5701,4,11
5702,4,1
5703,4,2
5704,4,1
5705,4,6
5706,4,6
5707,4,13
5708,4,13
5709,4,13
5710,4,13
5711,4,13
5712,4,13
5713,4,13
5714,4,13
5715,4,13
5716,4,13
5717,4,13
5718,4,12
5719,4,12
5720,4,12
5721,4,12
5722,4,12
5723,4,12
5724,4,12
5725,4,13
5726,4,13
5727,4,13
5728,4,10
5729,4,12
5730,4,10
5731,4,10
5732,4,20
5733,4,11
5734,4,11
5735,4,11
5736,4,20
5737,4,10
5738,4,10
5739,4,10
5740,4,13
5741,4,13
5742,4,13
5743,4,13
5744,4,13
5745,4,13
5746,4,13
5747,4,13
5748,4,13
5749,4,13
5750,4,13
5751,4,13
5752,4,12
5753,4,13
5754,4,12
5755,4,13
5756,4,13
5757,4,13
5758,4,13
5759,4,13
5760,4,13
5761,4,1
5762,4,1
5763,4,1
5764,4,0
5765,4,10
5766,4,10
5767,4,10
5768,4,20
5769,4,11
5770,4,10
5771,4,1
5772,4,2
5773,4,6
5774,4,6
5775,4,13
5776,4,13
5777,4,13
5778,4,13
5779,4,13
5780,4,13
5781,4,13
5782,4,13
5783,4,13
5784,4,13
5785,4,13
5786,4,13
5787,4,13
5788,4,13
5789,4,13
5790,4,13
5791,4,13
5792,4,13
5793,4,1
5794,4,1
5795,4,1
5796,4,1
5797,4,1
5798,4,11
5799,4,10
5800,4,11
5801,4,11
5802,4,10
5803,4,1
5804,4,1
5805,4,6
5806,4,1
5807,4,1
5808,4,13
5809,4,13
5810,4,13
5811,4,13
5812,4,13
5813,4,13
5814,4,13
5815,4,13
5816,4,13
5817,4,13
5818,4,13
5819,4,13
5820,4,13
5821,4,1
5822,4,1
5823,4,1
5824,4,1
5825,4,1
5826,4,1
5827,4,1
5828,4,1
5829,4,11
5830,4,20
5831,4,10
5832,4,1
5833,4,1
5834,4,1
5835,4,1
5836,4,1
5837,4,1
5838,4,1
5839,4,1
5840,4,13
5841,4,13
5842,4,13
5843,4,13
5844,4,1
5845,4,13
5846,4,13
5847,4,13
5848,4,1
5849,4,1
5850,4,1
5851,4,1
5852,4,1
5853,4,1
5854,4,1
5855,4,10
5856,4,11
5857,4,20
5858,4,10
5859,4,1
5860,4,10
5861,4,10
5862,4,1
5863,4,1
5864,4,1
5865,4,1
5866,4,1
5867,4,1
5868,4,1
5869,4,1
5870,4,1
5871,4,1
5872,4,1
5873,4,1
5874,4,1
5875,4,1
5876,4,1
5877,4,1
5878,4,1
5879,4,10
5880,4,10
5881,4,11
5882,4,20
5883,4,11
5884,4,10
5885,4,10
5886,4,27
5887,4,1
5888,4,1
5889,4,1
5890,4,1
5891,4,1
5892,4,1
5893,4,1
5894,4,1
5895,4,1
5896,4,1
5897,4,1
5898,4,10
5899,4,10
5900,4,11
5901,4,11
5902,4,11
5903,4,10
5904,4,10
5905,4,10
5906,4,10
5907,4,10
5908,4,10
5909,4,10
5910,4,10
5911,4,11
5912,4,20
0,5,44
1,5,45
2,5,47
3,5,62
4,5,45
5,5,21
6,5,55
7,5,44
8,5,45
9,5,47
10,5,55
11,5,55
12,5,45
13,5,55
14,5,45
15,5,55
16,5,47
17,5,45
18,5,44
19,5,44
20,5,45
21,5,44
22,5,44
23,5,44
24,5,55
25,5,62
26,5,53
27,5,55
28,5,55
29,5,53
30,5,55
31,5,55
32,5,53
33,5,55
34,5,55
35,5,55
36,5,55
37,5,55
38,5,55
39,5,55
40,5,55
41,5,55
42,5,55
43,5,55
44,5,55
45,5,55
46,5,55
47,5,45
48,5,55
49,5,45
50,5,55
51,5,55
52,5,55
53,5,45
54,5,44
55,5,40
56,5,40
57,5,40
58,5,43
59,5,62
60,5,62
61,5,63
62,5,63
63,5,63
64,5,56
65,5,53
66,5,53
67,5,53
68,5,53
69,5,53
70,5,53
71,5,55
72,5,55
73,5,53
74,5,53
75,5,57
76,5,55
77,5,55
78,5,55
79,5,55
80,5,55
81,5,55
82,5,45
83,5,55
84,5,57
85,5,44
86,5,55
87,5,55
88,5,55
89,5,47
90,5,55
91,5,55
92,5,55
93,5,55
94,5,55
95,5,45
96,5,40
97,5,62
98,5,63
99,5,63
100,5,63
101,5,63
102,5,63
103,5,57
104,5,57
105,5,57
106,5,56
107,5,57
108,5,57
109,5,57
110,5,57
111,5,57
112,5,57
113,5,57
114,5,57
115,5,56
116,5,57
117,5,57
118,5,57
119,5,57
120,5,57
121,5,52
122,5,52
123,5,52
124,5,57
125,5,57
126,5,62
127,5,55
128,5,55
129,5,55
130,5,55
131,5,53
132,5,55
133,5,55
134,5,55
135,5,55
136,5,55
137,5,55
138,5,45
139,5,43
140,5,62
141,5,63
142,5,63
143,5,63
144,5,63
145,5,63
146,5,56
147,5,57
148,5,56
149,5,57
150,5,57
151,5,57
152,5,57
153,5,57
154,5,57
155,5,57
156,5,52
157,5,44
158,5,41
159,5,41
160,5,41
161,5,43
162,5,57
163,5,57
164,5,57
165,5,57
166,5,57
167,5,57
168,5,57
169,5,57
170,5,57
171,5,52
172,5,57
173,5,57
174,5,57
175,5,55
176,5,55
177,5,55
178,5,55
179,5,55
180,5,55
181,5,55
182,5,55
183,5,55
184,5,55
185,5,44
186,5,62
187,5,62
188,5,62
189,5,63
190,5,63
191,5,63
192,5,56
193,5,57
194,5,56
195,5,57
196,5,57
197,5,57
198,5,57
199,5,57
200,5,57
201,5,57
202,5,57
203,5,57
204,5,42
205,5,41
206,5,41
207,5,57
208,5,57
209,5,57
210,5,57
211,5,57
212,5,57
213,5,57
214,5,52
215,5,44
216,5,57
217,5,52
218,5,57
219,5,52
220,5,52
221,5,52
222,5,52
223,5,55
224,5,55
225,5,55
226,5,55
227,5,55
228,5,55
229,5,55
230,5,55
231,5,55
232,5,45
233,5,40
234,5,41
235,5,62
236,5,62
237,5,63
238,5,63
239,5,56
240,5,56
241,5,57
242,5,57
243,5,57
244,5,57
245,5,57
246,5,57
247,5,57
248,5,57
249,5,57
250,5,57
251,5,57
252,5,57
253,5,57
254,5,42
255,5,57
256,5,57
257,5,57
258,5,57
259,5,57
260,5,57
261,5,57
262,5,57
263,5,43
264,5,57
265,5,57
266,5,57
267,5,57
268,5,52
269,5,57
270,5,57
271,5,52
272,5,52
273,5,53
274,5,55
275,5,52
276,5,47
277,5,55
278,5,55
279,5,55
280,5,55
281,5,55
282,5,21
283,5,62
284,5,62
285,5,63
286,5,63
287,5,56
288,5,57
289,5,57
290,5,57
291,5,57
292,5,57
293,5,57
294,5,57
295,5,57
296,5,57
297,5,57
298,5,56
299,5,57
300,5,58
301,5,57
302,5,56
303,5,42
304,5,44
305,5,56
306,5,57
307,5,57
308,5,57
309,5,57
310,5,57
311,5,57
312,5,41
313,5,44
314,5,57
315,5,57
316,5,57
317,5,57
318,5,57
319,5,57
320,5,57
321,5,58
322,5,52
323,5,52
324,5,52
325,5,55
326,5,55
327,5,55
328,5,55
329,5,47
330,5,55
331,5,55
332,5,55
333,5,45
334,5,42
335,5,62
336,5,63
337,5,63
338,5,63
339,5,42
340,5,44
341,5,57
342,5,57
343,5,57
344,5,56
345,5,57
346,5,57
347,5,57
348,5,57
349,5,56
350,5,57
351,5,56
352,5,57
353,5,58
354,5,57
355,5,57
356,5,44
357,5,56
358,5,57
359,5,59
360,5,57
361,5,58
362,5,57
363,5,57
364,5,57
365,5,44
366,5,52
367,5,57
368,5,52
369,5,57
370,5,57
371,5,57
372,5,57
373,5,52
374,5,48
375,5,57
376,5,48
377,5,57
378,5,57
379,5,52
380,5,55
381,5,55
382,5,55
383,5,55
384,5,55
385,5,55
386,5,55
387,5,45
388,5,42
389,5,62
390,5,63
391,5,63
392,5,56
393,5,57
394,5,56
395,5,56
396,5,56
397,5,57
398,5,57
399,5,57
400,5,57
401,5,57
402,5,57
403,5,57
404,5,57
405,5,58
406,5,56
407,5,56
408,5,58
409,5,56
410,5,58
411,5,59
412,5,41
413,5,42
414,5,59
415,5,59
416,5,48
417,5,59
418,5,59
419,5,59
420,5,59
421,5,58
422,5,57
423,5,52
424,5,57
425,5,52
426,5,52
427,5,57
428,5,52
429,5,59
430,5,52
431,5,52
432,5,57
433,5,52
434,5,52
435,5,52
436,5,52
437,5,52
438,5,55
439,5,55
440,5,55
441,5,55
442,5,55
443,5,54
444,5,55
445,5,55
446,5,40
447,5,42
448,5,63
449,5,63
450,5,63
451,5,56
452,5,56
453,5,56
454,5,57
455,5,56
456,5,57
457,5,57
458,5,57
459,5,56
460,5,56
461,5,57
462,5,58
463,5,58
464,5,58
465,5,58
466,5,58
467,5,58
468,5,49
469,5,58
470,5,58
471,5,58
472,5,41
473,5,41
474,5,59
475,5,59
476,5,59
477,5,59
478,5,58
479,5,58
480,5,59
481,5,58
482,5,44
483,5,48
484,5,57
485,5,59
486,5,52
487,5,57
488,5,52
489,5,57
490,5,57
491,5,57
492,5,52
493,5,52
494,5,52
495,5,48
496,5,52
497,5,52
498,5,52
499,5,53
500,5,55
501,5,54
502,5,55
503,5,55
504,5,55
505,5,55
506,5,54
507,5,40
508,5,42
509,5,62
510,5,63
511,5,63
512,5,56
513,5,56
514,5,57
515,5,57
516,5,56
517,5,57
518,5,56
519,5,56
520,5,57
521,5,57
522,5,56
523,5,58
524,5,58
525,5,58
526,5,59
527,5,58
528,5,58
529,5,58
530,5,58
531,5,58
532,5,58
533,5,58
534,5,43
535,5,41
536,5,42
537,5,45
538,5,59
539,5,58
540,5,58
541,5,59
542,5,58
543,5,59
544,5,59
545,5,59
546,5,39
547,5,59
548,5,59
549,5,59
550,5,52
551,5,52
552,5,57
553,5,59
554,5,59
555,5,52
556,5,48
557,5,48
558,5,48
559,5,52
560,5,52
561,5,52
562,5,57
563,5,52
564,5,54
565,5,54
566,5,54
567,5,54
568,5,55
569,5,63
570,5,54
571,5,45
572,5,43
573,5,62
574,5,62
575,5,56
576,5,56
577,5,56
578,5,56
579,5,56
580,5,56
581,5,56
582,5,56
583,5,56
584,5,58
585,5,58
586,5,58
587,5,57
588,5,57
589,5,58
590,5,58
591,5,58
592,5,60
593,5,61
594,5,58
595,5,58
596,5,60
597,5,60
598,5,61
599,5,61
600,5,61
601,5,39
602,5,61
603,5,61
604,5,58
605,5,58
606,5,59
607,5,58
608,5,59
609,5,59
610,5,59
611,5,59
612,5,39
613,5,61
614,5,59
615,5,59
616,5,59
617,5,57
618,5,57
619,5,52
620,5,48
621,5,48
622,5,48
623,5,48
624,5,59
625,5,48
626,5,52
627,5,52
628,5,52
629,5,57
630,5,52
631,5,54
632,5,55
633,5,54
634,5,54
635,5,54
636,5,55
637,5,55
638,5,43
639,5,42
640,5,62
641,5,62
642,5,62
643,5,56
644,5,56
645,5,57
646,5,56
647,5,56
648,5,56
649,5,56
650,5,58
651,5,61
652,5,39
653,5,61
654,5,61
655,5,61
656,5,60
657,5,60
658,5,61
659,5,61
660,5,39
661,5,39
662,5,61
663,5,61
664,5,39
665,5,61
666,5,39
667,5,61
668,5,61
669,5,61
670,5,39
671,5,61
672,5,61
673,5,61
674,5,58
675,5,58
676,5,58
677,5,59
678,5,58
679,5,59
680,5,39
681,5,59
682,5,59
683,5,59
684,5,58
685,5,57
686,5,59
687,5,48
688,5,48
689,5,48
690,5,48
691,5,48
692,5,48
693,5,48
694,5,48
695,5,48
696,5,52
697,5,52
698,5,52
699,5,52
700,5,54
701,5,54
702,5,54
703,5,54
704,5,54
705,5,54
706,5,38
707,5,41
708,5,62
709,5,62
710,5,62
711,5,56
712,5,56
713,5,56
714,5,56
715,5,56
716,5,56
717,5,56
718,5,56
719,5,60
720,5,58
721,5,60
722,5,61
723,5,61
724,5,61
725,5,61
726,5,58
727,5,60
728,5,61
729,5,60
730,5,61
731,5,60
732,5,61
733,5,61
734,5,60
735,5,61
736,5,61
737,5,61
738,5,61
739,5,61
740,5,61
741,5,59
742,5,61
743,5,61
744,5,58
745,5,59
746,5,59
747,5,59
748,5,59
749,5,58
750,5,59
751,5,59
752,5,59
753,5,49
754,5,59
755,5,59
756,5,48
757,5,48
758,5,48
759,5,48
760,5,48
761,5,48
762,5,48
763,5,48
764,5,48
765,5,52
766,5,52
767,5,52
768,5,52
769,5,52
770,5,54
771,5,54
772,5,54
773,5,55
774,5,54
775,5,54
776,5,47
777,5,42
778,5,62
779,5,62
780,5,63
781,5,56
782,5,56
783,5,56
784,5,56
785,5,56
786,5,56
787,5,56
788,5,56
789,5,56
790,5,58
791,5,58
792,5,58
793,5,56
794,5,60
795,5,60
796,5,61
797,5,60
798,5,60
799,5,61
800,5,61
801,5,61
802,5,61
803,5,60
804,5,58
805,5,58
806,5,58
807,5,61
808,5,59
809,5,58
810,5,60
811,5,59
812,5,58
813,5,58
814,5,59
815,5,58
816,5,59
817,5,59
818,5,59
819,5,58
820,5,59
821,5,59
822,5,48
823,5,59
824,5,59
825,5,59
826,5,39
827,5,59
828,5,48
829,5,48
830,5,48
831,5,48
832,5,48
833,5,48
834,5,48
835,5,48
836,5,52
837,5,52
838,5,52
839,5,52
840,5,52
841,5,54
842,5,54
843,5,54
844,5,54
845,5,54
846,5,55
847,5,45
848,5,62
849,5,62
850,5,62
851,5,63
852,5,56
853,5,56
854,5,56
855,5,56
856,5,56
857,5,56
858,5,56
859,5,56
860,5,56
861,5,60
862,5,60
863,5,60
864,5,60
865,5,60
866,5,60
867,5,61
868,5,61
869,5,61
870,5,61
871,5,61
872,5,60
873,5,60
874,5,58
875,5,58
876,5,58
877,5,60
878,5,58
879,5,60
880,5,58
881,5,58
882,5,58
883,5,58
884,5,58
885,5,59
886,5,58
887,5,59
888,5,59
889,5,48
890,5,59
891,5,59
892,5,48
893,5,59
894,5,59
895,5,59
896,5,59
897,5,61
898,5,61
899,5,59
900,5,48
901,5,59
902,5,48
903,5,48
904,5,48
905,5,48
906,5,48
907,5,48
908,5,48
909,5,48
910,5,52
911,5,52
912,5,48
913,5,54
914,5,54
915,5,54
916,5,54
917,5,54
918,5,55
919,5,42
920,5,62
921,5,62
922,5,62
923,5,62
924,5,56
925,5,56
926,5,56
927,5,56
928,5,56
929,5,56
930,5,56
931,5,56
932,5,56
933,5,56
934,5,58
935,5,60
936,5,60
937,5,60
938,5,61
939,5,61
940,5,61
941,5,61
942,5,61
943,5,61
944,5,60
945,5,60
946,5,58
947,5,60
948,5,58
949,5,61
950,5,61
951,5,61
952,5,61
953,5,58
954,5,58
955,5,58
956,5,58
957,5,58
958,5,58
959,5,59
960,5,59
961,5,59
962,5,45
963,5,48
964,5,49
965,5,48
966,5,49
967,5,58
968,5,59
969,5,59
970,5,39
971,5,59
972,5,59
973,5,48
974,5,48
975,5,48
976,5,48
977,5,48
978,5,48
979,5,48
980,5,48
981,5,48
982,5,52
983,5,52
984,5,52
985,5,54
986,5,54
987,5,47
988,5,54
989,5,54
990,5,54
991,5,45
992,5,42
993,5,39
994,5,62
995,5,62
996,5,62
997,5,56
998,5,56
999,5,56
1000,5,56
1001,5,56
1002,5,56
1003,5,56
1004,5,56
1005,5,56
1006,5,56
1007,5,56
1008,5,60
1009,5,60
1010,5,60
1011,5,61
1012,5,61
1013,5,61
1014,5,61
1015,5,61
1016,5,58
1017,5,58
1018,5,61
1019,5,61
1020,5,60
1021,5,61
1022,5,61
1023,5,39
1024,5,39
1025,5,61
1026,5,39
1027,5,61
1028,5,58
1029,5,58
1030,5,58
1031,5,59
1032,5,59
1033,5,48
1034,5,48
1035,5,59
1036,5,59
1037,5,48
1038,5,48
1039,5,48
1040,5,48
1041,5,48
1042,5,49
1043,5,59
1044,5,61
1045,5,49
1046,5,48
1047,5,48
1048,5,48
1049,5,48
1050,5,48
1051,5,48
1052,5,48
1053,5,48
1054,5,48
1055,5,52
1056,5,52
1057,5,52
1058,5,52
1059,5,54
1060,5,54
1061,5,54
1062,5,54
1063,5,54
1064,5,54
1065,5,42
1066,5,62
1067,5,62
1068,5,62
1069,5,56
1070,5,56
1071,5,56
1072,5,56
1073,5,56
1074,5,56
1075,5,56
1076,5,56
1077,5,56
1078,5,56
1079,5,56
1080,5,56
1081,5,56
1082,5,60
1083,5,61
1084,5,61
1085,5,61
1086,5,63
1087,5,61
1088,5,39
1089,5,60
1090,5,61
1091,5,60
1092,5,61
1093,5,61
1094,5,39
1095,5,39
1096,5,39
1097,5,39
1098,5,61
1099,5,39
1100,5,61
1101,5,61
1102,5,61
1103,5,60
1104,5,59
1105,5,59
1106,5,59
1107,5,59
1108,5,59
1109,5,48
1110,5,59
1111,5,59
1112,5,48
1113,5,48
1114,5,49
1115,5,48
1116,5,59
1117,5,59
1118,5,59
1119,5,49
1120,5,49
1121,5,48
1122,5,49
1123,5,48
1124,5,48
1125,5,48
1126,5,48
1127,5,48
1128,5,48
1129,5,52
1130,5,52
1131,5,52
1132,5,54
1133,5,54
1134,5,54
1135,5,54
1136,5,54
1137,5,54
1138,5,47
1139,5,40
1140,5,62
1141,5,62
1142,5,62
1143,5,56
1144,5,56
1145,5,56
1146,5,56
1147,5,56
1148,5,56
1149,5,56
1150,5,56
1151,5,56
1152,5,63
1153,5,63
1154,5,61
1155,5,63
1156,5,61
1157,5,61
1158,5,61
1159,5,61
1160,5,61
1161,5,39
1162,5,39
1163,5,61
1164,5,60
1165,5,61
1166,5,61
1167,5,39
1168,5,39
1169,5,39
1170,5,39
1171,5,39
1172,5,39
1173,5,61
1174,5,61
1175,5,61
1176,5,61
1177,5,58
1178,5,58
1179,5,59
1180,5,59
1181,5,59
1182,5,59
1183,5,59
1184,5,59
1185,5,59
1186,5,59
1187,5,48
1188,5,59
1189,5,48
1190,5,48
1191,5,48
1192,5,59
1193,5,49
1194,5,59
1195,5,49
1196,5,48
1197,5,48
1198,5,48
1199,5,48
1200,5,48
1201,5,48
1202,5,48
1203,5,48
1204,5,48
1205,5,48
1206,5,52
1207,5,5
1208,5,54
1209,5,54
1210,5,54
1211,5,54
1212,5,54
1213,5,42
1214,5,62
1215,5,62
1216,5,62
1217,5,56
1218,5,56
1219,5,56
1220,5,56
1221,5,56
1222,5,56
1223,5,63
1224,5,62
1225,5,63
1226,5,63
1227,5,63
1228,5,63
1229,5,63
1230,5,63
1231,5,61
1232,5,39
1233,5,39
1234,5,39
1235,5,39
1236,5,39
1237,5,39
1238,5,39
1239,5,39
1240,5,39
1241,5,39
1242,5,39
1243,5,39
1244,5,61
1245,5,61
1246,5,61
1247,5,61
1248,5,61
1249,5,61
1250,5,58
1251,5,59
1252,5,59
1253,5,59
1254,5,59
1255,5,58
1256,5,59
1257,5,59
1258,5,59
1259,5,59
1260,5,59
1261,5,59
1262,5,49
1263,5,49
1264,5,48
1265,5,48
1266,5,49
1267,5,59
1268,5,49
1269,5,49
1270,5,59
1271,5,48
1272,5,48
1273,5,48
1274,5,48
1275,5,48
1276,5,48
1277,5,48
1278,5,52
1279,5,52
1280,5,52
1281,5,54
1282,5,54
1283,5,54
1284,5,54
1285,5,54
1286,5,40
1287,5,44
1288,5,62
1289,5,62
1290,5,62
1291,5,62
1292,5,53
1293,5,53
1294,5,62
1295,5,62
1296,5,62
1297,5,62
1298,5,63
1299,5,62
1300,5,63
1301,5,63
1302,5,63
1303,5,63
1304,5,61
1305,5,39
1306,5,39
1307,5,39
1308,5,39
1309,5,39
1310,5,39
1311,5,39
1312,5,39
1313,5,39
1314,5,39
1315,5,38
1316,5,38
1317,5,38
1318,5,61
1319,5,61
1320,5,61
1321,5,61
1322,5,58
1323,5,59
1324,5,59
1325,5,59
1326,5,59
1327,5,59
1328,5,59
1329,5,59
1330,5,59
1331,5,59
1332,5,59
1333,5,58
1334,5,59
1335,5,59
1336,5,49
1337,5,49
1338,5,48
1339,5,48
1340,5,59
1341,5,49
1342,5,49
1343,5,49
1344,5,48
1345,5,48
1346,5,48
1347,5,48
1348,5,50
1349,5,48
1350,5,50
1351,5,52
1352,5,52
1353,5,52
1354,5,52
1355,5,54
1356,5,54
1357,5,54
1358,5,54
1359,5,45
1360,5,40
1361,5,42
1362,5,44
1363,5,43
1364,5,44
1365,5,43
1366,5,40
1367,5,40
1368,5,62
1369,5,62
1370,5,62
1371,5,63
1372,5,62
1373,5,63
1374,5,39
1375,5,39
1376,5,39
1377,5,39
1378,5,39
1379,5,39
1380,5,39
1381,5,39
1382,5,39
1383,5,38
1384,5,38
1385,5,39
1386,5,38
1387,5,38
1388,5,38
1389,5,38
1390,5,63
1391,5,60
1392,5,59
1393,5,59
1394,5,58
1395,5,59
1396,5,59
1397,5,59
1398,5,52
1399,5,59
1400,5,59
1401,5,59
1402,5,59
1403,5,59
1404,5,49
1405,5,59
1406,5,49
1407,5,48
1408,5,48
1409,5,48
1410,5,59
1411,5,49
1412,5,49
1413,5,49
1414,5,49
1415,5,49
1416,5,48
1417,5,48
1418,5,50
1419,5,48
1420,5,48
1421,5,48
1422,5,48
1423,5,52
1424,5,50
1425,5,54
1426,5,54
1427,5,54
1428,5,54
1429,5,54
1430,5,42
1431,5,62
1432,5,62
1433,5,39
1434,5,39
1435,5,39
1436,5,39
1437,5,45
1438,5,39
1439,5,39
1440,5,39
1441,5,38
1442,5,38
1443,5,38
1444,5,38
1445,5,38
1446,5,38
1447,5,38
1448,5,38
1449,5,37
1450,5,38
1451,5,37
1452,5,61
1453,5,58
1454,5,59
1455,5,59
1456,5,59
1457,5,59
1458,5,59
1459,5,57
1460,5,59
1461,5,59
1462,5,59
1463,5,59
1464,5,49
1465,5,59
1466,5,59
1467,5,59
1468,5,48
1469,5,48
1470,5,48
1471,5,59
1472,5,49
1473,5,49
1474,5,49
1475,5,49
1476,5,49
1477,5,48
1478,5,48
1479,5,49
1480,5,48
1481,5,48
1482,5,50
1483,5,50
1484,5,48
1485,5,48
1486,5,54
1487,5,54
1488,5,54
1489,5,54
1490,5,54
1491,5,45
1492,5,43
1493,5,38
1494,5,39
1495,5,39
1496,5,39
1497,5,39
1498,5,39
1499,5,39
1500,5,38
1501,5,39
1502,5,38
1503,5,38
1504,5,38
1505,5,38
1506,5,38
1507,5,37
1508,5,37
1509,5,37
1510,5,37
1511,5,37
1512,5,36
1513,5,58
1514,5,59
1515,5,59
1516,5,59
1517,5,59
1518,5,59
1519,5,59
1520,5,59
1521,5,59
1522,5,49
1523,5,59
1524,5,49
1525,5,59
1526,5,59
1527,5,49
1528,5,59
1529,5,49
1530,5,48
1531,5,49
1532,5,49
1533,5,49
1534,5,39
1535,5,39
1536,5,49
1537,5,48
1538,5,48
1539,5,48
1540,5,48
1541,5,48
1542,5,50
1543,5,48
1544,5,50
1545,5,48
1546,5,52
1547,5,54
1548,5,54
1549,5,54
1550,5,54
1551,5,47
1552,5,41
1553,5,39
1554,5,39
1555,5,39
1556,5,38
1557,5,38
1558,5,39
1559,5,38
1560,5,39
1561,5,38
1562,5,38
1563,5,38
1564,5,37
1565,5,37
1566,5,37
1567,5,37
1568,5,37
1569,5,37
1570,5,37
1571,5,37
1572,5,37
1573,5,37
1574,5,36
1575,5,36
1576,5,36
1577,5,36
1578,5,36
1579,5,49
1580,5,49
1581,5,49
1582,5,49
1583,5,49
1584,5,49
1585,5,49
1586,5,49
1587,5,49
1588,5,49
1589,5,49
1590,5,49
1591,5,49
1592,5,49
1593,5,39
1594,5,39
1595,5,49
1596,5,49
1597,5,48
1598,5,48
1599,5,50
1600,5,48
1601,5,48
1602,5,50
1603,5,50
1604,5,48
1605,5,52
1606,5,54
1607,5,54
1608,5,54
1609,5,54
1610,5,39
1611,5,43
1612,5,39
1613,5,62
1614,5,38
1615,5,38
1616,5,45
1617,5,38
1618,5,38
1619,5,38
1620,5,37
1621,5,37
1622,5,37
1623,5,37
1624,5,37
1625,5,37
1626,5,37
1627,5,37
1628,5,37
1629,5,37
1630,5,37
1631,5,36
1632,5,36
1633,5,36
1634,5,36
1635,5,36
1636,5,36
1637,5,36
1638,5,36
1639,5,59
1640,5,49
1641,5,49
1642,5,49
1643,5,49
1644,5,48
1645,5,48
1646,5,49
1647,5,49
1648,5,49
1649,5,49
1650,5,49
1651,5,39
1652,5,39
1653,5,39
1654,5,49
1655,5,49
1656,5,48
1657,5,48
1658,5,48
1659,5,48
1660,5,50
1661,5,48
1662,5,48
1663,5,48
1664,5,54
1665,5,54
1666,5,54
1667,5,54
1668,5,54
1669,5,42
1670,5,44
1671,5,38
1672,5,38
1673,5,44
1674,5,38
1675,5,38
1676,5,37
1677,5,37
1678,5,37
1679,5,37
1680,5,37
1681,5,37
1682,5,37
1683,5,37
1684,5,37
1685,5,37
1686,5,37
1687,5,37
1688,5,37
1689,5,36
1690,5,36
1691,5,36
1692,5,36
1693,5,36
1694,5,36
1695,5,36
1696,5,38
1697,5,49
1698,5,49
1699,5,49
1700,5,49
1701,5,49
1702,5,49
1703,5,49
1704,5,49
1705,5,49
1706,5,49
1707,5,49
1708,5,39
1709,5,39
1710,5,39
1711,5,49
1712,5,14
1713,5,48
1714,5,48
1715,5,48
1716,5,48
1717,5,48
1718,5,48
1719,5,50
1720,5,50
1721,5,50
1722,5,54
1723,5,54
1724,5,54
1725,5,54
1726,5,40
1727,5,43
1728,5,38
1729,5,38
1730,5,38
1731,5,38
1732,5,37
1733,5,37
1734,5,37
1735,5,37
1736,5,37
1737,5,37
1738,5,37
1739,5,37
1740,5,37
1741,5,37
1742,5,37
1743,5,37
1744,5,37
1745,5,36
1746,5,36
1747,5,36
1748,5,36
1749,5,36
1750,5,36
1751,5,38
1752,5,39
1753,5,39
1754,5,49
1755,5,49
1756,5,49
1757,5,49
1758,5,49
1759,5,49
1760,5,49
1761,5,59
1762,5,49
1763,5,49
1764,5,49
1765,5,39
1766,5,39
1767,5,49
1768,5,49
1769,5,48
1770,5,49
1771,5,48
1772,5,48
1773,5,48
1774,5,48
1775,5,50
1776,5,48
1777,5,50
1778,5,54
1779,5,54
1780,5,54
1781,5,54
1782,5,40
1783,5,38
1784,5,38
1785,5,37
1786,5,37
1787,5,37
1788,5,37
1789,5,37
1790,5,37
1791,5,37
1792,5,37
1793,5,37
1794,5,37
1795,5,37
1796,5,37
1797,5,37
1798,5,38
1799,5,37
1800,5,36
1801,5,37
1802,5,36
1803,5,36
1804,5,36
1805,5,38
1806,5,39
1807,5,39
1808,5,38
1809,5,36
1810,5,49
1811,5,49
1812,5,49
1813,5,59
1814,5,49
1815,5,48
1816,5,49
1817,5,49
1818,5,49
1819,5,49
1820,5,39
1821,5,39
1822,5,39
1823,5,49
1824,5,49
1825,5,48
1826,5,50
1827,5,48
1828,5,50
1829,5,48
1830,5,50
1831,5,50
1832,5,50
1833,5,48
1834,5,54
1835,5,54
1836,5,54
1837,5,45
1838,5,42
1839,5,38
1840,5,37
1841,5,38
1842,5,37
1843,5,37
1844,5,37
1845,5,37
1846,5,37
1847,5,37
1848,5,37
1849,5,37
1850,5,38
1851,5,38
1852,5,38
1853,5,38
1854,5,38
1855,5,37
1856,5,37
1857,5,36
1858,5,36
1859,5,36
1860,5,36
1861,5,38
1862,5,36
1863,5,36
1864,5,36
1865,5,49
1866,5,49
1867,5,49
1868,5,49
1869,5,49
1870,5,49
1871,5,49
1872,5,48
1873,5,49
1874,5,49
1875,5,39
1876,5,39
1877,5,39
1878,5,49
1879,5,50
1880,5,50
1881,5,51
1882,5,50
1883,5,50
1884,5,50
1885,5,50
1886,5,50
1887,5,50
1888,5,50
1889,5,37
1890,5,54
1891,5,54
1892,5,40
1893,5,38
1894,5,38
1895,5,37
1896,5,37
1897,5,37
1898,5,37
1899,5,37
1900,5,37
1901,5,37
1902,5,37
1903,5,38
1904,5,38
1905,5,38
1906,5,38
1907,5,39
1908,5,38
1909,5,37
1910,5,36
1911,5,36
1912,5,36
1913,5,36
1914,5,36
1915,5,36
1916,5,36
1917,5,36
1918,5,36
1919,5,32
1920,5,49
1921,5,49
1922,5,49
1923,5,49
1924,5,49
1925,5,49
1926,5,48
1927,5,48
1928,5,49
1929,5,39
1930,5,39
1931,5,49
1932,5,50
1933,5,50
1934,5,50
1935,5,48
1936,5,50
1937,5,50
1938,5,50
1939,5,50
1940,5,50
1941,5,50
1942,5,50
1943,5,54
1944,5,54
1945,5,54
1946,5,22
1947,5,43
1948,5,38
1949,5,37
1950,5,37
1951,5,37
1952,5,36
1953,5,37
1954,5,37
1955,5,37
1956,5,37
1957,5,38
1958,5,39
1959,5,38
1960,5,38
1961,5,38
1962,5,38
1963,5,37
1964,5,37
1965,5,36
1966,5,36
1967,5,36
1968,5,36
1969,5,36
1970,5,36
1971,5,36
1972,5,36
1973,5,32
1974,5,49
1975,5,32
1976,5,50
1977,5,49
1978,5,49
1979,5,49
1980,5,50
1981,5,50
1982,5,50
1983,5,39
1984,5,51
1985,5,50
1986,5,50
1987,5,50
1988,5,50
1989,5,50
1990,5,50
1991,5,50
1992,5,50
1993,5,50
1994,5,50
1995,5,50
1996,5,50
1997,5,54
1998,5,54
1999,5,54
2000,5,22
2001,5,38
2002,5,37
2003,5,37
2004,5,37
2005,5,37
2006,5,37
2007,5,37
2008,5,37
2009,5,38
2010,5,38
2011,5,39
2012,5,39
2013,5,39
2014,5,39
2015,5,38
2016,5,36
2017,5,37
2018,5,37
2019,5,36
2020,5,36
2021,5,36
2022,5,36
2023,5,36
2024,5,36
2025,5,36
2026,5,32
2027,5,49
2028,5,49
2029,5,49
2030,5,49
2031,5,49
2032,5,49
2033,5,50
2034,5,49
2035,5,32
2036,5,51
2037,5,51
2038,5,51
2039,5,50
2040,5,50
2041,5,50
2042,5,50
2043,5,50
2044,5,50
2045,5,50
2046,5,50
2047,5,50
2048,5,50
2049,5,50
2050,5,54
2051,5,54
2052,5,54
2053,5,47
2054,5,43
2055,5,37
2056,5,37
2057,5,37
2058,5,37
2059,5,37
2060,5,37
2061,5,37
2062,5,38
2063,5,38
2064,5,39
2065,5,39
2066,5,38
2067,5,39
2068,5,38
2069,5,37
2070,5,37
2071,5,36
2072,5,36
2073,5,36
2074,5,36
2075,5,36
2076,5,36
2077,5,36
2078,5,36
2079,5,36
2080,5,49
2081,5,49
2082,5,49
2083,5,50
2084,5,49
2085,5,49
2086,5,50
2087,5,50
2088,5,32
2089,5,32
2090,5,34
2091,5,51
2092,5,50
2093,5,50
2094,5,50
2095,5,50
2096,5,50
2097,5,50
2098,5,48
2099,5,50
2100,5,50
2101,5,50
2102,5,50
2103,5,51
2104,5,54
2105,5,54
2106,5,54
2107,5,37
2108,5,37
2109,5,37
2110,5,37
2111,5,37
2112,5,37
2113,5,37
2114,5,36
2115,5,37
2116,5,38
2117,5,38
2118,5,38
2119,5,38
2120,5,37
2121,5,37
2122,5,36
2123,5,36
2124,5,36
2125,5,37
2126,5,36
2127,5,36
2128,5,36
2129,5,36
2130,5,36
2131,5,32
2132,5,49
2133,5,49
2134,5,49
2135,5,49
2136,5,50
2137,5,50
2138,5,50
2139,5,50
2140,5,51
2141,5,35
2142,5,34
2143,5,34
2144,5,51
2145,5,50
2146,5,51
2147,5,50
2148,5,50
2149,5,50
2150,5,50
2151,5,50
2152,5,50
2153,5,50
2154,5,50
2155,5,54
2156,5,54
2157,5,54
2158,5,47
2159,5,37
2160,5,37
2161,5,37
2162,5,37
2163,5,37
2164,5,37
2165,5,37
2166,5,38
2167,5,37
2168,5,37
2169,5,38
2170,5,38
2171,5,37
2172,5,36
2173,5,37
2174,5,37
2175,5,36
2176,5,36
2177,5,42
2178,5,36
2179,5,36
2180,5,36
2181,5,36
2182,5,36
2183,5,32
2184,5,49
2185,5,49
2186,5,49
2187,5,51
2188,5,50
2189,5,50
2190,5,51
2191,5,51
2192,5,50
2193,5,34
2194,5,34
2195,5,34
2196,5,51
2197,5,51
2198,5,50
2199,5,51
2200,5,50
2201,5,51
2202,5,51
2203,5,51
2204,5,51
2205,5,50
2206,5,50
2207,5,46
2208,5,45
2209,5,54
2210,5,47
2211,5,42
2212,5,37
2213,5,37
2214,5,37
2215,5,37
2216,5,37
2217,5,37
2218,5,37
2219,5,37
2220,5,37
2221,5,37
2222,5,37
2223,5,37
2224,5,36
2225,5,36
2226,5,37
2227,5,36
2228,5,36
2229,5,42
2230,5,37
2231,5,36
2232,5,36
2233,5,36
2234,5,36
2235,5,32
2236,5,49
2237,5,49
2238,5,48
2239,5,49
2240,5,32
2241,5,48
2242,5,51
2243,5,49
2244,5,51
2245,5,34
2246,5,34
2247,5,51
2248,5,51
2249,5,50
2250,5,51
2251,5,51
2252,5,51
2253,5,51
2254,5,51
2255,5,51
2256,5,51
2257,5,51
2258,5,50
2259,5,51
2260,5,47
2261,5,54
2262,5,47
2263,5,38
2264,5,37
2265,5,37
2266,5,37
2267,5,37
2268,5,37
2269,5,37
2270,5,37
2271,5,37
2272,5,36
2273,5,36
2274,5,36
2275,5,37
2276,5,36
2277,5,37
2278,5,36
2279,5,36
2280,5,42
2281,5,36
2282,5,36
2283,5,36
2284,5,36
2285,5,32
2286,5,49
2287,5,32
2288,5,49
2289,5,49
2290,5,49
2291,5,49
2292,5,51
2293,5,50
2294,5,50
2295,5,51
2296,5,34
2297,5,34
2298,5,51
2299,5,51
2300,5,51
2301,5,51
2302,5,50
2303,5,50
2304,5,51
2305,5,50
2306,5,51
2307,5,50
2308,5,51
2309,5,51
2310,5,51
2311,5,47
2312,5,54
2313,5,47
2314,5,22
2315,5,37
2316,5,37
2317,5,37
2318,5,37
2319,5,37
2320,5,37
2321,5,37
2322,5,37
2323,5,36
2324,5,36
2325,5,36
2326,5,36
2327,5,36
2328,5,36
2329,5,36
2330,5,36
2331,5,37
2332,5,36
2333,5,36
2334,5,36
2335,5,36
2336,5,32
2337,5,32
2338,5,32
2339,5,32
2340,5,49
2341,5,49
2342,5,33
2343,5,34
2344,5,34
2345,5,34
2346,5,34
2347,5,34
2348,5,34
2349,5,34
2350,5,50
2351,5,51
2352,5,51
2353,5,51
2354,5,51
2355,5,35
2356,5,51
2357,5,51
2358,5,35
2359,5,51
2360,5,51
2361,5,50
2362,5,54
2363,5,54
2364,5,47
2365,5,41
2366,5,37
2367,5,37
2368,5,37
2369,5,37
2370,5,37
2371,5,36
2372,5,36
2373,5,36
2374,5,36
2375,5,36
2376,5,36
2377,5,36
2378,5,36
2379,5,36
2380,5,36
2381,5,36
2382,5,36
2383,5,36
2384,5,36
2385,5,36
2386,5,36
2387,5,32
2388,5,32
2389,5,33
2390,5,49
2391,5,49
2392,5,32
2393,5,34
2394,5,51
2395,5,34
2396,5,34
2397,5,51
2398,5,51
2399,5,34
2400,5,50
2401,5,51
2402,5,51
2403,5,51
2404,5,51
2405,5,51
2406,5,51
2407,5,35
2408,5,51
2409,5,51
2410,5,50
2411,5,51
2412,5,51
2413,5,21
2414,5,54
2415,5,47
2416,5,37
2417,5,36
2418,5,37
2419,5,36
2420,5,36
2421,5,36
2422,5,36
2423,5,36
2424,5,36
2425,5,36
2426,5,36
2427,5,36
2428,5,36
2429,5,36
2430,5,36
2431,5,36
2432,5,37
2433,5,36
2434,5,36
2435,5,36
2436,5,36
2437,5,33
2438,5,32
2439,5,32
2440,5,32
2441,5,49
2442,5,33
2443,5,34
2444,5,51
2445,5,34
2446,5,34
2447,5,34
2448,5,34
2449,5,35
2450,5,35
2451,5,35
2452,5,51
2453,5,51
2454,5,51
2455,5,51
2456,5,35
2457,5,51
2458,5,51
2459,5,50
2460,5,50
2461,5,51
2462,5,51
2463,5,46
2464,5,54
2465,5,54
2466,5,43
2467,5,36
2468,5,37
2469,5,36
2470,5,37
2471,5,37
2472,5,36
2473,5,37
2474,5,36
2475,5,36
2476,5,36
2477,5,36
2478,5,36
2479,5,36
2480,5,36
2481,5,36
2482,5,36
2483,5,36
2484,5,36
2485,5,36
2486,5,36
2487,5,32
2488,5,32
2489,5,32
2490,5,49
2491,5,51
2492,5,34
2493,5,34
2494,5,34
2495,5,34
2496,5,34
2497,5,35
2498,5,50
2499,5,35
2500,5,51
2501,5,35
2502,5,35
2503,5,51
2504,5,51
2505,5,51
2506,5,51
2507,5,51
2508,5,51
2509,5,51
2510,5,50
2511,5,35
2512,5,51
2513,5,54
2514,5,54
2515,5,47
2516,5,40
2517,5,37
2518,5,36
2519,5,37
2520,5,37
2521,5,37
2522,5,36
2523,5,36
2524,5,36
2525,5,36
2526,5,36
2527,5,36
2528,5,36
2529,5,36
2530,5,36
2531,5,36
2532,5,36
2533,5,36
2534,5,36
2535,5,36
2536,5,32
2537,5,32
2538,5,32
2539,5,32
2540,5,32
2541,5,51
2542,5,34
2543,5,34
2544,5,34
2545,5,34
2546,5,34
2547,5,34
2548,5,34
2549,5,35
2550,5,35
2551,5,35
2552,5,35
2553,5,50
2554,5,35
2555,5,51
2556,5,51
2557,5,51
2558,5,50
2559,5,50
2560,5,50
2561,5,51
2562,5,54
2563,5,47
2564,5,54
2565,5,54
2566,5,37
2567,5,37
2568,5,37
2569,5,36
2570,5,36
2571,5,36
2572,5,36
2573,5,36
2574,5,36
2575,5,36
2576,5,36
2577,5,37
2578,5,36
2579,5,36
2580,5,36
2581,5,36
2582,5,36
2583,5,36
2584,5,33
2585,5,36
2586,5,33
2587,5,33
2588,5,32
2589,5,32
2590,5,34
2591,5,34
2592,5,34
2593,5,34
2594,5,34
2595,5,34
2596,5,34
2597,5,34
2598,5,35
2599,5,35
2600,5,51
2601,5,35
2602,5,51
2603,5,51
2604,5,31
2605,5,15
2606,5,51
2607,5,50
2608,5,50
2609,5,50
2610,5,50
2611,5,51
2612,5,1
2613,5,1
2614,5,54
2615,5,43
2616,5,37
2617,5,37
2618,5,37
2619,5,37
2620,5,36
2621,5,36
2622,5,36
2623,5,36
2624,5,36
2625,5,36
2626,5,36
2627,5,36
2628,5,36
2629,5,36
2630,5,36
2631,5,36
2632,5,36
2633,5,32
2634,5,33
2635,5,33
2636,5,32
2637,5,49
2638,5,32
2639,5,34
2640,5,34
2641,5,34
2642,5,51
2643,5,34
2644,5,35
2645,5,34
2646,5,35
2647,5,34
2648,5,35
2649,5,34
2650,5,31
2651,5,35
2652,5,51
2653,5,35
2654,5,51
2655,5,50
2656,5,50
2657,5,50
2658,5,50
2659,5,51
2660,5,54
2661,5,21
2662,5,1
2663,5,54
2664,5,40
2665,5,37
2666,5,37
2667,5,37
2668,5,36
2669,5,37
2670,5,36
2671,5,32
2672,5,56
2673,5,53
2674,5,32
2675,5,32
2676,5,36
2677,5,36
2678,5,36
2679,5,36
2680,5,33
2681,5,32
2682,5,33
2683,5,32
2684,5,32
2685,5,32
2686,5,34
2687,5,34
2688,5,32
2689,5,34
2690,5,34
2691,5,34
2692,5,34
2693,5,34
2694,5,35
2695,5,35
2696,5,35
2697,5,35
2698,5,35
2699,5,35
2700,5,50
2701,5,51
2702,5,51
2703,5,51
2704,5,51
2705,5,51
2706,5,50
2707,5,51
2708,5,5
2709,5,1
2710,5,1
2711,5,1
2712,5,22
2713,5,55
2714,5,55
2715,5,55
2716,5,53
2717,5,53
2718,5,53
2719,5,53
2720,5,53
2721,5,33
2722,5,33
2723,5,33
2724,5,33
2725,5,36
2726,5,33
2727,5,33
2728,5,33
2729,5,33
2730,5,32
2731,5,33
2732,5,33
2733,5,34
2734,5,34
2735,5,34
2736,5,34
2737,5,51
2738,5,35
2739,5,34
2740,5,35
2741,5,35
2742,5,34
2743,5,35
2744,5,35
2745,5,35
2746,5,51
2747,5,51
2748,5,51
2749,5,28
2750,5,51
2751,5,51
2752,5,50
2753,5,51
2754,5,54
2755,5,1
2756,5,1
2757,5,1
2758,5,54
2759,5,21
2760,5,5
2761,5,55
2762,5,53
2763,5,53
2764,5,53
2765,5,53
2766,5,53
2767,5,53
2768,5,32
2769,5,33
2770,5,32
2771,5,32
2772,5,33
2773,5,33
2774,5,33
2775,5,33
2776,5,33
2777,5,32
2778,5,33
2779,5,34
2780,5,34
2781,5,34
2782,5,34
2783,5,34
2784,5,34
2785,5,35
2786,5,35
2787,5,35
2788,5,34
2789,5,35
2790,5,35
2791,5,35
2792,5,51
2793,5,51
2794,5,35
2795,5,51
2796,5,9
2797,5,9
2798,5,9
2799,5,51
2800,5,51
2801,5,1
2802,5,1
2803,5,1
2804,5,54
2805,5,21
2806,5,22
2807,5,55
2808,5,55
2809,5,5
2810,5,53
2811,5,53
2812,5,53
2813,5,53
2814,5,53
2815,5,53
2816,5,53
2817,5,53
2818,5,32
2819,5,32
2820,5,33
2821,5,34
2822,5,33
2823,5,33
2824,5,34
2825,5,32
2826,5,34
2827,5,34
2828,5,34
2829,5,34
2830,5,51
2831,5,34
2832,5,35
2833,5,35
2834,5,35
2835,5,34
2836,5,34
2837,5,35
2838,5,35
2839,5,35
2840,5,51
2841,5,35
2842,5,14
2843,5,9
2844,5,9
2845,5,8
2846,5,9
2847,5,51
2848,5,1
2849,5,2
2850,5,2
2851,5,1
2852,5,1
2853,5,1
2854,5,5
2855,5,5
2856,5,5
2857,5,53
2858,5,53
2859,5,53
2860,5,53
2861,5,53
2862,5,53
2863,5,53
2864,5,53
2865,5,53
2866,5,53
2867,5,33
2868,5,33
2869,5,33
2870,5,33
2871,5,33
2872,5,33
2873,5,34
2874,5,34
2875,5,34
2876,5,34
2877,5,34
2878,5,35
2879,5,34
2880,5,35
2881,5,35
2882,5,34
2883,5,34
2884,5,34
2885,5,34
2886,5,35
2887,5,51
2888,5,51
2889,5,51
2890,5,9
2891,5,9
2892,5,8
2893,5,8
2894,5,1
2895,5,51
2896,5,1
2897,5,1
2898,5,3
2899,5,1
2900,5,1
2901,5,20
2902,5,41
2903,5,22
2904,5,21
2905,5,7
2906,5,5
2907,5,23
2908,5,5
2909,5,5
2910,5,5
2911,5,40
2912,5,5
2913,5,55
2914,5,55
2915,5,53
2916,5,53
2917,5,53
2918,5,53
2919,5,53
2920,5,53
2921,5,53
2922,5,53
2923,5,53
2924,5,53
2925,5,55
2926,5,55
2927,5,33
2928,5,33
2929,5,34
2930,5,34
2931,5,34
2932,5,34
2933,5,34
2934,5,34
2935,5,34
2936,5,34
2937,5,35
2938,5,35
2939,5,34
2940,5,35
2941,5,34
2942,5,30
2943,5,28
2944,5,35
2945,5,14
2946,5,9
2947,5,9
2948,5,8
2949,5,8
2950,5,9
2951,5,9
2952,5,51
2953,5,1
2954,5,1
2955,5,1
2956,5,1
2957,5,1
2958,5,1
2959,5,20
2960,5,23
2961,5,5
2962,5,5
2963,5,5
2964,5,5
2965,5,5
2966,5,5
2967,5,5
2968,5,5
2969,5,5
2970,5,5
2971,5,5
2972,5,5
2973,5,40
2974,5,22
2975,5,14
2976,5,5
2977,5,5
2978,5,53
2979,5,53
2980,5,53
2981,5,53
2982,5,53
2983,5,53
2984,5,53
2985,5,53
2986,5,53
2987,5,55
2988,5,55
2989,5,46
2990,5,33
2991,5,33
2992,5,34
2993,5,34
2994,5,34
2995,5,34
2996,5,34
2997,5,34
2998,5,34
2999,5,35
3000,5,9
3001,5,9
3002,5,9
3003,5,9
3004,5,18
3005,5,31
3006,5,28
3007,5,9
3008,5,9
3009,5,9
3010,5,9
3011,5,8
3012,5,8
3013,5,9
3014,5,9
3015,5,51
3016,5,1
3017,5,1
3018,5,1
3019,5,1
3020,5,1
3021,5,1
3022,5,21
3023,5,40
3024,5,21
3025,5,5
3026,5,5
3027,5,5
3028,5,5
3029,5,5
3030,5,5
3031,5,5
3032,5,5
3033,5,5
3034,5,5
3035,5,5
3036,5,5
3037,5,5
3038,5,5
3039,5,21
3040,5,5
3041,5,22
3042,5,5
3043,5,5
3044,5,53
3045,5,53
3046,5,53
3047,5,53
3048,5,53
3049,5,53
3050,5,53
3051,5,53
3052,5,53
3053,5,53
3054,5,55
3055,5,5
3056,5,5
3057,5,33
3058,5,34
3059,5,34
3060,5,34
3061,5,34
3062,5,34
3063,5,34
3064,5,22
3065,5,23
3066,5,23
3067,5,20
3068,5,9
3069,5,9
3070,5,9
3071,5,9
3072,5,9
3073,5,9
3074,5,9
3075,5,9
3076,5,9
3077,5,9
3078,5,9
3079,5,9
3080,5,8
3081,5,9
3082,5,9
3083,5,1
3084,5,1
3085,5,1
3086,5,1
3087,5,1
3088,5,1
3089,5,23
3090,5,21
3091,5,5
3092,5,4
3093,5,5
3094,5,5
3095,5,5
3096,5,5
3097,5,5
3098,5,7
3099,5,7
3100,5,7
3101,5,7
3102,5,5
3103,5,55
3104,5,5
3105,5,5
3106,5,5
3107,5,5
3108,5,5
3109,5,21
3110,5,5
3111,5,55
3112,5,5
3113,5,53
3114,5,53
3115,5,53
3116,5,53
3117,5,53
3118,5,53
3119,5,53
3120,5,53
3121,5,55
3122,5,55
3123,5,5
3124,5,34
3125,5,34
3126,5,34
3127,5,34
3128,5,34
3129,5,34
3130,5,35
3131,5,31
3132,5,10
3133,5,9
3134,5,9
3135,5,9
3136,5,9
3137,5,9
3138,5,9
3139,5,9
3140,5,9
3141,5,9
3142,5,9
3143,5,9
3144,5,9
3145,5,8
3146,5,8
3147,5,8
3148,5,9
3149,5,9
3150,5,1
3151,5,1
3152,5,1
3153,5,1
3154,5,1
3155,5,1
3156,5,1
3157,5,23
3158,5,21
3159,5,5
3160,5,5
3161,5,5
3162,5,5
3163,5,5
3164,5,7
3165,5,7
3166,5,7
3167,5,7
3168,5,7
3169,5,7
3170,5,7
3171,5,7
3172,5,7
3173,5,7
3174,5,5
3175,5,5
3176,5,5
3177,5,5
3178,5,5
3179,5,22
3180,5,22
3181,5,5
3182,5,5
3183,5,53
3184,5,53
3185,5,53
3186,5,53
3187,5,53
3188,5,53
3189,5,53
3190,5,53
3191,5,5
3192,5,5
3193,5,49
3194,5,19
3195,5,34
3196,5,34
3197,5,34
3198,5,34
3199,5,34
3200,5,34
3201,5,10
3202,5,10
3203,5,10
3204,5,9
3205,5,9
3206,5,9
3207,5,9
3208,5,9
3209,5,9
3210,5,9
3211,5,9
3212,5,9
3213,5,9
3214,5,9
3215,5,8
3216,5,8
3217,5,8
3218,5,8
3219,5,15
3220,5,1
3221,5,1
3222,5,1
3223,5,1
3224,5,1
3225,5,21
3226,5,1
3227,5,23
3228,5,4
3229,5,5
3230,5,4
3231,5,5
3232,5,4
3233,5,7
3234,5,7
3235,5,7
3236,5,7
3237,5,7
3238,5,7
3239,5,7
3240,5,7
3241,5,7
3242,5,7
3243,5,7
3244,5,7
3245,5,7
3246,5,7
3247,5,5
3248,5,5
3249,5,5
3250,5,40
3251,5,21
3252,5,5
3253,5,5
3254,5,53
3255,5,7
3256,5,53
3257,5,53
3258,5,53
3259,5,53
3260,5,5
3261,5,5
3262,5,34
3263,5,34
3264,5,31
3265,5,34
3266,5,34
3267,5,34
3268,5,34
3269,5,10
3270,5,10
3271,5,10
3272,5,10
3273,5,10
3274,5,9
3275,5,9
3276,5,9
3277,5,9
3278,5,9
3279,5,9
3280,5,9
3281,5,9
3282,5,9
3283,5,9
3284,5,8
3285,5,8
3286,5,8
3287,5,8
3288,5,8
3289,5,1
3290,5,1
3291,5,1
3292,5,1
3293,5,1
3294,5,1
3295,5,1
3296,5,21
3297,5,40
3298,5,5
3299,5,4
3300,5,4
3301,5,4
3302,5,7
3303,5,7
3304,5,7
3305,5,7
3306,5,7
3307,5,7
3308,5,7
3309,5,7
3310,5,7
3311,5,7
3312,5,7
3313,5,7
3314,5,7
3315,5,7
3316,5,7
3317,5,7
3318,5,7
3319,5,6
3320,5,5
3321,5,5
3322,5,22
3323,5,5
3324,5,5
3325,5,5
3326,5,55
3327,5,53
3328,5,53
3329,5,53
3330,5,5
3331,5,5
3332,5,14
3333,5,34
3334,5,31
3335,5,20
3336,5,34
3337,5,34
3338,5,31
3339,5,31
3340,5,10
3341,5,9
3342,5,10
3343,5,9
3344,5,9
3345,5,9
3346,5,9
3347,5,9
3348,5,9
3349,5,9
3350,5,9
3351,5,9
3352,5,9
3353,5,9
3354,5,9
3355,5,8
3356,5,8
3357,5,8
3358,5,9
3359,5,15
3360,5,1
3361,5,1
3362,5,1
3363,5,1
3364,5,1
3365,5,1
3366,5,1
3367,5,23
3368,5,4
3369,5,4
3370,5,4
3371,5,4
3372,5,6
3373,5,7
3374,5,7
3375,5,7
3376,5,7
3377,5,7
3378,5,7
3379,5,7
3380,5,7
3381,5,7
3382,5,7
3383,5,7
3384,5,7
3385,5,7
3386,5,7
3387,5,7
3388,5,7
3389,5,7
3390,5,7
3391,5,14
3392,5,5
3393,5,5
3394,5,22
3395,5,21
3396,5,5
3397,5,5
3398,5,5
3399,5,5
3400,5,5
3401,5,5
3402,5,5
3403,5,5
3404,5,31
3405,5,31
3406,5,34
3407,5,31
3408,5,34
3409,5,28
3410,5,11
3411,5,10
3412,5,10
3413,5,9
3414,5,10
3415,5,9
3416,5,9
3417,5,9
3418,5,9
3419,5,9
3420,5,9
3421,5,9
3422,5,9
3423,5,9
3424,5,8
3425,5,9
3426,5,8
3427,5,8
3428,5,8
3429,5,8
3430,5,9
3431,5,1
3432,5,1
3433,5,1
3434,5,1
3435,5,1
3436,5,1
3437,5,1
3438,5,23
3439,5,22
3440,5,4
3441,5,5
3442,5,4
3443,5,4
3444,5,7
3445,5,7
3446,5,7
3447,5,7
3448,5,7
3449,5,7
3450,5,14
3451,5,7
3452,5,7
3453,5,14
3454,5,7
3455,5,7
3456,5,7
3457,5,7
3458,5,7
3459,5,7
3460,5,7
3461,5,7
3462,5,7
3463,5,7
3464,5,14
3465,5,5
3466,5,5
3467,5,21
3468,5,45
3469,5,5
3470,5,5
3471,5,5
3472,5,5
3473,5,14
3474,5,5
3475,5,31
3476,5,34
3477,5,31
3478,5,28
3479,5,28
3480,5,19
3481,5,10
3482,5,10
3483,5,10
3484,5,10
3485,5,10
3486,5,10
3487,5,9
3488,5,9
3489,5,9
3490,5,9
3491,5,9
3492,5,9
3493,5,9
3494,5,8
3495,5,9
3496,5,9
3497,5,9
3498,5,8
3499,5,8
3500,5,8
3501,5,8
3502,5,8
3503,5,1
3504,5,8
3505,5,1
3506,5,1
3507,5,1
3508,5,1
3509,5,1
3510,5,1
3511,5,40
3512,5,4
3513,5,4
3514,5,5
3515,5,5
3516,5,7
3517,5,7
3518,5,7
3519,5,7
3520,5,7
3521,5,6
3522,5,7
3523,5,7
3524,5,7
3525,5,7
3526,5,7
3527,5,7
3528,5,14
3529,5,7
3530,5,7
3531,5,7
3532,5,7
3533,5,7
3534,5,13
3535,5,14
3536,5,7
3537,5,14
3538,5,7
3539,5,14
3540,5,5
3541,5,5
3542,5,21
3543,5,20
3544,5,21
3545,5,5
3546,5,5
3547,5,5
3548,5,14
3549,5,46
3550,5,31
3551,5,31
3552,5,31
3553,5,5
3554,5,35
3555,5,35
3556,5,19
3557,5,10
3558,5,10
3559,5,10
3560,5,10
3561,5,9
3562,5,9
3563,5,9
3564,5,9
3565,5,9
3566,5,9
3567,5,9
3568,5,9
3569,5,9
3570,5,8
3571,5,8
3572,5,8
3573,5,8
3574,5,9
3575,5,8
3576,5,8
3577,5,8
3578,5,8
3579,5,9
3580,5,8
3581,5,8
3582,5,8
3583,5,8
3584,5,8
3585,5,1
3586,5,1
3587,5,22
3588,5,4
3589,5,4
3590,5,4
3591,5,4
3592,5,6
3593,5,6
3594,5,6
3595,5,7
3596,5,7
3597,5,6
3598,5,6
3599,5,13
3600,5,13
3601,5,6
3602,5,13
3603,5,7
3604,5,7
3605,5,14
3606,5,14
3607,5,7
3608,5,6
3609,5,14
3610,5,6
3611,5,53
3612,5,14
3613,5,31
3614,5,14
3615,5,14
3616,5,14
3617,5,14
3618,5,5
3619,5,5
3620,5,5
3621,5,5
3622,5,5
3623,5,5
3624,5,5
3625,5,31
3626,5,31
3627,5,31
3628,5,31
3629,5,28
3630,5,28
3631,5,11
3632,5,19
3633,5,10
3634,5,10
3635,5,10
3636,5,10
3637,5,9
3638,5,9
3639,5,9
3640,5,9
3641,5,9
3642,5,9
3643,5,9
3644,5,9
3645,5,9
3646,5,9
3647,5,8
3648,5,8
3649,5,8
3650,5,8
3651,5,8
3652,5,8
3653,5,8
3654,5,8
3655,5,8
3656,5,8
3657,5,8
3658,5,9
3659,5,8
3660,5,20
3661,5,1
3662,5,21
3663,5,21
3664,5,4
3665,5,4
3666,5,4
3667,5,6
3668,5,6
3669,5,6
3670,5,6
3671,5,13
3672,5,13
3673,5,13
3674,5,13
3675,5,6
3676,5,13
3677,5,0
3678,5,13
3679,5,13
3680,5,7
3681,5,14
3682,5,28
3683,5,14
3684,5,6
3685,5,13
3686,5,13
3687,5,13
3688,5,14
3689,5,14
3690,5,14
3691,5,14
3692,5,14
3693,5,14
3694,5,50
3695,5,33
3696,5,14
3697,5,5
3698,5,5
3699,5,21
3700,5,31
3701,5,31
3702,5,31
3703,5,28
3704,5,30
3705,5,51
3706,5,11
3707,5,10
3708,5,10
3709,5,10
3710,5,9
3711,5,10
3712,5,10
3713,5,9
3714,5,8
3715,5,13
3716,5,9
3717,5,9
3718,5,9
3719,5,9
3720,5,9
3721,5,9
3722,5,9
3723,5,8
3724,5,8
3725,5,8
3726,5,8
3727,5,8
3728,5,8
3729,5,8
3730,5,8
3731,5,8
3732,5,1
3733,5,8
3734,5,8
3735,5,8
3736,5,1
3737,5,1
3738,5,4
3739,5,4
3740,5,4
3741,5,4
3742,5,6
3743,5,13
3744,5,13
3745,5,13
3746,5,13
3747,5,13
3748,5,13
3749,5,13
3750,5,13
3751,5,13
3752,5,13
3753,5,13
3754,5,13
3755,5,13
3756,5,14
3757,5,28
3758,5,14
3759,5,6
3760,5,13
3761,5,13
3762,5,13
3763,5,6
3764,5,14
3765,5,14
3766,5,28
3767,5,15
3768,5,28
3769,5,14
3770,5,5
3771,5,31
3772,5,31
3773,5,31
3774,5,31
3775,5,31
3776,5,31
3777,5,31
3778,5,31
3779,5,34
3780,5,28
3781,5,10
3782,5,10
3783,5,9
3784,5,10
3785,5,10
3786,5,10
3787,5,10
3788,5,9
3789,5,9
3790,5,9
3791,5,9
3792,5,10
3793,5,9
3794,5,9
3795,5,9
3796,5,9
3797,5,8
3798,5,8
3799,5,8
3800,5,8
3801,5,8
3802,5,8
3803,5,8
3804,5,8
3805,5,8
3806,5,8
3807,5,8
3808,5,8
3809,5,1
3810,5,1
3811,5,1
3812,5,22
3813,5,22
3814,5,4
3815,5,4
3816,5,4
3817,5,6
3818,5,13
3819,5,13
3820,5,13
3821,5,13
3822,5,13
3823,5,13
3824,5,13
3825,5,13
3826,5,13
3827,5,0
3828,5,13
3829,5,13
3830,5,13
3831,5,13
3832,5,14
3833,5,14
3834,5,14
3835,5,6
3836,5,14
3837,5,13
3838,5,13
3839,5,14
3840,5,14
3841,5,14
3842,5,14
3843,5,28
3844,5,31
3845,5,31
3846,5,31
3847,5,31
3848,5,31
3849,5,31
3850,5,30
3851,5,31
3852,5,31
3853,5,31
3854,5,31
3855,5,35
3856,5,10
3857,5,10
3858,5,10
3859,5,10
3860,5,11
3861,5,10
3862,5,10
3863,5,9
3864,5,9
3865,5,9
3866,5,13
3867,5,9
3868,5,9
3869,5,9
3870,5,8
3871,5,8
3872,5,9
3873,5,8
3874,5,8
3875,5,8
3876,5,8
3877,5,8
3878,5,8
3879,5,8
3880,5,8
3881,5,8
3882,5,8
3883,5,1
3884,5,8
3885,5,1
3886,5,1
3887,5,20
3888,5,21
3889,5,4
3890,5,4
3891,5,4
3892,5,6
3893,5,13
3894,5,13
3895,5,13
3896,5,13
3897,5,13
3898,5,13
3899,5,13
3900,5,13
3901,5,13
3902,5,13
3903,5,13
3904,5,13
3905,5,13
3906,5,13
3907,5,13
3908,5,14
3909,5,14
3910,5,13
3911,5,13
3912,5,13
3913,5,13
3914,5,52
3915,5,14
3916,5,28
3917,5,28
3918,5,39
3919,5,28
3920,5,31
3921,5,31
3922,5,31
3923,5,31
3924,5,5
3925,5,31
3926,5,31
3927,5,30
3928,5,31
3929,5,31
3930,5,31
3931,5,10
3932,5,10
3933,5,10
3934,5,10
3935,5,10
3936,5,10
3937,5,10
3938,5,10
3939,5,10
3940,5,9
3941,5,9
3942,5,9
3943,5,9
3944,5,8
3945,5,8
3946,5,9
3947,5,8
3948,5,8
3949,5,8
3950,5,8
3951,5,8
3952,5,8
3953,5,8
3954,5,8
3955,5,8
3956,5,8
3957,5,8
3958,5,8
3959,5,8
3960,5,8
3961,5,20
3962,5,4
3963,5,4
3964,5,4
3965,5,6
3966,5,13
3967,5,13
3968,5,13
3969,5,13
3970,5,13
3971,5,13
3972,5,13
3973,5,13
3974,5,13
3975,5,13
3976,5,13
3977,5,6
3978,5,13
3979,5,6
3980,5,6
3981,5,13
3982,5,13
3983,5,13
3984,5,13
3985,5,13
3986,5,13
3987,5,13
3988,5,14
3989,5,14
3990,5,28
3991,5,39
3992,5,39
3993,5,31
3994,5,31
3995,5,31
3996,5,31
3997,5,30
3998,5,31
3999,5,31
4000,5,31
4001,5,31
4002,5,28
4003,5,31
4004,5,10
4005,5,10
4006,5,10
4007,5,10
4008,5,19
4009,5,10
4010,5,10
4011,5,10
4012,5,25
4013,5,9
4014,5,9
4015,5,9
4016,5,9
4017,5,9
4018,5,9
4019,5,8
4020,5,8
4021,5,8
4022,5,8
4023,5,8
4024,5,8
4025,5,8
4026,5,8
4027,5,8
4028,5,8
4029,5,8
4030,5,8
4031,5,8
4032,5,1
4033,5,2
4034,5,20
4035,5,22
4036,5,21
4037,5,4
4038,5,4
4039,5,6
4040,5,13
4041,5,13
4042,5,13
4043,5,13
4044,5,13
4045,5,13
4046,5,13
4047,5,13
4048,5,13
4049,5,13
4050,5,13
4051,5,0
4052,5,13
4053,5,13
4054,5,13
4055,5,13
4056,5,13
4057,5,13
4058,5,13
4059,5,6
4060,5,13
4061,5,14
4062,5,28
4063,5,15
4064,5,28
4065,5,46
4066,5,31
4067,5,31
4068,5,31
4069,5,31
4070,5,31
4071,5,31
4072,5,31
4073,5,30
4074,5,30
4075,5,30
4076,5,31
4077,5,30
4078,5,19
4079,5,17
4080,5,9
4081,5,9
4082,5,23
4083,5,0
4084,5,19
4085,5,19
4086,5,10
4087,5,10
4088,5,8
4089,5,9
4090,5,9
4091,5,9
4092,5,9
4093,5,8
4094,5,8
4095,5,9
4096,5,8
4097,5,8
4098,5,8
4099,5,8
4100,5,8
4101,5,8
4102,5,29
4103,5,8
4104,5,19
4105,5,20
4106,5,21
4107,5,23
4108,5,22
4109,5,21
4110,5,4
4111,5,6
4112,5,13
4113,5,13
4114,5,13
4115,5,13
4116,5,0
4117,5,17
4118,5,21
4119,5,0
4120,5,0
4121,5,0
4122,5,13
4123,5,22
4124,5,23
4125,5,0
4126,5,0
4127,5,0
4128,5,0
4129,5,0
4130,5,0
4131,5,13
4132,5,14
4133,5,28
4134,5,28
4135,5,28
4136,5,28
4137,5,28
4138,5,39
4139,5,31
4140,5,30
4141,5,31
4142,5,30
4143,5,30
4144,5,30
4145,5,31
4146,5,30
4147,5,31
4148,5,28
4149,5,26
4150,5,11
4151,5,11
4152,5,11
4153,5,10
4154,5,19
4155,5,11
4156,5,10
4157,5,10
4158,5,10
4159,5,10
4160,5,10
4161,5,8
4162,5,8
4163,5,10
4164,5,8
4165,5,8
4166,5,8
4167,5,8
4168,5,8
4169,5,8
4170,5,8
4171,5,8
4172,5,8
4173,5,8
4174,5,8
4175,5,8
4176,5,8
4177,5,1
4178,5,20
4179,5,5
4180,5,4
4181,5,4
4182,5,6
4183,5,13
4184,5,13
4185,5,13
4186,5,13
4187,5,13
4188,5,6
4189,5,2
4190,5,4
4191,5,6
4192,5,13
4193,5,13
4194,5,0
4195,5,0
4196,5,13
4197,5,13
4198,5,13
4199,5,13
4200,5,13
4201,5,13
4202,5,14
4203,5,15
4204,5,31
4205,5,15
4206,5,14
4207,5,39
4208,5,31
4209,5,39
4210,5,31
4211,5,31
4212,5,31
4213,5,30
4214,5,30
4215,5,30
4216,5,28
4217,5,28
4218,5,31
4219,5,28
4220,5,11
4221,5,10
4222,5,11
4223,5,11
4224,5,11
4225,5,19
4226,5,10
4227,5,10
4228,5,11
4229,5,10
4230,5,10
4231,5,10
4232,5,10
4233,5,10
4234,5,10
4235,5,8
4236,5,10
4237,5,8
4238,5,8
4239,5,8
4240,5,8
4241,5,8
4242,5,8
4243,5,8
4244,5,10
4245,5,8
4246,5,24
4247,5,18
4248,5,17
4249,5,21
4250,5,4
4251,5,4
4252,5,4
4253,5,13
4254,5,13
4255,5,13
4256,5,13
4257,5,0
4258,5,6
4259,5,4
4260,5,13
4261,5,13
4262,5,14
4263,5,13
4264,5,0
4265,5,13
4266,5,13
4267,5,6
4268,5,13
4269,5,13
4270,5,13
4271,5,13
4272,5,15
4273,5,31
4274,5,15
4275,5,5
4276,5,28
4277,5,28
4278,5,28
4279,5,31
4280,5,30
4281,5,30
4282,5,31
4283,5,30
4284,5,31
4285,5,30
4286,5,30
4287,5,28
4288,5,28
4289,5,11
4290,5,11
4291,5,11
4292,5,10
4293,5,11
4294,5,11
4295,5,19
4296,5,11
4297,5,10
4298,5,10
4299,5,10
4300,5,10
4301,5,10
4302,5,11
4303,5,10
4304,5,10
4305,5,10
4306,5,10
4307,5,10
4308,5,10
4309,5,10
4310,5,10
4311,5,8
4312,5,8
4313,5,8
4314,5,10
4315,5,18
4316,5,1
4317,5,23
4318,5,21
4319,5,4
4320,5,4
4321,5,4
4322,5,6
4323,5,13
4324,5,13
4325,5,13
4326,5,13
4327,5,4
4328,5,6
4329,5,13
4330,5,13
4331,5,13
4332,5,13
4333,5,13
4334,5,13
4335,5,14
4336,5,14
4337,5,14
4338,5,13
4339,5,13
4340,5,15
4341,5,15
4342,5,28
4343,5,14
4344,5,14
4345,5,28
4346,5,28
4347,5,30
4348,5,30
4349,5,30
4350,5,30
4351,5,30
4352,5,30
4353,5,31
4354,5,29
4355,5,30
4356,5,29
4357,5,29
4358,5,11
4359,5,11
4360,5,11
4361,5,24
4362,5,11
4363,5,11
4364,5,19
4365,5,11
4366,5,11
4367,5,11
4368,5,24
4369,5,24
4370,5,18
4371,5,24
4372,5,24
4373,5,24
4374,5,24
4375,5,16
4376,5,11
4377,5,10
4378,5,10
4379,5,10
4380,5,10
4381,5,10
4382,5,10
4383,5,1
4384,5,1
4385,5,23
4386,5,21
4387,5,4
4388,5,4
4389,5,4
4390,5,6
4391,5,13
4392,5,13
4393,5,13
4394,5,13
4395,5,13
4396,5,13
4397,5,13
4398,5,13
4399,5,13
4400,5,13
4401,5,0
4402,5,14
4403,5,14
4404,5,15
4405,5,15
4406,5,14
4407,5,14
4408,5,15
4409,5,29
4410,5,15
4411,5,15
4412,5,14
4413,5,29
4414,5,30
4415,5,30
4416,5,30
4417,5,25
4418,5,30
4419,5,30
4420,5,30
4421,5,30
4422,5,30
4423,5,29
4424,5,29
4425,5,11
4426,5,11
4427,5,11
4428,5,10
4429,5,11
4430,5,11
4431,5,11
4432,5,17
4433,5,11
4434,5,11
4435,5,11
4436,5,24
4437,5,16
4438,5,16
4439,5,18
4440,5,17
4441,5,16
4442,5,18
4443,5,18
4444,5,18
4445,5,24
4446,5,25
4447,5,10
4448,5,25
4449,5,8
4450,5,1
4451,5,1
4452,5,22
4453,5,23
4454,5,4
4455,5,4
4456,5,4
4457,5,21
4458,5,13
4459,5,13
4460,5,13
4461,5,13
4462,5,12
4463,5,13
4464,5,13
4465,5,13
4466,5,13
4467,5,13
4468,5,13
4469,5,6
4470,5,14
4471,5,15
4472,5,14
4473,5,14
4474,5,14
4475,5,15
4476,5,28
4477,5,14
4478,5,15
4479,5,29
4480,5,29
4481,5,30
4482,5,30
4483,5,30
4484,5,30
4485,5,30
4486,5,30
4487,5,30
4488,5,29
4489,5,29
4490,5,28
4491,5,11
4492,5,11
4493,5,11
4494,5,11
4495,5,11
4496,5,11
4497,5,26
4498,5,24
4499,5,17
4500,5,16
4501,5,26
4502,5,18
4503,5,16
4504,5,17
4505,5,17
4506,5,16
4507,5,17
4508,5,18
4509,5,18
4510,5,16
4511,5,19
4512,5,25
4513,5,25
4514,5,10
4515,5,18
4516,5,21
4517,5,20
4518,5,40
4519,5,21
4520,5,4
4521,5,4
4522,5,4
4523,5,6
4524,5,13
4525,5,13
4526,5,12
4527,5,13
4528,5,13
4529,5,13
4530,5,13
4531,5,13
4532,5,6
4533,5,6
4534,5,14
4535,5,14
4536,5,15
4537,5,14
4538,5,14
4539,5,14
4540,5,15
4541,5,15
4542,5,14
4543,5,29
4544,5,29
4545,5,29
4546,5,30
4547,5,24
4548,5,30
4549,5,30
4550,5,30
4551,5,30
4552,5,30
4553,5,29
4554,5,29
4555,5,29
4556,5,11
4557,5,11
4558,5,11
4559,5,11
4560,5,11
4561,5,11
4562,5,11
4563,5,24
4564,5,19
4565,5,16
4566,5,18
4567,5,18
4568,5,18
4569,5,19
4570,5,17
4571,5,17
4572,5,17
4573,5,16
4574,5,17
4575,5,19
4576,5,17
4577,5,18
4578,5,18
4579,5,19
4580,5,18
4581,5,23
4582,5,23
4583,5,4
4584,5,4
4585,5,4
4586,5,4
4587,5,6
4588,5,13
4589,5,13
4590,5,13
4591,5,13
4592,5,12
4593,5,13
4594,5,6
4595,5,14
4596,5,6
4597,5,14
4598,5,14
4599,5,14
4600,5,15
4601,5,15
4602,5,28
4603,5,15
4604,5,15
4605,5,14
4606,5,14
4607,5,29
4608,5,14
4609,5,29
4610,5,29
4611,5,29
4612,5,30
4613,5,30
4614,5,30
4615,5,30
4616,5,29
4617,5,31
4618,5,29
4619,5,11
4620,5,11
4621,5,11
4622,5,11
4623,5,11
4624,5,27
4625,5,24
4626,5,16
4627,5,17
4628,5,16
4629,5,16
4630,5,25
4631,5,16
4632,5,17
4633,5,17
4634,5,18
4635,5,18
4636,5,16
4637,5,19
4638,5,19
4639,5,19
4640,5,18
4641,5,20
4642,5,18
4643,5,23
4644,5,21
4645,5,4
4646,5,4
4647,5,4
4648,5,6
4649,5,6
4650,5,6
4651,5,13
4652,5,13
4653,5,6
4654,5,6
4655,5,6
4656,5,14
4657,5,14
4658,5,15
4659,5,14
4660,5,15
4661,5,14
4662,5,15
4663,5,15
4664,5,28
4665,5,29
4666,5,29
4667,5,15
4668,5,14
4669,5,14
4670,5,14
4671,5,30
4672,5,29
4673,5,30
4674,5,30
4675,5,29
4676,5,30
4677,5,29
4678,5,29
4679,5,26
4680,5,11
4681,5,11
4682,5,11
4683,5,11
4684,5,11
4685,5,11
4686,5,24
4687,5,16
4688,5,19
4689,5,24
4690,5,16
4691,5,16
4692,5,24
4693,5,16
4694,5,18
4695,5,16
4696,5,19
4697,5,19
4698,5,19
4699,5,19
4700,5,19
4701,5,20
4702,5,20
4703,5,23
4704,5,21
4705,5,4
4706,5,3
4707,5,4
4708,5,4
4709,5,4
4710,5,6
4711,5,6
4712,5,6
4713,5,6
4714,5,6
4715,5,14
4716,5,14
4717,5,14
4718,5,14
4719,5,14
4720,5,15
4721,5,15
4722,5,14
4723,5,15
4724,5,15
4725,5,14
4726,5,14
4727,5,6
4728,5,15
4729,5,14
4730,5,13
4731,5,30
4732,5,29
4733,5,30
4734,5,24
4735,5,29
4736,5,30
4737,5,29
4738,5,26
4739,5,11
4740,5,11
4741,5,11
4742,5,26
4743,5,11
4744,5,26
4745,5,25
4746,5,24
4747,5,18
4748,5,19
4749,5,17
4750,5,17
4751,5,17
4752,5,25
4753,5,24
4754,5,18
4755,5,18
4756,5,19
4757,5,20
4758,5,19
4759,5,19
4760,5,20
4761,5,23
4762,5,21
4763,5,4
4764,5,4
4765,5,4
4766,5,4
4767,5,6
4768,5,6
4769,5,6
4770,5,13
4771,5,13
4772,5,13
4773,5,13
4774,5,13
4775,5,13
4776,5,13
4777,5,14
4778,5,15
4779,5,28
4780,5,14
4781,5,15
4782,5,13
4783,5,14
4784,5,14
4785,5,13
4786,5,14
4787,5,15
4788,5,30
4789,5,30
4790,5,30
4791,5,30
4792,5,30
4793,5,29
4794,5,30
4795,5,26
4796,5,26
4797,5,11
4798,5,11
4799,5,26
4800,5,26
4801,5,26
4802,5,24
4803,5,24
4804,5,17
4805,5,19
4806,5,17
4807,5,17
4808,5,17
4809,5,25
4810,5,24
4811,5,18
4812,5,19
4813,5,19
4814,5,19
4815,5,20
4816,5,20
4817,5,23
4818,5,41
4819,5,21
4820,5,4
4821,5,4
4822,5,4
4823,5,6
4824,5,14
4825,5,13
4826,5,13
4827,5,13
4828,5,13
4829,5,13
4830,5,13
4831,5,13
4832,5,13
4833,5,14
4834,5,14
4835,5,15
4836,5,15
4837,5,14
4838,5,15
4839,5,29
4840,5,13
4841,5,12
4842,5,26
4843,5,29
4844,5,30
4845,5,30
4846,5,30
4847,5,30
4848,5,24
4849,5,29
4850,5,29
4851,5,26
4852,5,11
4853,5,11
4854,5,16
4855,5,11
4856,5,11
4857,5,24
4858,5,16
4859,5,18
4860,5,17
4861,5,17
4862,5,16
4863,5,17
4864,5,18
4865,5,25
4866,5,25
4867,5,25
4868,5,19
4869,5,19
4870,5,19
4871,5,20
4872,5,23
4873,5,22
4874,5,39
4875,5,4
4876,5,21
4877,5,4
4878,5,14
4879,5,13
4880,5,13
4881,5,13
4882,5,13
4883,5,13
4884,5,12
4885,5,13
4886,5,15
4887,5,15
4888,5,14
4889,5,14
4890,5,15
4891,5,15
4892,5,29
4893,5,29
4894,5,29
4895,5,29
4896,5,26
4897,5,29
4898,5,30
4899,5,30
4900,5,30
4901,5,30
4902,5,30
4903,5,29
4904,5,26
4905,5,11
4906,5,12
4907,5,11
4908,5,11
4909,5,26
4910,5,26
4911,5,24
4912,5,16
4913,5,16
4914,5,16
4915,5,20
4916,5,16
4917,5,17
4918,5,19
4919,5,18
4920,5,25
4921,5,25
4922,5,18
4923,5,19
4924,5,20
4925,5,23
4926,5,4
4927,5,4
4928,5,4
4929,5,4
4930,5,14
4931,5,13
4932,5,13
4933,5,13
4934,5,13
4935,5,13
4936,5,13
4937,5,13
4938,5,13
4939,5,29
4940,5,15
4941,5,15
4942,5,15
4943,5,14
4944,5,29
4945,5,15
4946,5,29
4947,5,29
4948,5,29
4949,5,29
4950,5,30
4951,5,30
4952,5,30
4953,5,30
4954,5,29
4955,5,26
4956,5,26
4957,5,11
4958,5,11
4959,5,26
4960,5,26
4961,5,26
4962,5,26
4963,5,24
4964,5,18
4965,5,18
4966,5,16
4967,5,19
4968,5,19
4969,5,18
4970,5,25
4971,5,25
4972,5,25
4973,5,18
4974,5,19
4975,5,20
4976,5,23
4977,5,20
4978,5,1
4979,5,4
4980,5,4
4981,5,14
4982,5,13
4983,5,12
4984,5,13
4985,5,13
4986,5,13
4987,5,12
4988,5,13
4989,5,12
4990,5,29
4991,5,15
4992,5,29
4993,5,15
4994,5,15
4995,5,29
4996,5,29
4997,5,29
4998,5,29
4999,5,30
5000,5,24
5001,5,29
5002,5,30
5003,5,30
5004,5,29
5005,5,26
5006,5,26
5007,5,12
5008,5,11
5009,5,26
5010,5,11
5011,5,11
5012,5,27
5013,5,24
5014,5,24
5015,5,17
5016,5,16
5017,5,16
5018,5,19
5019,5,16
5020,5,18
5021,5,18
5022,5,25
5023,5,19
5024,5,18
5025,5,20
5026,5,20
5027,5,41
5028,5,40
5029,5,4
5030,5,4
5031,5,4
5032,5,6
5033,5,13
5034,5,13
5035,5,13
5036,5,13
5037,5,13
5038,5,13
5039,5,13
5040,5,12
5041,5,12
5042,5,12
5043,5,28
5044,5,29
5045,5,29
5046,5,29
5047,5,29
5048,5,29
5049,5,29
5050,5,30
5051,5,29
5052,5,29
5053,5,29
5054,5,26
5055,5,26
5056,5,26
5057,5,26
5058,5,11
5059,5,26
5060,5,26
5061,5,26
5062,5,27
5063,5,25
5064,5,16
5065,5,16
5066,5,17
5067,5,16
5068,5,16
5069,5,17
5070,5,16
5071,5,19
5072,5,16
5073,5,25
5074,5,25
5075,5,18
5076,5,20
5077,5,23
5078,5,21
5079,5,4
5080,5,4
5081,5,4
5082,5,12
5083,5,13
5084,5,13
5085,5,13
5086,5,13
5087,5,13
5088,5,12
5089,5,13
5090,5,12
5091,5,12
5092,5,12
5093,5,29
5094,5,29
5095,5,31
5096,5,31
5097,5,28
5098,5,30
5099,5,28
5100,5,30
5101,5,29
5102,5,29
5103,5,26
5104,5,26
5105,5,26
5106,5,11
5107,5,11
5108,5,26
5109,5,26
5110,5,26
5111,5,25
5112,5,24
5113,5,24
5114,5,25
5115,5,24
5116,5,16
5117,5,24
5118,5,25
5119,5,24
5120,5,25
5121,5,25
5122,5,25
5123,5,25
5124,5,25
5125,5,20
5126,5,3
5127,5,4
5128,5,4
5129,5,6
5130,5,12
5131,5,12
5132,5,13
5133,5,13
5134,5,13
5135,5,12
5136,5,12
5137,5,26
5138,5,12
5139,5,12
5140,5,14
5141,5,29
5142,5,29
5143,5,28
5144,5,29
5145,5,28
5146,5,31
5147,5,29
5148,5,29
5149,5,26
5150,5,26
5151,5,26
5152,5,26
5153,5,26
5154,5,26
5155,5,26
5156,5,26
5157,5,26
5158,5,25
5159,5,17
5160,5,16
5161,5,16
5162,5,24
5163,5,18
5164,5,18
5165,5,19
5166,5,25
5167,5,25
5168,5,25
5169,5,25
5170,5,25
5171,5,25
5172,5,20
5173,5,23
5174,5,22
5175,5,3
5176,5,3
5177,5,3
5178,5,12
5179,5,13
5180,5,13
5181,5,13
5182,5,13
5183,5,13
5184,5,12
5185,5,12
5186,5,12
5187,5,12
5188,5,12
5189,5,29
5190,5,29
5191,5,29
5192,5,15
5193,5,29
5194,5,29
5195,5,29
5196,5,29
5197,5,26
5198,5,26
5199,5,26
5200,5,26
5201,5,26
5202,5,26
5203,5,26
5204,5,26
5205,5,27
5206,5,16
5207,5,24
5208,5,16
5209,5,24
5210,5,24
5211,5,18
5212,5,24
5213,5,19
5214,5,25
5215,5,16
5216,5,25
5217,5,25
5218,5,25
5219,5,25
5220,5,18
5221,5,23
5222,5,21
5223,5,4
5224,5,4
5225,5,12
5226,5,12
5227,5,13
5228,5,13
5229,5,13
5230,5,13
5231,5,12
5232,5,12
5233,5,12
5234,5,12
5235,5,12
5236,5,29
5237,5,15
5238,5,35
5239,5,28
5240,5,29
5241,5,29
5242,5,29
5243,5,29
5244,5,26
5245,5,26
5246,5,26
5247,5,26
5248,5,26
5249,5,26
5250,5,26
5251,5,24
5252,5,24
5253,5,24
5254,5,24
5255,5,17
5256,5,24
5257,5,24
5258,5,25
5259,5,24
5260,5,24
5261,5,25
5262,5,24
5263,5,25
5264,5,27
5265,5,25
5266,5,25
5267,5,25
5268,5,18
5269,5,41
5270,5,4
5271,5,3
5272,5,12
5273,5,12
5274,5,12
5275,5,12
5276,5,13
5277,5,13
5278,5,12
5279,5,12
5280,5,12
5281,5,12
5282,5,12
5283,5,26
5284,5,12
5285,5,15
5286,5,15
5287,5,15
5288,5,29
5289,5,15
5290,5,29
5291,5,26
5292,5,26
5293,5,26
5294,5,26
5295,5,26
5296,5,26
5297,5,24
5298,5,24
5299,5,16
5300,5,24
5301,5,16
5302,5,25
5303,5,24
5304,5,24
5305,5,24
5306,5,25
5307,5,19
5308,5,24
5309,5,24
5310,5,25
5311,5,27
5312,5,25
5313,5,25
5314,5,25
5315,5,19
5316,5,4
5317,5,3
5318,5,3
5319,5,12
5320,5,12
5321,5,13
5322,5,12
5323,5,12
5324,5,12
5325,5,12
5326,5,12
5327,5,12
5328,5,12
5329,5,12
5330,5,26
5331,5,12
5332,5,15
5333,5,29
5334,5,29
5335,5,15
5336,5,15
5337,5,26
5338,5,26
5339,5,26
5340,5,26
5341,5,24
5342,5,24
5343,5,24
5344,5,24
5345,5,24
5346,5,24
5347,5,25
5348,5,24
5349,5,25
5350,5,24
5351,5,25
5352,5,25
5353,5,19
5354,5,18
5355,5,27
5356,5,27
5357,5,27
5358,5,25
5359,5,25
5360,5,25
5361,5,20
5362,5,23
5363,5,1
5364,5,3
5365,5,12
5366,5,12
5367,5,12
5368,5,13
5369,5,12
5370,5,12
5371,5,26
5372,5,12
5373,5,12
5374,5,12
5375,5,26
5376,5,12
5377,5,12
5378,5,16
5379,5,26
5380,5,12
5381,5,26
5382,5,26
5383,5,26
5384,5,26
5385,5,26
5386,5,24
5387,5,24
5388,5,24
5389,5,16
5390,5,24
5391,5,16
5392,5,24
5393,5,24
5394,5,24
5395,5,25
5396,5,24
5397,5,25
5398,5,24
5399,5,25
5400,5,27
5401,5,27
5402,5,27
5403,5,25
5404,5,25
5405,5,27
5406,5,25
5407,5,20
5408,5,21
5409,5,3
5410,5,3
5411,5,12
5412,5,12
5413,5,12
5414,5,12
5415,5,12
5416,5,26
5417,5,26
5418,5,12
5419,5,12
5420,5,12
5421,5,12
5422,5,26
5423,5,12
5424,5,26
5425,5,12
5426,5,26
5427,5,26
5428,5,26
5429,5,26
5430,5,24
5431,5,24
5432,5,24
5433,5,16
5434,5,17
5435,5,24
5436,5,24
5437,5,25
5438,5,24
5439,5,16
5440,5,24
5441,5,24
5442,5,27
5443,5,27
5444,5,27
5445,5,27
5446,5,27
5447,5,27
5448,5,25
5449,5,25
5450,5,8
5451,5,25
5452,5,22
5453,5,23
5454,5,3
5455,5,3
5456,5,12
5457,5,12
5458,5,12
5459,5,12
5460,5,12
5461,5,12
5462,5,12
5463,5,24
5464,5,12
5465,5,26
5466,5,12
5467,5,26
5468,5,26
5469,5,26
5470,5,26
5471,5,26
5472,5,26
5473,5,27
5474,5,24
5475,5,24
5476,5,16
5477,5,16
5478,5,24
5479,5,24
5480,5,25
5481,5,30
5482,5,24
5483,5,24
5484,5,24
5485,5,24
5486,5,27
5487,5,27
5488,5,27
5489,5,27
5490,5,27
5491,5,27
5492,5,27
5493,5,27
5494,5,25
5495,5,25
5496,5,20
5497,5,21
5498,5,4
5499,5,3
5500,5,12
5501,5,12
5502,5,12
5503,5,12
5504,5,12
5505,5,12
5506,5,12
5507,5,12
5508,5,26
5509,5,12
5510,5,27
5511,5,26
5512,5,27
5513,5,26
5514,5,27
5515,5,24
5516,5,24
5517,5,24
5518,5,24
5519,5,24
5520,5,16
5521,5,24
5522,5,25
5523,5,24
5524,5,24
5525,5,24
5526,5,25
5527,5,27
5528,5,25
5529,5,27
5530,5,27
5531,5,27
5532,5,27
5533,5,27
5534,5,27
5535,5,27
5536,5,27
5537,5,25
5538,5,25
5539,5,20
5540,5,22
5541,5,20
5542,5,3
5543,5,3
5544,5,12
5545,5,12
5546,5,12
5547,5,12
5548,5,12
5549,5,26
5550,5,12
5551,5,12
5552,5,26
5553,5,26
5554,5,27
5555,5,27
5556,5,24
5557,5,24
5558,5,24
5559,5,24
5560,5,24
5561,5,24
5562,5,24
5563,5,24
5564,5,24
5565,5,25
5566,5,24
5567,5,24
5568,5,27
5569,5,27
5570,5,27
5571,5,27
5572,5,27
5573,5,27
5574,5,27
5575,5,27
5576,5,27
5577,5,27
5578,5,27
5579,5,2
5580,5,25
5581,5,18
5582,5,41
5583,5,22
5584,5,3
5585,5,3
5586,5,3
5587,5,12
5588,5,12
5589,5,12
5590,5,12
5591,5,27
5592,5,26
5593,5,26
5594,5,10
5595,5,27
5596,5,27
5597,5,24
5598,5,27
5599,5,24
5600,5,27
5601,5,24
5602,5,24
5603,5,24
5604,5,24
5605,5,25
5606,5,25
5607,5,25
5608,5,24
5609,5,24
5610,5,27
5611,5,27
5612,5,27
5613,5,27
5614,5,27
5615,5,27
5616,5,27
5617,5,27
5618,5,27
5619,5,27
5620,5,2
5621,5,25
5622,5,27
5623,5,25
5624,5,22
5625,5,21
5626,5,21
5627,5,3
5628,5,12
5629,5,12
5630,5,12
5631,5,27
5632,5,12
5633,5,27
5634,5,27
5635,5,27
5636,5,27
5637,5,27
5638,5,24
5639,5,27
5640,5,24
5641,5,24
5642,5,27
5643,5,24
5644,5,24
5645,5,24
5646,5,24
5647,5,24
5648,5,25
5649,5,27
5650,5,27
5651,5,27
5652,5,27
5653,5,27
5654,5,27
5655,5,27
5656,5,27
5657,5,25
5658,5,27
5659,5,2
5660,5,25
5661,5,18
5662,5,25
5663,5,19
5664,5,23
5665,5,21
5666,5,3
5667,5,1
5668,5,12
5669,5,12
5670,5,12
5671,5,27
5672,5,27
5673,5,27
5674,5,27
5675,5,27
5676,5,27
5677,5,27
5678,5,27
5679,5,27
5680,5,27
5681,5,24
5682,5,24
5683,5,24
5684,5,24
5685,5,25
5686,5,24
5687,5,27
5688,5,27
5689,5,27
5690,5,27
5691,5,27
5692,5,27
5693,5,27
5694,5,27
5695,5,27
5696,5,23
5697,5,2
5698,5,20
5699,5,2
5700,5,20
5701,5,23
5702,5,3
5703,5,4
5704,5,3
5705,5,12
5706,5,12
5707,5,27
5708,5,27
5709,5,27
5710,5,27
5711,5,27
5712,5,27
5713,5,27
5714,5,27
5715,5,27
5716,5,27
5717,5,27
5718,5,25
5719,5,24
5720,5,25
5721,5,25
5722,5,25
5723,5,25
5724,5,25
5725,5,27
5726,5,27
5727,5,27
5728,5,20
5729,5,25
5730,5,20
5731,5,20
5732,5,41
5733,5,23
5734,5,23
5735,5,23
5736,5,40
5737,5,20
5738,5,21
5739,5,20
5740,5,27
5741,5,27
5742,5,27
5743,5,27
5744,5,27
5745,5,27
5746,5,27
5747,5,27
5748,5,27
5749,5,27
5750,5,27
5751,5,27
5752,5,24
5753,5,27
5754,5,25
5755,5,27
5756,5,27
5757,5,27
5758,5,27
5759,5,27
5760,5,27
5761,5,2
5762,5,2
5763,5,2
5764,5,1
5765,5,20
5766,5,21
5767,5,20
5768,5,40
5769,5,22
5770,5,21
5771,5,3
5772,5,4
5773,5,12
5774,5,12
5775,5,27
5776,5,27
5777,5,27
5778,5,27
5779,5,27
5780,5,27
5781,5,27
5782,5,27
5783,5,27
5784,5,27
5785,5,27
5786,5,27
5787,5,27
5788,5,27
5789,5,27
5790,5,27
5791,5,27
5792,5,27
5793,5,2
5794,5,2
5795,5,2
5796,5,2
5797,5,2
5798,5,23
5799,5,20
5800,5,22
5801,5,22
5802,5,21
5803,5,3
5804,5,3
5805,5,12
5806,5,2
5807,5,2
5808,5,27
5809,5,27
5810,5,27
5811,5,27
5812,5,27
5813,5,27
5814,5,27
5815,5,27
5816,5,27
5817,5,27
5818,5,27
5819,5,27
5820,5,27
5821,5,2
5822,5,2
5823,5,2
5824,5,2
5825,5,2
5826,5,2
5827,5,3
5828,5,2
5829,5,22
5830,5,40
5831,5,21
5832,5,3
5833,5,3
5834,5,3
5835,5,3
5836,5,2
5837,5,2
5838,5,2
5839,5,2
5840,5,27
5841,5,27
5842,5,27
5843,5,27
5844,5,2
5845,5,27
5846,5,27
5847,5,27
5848,5,2
5849,5,2
5850,5,2
5851,5,2
5852,5,2
5853,5,2
5854,5,2
5855,5,21
5856,5,23
5857,5,41
5858,5,21
5859,5,3
5860,5,21
5861,5,21
5862,5,2
5863,5,2
5864,5,3
5865,5,2
5866,5,2
5867,5,2
5868,5,2
5869,5,2
5870,5,2
5871,5,2
5872,5,2
5873,5,2
5874,5,2
5875,5,2
5876,5,2
5877,5,2
5878,5,2
5879,5,20
5880,5,20
5881,5,23
5882,5,40
5883,5,23
5884,5,20
5885,5,21
5886,5,55
5887,5,3
5888,5,2
5889,5,2
5890,5,2
5891,5,2
5892,5,2
5893,5,2
5894,5,2
5895,5,2
5896,5,2
5897,5,2
5898,5,20
5899,5,21
5900,5,23
5901,5,22
5902,5,23
5903,5,21
5904,5,20
5905,5,21
5906,5,20
5907,5,20
5908,5,20
5909,5,21
5910,5,21
5911,5,23
5912,5,40
0,6,88
1,6,90
2,6,95
3,6,125
4,6,91
5,6,43
6,6,111
7,6,88
8,6,91
9,6,95
10,6,111
11,6,111
12,6,91
13,6,111
14,6,90
15,6,111
16,6,95
17,6,90
18,6,88
19,6,88
20,6,90
21,6,88
22,6,88
23,6,88
24,6,111
25,6,125
26,6,106
27,6,111
28,6,111
29,6,106
30,6,111
31,6,111
32,6,106
33,6,111
34,6,111
35,6,111
36,6,111
37,6,111
38,6,111
39,6,111
40,6,111
41,6,111
42,6,111
43,6,111
44,6,111
45,6,111
46,6,111
47,6,90
48,6,111
49,6,91
50,6,111
51,6,111
52,6,111
53,6,90
54,6,88
55,6,80
56,6,81
57,6,81
58,6,86
59,6,125
60,6,125
61,6,126
62,6,126
63,6,126
64,6,113
65,6,106
66,6,106
67,6,106
68,6,106
69,6,106
70,6,106
71,6,111
72,6,111
73,6,106
74,6,106
75,6,114
76,6,111
77,6,111
78,6,111
79,6,111
80,6,111
81,6,111
82,6,91
83,6,111
84,6,114
85,6,88
86,6,111
87,6,111
88,6,111
89,6,95
90,6,111
91,6,111
92,6,111
93,6,111
94,6,111
95,6,90
96,6,80
97,6,125
98,6,126
99,6,126
100,6,126
101,6,126
102,6,126
103,6,114
104,6,114
105,6,114
106,6,112
107,6,114
108,6,114
109,6,114
110,6,114
111,6,114
112,6,114
113,6,114
114,6,114
115,6,112
116,6,114
117,6,114
118,6,114
119,6,115
120,6,114
121,6,104
122,6,104
123,6,104
124,6,114
125,6,114
126,6,125
127,6,111
128,6,111
129,6,111
130,6,111
131,6,106
132,6,111
133,6,111
134,6,111
135,6,111
136,6,111
137,6,111
138,6,90
139,6,87
140,6,125
141,6,126
142,6,126
143,6,126
144,6,126
145,6,126
146,6,113
147,6,114
148,6,112
149,6,114
150,6,114
151,6,114
152,6,114
153,6,114
154,6,114
155,6,114
156,6,104
157,6,89
158,6,83
159,6,83
160,6,82
161,6,86
162,6,114
163,6,114
164,6,114
165,6,114
166,6,114
167,6,114
168,6,114
169,6,114
170,6,115
171,6,104
172,6,114
173,6,115
174,6,114
175,6,111
176,6,111
177,6,111
178,6,111
179,6,111
180,6,111
181,6,111
182,6,111
183,6,111
184,6,111
185,6,88
186,6,125
187,6,125
188,6,125
189,6,126
190,6,126
191,6,126
192,6,112
193,6,114
194,6,113
195,6,114
196,6,114
197,6,114
198,6,114
199,6,114
200,6,114
201,6,114
202,6,115
203,6,114
204,6,85
205,6,83
206,6,83
207,6,114
208,6,114
209,6,114
210,6,114
211,6,114
212,6,114
213,6,114
214,6,104
215,6,89
216,6,114
217,6,104
218,6,115
219,6,105
220,6,104
221,6,104
222,6,104
223,6,111
224,6,111
225,6,111
226,6,111
227,6,111
228,6,111
229,6,111
230,6,111
231,6,111
232,6,91
233,6,80
234,6,82
235,6,124
236,6,125
237,6,126
238,6,126
239,6,113
240,6,113
241,6,114
242,6,114
243,6,114
244,6,114
245,6,114
246,6,114
247,6,114
248,6,114
249,6,114
250,6,114
251,6,114
252,6,114
253,6,115
254,6,85
255,6,114
256,6,114
257,6,114
258,6,114
259,6,114
260,6,114
261,6,114
262,6,114
263,6,86
264,6,114
265,6,114
266,6,114
267,6,114
268,6,104
269,6,114
270,6,114
271,6,104
272,6,104
273,6,106
274,6,111
275,6,104
276,6,95
277,6,111
278,6,111
279,6,111
280,6,111
281,6,111
282,6,42
283,6,125
284,6,124
285,6,126
286,6,126
287,6,113
288,6,114
289,6,114
290,6,114
291,6,114
292,6,114
293,6,114
294,6,114
295,6,114
296,6,114
297,6,114
298,6,112
299,6,114
300,6,117
301,6,114
302,6,112
303,6,85
304,6,89
305,6,113
306,6,114
307,6,114
308,6,114
309,6,114
310,6,115
311,6,114
312,6,82
313,6,89
314,6,115
315,6,114
316,6,115
317,6,115
318,6,115
319,6,115
320,6,115
321,6,117
322,6,104
323,6,104
324,6,104
325,6,111
326,6,111
327,6,111
328,6,111
329,6,95
330,6,111
331,6,111
332,6,111
333,6,90
334,6,84
335,6,125
336,6,126
337,6,126
338,6,126
339,6,84
340,6,88
341,6,114
342,6,114
343,6,114
344,6,113
345,6,114
346,6,114
347,6,114
348,6,114
349,6,112
350,6,114
351,6,113
352,6,114
353,6,117
354,6,114
355,6,114
356,6,88
357,6,113
358,6,114
359,6,118
360,6,115
361,6,117
362,6,115
363,6,115
364,6,115
365,6,89
366,6,104
367,6,115
368,6,104
369,6,115
370,6,114
371,6,115
372,6,115
373,6,104
374,6,97
375,6,115
376,6,97
377,6,114
378,6,114
379,6,104
380,6,111
381,6,111
382,6,111
383,6,111
384,6,111
385,6,110
386,6,111
387,6,90
388,6,84
389,6,124
390,6,126
391,6,126
392,6,113
393,6,114
394,6,113
395,6,112
396,6,112
397,6,114
398,6,114
399,6,114
400,6,114
401,6,114
402,6,114
403,6,114
404,6,114
405,6,116
406,6,112
407,6,113
408,6,117
409,6,112
410,6,117
411,6,118
412,6,83
413,6,85
414,6,118
415,6,118
416,6,97
417,6,118
418,6,118
419,6,118
420,6,118
421,6,117
422,6,115
423,6,105
424,6,115
425,6,104
426,6,104
427,6,115
428,6,104
429,6,118
430,6,104
431,6,104
432,6,115
433,6,105
434,6,104
435,6,104
436,6,104
437,6,105
438,6,111
439,6,111
440,6,111
441,6,111
442,6,111
443,6,108
444,6,111
445,6,111
446,6,81
447,6,84
448,6,126
449,6,126
450,6,126
451,6,113
452,6,113
453,6,112
454,6,114
455,6,112
456,6,114
457,6,114
458,6,114
459,6,112
460,6,112
461,6,115
462,6,117
463,6,117
464,6,117
465,6,117
466,6,117
467,6,116
468,6,99
469,6,116
470,6,117
471,6,116
472,6,82
473,6,82
474,6,118
475,6,118
476,6,118
477,6,118
478,6,117
479,6,117
480,6,118
481,6,117
482,6,89
483,6,97
484,6,115
485,6,118
486,6,105
487,6,115
488,6,105
489,6,115
490,6,115
491,6,114
492,6,105
493,6,104
494,6,104
495,6,97
496,6,104
497,6,104
498,6,104
499,6,106
500,6,111
501,6,108
502,6,111
503,6,111
504,6,111
505,6,111
506,6,108
507,6,80
508,6,84
509,6,124
510,6,126
511,6,126
512,6,113
513,6,113
514,6,114
515,6,114
516,6,112
517,6,114
518,6,112
519,6,112
520,6,114
521,6,114
522,6,112
523,6,117
524,6,116
525,6,116
526,6,118
527,6,116
528,6,117
529,6,116
530,6,117
531,6,117
532,6,117
533,6,116
534,6,87
535,6,82
536,6,85
537,6,91
538,6,119
539,6,117
540,6,117
541,6,118
542,6,117
543,6,118
544,6,118
545,6,118
546,6,79
547,6,119
548,6,119
549,6,118
550,6,105
551,6,104
552,6,115
553,6,118
554,6,118
555,6,105
556,6,97
557,6,97
558,6,97
559,6,105
560,6,105
561,6,104
562,6,115
563,6,104
564,6,108
565,6,108
566,6,108
567,6,108
568,6,111
569,6,126
570,6,108
571,6,91
572,6,86
573,6,124
574,6,124
575,6,113
576,6,113
577,6,112
578,6,113
579,6,112
580,6,112
581,6,112
582,6,112
583,6,112
584,6,116
585,6,116
586,6,116
587,6,114
588,6,114
589,6,116
590,6,116
591,6,116
592,6,121
593,6,123
594,6,116
595,6,116
596,6,121
597,6,121
598,6,123
599,6,123
600,6,123
601,6,78
602,6,123
603,6,123
604,6,116
605,6,117
606,6,118
607,6,117
608,6,118
609,6,118
610,6,118
611,6,118
612,6,78
613,6,123
614,6,119
615,6,119
616,6,118
617,6,115
618,6,115
619,6,104
620,6,97
621,6,97
622,6,97
623,6,97
624,6,118
625,6,97
626,6,105
627,6,105
628,6,105
629,6,115
630,6,104
631,6,108
632,6,111
633,6,108
634,6,108
635,6,108
636,6,111
637,6,111
638,6,87
639,6,85
640,6,124
641,6,124
642,6,124
643,6,113
644,6,112
645,6,114
646,6,113
647,6,113
648,6,112
649,6,112
650,6,117
651,6,123
652,6,79
653,6,122
654,6,122
655,6,123
656,6,120
657,6,120
658,6,123
659,6,123
660,6,79
661,6,79
662,6,122
663,6,123
664,6,79
665,6,123
666,6,79
667,6,123
668,6,123
669,6,123
670,6,78
671,6,123
672,6,123
673,6,123
674,6,116
675,6,117
676,6,117
677,6,119
678,6,117
679,6,119
680,6,78
681,6,119
682,6,119
683,6,119
684,6,117
685,6,115
686,6,118
687,6,97
688,6,97
689,6,97
690,6,97
691,6,97
692,6,97
693,6,97
694,6,97
695,6,97
696,6,104
697,6,105
698,6,105
699,6,105
700,6,108
701,6,108
702,6,109
703,6,108
704,6,108
705,6,108
706,6,77
707,6,82
708,6,124
709,6,124
710,6,124
711,6,113
712,6,113
713,6,113
714,6,112
715,6,113
716,6,112
717,6,112
718,6,113
719,6,120
720,6,116
721,6,120
722,6,123
723,6,123
724,6,123
725,6,122
726,6,117
727,6,120
728,6,122
729,6,120
730,6,122
731,6,120
732,6,122
733,6,122
734,6,121
735,6,123
736,6,123
737,6,123
738,6,123
739,6,122
740,6,123
741,6,119
742,6,123
743,6,123
744,6,116
745,6,119
746,6,119
747,6,119
748,6,119
749,6,117
750,6,118
751,6,119
752,6,119
753,6,99
754,6,119
755,6,118
756,6,97
757,6,97
758,6,97
759,6,97
760,6,97
761,6,97
762,6,97
763,6,97
764,6,97
765,6,105
766,6,105
767,6,105
768,6,105
769,6,105
770,6,108
771,6,108
772,6,108
773,6,111
774,6,108
775,6,108
776,6,94
777,6,84
778,6,124
779,6,124
780,6,126
781,6,113
782,6,112
783,6,112
784,6,112
785,6,112
786,6,113
787,6,113
788,6,113
789,6,112
790,6,116
791,6,116
792,6,116
793,6,113
794,6,120
795,6,120
796,6,123
797,6,120
798,6,120
799,6,123
800,6,122
801,6,122
802,6,122
803,6,120
804,6,116
805,6,117
806,6,116
807,6,123
808,6,119
809,6,116
810,6,121
811,6,119
812,6,117
813,6,117
814,6,118
815,6,117
816,6,118
817,6,119
818,6,119
819,6,117
820,6,118
821,6,118
822,6,97
823,6,118
824,6,119
825,6,119
826,6,78
827,6,119
828,6,97
829,6,97
830,6,97
831,6,97
832,6,97
833,6,97
834,6,97
835,6,97
836,6,105
837,6,105
838,6,105
839,6,105
840,6,105
841,6,108
842,6,108
843,6,108
844,6,108
845,6,108
846,6,111
847,6,90
848,6,124
849,6,124
850,6,124
851,6,127
852,6,113
853,6,113
854,6,113
855,6,113
856,6,112
857,6,112
858,6,112
859,6,112
860,6,113
861,6,120
862,6,120
863,6,120
864,6,120
865,6,120
866,6,120
867,6,122
868,6,122
869,6,122
870,6,122
871,6,122
872,6,120
873,6,120
874,6,116
875,6,117
876,6,116
877,6,121
878,6,116
879,6,121
880,6,117
881,6,117
882,6,117
883,6,116
884,6,117
885,6,118
886,6,117
887,6,118
888,6,118
889,6,97
890,6,119
891,6,118
892,6,97
893,6,118
894,6,118
895,6,118
896,6,119
897,6,123
898,6,123
899,6,119
900,6,97
901,6,118
902,6,97
903,6,97
904,6,97
905,6,97
906,6,97
907,6,97
908,6,97
909,6,97
910,6,105
911,6,105
912,6,96
913,6,108
914,6,108
915,6,108
916,6,108
917,6,108
918,6,111
919,6,85
920,6,125
921,6,124
922,6,124
923,6,124
924,6,113
925,6,113
926,6,113
927,6,112
928,6,112
929,6,112
930,6,113
931,6,113
932,6,113
933,6,113
934,6,116
935,6,120
936,6,120
937,6,120
938,6,123
939,6,123
940,6,122
941,6,122
942,6,122
943,6,122
944,6,121
945,6,121
946,6,116
947,6,121
948,6,116
949,6,123
950,6,123
951,6,123
952,6,123
953,6,116
954,6,117
955,6,116
956,6,116
957,6,117
958,6,117
959,6,118
960,6,118
961,6,118
962,6,91
963,6,97
964,6,99
965,6,97
966,6,99
967,6,116
968,6,119
969,6,119
970,6,78
971,6,119
972,6,119
973,6,97
974,6,97
975,6,97
976,6,97
977,6,97
978,6,97
979,6,96
980,6,97
981,6,96
982,6,105
983,6,105
984,6,105
985,6,108
986,6,108
987,6,95
988,6,109
989,6,109
990,6,108
991,6,90
992,6,85
993,6,79
994,6,125
995,6,124
996,6,124
997,6,113
998,6,113
999,6,113
1000,6,112
1001,6,113
1002,6,113
1003,6,113
1004,6,112
1005,6,113
1006,6,113
1007,6,113
1008,6,120
1009,6,120
1010,6,120
1011,6,123
1012,6,122
1013,6,122
1014,6,122
1015,6,122
1016,6,116
1017,6,116
1018,6,123
1019,6,123
1020,6,121
1021,6,123
1022,6,123
1023,6,79
1024,6,78
1025,6,122
1026,6,78
1027,6,123
1028,6,116
1029,6,116
1030,6,117
1031,6,119
1032,6,118
1033,6,97
1034,6,97
1035,6,118
1036,6,118
1037,6,97
1038,6,97
1039,6,97
1040,6,97
1041,6,97
1042,6,99
1043,6,119
1044,6,123
1045,6,99
1046,6,97
1047,6,97
1048,6,97
1049,6,97
1050,6,97
1051,6,96
1052,6,97
1053,6,97
1054,6,97
1055,6,105
1056,6,105
1057,6,105
1058,6,105
1059,6,108
1060,6,109
1061,6,108
1062,6,108
1063,6,109
1064,6,108
1065,6,85
1066,6,125
1067,6,124
1068,6,124
1069,6,113
1070,6,113
1071,6,113
1072,6,112
1073,6,112
1074,6,112
1075,6,113
1076,6,113
1077,6,113
1078,6,113
1079,6,113
1080,6,113
1081,6,113
1082,6,120
1083,6,122
1084,6,122
1085,6,122
1086,6,126
1087,6,122
1088,6,79
1089,6,121
1090,6,122
1091,6,121
1092,6,123
1093,6,123
1094,6,78
1095,6,78
1096,6,78
1097,6,79
1098,6,123
1099,6,79
1100,6,123
1101,6,123
1102,6,123
1103,6,121
1104,6,119
1105,6,119
1106,6,118
1107,6,118
1108,6,118
1109,6,97
1110,6,118
1111,6,118
1112,6,97
1113,6,97
1114,6,99
1115,6,97
1116,6,118
1117,6,119
1118,6,119
1119,6,99
1120,6,99
1121,6,97
1122,6,99
1123,6,97
1124,6,96
1125,6,97
1126,6,97
1127,6,97
1128,6,96
1129,6,105
1130,6,105
1131,6,105
1132,6,108
1133,6,108
1134,6,108
1135,6,108
1136,6,108
1137,6,109
1138,6,94
1139,6,80
1140,6,124
1141,6,124
1142,6,124
1143,6,113
1144,6,113
1145,6,113
1146,6,113
1147,6,113
1148,6,113
1149,6,113
1150,6,113
1151,6,113
1152,6,126
1153,6,126
1154,6,122
1155,6,126
1156,6,122
1157,6,122
1158,6,122
1159,6,122
1160,6,122
1161,6,79
1162,6,79
1163,6,122
1164,6,121
1165,6,122
1166,6,122
1167,6,78
1168,6,79
1169,6,78
1170,6,79
1171,6,79
1172,6,79
1173,6,122
1174,6,122
1175,6,122
1176,6,123
1177,6,117
1178,6,117
1179,6,119
1180,6,119
1181,6,119
1182,6,119
1183,6,118
1184,6,118
1185,6,118
1186,6,119
1187,6,97
1188,6,118
1189,6,97
1190,6,97
1191,6,97
1192,6,119
1193,6,99
1194,6,119
1195,6,99
1196,6,97
1197,6,97
1198,6,96
1199,6,97
1200,6,97
1201,6,97
1202,6,97
1203,6,96
1204,6,97
1205,6,96
1206,6,105
1207,6,10
1208,6,108
1209,6,109
1210,6,109
1211,6,109
1212,6,108
1213,6,85
1214,6,124
1215,6,124
1216,6,124
1217,6,113
1218,6,113
1219,6,113
1220,6,113
1221,6,113
1222,6,112
1223,6,126
1224,6,124
1225,6,126
1226,6,126
1227,6,126
1228,6,126
1229,6,126
1230,6,126
1231,6,122
1232,6,79
1233,6,79
1234,6,79
1235,6,78
1236,6,79
1237,6,79
1238,6,79
1239,6,79
1240,6,79
1241,6,79
1242,6,79
1243,6,79
1244,6,122
1245,6,122
1246,6,122
1247,6,122
1248,6,122
1249,6,122
1250,6,117
1251,6,119
1252,6,119
1253,6,118
1254,6,118
1255,6,117
1256,6,119
1257,6,119
1258,6,118
1259,6,119
1260,6,118
1261,6,119
1262,6,99
1263,6,99
1264,6,97
1265,6,97
1266,6,99
1267,6,119
1268,6,99
1269,6,99
1270,6,118
1271,6,97
1272,6,97
1273,6,96
1274,6,96
1275,6,97
1276,6,96
1277,6,96
1278,6,105
1279,6,105
1280,6,105
1281,6,109
1282,6,109
1283,6,108
1284,6,109
1285,6,108
1286,6,81
1287,6,89
1288,6,124
1289,6,124
1290,6,124
1291,6,124
1292,6,106
1293,6,106
1294,6,124
1295,6,124
1296,6,124
1297,6,125
1298,6,126
1299,6,124
1300,6,126
1301,6,126
1302,6,126
1303,6,126
1304,6,122
1305,6,79
1306,6,79
1307,6,79
1308,6,79
1309,6,78
1310,6,78
1311,6,79
1312,6,79
1313,6,79
1314,6,79
1315,6,77
1316,6,77
1317,6,77
1318,6,122
1319,6,122
1320,6,122
1321,6,123
1322,6,117
1323,6,119
1324,6,119
1325,6,119
1326,6,119
1327,6,119
1328,6,119
1329,6,119
1330,6,119
1331,6,118
1332,6,118
1333,6,117
1334,6,118
1335,6,119
1336,6,99
1337,6,99
1338,6,97
1339,6,97
1340,6,119
1341,6,99
1342,6,99
1343,6,99
1344,6,97
1345,6,97
1346,6,97
1347,6,96
1348,6,101
1349,6,96
1350,6,100
1351,6,105
1352,6,105
1353,6,105
1354,6,105
1355,6,108
1356,6,109
1357,6,109
1358,6,109
1359,6,90
1360,6,80
1361,6,84
1362,6,89
1363,6,86
1364,6,89
1365,6,86
1366,6,81
1367,6,81
1368,6,125
1369,6,125
1370,6,125
1371,6,126
1372,6,125
1373,6,126
1374,6,79
1375,6,79
1376,6,79
1377,6,79
1378,6,79
1379,6,79
1380,6,79
1381,6,79
1382,6,79
1383,6,77
1384,6,77
1385,6,79
1386,6,77
1387,6,77
1388,6,77
1389,6,77
1390,6,126
1391,6,121
1392,6,119
1393,6,119
1394,6,117
1395,6,119
1396,6,119
1397,6,119
1398,6,104
1399,6,119
1400,6,118
1401,6,118
1402,6,118
1403,6,118
1404,6,99
1405,6,118
1406,6,99
1407,6,97
1408,6,97
1409,6,97
1410,6,119
1411,6,99
1412,6,99
1413,6,99
1414,6,99
1415,6,98
1416,6,97
1417,6,97
1418,6,101
1419,6,96
1420,6,96
1421,6,96
1422,6,96
1423,6,105
1424,6,100
1425,6,109
1426,6,109
1427,6,109
1428,6,109
1429,6,109
1430,6,85
1431,6,125
1432,6,125
1433,6,79
1434,6,79
1435,6,79
1436,6,79
1437,6,91
1438,6,79
1439,6,79
1440,6,79
1441,6,77
1442,6,77
1443,6,77
1444,6,77
1445,6,77
1446,6,77
1447,6,77
1448,6,77
1449,6,75
1450,6,77
1451,6,75
1452,6,123
1453,6,117
1454,6,119
1455,6,119
1456,6,119
1457,6,119
1458,6,119
1459,6,115
1460,6,119
1461,6,118
1462,6,119
1463,6,119
1464,6,98
1465,6,118
1466,6,118
1467,6,119
1468,6,97
1469,6,97
1470,6,97
1471,6,119
1472,6,99
1473,6,99
1474,6,99
1475,6,99
1476,6,99
1477,6,97
1478,6,96
1479,6,98
1480,6,97
1481,6,96
1482,6,100
1483,6,100
1484,6,96
1485,6,96
1486,6,109
1487,6,108
1488,6,109
1489,6,108
1490,6,109
1491,6,90
1492,6,87
1493,6,77
1494,6,79
1495,6,79
1496,6,79
1497,6,79
1498,6,79
1499,6,79
1500,6,77
1501,6,79
1502,6,77
1503,6,77
1504,6,77
1505,6,77
1506,6,77
1507,6,75
1508,6,74
1509,6,75
1510,6,75
1511,6,74
1512,6,72
1513,6,117
1514,6,119
1515,6,119
1516,6,119
1517,6,119
1518,6,119
1519,6,119
1520,6,119
1521,6,118
1522,6,99
1523,6,119
1524,6,99
1525,6,118
1526,6,119
1527,6,99
1528,6,118
1529,6,99
1530,6,97
1531,6,99
1532,6,99
1533,6,99
1534,6,78
1535,6,78
1536,6,99
1537,6,96
1538,6,96
1539,6,96
1540,6,96
1541,6,96
1542,6,100
1543,6,96
1544,6,100
1545,6,96
1546,6,105
1547,6,109
1548,6,108
1549,6,109
1550,6,109
1551,6,94
1552,6,83
1553,6,79
1554,6,79
1555,6,79
1556,6,77
1557,6,77
1558,6,79
1559,6,77
1560,6,79
1561,6,77
1562,6,77
1563,6,77
1564,6,75
1565,6,75
1566,6,74
1567,6,75
1568,6,75
1569,6,75
1570,6,75
1571,6,75
1572,6,75
1573,6,74
1574,6,73
1575,6,73
1576,6,73
1577,6,73
1578,6,73
1579,6,99
1580,6,99
1581,6,99
1582,6,99
1583,6,99
1584,6,99
1585,6,99
1586,6,99
1587,6,99
1588,6,99
1589,6,99
1590,6,99
1591,6,99
1592,6,99
1593,6,78
1594,6,78
1595,6,99
1596,6,98
1597,6,96
1598,6,96
1599,6,100
1600,6,96
1601,6,96
1602,6,100
1603,6,100
1604,6,96
1605,6,105
1606,6,109
1607,6,109
1608,6,109
1609,6,109
1610,6,79
1611,6,86
1612,6,79
1613,6,125
1614,6,77
1615,6,77
1616,6,90
1617,6,77
1618,6,77
1619,6,77
1620,6,75
1621,6,75
1622,6,75
1623,6,75
1624,6,75
1625,6,75
1626,6,75
1627,6,75
1628,6,75
1629,6,75
1630,6,75
1631,6,73
1632,6,73
1633,6,73
1634,6,73
1635,6,73
1636,6,73
1637,6,73
1638,6,73
1639,6,119
1640,6,99
1641,6,99
1642,6,99
1643,6,98
1644,6,96
1645,6,97
1646,6,99
1647,6,99
1648,6,99
1649,6,99
1650,6,99
1651,6,78
1652,6,78
1653,6,78
1654,6,99
1655,6,99
1656,6,96
1657,6,96
1658,6,96
1659,6,96
1660,6,100
1661,6,96
1662,6,96
1663,6,96
1664,6,109
1665,6,109
1666,6,109
1667,6,109
1668,6,109
1669,6,85
1670,6,89
1671,6,77
1672,6,77
1673,6,88
1674,6,77
1675,6,77
1676,6,75
1677,6,75
1678,6,75
1679,6,75
1680,6,75
1681,6,75
1682,6,75
1683,6,75
1684,6,75
1685,6,75
1686,6,75
1687,6,75
1688,6,75
1689,6,73
1690,6,73
1691,6,73
1692,6,73
1693,6,73
1694,6,73
1695,6,73
1696,6,76
1697,6,99
1698,6,99
1699,6,99
1700,6,99
1701,6,98
1702,6,99
1703,6,99
1704,6,99
1705,6,98
1706,6,99
1707,6,99
1708,6,78
1709,6,78
1710,6,78
1711,6,99
1712,6,29
1713,6,96
1714,6,96
1715,6,96
1716,6,96
1717,6,96
1718,6,96
1719,6,100
1720,6,100
1721,6,100
1722,6,109
1723,6,109
1724,6,109
1725,6,109
1726,6,81
1727,6,87
1728,6,77
1729,6,77
1730,6,77
1731,6,77
1732,6,75
1733,6,75
1734,6,74
1735,6,75
1736,6,75
1737,6,75
1738,6,75
1739,6,75
1740,6,75
1741,6,75
1742,6,75
1743,6,75
1744,6,75
1745,6,73
1746,6,73
1747,6,73
1748,6,73
1749,6,73
1750,6,73
1751,6,76
1752,6,78
1753,6,78
1754,6,99
1755,6,99
1756,6,98
1757,6,98
1758,6,99
1759,6,99
1760,6,98
1761,6,119
1762,6,99
1763,6,98
1764,6,99
1765,6,78
1766,6,78
1767,6,99
1768,6,99
1769,6,96
1770,6,98
1771,6,96
1772,6,96
1773,6,96
1774,6,96
1775,6,100
1776,6,96
1777,6,100
1778,6,109
1779,6,109
1780,6,109
1781,6,109
1782,6,81
1783,6,77
1784,6,77
1785,6,75
1786,6,75
1787,6,75
1788,6,75
1789,6,75
1790,6,74
1791,6,75
1792,6,75
1793,6,75
1794,6,75
1795,6,75
1796,6,75
1797,6,75
1798,6,76
1799,6,75
1800,6,73
1801,6,75
1802,6,73
1803,6,73
1804,6,73
1805,6,76
1806,6,78
1807,6,78
1808,6,76
1809,6,73
1810,6,99
1811,6,99
1812,6,98
1813,6,118
1814,6,98
1815,6,97
1816,6,98
1817,6,99
1818,6,98
1819,6,99
1820,6,78
1821,6,78
1822,6,78
1823,6,98
1824,6,98
1825,6,96
1826,6,101
1827,6,96
1828,6,101
1829,6,96
1830,6,100
1831,6,100
1832,6,100
1833,6,96
1834,6,109
1835,6,109
1836,6,109
1837,6,90
1838,6,84
1839,6,77
1840,6,75
1841,6,77
1842,6,75
1843,6,75
1844,6,75
1845,6,75
1846,6,75
1847,6,75
1848,6,75
1849,6,75
1850,6,76
1851,6,76
1852,6,76
1853,6,76
1854,6,76
1855,6,75
1856,6,74
1857,6,73
1858,6,73
1859,6,73
1860,6,73
1861,6,76
1862,6,73
1863,6,73
1864,6,73
1865,6,99
1866,6,99
1867,6,99
1868,6,98
1869,6,98
1870,6,99
1871,6,98
1872,6,97
1873,6,99
1874,6,99
1875,6,78
1876,6,78
1877,6,78
1878,6,98
1879,6,101
1880,6,101
1881,6,103
1882,6,100
1883,6,100
1884,6,100
1885,6,100
1886,6,100
1887,6,100
1888,6,100
1889,6,74
1890,6,109
1891,6,109
1892,6,80
1893,6,77
1894,6,77
1895,6,75
1896,6,75
1897,6,75
1898,6,75
1899,6,75
1900,6,75
1901,6,75
1902,6,75
1903,6,76
1904,6,76
1905,6,76
1906,6,76
1907,6,78
1908,6,76
1909,6,75
1910,6,73
1911,6,73
1912,6,73
1913,6,73
1914,6,73
1915,6,73
1916,6,73
1917,6,73
1918,6,73
1919,6,65
1920,6,98
1921,6,98
1922,6,98
1923,6,98
1924,6,98
1925,6,98
1926,6,97
1927,6,97
1928,6,99
1929,6,78
1930,6,78
1931,6,98
1932,6,101
1933,6,101
1934,6,101
1935,6,96
1936,6,100
1937,6,100
1938,6,100
1939,6,100
1940,6,100
1941,6,100
1942,6,100
1943,6,109
1944,6,109
1945,6,109
1946,6,45
1947,6,86
1948,6,77
1949,6,75
1950,6,74
1951,6,74
1952,6,73
1953,6,75
1954,6,75
1955,6,75
1956,6,75
1957,6,76
1958,6,78
1959,6,76
1960,6,76
1961,6,76
1962,6,76
1963,6,75
1964,6,75
1965,6,73
1966,6,72
1967,6,73
1968,6,73
1969,6,73
1970,6,73
1971,6,73
1972,6,73
1973,6,65
1974,6,98
1975,6,65
1976,6,101
1977,6,98
1978,6,98
1979,6,98
1980,6,101
1981,6,101
1982,6,101
1983,6,78
1984,6,102
1985,6,101
1986,6,101
1987,6,101
1988,6,101
1989,6,101
1990,6,100
1991,6,100
1992,6,100
1993,6,100
1994,6,100
1995,6,100
1996,6,100
1997,6,109
1998,6,109
1999,6,109
2000,6,45
2001,6,77
2002,6,75
2003,6,74
2004,6,75
2005,6,75
2006,6,75
2007,6,75
2008,6,75
2009,6,76
2010,6,76
2011,6,78
2012,6,78
2013,6,78
2014,6,78
2015,6,76
2016,6,73
2017,6,75
2018,6,75
2019,6,73
2020,6,73
2021,6,73
2022,6,73
2023,6,73
2024,6,72
2025,6,73
2026,6,65
2027,6,98
2028,6,98
2029,6,98
2030,6,98
2031,6,98
2032,6,98
2033,6,101
2034,6,98
2035,6,64
2036,6,102
2037,6,102
2038,6,102
2039,6,101
2040,6,101
2041,6,101
2042,6,100
2043,6,100
2044,6,100
2045,6,100
2046,6,100
2047,6,100
2048,6,100
2049,6,100
2050,6,109
2051,6,109
2052,6,109
2053,6,94
2054,6,87
2055,6,75
2056,6,75
2057,6,74
2058,6,75
2059,6,75
2060,6,75
2061,6,75
2062,6,76
2063,6,76
2064,6,78
2065,6,78
2066,6,76
2067,6,78
2068,6,76
2069,6,75
2070,6,75
2071,6,72
2072,6,73
2073,6,73
2074,6,73
2075,6,73
2076,6,72
2077,6,73
2078,6,72
2079,6,72
2080,6,98
2081,6,98
2082,6,98
2083,6,101
2084,6,98
2085,6,99
2086,6,101
2087,6,101
2088,6,64
2089,6,64
2090,6,68
2091,6,102
2092,6,101
2093,6,100
2094,6,101
2095,6,100
2096,6,100
2097,6,100
2098,6,97
2099,6,100
2100,6,100
2101,6,100
2102,6,100
2103,6,103
2104,6,109
2105,6,109
2106,6,109
2107,6,75
2108,6,75
2109,6,74
2110,6,74
2111,6,75
2112,6,75
2113,6,75
2114,6,73
2115,6,75
2116,6,76
2117,6,76
2118,6,76
2119,6,76
2120,6,75
2121,6,75
2122,6,72
2123,6,73
2124,6,73
2125,6,75
2126,6,72
2127,6,73
2128,6,73
2129,6,73
2130,6,72
2131,6,65
2132,6,98
2133,6,98
2134,6,98
2135,6,98
2136,6,101
2137,6,101
2138,6,101
2139,6,101
2140,6,102
2141,6,70
2142,6,68
2143,6,68
2144,6,102
2145,6,101
2146,6,103
2147,6,100
2148,6,100
2149,6,100
2150,6,100
2151,6,100
2152,6,100
2153,6,100
2154,6,100
2155,6,109
2156,6,109
2157,6,109
2158,6,94
2159,6,75
2160,6,74
2161,6,75
2162,6,75
2163,6,75
2164,6,75
2165,6,75
2166,6,77
2167,6,75
2168,6,75
2169,6,76
2170,6,76
2171,6,75
2172,6,73
2173,6,74
2174,6,75
2175,6,73
2176,6,72
2177,6,85
2178,6,73
2179,6,73
2180,6,73
2181,6,72
2182,6,72
2183,6,64
2184,6,98
2185,6,98
2186,6,98
2187,6,102
2188,6,101
2189,6,101
2190,6,103
2191,6,102
2192,6,101
2193,6,69
2194,6,69
2195,6,68
2196,6,102
2197,6,102
2198,6,100
2199,6,103
2200,6,100
2201,6,103
2202,6,103
2203,6,103
2204,6,103
2205,6,100
2206,6,100
2207,6,92
2208,6,90
2209,6,109
2210,6,94
2211,6,85
2212,6,74
2213,6,75
2214,6,74
2215,6,74
2216,6,75
2217,6,75
2218,6,75
2219,6,75
2220,6,74
2221,6,74
2222,6,74
2223,6,75
2224,6,72
2225,6,72
2226,6,74
2227,6,72
2228,6,72
2229,6,84
2230,6,74
2231,6,72
2232,6,73
2233,6,73
2234,6,73
2235,6,64
2236,6,98
2237,6,98
2238,6,96
2239,6,98
2240,6,64
2241,6,96
2242,6,102
2243,6,98
2244,6,102
2245,6,68
2246,6,68
2247,6,102
2248,6,102
2249,6,101
2250,6,102
2251,6,103
2252,6,102
2253,6,103
2254,6,103
2255,6,103
2256,6,103
2257,6,103
2258,6,100
2259,6,103
2260,6,94
2261,6,109
2262,6,94
2263,6,77
2264,6,74
2265,6,74
2266,6,74
2267,6,74
2268,6,74
2269,6,74
2270,6,74
2271,6,74
2272,6,72
2273,6,72
2274,6,72
2275,6,74
2276,6,72
2277,6,74
2278,6,72
2279,6,72
2280,6,85
2281,6,73
2282,6,72
2283,6,73
2284,6,72
2285,6,65
2286,6,98
2287,6,64
2288,6,98
2289,6,98
2290,6,98
2291,6,98
2292,6,102
2293,6,100
2294,6,101
2295,6,102
2296,6,68
2297,6,68
2298,6,102
2299,6,103
2300,6,103
2301,6,103
2302,6,100
2303,6,100
2304,6,103
2305,6,100
2306,6,103
2307,6,100
2308,6,103
2309,6,103
2310,6,103
2311,6,94
2312,6,109
2313,6,94
2314,6,44
2315,6,74
2316,6,74
2317,6,74
2318,6,74
2319,6,74
2320,6,74
2321,6,74
2322,6,74
2323,6,72
2324,6,72
2325,6,72
2326,6,72
2327,6,72
2328,6,72
2329,6,72
2330,6,72
2331,6,74
2332,6,72
2333,6,72
2334,6,72
2335,6,72
2336,6,65
2337,6,64
2338,6,65
2339,6,65
2340,6,98
2341,6,98
2342,6,66
2343,6,68
2344,6,68
2345,6,68
2346,6,68
2347,6,68
2348,6,68
2349,6,68
2350,6,100
2351,6,103
2352,6,103
2353,6,103
2354,6,103
2355,6,71
2356,6,103
2357,6,103
2358,6,71
2359,6,103
2360,6,103
2361,6,100
2362,6,109
2363,6,109
2364,6,94
2365,6,82
2366,6,74
2367,6,74
2368,6,74
2369,6,74
2370,6,74
2371,6,72
2372,6,72
2373,6,72
2374,6,72
2375,6,72
2376,6,72
2377,6,72
2378,6,72
2379,6,72
2380,6,72
2381,6,72
2382,6,72
2383,6,72
2384,6,72
2385,6,72
2386,6,72
2387,6,65
2388,6,64
2389,6,66
2390,6,98
2391,6,98
2392,6,65
2393,6,68
2394,6,102
2395,6,68
2396,6,68
2397,6,102
2398,6,102
2399,6,68
2400,6,100
2401,6,103
2402,6,103
2403,6,103
2404,6,103
2405,6,103
2406,6,103
2407,6,71
2408,6,103
2409,6,103
2410,6,100
2411,6,103
2412,6,103
2413,6,43
2414,6,109
2415,6,94
2416,6,75
2417,6,73
2418,6,74
2419,6,72
2420,6,72
2421,6,72
2422,6,72
2423,6,72
2424,6,72
2425,6,72
2426,6,72
2427,6,72
2428,6,72
2429,6,72
2430,6,72
2431,6,72
2432,6,74
2433,6,72
2434,6,72
2435,6,72
2436,6,72
2437,6,66
2438,6,64
2439,6,64
2440,6,64
2441,6,98
2442,6,66
2443,6,68
2444,6,102
2445,6,68
2446,6,68
2447,6,68
2448,6,68
2449,6,71
2450,6,71
2451,6,71
2452,6,102
2453,6,103
2454,6,103
2455,6,103
2456,6,71
2457,6,103
2458,6,103
2459,6,100
2460,6,100
2461,6,103
2462,6,103
2463,6,92
2464,6,109
2465,6,109
2466,6,86
2467,6,72
2468,6,75
2469,6,72
2470,6,74
2471,6,74
2472,6,72
2473,6,74
2474,6,72
2475,6,72
2476,6,72
2477,6,72
2478,6,72
2479,6,72
2480,6,72
2481,6,72
2482,6,72
2483,6,72
2484,6,72
2485,6,72
2486,6,72
2487,6,65
2488,6,65
2489,6,65
2490,6,98
2491,6,102
2492,6,68
2493,6,68
2494,6,68
2495,6,68
2496,6,68
2497,6,71
2498,6,101
2499,6,71
2500,6,103
2501,6,71
2502,6,70
2503,6,103
2504,6,103
2505,6,103
2506,6,103
2507,6,103
2508,6,103
2509,6,103
2510,6,100
2511,6,71
2512,6,103
2513,6,109
2514,6,109
2515,6,94
2516,6,81
2517,6,75
2518,6,72
2519,6,74
2520,6,74
2521,6,74
2522,6,72
2523,6,72
2524,6,72
2525,6,72
2526,6,72
2527,6,72
2528,6,72
2529,6,72
2530,6,72
2531,6,72
2532,6,73
2533,6,73
2534,6,73
2535,6,72
2536,6,65
2537,6,64
2538,6,65
2539,6,65
2540,6,64
2541,6,102
2542,6,68
2543,6,68
2544,6,68
2545,6,68
2546,6,68
2547,6,69
2548,6,68
2549,6,71
2550,6,70
2551,6,71
2552,6,71
2553,6,100
2554,6,71
2555,6,103
2556,6,103
2557,6,103
2558,6,100
2559,6,100
2560,6,100
2561,6,103
2562,6,109
2563,6,94
2564,6,109
2565,6,109
2566,6,74
2567,6,74
2568,6,74
2569,6,72
2570,6,72
2571,6,72
2572,6,72
2573,6,72
2574,6,72
2575,6,72
2576,6,72
2577,6,74
2578,6,72
2579,6,72
2580,6,72
2581,6,73
2582,6,73
2583,6,73
2584,6,67
2585,6,72
2586,6,67
2587,6,66
2588,6,64
2589,6,64
2590,6,68
2591,6,68
2592,6,68
2593,6,69
2594,6,68
2595,6,68
2596,6,68
2597,6,68
2598,6,71
2599,6,70
2600,6,103
2601,6,71
2602,6,103
2603,6,103
2604,6,63
2605,6,31
2606,6,103
2607,6,100
2608,6,100
2609,6,100
2610,6,100
2611,6,103
2612,6,2
2613,6,2
2614,6,109
2615,6,87
2616,6,74
2617,6,74
2618,6,74
2619,6,74
2620,6,72
2621,6,72
2622,6,72
2623,6,72
2624,6,72
2625,6,72
2626,6,73
2627,6,72
2628,6,72
2629,6,72
2630,6,73
2631,6,73
2632,6,73
2633,6,65
2634,6,66
2635,6,66
2636,6,64
2637,6,99
2638,6,64
2639,6,69
2640,6,68
2641,6,68
2642,6,102
2643,6,68
2644,6,71
2645,6,69
2646,6,70
2647,6,68
2648,6,70
2649,6,68
2650,6,63
2651,6,71
2652,6,103
2653,6,71
2654,6,103
2655,6,100
2656,6,100
2657,6,100
2658,6,100
2659,6,103
2660,6,109
2661,6,42
2662,6,2
2663,6,109
2664,6,80
2665,6,74
2666,6,74
2667,6,74
2668,6,72
2669,6,74
2670,6,72
2671,6,65
2672,6,113
2673,6,107
2674,6,65
2675,6,64
2676,6,72
2677,6,72
2678,6,73
2679,6,73
2680,6,67
2681,6,65
2682,6,66
2683,6,65
2684,6,64
2685,6,65
2686,6,69
2687,6,69
2688,6,65
2689,6,68
2690,6,68
2691,6,69
2692,6,68
2693,6,69
2694,6,71
2695,6,70
2696,6,71
2697,6,70
2698,6,71
2699,6,71
2700,6,100
2701,6,103
2702,6,103
2703,6,103
2704,6,103
2705,6,103
2706,6,100
2707,6,103
2708,6,10
2709,6,2
2710,6,2
2711,6,2
2712,6,45
2713,6,110
2714,6,110
2715,6,110
2716,6,107
2717,6,107
2718,6,107
2719,6,107
2720,6,107
2721,6,67
2722,6,66
2723,6,67
2724,6,67
2725,6,72
2726,6,67
2727,6,67
2728,6,66
2729,6,67
2730,6,65
2731,6,66
2732,6,66
2733,6,69
2734,6,68
2735,6,69
2736,6,68
2737,6,103
2738,6,71
2739,6,69
2740,6,71
2741,6,70
2742,6,69
2743,6,71
2744,6,70
2745,6,71
2746,6,103
2747,6,103
2748,6,103
2749,6,56
2750,6,103
2751,6,103
2752,6,100
2753,6,103
2754,6,109
2755,6,2
2756,6,2
2757,6,2
2758,6,109
2759,6,43
2760,6,10
2761,6,110
2762,6,107
2763,6,107
2764,6,107
2765,6,107
2766,6,107
2767,6,107
2768,6,65
2769,6,67
2770,6,65
2771,6,65
2772,6,67
2773,6,66
2774,6,66
2775,6,66
2776,6,66
2777,6,64
2778,6,66
2779,6,68
2780,6,68
2781,6,68
2782,6,69
2783,6,69
2784,6,69
2785,6,70
2786,6,71
2787,6,71
2788,6,69
2789,6,70
2790,6,71
2791,6,71
2792,6,103
2793,6,103
2794,6,71
2795,6,103
2796,6,18
2797,6,18
2798,6,18
2799,6,103
2800,6,103
2801,6,2
2802,6,2
2803,6,2
2804,6,109
2805,6,42
2806,6,45
2807,6,110
2808,6,110
2809,6,10
2810,6,107
2811,6,107
2812,6,107
2813,6,107
2814,6,107
2815,6,107
2816,6,107
2817,6,107
2818,6,64
2819,6,65
2820,6,67
2821,6,69
2822,6,66
2823,6,66
2824,6,68
2825,6,65
2826,6,69
2827,6,69
2828,6,69
2829,6,69
2830,6,102
2831,6,69
2832,6,70
2833,6,71
2834,6,70
2835,6,69
2836,6,69
2837,6,70
2838,6,71
2839,6,71
2840,6,103
2841,6,71
2842,6,29
2843,6,18
2844,6,18
2845,6,17
2846,6,18
2847,6,103
2848,6,3
2849,6,5
2850,6,5
2851,6,3
2852,6,2
2853,6,2
2854,6,11
2855,6,10
2856,6,10
2857,6,107
2858,6,107
2859,6,107
2860,6,107
2861,6,107
2862,6,107
2863,6,107
2864,6,107
2865,6,107
2866,6,107
2867,6,67
2868,6,67
2869,6,67
2870,6,66
2871,6,66
2872,6,66
2873,6,69
2874,6,69
2875,6,69
2876,6,69
2877,6,69
2878,6,71
2879,6,68
2880,6,71
2881,6,70
2882,6,69
2883,6,69
2884,6,69
2885,6,69
2886,6,71
2887,6,103
2888,6,103
2889,6,103
2890,6,18
2891,6,18
2892,6,17
2893,6,17
2894,6,3
2895,6,103
2896,6,3
2897,6,2
2898,6,6
2899,6,2
2900,6,2
2901,6,41
2902,6,82
2903,6,44
2904,6,42
2905,6,15
2906,6,11
2907,6,47
2908,6,11
2909,6,11
2910,6,11
2911,6,81
2912,6,10
2913,6,110
2914,6,110
2915,6,107
2916,6,107
2917,6,107
2918,6,107
2919,6,107
2920,6,107
2921,6,107
2922,6,107
2923,6,107
2924,6,107
2925,6,110
2926,6,110
2927,6,66
2928,6,66
2929,6,69
2930,6,69
2931,6,69
2932,6,68
2933,6,68
2934,6,69
2935,6,69
2936,6,69
2937,6,71
2938,6,70
2939,6,69
2940,6,70
2941,6,69
2942,6,60
2943,6,56
2944,6,71
2945,6,29
2946,6,18
2947,6,18
2948,6,17
2949,6,17
2950,6,19
2951,6,18
2952,6,103
2953,6,3
2954,6,3
2955,6,3
2956,6,2
2957,6,2
2958,6,2
2959,6,40
2960,6,46
2961,6,11
2962,6,11
2963,6,11
2964,6,11
2965,6,11
2966,6,11
2967,6,11
2968,6,11
2969,6,11
2970,6,11
2971,6,11
2972,6,11
2973,6,81
2974,6,44
2975,6,29
2976,6,10
2977,6,10
2978,6,107
2979,6,107
2980,6,107
2981,6,107
2982,6,107
2983,6,107
2984,6,107
2985,6,107
2986,6,107
2987,6,110
2988,6,110
2989,6,93
2990,6,67
2991,6,66
2992,6,69
2993,6,69
2994,6,69
2995,6,69
2996,6,69
2997,6,69
2998,6,69
2999,6,70
3000,6,18
3001,6,18
3002,6,18
3003,6,18
3004,6,37
3005,6,63
3006,6,56
3007,6,18
3008,6,18
3009,6,18
3010,6,19
3011,6,17
3012,6,17
3013,6,18
3014,6,18
3015,6,103
3016,6,3
3017,6,2
3018,6,2
3019,6,2
3020,6,2
3021,6,2
3022,6,42
3023,6,81
3024,6,42
3025,6,11
3026,6,11
3027,6,11
3028,6,11
3029,6,11
3030,6,11
3031,6,11
3032,6,11
3033,6,11
3034,6,11
3035,6,11
3036,6,11
3037,6,11
3038,6,11
3039,6,43
3040,6,11
3041,6,45
3042,6,10
3043,6,10
3044,6,107
3045,6,107
3046,6,107
3047,6,107
3048,6,107
3049,6,107
3050,6,107
3051,6,107
3052,6,107
3053,6,107
3054,6,110
3055,6,10
3056,6,10
3057,6,66
3058,6,69
3059,6,69
3060,6,69
3061,6,69
3062,6,69
3063,6,69
3064,6,44
3065,6,47
3066,6,46
3067,6,40
3068,6,18
3069,6,18
3070,6,18
3071,6,18
3072,6,18
3073,6,18
3074,6,18
3075,6,18
3076,6,19
3077,6,19
3078,6,19
3079,6,19
3080,6,17
3081,6,18
3082,6,18
3083,6,3
3084,6,3
3085,6,2
3086,6,3
3087,6,2
3088,6,2
3089,6,46
3090,6,43
3091,6,11
3092,6,9
3093,6,11
3094,6,11
3095,6,11
3096,6,11
3097,6,11
3098,6,15
3099,6,15
3100,6,15
3101,6,15
3102,6,11
3103,6,110
3104,6,11
3105,6,11
3106,6,11
3107,6,11
3108,6,11
3109,6,43
3110,6,11
3111,6,110
3112,6,10
3113,6,107
3114,6,107
3115,6,107
3116,6,107
3117,6,107
3118,6,107
3119,6,107
3120,6,107
3121,6,110
3122,6,110
3123,6,10
3124,6,69
3125,6,69
3126,6,69
3127,6,69
3128,6,69
3129,6,69
3130,6,71
3131,6,63
3132,6,21
3133,6,18
3134,6,18
3135,6,18
3136,6,18
3137,6,18
3138,6,18
3139,6,18
3140,6,18
3141,6,18
3142,6,18
3143,6,19
3144,6,19
3145,6,17
3146,6,17
3147,6,17
3148,6,18
3149,6,18
3150,6,3
3151,6,3
3152,6,3
3153,6,2
3154,6,2
3155,6,3
3156,6,2
3157,6,47
3158,6,43
3159,6,11
3160,6,11
3161,6,11
3162,6,11
3163,6,11
3164,6,15
3165,6,15
3166,6,15
3167,6,15
3168,6,15
3169,6,15
3170,6,15
3171,6,15
3172,6,15
3173,6,15
3174,6,11
3175,6,11
3176,6,11
3177,6,11
3178,6,10
3179,6,45
3180,6,45
3181,6,10
3182,6,10
3183,6,107
3184,6,107
3185,6,107
3186,6,107
3187,6,107
3188,6,107
3189,6,107
3190,6,107
3191,6,10
3192,6,10
3193,6,98
3194,6,39
3195,6,69
3196,6,69
3197,6,69
3198,6,69
3199,6,69
3200,6,69
3201,6,21
3202,6,21
3203,6,21
3204,6,19
3205,6,19
3206,6,18
3207,6,18
3208,6,18
3209,6,18
3210,6,18
3211,6,19
3212,6,19
3213,6,19
3214,6,19
3215,6,17
3216,6,17
3217,6,16
3218,6,17
3219,6,31
3220,6,3
3221,6,3
3222,6,3
3223,6,2
3224,6,2
3225,6,42
3226,6,2
3227,6,46
3228,6,9
3229,6,11
3230,6,9
3231,6,11
3232,6,9
3233,6,15
3234,6,15
3235,6,15
3236,6,15
3237,6,15
3238,6,15
3239,6,15
3240,6,15
3241,6,14
3242,6,15
3243,6,14
3244,6,14
3245,6,14
3246,6,14
3247,6,10
3248,6,11
3249,6,10
3250,6,80
3251,6,43
3252,6,10
3253,6,10
3254,6,107
3255,6,14
3256,6,107
3257,6,107
3258,6,107
3259,6,107
3260,6,10
3261,6,10
3262,6,69
3263,6,69
3264,6,62
3265,6,69
3266,6,69
3267,6,69
3268,6,69
3269,6,21
3270,6,21
3271,6,21
3272,6,21
3273,6,21
3274,6,18
3275,6,18
3276,6,18
3277,6,18
3278,6,19
3279,6,18
3280,6,19
3281,6,19
3282,6,19
3283,6,19
3284,6,17
3285,6,17
3286,6,16
3287,6,17
3288,6,17
3289,6,3
3290,6,3
3291,6,3
3292,6,3
3293,6,2
3294,6,2
3295,6,2
3296,6,43
3297,6,81
3298,6,11
3299,6,9
3300,6,9
3301,6,9
3302,6,15
3303,6,15
3304,6,15
3305,6,15
3306,6,15
3307,6,15
3308,6,15
3309,6,15
3310,6,15
3311,6,15
3312,6,15
3313,6,15
3314,6,15
3315,6,14
3316,6,15
3317,6,14
3318,6,14
3319,6,12
3320,6,11
3321,6,11
3322,6,45
3323,6,10
3324,6,10
3325,6,10
3326,6,110
3327,6,107
3328,6,107
3329,6,107
3330,6,10
3331,6,10
3332,6,29
3333,6,69
3334,6,62
3335,6,40
3336,6,69
3337,6,69
3338,6,63
3339,6,63
3340,6,21
3341,6,19
3342,6,21
3343,6,19
3344,6,19
3345,6,19
3346,6,19
3347,6,19
3348,6,18
3349,6,18
3350,6,19
3351,6,18
3352,6,19
3353,6,19
3354,6,19
3355,6,17
3356,6,17
3357,6,17
3358,6,18
3359,6,31
3360,6,3
3361,6,3
3362,6,3
3363,6,3
3364,6,3
3365,6,2
3366,6,2
3367,6,46
3368,6,9
3369,6,9
3370,6,9
3371,6,9
3372,6,12
3373,6,15
3374,6,15
3375,6,15
3376,6,14
3377,6,15
3378,6,15
3379,6,15
3380,6,15
3381,6,14
3382,6,15
3383,6,15
3384,6,14
3385,6,15
3386,6,14
3387,6,14
3388,6,14
3389,6,14
3390,6,14
3391,6,29
3392,6,10
3393,6,10
3394,6,45
3395,6,43
3396,6,10
3397,6,10
3398,6,10
3399,6,10
3400,6,10
3401,6,10
3402,6,10
3403,6,10
3404,6,62
3405,6,62
3406,6,69
3407,6,62
3408,6,69
3409,6,56
3410,6,23
3411,6,21
3412,6,21
3413,6,19
3414,6,21
3415,6,19
3416,6,19
3417,6,19
3418,6,19
3419,6,18
3420,6,18
3421,6,18
3422,6,19
3423,6,18
3424,6,17
3425,6,19
3426,6,17
3427,6,17
3428,6,17
3429,6,16
3430,6,18
3431,6,3
3432,6,3
3433,6,2
3434,6,3
3435,6,2
3436,6,2
3437,6,3
3438,6,46
3439,6,45
3440,6,9
3441,6,11
3442,6,9
3443,6,9
3444,6,15
3445,6,15
3446,6,15
3447,6,15
3448,6,14
3449,6,14
3450,6,28
3451,6,14
3452,6,14
3453,6,29
3454,6,14
3455,6,15
3456,6,15
3457,6,14
3458,6,14
3459,6,14
3460,6,14
3461,6,14
3462,6,14
3463,6,15
3464,6,29
3465,6,10
3466,6,10
3467,6,43
3468,6,91
3469,6,10
3470,6,10
3471,6,10
3472,6,10
3473,6,29
3474,6,10
3475,6,62
3476,6,69
3477,6,62
3478,6,56
3479,6,56
3480,6,38
3481,6,21
3482,6,21
3483,6,21
3484,6,21
3485,6,21
3486,6,21
3487,6,19
3488,6,18
3489,6,19
3490,6,19
3491,6,19
3492,6,19
3493,6,18
3494,6,17
3495,6,19
3496,6,19
3497,6,19
3498,6,17
3499,6,17
3500,6,16
3501,6,17
3502,6,17
3503,6,3
3504,6,17
3505,6,3
3506,6,3
3507,6,3
3508,6,3
3509,6,3
3510,6,3
3511,6,81
3512,6,9
3513,6,9
3514,6,11
3515,6,11
3516,6,15
3517,6,15
3518,6,15
3519,6,15
3520,6,15
3521,6,12
3522,6,15
3523,6,14
3524,6,14
3525,6,15
3526,6,14
3527,6,14
3528,6,29
3529,6,14
3530,6,14
3531,6,14
3532,6,14
3533,6,14
3534,6,27
3535,6,29
3536,6,14
3537,6,29
3538,6,14
3539,6,29
3540,6,10
3541,6,10
3542,6,43
3543,6,40
3544,6,42
3545,6,10
3546,6,10
3547,6,10
3548,6,29
3549,6,93
3550,6,62
3551,6,63
3552,6,63
3553,6,10
3554,6,71
3555,6,71
3556,6,38
3557,6,21
3558,6,21
3559,6,21
3560,6,21
3561,6,19
3562,6,19
3563,6,19
3564,6,19
3565,6,18
3566,6,19
3567,6,19
3568,6,19
3569,6,19
3570,6,17
3571,6,16
3572,6,17
3573,6,17
3574,6,19
3575,6,17
3576,6,17
3577,6,17
3578,6,17
3579,6,18
3580,6,17
3581,6,17
3582,6,17
3583,6,16
3584,6,17
3585,6,3
3586,6,3
3587,6,44
3588,6,9
3589,6,9
3590,6,9
3591,6,9
3592,6,12
3593,6,12
3594,6,12
3595,6,15
3596,6,15
3597,6,12
3598,6,12
3599,6,26
3600,6,27
3601,6,13
3602,6,26
3603,6,14
3604,6,14
3605,6,29
3606,6,29
3607,6,14
3608,6,12
3609,6,29
3610,6,13
3611,6,107
3612,6,28
3613,6,63
3614,6,29
3615,6,29
3616,6,29
3617,6,29
3618,6,10
3619,6,10
3620,6,10
3621,6,10
3622,6,10
3623,6,10
3624,6,10
3625,6,62
3626,6,62
3627,6,63
3628,6,63
3629,6,56
3630,6,56
3631,6,23
3632,6,39
3633,6,21
3634,6,21
3635,6,21
3636,6,21
3637,6,19
3638,6,19
3639,6,19
3640,6,19
3641,6,18
3642,6,18
3643,6,19
3644,6,19
3645,6,19
3646,6,19
3647,6,17
3648,6,17
3649,6,17
3650,6,17
3651,6,17
3652,6,17
3653,6,17
3654,6,17
3655,6,17
3656,6,17
3657,6,16
3658,6,19
3659,6,16
3660,6,41
3661,6,3
3662,6,43
3663,6,43
3664,6,8
3665,6,8
3666,6,9
3667,6,12
3668,6,12
3669,6,12
3670,6,12
3671,6,27
3672,6,27
3673,6,27
3674,6,27
3675,6,13
3676,6,27
3677,6,0
3678,6,26
3679,6,26
3680,6,14
3681,6,28
3682,6,57
3683,6,28
3684,6,12
3685,6,26
3686,6,26
3687,6,26
3688,6,28
3689,6,29
3690,6,29
3691,6,29
3692,6,29
3693,6,29
3694,6,101
3695,6,67
3696,6,29
3697,6,10
3698,6,10
3699,6,42
3700,6,62
3701,6,63
3702,6,63
3703,6,56
3704,6,60
3705,6,103
3706,6,23
3707,6,21
3708,6,21
3709,6,21
3710,6,19
3711,6,21
3712,6,21
3713,6,19
3714,6,16
3715,6,27
3716,6,19
3717,6,19
3718,6,18
3719,6,19
3720,6,19
3721,6,19
3722,6,19
3723,6,17
3724,6,17
3725,6,17
3726,6,17
3727,6,17
3728,6,17
3729,6,17
3730,6,17
3731,6,17
3732,6,3
3733,6,17
3734,6,17
3735,6,17
3736,6,3
3737,6,2
3738,6,9
3739,6,9
3740,6,9
3741,6,9
3742,6,12
3743,6,27
3744,6,27
3745,6,27
3746,6,27
3747,6,27
3748,6,27
3749,6,27
3750,6,27
3751,6,27
3752,6,27
3753,6,27
3754,6,27
3755,6,27
3756,6,29
3757,6,57
3758,6,29
3759,6,12
3760,6,26
3761,6,26
3762,6,26
3763,6,12
3764,6,29
3765,6,29
3766,6,56
3767,6,31
3768,6,56
3769,6,29
3770,6,10
3771,6,62
3772,6,62
3773,6,62
3774,6,62
3775,6,62
3776,6,63
3777,6,62
3778,6,62
3779,6,69
3780,6,56
3781,6,21
3782,6,21
3783,6,19
3784,6,21
3785,6,21
3786,6,21
3787,6,21
3788,6,19
3789,6,19
3790,6,19
3791,6,19
3792,6,21
3793,6,19
3794,6,19
3795,6,19
3796,6,19
3797,6,17
3798,6,17
3799,6,17
3800,6,17
3801,6,17
3802,6,17
3803,6,17
3804,6,16
3805,6,17
3806,6,16
3807,6,16
3808,6,16
3809,6,3
3810,6,3
3811,6,3
3812,6,45
3813,6,45
3814,6,9
3815,6,9
3816,6,9
3817,6,12
3818,6,27
3819,6,27
3820,6,27
3821,6,27
3822,6,27
3823,6,27
3824,6,27
3825,6,27
3826,6,27
3827,6,0
3828,6,27
3829,6,27
3830,6,27
3831,6,27
3832,6,28
3833,6,29
3834,6,29
3835,6,12
3836,6,28
3837,6,26
3838,6,26
3839,6,29
3840,6,29
3841,6,29
3842,6,29
3843,6,56
3844,6,63
3845,6,63
3846,6,62
3847,6,62
3848,6,62
3849,6,62
3850,6,61
3851,6,62
3852,6,62
3853,6,62
3854,6,63
3855,6,70
3856,6,21
3857,6,21
3858,6,21
3859,6,21
3860,6,22
3861,6,21
3862,6,21
3863,6,19
3864,6,19
3865,6,19
3866,6,26
3867,6,19
3868,6,19
3869,6,19
3870,6,17
3871,6,17
3872,6,19
3873,6,17
3874,6,16
3875,6,17
3876,6,17
3877,6,17
3878,6,16
3879,6,17
3880,6,17
3881,6,17
3882,6,16
3883,6,3
3884,6,16
3885,6,3
3886,6,3
3887,6,40
3888,6,43
3889,6,8
3890,6,8
3891,6,9
3892,6,12
3893,6,27
3894,6,27
3895,6,27
3896,6,27
3897,6,27
3898,6,27
3899,6,27
3900,6,27
3901,6,27
3902,6,27
3903,6,27
3904,6,27
3905,6,27
3906,6,27
3907,6,26
3908,6,28
3909,6,28
3910,6,26
3911,6,26
3912,6,26
3913,6,26
3914,6,104
3915,6,29
3916,6,57
3917,6,57
3918,6,78
3919,6,57
3920,6,63
3921,6,62
3922,6,62
3923,6,62
3924,6,10
3925,6,62
3926,6,62
3927,6,61
3928,6,62
3929,6,62
3930,6,63
3931,6,21
3932,6,21
3933,6,21
3934,6,20
3935,6,21
3936,6,21
3937,6,21
3938,6,21
3939,6,21
3940,6,19
3941,6,18
3942,6,19
3943,6,19
3944,6,17
3945,6,16
3946,6,19
3947,6,16
3948,6,16
3949,6,16
3950,6,17
3951,6,17
3952,6,17
3953,6,17
3954,6,16
3955,6,16
3956,6,16
3957,6,16
3958,6,17
3959,6,17
3960,6,17
3961,6,41
3962,6,9
3963,6,9
3964,6,9
3965,6,12
3966,6,27
3967,6,27
3968,6,27
3969,6,26
3970,6,27
3971,6,27
3972,6,27
3973,6,27
3974,6,26
3975,6,27
3976,6,27
3977,6,13
3978,6,27
3979,6,13
3980,6,13
3981,6,26
3982,6,26
3983,6,26
3984,6,27
3985,6,26
3986,6,26
3987,6,26
3988,6,28
3989,6,28
3990,6,57
3991,6,78
3992,6,78
3993,6,62
3994,6,62
3995,6,63
3996,6,62
3997,6,61
3998,6,62
3999,6,62
4000,6,62
4001,6,62
4002,6,56
4003,6,63
4004,6,21
4005,6,21
4006,6,21
4007,6,21
4008,6,39
4009,6,21
4010,6,21
4011,6,21
4012,6,51
4013,6,19
4014,6,19
4015,6,19
4016,6,19
4017,6,19
4018,6,19
4019,6,16
4020,6,16
4021,6,16
4022,6,17
4023,6,17
4024,6,16
4025,6,17
4026,6,17
4027,6,16
4028,6,16
4029,6,16
4030,6,16
4031,6,17
4032,6,3
4033,6,4
4034,6,41
4035,6,44
4036,6,42
4037,6,8
4038,6,9
4039,6,12
4040,6,27
4041,6,27
4042,6,27
4043,6,27
4044,6,27
4045,6,27
4046,6,26
4047,6,27
4048,6,27
4049,6,27
4050,6,27
4051,6,0
4052,6,27
4053,6,26
4054,6,26
4055,6,26
4056,6,26
4057,6,26
4058,6,26
4059,6,13
4060,6,26
4061,6,28
4062,6,57
4063,6,31
4064,6,57
4065,6,93
4066,6,63
4067,6,63
4068,6,62
4069,6,62
4070,6,62
4071,6,62
4072,6,62
4073,6,60
4074,6,61
4075,6,61
4076,6,62
4077,6,60
4078,6,39
4079,6,34
4080,6,18
4081,6,18
4082,6,46
4083,6,1
4084,6,39
4085,6,38
4086,6,21
4087,6,20
4088,6,16
4089,6,19
4090,6,19
4091,6,19
4092,6,19
4093,6,16
4094,6,17
4095,6,19
4096,6,16
4097,6,16
4098,6,17
4099,6,17
4100,6,17
4101,6,16
4102,6,59
4103,6,16
4104,6,39
4105,6,40
4106,6,43
4107,6,46
4108,6,45
4109,6,43
4110,6,9
4111,6,12
4112,6,27
4113,6,27
4114,6,27
4115,6,27
4116,6,1
4117,6,34
4118,6,42
4119,6,1
4120,6,1
4121,6,0
4122,6,27
4123,6,44
4124,6,47
4125,6,1
4126,6,1
4127,6,0
4128,6,1
4129,6,0
4130,6,0
4131,6,26
4132,6,28
4133,6,57
4134,6,56
4135,6,57
4136,6,57
4137,6,57
4138,6,78
4139,6,63
4140,6,61
4141,6,62
4142,6,61
4143,6,61
4144,6,60
4145,6,62
4146,6,61
4147,6,63
4148,6,57
4149,6,52
4150,6,23
4151,6,22
4152,6,22
4153,6,21
4154,6,39
4155,6,23
4156,6,20
4157,6,20
4158,6,20
4159,6,20
4160,6,20
4161,6,16
4162,6,16
4163,6,20
4164,6,16
4165,6,16
4166,6,16
4167,6,16
4168,6,16
4169,6,16
4170,6,16
4171,6,16
4172,6,16
4173,6,16
4174,6,16
4175,6,16
4176,6,16
4177,6,3
4178,6,40
4179,6,11
4180,6,9
4181,6,8
4182,6,12
4183,6,27
4184,6,27
4185,6,27
4186,6,27
4187,6,26
4188,6,13
4189,6,5
4190,6,8
4191,6,13
4192,6,26
4193,6,26
4194,6,0
4195,6,0
4196,6,27
4197,6,26
4198,6,26
4199,6,26
4200,6,26
4201,6,26
4202,6,28
4203,6,31
4204,6,63
4205,6,31
4206,6,28
4207,6,78
4208,6,63
4209,6,79
4210,6,63
4211,6,62
4212,6,62
4213,6,60
4214,6,61
4215,6,61
4216,6,57
4217,6,56
4218,6,63
4219,6,56
4220,6,23
4221,6,21
4222,6,23
4223,6,22
4224,6,22
4225,6,39
4226,6,20
4227,6,20
4228,6,22
4229,6,20
4230,6,20
4231,6,21
4232,6,20
4233,6,20
4234,6,20
4235,6,16
4236,6,20
4237,6,16
4238,6,16
4239,6,16
4240,6,16
4241,6,16
4242,6,16
4243,6,16
4244,6,20
4245,6,16
4246,6,48
4247,6,37
4248,6,34
4249,6,43
4250,6,8
4251,6,8
4252,6,8
4253,6,27
4254,6,27
4255,6,27
4256,6,27
4257,6,0
4258,6,13
4259,6,8
4260,6,26
4261,6,26
4262,6,28
4263,6,26
4264,6,1
4265,6,26
4266,6,26
4267,6,12
4268,6,26
4269,6,26
4270,6,26
4271,6,26
4272,6,31
4273,6,63
4274,6,31
4275,6,11
4276,6,57
4277,6,57
4278,6,57
4279,6,62
4280,6,61
4281,6,61
4282,6,62
4283,6,61
4284,6,62
4285,6,61
4286,6,61
4287,6,57
4288,6,57
4289,6,23
4290,6,23
4291,6,23
4292,6,21
4293,6,22
4294,6,22
4295,6,39
4296,6,23
4297,6,20
4298,6,20
4299,6,21
4300,6,20
4301,6,20
4302,6,22
4303,6,20
4304,6,20
4305,6,20
4306,6,20
4307,6,20
4308,6,20
4309,6,20
4310,6,20
4311,6,16
4312,6,16
4313,6,16
4314,6,20
4315,6,37
4316,6,3
4317,6,46
4318,6,43
4319,6,8
4320,6,8
4321,6,8
4322,6,13
4323,6,27
4324,6,27
4325,6,26
4326,6,27
4327,6,8
4328,6,13
4329,6,26
4330,6,26
4331,6,27
4332,6,26
4333,6,27
4334,6,27
4335,6,29
4336,6,28
4337,6,28
4338,6,26
4339,6,26
4340,6,30
4341,6,31
4342,6,57
4343,6,28
4344,6,28
4345,6,57
4346,6,57
4347,6,61
4348,6,61
4349,6,61
4350,6,61
4351,6,61
4352,6,60
4353,6,62
4354,6,59
4355,6,60
4356,6,58
4357,6,59
4358,6,22
4359,6,23
4360,6,23
4361,6,49
4362,6,23
4363,6,22
4364,6,39
4365,6,22
4366,6,22
4367,6,22
4368,6,49
4369,6,48
4370,6,37
4371,6,49
4372,6,49
4373,6,49
4374,6,49
4375,6,33
4376,6,22
4377,6,20
4378,6,20
4379,6,20
4380,6,20
4381,6,20
4382,6,20
4383,6,3
4384,6,3
4385,6,46
4386,6,43
4387,6,8
4388,6,8
4389,6,8
4390,6,12
4391,6,27
4392,6,27
4393,6,27
4394,6,26
4395,6,26
4396,6,26
4397,6,26
4398,6,26
4399,6,27
4400,6,26
4401,6,1
4402,6,28
4403,6,28
4404,6,31
4405,6,31
4406,6,28
4407,6,28
4408,6,31
4409,6,58
4410,6,31
4411,6,31
4412,6,28
4413,6,59
4414,6,61
4415,6,61
4416,6,61
4417,6,51
4418,6,61
4419,6,61
4420,6,60
4421,6,61
4422,6,61
4423,6,59
4424,6,59
4425,6,23
4426,6,23
4427,6,23
4428,6,21
4429,6,23
4430,6,22
4431,6,22
4432,6,35
4433,6,22
4434,6,22
4435,6,22
4436,6,49
4437,6,33
4438,6,32
4439,6,37
4440,6,35
4441,6,32
4442,6,37
4443,6,37
4444,6,37
4445,6,48
4446,6,51
4447,6,20
4448,6,51
4449,6,16
4450,6,3
4451,6,2
4452,6,44
4453,6,46
4454,6,9
4455,6,8
4456,6,8
4457,6,42
4458,6,26
4459,6,27
4460,6,27
4461,6,26
4462,6,24
4463,6,26
4464,6,26
4465,6,26
4466,6,26
4467,6,26
4468,6,27
4469,6,12
4470,6,29
4471,6,30
4472,6,28
4473,6,28
4474,6,29
4475,6,31
4476,6,57
4477,6,28
4478,6,30
4479,6,58
4480,6,59
4481,6,61
4482,6,61
4483,6,61
4484,6,61
4485,6,60
4486,6,61
4487,6,60
4488,6,59
4489,6,59
4490,6,56
4491,6,23
4492,6,23
4493,6,23
4494,6,23
4495,6,22
4496,6,22
4497,6,53
4498,6,49
4499,6,35
4500,6,32
4501,6,53
4502,6,37
4503,6,33
4504,6,35
4505,6,35
4506,6,33
4507,6,35
4508,6,37
4509,6,37
4510,6,33
4511,6,38
4512,6,51
4513,6,51
4514,6,20
4515,6,37
4516,6,42
4517,6,40
4518,6,81
4519,6,42
4520,6,8
4521,6,8
4522,6,8
4523,6,12
4524,6,27
4525,6,26
4526,6,24
4527,6,26
4528,6,26
4529,6,26
4530,6,26
4531,6,26
4532,6,12
4533,6,12
4534,6,28
4535,6,28
4536,6,30
4537,6,28
4538,6,28
4539,6,28
4540,6,31
4541,6,31
4542,6,28
4543,6,59
4544,6,59
4545,6,59
4546,6,61
4547,6,48
4548,6,61
4549,6,60
4550,6,60
4551,6,60
4552,6,61
4553,6,59
4554,6,59
4555,6,59
4556,6,23
4557,6,23
4558,6,23
4559,6,23
4560,6,22
4561,6,22
4562,6,22
4563,6,49
4564,6,39
4565,6,32
4566,6,37
4567,6,37
4568,6,37
4569,6,39
4570,6,34
4571,6,35
4572,6,35
4573,6,33
4574,6,34
4575,6,39
4576,6,35
4577,6,36
4578,6,36
4579,6,39
4580,6,37
4581,6,47
4582,6,46
4583,6,8
4584,6,8
4585,6,8
4586,6,8
4587,6,12
4588,6,27
4589,6,27
4590,6,26
4591,6,26
4592,6,25
4593,6,26
4594,6,12
4595,6,28
4596,6,12
4597,6,28
4598,6,28
4599,6,28
4600,6,30
4601,6,30
4602,6,57
4603,6,31
4604,6,30
4605,6,28
4606,6,28
4607,6,58
4608,6,29
4609,6,59
4610,6,59
4611,6,59
4612,6,60
4613,6,60
4614,6,60
4615,6,60
4616,6,59
4617,6,63
4618,6,59
4619,6,23
4620,6,22
4621,6,22
4622,6,22
4623,6,22
4624,6,55
4625,6,49
4626,6,33
4627,6,34
4628,6,33
4629,6,33
4630,6,51
4631,6,33
4632,6,35
4633,6,35
4634,6,37
4635,6,37
4636,6,33
4637,6,38
4638,6,38
4639,6,38
4640,6,36
4641,6,41
4642,6,37
4643,6,46
4644,6,43
4645,6,8
4646,6,8
4647,6,8
4648,6,12
4649,6,12
4650,6,12
4651,6,27
4652,6,26
4653,6,12
4654,6,12
4655,6,12
4656,6,28
4657,6,28
4658,6,31
4659,6,28
4660,6,31
4661,6,28
4662,6,30
4663,6,31
4664,6,57
4665,6,58
4666,6,58
4667,6,30
4668,6,28
4669,6,28
4670,6,28
4671,6,61
4672,6,59
4673,6,60
4674,6,60
4675,6,59
4676,6,60
4677,6,59
4678,6,59
4679,6,52
4680,6,23
4681,6,23
4682,6,23
4683,6,22
4684,6,22
4685,6,22
4686,6,49
4687,6,33
4688,6,39
4689,6,49
4690,6,32
4691,6,32
4692,6,49
4693,6,32
4694,6,37
4695,6,32
4696,6,39
4697,6,39
4698,6,38
4699,6,38
4700,6,38
4701,6,40
4702,6,40
4703,6,46
4704,6,43
4705,6,8
4706,6,6
4707,6,8
4708,6,8
4709,6,8
4710,6,12
4711,6,12
4712,6,12
4713,6,12
4714,6,12
4715,6,28
4716,6,28
4717,6,28
4718,6,28
4719,6,28
4720,6,31
4721,6,31
4722,6,28
4723,6,30
4724,6,31
4725,6,28
4726,6,28
4727,6,12
4728,6,30
4729,6,28
4730,6,26
4731,6,60
4732,6,59
4733,6,60
4734,6,48
4735,6,59
4736,6,61
4737,6,59
4738,6,52
4739,6,23
4740,6,23
4741,6,23
4742,6,52
4743,6,22
4744,6,53
4745,6,50
4746,6,49
4747,6,37
4748,6,39
4749,6,35
4750,6,34
4751,6,35
4752,6,51
4753,6,49
4754,6,37
4755,6,36
4756,6,39
4757,6,41
4758,6,38
4759,6,38
4760,6,40
4761,6,46
4762,6,42
4763,6,8
4764,6,8
4765,6,8
4766,6,8
4767,6,12
4768,6,12
4769,6,12
4770,6,26
4771,6,26
4772,6,26
4773,6,26
4774,6,26
4775,6,26
4776,6,26
4777,6,28
4778,6,31
4779,6,57
4780,6,28
4781,6,30
4782,6,26
4783,6,28
4784,6,28
4785,6,26
4786,6,28
4787,6,30
4788,6,60
4789,6,60
4790,6,60
4791,6,60
4792,6,60
4793,6,59
4794,6,60
4795,6,52
4796,6,53
4797,6,22
4798,6,22
4799,6,52
4800,6,53
4801,6,53
4802,6,49
4803,6,49
4804,6,35
4805,6,39
4806,6,34
4807,6,35
4808,6,34
4809,6,51
4810,6,49
4811,6,37
4812,6,39
4813,6,38
4814,6,38
4815,6,41
4816,6,41
4817,6,46
4818,6,82
4819,6,43
4820,6,8
4821,6,8
4822,6,8
4823,6,12
4824,6,28
4825,6,26
4826,6,26
4827,6,26
4828,6,26
4829,6,26
4830,6,26
4831,6,26
4832,6,26
4833,6,28
4834,6,28
4835,6,30
4836,6,30
4837,6,28
4838,6,30
4839,6,58
4840,6,26
4841,6,25
4842,6,52
4843,6,58
4844,6,60
4845,6,60
4846,6,60
4847,6,60
4848,6,49
4849,6,59
4850,6,59
4851,6,52
4852,6,22
4853,6,23
4854,6,32
4855,6,22
4856,6,22
4857,6,49
4858,6,33
4859,6,37
4860,6,35
4861,6,34
4862,6,32
4863,6,34
4864,6,37
4865,6,51
4866,6,51
4867,6,51
4868,6,38
4869,6,38
4870,6,38
4871,6,41
4872,6,46
4873,6,45
4874,6,79
4875,6,8
4876,6,42
4877,6,8
4878,6,28
4879,6,26
4880,6,26
4881,6,26
4882,6,26
4883,6,26
4884,6,24
4885,6,26
4886,6,30
4887,6,30
4888,6,28
4889,6,28
4890,6,30
4891,6,30
4892,6,58
4893,6,58
4894,6,58
4895,6,58
4896,6,52
4897,6,58
4898,6,60
4899,6,60
4900,6,60
4901,6,60
4902,6,60
4903,6,59
4904,6,52
4905,6,23
4906,6,25
4907,6,22
4908,6,22
4909,6,53
4910,6,52
4911,6,49
4912,6,32
4913,6,32
4914,6,33
4915,6,40
4916,6,33
4917,6,35
4918,6,38
4919,6,36
4920,6,51
4921,6,51
4922,6,36
4923,6,38
4924,6,40
4925,6,46
4926,6,8
4927,6,8
4928,6,8
4929,6,8
4930,6,28
4931,6,26
4932,6,26
4933,6,26
4934,6,26
4935,6,26
4936,6,26
4937,6,26
4938,6,26
4939,6,58
4940,6,30
4941,6,30
4942,6,30
4943,6,28
4944,6,58
4945,6,30
4946,6,58
4947,6,58
4948,6,58
4949,6,59
4950,6,60
4951,6,60
4952,6,60
4953,6,60
4954,6,59
4955,6,52
4956,6,52
4957,6,23
4958,6,22
4959,6,53
4960,6,52
4961,6,52
4962,6,52
4963,6,48
4964,6,37
4965,6,37
4966,6,32
4967,6,39
4968,6,39
4969,6,37
4970,6,51
4971,6,51
4972,6,51
4973,6,37
4974,6,38
4975,6,40
4976,6,46
4977,6,40
4978,6,2
4979,6,8
4980,6,8
4981,6,28
4982,6,26
4983,6,25
4984,6,26
4985,6,26
4986,6,26
4987,6,24
4988,6,26
4989,6,25
4990,6,58
4991,6,30
4992,6,58
4993,6,30
4994,6,30
4995,6,58
4996,6,58
4997,6,58
4998,6,58
4999,6,60
5000,6,49
5001,6,59
5002,6,60
5003,6,60
5004,6,59
5005,6,52
5006,6,52
5007,6,25
5008,6,22
5009,6,52
5010,6,22
5011,6,22
5012,6,55
5013,6,49
5014,6,49
5015,6,35
5016,6,32
5017,6,33
5018,6,39
5019,6,32
5020,6,37
5021,6,36
5022,6,51
5023,6,38
5024,6,36
5025,6,41
5026,6,40
5027,6,83
5028,6,80
5029,6,8
5030,6,8
5031,6,8
5032,6,12
5033,6,26
5034,6,26
5035,6,26
5036,6,26
5037,6,26
5038,6,26
5039,6,26
5040,6,24
5041,6,24
5042,6,25
5043,6,56
5044,6,58
5045,6,58
5046,6,58
5047,6,59
5048,6,58
5049,6,59
5050,6,60
5051,6,59
5052,6,58
5053,6,59
5054,6,52
5055,6,52
5056,6,52
5057,6,52
5058,6,22
5059,6,52
5060,6,52
5061,6,53
5062,6,55
5063,6,51
5064,6,32
5065,6,32
5066,6,35
5067,6,32
5068,6,33
5069,6,35
5070,6,33
5071,6,39
5072,6,33
5073,6,51
5074,6,51
5075,6,36
5076,6,41
5077,6,46
5078,6,43
5079,6,8
5080,6,8
5081,6,8
5082,6,25
5083,6,26
5084,6,26
5085,6,26
5086,6,26
5087,6,26
5088,6,24
5089,6,26
5090,6,24
5091,6,25
5092,6,25
5093,6,58
5094,6,59
5095,6,63
5096,6,63
5097,6,57
5098,6,61
5099,6,57
5100,6,60
5101,6,59
5102,6,58
5103,6,52
5104,6,52
5105,6,52
5106,6,22
5107,6,22
5108,6,52
5109,6,52
5110,6,52
5111,6,51
5112,6,49
5113,6,49
5114,6,51
5115,6,49
5116,6,32
5117,6,49
5118,6,51
5119,6,49
5120,6,51
5121,6,50
5122,6,50
5123,6,51
5124,6,50
5125,6,41
5126,6,6
5127,6,8
5128,6,8
5129,6,12
5130,6,24
5131,6,25
5132,6,26
5133,6,26
5134,6,26
5135,6,24
5136,6,25
5137,6,52
5138,6,24
5139,6,25
5140,6,28
5141,6,58
5142,6,58
5143,6,57
5144,6,59
5145,6,57
5146,6,63
5147,6,59
5148,6,58
5149,6,52
5150,6,52
5151,6,52
5152,6,52
5153,6,52
5154,6,52
5155,6,52
5156,6,52
5157,6,52
5158,6,51
5159,6,35
5160,6,32
5161,6,32
5162,6,49
5163,6,36
5164,6,37
5165,6,39
5166,6,51
5167,6,51
5168,6,51
5169,6,50
5170,6,51
5171,6,50
5172,6,41
5173,6,46
5174,6,44
5175,6,6
5176,6,6
5177,6,7
5178,6,24
5179,6,26
5180,6,26
5181,6,26
5182,6,26
5183,6,26
5184,6,24
5185,6,24
5186,6,25
5187,6,25
5188,6,25
5189,6,58
5190,6,58
5191,6,58
5192,6,30
5193,6,58
5194,6,59
5195,6,59
5196,6,58
5197,6,52
5198,6,52
5199,6,52
5200,6,52
5201,6,52
5202,6,53
5203,6,52
5204,6,52
5205,6,55
5206,6,32
5207,6,48
5208,6,32
5209,6,48
5210,6,49
5211,6,37
5212,6,49
5213,6,39
5214,6,51
5215,6,33
5216,6,51
5217,6,50
5218,6,51
5219,6,50
5220,6,36
5221,6,46
5222,6,42
5223,6,8
5224,6,8
5225,6,25
5226,6,24
5227,6,26
5228,6,26
5229,6,26
5230,6,26
5231,6,24
5232,6,25
5233,6,24
5234,6,25
5235,6,25
5236,6,58
5237,6,30
5238,6,70
5239,6,57
5240,6,59
5241,6,58
5242,6,58
5243,6,58
5244,6,52
5245,6,52
5246,6,52
5247,6,52
5248,6,52
5249,6,52
5250,6,52
5251,6,48
5252,6,49
5253,6,48
5254,6,49
5255,6,35
5256,6,48
5257,6,48
5258,6,51
5259,6,49
5260,6,48
5261,6,51
5262,6,48
5263,6,51
5264,6,54
5265,6,50
5266,6,51
5267,6,51
5268,6,36
5269,6,83
5270,6,8
5271,6,7
5272,6,24
5273,6,24
5274,6,24
5275,6,24
5276,6,26
5277,6,26
5278,6,25
5279,6,24
5280,6,24
5281,6,24
5282,6,25
5283,6,52
5284,6,25
5285,6,30
5286,6,30
5287,6,30
5288,6,58
5289,6,30
5290,6,58
5291,6,52
5292,6,52
5293,6,52
5294,6,52
5295,6,52
5296,6,52
5297,6,48
5298,6,48
5299,6,32
5300,6,49
5301,6,32
5302,6,51
5303,6,48
5304,6,48
5305,6,48
5306,6,51
5307,6,39
5308,6,49
5309,6,49
5310,6,51
5311,6,54
5312,6,50
5313,6,50
5314,6,50
5315,6,38
5316,6,8
5317,6,7
5318,6,7
5319,6,24
5320,6,24
5321,6,26
5322,6,24
5323,6,24
5324,6,25
5325,6,24
5326,6,24
5327,6,24
5328,6,25
5329,6,25
5330,6,52
5331,6,25
5332,6,30
5333,6,58
5334,6,58
5335,6,30
5336,6,30
5337,6,52
5338,6,52
5339,6,52
5340,6,52
5341,6,48
5342,6,49
5343,6,48
5344,6,48
5345,6,49
5346,6,48
5347,6,51
5348,6,49
5349,6,51
5350,6,48
5351,6,51
5352,6,51
5353,6,39
5354,6,37
5355,6,55
5356,6,54
5357,6,54
5358,6,50
5359,6,50
5360,6,50
5361,6,41
5362,6,47
5363,6,2
5364,6,7
5365,6,24
5366,6,24
5367,6,24
5368,6,27
5369,6,25
5370,6,24
5371,6,52
5372,6,25
5373,6,25
5374,6,25
5375,6,52
5376,6,25
5377,6,25
5378,6,33
5379,6,52
5380,6,25
5381,6,52
5382,6,52
5383,6,52
5384,6,52
5385,6,52
5386,6,49
5387,6,49
5388,6,49
5389,6,32
5390,6,48
5391,6,32
5392,6,49
5393,6,49
5394,6,49
5395,6,51
5396,6,49
5397,6,51
5398,6,49
5399,6,50
5400,6,55
5401,6,54
5402,6,55
5403,6,50
5404,6,51
5405,6,54
5406,6,51
5407,6,40
5408,6,42
5409,6,7
5410,6,7
5411,6,24
5412,6,24
5413,6,24
5414,6,24
5415,6,24
5416,6,52
5417,6,52
5418,6,25
5419,6,25
5420,6,25
5421,6,25
5422,6,52
5423,6,25
5424,6,52
5425,6,25
5426,6,52
5427,6,52
5428,6,52
5429,6,52
5430,6,48
5431,6,48
5432,6,49
5433,6,32
5434,6,35
5435,6,48
5436,6,48
5437,6,51
5438,6,49
5439,6,33
5440,6,48
5441,6,48
5442,6,55
5443,6,55
5444,6,54
5445,6,54
5446,6,54
5447,6,54
5448,6,50
5449,6,51
5450,6,16
5451,6,51
5452,6,45
5453,6,46
5454,6,6
5455,6,7
5456,6,24
5457,6,24
5458,6,24
5459,6,25
5460,6,24
5461,6,25
5462,6,25
5463,6,48
5464,6,25
5465,6,52
5466,6,25
5467,6,52
5468,6,52
5469,6,52
5470,6,52
5471,6,52
5472,6,52
5473,6,55
5474,6,48
5475,6,49
5476,6,32
5477,6,32
5478,6,48
5479,6,49
5480,6,51
5481,6,60
5482,6,49
5483,6,48
5484,6,48
5485,6,48
5486,6,54
5487,6,54
5488,6,54
5489,6,54
5490,6,54
5491,6,54
5492,6,54
5493,6,54
5494,6,50
5495,6,51
5496,6,41
5497,6,42
5498,6,8
5499,6,7
5500,6,24
5501,6,24
5502,6,24
5503,6,24
5504,6,25
5505,6,25
5506,6,25
5507,6,25
5508,6,52
5509,6,25
5510,6,55
5511,6,52
5512,6,55
5513,6,52
5514,6,55
5515,6,48
5516,6,48
5517,6,48
5518,6,48
5519,6,48
5520,6,32
5521,6,48
5522,6,51
5523,6,48
5524,6,49
5525,6,48
5526,6,51
5527,6,55
5528,6,50
5529,6,55
5530,6,55
5531,6,55
5532,6,54
5533,6,54
5534,6,54
5535,6,54
5536,6,54
5537,6,50
5538,6,50
5539,6,40
5540,6,45
5541,6,41
5542,6,7
5543,6,7
5544,6,24
5545,6,24
5546,6,24
5547,6,24
5548,6,25
5549,6,52
5550,6,25
5551,6,25
5552,6,52
5553,6,52
5554,6,55
5555,6,55
5556,6,48
5557,6,48
5558,6,48
5559,6,48
5560,6,48
5561,6,48
5562,6,48
5563,6,48
5564,6,48
5565,6,51
5566,6,48
5567,6,48
5568,6,55
5569,6,55
5570,6,55
5571,6,55
5572,6,54
5573,6,54
5574,6,54
5575,6,54
5576,6,54
5577,6,54
5578,6,54
5579,6,4
5580,6,51
5581,6,36
5582,6,83
5583,6,45
5584,6,6
5585,6,6
5586,6,6
5587,6,24
5588,6,25
5589,6,24
5590,6,25
5591,6,55
5592,6,52
5593,6,52
5594,6,20
5595,6,55
5596,6,55
5597,6,48
5598,6,55
5599,6,48
5600,6,55
5601,6,48
5602,6,48
5603,6,48
5604,6,48
5605,6,51
5606,6,51
5607,6,51
5608,6,48
5609,6,48
5610,6,55
5611,6,55
5612,6,54
5613,6,54
5614,6,54
5615,6,54
5616,6,54
5617,6,54
5618,6,54
5619,6,54
5620,6,4
5621,6,51
5622,6,54
5623,6,51
5624,6,45
5625,6,42
5626,6,42
5627,6,7
5628,6,24
5629,6,25
5630,6,25
5631,6,55
5632,6,25
5633,6,55
5634,6,55
5635,6,55
5636,6,55
5637,6,55
5638,6,48
5639,6,55
5640,6,48
5641,6,48
5642,6,55
5643,6,48
5644,6,48
5645,6,48
5646,6,48
5647,6,48
5648,6,51
5649,6,54
5650,6,54
5651,6,55
5652,6,54
5653,6,54
5654,6,54
5655,6,54
5656,6,54
5657,6,51
5658,6,54
5659,6,4
5660,6,51
5661,6,37
5662,6,51
5663,6,39
5664,6,46
5665,6,43
5666,6,7
5667,6,2
5668,6,24
5669,6,24
5670,6,25
5671,6,55
5672,6,55
5673,6,55
5674,6,55
5675,6,55
5676,6,55
5677,6,55
5678,6,55
5679,6,55
5680,6,54
5681,6,48
5682,6,48
5683,6,48
5684,6,49
5685,6,51
5686,6,48
5687,6,54
5688,6,54
5689,6,54
5690,6,54
5691,6,54
5692,6,54
5693,6,54
5694,6,54
5695,6,54
5696,6,47
5697,6,4
5698,6,41
5699,6,5
5700,6,41
5701,6,46
5702,6,6
5703,6,8
5704,6,7
5705,6,25
5706,6,25
5707,6,55
5708,6,55
5709,6,55
5710,6,55
5711,6,55
5712,6,55
5713,6,55
5714,6,55
5715,6,55
5716,6,54
5717,6,55
5718,6,50
5719,6,48
5720,6,51
5721,6,51
5722,6,51
5723,6,51
5724,6,50
5725,6,54
5726,6,54
5727,6,55
5728,6,41
5729,6,51
5730,6,41
5731,6,41
5732,6,82
5733,6,47
5734,6,46
5735,6,46
5736,6,81
5737,6,40
5738,6,42
5739,6,41
5740,6,55
5741,6,54
5742,6,55
5743,6,55
5744,6,55
5745,6,55
5746,6,55
5747,6,55
5748,6,55
5749,6,55
5750,6,55
5751,6,55
5752,6,48
5753,6,54
5754,6,50
5755,6,55
5756,6,54
5757,6,54
5758,6,55
5759,6,54
5760,6,54
5761,6,4
5762,6,5
5763,6,5
5764,6,2
5765,6,40
5766,6,42
5767,6,41
5768,6,80
5769,6,44
5770,6,42
5771,6,6
5772,6,8
5773,6,24
5774,6,25
5775,6,55
5776,6,54
5777,6,54
5778,6,54
5779,6,55
5780,6,54
5781,6,54
5782,6,55
5783,6,54
5784,6,55
5785,6,55
5786,6,55
5787,6,54
5788,6,54
5789,6,54
5790,6,55
5791,6,55
5792,6,54
5793,6,4
5794,6,4
5795,6,4
5796,6,5
5797,6,4
5798,6,47
5799,6,41
5800,6,44
5801,6,44
5802,6,42
5803,6,6
5804,6,7
5805,6,25
5806,6,4
5807,6,4
5808,6,54
5809,6,55
5810,6,55
5811,6,54
5812,6,54
5813,6,54
5814,6,55
5815,6,54
5816,6,54
5817,6,54
5818,6,54
5819,6,54
5820,6,54
5821,6,4
5822,6,4
5823,6,4
5824,6,5
5825,6,5
5826,6,5
5827,6,6
5828,6,5
5829,6,44
5830,6,81
5831,6,42
5832,6,7
5833,6,7
5834,6,6
5835,6,7
5836,6,4
5837,6,4
5838,6,4
5839,6,4
5840,6,54
5841,6,54
5842,6,54
5843,6,54
5844,6,4
5845,6,54
5846,6,54
5847,6,54
5848,6,4
5849,6,4
5850,6,4
5851,6,5
5852,6,5
5853,6,5
5854,6,5
5855,6,42
5856,6,47
5857,6,82
5858,6,42
5859,6,6
5860,6,42
5861,6,42
5862,6,5
5863,6,5
5864,6,6
5865,6,5
5866,6,5
5867,6,4
5868,6,4
5869,6,4
5870,6,4
5871,6,4
5872,6,4
5873,6,4
5874,6,4
5875,6,4
5876,6,5
5877,6,5
5878,6,5
5879,6,41
5880,6,40
5881,6,47
5882,6,80
5883,6,47
5884,6,41
5885,6,42
5886,6,111
5887,6,6
5888,6,5
5889,6,5
5890,6,5
5891,6,5
5892,6,4
5893,6,5
5894,6,4
5895,6,5
5896,6,5
5897,6,4
5898,6,41
5899,6,42
5900,6,46
5901,6,45
5902,6,47
5903,6,43
5904,6,40
5905,6,42
5906,6,40
5907,6,41
5908,6,41
5909,6,42
5910,6,42
5911,6,47
5912,6,81
0,7,176
1,7,180
2,7,190
3,7,250
4,7,183
5,7,87
6,7,223
7,7,176
8,7,182
9,7,191
10,7,223
11,7,223
12,7,183
13,7,223
14,7,180
15,7,223
16,7,190
17,7,181
18,7,176
19,7,177
20,7,180
21,7,176
22,7,177
23,7,176
24,7,223
25,7,251
26,7,212
27,7,223
28,7,223
29,7,212
30,7,223
31,7,223
32,7,212
33,7,223
34,7,223
35,7,223
36,7,223
37,7,223
38,7,223
39,7,223
40,7,223
41,7,223
42,7,223
43,7,223
44,7,223
45,7,223
46,7,223
47,7,180
48,7,223
49,7,183
50,7,223
51,7,223
52,7,223
53,7,180
54,7,177
55,7,161
56,7,162
57,7,163
58,7,172
59,7,250
60,7,251
61,7,253
62,7,253
63,7,252
64,7,226
65,7,212
66,7,212
67,7,212
68,7,213
69,7,212
70,7,213
71,7,223
72,7,223
73,7,213
74,7,212
75,7,229
76,7,223
77,7,223
78,7,223
79,7,223
80,7,223
81,7,223
82,7,183
83,7,223
84,7,229
85,7,176
86,7,222
87,7,223
88,7,222
89,7,191
90,7,223
91,7,222
92,7,222
93,7,223
94,7,222
95,7,180
96,7,161
97,7,251
98,7,253
99,7,253
100,7,252
101,7,253
102,7,253
103,7,228
104,7,229
105,7,229
106,7,224
107,7,229
108,7,229
109,7,229
110,7,229
111,7,229
112,7,229
113,7,229
114,7,229
115,7,224
116,7,229
117,7,229
118,7,229
119,7,231
120,7,229
121,7,208
122,7,209
123,7,208
124,7,229
125,7,229
126,7,250
127,7,222
128,7,223
129,7,222
130,7,222
131,7,212
132,7,222
133,7,223
134,7,222
135,7,223
136,7,222
137,7,222
138,7,180
139,7,174
140,7,251
141,7,252
142,7,252
143,7,252
144,7,253
145,7,252
146,7,227
147,7,229
148,7,224
149,7,229
150,7,228
151,7,228
152,7,229
153,7,229
154,7,228
155,7,228
156,7,209
157,7,178
158,7,166
159,7,166
160,7,165
161,7,173
162,7,229
163,7,229
164,7,229
165,7,229
166,7,229
167,7,229
168,7,228
169,7,229
170,7,230
171,7,209
172,7,229
173,7,231
174,7,229
175,7,223
176,7,223
177,7,223
178,7,222
179,7,222
180,7,222
181,7,222
182,7,222
183,7,222
184,7,222
185,7,177
186,7,250
187,7,251
188,7,251
189,7,253
190,7,253
191,7,252
192,7,224
193,7,229
194,7,227
195,7,229
196,7,229
197,7,229
198,7,228
199,7,228
200,7,228
201,7,229
202,7,230
203,7,228
204,7,170
205,7,167
206,7,167
207,7,229
208,7,228
209,7,228
210,7,229
211,7,228
212,7,229
213,7,228
214,7,209
215,7,179
216,7,229
217,7,208
218,7,231
219,7,211
220,7,209
221,7,208
222,7,208
223,7,223
224,7,222
225,7,222
226,7,223
227,7,222
228,7,222
229,7,222
230,7,222
231,7,222
232,7,183
233,7,161
234,7,164
235,7,248
236,7,251
237,7,253
238,7,252
239,7,227
240,7,227
241,7,228
242,7,229
243,7,229
244,7,229
245,7,228
246,7,228
247,7,229
248,7,228
249,7,228
250,7,229
251,7,228
252,7,228
253,7,230
254,7,171
255,7,228
256,7,228
257,7,228
258,7,228
259,7,228
260,7,228
261,7,228
262,7,229
263,7,172
264,7,228
265,7,229
266,7,229
267,7,229
268,7,208
269,7,229
270,7,229
271,7,208
272,7,208
273,7,212
274,7,223
275,7,208
276,7,190
277,7,222
278,7,222
279,7,222
280,7,222
281,7,222
282,7,84
283,7,251
284,7,248
285,7,253
286,7,253
287,7,227
288,7,229
289,7,229
290,7,229
291,7,229
292,7,229
293,7,228
294,7,228
295,7,228
296,7,228
297,7,228
298,7,225
299,7,228
300,7,234
301,7,229
302,7,224
303,7,171
304,7,178
305,7,227
306,7,228
307,7,228
308,7,228
309,7,228
310,7,230
311,7,228
312,7,165
313,7,179
314,7,231
315,7,229
316,7,231
317,7,231
318,7,231
319,7,231
320,7,231
321,7,234
322,7,208
323,7,209
324,7,208
325,7,223
326,7,222
327,7,222
328,7,222
329,7,190
330,7,222
331,7,222
332,7,222
333,7,181
334,7,168
335,7,250
336,7,252
337,7,252
338,7,252
339,7,169
340,7,177
341,7,229
342,7,228
343,7,229
344,7,227
345,7,228
346,7,228
347,7,228
348,7,228
349,7,224
350,7,228
351,7,227
352,7,228
353,7,234
354,7,228
355,7,228
356,7,177
357,7,227
358,7,228
359,7,237
360,7,230
361,7,234
362,7,230
363,7,230
364,7,230
365,7,178
366,7,209
367,7,230
368,7,209
369,7,230
370,7,229
371,7,231
372,7,231
373,7,208
374,7,194
375,7,231
376,7,195
377,7,229
378,7,229
379,7,208
380,7,222
381,7,222
382,7,222
383,7,222
384,7,222
385,7,221
386,7,222
387,7,180
388,7,169
389,7,248
390,7,252
391,7,252
392,7,227
393,7,229
394,7,227
395,7,224
396,7,225
397,7,229
398,7,229
399,7,228
400,7,228
401,7,228
402,7,228
403,7,228
404,7,228
405,7,232
406,7,224
407,7,227
408,7,234
409,7,224
410,7,234
411,7,237
412,7,167
413,7,171
414,7,237
415,7,237
416,7,195
417,7,236
418,7,236
419,7,236
420,7,237
421,7,235
422,7,230
423,7,211
424,7,230
425,7,209
426,7,208
427,7,231
428,7,209
429,7,236
430,7,209
431,7,208
432,7,230
433,7,211
434,7,208
435,7,209
436,7,208
437,7,211
438,7,222
439,7,222
440,7,222
441,7,222
442,7,222
443,7,216
444,7,222
445,7,222
446,7,162
447,7,168
448,7,252
449,7,252
450,7,252
451,7,227
452,7,227
453,7,224
454,7,229
455,7,225
456,7,229
457,7,229
458,7,228
459,7,224
460,7,224
461,7,230
462,7,234
463,7,235
464,7,234
465,7,234
466,7,234
467,7,232
468,7,199
469,7,232
470,7,234
471,7,232
472,7,165
473,7,165
474,7,237
475,7,237
476,7,237
477,7,237
478,7,234
479,7,234
480,7,237
481,7,234
482,7,179
483,7,194
484,7,230
485,7,237
486,7,211
487,7,230
488,7,211
489,7,230
490,7,231
491,7,228
492,7,211
493,7,209
494,7,209
495,7,195
496,7,208
497,7,208
498,7,208
499,7,213
500,7,222
501,7,216
502,7,222
503,7,222
504,7,222
505,7,222
506,7,216
507,7,161
508,7,168
509,7,248
510,7,252
511,7,252
512,7,227
513,7,226
514,7,228
515,7,229
516,7,224
517,7,229
518,7,225
519,7,224
520,7,228
521,7,228
522,7,224
523,7,234
524,7,232
525,7,232
526,7,237
527,7,232
528,7,234
529,7,233
530,7,234
531,7,235
532,7,234
533,7,233
534,7,175
535,7,164
536,7,171
537,7,182
538,7,238
539,7,234
540,7,234
541,7,237
542,7,234
543,7,237
544,7,237
545,7,237
546,7,158
547,7,238
548,7,238
549,7,237
550,7,211
551,7,209
552,7,230
553,7,237
554,7,237
555,7,211
556,7,194
557,7,194
558,7,195
559,7,211
560,7,211
561,7,208
562,7,231
563,7,208
564,7,216
565,7,217
566,7,216
567,7,217
568,7,222
569,7,253
570,7,216
571,7,183
572,7,172
573,7,248
574,7,248
575,7,227
576,7,226
577,7,225
578,7,227
579,7,225
580,7,225
581,7,224
582,7,224
583,7,224
584,7,232
585,7,233
586,7,233
587,7,228
588,7,228
589,7,233
590,7,232
591,7,233
592,7,242
593,7,246
594,7,233
595,7,232
596,7,242
597,7,242
598,7,247
599,7,246
600,7,247
601,7,156
602,7,246
603,7,247
604,7,233
605,7,235
606,7,236
607,7,234
608,7,237
609,7,236
610,7,237
611,7,237
612,7,157
613,7,247
614,7,239
615,7,238
616,7,237
617,7,230
618,7,230
619,7,208
620,7,194
621,7,195
622,7,194
623,7,194
624,7,237
625,7,194
626,7,211
627,7,211
628,7,211
629,7,231
630,7,209
631,7,216
632,7,223
633,7,217
634,7,216
635,7,217
636,7,222
637,7,222
638,7,174
639,7,171
640,7,248
641,7,248
642,7,248
643,7,226
644,7,224
645,7,229
646,7,226
647,7,226
648,7,225
649,7,224
650,7,234
651,7,247
652,7,159
653,7,245
654,7,245
655,7,247
656,7,241
657,7,241
658,7,246
659,7,246
660,7,159
661,7,159
662,7,245
663,7,246
664,7,159
665,7,246
666,7,159
667,7,247
668,7,246
669,7,247
670,7,156
671,7,246
672,7,246
673,7,247
674,7,233
675,7,235
676,7,235
677,7,238
678,7,235
679,7,238
680,7,157
681,7,239
682,7,239
683,7,238
684,7,235
685,7,230
686,7,237
687,7,194
688,7,194
689,7,194
690,7,194
691,7,194
692,7,194
693,7,194
694,7,194
695,7,194
696,7,209
697,7,211
698,7,210
699,7,211
700,7,216
701,7,217
702,7,219
703,7,217
704,7,217
705,7,217
706,7,154
707,7,164
708,7,249
709,7,249
710,7,248
711,7,226
712,7,226
713,7,226
714,7,225
715,7,227
716,7,224
717,7,224
718,7,227
719,7,241
720,7,232
721,7,241
722,7,246
723,7,247
724,7,246
725,7,245
726,7,234
727,7,241
728,7,245
729,7,241
730,7,245
731,7,241
732,7,245
733,7,245
734,7,242
735,7,247
736,7,247
737,7,247
738,7,246
739,7,245
740,7,247
741,7,238
742,7,247
743,7,247
744,7,233
745,7,238
746,7,238
747,7,238
748,7,239
749,7,235
750,7,236
751,7,239
752,7,239
753,7,199
754,7,239
755,7,236
756,7,195
757,7,195
758,7,195
759,7,195
760,7,194
761,7,194
762,7,194
763,7,194
764,7,194
765,7,211
766,7,211
767,7,211
768,7,211
769,7,211
770,7,216
771,7,217
772,7,217
773,7,222
774,7,217
775,7,217
776,7,189
777,7,169
778,7,249
779,7,248
780,7,252
781,7,226
782,7,224
783,7,225
784,7,225
785,7,225
786,7,227
787,7,227
788,7,227
789,7,224
790,7,232
791,7,232
792,7,232
793,7,227
794,7,240
795,7,240
796,7,247
797,7,241
798,7,241
799,7,246
800,7,245
801,7,245
802,7,245
803,7,241
804,7,233
805,7,234
806,7,232
807,7,247
808,7,238
809,7,233
810,7,242
811,7,239
812,7,235
813,7,235
814,7,237
815,7,234
816,7,237
817,7,238
818,7,238
819,7,235
820,7,236
821,7,236
822,7,195
823,7,236
824,7,239
825,7,239
826,7,157
827,7,238
828,7,194
829,7,195
830,7,194
831,7,194
832,7,194
833,7,194
834,7,194
835,7,194
836,7,211
837,7,211
838,7,211
839,7,211
840,7,210
841,7,217
842,7,217
843,7,217
844,7,217
845,7,217
846,7,222
847,7,181
848,7,249
849,7,249
850,7,249
851,7,255
852,7,227
853,7,226
854,7,226
855,7,226
856,7,225
857,7,225
858,7,225
859,7,225
860,7,227
861,7,240
862,7,240
863,7,241
864,7,241
865,7,241
866,7,241
867,7,245
868,7,245
869,7,245
870,7,245
871,7,245
872,7,241
873,7,241
874,7,233
875,7,235
876,7,233
877,7,243
878,7,233
879,7,243
880,7,235
881,7,234
882,7,234
883,7,233
884,7,235
885,7,237
886,7,235
887,7,237
888,7,236
889,7,195
890,7,238
891,7,236
892,7,195
893,7,236
894,7,236
895,7,236
896,7,239
897,7,247
898,7,247
899,7,239
900,7,194
901,7,236
902,7,194
903,7,195
904,7,195
905,7,194
906,7,194
907,7,194
908,7,194
909,7,194
910,7,210
911,7,210
912,7,192
913,7,217
914,7,217
915,7,216
916,7,216
917,7,217
918,7,222
919,7,171
920,7,251
921,7,249
922,7,249
923,7,248
924,7,226
925,7,226
926,7,226
927,7,225
928,7,225
929,7,225
930,7,227
931,7,227
932,7,226
933,7,227
934,7,232
935,7,240
936,7,240
937,7,240
938,7,246
939,7,246
940,7,244
941,7,244
942,7,245
943,7,244
944,7,243
945,7,242
946,7,233
947,7,242
948,7,233
949,7,247
950,7,247
951,7,247
952,7,247
953,7,233
954,7,235
955,7,233
956,7,233
957,7,234
958,7,234
959,7,237
960,7,236
961,7,237
962,7,182
963,7,195
964,7,199
965,7,195
966,7,199
967,7,233
968,7,239
969,7,238
970,7,157
971,7,239
972,7,239
973,7,194
974,7,195
975,7,194
976,7,194
977,7,194
978,7,194
979,7,193
980,7,194
981,7,192
982,7,210
983,7,211
984,7,210
985,7,216
986,7,216
987,7,191
988,7,219
989,7,219
990,7,217
991,7,180
992,7,171
993,7,158
994,7,251
995,7,248
996,7,248
997,7,226
998,7,226
999,7,226
1000,7,225
1001,7,227
1002,7,227
1003,7,226
1004,7,225
1005,7,227
1006,7,227
1007,7,227
1008,7,240
1009,7,240
1010,7,240
1011,7,246
1012,7,245
1013,7,244
1014,7,244
1015,7,244
1016,7,233
1017,7,233
1018,7,247
1019,7,246
1020,7,243
1021,7,247
1022,7,246
1023,7,159
1024,7,157
1025,7,245
1026,7,156
1027,7,246
1028,7,233
1029,7,233
1030,7,235
1031,7,239
1032,7,236
1033,7,195
1034,7,195
1035,7,237
1036,7,236
1037,7,195
1038,7,195
1039,7,195
1040,7,195
1041,7,195
1042,7,199
1043,7,239
1044,7,247
1045,7,199
1046,7,195
1047,7,194
1048,7,195
1049,7,194
1050,7,194
1051,7,193
1052,7,194
1053,7,194
1054,7,194
1055,7,211
1056,7,211
1057,7,211
1058,7,211
1059,7,216
1060,7,219
1061,7,216
1062,7,217
1063,7,219
1064,7,217
1065,7,170
1066,7,251
1067,7,249
1068,7,248
1069,7,226
1070,7,226
1071,7,226
1072,7,225
1073,7,225
1074,7,225
1075,7,226
1076,7,226
1077,7,226
1078,7,227
1079,7,227
1080,7,227
1081,7,227
1082,7,240
1083,7,245
1084,7,244
1085,7,244
1086,7,253
1087,7,244
1088,7,159
1089,7,242
1090,7,244
1091,7,242
1092,7,247
1093,7,247
1094,7,156
1095,7,156
1096,7,156
1097,7,159
1098,7,246
1099,7,159
1100,7,246
1101,7,246
1102,7,246
1103,7,242
1104,7,238
1105,7,238
1106,7,236
1107,7,237
1108,7,237
1109,7,195
1110,7,237
1111,7,236
1112,7,195
1113,7,195
1114,7,199
1115,7,195
1116,7,236
1117,7,239
1118,7,239
1119,7,199
1120,7,199
1121,7,195
1122,7,199
1123,7,194
1124,7,193
1125,7,194
1126,7,194
1127,7,194
1128,7,193
1129,7,211
1130,7,210
1131,7,210
1132,7,216
1133,7,217
1134,7,216
1135,7,217
1136,7,217
1137,7,219
1138,7,189
1139,7,160
1140,7,249
1141,7,249
1142,7,249
1143,7,226
1144,7,226
1145,7,226
1146,7,226
1147,7,226
1148,7,226
1149,7,226
1150,7,226
1151,7,226
1152,7,252
1153,7,252
1154,7,244
1155,7,253
1156,7,245
1157,7,245
1158,7,244
1159,7,244
1160,7,244
1161,7,159
1162,7,159
1163,7,244
1164,7,243
1165,7,245
1166,7,245
1167,7,157
1168,7,159
1169,7,156
1170,7,159
1171,7,159
1172,7,159
1173,7,245
1174,7,245
1175,7,245
1176,7,246
1177,7,235
1178,7,235
1179,7,238
1180,7,238
1181,7,238
1182,7,238
1183,7,236
1184,7,236
1185,7,236
1186,7,238
1187,7,195
1188,7,236
1189,7,195
1190,7,195
1191,7,195
1192,7,239
1193,7,198
1194,7,239
1195,7,199
1196,7,195
1197,7,194
1198,7,193
1199,7,194
1200,7,194
1201,7,194
1202,7,194
1203,7,192
1204,7,194
1205,7,192
1206,7,210
1207,7,21
1208,7,216
1209,7,219
1210,7,219
1211,7,219
1212,7,216
1213,7,170
1214,7,248
1215,7,248
1216,7,248
1217,7,226
1218,7,226
1219,7,226
1220,7,226
1221,7,226
1222,7,225
1223,7,252
1224,7,248
1225,7,252
1226,7,253
1227,7,253
1228,7,253
1229,7,253
1230,7,253
1231,7,245
1232,7,159
1233,7,159
1234,7,159
1235,7,156
1236,7,159
1237,7,159
1238,7,159
1239,7,158
1240,7,158
1241,7,159
1242,7,158
1243,7,159
1244,7,244
1245,7,244
1246,7,244
1247,7,244
1248,7,245
1249,7,245
1250,7,235
1251,7,238
1252,7,238
1253,7,237
1254,7,236
1255,7,235
1256,7,239
1257,7,238
1258,7,236
1259,7,238
1260,7,236
1261,7,239
1262,7,199
1263,7,199
1264,7,195
1265,7,195
1266,7,198
1267,7,239
1268,7,199
1269,7,199
1270,7,236
1271,7,194
1272,7,194
1273,7,193
1274,7,193
1275,7,194
1276,7,193
1277,7,192
1278,7,211
1279,7,210
1280,7,211
1281,7,219
1282,7,219
1283,7,216
1284,7,219
1285,7,217
1286,7,162
1287,7,178
1288,7,249
1289,7,249
1290,7,248
1291,7,248
1292,7,213
1293,7,213
1294,7,248
1295,7,249
1296,7,249
1297,7,250
1298,7,253
1299,7,248
1300,7,253
1301,7,252
1302,7,253
1303,7,253
1304,7,244
1305,7,158
1306,7,159
1307,7,158
1308,7,159
1309,7,156
1310,7,156
1311,7,159
1312,7,159
1313,7,159
1314,7,159
1315,7,154
1316,7,154
1317,7,154
1318,7,244
1319,7,244
1320,7,245
1321,7,246
1322,7,235
1323,7,238
1324,7,238
1325,7,239
1326,7,238
1327,7,238
1328,7,238
1329,7,239
1330,7,238
1331,7,236
1332,7,236
1333,7,234
1334,7,236
1335,7,239
1336,7,199
1337,7,199
1338,7,194
1339,7,195
1340,7,239
1341,7,199
1342,7,198
1343,7,198
1344,7,195
1345,7,194
1346,7,194
1347,7,193
1348,7,203
1349,7,192
1350,7,200
1351,7,211
1352,7,211
1353,7,210
1354,7,210
1355,7,216
1356,7,219
1357,7,219
1358,7,219
1359,7,181
1360,7,160
1361,7,168
1362,7,178
1363,7,172
1364,7,179
1365,7,173
1366,7,162
1367,7,162
1368,7,250
1369,7,250
1370,7,250
1371,7,253
1372,7,251
1373,7,253
1374,7,159
1375,7,158
1376,7,158
1377,7,158
1378,7,158
1379,7,158
1380,7,158
1381,7,158
1382,7,158
1383,7,154
1384,7,154
1385,7,159
1386,7,154
1387,7,154
1388,7,154
1389,7,155
1390,7,253
1391,7,243
1392,7,238
1393,7,238
1394,7,235
1395,7,238
1396,7,239
1397,7,238
1398,7,209
1399,7,238
1400,7,236
1401,7,236
1402,7,236
1403,7,236
1404,7,199
1405,7,236
1406,7,199
1407,7,195
1408,7,195
1409,7,195
1410,7,239
1411,7,199
1412,7,198
1413,7,198
1414,7,199
1415,7,196
1416,7,194
1417,7,194
1418,7,203
1419,7,193
1420,7,192
1421,7,192
1422,7,193
1423,7,210
1424,7,200
1425,7,219
1426,7,219
1427,7,219
1428,7,219
1429,7,218
1430,7,171
1431,7,250
1432,7,250
1433,7,158
1434,7,158
1435,7,158
1436,7,158
1437,7,182
1438,7,158
1439,7,158
1440,7,158
1441,7,154
1442,7,154
1443,7,154
1444,7,154
1445,7,154
1446,7,155
1447,7,154
1448,7,155
1449,7,150
1450,7,155
1451,7,150
1452,7,246
1453,7,235
1454,7,239
1455,7,238
1456,7,238
1457,7,238
1458,7,238
1459,7,230
1460,7,238
1461,7,236
1462,7,239
1463,7,239
1464,7,197
1465,7,236
1466,7,236
1467,7,239
1468,7,195
1469,7,195
1470,7,195
1471,7,239
1472,7,198
1473,7,198
1474,7,198
1475,7,198
1476,7,198
1477,7,194
1478,7,192
1479,7,196
1480,7,194
1481,7,192
1482,7,200
1483,7,200
1484,7,192
1485,7,192
1486,7,218
1487,7,216
1488,7,219
1489,7,217
1490,7,219
1491,7,181
1492,7,175
1493,7,154
1494,7,158
1495,7,158
1496,7,158
1497,7,158
1498,7,158
1499,7,158
1500,7,154
1501,7,158
1502,7,154
1503,7,154
1504,7,154
1505,7,154
1506,7,155
1507,7,150
1508,7,149
1509,7,151
1510,7,150
1511,7,148
1512,7,145
1513,7,235
1514,7,238
1515,7,239
1516,7,239
1517,7,238
1518,7,239
1519,7,239
1520,7,239
1521,7,236
1522,7,199
1523,7,239
1524,7,198
1525,7,236
1526,7,238
1527,7,199
1528,7,236
1529,7,199
1530,7,195
1531,7,198
1532,7,198
1533,7,198
1534,7,156
1535,7,157
1536,7,198
1537,7,192
1538,7,192
1539,7,193
1540,7,192
1541,7,193
1542,7,200
1543,7,192
1544,7,200
1545,7,192
1546,7,210
1547,7,218
1548,7,216
1549,7,219
1550,7,219
1551,7,188
1552,7,167
1553,7,158
1554,7,158
1555,7,158
1556,7,154
1557,7,154
1558,7,158
1559,7,154
1560,7,158
1561,7,154
1562,7,154
1563,7,155
1564,7,150
1565,7,150
1566,7,149
1567,7,150
1568,7,151
1569,7,151
1570,7,150
1571,7,151
1572,7,150
1573,7,149
1574,7,146
1575,7,146
1576,7,146
1577,7,146
1578,7,146
1579,7,198
1580,7,198
1581,7,199
1582,7,199
1583,7,199
1584,7,199
1585,7,199
1586,7,199
1587,7,198
1588,7,199
1589,7,199
1590,7,199
1591,7,198
1592,7,198
1593,7,157
1594,7,157
1595,7,198
1596,7,196
1597,7,193
1598,7,193
1599,7,201
1600,7,192
1601,7,192
1602,7,200
1603,7,200
1604,7,192
1605,7,210
1606,7,219
1607,7,218
1608,7,219
1609,7,219
1610,7,158
1611,7,173
1612,7,158
1613,7,251
1614,7,154
1615,7,155
1616,7,180
1617,7,154
1618,7,155
1619,7,155
1620,7,150
1621,7,150
1622,7,150
1623,7,151
1624,7,151
1625,7,151
1626,7,151
1627,7,151
1628,7,151
1629,7,150
1630,7,151
1631,7,147
1632,7,146
1633,7,147
1634,7,147
1635,7,147
1636,7,146
1637,7,146
1638,7,146
1639,7,239
1640,7,199
1641,7,199
1642,7,199
1643,7,196
1644,7,193
1645,7,195
1646,7,199
1647,7,199
1648,7,199
1649,7,198
1650,7,198
1651,7,157
1652,7,157
1653,7,157
1654,7,198
1655,7,199
1656,7,193
1657,7,192
1658,7,193
1659,7,192
1660,7,200
1661,7,192
1662,7,192
1663,7,192
1664,7,218
1665,7,219
1666,7,219
1667,7,219
1668,7,219
1669,7,170
1670,7,178
1671,7,154
1672,7,154
1673,7,177
1674,7,154
1675,7,155
1676,7,150
1677,7,150
1678,7,150
1679,7,150
1680,7,151
1681,7,151
1682,7,151
1683,7,151
1684,7,151
1685,7,151
1686,7,151
1687,7,151
1688,7,151
1689,7,147
1690,7,147
1691,7,147
1692,7,147
1693,7,147
1694,7,147
1695,7,146
1696,7,153
1697,7,198
1698,7,199
1699,7,199
1700,7,199
1701,7,196
1702,7,199
1703,7,199
1704,7,199
1705,7,197
1706,7,199
1707,7,199
1708,7,157
1709,7,157
1710,7,157
1711,7,198
1712,7,58
1713,7,192
1714,7,193
1715,7,192
1716,7,192
1717,7,192
1718,7,192
1719,7,200
1720,7,200
1721,7,200
1722,7,219
1723,7,219
1724,7,219
1725,7,219
1726,7,162
1727,7,174
1728,7,154
1729,7,154
1730,7,154
1731,7,155
1732,7,150
1733,7,150
1734,7,149
1735,7,150
1736,7,151
1737,7,150
1738,7,151
1739,7,151
1740,7,151
1741,7,151
1742,7,151
1743,7,151
1744,7,151
1745,7,147
1746,7,147
1747,7,147
1748,7,147
1749,7,146
1750,7,146
1751,7,153
1752,7,157
1753,7,157
1754,7,198
1755,7,198
1756,7,196
1757,7,196
1758,7,199
1759,7,199
1760,7,196
1761,7,239
1762,7,199
1763,7,196
1764,7,198
1765,7,156
1766,7,157
1767,7,198
1768,7,199
1769,7,192
1770,7,196
1771,7,193
1772,7,192
1773,7,192
1774,7,192
1775,7,200
1776,7,192
1777,7,200
1778,7,218
1779,7,219
1780,7,218
1781,7,219
1782,7,162
1783,7,154
1784,7,155
1785,7,150
1786,7,150
1787,7,150
1788,7,150
1789,7,150
1790,7,148
1791,7,151
1792,7,150
1793,7,151
1794,7,151
1795,7,151
1796,7,151
1797,7,151
1798,7,152
1799,7,151
1800,7,147
1801,7,151
1802,7,147
1803,7,147
1804,7,146
1805,7,153
1806,7,157
1807,7,157
1808,7,153
1809,7,146
1810,7,198
1811,7,198
1812,7,196
1813,7,236
1814,7,196
1815,7,195
1816,7,196
1817,7,199
1818,7,196
1819,7,198
1820,7,157
1821,7,157
1822,7,157
1823,7,196
1824,7,196
1825,7,192
1826,7,203
1827,7,192
1828,7,203
1829,7,192
1830,7,200
1831,7,200
1832,7,200
1833,7,192
1834,7,218
1835,7,219
1836,7,219
1837,7,181
1838,7,168
1839,7,155
1840,7,150
1841,7,155
1842,7,151
1843,7,151
1844,7,151
1845,7,150
1846,7,151
1847,7,151
1848,7,151
1849,7,151
1850,7,152
1851,7,152
1852,7,152
1853,7,152
1854,7,152
1855,7,151
1856,7,148
1857,7,147
1858,7,147
1859,7,146
1860,7,146
1861,7,153
1862,7,146
1863,7,146
1864,7,146
1865,7,198
1866,7,198
1867,7,198
1868,7,196
1869,7,196
1870,7,199
1871,7,196
1872,7,194
1873,7,199
1874,7,198
1875,7,157
1876,7,157
1877,7,157
1878,7,196
1879,7,203
1880,7,203
1881,7,206
1882,7,200
1883,7,201
1884,7,200
1885,7,200
1886,7,200
1887,7,200
1888,7,200
1889,7,149
1890,7,218
1891,7,219
1892,7,161
1893,7,155
1894,7,155
1895,7,150
1896,7,150
1897,7,150
1898,7,150
1899,7,151
1900,7,151
1901,7,151
1902,7,151
1903,7,152
1904,7,152
1905,7,152
1906,7,153
1907,7,156
1908,7,152
1909,7,151
1910,7,147
1911,7,147
1912,7,147
1913,7,147
1914,7,146
1915,7,146
1916,7,146
1917,7,147
1918,7,147
1919,7,130
1920,7,196
1921,7,197
1922,7,197
1923,7,196
1924,7,196
1925,7,196
1926,7,194
1927,7,195
1928,7,198
1929,7,157
1930,7,157
1931,7,196
1932,7,203
1933,7,202
1934,7,203
1935,7,192
1936,7,200
1937,7,200
1938,7,200
1939,7,200
1940,7,200
1941,7,200
1942,7,201
1943,7,218
1944,7,218
1945,7,218
1946,7,90
1947,7,173
1948,7,155
1949,7,150
1950,7,149
1951,7,149
1952,7,147
1953,7,151
1954,7,151
1955,7,151
1956,7,151
1957,7,152
1958,7,156
1959,7,152
1960,7,152
1961,7,152
1962,7,152
1963,7,151
1964,7,151
1965,7,147
1966,7,144
1967,7,147
1968,7,147
1969,7,146
1970,7,147
1971,7,147
1972,7,147
1973,7,130
1974,7,197
1975,7,131
1976,7,202
1977,7,196
1978,7,196
1979,7,197
1980,7,202
1981,7,202
1982,7,202
1983,7,157
1984,7,205
1985,7,202
1986,7,202
1987,7,202
1988,7,203
1989,7,203
1990,7,200
1991,7,200
1992,7,200
1993,7,200
1994,7,201
1995,7,200
1996,7,201
1997,7,218
1998,7,219
1999,7,218
2000,7,90
2001,7,154
2002,7,150
2003,7,149
2004,7,150
2005,7,151
2006,7,151
2007,7,151
2008,7,151
2009,7,152
2010,7,152
2011,7,156
2012,7,156
2013,7,157
2014,7,156
2015,7,152
2016,7,147
2017,7,151
2018,7,151
2019,7,147
2020,7,147
2021,7,147
2022,7,147
2023,7,147
2024,7,144
2025,7,147
2026,7,130
2027,7,197
2028,7,197
2029,7,196
2030,7,196
2031,7,196
2032,7,196
2033,7,202
2034,7,196
2035,7,129
2036,7,205
2037,7,205
2038,7,205
2039,7,202
2040,7,202
2041,7,203
2042,7,201
2043,7,200
2044,7,200
2045,7,200
2046,7,201
2047,7,201
2048,7,200
2049,7,201
2050,7,218
2051,7,218
2052,7,219
2053,7,188
2054,7,175
2055,7,150
2056,7,150
2057,7,149
2058,7,150
2059,7,150
2060,7,151
2061,7,151
2062,7,152
2063,7,152
2064,7,156
2065,7,156
2066,7,152
2067,7,156
2068,7,152
2069,7,151
2070,7,151
2071,7,144
2072,7,147
2073,7,147
2074,7,147
2075,7,147
2076,7,144
2077,7,147
2078,7,144
2079,7,144
2080,7,196
2081,7,196
2082,7,196
2083,7,203
2084,7,196
2085,7,199
2086,7,203
2087,7,202
2088,7,129
2089,7,129
2090,7,136
2091,7,205
2092,7,202
2093,7,201
2094,7,202
2095,7,201
2096,7,200
2097,7,201
2098,7,194
2099,7,200
2100,7,201
2101,7,201
2102,7,200
2103,7,206
2104,7,218
2105,7,218
2106,7,218
2107,7,150
2108,7,150
2109,7,149
2110,7,149
2111,7,150
2112,7,150
2113,7,151
2114,7,146
2115,7,151
2116,7,152
2117,7,152
2118,7,152
2119,7,152
2120,7,151
2121,7,151
2122,7,145
2123,7,147
2124,7,147
2125,7,150
2126,7,144
2127,7,147
2128,7,147
2129,7,147
2130,7,144
2131,7,130
2132,7,196
2133,7,196
2134,7,197
2135,7,196
2136,7,202
2137,7,202
2138,7,202
2139,7,202
2140,7,205
2141,7,140
2142,7,136
2143,7,137
2144,7,205
2145,7,202
2146,7,206
2147,7,201
2148,7,201
2149,7,201
2150,7,200
2151,7,201
2152,7,200
2153,7,200
2154,7,201
2155,7,218
2156,7,218
2157,7,218
2158,7,189
2159,7,150
2160,7,148
2161,7,150
2162,7,150
2163,7,150
2164,7,151
2165,7,151
2166,7,155
2167,7,151
2168,7,151
2169,7,153
2170,7,152
2171,7,151
2172,7,147
2173,7,148
2174,7,151
2175,7,147
2176,7,144
2177,7,170
2178,7,147
2179,7,147
2180,7,146
2181,7,144
2182,7,144
2183,7,129
2184,7,197
2185,7,197
2186,7,197
2187,7,204
2188,7,202
2189,7,202
2190,7,206
2191,7,205
2192,7,202
2193,7,138
2194,7,138
2195,7,137
2196,7,205
2197,7,205
2198,7,201
2199,7,206
2200,7,200
2201,7,206
2202,7,206
2203,7,207
2204,7,206
2205,7,201
2206,7,201
2207,7,185
2208,7,181
2209,7,219
2210,7,188
2211,7,170
2212,7,148
2213,7,150
2214,7,149
2215,7,148
2216,7,151
2217,7,151
2218,7,151
2219,7,151
2220,7,148
2221,7,148
2222,7,148
2223,7,151
2224,7,144
2225,7,144
2226,7,148
2227,7,145
2228,7,144
2229,7,168
2230,7,148
2231,7,144
2232,7,147
2233,7,147
2234,7,147
2235,7,129
2236,7,197
2237,7,196
2238,7,192
2239,7,196
2240,7,129
2241,7,192
2242,7,205
2243,7,196
2244,7,205
2245,7,136
2246,7,136
2247,7,205
2248,7,205
2249,7,202
2250,7,205
2251,7,206
2252,7,205
2253,7,206
2254,7,206
2255,7,206
2256,7,206
2257,7,206
2258,7,201
2259,7,206
2260,7,188
2261,7,218
2262,7,188
2263,7,155
2264,7,149
2265,7,149
2266,7,148
2267,7,148
2268,7,148
2269,7,148
2270,7,148
2271,7,148
2272,7,145
2273,7,144
2274,7,145
2275,7,148
2276,7,144
2277,7,148
2278,7,144
2279,7,144
2280,7,170
2281,7,147
2282,7,144
2283,7,147
2284,7,144
2285,7,131
2286,7,197
2287,7,129
2288,7,197
2289,7,197
2290,7,196
2291,7,196
2292,7,205
2293,7,201
2294,7,202
2295,7,205
2296,7,137
2297,7,137
2298,7,205
2299,7,206
2300,7,206
2301,7,206
2302,7,201
2303,7,201
2304,7,206
2305,7,201
2306,7,206
2307,7,201
2308,7,206
2309,7,206
2310,7,206
2311,7,188
2312,7,218
2313,7,188
2314,7,89
2315,7,149
2316,7,148
2317,7,148
2318,7,148
2319,7,148
2320,7,148
2321,7,148
2322,7,148
2323,7,145
2324,7,145
2325,7,145
2326,7,144
2327,7,144
2328,7,145
2329,7,144
2330,7,144
2331,7,148
2332,7,144
2333,7,144
2334,7,144
2335,7,144
2336,7,131
2337,7,129
2338,7,130
2339,7,131
2340,7,197
2341,7,197
2342,7,132
2343,7,136
2344,7,137
2345,7,136
2346,7,136
2347,7,136
2348,7,137
2349,7,136
2350,7,201
2351,7,206
2352,7,206
2353,7,206
2354,7,206
2355,7,143
2356,7,206
2357,7,206
2358,7,142
2359,7,206
2360,7,207
2361,7,201
2362,7,218
2363,7,218
2364,7,189
2365,7,165
2366,7,149
2367,7,148
2368,7,148
2369,7,148
2370,7,148
2371,7,145
2372,7,145
2373,7,145
2374,7,145
2375,7,145
2376,7,145
2377,7,145
2378,7,144
2379,7,145
2380,7,145
2381,7,144
2382,7,144
2383,7,144
2384,7,144
2385,7,144
2386,7,144
2387,7,131
2388,7,129
2389,7,132
2390,7,197
2391,7,197
2392,7,131
2393,7,137
2394,7,205
2395,7,136
2396,7,136
2397,7,205
2398,7,205
2399,7,136
2400,7,201
2401,7,206
2402,7,206
2403,7,206
2404,7,206
2405,7,206
2406,7,206
2407,7,143
2408,7,206
2409,7,206
2410,7,201
2411,7,206
2412,7,206
2413,7,86
2414,7,218
2415,7,189
2416,7,151
2417,7,147
2418,7,148
2419,7,145
2420,7,145
2421,7,145
2422,7,145
2423,7,145
2424,7,145
2425,7,144
2426,7,145
2427,7,145
2428,7,145
2429,7,145
2430,7,144
2431,7,145
2432,7,148
2433,7,144
2434,7,144
2435,7,144
2436,7,144
2437,7,132
2438,7,129
2439,7,129
2440,7,129
2441,7,197
2442,7,132
2443,7,136
2444,7,205
2445,7,137
2446,7,136
2447,7,136
2448,7,137
2449,7,143
2450,7,143
2451,7,142
2452,7,205
2453,7,206
2454,7,207
2455,7,207
2456,7,143
2457,7,206
2458,7,206
2459,7,201
2460,7,201
2461,7,206
2462,7,207
2463,7,185
2464,7,218
2465,7,218
2466,7,172
2467,7,144
2468,7,151
2469,7,145
2470,7,148
2471,7,148
2472,7,145
2473,7,148
2474,7,144
2475,7,144
2476,7,145
2477,7,145
2478,7,145
2479,7,145
2480,7,144
2481,7,145
2482,7,144
2483,7,144
2484,7,144
2485,7,144
2486,7,144
2487,7,131
2488,7,130
2489,7,130
2490,7,197
2491,7,204
2492,7,137
2493,7,137
2494,7,136
2495,7,137
2496,7,137
2497,7,143
2498,7,202
2499,7,143
2500,7,206
2501,7,143
2502,7,141
2503,7,207
2504,7,207
2505,7,206
2506,7,207
2507,7,207
2508,7,206
2509,7,206
2510,7,201
2511,7,142
2512,7,206
2513,7,218
2514,7,218
2515,7,189
2516,7,163
2517,7,151
2518,7,145
2519,7,148
2520,7,148
2521,7,148
2522,7,145
2523,7,145
2524,7,144
2525,7,145
2526,7,144
2527,7,145
2528,7,144
2529,7,144
2530,7,144
2531,7,145
2532,7,147
2533,7,146
2534,7,146
2535,7,144
2536,7,130
2537,7,129
2538,7,131
2539,7,130
2540,7,129
2541,7,204
2542,7,137
2543,7,136
2544,7,136
2545,7,137
2546,7,137
2547,7,139
2548,7,136
2549,7,143
2550,7,141
2551,7,142
2552,7,143
2553,7,201
2554,7,142
2555,7,207
2556,7,207
2557,7,207
2558,7,201
2559,7,201
2560,7,201
2561,7,207
2562,7,218
2563,7,189
2564,7,218
2565,7,218
2566,7,148
2567,7,148
2568,7,148
2569,7,145
2570,7,145
2571,7,145
2572,7,144
2573,7,145
2574,7,145
2575,7,145
2576,7,145
2577,7,148
2578,7,144
2579,7,144
2580,7,144
2581,7,146
2582,7,146
2583,7,146
2584,7,135
2585,7,144
2586,7,135
2587,7,133
2588,7,129
2589,7,128
2590,7,137
2591,7,136
2592,7,137
2593,7,138
2594,7,136
2595,7,137
2596,7,137
2597,7,137
2598,7,143
2599,7,141
2600,7,206
2601,7,143
2602,7,207
2603,7,207
2604,7,127
2605,7,63
2606,7,206
2607,7,201
2608,7,201
2609,7,201
2610,7,201
2611,7,207
2612,7,4
2613,7,4
2614,7,218
2615,7,175
2616,7,148
2617,7,149
2618,7,149
2619,7,148
2620,7,145
2621,7,145
2622,7,145
2623,7,145
2624,7,144
2625,7,144
2626,7,147
2627,7,144
2628,7,144
2629,7,144
2630,7,146
2631,7,146
2632,7,146
2633,7,130
2634,7,133
2635,7,132
2636,7,129
2637,7,199
2638,7,128
2639,7,138
2640,7,137
2641,7,137
2642,7,205
2643,7,137
2644,7,143
2645,7,138
2646,7,141
2647,7,137
2648,7,140
2649,7,137
2650,7,126
2651,7,142
2652,7,207
2653,7,142
2654,7,207
2655,7,201
2656,7,201
2657,7,201
2658,7,201
2659,7,206
2660,7,218
2661,7,84
2662,7,5
2663,7,218
2664,7,160
2665,7,149
2666,7,148
2667,7,149
2668,7,145
2669,7,148
2670,7,144
2671,7,130
2672,7,227
2673,7,215
2674,7,130
2675,7,129
2676,7,144
2677,7,144
2678,7,147
2679,7,146
2680,7,135
2681,7,130
2682,7,133
2683,7,130
2684,7,129
2685,7,131
2686,7,138
2687,7,139
2688,7,131
2689,7,137
2690,7,137
2691,7,139
2692,7,137
2693,7,138
2694,7,143
2695,7,141
2696,7,143
2697,7,141
2698,7,142
2699,7,142
2700,7,201
2701,7,207
2702,7,207
2703,7,207
2704,7,207
2705,7,207
2706,7,201
2707,7,207
2708,7,20
2709,7,5
2710,7,4
2711,7,5
2712,7,90
2713,7,220
2714,7,221
2715,7,221
2716,7,215
2717,7,215
2718,7,215
2719,7,215
2720,7,215
2721,7,135
2722,7,132
2723,7,135
2724,7,135
2725,7,144
2726,7,135
2727,7,135
2728,7,133
2729,7,135
2730,7,131
2731,7,132
2732,7,133
2733,7,139
2734,7,137
2735,7,139
2736,7,137
2737,7,206
2738,7,143
2739,7,139
2740,7,143
2741,7,140
2742,7,139
2743,7,142
2744,7,141
2745,7,142
2746,7,206
2747,7,207
2748,7,207
2749,7,113
2750,7,207
2751,7,207
2752,7,201
2753,7,206
2754,7,218
2755,7,5
2756,7,5
2757,7,5
2758,7,218
2759,7,86
2760,7,21
2761,7,221
2762,7,214
2763,7,214
2764,7,215
2765,7,215
2766,7,215
2767,7,215
2768,7,130
2769,7,135
2770,7,130
2771,7,131
2772,7,134
2773,7,132
2774,7,133
2775,7,133
2776,7,132
2777,7,128
2778,7,132
2779,7,137
2780,7,137
2781,7,137
2782,7,139
2783,7,139
2784,7,139
2785,7,141
2786,7,142
2787,7,142
2788,7,138
2789,7,140
2790,7,142
2791,7,142
2792,7,207
2793,7,207
2794,7,142
2795,7,207
2796,7,36
2797,7,36
2798,7,37
2799,7,207
2800,7,207
2801,7,5
2802,7,5
2803,7,4
2804,7,218
2805,7,84
2806,7,91
2807,7,220
2808,7,220
2809,7,21
2810,7,214
2811,7,214
2812,7,214
2813,7,215
2814,7,215
2815,7,215
2816,7,215
2817,7,215
2818,7,129
2819,7,131
2820,7,134
2821,7,138
2822,7,133
2823,7,133
2824,7,137
2825,7,131
2826,7,139
2827,7,139
2828,7,138
2829,7,139
2830,7,205
2831,7,138
2832,7,140
2833,7,143
2834,7,141
2835,7,139
2836,7,139
2837,7,141
2838,7,142
2839,7,142
2840,7,207
2841,7,142
2842,7,59
2843,7,37
2844,7,36
2845,7,34
2846,7,37
2847,7,207
2848,7,6
2849,7,11
2850,7,10
2851,7,6
2852,7,4
2853,7,5
2854,7,23
2855,7,21
2856,7,21
2857,7,214
2858,7,214
2859,7,214
2860,7,214
2861,7,214
2862,7,215
2863,7,215
2864,7,215
2865,7,215
2866,7,215
2867,7,135
2868,7,134
2869,7,135
2870,7,132
2871,7,132
2872,7,132
2873,7,138
2874,7,138
2875,7,139
2876,7,139
2877,7,139
2878,7,143
2879,7,137
2880,7,142
2881,7,141
2882,7,139
2883,7,139
2884,7,139
2885,7,139
2886,7,142
2887,7,207
2888,7,207
2889,7,207
2890,7,37
2891,7,36
2892,7,34
2893,7,34
2894,7,6
2895,7,207
2896,7,7
2897,7,4
2898,7,12
2899,7,4
2900,7,5
2901,7,83
2902,7,164
2903,7,89
2904,7,84
2905,7,30
2906,7,22
2907,7,95
2908,7,22
2909,7,22
2910,7,23
2911,7,162
2912,7,21
2913,7,220
2914,7,220
2915,7,214
2916,7,214
2917,7,214
2918,7,214
2919,7,215
2920,7,215
2921,7,215
2922,7,215
2923,7,215
2924,7,215
2925,7,221
2926,7,220
2927,7,133
2928,7,133
2929,7,138
2930,7,138
2931,7,139
2932,7,137
2933,7,137
2934,7,139
2935,7,139
2936,7,139
2937,7,142
2938,7,140
2939,7,139
2940,7,140
2941,7,139
2942,7,121
2943,7,112
2944,7,142
2945,7,59
2946,7,37
2947,7,36
2948,7,34
2949,7,34
2950,7,39
2951,7,37
2952,7,207
2953,7,6
2954,7,6
2955,7,6
2956,7,5
2957,7,5
2958,7,5
2959,7,81
2960,7,92
2961,7,23
2962,7,22
2963,7,22
2964,7,22
2965,7,22
2966,7,22
2967,7,22
2968,7,23
2969,7,23
2970,7,22
2971,7,23
2972,7,23
2973,7,162
2974,7,89
2975,7,59
2976,7,21
2977,7,21
2978,7,214
2979,7,214
2980,7,214
2981,7,215
2982,7,214
2983,7,215
2984,7,215
2985,7,215
2986,7,215
2987,7,220
2988,7,221
2989,7,187
2990,7,134
2991,7,133
2992,7,138
2993,7,138
2994,7,138
2995,7,138
2996,7,138
2997,7,138
2998,7,139
2999,7,140
3000,7,37
3001,7,37
3002,7,37
3003,7,37
3004,7,75
3005,7,126
3006,7,112
3007,7,37
3008,7,37
3009,7,37
3010,7,39
3011,7,34
3012,7,34
3013,7,36
3014,7,36
3015,7,207
3016,7,6
3017,7,5
3018,7,5
3019,7,4
3020,7,5
3021,7,4
3022,7,84
3023,7,163
3024,7,85
3025,7,23
3026,7,22
3027,7,22
3028,7,22
3029,7,22
3030,7,22
3031,7,22
3032,7,22
3033,7,22
3034,7,22
3035,7,23
3036,7,23
3037,7,23
3038,7,22
3039,7,86
3040,7,23
3041,7,91
3042,7,20
3043,7,21
3044,7,214
3045,7,214
3046,7,214
3047,7,214
3048,7,214
3049,7,215
3050,7,214
3051,7,215
3052,7,214
3053,7,214
3054,7,221
3055,7,21
3056,7,21
3057,7,133
3058,7,138
3059,7,138
3060,7,139
3061,7,138
3062,7,139
3063,7,138
3064,7,89
3065,7,94
3066,7,93
3067,7,80
3068,7,37
3069,7,37
3070,7,37
3071,7,37
3072,7,37
3073,7,37
3074,7,37
3075,7,37
3076,7,39
3077,7,39
3078,7,39
3079,7,39
3080,7,34
3081,7,37
3082,7,36
3083,7,7
3084,7,6
3085,7,4
3086,7,7
3087,7,4
3088,7,4
3089,7,92
3090,7,86
3091,7,23
3092,7,19
3093,7,22
3094,7,22
3095,7,22
3096,7,22
3097,7,22
3098,7,31
3099,7,31
3100,7,31
3101,7,31
3102,7,22
3103,7,220
3104,7,22
3105,7,23
3106,7,23
3107,7,23
3108,7,23
3109,7,86
3110,7,23
3111,7,221
3112,7,21
3113,7,214
3114,7,214
3115,7,214
3116,7,214
3117,7,215
3118,7,215
3119,7,214
3120,7,214
3121,7,220
3122,7,220
3123,7,21
3124,7,138
3125,7,138
3126,7,138
3127,7,139
3128,7,139
3129,7,139
3130,7,142
3131,7,126
3132,7,43
3133,7,37
3134,7,37
3135,7,37
3136,7,37
3137,7,37
3138,7,37
3139,7,37
3140,7,37
3141,7,37
3142,7,36
3143,7,39
3144,7,39
3145,7,34
3146,7,34
3147,7,34
3148,7,37
3149,7,36
3150,7,6
3151,7,7
3152,7,7
3153,7,4
3154,7,5
3155,7,7
3156,7,4
3157,7,95
3158,7,87
3159,7,23
3160,7,22
3161,7,22
3162,7,22
3163,7,22
3164,7,30
3165,7,30
3166,7,31
3167,7,31
3168,7,31
3169,7,31
3170,7,31
3171,7,31
3172,7,31
3173,7,31
3174,7,22
3175,7,22
3176,7,22
3177,7,23
3178,7,21
3179,7,90
3180,7,91
3181,7,21
3182,7,21
3183,7,214
3184,7,214
3185,7,214
3186,7,214
3187,7,214
3188,7,215
3189,7,214
3190,7,214
3191,7,21
3192,7,21
3193,7,197
3194,7,79
3195,7,138
3196,7,139
3197,7,139
3198,7,139
3199,7,139
3200,7,139
3201,7,43
3202,7,43
3203,7,43
3204,7,38
3205,7,39
3206,7,37
3207,7,37
3208,7,37
3209,7,37
3210,7,36
3211,7,39
3212,7,38
3213,7,39
3214,7,39
3215,7,34
3216,7,35
3217,7,33
3218,7,34
3219,7,63
3220,7,6
3221,7,6
3222,7,7
3223,7,5
3224,7,4
3225,7,84
3226,7,4
3227,7,92
3228,7,19
3229,7,22
3230,7,19
3231,7,22
3232,7,19
3233,7,30
3234,7,31
3235,7,31
3236,7,30
3237,7,30
3238,7,31
3239,7,31
3240,7,31
3241,7,28
3242,7,31
3243,7,28
3244,7,28
3245,7,28
3246,7,28
3247,7,20
3248,7,23
3249,7,20
3250,7,161
3251,7,86
3252,7,21
3253,7,21
3254,7,214
3255,7,28
3256,7,214
3257,7,214
3258,7,214
3259,7,214
3260,7,21
3261,7,21
3262,7,138
3263,7,138
3264,7,125
3265,7,139
3266,7,138
3267,7,138
3268,7,139
3269,7,43
3270,7,43
3271,7,43
3272,7,43
3273,7,43
3274,7,37
3275,7,36
3276,7,37
3277,7,37
3278,7,38
3279,7,37
3280,7,39
3281,7,39
3282,7,39
3283,7,39
3284,7,35
3285,7,34
3286,7,32
3287,7,34
3288,7,34
3289,7,6
3290,7,6
3291,7,7
3292,7,7
3293,7,4
3294,7,4
3295,7,4
3296,7,86
3297,7,162
3298,7,22
3299,7,18
3300,7,19
3301,7,18
3302,7,30
3303,7,30
3304,7,30
3305,7,31
3306,7,31
3307,7,30
3308,7,30
3309,7,31
3310,7,31
3311,7,31
3312,7,31
3313,7,31
3314,7,31
3315,7,28
3316,7,31
3317,7,28
3318,7,28
3319,7,25
3320,7,23
3321,7,23
3322,7,90
3323,7,20
3324,7,21
3325,7,21
3326,7,220
3327,7,214
3328,7,214
3329,7,214
3330,7,21
3331,7,21
3332,7,59
3333,7,138
3334,7,124
3335,7,80
3336,7,139
3337,7,139
3338,7,126
3339,7,126
3340,7,43
3341,7,38
3342,7,43
3343,7,38
3344,7,38
3345,7,38
3346,7,38
3347,7,38
3348,7,37
3349,7,37
3350,7,39
3351,7,36
3352,7,38
3353,7,39
3354,7,39
3355,7,35
3356,7,34
3357,7,35
3358,7,36
3359,7,63
3360,7,6
3361,7,6
3362,7,7
3363,7,7
3364,7,7
3365,7,5
3366,7,5
3367,7,92
3368,7,18
3369,7,18
3370,7,18
3371,7,18
3372,7,24
3373,7,30
3374,7,30
3375,7,30
3376,7,28
3377,7,30
3378,7,30
3379,7,30
3380,7,31
3381,7,28
3382,7,31
3383,7,31
3384,7,28
3385,7,31
3386,7,28
3387,7,28
3388,7,28
3389,7,28
3390,7,28
3391,7,58
3392,7,20
3393,7,20
3394,7,91
3395,7,87
3396,7,20
3397,7,20
3398,7,20
3399,7,20
3400,7,21
3401,7,21
3402,7,21
3403,7,21
3404,7,124
3405,7,124
3406,7,138
3407,7,125
3408,7,139
3409,7,113
3410,7,47
3411,7,43
3412,7,43
3413,7,38
3414,7,43
3415,7,38
3416,7,38
3417,7,38
3418,7,38
3419,7,37
3420,7,37
3421,7,37
3422,7,38
3423,7,36
3424,7,34
3425,7,39
3426,7,34
3427,7,34
3428,7,35
3429,7,32
3430,7,36
3431,7,6
3432,7,7
3433,7,5
3434,7,6
3435,7,4
3436,7,5
3437,7,7
3438,7,93
3439,7,91
3440,7,19
3441,7,22
3442,7,18
3443,7,18
3444,7,30
3445,7,30
3446,7,30
3447,7,30
3448,7,28
3449,7,28
3450,7,56
3451,7,28
3452,7,28
3453,7,58
3454,7,28
3455,7,31
3456,7,31
3457,7,28
3458,7,28
3459,7,28
3460,7,28
3461,7,28
3462,7,28
3463,7,30
3464,7,58
3465,7,20
3466,7,21
3467,7,86
3468,7,183
3469,7,20
3470,7,20
3471,7,20
3472,7,21
3473,7,59
3474,7,20
3475,7,124
3476,7,138
3477,7,124
3478,7,113
3479,7,113
3480,7,77
3481,7,43
3482,7,43
3483,7,43
3484,7,43
3485,7,42
3486,7,43
3487,7,38
3488,7,37
3489,7,38
3490,7,38
3491,7,38
3492,7,38
3493,7,37
3494,7,34
3495,7,39
3496,7,39
3497,7,39
3498,7,34
3499,7,34
3500,7,32
3501,7,34
3502,7,34
3503,7,6
3504,7,34
3505,7,6
3506,7,6
3507,7,7
3508,7,7
3509,7,6
3510,7,7
3511,7,163
3512,7,18
3513,7,19
3514,7,22
3515,7,22
3516,7,30
3517,7,30
3518,7,30
3519,7,30
3520,7,30
3521,7,24
3522,7,30
3523,7,28
3524,7,28
3525,7,31
3526,7,28
3527,7,28
3528,7,58
3529,7,28
3530,7,28
3531,7,28
3532,7,28
3533,7,29
3534,7,54
3535,7,58
3536,7,29
3537,7,58
3538,7,29
3539,7,58
3540,7,20
3541,7,20
3542,7,87
3543,7,81
3544,7,84
3545,7,20
3546,7,20
3547,7,20
3548,7,59
3549,7,187
3550,7,124
3551,7,126
3552,7,126
3553,7,20
3554,7,142
3555,7,142
3556,7,77
3557,7,43
3558,7,42
3559,7,42
3560,7,43
3561,7,38
3562,7,38
3563,7,38
3564,7,38
3565,7,37
3566,7,38
3567,7,39
3568,7,38
3569,7,39
3570,7,34
3571,7,32
3572,7,34
3573,7,34
3574,7,39
3575,7,35
3576,7,35
3577,7,35
3578,7,35
3579,7,36
3580,7,34
3581,7,34
3582,7,34
3583,7,32
3584,7,35
3585,7,7
3586,7,6
3587,7,88
3588,7,18
3589,7,18
3590,7,18
3591,7,19
3592,7,24
3593,7,24
3594,7,25
3595,7,30
3596,7,30
3597,7,24
3598,7,24
3599,7,52
3600,7,54
3601,7,26
3602,7,52
3603,7,28
3604,7,29
3605,7,58
3606,7,58
3607,7,29
3608,7,24
3609,7,58
3610,7,26
3611,7,215
3612,7,56
3613,7,126
3614,7,58
3615,7,58
3616,7,59
3617,7,59
3618,7,20
3619,7,20
3620,7,20
3621,7,20
3622,7,20
3623,7,20
3624,7,20
3625,7,124
3626,7,124
3627,7,126
3628,7,126
3629,7,113
3630,7,113
3631,7,47
3632,7,78
3633,7,42
3634,7,42
3635,7,43
3636,7,43
3637,7,38
3638,7,38
3639,7,39
3640,7,38
3641,7,37
3642,7,37
3643,7,38
3644,7,38
3645,7,39
3646,7,39
3647,7,34
3648,7,34
3649,7,34
3650,7,35
3651,7,35
3652,7,35
3653,7,35
3654,7,35
3655,7,34
3656,7,34
3657,7,32
3658,7,39
3659,7,33
3660,7,82
3661,7,6
3662,7,87
3663,7,86
3664,7,17
3665,7,17
3666,7,18
3667,7,24
3668,7,24
3669,7,24
3670,7,25
3671,7,54
3672,7,55
3673,7,54
3674,7,54
3675,7,27
3676,7,54
3677,7,0
3678,7,52
3679,7,52
3680,7,29
3681,7,56
3682,7,114
3683,7,57
3684,7,25
3685,7,52
3686,7,52
3687,7,52
3688,7,57
3689,7,58
3690,7,58
3691,7,58
3692,7,58
3693,7,58
3694,7,203
3695,7,134
3696,7,59
3697,7,20
3698,7,20
3699,7,85
3700,7,125
3701,7,126
3702,7,126
3703,7,112
3704,7,120
3705,7,207
3706,7,47
3707,7,43
3708,7,42
3709,7,43
3710,7,38
3711,7,43
3712,7,42
3713,7,38
3714,7,32
3715,7,55
3716,7,38
3717,7,39
3718,7,37
3719,7,38
3720,7,39
3721,7,39
3722,7,39
3723,7,34
3724,7,34
3725,7,35
3726,7,35
3727,7,35
3728,7,35
3729,7,35
3730,7,35
3731,7,35
3732,7,7
3733,7,34
3734,7,34
3735,7,34
3736,7,7
3737,7,5
3738,7,18
3739,7,18
3740,7,18
3741,7,18
3742,7,24
3743,7,55
3744,7,55
3745,7,55
3746,7,54
3747,7,55
3748,7,55
3749,7,55
3750,7,55
3751,7,54
3752,7,55
3753,7,54
3754,7,55
3755,7,54
3756,7,58
3757,7,114
3758,7,58
3759,7,25
3760,7,52
3761,7,52
3762,7,52
3763,7,25
3764,7,58
3765,7,58
3766,7,112
3767,7,63
3768,7,112
3769,7,58
3770,7,20
3771,7,124
3772,7,124
3773,7,124
3774,7,124
3775,7,125
3776,7,126
3777,7,124
3778,7,124
3779,7,139
3780,7,113
3781,7,43
3782,7,43
3783,7,38
3784,7,42
3785,7,42
3786,7,43
3787,7,42
3788,7,38
3789,7,39
3790,7,38
3791,7,38
3792,7,42
3793,7,38
3794,7,38
3795,7,39
3796,7,39
3797,7,35
3798,7,34
3799,7,35
3800,7,34
3801,7,35
3802,7,35
3803,7,35
3804,7,33
3805,7,35
3806,7,33
3807,7,33
3808,7,33
3809,7,7
3810,7,7
3811,7,6
3812,7,90
3813,7,91
3814,7,18
3815,7,18
3816,7,18
3817,7,24
3818,7,55
3819,7,55
3820,7,55
3821,7,55
3822,7,55
3823,7,54
3824,7,54
3825,7,55
3826,7,54
3827,7,0
3828,7,55
3829,7,54
3830,7,54
3831,7,55
3832,7,57
3833,7,58
3834,7,58
3835,7,25
3836,7,57
3837,7,52
3838,7,52
3839,7,58
3840,7,58
3841,7,58
3842,7,59
3843,7,113
3844,7,126
3845,7,126
3846,7,124
3847,7,124
3848,7,124
3849,7,124
3850,7,123
3851,7,124
3852,7,125
3853,7,124
3854,7,126
3855,7,140
3856,7,43
3857,7,43
3858,7,42
3859,7,42
3860,7,44
3861,7,42
3862,7,42
3863,7,38
3864,7,38
3865,7,39
3866,7,52
3867,7,38
3868,7,38
3869,7,39
3870,7,34
3871,7,34
3872,7,38
3873,7,34
3874,7,32
3875,7,34
3876,7,35
3877,7,35
3878,7,33
3879,7,35
3880,7,35
3881,7,35
3882,7,33
3883,7,6
3884,7,32
3885,7,7
3886,7,6
3887,7,81
3888,7,86
3889,7,17
3890,7,16
3891,7,18
3892,7,24
3893,7,55
3894,7,54
3895,7,55
3896,7,54
3897,7,55
3898,7,54
3899,7,54
3900,7,55
3901,7,54
3902,7,54
3903,7,55
3904,7,54
3905,7,54
3906,7,54
3907,7,52
3908,7,57
3909,7,57
3910,7,52
3911,7,52
3912,7,52
3913,7,52
3914,7,209
3915,7,59
3916,7,115
3917,7,114
3918,7,157
3919,7,115
3920,7,126
3921,7,124
3922,7,124
3923,7,124
3924,7,21
3925,7,125
3926,7,124
3927,7,122
3928,7,124
3929,7,125
3930,7,126
3931,7,43
3932,7,42
3933,7,42
3934,7,40
3935,7,42
3936,7,42
3937,7,42
3938,7,43
3939,7,42
3940,7,38
3941,7,37
3942,7,38
3943,7,39
3944,7,34
3945,7,32
3946,7,39
3947,7,32
3948,7,32
3949,7,32
3950,7,34
3951,7,34
3952,7,35
3953,7,35
3954,7,33
3955,7,33
3956,7,33
3957,7,33
3958,7,35
3959,7,35
3960,7,34
3961,7,83
3962,7,18
3963,7,18
3964,7,18
3965,7,24
3966,7,55
3967,7,55
3968,7,55
3969,7,53
3970,7,55
3971,7,54
3972,7,55
3973,7,54
3974,7,52
3975,7,54
3976,7,54
3977,7,27
3978,7,54
3979,7,27
3980,7,27
3981,7,52
3982,7,52
3983,7,52
3984,7,54
3985,7,52
3986,7,52
3987,7,52
3988,7,57
3989,7,57
3990,7,114
3991,7,157
3992,7,156
3993,7,124
3994,7,124
3995,7,126
3996,7,124
3997,7,122
3998,7,125
3999,7,125
4000,7,124
4001,7,124
4002,7,113
4003,7,126
4004,7,43
4005,7,43
4006,7,42
4007,7,42
4008,7,78
4009,7,42
4010,7,42
4011,7,42
4012,7,103
4013,7,38
4014,7,38
4015,7,38
4016,7,38
4017,7,39
4018,7,38
4019,7,32
4020,7,32
4021,7,32
4022,7,34
4023,7,35
4024,7,32
4025,7,34
4026,7,35
4027,7,33
4028,7,33
4029,7,33
4030,7,33
4031,7,35
4032,7,6
4033,7,8
4034,7,83
4035,7,89
4036,7,85
4037,7,16
4038,7,18
4039,7,25
4040,7,55
4041,7,55
4042,7,55
4043,7,55
4044,7,54
4045,7,54
4046,7,52
4047,7,54
4048,7,54
4049,7,54
4050,7,55
4051,7,1
4052,7,54
4053,7,52
4054,7,52
4055,7,52
4056,7,52
4057,7,52
4058,7,52
4059,7,27
4060,7,52
4061,7,56
4062,7,114
4063,7,63
4064,7,114
4065,7,186
4066,7,127
4067,7,127
4068,7,125
4069,7,125
4070,7,125
4071,7,125
4072,7,125
4073,7,121
4074,7,123
4075,7,123
4076,7,125
4077,7,121
4078,7,78
4079,7,69
4080,7,36
4081,7,36
4082,7,93
4083,7,2
4084,7,78
4085,7,77
4086,7,42
4087,7,40
4088,7,32
4089,7,39
4090,7,38
4091,7,39
4092,7,39
4093,7,32
4094,7,35
4095,7,39
4096,7,33
4097,7,33
4098,7,35
4099,7,35
4100,7,35
4101,7,33
4102,7,119
4103,7,33
4104,7,78
4105,7,80
4106,7,86
4107,7,92
4108,7,90
4109,7,86
4110,7,18
4111,7,24
4112,7,55
4113,7,55
4114,7,55
4115,7,55
4116,7,3
4117,7,69
4118,7,85
4119,7,3
4120,7,3
4121,7,1
4122,7,55
4123,7,89
4124,7,94
4125,7,3
4126,7,2
4127,7,1
4128,7,3
4129,7,0
4130,7,0
4131,7,52
4132,7,57
4133,7,114
4134,7,112
4135,7,114
4136,7,114
4137,7,114
4138,7,156
4139,7,127
4140,7,123
4141,7,125
4142,7,122
4143,7,123
4144,7,121
4145,7,125
4146,7,123
4147,7,126
4148,7,114
4149,7,105
4150,7,47
4151,7,44
4152,7,44
4153,7,42
4154,7,78
4155,7,47
4156,7,40
4157,7,40
4158,7,40
4159,7,40
4160,7,40
4161,7,32
4162,7,32
4163,7,40
4164,7,32
4165,7,32
4166,7,32
4167,7,33
4168,7,33
4169,7,33
4170,7,33
4171,7,33
4172,7,32
4173,7,33
4174,7,33
4175,7,33
4176,7,32
4177,7,7
4178,7,80
4179,7,23
4180,7,18
4181,7,16
4182,7,24
4183,7,55
4184,7,55
4185,7,55
4186,7,54
4187,7,52
4188,7,26
4189,7,11
4190,7,16
4191,7,26
4192,7,52
4193,7,52
4194,7,1
4195,7,1
4196,7,55
4197,7,53
4198,7,52
4199,7,52
4200,7,53
4201,7,52
4202,7,57
4203,7,62
4204,7,127
4205,7,63
4206,7,56
4207,7,157
4208,7,127
4209,7,159
4210,7,127
4211,7,125
4212,7,125
4213,7,121
4214,7,123
4215,7,123
4216,7,114
4217,7,113
4218,7,126
4219,7,113
4220,7,46
4221,7,43
4222,7,47
4223,7,45
4224,7,44
4225,7,78
4226,7,41
4227,7,40
4228,7,44
4229,7,40
4230,7,41
4231,7,42
4232,7,41
4233,7,40
4234,7,40
4235,7,32
4236,7,41
4237,7,32
4238,7,32
4239,7,32
4240,7,33
4241,7,33
4242,7,32
4243,7,32
4244,7,41
4245,7,32
4246,7,97
4247,7,75
4248,7,68
4249,7,87
4250,7,17
4251,7,17
4252,7,16
4253,7,55
4254,7,55
4255,7,55
4256,7,54
4257,7,0
4258,7,27
4259,7,16
4260,7,52
4261,7,52
4262,7,57
4263,7,53
4264,7,3
4265,7,52
4266,7,52
4267,7,24
4268,7,52
4269,7,52
4270,7,52
4271,7,52
4272,7,62
4273,7,127
4274,7,63
4275,7,23
4276,7,115
4277,7,114
4278,7,114
4279,7,125
4280,7,123
4281,7,122
4282,7,125
4283,7,122
4284,7,124
4285,7,122
4286,7,122
4287,7,114
4288,7,115
4289,7,46
4290,7,47
4291,7,47
4292,7,42
4293,7,44
4294,7,44
4295,7,79
4296,7,47
4297,7,40
4298,7,41
4299,7,42
4300,7,41
4301,7,40
4302,7,44
4303,7,40
4304,7,40
4305,7,41
4306,7,41
4307,7,40
4308,7,41
4309,7,41
4310,7,41
4311,7,32
4312,7,32
4313,7,33
4314,7,41
4315,7,74
4316,7,7
4317,7,92
4318,7,87
4319,7,17
4320,7,17
4321,7,16
4322,7,27
4323,7,55
4324,7,55
4325,7,53
4326,7,54
4327,7,16
4328,7,26
4329,7,53
4330,7,53
4331,7,54
4332,7,53
4333,7,55
4334,7,54
4335,7,58
4336,7,57
4337,7,57
4338,7,52
4339,7,52
4340,7,60
4341,7,63
4342,7,114
4343,7,56
4344,7,56
4345,7,115
4346,7,114
4347,7,122
4348,7,122
4349,7,123
4350,7,123
4351,7,122
4352,7,121
4353,7,125
4354,7,119
4355,7,120
4356,7,116
4357,7,118
4358,7,45
4359,7,47
4360,7,47
4361,7,99
4362,7,47
4363,7,45
4364,7,78
4365,7,44
4366,7,44
4367,7,44
4368,7,99
4369,7,96
4370,7,74
4371,7,98
4372,7,99
4373,7,99
4374,7,98
4375,7,67
4376,7,44
4377,7,41
4378,7,41
4379,7,41
4380,7,41
4381,7,41
4382,7,41
4383,7,6
4384,7,6
4385,7,92
4386,7,87
4387,7,17
4388,7,17
4389,7,16
4390,7,24
4391,7,55
4392,7,55
4393,7,55
4394,7,53
4395,7,53
4396,7,52
4397,7,53
4398,7,53
4399,7,55
4400,7,53
4401,7,2
4402,7,57
4403,7,57
4404,7,62
4405,7,63
4406,7,57
4407,7,57
4408,7,63
4409,7,116
4410,7,62
4411,7,62
4412,7,56
4413,7,118
4414,7,122
4415,7,122
4416,7,123
4417,7,103
4418,7,122
4419,7,122
4420,7,120
4421,7,123
4422,7,122
4423,7,118
4424,7,118
4425,7,46
4426,7,47
4427,7,47
4428,7,42
4429,7,47
4430,7,44
4431,7,45
4432,7,71
4433,7,45
4434,7,44
4435,7,44
4436,7,98
4437,7,67
4438,7,64
4439,7,74
4440,7,70
4441,7,65
4442,7,75
4443,7,74
4444,7,75
4445,7,96
4446,7,103
4447,7,41
4448,7,103
4449,7,33
4450,7,7
4451,7,4
4452,7,88
4453,7,92
4454,7,18
4455,7,16
4456,7,16
4457,7,85
4458,7,53
4459,7,55
4460,7,55
4461,7,53
4462,7,49
4463,7,53
4464,7,53
4465,7,53
4466,7,53
4467,7,53
4468,7,55
4469,7,25
4470,7,58
4471,7,60
4472,7,56
4473,7,56
4474,7,58
4475,7,62
4476,7,115
4477,7,56
4478,7,60
4479,7,116
4480,7,118
4481,7,122
4482,7,122
4483,7,122
4484,7,123
4485,7,121
4486,7,122
4487,7,121
4488,7,119
4489,7,119
4490,7,113
4491,7,46
4492,7,46
4493,7,46
4494,7,46
4495,7,44
4496,7,44
4497,7,106
4498,7,99
4499,7,71
4500,7,65
4501,7,106
4502,7,74
4503,7,66
4504,7,71
4505,7,70
4506,7,67
4507,7,71
4508,7,75
4509,7,75
4510,7,67
4511,7,76
4512,7,103
4513,7,103
4514,7,41
4515,7,74
4516,7,85
4517,7,80
4518,7,162
4519,7,85
4520,7,17
4521,7,16
4522,7,16
4523,7,24
4524,7,55
4525,7,53
4526,7,49
4527,7,53
4528,7,53
4529,7,53
4530,7,53
4531,7,53
4532,7,25
4533,7,25
4534,7,57
4535,7,56
4536,7,60
4537,7,56
4538,7,57
4539,7,56
4540,7,63
4541,7,62
4542,7,56
4543,7,119
4544,7,118
4545,7,118
4546,7,122
4547,7,97
4548,7,122
4549,7,120
4550,7,121
4551,7,120
4552,7,123
4553,7,119
4554,7,118
4555,7,118
4556,7,46
4557,7,46
4558,7,46
4559,7,46
4560,7,44
4561,7,45
4562,7,45
4563,7,99
4564,7,79
4565,7,65
4566,7,74
4567,7,74
4568,7,74
4569,7,79
4570,7,69
4571,7,71
4572,7,70
4573,7,67
4574,7,69
4575,7,79
4576,7,70
4577,7,72
4578,7,72
4579,7,79
4580,7,74
4581,7,94
4582,7,93
4583,7,17
4584,7,16
4585,7,17
4586,7,16
4587,7,24
4588,7,55
4589,7,55
4590,7,53
4591,7,53
4592,7,50
4593,7,53
4594,7,25
4595,7,57
4596,7,25
4597,7,57
4598,7,56
4599,7,56
4600,7,61
4601,7,60
4602,7,114
4603,7,62
4604,7,60
4605,7,56
4606,7,56
4607,7,116
4608,7,58
4609,7,118
4610,7,118
4611,7,118
4612,7,120
4613,7,121
4614,7,120
4615,7,121
4616,7,118
4617,7,126
4618,7,118
4619,7,47
4620,7,45
4621,7,44
4622,7,45
4623,7,45
4624,7,111
4625,7,98
4626,7,66
4627,7,69
4628,7,66
4629,7,66
4630,7,103
4631,7,67
4632,7,70
4633,7,70
4634,7,75
4635,7,75
4636,7,66
4637,7,76
4638,7,76
4639,7,76
4640,7,72
4641,7,82
4642,7,75
4643,7,93
4644,7,86
4645,7,17
4646,7,16
4647,7,16
4648,7,25
4649,7,24
4650,7,25
4651,7,55
4652,7,53
4653,7,25
4654,7,25
4655,7,25
4656,7,57
4657,7,56
4658,7,63
4659,7,56
4660,7,62
4661,7,56
4662,7,60
4663,7,63
4664,7,115
4665,7,116
4666,7,116
4667,7,60
4668,7,56
4669,7,57
4670,7,57
4671,7,122
4672,7,118
4673,7,121
4674,7,121
4675,7,119
4676,7,120
4677,7,118
4678,7,119
4679,7,104
4680,7,46
4681,7,47
4682,7,47
4683,7,44
4684,7,45
4685,7,45
4686,7,99
4687,7,66
4688,7,79
4689,7,98
4690,7,64
4691,7,64
4692,7,98
4693,7,65
4694,7,74
4695,7,65
4696,7,79
4697,7,79
4698,7,76
4699,7,76
4700,7,76
4701,7,80
4702,7,80
4703,7,93
4704,7,86
4705,7,17
4706,7,12
4707,7,16
4708,7,16
4709,7,16
4710,7,25
4711,7,25
4712,7,25
4713,7,25
4714,7,25
4715,7,57
4716,7,57
4717,7,56
4718,7,56
4719,7,57
4720,7,62
4721,7,63
4722,7,56
4723,7,60
4724,7,62
4725,7,56
4726,7,56
4727,7,25
4728,7,61
4729,7,56
4730,7,52
4731,7,120
4732,7,119
4733,7,120
4734,7,97
4735,7,119
4736,7,122
4737,7,119
4738,7,105
4739,7,46
4740,7,46
4741,7,46
4742,7,104
4743,7,45
4744,7,106
4745,7,100
4746,7,99
4747,7,75
4748,7,79
4749,7,70
4750,7,69
4751,7,70
4752,7,103
4753,7,99
4754,7,74
4755,7,72
4756,7,79
4757,7,82
4758,7,76
4759,7,76
4760,7,80
4761,7,93
4762,7,85
4763,7,17
4764,7,17
4765,7,17
4766,7,16
4767,7,25
4768,7,25
4769,7,25
4770,7,52
4771,7,53
4772,7,53
4773,7,53
4774,7,53
4775,7,53
4776,7,52
4777,7,56
4778,7,62
4779,7,115
4780,7,56
4781,7,60
4782,7,52
4783,7,56
4784,7,57
4785,7,52
4786,7,57
4787,7,61
4788,7,120
4789,7,120
4790,7,120
4791,7,121
4792,7,121
4793,7,119
4794,7,120
4795,7,105
4796,7,107
4797,7,45
4798,7,45
4799,7,104
4800,7,106
4801,7,106
4802,7,99
4803,7,99
4804,7,70
4805,7,79
4806,7,68
4807,7,70
4808,7,68
4809,7,103
4810,7,99
4811,7,74
4812,7,79
4813,7,77
4814,7,77
4815,7,82
4816,7,82
4817,7,92
4818,7,164
4819,7,86
4820,7,16
4821,7,16
4822,7,16
4823,7,24
4824,7,56
4825,7,53
4826,7,53
4827,7,53
4828,7,53
4829,7,53
4830,7,53
4831,7,52
4832,7,52
4833,7,57
4834,7,56
4835,7,60
4836,7,60
4837,7,56
4838,7,61
4839,7,116
4840,7,52
4841,7,51
4842,7,105
4843,7,116
4844,7,120
4845,7,120
4846,7,120
4847,7,121
4848,7,98
4849,7,119
4850,7,118
4851,7,105
4852,7,45
4853,7,47
4854,7,65
4855,7,45
4856,7,45
4857,7,99
4858,7,67
4859,7,74
4860,7,70
4861,7,69
4862,7,64
4863,7,68
4864,7,75
4865,7,102
4866,7,102
4867,7,102
4868,7,76
4869,7,77
4870,7,77
4871,7,82
4872,7,93
4873,7,90
4874,7,158
4875,7,17
4876,7,85
4877,7,16
4878,7,57
4879,7,53
4880,7,53
4881,7,53
4882,7,53
4883,7,53
4884,7,48
4885,7,53
4886,7,61
4887,7,60
4888,7,56
4889,7,56
4890,7,60
4891,7,61
4892,7,116
4893,7,116
4894,7,117
4895,7,117
4896,7,105
4897,7,116
4898,7,120
4899,7,120
4900,7,121
4901,7,121
4902,7,120
4903,7,119
4904,7,105
4905,7,46
4906,7,50
4907,7,45
4908,7,45
4909,7,106
4910,7,104
4911,7,99
4912,7,65
4913,7,65
4914,7,66
4915,7,81
4916,7,67
4917,7,71
4918,7,76
4919,7,73
4920,7,102
4921,7,102
4922,7,73
4923,7,76
4924,7,80
4925,7,92
4926,7,17
4927,7,17
4928,7,16
4929,7,16
4930,7,57
4931,7,53
4932,7,53
4933,7,53
4934,7,53
4935,7,53
4936,7,53
4937,7,53
4938,7,52
4939,7,116
4940,7,60
4941,7,61
4942,7,60
4943,7,56
4944,7,116
4945,7,61
4946,7,117
4947,7,117
4948,7,116
4949,7,119
4950,7,120
4951,7,120
4952,7,120
4953,7,120
4954,7,119
4955,7,105
4956,7,105
4957,7,46
4958,7,45
4959,7,106
4960,7,104
4961,7,104
4962,7,104
4963,7,97
4964,7,74
4965,7,75
4966,7,64
4967,7,79
4968,7,79
4969,7,74
4970,7,102
4971,7,102
4972,7,102
4973,7,74
4974,7,76
4975,7,80
4976,7,92
4977,7,81
4978,7,5
4979,7,17
4980,7,17
4981,7,57
4982,7,53
4983,7,51
4984,7,53
4985,7,53
4986,7,53
4987,7,48
4988,7,53
4989,7,51
4990,7,116
4991,7,61
4992,7,116
4993,7,60
4994,7,61
4995,7,116
4996,7,116
4997,7,116
4998,7,116
4999,7,120
5000,7,99
5001,7,119
5002,7,120
5003,7,120
5004,7,119
5005,7,105
5006,7,105
5007,7,50
5008,7,45
5009,7,104
5010,7,45
5011,7,45
5012,7,111
5013,7,98
5014,7,98
5015,7,70
5016,7,65
5017,7,67
5018,7,78
5019,7,65
5020,7,75
5021,7,73
5022,7,102
5023,7,76
5024,7,73
5025,7,82
5026,7,80
5027,7,166
5028,7,161
5029,7,17
5030,7,16
5031,7,16
5032,7,24
5033,7,53
5034,7,53
5035,7,53
5036,7,53
5037,7,53
5038,7,53
5039,7,53
5040,7,48
5041,7,48
5042,7,51
5043,7,112
5044,7,116
5045,7,116
5046,7,116
5047,7,118
5048,7,116
5049,7,119
5050,7,120
5051,7,119
5052,7,116
5053,7,118
5054,7,105
5055,7,105
5056,7,105
5057,7,104
5058,7,45
5059,7,104
5060,7,104
5061,7,106
5062,7,111
5063,7,103
5064,7,65
5065,7,65
5066,7,70
5067,7,64
5068,7,67
5069,7,71
5070,7,66
5071,7,79
5072,7,66
5073,7,102
5074,7,102
5075,7,72
5076,7,82
5077,7,93
5078,7,86
5079,7,17
5080,7,16
5081,7,16
5082,7,50
5083,7,53
5084,7,53
5085,7,53
5086,7,53
5087,7,53
5088,7,49
5089,7,52
5090,7,48
5091,7,51
5092,7,51
5093,7,116
5094,7,118
5095,7,127
5096,7,127
5097,7,114
5098,7,122
5099,7,115
5100,7,120
5101,7,118
5102,7,116
5103,7,105
5104,7,105
5105,7,105
5106,7,45
5107,7,45
5108,7,104
5109,7,104
5110,7,104
5111,7,103
5112,7,98
5113,7,98
5114,7,103
5115,7,98
5116,7,65
5117,7,98
5118,7,103
5119,7,99
5120,7,103
5121,7,100
5122,7,100
5123,7,102
5124,7,101
5125,7,83
5126,7,12
5127,7,16
5128,7,16
5129,7,25
5130,7,49
5131,7,50
5132,7,53
5133,7,53
5134,7,53
5135,7,49
5136,7,50
5137,7,104
5138,7,49
5139,7,51
5140,7,56
5141,7,116
5142,7,116
5143,7,114
5144,7,118
5145,7,114
5146,7,127
5147,7,118
5148,7,116
5149,7,105
5150,7,105
5151,7,105
5152,7,104
5153,7,104
5154,7,104
5155,7,104
5156,7,104
5157,7,104
5158,7,103
5159,7,71
5160,7,65
5161,7,65
5162,7,98
5163,7,72
5164,7,74
5165,7,79
5166,7,103
5167,7,103
5168,7,103
5169,7,100
5170,7,102
5171,7,101
5172,7,82
5173,7,93
5174,7,89
5175,7,13
5176,7,13
5177,7,15
5178,7,49
5179,7,53
5180,7,53
5181,7,53
5182,7,53
5183,7,53
5184,7,49
5185,7,49
5186,7,51
5187,7,51
5188,7,51
5189,7,116
5190,7,116
5191,7,116
5192,7,60
5193,7,116
5194,7,119
5195,7,118
5196,7,116
5197,7,105
5198,7,105
5199,7,105
5200,7,105
5201,7,104
5202,7,106
5203,7,104
5204,7,104
5205,7,111
5206,7,65
5207,7,97
5208,7,65
5209,7,97
5210,7,98
5211,7,75
5212,7,98
5213,7,79
5214,7,103
5215,7,66
5216,7,103
5217,7,100
5218,7,102
5219,7,101
5220,7,72
5221,7,92
5222,7,84
5223,7,16
5224,7,16
5225,7,51
5226,7,49
5227,7,53
5228,7,53
5229,7,53
5230,7,53
5231,7,49
5232,7,50
5233,7,48
5234,7,51
5235,7,51
5236,7,116
5237,7,60
5238,7,140
5239,7,115
5240,7,118
5241,7,116
5242,7,116
5243,7,116
5244,7,105
5245,7,105
5246,7,105
5247,7,104
5248,7,105
5249,7,105
5250,7,104
5251,7,97
5252,7,98
5253,7,97
5254,7,98
5255,7,70
5256,7,97
5257,7,96
5258,7,103
5259,7,98
5260,7,96
5261,7,103
5262,7,96
5263,7,103
5264,7,109
5265,7,101
5266,7,102
5267,7,102
5268,7,72
5269,7,166
5270,7,17
5271,7,14
5272,7,49
5273,7,49
5274,7,49
5275,7,49
5276,7,53
5277,7,53
5278,7,50
5279,7,49
5280,7,49
5281,7,48
5282,7,51
5283,7,104
5284,7,51
5285,7,61
5286,7,61
5287,7,60
5288,7,116
5289,7,60
5290,7,116
5291,7,105
5292,7,105
5293,7,105
5294,7,104
5295,7,104
5296,7,105
5297,7,96
5298,7,97
5299,7,64
5300,7,98
5301,7,64
5302,7,103
5303,7,96
5304,7,96
5305,7,97
5306,7,103
5307,7,79
5308,7,98
5309,7,99
5310,7,103
5311,7,109
5312,7,101
5313,7,101
5314,7,101
5315,7,76
5316,7,17
5317,7,15
5318,7,15
5319,7,48
5320,7,49
5321,7,53
5322,7,49
5323,7,49
5324,7,50
5325,7,49
5326,7,48
5327,7,49
5328,7,50
5329,7,51
5330,7,104
5331,7,51
5332,7,61
5333,7,117
5334,7,116
5335,7,61
5336,7,61
5337,7,105
5338,7,105
5339,7,105
5340,7,105
5341,7,97
5342,7,99
5343,7,97
5344,7,97
5345,7,98
5346,7,97
5347,7,103
5348,7,99
5349,7,103
5350,7,97
5351,7,103
5352,7,103
5353,7,79
5354,7,74
5355,7,111
5356,7,109
5357,7,109
5358,7,101
5359,7,101
5360,7,100
5361,7,83
5362,7,95
5363,7,5
5364,7,14
5365,7,49
5366,7,49
5367,7,49
5368,7,55
5369,7,50
5370,7,49
5371,7,104
5372,7,50
5373,7,50
5374,7,51
5375,7,104
5376,7,50
5377,7,50
5378,7,66
5379,7,104
5380,7,51
5381,7,105
5382,7,105
5383,7,105
5384,7,105
5385,7,105
5386,7,98
5387,7,98
5388,7,99
5389,7,64
5390,7,97
5391,7,64
5392,7,98
5393,7,98
5394,7,98
5395,7,103
5396,7,98
5397,7,103
5398,7,99
5399,7,100
5400,7,111
5401,7,109
5402,7,111
5403,7,100
5404,7,102
5405,7,108
5406,7,102
5407,7,81
5408,7,85
5409,7,14
5410,7,15
5411,7,48
5412,7,49
5413,7,49
5414,7,49
5415,7,49
5416,7,104
5417,7,104
5418,7,50
5419,7,50
5420,7,51
5421,7,50
5422,7,104
5423,7,50
5424,7,105
5425,7,50
5426,7,105
5427,7,105
5428,7,105
5429,7,105
5430,7,97
5431,7,97
5432,7,98
5433,7,64
5434,7,70
5435,7,97
5436,7,96
5437,7,103
5438,7,98
5439,7,66
5440,7,97
5441,7,97
5442,7,111
5443,7,111
5444,7,109
5445,7,109
5446,7,109
5447,7,108
5448,7,101
5449,7,102
5450,7,33
5451,7,102
5452,7,90
5453,7,92
5454,7,13
5455,7,15
5456,7,48
5457,7,48
5458,7,49
5459,7,50
5460,7,49
5461,7,50
5462,7,50
5463,7,97
5464,7,51
5465,7,104
5466,7,50
5467,7,104
5468,7,104
5469,7,104
5470,7,104
5471,7,104
5472,7,104
5473,7,111
5474,7,97
5475,7,98
5476,7,64
5477,7,64
5478,7,97
5479,7,98
5480,7,103
5481,7,120
5482,7,98
5483,7,96
5484,7,97
5485,7,96
5486,7,109
5487,7,109
5488,7,109
5489,7,109
5490,7,108
5491,7,109
5492,7,109
5493,7,109
5494,7,101
5495,7,102
5496,7,82
5497,7,85
5498,7,17
5499,7,14
5500,7,48
5501,7,48
5502,7,49
5503,7,49
5504,7,50
5505,7,50
5506,7,50
5507,7,50
5508,7,104
5509,7,51
5510,7,111
5511,7,104
5512,7,111
5513,7,105
5514,7,111
5515,7,97
5516,7,97
5517,7,97
5518,7,97
5519,7,97
5520,7,64
5521,7,97
5522,7,103
5523,7,97
5524,7,99
5525,7,96
5526,7,103
5527,7,111
5528,7,100
5529,7,110
5530,7,110
5531,7,110
5532,7,109
5533,7,108
5534,7,109
5535,7,109
5536,7,109
5537,7,101
5538,7,101
5539,7,80
5540,7,90
5541,7,83
5542,7,14
5543,7,14
5544,7,48
5545,7,49
5546,7,49
5547,7,49
5548,7,50
5549,7,104
5550,7,50
5551,7,50
5552,7,104
5553,7,104
5554,7,111
5555,7,111
5556,7,96
5557,7,97
5558,7,96
5559,7,97
5560,7,97
5561,7,97
5562,7,97
5563,7,97
5564,7,96
5565,7,103
5566,7,96
5567,7,96
5568,7,111
5569,7,111
5570,7,111
5571,7,110
5572,7,109
5573,7,108
5574,7,108
5575,7,109
5576,7,109
5577,7,108
5578,7,109
5579,7,8
5580,7,103
5581,7,72
5582,7,166
5583,7,91
5584,7,13
5585,7,12
5586,7,13
5587,7,48
5588,7,51
5589,7,49
5590,7,50
5591,7,110
5592,7,104
5593,7,104
5594,7,40
5595,7,110
5596,7,110
5597,7,97
5598,7,111
5599,7,97
5600,7,111
5601,7,96
5602,7,97
5603,7,96
5604,7,96
5605,7,103
5606,7,103
5607,7,103
5608,7,96
5609,7,96
5610,7,111
5611,7,111
5612,7,108
5613,7,109
5614,7,108
5615,7,109
5616,7,109
5617,7,109
5618,7,109
5619,7,108
5620,7,8
5621,7,103
5622,7,109
5623,7,103
5624,7,90
5625,7,84
5626,7,84
5627,7,15
5628,7,48
5629,7,50
5630,7,50
5631,7,110
5632,7,50
5633,7,110
5634,7,110
5635,7,111
5636,7,110
5637,7,111
5638,7,97
5639,7,111
5640,7,97
5641,7,96
5642,7,111
5643,7,96
5644,7,97
5645,7,97
5646,7,97
5647,7,96
5648,7,103
5649,7,109
5650,7,109
5651,7,110
5652,7,109
5653,7,109
5654,7,108
5655,7,108
5656,7,109
5657,7,103
5658,7,109
5659,7,9
5660,7,102
5661,7,74
5662,7,103
5663,7,78
5664,7,92
5665,7,86
5666,7,15
5667,7,5
5668,7,48
5669,7,49
5670,7,50
5671,7,110
5672,7,110
5673,7,110
5674,7,110
5675,7,110
5676,7,111
5677,7,110
5678,7,110
5679,7,110
5680,7,109
5681,7,96
5682,7,96
5683,7,97
5684,7,99
5685,7,103
5686,7,96
5687,7,109
5688,7,109
5689,7,109
5690,7,108
5691,7,108
5692,7,109
5693,7,108
5694,7,109
5695,7,108
5696,7,94
5697,7,9
5698,7,82
5699,7,10
5700,7,82
5701,7,93
5702,7,13
5703,7,16
5704,7,15
5705,7,51
5706,7,50
5707,7,110
5708,7,110
5709,7,111
5710,7,110
5711,7,110
5712,7,110
5713,7,111
5714,7,110
5715,7,111
5716,7,109
5717,7,110
5718,7,100
5719,7,96
5720,7,103
5721,7,103
5722,7,103
5723,7,103
5724,7,100
5725,7,109
5726,7,109
5727,7,110
5728,7,82
5729,7,102
5730,7,82
5731,7,82
5732,7,164
5733,7,95
5734,7,92
5735,7,92
5736,7,162
5737,7,80
5738,7,84
5739,7,83
5740,7,110
5741,7,109
5742,7,110
5743,7,110
5744,7,110
5745,7,110
5746,7,110
5747,7,110
5748,7,110
5749,7,110
5750,7,110
5751,7,111
5752,7,97
5753,7,109
5754,7,100
5755,7,111
5756,7,109
5757,7,109
5758,7,110
5759,7,108
5760,7,108
5761,7,8
5762,7,11
5763,7,10
5764,7,4
5765,7,81
5766,7,85
5767,7,83
5768,7,161
5769,7,88
5770,7,85
5771,7,13
5772,7,16
5773,7,49
5774,7,50
5775,7,110
5776,7,108
5777,7,108
5778,7,108
5779,7,110
5780,7,108
5781,7,108
5782,7,110
5783,7,109
5784,7,110
5785,7,111
5786,7,111
5787,7,109
5788,7,109
5789,7,108
5790,7,110
5791,7,110
5792,7,108
5793,7,8
5794,7,9
5795,7,9
5796,7,11
5797,7,8
5798,7,94
5799,7,82
5800,7,88
5801,7,89
5802,7,85
5803,7,13
5804,7,15
5805,7,50
5806,7,9
5807,7,9
5808,7,108
5809,7,110
5810,7,110
5811,7,108
5812,7,108
5813,7,109
5814,7,110
5815,7,108
5816,7,108
5817,7,108
5818,7,108
5819,7,108
5820,7,108
5821,7,8
5822,7,9
5823,7,8
5824,7,11
5825,7,11
5826,7,11
5827,7,12
5828,7,11
5829,7,88
5830,7,162
5831,7,85
5832,7,14
5833,7,14
5834,7,12
5835,7,15
5836,7,9
5837,7,9
5838,7,9
5839,7,9
5840,7,108
5841,7,108
5842,7,108
5843,7,108
5844,7,8
5845,7,108
5846,7,108
5847,7,108
5848,7,8
5849,7,8
5850,7,8
5851,7,11
5852,7,11
5853,7,10
5854,7,10
5855,7,85
5856,7,94
5857,7,165
5858,7,85
5859,7,13
5860,7,85
5861,7,85
5862,7,11
5863,7,11
5864,7,12
5865,7,11
5866,7,11
5867,7,8
5868,7,9
5869,7,9
5870,7,9
5871,7,9
5872,7,8
5873,7,8
5874,7,8
5875,7,8
5876,7,10
5877,7,11
5878,7,10
5879,7,82
5880,7,81
5881,7,95
5882,7,160
5883,7,95
5884,7,83
5885,7,84
5886,7,222
5887,7,12
5888,7,11
5889,7,10
5890,7,11
5891,7,10
5892,7,8
5893,7,10
5894,7,8
5895,7,11
5896,7,11
5897,7,9
5898,7,83
5899,7,85
5900,7,92
5901,7,91
5902,7,95
5903,7,86
5904,7,80
5905,7,84
5906,7,80
5907,7,83
5908,7,83
5909,7,85
5910,7,85
5911,7,94
5912,7,162
0,8,352
1,8,360
2,8,381
3,8,500
4,8,366
5,8,174
6,8,446
7,8,352
8,8,364
9,8,382
10,8,446
11,8,447
12,8,366
13,8,446
14,8,361
15,8,447
16,8,381
17,8,362
18,8,353
19,8,354
20,8,360
21,8,352
22,8,354
23,8,352
24,8,446
25,8,502
26,8,425
27,8,446
28,8,446
29,8,424
30,8,447
31,8,446
32,8,424
33,8,447
34,8,446
35,8,447
36,8,446
37,8,447
38,8,447
39,8,447
40,8,446
41,8,447
42,8,447
43,8,447
44,8,447
45,8,447
46,8,447
47,8,360
48,8,447
49,8,366
50,8,446
51,8,446
52,8,447
53,8,361
54,8,354
55,8,322
56,8,325
57,8,326
58,8,345
59,8,500
60,8,502
61,8,507
62,8,506
63,8,505
64,8,453
65,8,424
66,8,424
67,8,425
68,8,427
69,8,424
70,8,426
71,8,447
72,8,447
73,8,426
74,8,424
75,8,459
76,8,447
77,8,447
78,8,447
79,8,447
80,8,447
81,8,447
82,8,366
83,8,446
84,8,459
85,8,352
86,8,445
87,8,447
88,8,445
89,8,382
90,8,447
91,8,444
92,8,444
93,8,446
94,8,445
95,8,361
96,8,322
97,8,502
98,8,507
99,8,507
100,8,505
101,8,506
102,8,506
103,8,457
104,8,458
105,8,458
106,8,449
107,8,459
108,8,459
109,8,458
110,8,459
111,8,458
112,8,458
113,8,459
114,8,459
115,8,449
116,8,459
117,8,458
118,8,459
119,8,462
120,8,459
121,8,416
122,8,419
123,8,416
124,8,459
125,8,459
126,8,500
127,8,445
128,8,446
129,8,445
130,8,444
131,8,424
132,8,444
133,8,446
134,8,445
135,8,446
136,8,444
137,8,445
138,8,361
139,8,348
140,8,503
141,8,505
142,8,505
143,8,505
144,8,507
145,8,505
146,8,454
147,8,458
148,8,449
149,8,459
150,8,457
151,8,457
152,8,459
153,8,458
154,8,457
155,8,457
156,8,419
157,8,356
158,8,332
159,8,333
160,8,330
161,8,347
162,8,459
163,8,459
164,8,459
165,8,459
166,8,459
167,8,459
168,8,457
169,8,459
170,8,460
171,8,419
172,8,459
173,8,462
174,8,459
175,8,446
176,8,447
177,8,446
178,8,445
179,8,445
180,8,445
181,8,445
182,8,445
183,8,444
184,8,445
185,8,354
186,8,501
187,8,502
188,8,502
189,8,507
190,8,507
191,8,505
192,8,448
193,8,458
194,8,454
195,8,459
196,8,458
197,8,458
198,8,457
199,8,457
200,8,456
201,8,458
202,8,461
203,8,457
204,8,340
205,8,334
206,8,334
207,8,458
208,8,457
209,8,457
210,8,459
211,8,457
212,8,459
213,8,457
214,8,419
215,8,358
216,8,459
217,8,416
218,8,462
219,8,423
220,8,419
221,8,417
222,8,416
223,8,446
224,8,444
225,8,444
226,8,446
227,8,445
228,8,445
229,8,444
230,8,444
231,8,445
232,8,367
233,8,323
234,8,329
235,8,496
236,8,502
237,8,507
238,8,504
239,8,455
240,8,455
241,8,456
242,8,458
243,8,458
244,8,459
245,8,457
246,8,456
247,8,459
248,8,456
249,8,457
250,8,459
251,8,456
252,8,457
253,8,460
254,8,342
255,8,456
256,8,457
257,8,457
258,8,457
259,8,457
260,8,457
261,8,457
262,8,459
263,8,344
264,8,457
265,8,459
266,8,459
267,8,458
268,8,416
269,8,459
270,8,459
271,8,416
272,8,416
273,8,424
274,8,447
275,8,417
276,8,381
277,8,445
278,8,444
279,8,445
280,8,445
281,8,444
282,8,169
283,8,503
284,8,496
285,8,506
286,8,507
287,8,455
288,8,459
289,8,458
290,8,458
291,8,458
292,8,459
293,8,457
294,8,457
295,8,456
296,8,456
297,8,456
298,8,451
299,8,456
300,8,469
301,8,458
302,8,448
303,8,343
304,8,357
305,8,454
306,8,457
307,8,457
308,8,456
309,8,457
310,8,460
311,8,457
312,8,331
313,8,358
314,8,462
315,8,459
316,8,462
317,8,463
318,8,462
319,8,463
320,8,462
321,8,469
322,8,416
323,8,419
324,8,417
325,8,447
326,8,445
327,8,444
328,8,444
329,8,381
330,8,444
331,8,444
332,8,444
333,8,362
334,8,337
335,8,501
336,8,505
337,8,505
338,8,504
339,8,339
340,8,355
341,8,459
342,8,456
343,8,458
344,8,454
345,8,456
346,8,457
347,8,456
348,8,456
349,8,448
350,8,456
351,8,454
352,8,456
353,8,468
354,8,456
355,8,456
356,8,355
357,8,454
358,8,456
359,8,474
360,8,461
361,8,469
362,8,461
363,8,460
364,8,460
365,8,356
366,8,418
367,8,460
368,8,419
369,8,460
370,8,459
371,8,462
372,8,462
373,8,416
374,8,388
375,8,462
376,8,390
377,8,459
378,8,459
379,8,417
380,8,445
381,8,444
382,8,445
383,8,445
384,8,444
385,8,442
386,8,445
387,8,360
388,8,339
389,8,496
390,8,505
391,8,505
392,8,455
393,8,458
394,8,454
395,8,448
396,8,451
397,8,459
398,8,459
399,8,456
400,8,456
401,8,457
402,8,456
403,8,456
404,8,456
405,8,465
406,8,448
407,8,454
408,8,469
409,8,448
410,8,468
411,8,474
412,8,334
413,8,343
414,8,474
415,8,475
416,8,390
417,8,472
418,8,473
419,8,472
420,8,475
421,8,471
422,8,460
423,8,423
424,8,460
425,8,418
426,8,416
427,8,462
428,8,418
429,8,473
430,8,419
431,8,416
432,8,460
433,8,422
434,8,417
435,8,419
436,8,416
437,8,423
438,8,445
439,8,444
440,8,445
441,8,444
442,8,444
443,8,432
444,8,445
445,8,444
446,8,324
447,8,337
448,8,505
449,8,504
450,8,505
451,8,455
452,8,455
453,8,449
454,8,458
455,8,450
456,8,459
457,8,458
458,8,457
459,8,449
460,8,449
461,8,461
462,8,468
463,8,471
464,8,469
465,8,469
466,8,469
467,8,464
468,8,399
469,8,465
470,8,468
471,8,465
472,8,331
473,8,331
474,8,474
475,8,474
476,8,474
477,8,475
478,8,469
479,8,468
480,8,474
481,8,468
482,8,358
483,8,388
484,8,460
485,8,475
486,8,422
487,8,460
488,8,423
489,8,460
490,8,462
491,8,457
492,8,423
493,8,418
494,8,419
495,8,390
496,8,416
497,8,416
498,8,417
499,8,427
500,8,444
501,8,432
502,8,444
503,8,444
504,8,445
505,8,445
506,8,433
507,8,322
508,8,336
509,8,496
510,8,504
511,8,504
512,8,455
513,8,452
514,8,456
515,8,458
516,8,449
517,8,458
518,8,450
519,8,449
520,8,456
521,8,456
522,8,448
523,8,468
524,8,465
525,8,464
526,8,474
527,8,465
528,8,469
529,8,466
530,8,468
531,8,471
532,8,468
533,8,467
534,8,350
535,8,329
536,8,343
537,8,364
538,8,476
539,8,469
540,8,469
541,8,475
542,8,469
543,8,475
544,8,474
545,8,475
546,8,317
547,8,477
548,8,476
549,8,475
550,8,422
551,8,418
552,8,460
553,8,475
554,8,475
555,8,423
556,8,388
557,8,388
558,8,391
559,8,423
560,8,423
561,8,416
562,8,462
563,8,416
564,8,432
565,8,434
566,8,432
567,8,435
568,8,444
569,8,507
570,8,433
571,8,367
572,8,344
573,8,496
574,8,496
575,8,455
576,8,452
577,8,450
578,8,454
579,8,450
580,8,450
581,8,449
582,8,448
583,8,448
584,8,464
585,8,467
586,8,466
587,8,456
588,8,456
589,8,467
590,8,465
591,8,467
592,8,484
593,8,493
594,8,467
595,8,464
596,8,485
597,8,484
598,8,494
599,8,492
600,8,495
601,8,312
602,8,492
603,8,494
604,8,466
605,8,471
606,8,472
607,8,469
608,8,475
609,8,473
610,8,475
611,8,475
612,8,314
613,8,495
614,8,478
615,8,476
616,8,475
617,8,460
618,8,460
619,8,416
620,8,388
621,8,390
622,8,388
623,8,388
624,8,475
625,8,388
626,8,423
627,8,422
628,8,423
629,8,462
630,8,419
631,8,433
632,8,447
633,8,435
634,8,432
635,8,435
636,8,445
637,8,444
638,8,348
639,8,342
640,8,496
641,8,496
642,8,496
643,8,452
644,8,449
645,8,458
646,8,453
647,8,452
648,8,451
649,8,449
650,8,468
651,8,494
652,8,319
653,8,490
654,8,490
655,8,494
656,8,482
657,8,483
658,8,492
659,8,492
660,8,319
661,8,319
662,8,490
663,8,493
664,8,319
665,8,492
666,8,319
667,8,494
668,8,492
669,8,494
670,8,312
671,8,492
672,8,492
673,8,494
674,8,467
675,8,471
676,8,471
677,8,476
678,8,470
679,8,476
680,8,314
681,8,478
682,8,478
683,8,477
684,8,471
685,8,461
686,8,475
687,8,388
688,8,388
689,8,388
690,8,388
691,8,388
692,8,388
693,8,389
694,8,388
695,8,388
696,8,419
697,8,422
698,8,421
699,8,423
700,8,432
701,8,434
702,8,438
703,8,434
704,8,435
705,8,434
706,8,309
707,8,329
708,8,499
709,8,499
710,8,497
711,8,452
712,8,452
713,8,452
714,8,450
715,8,454
716,8,448
717,8,448
718,8,454
719,8,482
720,8,464
721,8,482
722,8,493
723,8,494
724,8,492
725,8,491
726,8,468
727,8,482
728,8,491
729,8,482
730,8,491
731,8,482
732,8,491
733,8,491
734,8,484
735,8,494
736,8,494
737,8,494
738,8,492
739,8,490
740,8,494
741,8,477
742,8,494
743,8,494
744,8,467
745,8,476
746,8,476
747,8,477
748,8,479
749,8,470
750,8,472
751,8,479
752,8,479
753,8,399
754,8,479
755,8,472
756,8,390
757,8,391
758,8,391
759,8,391
760,8,388
761,8,389
762,8,388
763,8,389
764,8,389
765,8,422
766,8,423
767,8,422
768,8,422
769,8,423
770,8,432
771,8,434
772,8,434
773,8,444
774,8,434
775,8,435
776,8,378
777,8,339
778,8,499
779,8,497
780,8,504
781,8,452
782,8,448
783,8,450
784,8,450
785,8,450
786,8,454
787,8,454
788,8,455
789,8,448
790,8,464
791,8,464
792,8,464
793,8,454
794,8,480
795,8,481
796,8,494
797,8,482
798,8,483
799,8,493
800,8,490
801,8,491
802,8,491
803,8,483
804,8,466
805,8,468
806,8,465
807,8,494
808,8,477
809,8,467
810,8,485
811,8,479
812,8,471
813,8,471
814,8,475
815,8,468
816,8,475
817,8,477
818,8,476
819,8,470
820,8,473
821,8,473
822,8,390
823,8,473
824,8,478
825,8,478
826,8,314
827,8,476
828,8,389
829,8,391
830,8,389
831,8,388
832,8,389
833,8,389
834,8,388
835,8,388
836,8,423
837,8,422
838,8,422
839,8,422
840,8,421
841,8,434
842,8,434
843,8,434
844,8,434
845,8,435
846,8,445
847,8,363
848,8,499
849,8,498
850,8,499
851,8,510
852,8,455
853,8,453
854,8,453
855,8,453
856,8,451
857,8,451
858,8,450
859,8,450
860,8,454
861,8,481
862,8,481
863,8,482
864,8,482
865,8,482
866,8,483
867,8,490
868,8,491
869,8,491
870,8,490
871,8,490
872,8,482
873,8,482
874,8,467
875,8,471
876,8,467
877,8,487
878,8,467
879,8,487
880,8,471
881,8,469
882,8,468
883,8,467
884,8,471
885,8,475
886,8,471
887,8,474
888,8,473
889,8,390
890,8,477
891,8,473
892,8,391
893,8,473
894,8,473
895,8,472
896,8,479
897,8,495
898,8,495
899,8,478
900,8,388
901,8,473
902,8,388
903,8,390
904,8,391
905,8,388
906,8,388
907,8,388
908,8,388
909,8,388
910,8,420
911,8,420
912,8,385
913,8,434
914,8,434
915,8,432
916,8,433
917,8,435
918,8,444
919,8,342
920,8,503
921,8,499
922,8,499
923,8,497
924,8,453
925,8,453
926,8,453
927,8,450
928,8,450
929,8,450
930,8,454
931,8,454
932,8,453
933,8,454
934,8,464
935,8,481
936,8,481
937,8,481
938,8,493
939,8,492
940,8,489
941,8,489
942,8,490
943,8,488
944,8,487
945,8,485
946,8,467
947,8,485
948,8,467
949,8,494
950,8,494
951,8,495
952,8,494
953,8,467
954,8,471
955,8,466
956,8,466
957,8,468
958,8,468
959,8,475
960,8,472
961,8,474
962,8,364
963,8,390
964,8,399
965,8,390
966,8,399
967,8,466
968,8,479
969,8,477
970,8,315
971,8,478
972,8,478
973,8,389
974,8,391
975,8,389
976,8,389
977,8,388
978,8,389
979,8,386
980,8,388
981,8,384
982,8,420
983,8,423
984,8,420
985,8,432
986,8,432
987,8,382
988,8,438
989,8,438
990,8,435
991,8,360
992,8,342
993,8,317
994,8,503
995,8,496
996,8,497
997,8,453
998,8,453
999,8,453
1000,8,450
1001,8,454
1002,8,454
1003,8,453
1004,8,450
1005,8,454
1006,8,454
1007,8,455
1008,8,481
1009,8,481
1010,8,480
1011,8,493
1012,8,491
1013,8,488
1014,8,488
1015,8,488
1016,8,466
1017,8,467
1018,8,494
1019,8,493
1020,8,487
1021,8,494
1022,8,492
1023,8,319
1024,8,314
1025,8,490
1026,8,313
1027,8,493
1028,8,467
1029,8,466
1030,8,471
1031,8,479
1032,8,473
1033,8,390
1034,8,390
1035,8,475
1036,8,473
1037,8,390
1038,8,391
1039,8,391
1040,8,391
1041,8,390
1042,8,399
1043,8,478
1044,8,495
1045,8,399
1046,8,391
1047,8,388
1048,8,391
1049,8,389
1050,8,389
1051,8,386
1052,8,388
1053,8,388
1054,8,388
1055,8,422
1056,8,422
1057,8,422
1058,8,423
1059,8,432
1060,8,438
1061,8,432
1062,8,435
1063,8,438
1064,8,435
1065,8,341
1066,8,503
1067,8,499
1068,8,497
1069,8,452
1070,8,453
1071,8,452
1072,8,450
1073,8,450
1074,8,450
1075,8,453
1076,8,453
1077,8,453
1078,8,455
1079,8,455
1080,8,455
1081,8,455
1082,8,480
1083,8,491
1084,8,489
1085,8,488
1086,8,506
1087,8,489
1088,8,319
1089,8,484
1090,8,488
1091,8,485
1092,8,494
1093,8,494
1094,8,312
1095,8,312
1096,8,313
1097,8,319
1098,8,492
1099,8,319
1100,8,492
1101,8,492
1102,8,493
1103,8,485
1104,8,477
1105,8,476
1106,8,473
1107,8,474
1108,8,475
1109,8,391
1110,8,475
1111,8,473
1112,8,390
1113,8,391
1114,8,399
1115,8,390
1116,8,472
1117,8,479
1118,8,478
1119,8,399
1120,8,398
1121,8,391
1122,8,398
1123,8,388
1124,8,386
1125,8,389
1126,8,389
1127,8,389
1128,8,386
1129,8,422
1130,8,420
1131,8,420
1132,8,432
1133,8,434
1134,8,433
1135,8,434
1136,8,435
1137,8,438
1138,8,379
1139,8,320
1140,8,499
1141,8,499
1142,8,498
1143,8,452
1144,8,453
1145,8,453
1146,8,453
1147,8,453
1148,8,453
1149,8,453
1150,8,453
1151,8,452
1152,8,504
1153,8,504
1154,8,488
1155,8,506
1156,8,491
1157,8,491
1158,8,488
1159,8,488
1160,8,489
1161,8,319
1162,8,319
1163,8,489
1164,8,487
1165,8,491
1166,8,490
1167,8,315
1168,8,319
1169,8,312
1170,8,319
1171,8,319
1172,8,319
1173,8,490
1174,8,490
1175,8,490
1176,8,493
1177,8,471
1178,8,471
1179,8,477
1180,8,476
1181,8,476
1182,8,477
1183,8,472
1184,8,473
1185,8,472
1186,8,476
1187,8,391
1188,8,472
1189,8,391
1190,8,390
1191,8,390
1192,8,479
1193,8,396
1194,8,478
1195,8,398
1196,8,391
1197,8,389
1198,8,387
1199,8,389
1200,8,389
1201,8,388
1202,8,389
1203,8,385
1204,8,388
1205,8,385
1206,8,420
1207,8,43
1208,8,433
1209,8,438
1210,8,438
1211,8,438
1212,8,432
1213,8,340
1214,8,496
1215,8,496
1216,8,497
1217,8,452
1218,8,453
1219,8,453
1220,8,452
1221,8,453
1222,8,450
1223,8,504
1224,8,496
1225,8,505
1226,8,506
1227,8,506
1228,8,506
1229,8,506
1230,8,506
1231,8,491
1232,8,319
1233,8,319
1234,8,319
1235,8,313
1236,8,319
1237,8,319
1238,8,319
1239,8,316
1240,8,316
1241,8,319
1242,8,316
1243,8,319
1244,8,489
1245,8,488
1246,8,489
1247,8,488
1248,8,491
1249,8,491
1250,8,471
1251,8,476
1252,8,476
1253,8,474
1254,8,472
1255,8,470
1256,8,478
1257,8,476
1258,8,472
1259,8,476
1260,8,472
1261,8,479
1262,8,399
1263,8,399
1264,8,391
1265,8,391
1266,8,396
1267,8,478
1268,8,399
1269,8,399
1270,8,473
1271,8,389
1272,8,389
1273,8,386
1274,8,387
1275,8,389
1276,8,386
1277,8,385
1278,8,422
1279,8,420
1280,8,423
1281,8,438
1282,8,438
1283,8,432
1284,8,438
1285,8,435
1286,8,325
1287,8,357
1288,8,498
1289,8,498
1290,8,496
1291,8,497
1292,8,426
1293,8,427
1294,8,496
1295,8,498
1296,8,499
1297,8,500
1298,8,507
1299,8,496
1300,8,506
1301,8,504
1302,8,507
1303,8,506
1304,8,489
1305,8,316
1306,8,319
1307,8,316
1308,8,319
1309,8,313
1310,8,313
1311,8,319
1312,8,319
1313,8,319
1314,8,319
1315,8,309
1316,8,309
1317,8,309
1318,8,489
1319,8,488
1320,8,491
1321,8,493
1322,8,471
1323,8,477
1324,8,476
1325,8,479
1326,8,476
1327,8,476
1328,8,477
1329,8,479
1330,8,476
1331,8,472
1332,8,473
1333,8,468
1334,8,473
1335,8,479
1336,8,399
1337,8,398
1338,8,388
1339,8,391
1340,8,478
1341,8,398
1342,8,397
1343,8,397
1344,8,391
1345,8,389
1346,8,389
1347,8,386
1348,8,406
1349,8,385
1350,8,400
1351,8,422
1352,8,422
1353,8,420
1354,8,420
1355,8,433
1356,8,439
1357,8,439
1358,8,439
1359,8,362
1360,8,320
1361,8,336
1362,8,357
1363,8,344
1364,8,358
1365,8,346
1366,8,325
1367,8,325
1368,8,500
1369,8,501
1370,8,501
1371,8,506
1372,8,502
1373,8,507
1374,8,318
1375,8,316
1376,8,316
1377,8,316
1378,8,316
1379,8,316
1380,8,316
1381,8,316
1382,8,316
1383,8,309
1384,8,308
1385,8,318
1386,8,309
1387,8,309
1388,8,309
1389,8,311
1390,8,506
1391,8,486
1392,8,477
1393,8,477
1394,8,471
1395,8,477
1396,8,479
1397,8,477
1398,8,419
1399,8,476
1400,8,473
1401,8,472
1402,8,472
1403,8,472
1404,8,399
1405,8,472
1406,8,399
1407,8,390
1408,8,391
1409,8,390
1410,8,478
1411,8,398
1412,8,396
1413,8,397
1414,8,398
1415,8,392
1416,8,389
1417,8,388
1418,8,407
1419,8,387
1420,8,385
1421,8,385
1422,8,386
1423,8,420
1424,8,401
1425,8,439
1426,8,438
1427,8,439
1428,8,438
1429,8,437
1430,8,342
1431,8,500
1432,8,501
1433,8,316
1434,8,316
1435,8,316
1436,8,316
1437,8,364
1438,8,316
1439,8,317
1440,8,316
1441,8,308
1442,8,308
1443,8,308
1444,8,309
1445,8,309
1446,8,311
1447,8,309
1448,8,310
1449,8,301
1450,8,311
1451,8,301
1452,8,493
1453,8,470
1454,8,478
1455,8,477
1456,8,477
1457,8,477
1458,8,477
1459,8,460
1460,8,476
1461,8,473
1462,8,479
1463,8,479
1464,8,394
1465,8,473
1466,8,473
1467,8,479
1468,8,390
1469,8,390
1470,8,391
1471,8,478
1472,8,397
1473,8,396
1474,8,396
1475,8,396
1476,8,397
1477,8,389
1478,8,384
1479,8,393
1480,8,388
1481,8,384
1482,8,400
1483,8,400
1484,8,385
1485,8,385
1486,8,437
1487,8,433
1488,8,438
1489,8,435
1490,8,438
1491,8,362
1492,8,350
1493,8,308
1494,8,316
1495,8,317
1496,8,317
1497,8,316
1498,8,317
1499,8,316
1500,8,308
1501,8,316
1502,8,309
1503,8,309
1504,8,309
1505,8,309
1506,8,311
1507,8,300
1508,8,298
1509,8,303
1510,8,300
1511,8,296
1512,8,291
1513,8,470
1514,8,477
1515,8,478
1516,8,478
1517,8,477
1518,8,479
1519,8,478
1520,8,479
1521,8,473
1522,8,399
1523,8,479
1524,8,397
1525,8,473
1526,8,476
1527,8,398
1528,8,473
1529,8,399
1530,8,391
1531,8,397
1532,8,396
1533,8,396
1534,8,313
1535,8,314
1536,8,397
1537,8,384
1538,8,384
1539,8,387
1540,8,385
1541,8,386
1542,8,400
1543,8,385
1544,8,401
1545,8,385
1546,8,420
1547,8,437
1548,8,433
1549,8,439
1550,8,439
1551,8,376
1552,8,334
1553,8,317
1554,8,317
1555,8,317
1556,8,308
1557,8,308
1558,8,316
1559,8,309
1560,8,317
1561,8,309
1562,8,309
1563,8,311
1564,8,301
1565,8,301
1566,8,298
1567,8,300
1568,8,303
1569,8,303
1570,8,300
1571,8,303
1572,8,300
1573,8,298
1574,8,292
1575,8,292
1576,8,293
1577,8,293
1578,8,293
1579,8,397
1580,8,397
1581,8,399
1582,8,399
1583,8,399
1584,8,399
1585,8,399
1586,8,399
1587,8,397
1588,8,399
1589,8,398
1590,8,398
1591,8,397
1592,8,397
1593,8,314
1594,8,315
1595,8,396
1596,8,392
1597,8,387
1598,8,386
1599,8,403
1600,8,385
1601,8,385
1602,8,400
1603,8,400
1604,8,385
1605,8,420
1606,8,438
1607,8,437
1608,8,439
1609,8,439
1610,8,317
1611,8,346
1612,8,317
1613,8,503
1614,8,308
1615,8,311
1616,8,360
1617,8,309
1618,8,311
1619,8,310
1620,8,301
1621,8,301
1622,8,300
1623,8,303
1624,8,302
1625,8,303
1626,8,302
1627,8,302
1628,8,303
1629,8,300
1630,8,303
1631,8,294
1632,8,293
1633,8,295
1634,8,295
1635,8,295
1636,8,293
1637,8,293
1638,8,293
1639,8,478
1640,8,398
1641,8,398
1642,8,398
1643,8,393
1644,8,387
1645,8,391
1646,8,399
1647,8,398
1648,8,398
1649,8,397
1650,8,396
1651,8,315
1652,8,315
1653,8,315
1654,8,396
1655,8,398
1656,8,386
1657,8,384
1658,8,386
1659,8,385
1660,8,401
1661,8,385
1662,8,385
1663,8,385
1664,8,437
1665,8,439
1666,8,439
1667,8,438
1668,8,438
1669,8,341
1670,8,357
1671,8,308
1672,8,308
1673,8,355
1674,8,308
1675,8,310
1676,8,301
1677,8,301
1678,8,300
1679,8,300
1680,8,303
1681,8,303
1682,8,302
1683,8,302
1684,8,302
1685,8,303
1686,8,302
1687,8,303
1688,8,302
1689,8,295
1690,8,294
1691,8,295
1692,8,295
1693,8,294
1694,8,295
1695,8,292
1696,8,306
1697,8,396
1698,8,399
1699,8,398
1700,8,398
1701,8,393
1702,8,399
1703,8,398
1704,8,398
1705,8,394
1706,8,399
1707,8,398
1708,8,315
1709,8,315
1710,8,315
1711,8,396
1712,8,116
1713,8,384
1714,8,387
1715,8,384
1716,8,384
1717,8,385
1718,8,384
1719,8,400
1720,8,400
1721,8,401
1722,8,438
1723,8,439
1724,8,439
1725,8,439
1726,8,325
1727,8,348
1728,8,309
1729,8,309
1730,8,309
1731,8,310
1732,8,301
1733,8,300
1734,8,298
1735,8,300
1736,8,303
1737,8,300
1738,8,302
1739,8,302
1740,8,303
1741,8,302
1742,8,302
1743,8,303
1744,8,302
1745,8,294
1746,8,294
1747,8,294
1748,8,294
1749,8,293
1750,8,292
1751,8,306
1752,8,315
1753,8,315
1754,8,396
1755,8,397
1756,8,393
1757,8,393
1758,8,398
1759,8,399
1760,8,393
1761,8,478
1762,8,398
1763,8,393
1764,8,396
1765,8,313
1766,8,315
1767,8,396
1768,8,398
1769,8,384
1770,8,392
1771,8,387
1772,8,384
1773,8,385
1774,8,385
1775,8,400
1776,8,385
1777,8,401
1778,8,437
1779,8,438
1780,8,437
1781,8,438
1782,8,325
1783,8,308
1784,8,310
1785,8,301
1786,8,301
1787,8,301
1788,8,300
1789,8,300
1790,8,296
1791,8,303
1792,8,300
1793,8,302
1794,8,302
1795,8,302
1796,8,302
1797,8,302
1798,8,304
1799,8,302
1800,8,294
1801,8,303
1802,8,294
1803,8,295
1804,8,292
1805,8,306
1806,8,315
1807,8,315
1808,8,307
1809,8,292
1810,8,396
1811,8,397
1812,8,393
1813,8,473
1814,8,393
1815,8,391
1816,8,392
1817,8,398
1818,8,393
1819,8,396
1820,8,315
1821,8,315
1822,8,315
1823,8,393
1824,8,392
1825,8,384
1826,8,407
1827,8,384
1828,8,406
1829,8,385
1830,8,401
1831,8,401
1832,8,401
1833,8,385
1834,8,436
1835,8,439
1836,8,439
1837,8,363
1838,8,336
1839,8,310
1840,8,301
1841,8,310
1842,8,303
1843,8,303
1844,8,303
1845,8,300
1846,8,302
1847,8,302
1848,8,303
1849,8,302
1850,8,304
1851,8,304
1852,8,304
1853,8,305
1854,8,304
1855,8,303
1856,8,296
1857,8,295
1858,8,295
1859,8,293
1860,8,292
1861,8,307
1862,8,292
1863,8,292
1864,8,293
1865,8,397
1866,8,397
1867,8,396
1868,8,393
1869,8,392
1870,8,398
1871,8,393
1872,8,389
1873,8,398
1874,8,397
1875,8,315
1876,8,315
1877,8,315
1878,8,392
1879,8,406
1880,8,407
1881,8,413
1882,8,400
1883,8,402
1884,8,400
1885,8,401
1886,8,400
1887,8,400
1888,8,401
1889,8,299
1890,8,436
1891,8,439
1892,8,323
1893,8,311
1894,8,310
1895,8,301
1896,8,300
1897,8,300
1898,8,300
1899,8,303
1900,8,302
1901,8,302
1902,8,302
1903,8,304
1904,8,304
1905,8,304
1906,8,307
1907,8,313
1908,8,304
1909,8,302
1910,8,294
1911,8,294
1912,8,294
1913,8,294
1914,8,292
1915,8,292
1916,8,293
1917,8,295
1918,8,295
1919,8,260
1920,8,393
1921,8,394
1922,8,394
1923,8,392
1924,8,392
1925,8,392
1926,8,389
1927,8,391
1928,8,397
1929,8,315
1930,8,315
1931,8,393
1932,8,407
1933,8,405
1934,8,407
1935,8,385
1936,8,400
1937,8,400
1938,8,400
1939,8,401
1940,8,400
1941,8,401
1942,8,403
1943,8,437
1944,8,437
1945,8,437
1946,8,181
1947,8,346
1948,8,310
1949,8,301
1950,8,299
1951,8,298
1952,8,294
1953,8,303
1954,8,302
1955,8,302
1956,8,302
1957,8,304
1958,8,313
1959,8,305
1960,8,304
1961,8,305
1962,8,305
1963,8,302
1964,8,303
1965,8,294
1966,8,288
1967,8,294
1968,8,295
1969,8,293
1970,8,294
1971,8,295
1972,8,295
1973,8,260
1974,8,395
1975,8,262
1976,8,404
1977,8,393
1978,8,393
1979,8,394
1980,8,404
1981,8,404
1982,8,404
1983,8,315
1984,8,411
1985,8,405
1986,8,404
1987,8,404
1988,8,407
1989,8,407
1990,8,400
1991,8,400
1992,8,400
1993,8,401
1994,8,402
1995,8,401
1996,8,403
1997,8,437
1998,8,439
1999,8,436
2000,8,181
2001,8,309
2002,8,301
2003,8,299
2004,8,300
2005,8,303
2006,8,303
2007,8,302
2008,8,302
2009,8,304
2010,8,305
2011,8,313
2012,8,313
2013,8,315
2014,8,313
2015,8,304
2016,8,294
2017,8,303
2018,8,303
2019,8,294
2020,8,294
2021,8,295
2022,8,295
2023,8,294
2024,8,288
2025,8,295
2026,8,260
2027,8,394
2028,8,394
2029,8,392
2030,8,392
2031,8,392
2032,8,392
2033,8,404
2034,8,393
2035,8,258
2036,8,411
2037,8,411
2038,8,411
2039,8,404
2040,8,404
2041,8,406
2042,8,402
2043,8,400
2044,8,401
2045,8,401
2046,8,402
2047,8,402
2048,8,401
2049,8,403
2050,8,437
2051,8,437
2052,8,438
2053,8,376
2054,8,351
2055,8,301
2056,8,301
2057,8,298
2058,8,300
2059,8,300
2060,8,303
2061,8,302
2062,8,304
2063,8,304
2064,8,313
2065,8,313
2066,8,305
2067,8,313
2068,8,304
2069,8,303
2070,8,303
2071,8,288
2072,8,294
2073,8,294
2074,8,295
2075,8,295
2076,8,288
2077,8,294
2078,8,289
2079,8,289
2080,8,392
2081,8,392
2082,8,393
2083,8,407
2084,8,392
2085,8,398
2086,8,406
2087,8,405
2088,8,258
2089,8,258
2090,8,273
2091,8,411
2092,8,405
2093,8,402
2094,8,405
2095,8,402
2096,8,400
2097,8,402
2098,8,388
2099,8,400
2100,8,402
2101,8,403
2102,8,401
2103,8,413
2104,8,436
2105,8,437
2106,8,436
2107,8,301
2108,8,300
2109,8,298
2110,8,298
2111,8,300
2112,8,300
2113,8,302
2114,8,292
2115,8,302
2116,8,304
2117,8,305
2118,8,304
2119,8,305
2120,8,302
2121,8,303
2122,8,291
2123,8,294
2124,8,294
2125,8,301
2126,8,288
2127,8,295
2128,8,295
2129,8,295
2130,8,288
2131,8,260
2132,8,392
2133,8,392
2134,8,394
2135,8,392
2136,8,404
2137,8,404
2138,8,405
2139,8,404
2140,8,410
2141,8,281
2142,8,273
2143,8,275
2144,8,411
2145,8,405
2146,8,412
2147,8,402
2148,8,402
2149,8,402
2150,8,400
2151,8,402
2152,8,401
2153,8,401
2154,8,403
2155,8,437
2156,8,436
2157,8,437
2158,8,378
2159,8,301
2160,8,296
2161,8,300
2162,8,300
2163,8,300
2164,8,303
2165,8,303
2166,8,311
2167,8,302
2168,8,302
2169,8,307
2170,8,305
2171,8,302
2172,8,294
2173,8,296
2174,8,303
2175,8,294
2176,8,288
2177,8,341
2178,8,295
2179,8,295
2180,8,293
2181,8,288
2182,8,288
2183,8,259
2184,8,394
2185,8,394
2186,8,394
2187,8,409
2188,8,404
2189,8,404
2190,8,412
2191,8,411
2192,8,404
2193,8,276
2194,8,276
2195,8,274
2196,8,411
2197,8,410
2198,8,403
2199,8,412
2200,8,400
2201,8,413
2202,8,412
2203,8,415
2204,8,412
2205,8,403
2206,8,402
2207,8,370
2208,8,362
2209,8,439
2210,8,377
2211,8,341
2212,8,296
2213,8,300
2214,8,298
2215,8,296
2216,8,303
2217,8,302
2218,8,302
2219,8,303
2220,8,296
2221,8,296
2222,8,296
2223,8,303
2224,8,288
2225,8,288
2226,8,296
2227,8,291
2228,8,289
2229,8,337
2230,8,296
2231,8,289
2232,8,295
2233,8,295
2234,8,295
2235,8,258
2236,8,395
2237,8,392
2238,8,384
2239,8,392
2240,8,258
2241,8,384
2242,8,411
2243,8,393
2244,8,411
2245,8,272
2246,8,273
2247,8,411
2248,8,410
2249,8,405
2250,8,410
2251,8,413
2252,8,410
2253,8,413
2254,8,412
2255,8,413
2256,8,412
2257,8,413
2258,8,402
2259,8,413
2260,8,377
2261,8,436
2262,8,377
2263,8,310
2264,8,298
2265,8,298
2266,8,296
2267,8,296
2268,8,296
2269,8,297
2270,8,296
2271,8,297
2272,8,291
2273,8,288
2274,8,290
2275,8,297
2276,8,288
2277,8,297
2278,8,288
2279,8,288
2280,8,341
2281,8,294
2282,8,288
2283,8,295
2284,8,288
2285,8,262
2286,8,394
2287,8,259
2288,8,394
2289,8,394
2290,8,392
2291,8,392
2292,8,411
2293,8,402
2294,8,404
2295,8,411
2296,8,275
2297,8,275
2298,8,410
2299,8,412
2300,8,412
2301,8,413
2302,8,402
2303,8,402
2304,8,413
2305,8,402
2306,8,413
2307,8,402
2308,8,413
2309,8,413
2310,8,413
2311,8,376
2312,8,436
2313,8,376
2314,8,178
2315,8,299
2316,8,296
2317,8,296
2318,8,296
2319,8,296
2320,8,296
2321,8,296
2322,8,297
2323,8,291
2324,8,290
2325,8,290
2326,8,289
2327,8,289
2328,8,290
2329,8,288
2330,8,288
2331,8,297
2332,8,288
2333,8,288
2334,8,288
2335,8,289
2336,8,262
2337,8,259
2338,8,261
2339,8,262
2340,8,394
2341,8,394
2342,8,265
2343,8,273
2344,8,274
2345,8,273
2346,8,272
2347,8,272
2348,8,274
2349,8,272
2350,8,402
2351,8,412
2352,8,412
2353,8,412
2354,8,413
2355,8,287
2356,8,412
2357,8,413
2358,8,284
2359,8,413
2360,8,414
2361,8,403
2362,8,437
2363,8,437
2364,8,379
2365,8,330
2366,8,299
2367,8,296
2368,8,296
2369,8,296
2370,8,297
2371,8,291
2372,8,291
2373,8,291
2374,8,291
2375,8,290
2376,8,291
2377,8,291
2378,8,288
2379,8,291
2380,8,290
2381,8,288
2382,8,288
2383,8,288
2384,8,289
2385,8,288
2386,8,289
2387,8,262
2388,8,259
2389,8,265
2390,8,394
2391,8,394
2392,8,262
2393,8,275
2394,8,411
2395,8,273
2396,8,273
2397,8,410
2398,8,411
2399,8,272
2400,8,402
2401,8,412
2402,8,412
2403,8,412
2404,8,412
2405,8,413
2406,8,412
2407,8,287
2408,8,413
2409,8,412
2410,8,402
2411,8,413
2412,8,413
2413,8,172
2414,8,437
2415,8,379
2416,8,303
2417,8,294
2418,8,296
2419,8,291
2420,8,291
2421,8,291
2422,8,291
2423,8,291
2424,8,290
2425,8,289
2426,8,290
2427,8,291
2428,8,290
2429,8,290
2430,8,288
2431,8,290
2432,8,297
2433,8,289
2434,8,288
2435,8,288
2436,8,289
2437,8,265
2438,8,258
2439,8,259
2440,8,259
2441,8,395
2442,8,264
2443,8,273
2444,8,411
2445,8,275
2446,8,273
2447,8,272
2448,8,274
2449,8,286
2450,8,287
2451,8,284
2452,8,410
2453,8,413
2454,8,415
2455,8,414
2456,8,287
2457,8,413
2458,8,413
2459,8,403
2460,8,403
2461,8,413
2462,8,415
2463,8,370
2464,8,437
2465,8,437
2466,8,344
2467,8,288
2468,8,303
2469,8,291
2470,8,296
2471,8,296
2472,8,290
2473,8,297
2474,8,289
2475,8,288
2476,8,290
2477,8,290
2478,8,291
2479,8,290
2480,8,288
2481,8,290
2482,8,289
2483,8,289
2484,8,289
2485,8,289
2486,8,289
2487,8,263
2488,8,261
2489,8,260
2490,8,395
2491,8,408
2492,8,275
2493,8,275
2494,8,273
2495,8,274
2496,8,275
2497,8,287
2498,8,405
2499,8,287
2500,8,412
2501,8,287
2502,8,282
2503,8,414
2504,8,415
2505,8,412
2506,8,415
2507,8,414
2508,8,413
2509,8,413
2510,8,403
2511,8,285
2512,8,413
2513,8,436
2514,8,436
2515,8,378
2516,8,327
2517,8,303
2518,8,291
2519,8,297
2520,8,297
2521,8,297
2522,8,290
2523,8,290
2524,8,289
2525,8,290
2526,8,288
2527,8,290
2528,8,288
2529,8,289
2530,8,288
2531,8,290
2532,8,295
2533,8,293
2534,8,293
2535,8,289
2536,8,261
2537,8,258
2538,8,262
2539,8,260
2540,8,259
2541,8,409
2542,8,275
2543,8,273
2544,8,273
2545,8,275
2546,8,274
2547,8,279
2548,8,272
2549,8,286
2550,8,282
2551,8,285
2552,8,287
2553,8,402
2554,8,285
2555,8,414
2556,8,414
2557,8,414
2558,8,403
2559,8,403
2560,8,403
2561,8,415
2562,8,436
2563,8,379
2564,8,436
2565,8,437
2566,8,296
2567,8,296
2568,8,297
2569,8,291
2570,8,290
2571,8,290
2572,8,289
2573,8,290
2574,8,290
2575,8,290
2576,8,290
2577,8,297
2578,8,289
2579,8,289
2580,8,289
2581,8,292
2582,8,292
2583,8,292
2584,8,271
2585,8,289
2586,8,270
2587,8,267
2588,8,259
2589,8,256
2590,8,275
2591,8,273
2592,8,274
2593,8,276
2594,8,272
2595,8,274
2596,8,274
2597,8,274
2598,8,287
2599,8,282
2600,8,412
2601,8,287
2602,8,414
2603,8,414
2604,8,254
2605,8,127
2606,8,412
2607,8,402
2608,8,403
2609,8,403
2610,8,403
2611,8,415
2612,8,9
2613,8,8
2614,8,437
2615,8,351
2616,8,297
2617,8,299
2618,8,299
2619,8,297
2620,8,290
2621,8,290
2622,8,290
2623,8,290
2624,8,289
2625,8,289
2626,8,295
2627,8,289
2628,8,288
2629,8,289
2630,8,292
2631,8,292
2632,8,292
2633,8,260
2634,8,266
2635,8,265
2636,8,259
2637,8,398
2638,8,257
2639,8,276
2640,8,274
2641,8,274
2642,8,410
2643,8,274
2644,8,287
2645,8,277
2646,8,282
2647,8,274
2648,8,281
2649,8,274
2650,8,252
2651,8,285
2652,8,414
2653,8,285
2654,8,414
2655,8,403
2656,8,403
2657,8,403
2658,8,403
2659,8,413
2660,8,437
2661,8,169
2662,8,11
2663,8,436
2664,8,321
2665,8,299
2666,8,297
2667,8,299
2668,8,290
2669,8,297
2670,8,289
2671,8,260
2672,8,455
2673,8,430
2674,8,261
2675,8,259
2676,8,289
2677,8,289
2678,8,295
2679,8,293
2680,8,271
2681,8,261
2682,8,267
2683,8,261
2684,8,258
2685,8,263
2686,8,276
2687,8,278
2688,8,263
2689,8,274
2690,8,274
2691,8,279
2692,8,275
2693,8,276
2694,8,287
2695,8,282
2696,8,287
2697,8,283
2698,8,284
2699,8,284
2700,8,403
2701,8,414
2702,8,414
2703,8,414
2704,8,415
2705,8,415
2706,8,402
2707,8,415
2708,8,41
2709,8,11
2710,8,8
2711,8,11
2712,8,181
2713,8,441
2714,8,443
2715,8,442
2716,8,431
2717,8,430
2718,8,431
2719,8,431
2720,8,431
2721,8,271
2722,8,265
2723,8,270
2724,8,270
2725,8,289
2726,8,271
2727,8,271
2728,8,267
2729,8,270
2730,8,262
2731,8,265
2732,8,267
2733,8,279
2734,8,274
2735,8,278
2736,8,274
2737,8,412
2738,8,287
2739,8,279
2740,8,287
2741,8,280
2742,8,279
2743,8,284
2744,8,283
2745,8,284
2746,8,412
2747,8,414
2748,8,414
2749,8,226
2750,8,414
2751,8,415
2752,8,403
2753,8,413
2754,8,436
2755,8,11
2756,8,11
2757,8,10
2758,8,436
2759,8,173
2760,8,42
2761,8,443
2762,8,429
2763,8,429
2764,8,431
2765,8,431
2766,8,431
2767,8,430
2768,8,261
2769,8,270
2770,8,260
2771,8,262
2772,8,269
2773,8,264
2774,8,267
2775,8,266
2776,8,265
2777,8,256
2778,8,264
2779,8,275
2780,8,275
2781,8,274
2782,8,279
2783,8,279
2784,8,279
2785,8,283
2786,8,284
2787,8,284
2788,8,277
2789,8,281
2790,8,285
2791,8,285
2792,8,415
2793,8,414
2794,8,285
2795,8,414
2796,8,72
2797,8,72
2798,8,75
2799,8,414
2800,8,415
2801,8,11
2802,8,11
2803,8,8
2804,8,436
2805,8,169
2806,8,182
2807,8,441
2808,8,441
2809,8,42
2810,8,428
2811,8,429
2812,8,429
2813,8,431
2814,8,431
2815,8,431
2816,8,431
2817,8,431
2818,8,259
2819,8,262
2820,8,269
2821,8,276
2822,8,266
2823,8,267
2824,8,275
2825,8,263
2826,8,279
2827,8,279
2828,8,276
2829,8,278
2830,8,410
2831,8,276
2832,8,280
2833,8,287
2834,8,283
2835,8,278
2836,8,278
2837,8,283
2838,8,284
2839,8,285
2840,8,414
2841,8,285
2842,8,118
2843,8,74
2844,8,72
2845,8,68
2846,8,75
2847,8,415
2848,8,13
2849,8,23
2850,8,20
2851,8,13
2852,8,8
2853,8,11
2854,8,47
2855,8,42
2856,8,42
2857,8,429
2858,8,428
2859,8,429
2860,8,428
2861,8,429
2862,8,430
2863,8,431
2864,8,430
2865,8,430
2866,8,431
2867,8,271
2868,8,269
2869,8,270
2870,8,264
2871,8,264
2872,8,264
2873,8,276
2874,8,276
2875,8,279
2876,8,279
2877,8,279
2878,8,287
2879,8,274
2880,8,284
2881,8,283
2882,8,278
2883,8,278
2884,8,278
2885,8,278
2886,8,285
2887,8,414
2888,8,414
2889,8,414
2890,8,75
2891,8,72
2892,8,68
2893,8,68
2894,8,12
2895,8,415
2896,8,14
2897,8,9
2898,8,25
2899,8,9
2900,8,10
2901,8,167
2902,8,329
2903,8,178
2904,8,169
2905,8,61
2906,8,45
2907,8,190
2908,8,45
2909,8,45
2910,8,46
2911,8,325
2912,8,42
2913,8,440
2914,8,440
2915,8,429
2916,8,428
2917,8,428
2918,8,429
2919,8,430
2920,8,430
2921,8,431
2922,8,431
2923,8,430
2924,8,431
2925,8,442
2926,8,440
2927,8,267
2928,8,267
2929,8,277
2930,8,276
2931,8,278
2932,8,275
2933,8,275
2934,8,279
2935,8,279
2936,8,279
2937,8,284
2938,8,280
2939,8,278
2940,8,280
2941,8,278
2942,8,243
2943,8,225
2944,8,285
2945,8,118
2946,8,75
2947,8,72
2948,8,68
2949,8,68
2950,8,79
2951,8,75
2952,8,415
2953,8,12
2954,8,12
2955,8,13
2956,8,10
2957,8,10
2958,8,10
2959,8,163
2960,8,185
2961,8,46
2962,8,45
2963,8,45
2964,8,45
2965,8,45
2966,8,45
2967,8,44
2968,8,46
2969,8,46
2970,8,45
2971,8,47
2972,8,47
2973,8,325
2974,8,178
2975,8,119
2976,8,43
2977,8,42
2978,8,428
2979,8,429
2980,8,428
2981,8,430
2982,8,428
2983,8,430
2984,8,431
2985,8,430
2986,8,430
2987,8,441
2988,8,443
2989,8,374
2990,8,269
2991,8,266
2992,8,277
2993,8,277
2994,8,277
2995,8,277
2996,8,277
2997,8,277
2998,8,278
2999,8,280
3000,8,75
3001,8,75
3002,8,75
3003,8,75
3004,8,151
3005,8,253
3006,8,225
3007,8,75
3008,8,75
3009,8,74
3010,8,79
3011,8,68
3012,8,68
3013,8,72
3014,8,72
3015,8,415
3016,8,13
3017,8,10
3018,8,10
3019,8,9
3020,8,11
3021,8,9
3022,8,169
3023,8,327
3024,8,171
3025,8,46
3026,8,44
3027,8,44
3028,8,44
3029,8,44
3030,8,45
3031,8,44
3032,8,45
3033,8,45
3034,8,45
3035,8,47
3036,8,47
3037,8,47
3038,8,45
3039,8,173
3040,8,47
3041,8,182
3042,8,40
3043,8,42
3044,8,428
3045,8,429
3046,8,429
3047,8,428
3048,8,428
3049,8,431
3050,8,428
3051,8,430
3052,8,428
3053,8,429
3054,8,443
3055,8,42
3056,8,43
3057,8,266
3058,8,277
3059,8,276
3060,8,279
3061,8,277
3062,8,278
3063,8,277
3064,8,179
3065,8,188
3066,8,186
3067,8,160
3068,8,75
3069,8,74
3070,8,75
3071,8,75
3072,8,74
3073,8,75
3074,8,75
3075,8,74
3076,8,78
3077,8,78
3078,8,78
3079,8,79
3080,8,68
3081,8,74
3082,8,73
3083,8,15
3084,8,12
3085,8,9
3086,8,14
3087,8,8
3088,8,9
3089,8,184
3090,8,172
3091,8,46
3092,8,38
3093,8,44
3094,8,45
3095,8,44
3096,8,44
3097,8,44
3098,8,62
3099,8,62
3100,8,62
3101,8,62
3102,8,45
3103,8,440
3104,8,45
3105,8,46
3106,8,47
3107,8,47
3108,8,46
3109,8,172
3110,8,47
3111,8,443
3112,8,42
3113,8,429
3114,8,428
3115,8,428
3116,8,428
3117,8,430
3118,8,430
3119,8,429
3120,8,428
3121,8,440
3122,8,441
3123,8,43
3124,8,277
3125,8,277
3126,8,276
3127,8,279
3128,8,278
3129,8,279
3130,8,284
3131,8,252
3132,8,86
3133,8,74
3134,8,75
3135,8,75
3136,8,74
3137,8,75
3138,8,75
3139,8,75
3140,8,75
3141,8,74
3142,8,72
3143,8,79
3144,8,79
3145,8,68
3146,8,69
3147,8,68
3148,8,75
3149,8,72
3150,8,12
3151,8,15
3152,8,14
3153,8,9
3154,8,10
3155,8,14
3156,8,9
3157,8,191
3158,8,175
3159,8,46
3160,8,44
3161,8,44
3162,8,44
3163,8,44
3164,8,60
3165,8,60
3166,8,63
3167,8,62
3168,8,62
3169,8,63
3170,8,62
3171,8,63
3172,8,63
3173,8,63
3174,8,45
3175,8,45
3176,8,45
3177,8,46
3178,8,43
3179,8,180
3180,8,183
3181,8,42
3182,8,42
3183,8,428
3184,8,429
3185,8,428
3186,8,428
3187,8,429
3188,8,431
3189,8,428
3190,8,428
3191,8,43
3192,8,43
3193,8,395
3194,8,158
3195,8,277
3196,8,278
3197,8,279
3198,8,279
3199,8,279
3200,8,279
3201,8,86
3202,8,86
3203,8,86
3204,8,77
3205,8,79
3206,8,74
3207,8,75
3208,8,75
3209,8,74
3210,8,72
3211,8,79
3212,8,77
3213,8,79
3214,8,78
3215,8,69
3216,8,70
3217,8,67
3218,8,68
3219,8,127
3220,8,13
3221,8,12
3222,8,14
3223,8,10
3224,8,9
3225,8,169
3226,8,8
3227,8,185
3228,8,39
3229,8,44
3230,8,39
3231,8,44
3232,8,38
3233,8,60
3234,8,62
3235,8,62
3236,8,60
3237,8,61
3238,8,62
3239,8,62
3240,8,62
3241,8,56
3242,8,63
3243,8,56
3244,8,57
3245,8,57
3246,8,57
3247,8,41
3248,8,47
3249,8,41
3250,8,323
3251,8,173
3252,8,42
3253,8,43
3254,8,428
3255,8,57
3256,8,428
3257,8,428
3258,8,428
3259,8,428
3260,8,43
3261,8,43
3262,8,276
3263,8,277
3264,8,250
3265,8,279
3266,8,276
3267,8,276
3268,8,279
3269,8,87
3270,8,86
3271,8,86
3272,8,86
3273,8,86
3274,8,74
3275,8,72
3276,8,74
3277,8,74
3278,8,77
3279,8,74
3280,8,78
3281,8,79
3282,8,79
3283,8,79
3284,8,70
3285,8,68
3286,8,64
3287,8,69
3288,8,68
3289,8,12
3290,8,13
3291,8,14
3292,8,14
3293,8,8
3294,8,9
3295,8,9
3296,8,173
3297,8,325
3298,8,44
3299,8,36
3300,8,38
3301,8,36
3302,8,60
3303,8,60
3304,8,60
3305,8,62
3306,8,62
3307,8,61
3308,8,60
3309,8,62
3310,8,63
3311,8,63
3312,8,63
3313,8,63
3314,8,63
3315,8,56
3316,8,63
3317,8,56
3318,8,57
3319,8,50
3320,8,47
3321,8,47
3322,8,181
3323,8,40
3324,8,43
3325,8,42
3326,8,440
3327,8,429
3328,8,428
3329,8,428
3330,8,42
3331,8,42
3332,8,119
3333,8,277
3334,8,248
3335,8,161
3336,8,278
3337,8,278
3338,8,252
3339,8,252
3340,8,86
3341,8,77
3342,8,86
3343,8,77
3344,8,77
3345,8,77
3346,8,77
3347,8,77
3348,8,74
3349,8,74
3350,8,79
3351,8,72
3352,8,77
3353,8,79
3354,8,79
3355,8,71
3356,8,69
3357,8,71
3358,8,72
3359,8,127
3360,8,12
3361,8,13
3362,8,15
3363,8,15
3364,8,14
3365,8,10
3366,8,11
3367,8,185
3368,8,37
3369,8,36
3370,8,36
3371,8,36
3372,8,48
3373,8,60
3374,8,60
3375,8,61
3376,8,57
3377,8,61
3378,8,61
3379,8,61
3380,8,63
3381,8,57
3382,8,63
3383,8,63
3384,8,56
3385,8,63
3386,8,57
3387,8,57
3388,8,57
3389,8,57
3390,8,56
3391,8,116
3392,8,40
3393,8,41
3394,8,183
3395,8,174
3396,8,40
3397,8,41
3398,8,40
3399,8,40
3400,8,43
3401,8,42
3402,8,43
3403,8,42
3404,8,248
3405,8,248
3406,8,277
3407,8,250
3408,8,279
3409,8,226
3410,8,95
3411,8,86
3412,8,86
3413,8,76
3414,8,86
3415,8,77
3416,8,76
3417,8,77
3418,8,77
3419,8,74
3420,8,74
3421,8,74
3422,8,77
3423,8,72
3424,8,69
3425,8,79
3426,8,69
3427,8,68
3428,8,70
3429,8,64
3430,8,72
3431,8,12
3432,8,15
3433,8,10
3434,8,13
3435,8,9
3436,8,10
3437,8,15
3438,8,187
3439,8,183
3440,8,38
3441,8,44
3442,8,36
3443,8,36
3444,8,60
3445,8,60
3446,8,61
3447,8,61
3448,8,56
3449,8,56
3450,8,113
3451,8,56
3452,8,56
3453,8,117
3454,8,56
3455,8,63
3456,8,63
3457,8,56
3458,8,57
3459,8,56
3460,8,56
3461,8,56
3462,8,57
3463,8,61
3464,8,116
3465,8,40
3466,8,43
3467,8,173
3468,8,367
3469,8,41
3470,8,41
3471,8,40
3472,8,43
3473,8,119
3474,8,40
3475,8,248
3476,8,277
3477,8,248
3478,8,226
3479,8,226
3480,8,154
3481,8,87
3482,8,87
3483,8,87
3484,8,86
3485,8,85
3486,8,86
3487,8,76
3488,8,74
3489,8,77
3490,8,77
3491,8,77
3492,8,77
3493,8,74
3494,8,69
3495,8,79
3496,8,78
3497,8,78
3498,8,69
3499,8,68
3500,8,64
3501,8,69
3502,8,68
3503,8,12
3504,8,68
3505,8,12
3506,8,12
3507,8,15
3508,8,15
3509,8,12
3510,8,14
3511,8,326
3512,8,37
3513,8,39
3514,8,44
3515,8,44
3516,8,60
3517,8,60
3518,8,61
3519,8,61
3520,8,61
3521,8,48
3522,8,61
3523,8,56
3524,8,56
3525,8,62
3526,8,56
3527,8,57
3528,8,117
3529,8,56
3530,8,56
3531,8,56
3532,8,56
3533,8,58
3534,8,109
3535,8,116
3536,8,58
3537,8,116
3538,8,59
3539,8,117
3540,8,41
3541,8,40
3542,8,174
3543,8,162
3544,8,169
3545,8,41
3546,8,41
3547,8,40
3548,8,119
3549,8,374
3550,8,248
3551,8,252
3552,8,252
3553,8,40
3554,8,285
3555,8,284
3556,8,154
3557,8,86
3558,8,85
3559,8,84
3560,8,86
3561,8,76
3562,8,76
3563,8,76
3564,8,77
3565,8,74
3566,8,77
3567,8,79
3568,8,77
3569,8,79
3570,8,69
3571,8,64
3572,8,68
3573,8,69
3574,8,79
3575,8,70
3576,8,71
3577,8,70
3578,8,70
3579,8,72
3580,8,68
3581,8,68
3582,8,69
3583,8,64
3584,8,70
3585,8,15
3586,8,13
3587,8,177
3588,8,37
3589,8,37
3590,8,36
3591,8,38
3592,8,48
3593,8,48
3594,8,50
3595,8,61
3596,8,60
3597,8,48
3598,8,48
3599,8,105
3600,8,109
3601,8,53
3602,8,105
3603,8,56
3604,8,58
3605,8,117
3606,8,117
3607,8,58
3608,8,48
3609,8,116
3610,8,52
3611,8,431
3612,8,113
3613,8,252
3614,8,116
3615,8,117
3616,8,119
3617,8,119
3618,8,40
3619,8,41
3620,8,40
3621,8,41
3622,8,40
3623,8,41
3624,8,40
3625,8,249
3626,8,248
3627,8,252
3628,8,252
3629,8,226
3630,8,227
3631,8,95
3632,8,157
3633,8,85
3634,8,84
3635,8,87
3636,8,86
3637,8,76
3638,8,76
3639,8,79
3640,8,77
3641,8,74
3642,8,74
3643,8,76
3644,8,76
3645,8,79
3646,8,79
3647,8,69
3648,8,69
3649,8,69
3650,8,70
3651,8,70
3652,8,71
3653,8,70
3654,8,71
3655,8,68
3656,8,68
3657,8,65
3658,8,78
3659,8,67
3660,8,165
3661,8,13
3662,8,175
3663,8,172
3664,8,34
3665,8,34
3666,8,36
3667,8,48
3668,8,49
3669,8,48
3670,8,51
3671,8,109
3672,8,110
3673,8,109
3674,8,109
3675,8,54
3676,8,109
3677,8,1
3678,8,105
3679,8,105
3680,8,58
3681,8,113
3682,8,229
3683,8,115
3684,8,50
3685,8,105
3686,8,105
3687,8,105
3688,8,115
3689,8,116
3690,8,116
3691,8,117
3692,8,116
3693,8,117
3694,8,406
3695,8,269
3696,8,119
3697,8,40
3698,8,40
3699,8,170
3700,8,250
3701,8,252
3702,8,252
3703,8,224
3704,8,241
3705,8,414
3706,8,95
3707,8,86
3708,8,84
3709,8,87
3710,8,76
3711,8,86
3712,8,85
3713,8,77
3714,8,64
3715,8,111
3716,8,77
3717,8,79
3718,8,74
3719,8,77
3720,8,79
3721,8,79
3722,8,79
3723,8,69
3724,8,69
3725,8,71
3726,8,70
3727,8,71
3728,8,70
3729,8,71
3730,8,70
3731,8,71
3732,8,15
3733,8,68
3734,8,68
3735,8,68
3736,8,15
3737,8,11
3738,8,37
3739,8,36
3740,8,36
3741,8,36
3742,8,48
3743,8,111
3744,8,110
3745,8,110
3746,8,109
3747,8,111
3748,8,110
3749,8,110
3750,8,111
3751,8,109
3752,8,111
3753,8,109
3754,8,111
3755,8,108
3756,8,116
3757,8,228
3758,8,116
3759,8,50
3760,8,105
3761,8,105
3762,8,104
3763,8,50
3764,8,116
3765,8,117
3766,8,224
3767,8,127
3768,8,224
3769,8,117
3770,8,40
3771,8,248
3772,8,248
3773,8,248
3774,8,249
3775,8,250
3776,8,252
3777,8,248
3778,8,248
3779,8,278
3780,8,226
3781,8,87
3782,8,87
3783,8,76
3784,8,85
3785,8,85
3786,8,86
3787,8,85
3788,8,77
3789,8,79
3790,8,77
3791,8,77
3792,8,85
3793,8,77
3794,8,77
3795,8,79
3796,8,79
3797,8,71
3798,8,69
3799,8,70
3800,8,69
3801,8,71
3802,8,71
3803,8,70
3804,8,67
3805,8,70
3806,8,66
3807,8,66
3808,8,66
3809,8,14
3810,8,14
3811,8,13
3812,8,180
3813,8,183
3814,8,37
3815,8,36
3816,8,36
3817,8,48
3818,8,111
3819,8,111
3820,8,111
3821,8,110
3822,8,111
3823,8,108
3824,8,109
3825,8,111
3826,8,109
3827,8,1
3828,8,111
3829,8,109
3830,8,109
3831,8,111
3832,8,115
3833,8,117
3834,8,116
3835,8,50
3836,8,114
3837,8,105
3838,8,104
3839,8,116
3840,8,116
3841,8,117
3842,8,119
3843,8,227
3844,8,252
3845,8,252
3846,8,249
3847,8,249
3848,8,248
3849,8,249
3850,8,246
3851,8,249
3852,8,250
3853,8,248
3854,8,252
3855,8,280
3856,8,87
3857,8,87
3858,8,84
3859,8,85
3860,8,88
3861,8,84
3862,8,85
3863,8,76
3864,8,76
3865,8,79
3866,8,105
3867,8,76
3868,8,76
3869,8,79
3870,8,69
3871,8,69
3872,8,76
3873,8,69
3874,8,64
3875,8,69
3876,8,71
3877,8,70
3878,8,67
3879,8,70
3880,8,70
3881,8,70
3882,8,66
3883,8,12
3884,8,65
3885,8,15
3886,8,13
3887,8,162
3888,8,173
3889,8,34
3890,8,32
3891,8,36
3892,8,49
3893,8,110
3894,8,108
3895,8,110
3896,8,109
3897,8,110
3898,8,108
3899,8,109
3900,8,111
3901,8,109
3902,8,109
3903,8,111
3904,8,108
3905,8,109
3906,8,109
3907,8,105
3908,8,114
3909,8,114
3910,8,105
3911,8,105
3912,8,104
3913,8,104
3914,8,419
3915,8,119
3916,8,230
3917,8,228
3918,8,315
3919,8,230
3920,8,252
3921,8,249
3922,8,249
3923,8,249
3924,8,42
3925,8,251
3926,8,249
3927,8,245
3928,8,248
3929,8,250
3930,8,252
3931,8,87
3932,8,84
3933,8,85
3934,8,80
3935,8,85
3936,8,85
3937,8,84
3938,8,86
3939,8,85
3940,8,76
3941,8,74
3942,8,76
3943,8,79
3944,8,69
3945,8,64
3946,8,79
3947,8,64
3948,8,64
3949,8,64
3950,8,68
3951,8,69
3952,8,71
3953,8,71
3954,8,67
3955,8,67
3956,8,67
3957,8,66
3958,8,70
3959,8,70
3960,8,68
3961,8,166
3962,8,37
3963,8,36
3964,8,36
3965,8,49
3966,8,110
3967,8,110
3968,8,110
3969,8,106
3970,8,110
3971,8,108
3972,8,110
3973,8,109
3974,8,105
3975,8,108
3976,8,108
3977,8,54
3978,8,109
3979,8,54
3980,8,54
3981,8,105
3982,8,105
3983,8,104
3984,8,108
3985,8,105
3986,8,105
3987,8,104
3988,8,114
3989,8,115
3990,8,228
3991,8,314
3992,8,312
3993,8,249
3994,8,249
3995,8,252
3996,8,249
3997,8,245
3998,8,250
3999,8,250
4000,8,249
4001,8,249
4002,8,227
4003,8,252
4004,8,87
4005,8,87
4006,8,84
4007,8,85
4008,8,156
4009,8,85
4010,8,84
4011,8,85
4012,8,207
4013,8,76
4014,8,76
4015,8,77
4016,8,76
4017,8,79
4018,8,76
4019,8,64
4020,8,64
4021,8,65
4022,8,69
4023,8,71
4024,8,64
4025,8,69
4026,8,71
4027,8,67
4028,8,67
4029,8,66
4030,8,67
4031,8,70
4032,8,13
4033,8,16
4034,8,167
4035,8,179
4036,8,171
4037,8,32
4038,8,36
4039,8,51
4040,8,111
4041,8,110
4042,8,110
4043,8,110
4044,8,109
4045,8,108
4046,8,105
4047,8,108
4048,8,109
4049,8,108
4050,8,110
4051,8,2
4052,8,109
4053,8,105
4054,8,105
4055,8,105
4056,8,105
4057,8,105
4058,8,105
4059,8,55
4060,8,105
4061,8,112
4062,8,228
4063,8,126
4064,8,228
4065,8,373
4066,8,254
4067,8,255
4068,8,251
4069,8,250
4070,8,250
4071,8,250
4072,8,250
4073,8,242
4074,8,247
4075,8,247
4076,8,250
4077,8,242
4078,8,156
4079,8,138
4080,8,73
4081,8,73
4082,8,187
4083,8,5
4084,8,156
4085,8,154
4086,8,85
4087,8,80
4088,8,65
4089,8,79
4090,8,76
4091,8,79
4092,8,79
4093,8,64
4094,8,71
4095,8,79
4096,8,67
4097,8,67
4098,8,71
4099,8,70
4100,8,70
4101,8,67
4102,8,239
4103,8,66
4104,8,156
4105,8,160
4106,8,172
4107,8,184
4108,8,181
4109,8,172
4110,8,37
4111,8,49
4112,8,111
4113,8,111
4114,8,111
4115,8,111
4116,8,7
4117,8,138
4118,8,170
4119,8,6
4120,8,6
4121,8,3
4122,8,111
4123,8,179
4124,8,189
4125,8,7
4126,8,5
4127,8,3
4128,8,6
4129,8,0
4130,8,0
4131,8,104
4132,8,115
4133,8,228
4134,8,224
4135,8,228
4136,8,229
4137,8,228
4138,8,313
4139,8,255
4140,8,246
4141,8,251
4142,8,244
4143,8,247
4144,8,243
4145,8,250
4146,8,247
4147,8,252
4148,8,228
4149,8,210
4150,8,94
4151,8,88
4152,8,88
4153,8,85
4154,8,156
4155,8,94
4156,8,80
4157,8,81
4158,8,81
4159,8,80
4160,8,80
4161,8,65
4162,8,65
4163,8,80
4164,8,64
4165,8,65
4166,8,65
4167,8,66
4168,8,67
4169,8,67
4170,8,67
4171,8,67
4172,8,64
4173,8,66
4174,8,67
4175,8,66
4176,8,65
4177,8,15
4178,8,160
4179,8,46
4180,8,36
4181,8,32
4182,8,49
4183,8,111
4184,8,110
4185,8,110
4186,8,108
4187,8,105
4188,8,53
4189,8,23
4190,8,32
4191,8,53
4192,8,105
4193,8,105
4194,8,2
4195,8,2
4196,8,111
4197,8,106
4198,8,104
4199,8,105
4200,8,106
4201,8,105
4202,8,115
4203,8,125
4204,8,255
4205,8,126
4206,8,113
4207,8,314
4208,8,254
4209,8,319
4210,8,254
4211,8,251
4212,8,251
4213,8,243
4214,8,247
4215,8,246
4216,8,228
4217,8,227
4218,8,252
4219,8,227
4220,8,93
4221,8,87
4222,8,94
4223,8,91
4224,8,88
4225,8,157
4226,8,82
4227,8,80
4228,8,88
4229,8,81
4230,8,82
4231,8,84
4232,8,83
4233,8,80
4234,8,80
4235,8,65
4236,8,82
4237,8,64
4238,8,65
4239,8,64
4240,8,67
4241,8,66
4242,8,65
4243,8,65
4244,8,83
4245,8,65
4246,8,195
4247,8,150
4248,8,136
4249,8,174
4250,8,34
4251,8,35
4252,8,32
4253,8,111
4254,8,111
4255,8,110
4256,8,108
4257,8,0
4258,8,55
4259,8,33
4260,8,105
4261,8,104
4262,8,114
4263,8,106
4264,8,7
4265,8,105
4266,8,105
4267,8,49
4268,8,105
4269,8,105
4270,8,104
4271,8,104
4272,8,125
4273,8,254
4274,8,126
4275,8,46
4276,8,230
4277,8,228
4278,8,229
4279,8,251
4280,8,246
4281,8,244
4282,8,251
4283,8,245
4284,8,249
4285,8,245
4286,8,244
4287,8,229
4288,8,231
4289,8,93
4290,8,94
4291,8,95
4292,8,84
4293,8,88
4294,8,89
4295,8,159
4296,8,94
4297,8,81
4298,8,82
4299,8,84
4300,8,82
4301,8,81
4302,8,88
4303,8,81
4304,8,80
4305,8,82
4306,8,82
4307,8,80
4308,8,82
4309,8,82
4310,8,83
4311,8,65
4312,8,65
4313,8,66
4314,8,83
4315,8,149
4316,8,15
4317,8,185
4318,8,175
4319,8,34
4320,8,34
4321,8,32
4322,8,54
4323,8,110
4324,8,110
4325,8,106
4326,8,108
4327,8,33
4328,8,53
4329,8,107
4330,8,107
4331,8,108
4332,8,107
4333,8,111
4334,8,109
4335,8,116
4336,8,115
4337,8,115
4338,8,105
4339,8,104
4340,8,121
4341,8,126
4342,8,229
4343,8,113
4344,8,113
4345,8,230
4346,8,229
4347,8,244
4348,8,244
4349,8,246
4350,8,246
4351,8,245
4352,8,243
4353,8,251
4354,8,238
4355,8,241
4356,8,233
4357,8,237
4358,8,90
4359,8,94
4360,8,94
4361,8,198
4362,8,94
4363,8,90
4364,8,157
4365,8,89
4366,8,89
4367,8,89
4368,8,198
4369,8,193
4370,8,148
4371,8,197
4372,8,198
4373,8,198
4374,8,197
4375,8,134
4376,8,88
4377,8,82
4378,8,82
4379,8,82
4380,8,83
4381,8,83
4382,8,83
4383,8,12
4384,8,13
4385,8,185
4386,8,175
4387,8,35
4388,8,34
4389,8,32
4390,8,49
4391,8,111
4392,8,111
4393,8,110
4394,8,106
4395,8,106
4396,8,105
4397,8,106
4398,8,107
4399,8,110
4400,8,107
4401,8,4
4402,8,115
4403,8,115
4404,8,124
4405,8,126
4406,8,114
4407,8,115
4408,8,126
4409,8,233
4410,8,124
4411,8,124
4412,8,113
4413,8,237
4414,8,245
4415,8,244
4416,8,246
4417,8,207
4418,8,245
4419,8,245
4420,8,241
4421,8,246
4422,8,245
4423,8,237
4424,8,236
4425,8,93
4426,8,94
4427,8,95
4428,8,85
4429,8,94
4430,8,89
4431,8,90
4432,8,142
4433,8,90
4434,8,89
4435,8,89
4436,8,197
4437,8,135
4438,8,128
4439,8,149
4440,8,140
4441,8,130
4442,8,150
4443,8,148
4444,8,151
4445,8,192
4446,8,207
4447,8,82
4448,8,207
4449,8,66
4450,8,14
4451,8,9
4452,8,176
4453,8,185
4454,8,37
4455,8,33
4456,8,32
4457,8,170
4458,8,106
4459,8,110
4460,8,110
4461,8,107
4462,8,98
4463,8,106
4464,8,107
4465,8,106
4466,8,106
4467,8,106
4468,8,111
4469,8,51
4470,8,117
4471,8,121
4472,8,113
4473,8,113
4474,8,117
4475,8,124
4476,8,231
4477,8,113
4478,8,121
4479,8,233
4480,8,237
4481,8,245
4482,8,245
4483,8,244
4484,8,246
4485,8,243
4486,8,245
4487,8,243
4488,8,238
4489,8,238
4490,8,227
4491,8,93
4492,8,92
4493,8,93
4494,8,92
4495,8,89
4496,8,89
4497,8,212
4498,8,198
4499,8,143
4500,8,131
4501,8,212
4502,8,148
4503,8,133
4504,8,142
4505,8,141
4506,8,135
4507,8,143
4508,8,150
4509,8,151
4510,8,135
4511,8,153
4512,8,207
4513,8,207
4514,8,83
4515,8,148
4516,8,171
4517,8,161
4518,8,325
4519,8,171
4520,8,34
4521,8,32
4522,8,32
4523,8,49
4524,8,110
4525,8,106
4526,8,99
4527,8,106
4528,8,106
4529,8,106
4530,8,106
4531,8,106
4532,8,51
4533,8,50
4534,8,115
4535,8,113
4536,8,121
4537,8,113
4538,8,115
4539,8,113
4540,8,126
4541,8,124
4542,8,113
4543,8,238
4544,8,237
4545,8,237
4546,8,245
4547,8,194
4548,8,244
4549,8,241
4550,8,243
4551,8,240
4552,8,246
4553,8,238
4554,8,237
4555,8,236
4556,8,93
4557,8,92
4558,8,93
4559,8,93
4560,8,88
4561,8,90
4562,8,90
4563,8,198
4564,8,158
4565,8,130
4566,8,148
4567,8,148
4568,8,148
4569,8,158
4570,8,139
4571,8,143
4572,8,140
4573,8,134
4574,8,138
4575,8,158
4576,8,140
4577,8,145
4578,8,145
4579,8,159
4580,8,149
4581,8,189
4582,8,187
4583,8,34
4584,8,32
4585,8,35
4586,8,33
4587,8,49
4588,8,110
4589,8,110
4590,8,106
4591,8,107
4592,8,100
4593,8,106
4594,8,51
4595,8,115
4596,8,51
4597,8,115
4598,8,112
4599,8,113
4600,8,122
4601,8,121
4602,8,228
4603,8,124
4604,8,121
4605,8,112
4606,8,112
4607,8,233
4608,8,117
4609,8,237
4610,8,237
4611,8,237
4612,8,241
4613,8,242
4614,8,240
4615,8,243
4616,8,237
4617,8,253
4618,8,236
4619,8,94
4620,8,90
4621,8,89
4622,8,91
4623,8,90
4624,8,223
4625,8,197
4626,8,133
4627,8,138
4628,8,133
4629,8,133
4630,8,207
4631,8,134
4632,8,140
4633,8,140
4634,8,150
4635,8,151
4636,8,133
4637,8,153
4638,8,152
4639,8,152
4640,8,145
4641,8,165
4642,8,151
4643,8,186
4644,8,172
4645,8,35
4646,8,33
4647,8,33
4648,8,51
4649,8,49
4650,8,51
4651,8,110
4652,8,106
4653,8,51
4654,8,51
4655,8,51
4656,8,114
4657,8,112
4658,8,126
4659,8,113
4660,8,125
4661,8,112
4662,8,121
4663,8,126
4664,8,231
4665,8,233
4666,8,233
4667,8,120
4668,8,112
4669,8,114
4670,8,114
4671,8,245
4672,8,237
4673,8,243
4674,8,243
4675,8,238
4676,8,240
4677,8,236
4678,8,239
4679,8,208
4680,8,93
4681,8,94
4682,8,94
4683,8,89
4684,8,90
4685,8,90
4686,8,198
4687,8,132
4688,8,159
4689,8,197
4690,8,129
4691,8,128
4692,8,197
4693,8,130
4694,8,149
4695,8,130
4696,8,158
4697,8,158
4698,8,152
4699,8,152
4700,8,152
4701,8,160
4702,8,160
4703,8,187
4704,8,172
4705,8,35
4706,8,25
4707,8,32
4708,8,33
4709,8,32
4710,8,51
4711,8,51
4712,8,51
4713,8,51
4714,8,51
4715,8,114
4716,8,115
4717,8,112
4718,8,112
4719,8,114
4720,8,124
4721,8,126
4722,8,112
4723,8,121
4724,8,124
4725,8,112
4726,8,112
4727,8,51
4728,8,123
4729,8,112
4730,8,104
4731,8,241
4732,8,238
4733,8,240
4734,8,194
4735,8,238
4736,8,245
4737,8,238
4738,8,210
4739,8,92
4740,8,93
4741,8,92
4742,8,209
4743,8,91
4744,8,212
4745,8,201
4746,8,199
4747,8,150
4748,8,158
4749,8,140
4750,8,139
4751,8,141
4752,8,207
4753,8,199
4754,8,148
4755,8,144
4756,8,159
4757,8,164
4758,8,152
4759,8,152
4760,8,160
4761,8,186
4762,8,171
4763,8,35
4764,8,35
4765,8,35
4766,8,32
4767,8,51
4768,8,51
4769,8,51
4770,8,105
4771,8,107
4772,8,107
4773,8,107
4774,8,107
4775,8,107
4776,8,104
4777,8,112
4778,8,124
4779,8,231
4780,8,112
4781,8,121
4782,8,104
4783,8,112
4784,8,114
4785,8,104
4786,8,114
4787,8,123
4788,8,241
4789,8,241
4790,8,240
4791,8,243
4792,8,243
4793,8,238
4794,8,241
4795,8,210
4796,8,214
4797,8,90
4798,8,90
4799,8,209
4800,8,212
4801,8,213
4802,8,199
4803,8,199
4804,8,140
4805,8,159
4806,8,137
4807,8,140
4808,8,137
4809,8,207
4810,8,198
4811,8,148
4812,8,158
4813,8,155
4814,8,155
4815,8,164
4816,8,165
4817,8,185
4818,8,329
4819,8,172
4820,8,33
4821,8,32
4822,8,32
4823,8,49
4824,8,112
4825,8,107
4826,8,107
4827,8,107
4828,8,107
4829,8,107
4830,8,106
4831,8,104
4832,8,104
4833,8,114
4834,8,113
4835,8,121
4836,8,121
4837,8,112
4838,8,123
4839,8,233
4840,8,104
4841,8,103
4842,8,210
4843,8,232
4844,8,240
4845,8,241
4846,8,241
4847,8,243
4848,8,197
4849,8,238
4850,8,236
4851,8,210
4852,8,91
4853,8,94
4854,8,130
4855,8,90
4856,8,90
4857,8,198
4858,8,134
4859,8,148
4860,8,140
4861,8,139
4862,8,129
4863,8,136
4864,8,150
4865,8,205
4866,8,204
4867,8,204
4868,8,152
4869,8,155
4870,8,154
4871,8,164
4872,8,187
4873,8,180
4874,8,317
4875,8,35
4876,8,170
4877,8,32
4878,8,114
4879,8,107
4880,8,107
4881,8,107
4882,8,107
4883,8,107
4884,8,96
4885,8,107
4886,8,122
4887,8,121
4888,8,112
4889,8,112
4890,8,121
4891,8,122
4892,8,233
4893,8,232
4894,8,235
4895,8,235
4896,8,210
4897,8,232
4898,8,241
4899,8,240
4900,8,243
4901,8,243
4902,8,240
4903,8,239
4904,8,210
4905,8,93
4906,8,100
4907,8,91
4908,8,90
4909,8,213
4910,8,209
4911,8,199
4912,8,131
4913,8,130
4914,8,132
4915,8,162
4916,8,134
4917,8,142
4918,8,153
4919,8,146
4920,8,204
4921,8,205
4922,8,146
4923,8,152
4924,8,161
4925,8,185
4926,8,35
4927,8,35
4928,8,32
4929,8,33
4930,8,114
4931,8,106
4932,8,107
4933,8,107
4934,8,107
4935,8,107
4936,8,106
4937,8,107
4938,8,104
4939,8,233
4940,8,121
4941,8,122
4942,8,121
4943,8,112
4944,8,232
4945,8,123
4946,8,234
4947,8,234
4948,8,232
4949,8,239
4950,8,240
4951,8,241
4952,8,240
4953,8,240
4954,8,239
4955,8,210
4956,8,210
4957,8,92
4958,8,91
4959,8,213
4960,8,209
4961,8,209
4962,8,209
4963,8,194
4964,8,148
4965,8,151
4966,8,129
4967,8,159
4968,8,158
4969,8,149
4970,8,205
4971,8,204
4972,8,204
4973,8,149
4974,8,153
4975,8,160
4976,8,185
4977,8,162
4978,8,10
4979,8,35
4980,8,35
4981,8,114
4982,8,106
4983,8,103
4984,8,106
4985,8,107
4986,8,107
4987,8,97
4988,8,107
4989,8,102
4990,8,233
4991,8,122
4992,8,233
4993,8,121
4994,8,122
4995,8,233
4996,8,232
4997,8,232
4998,8,232
4999,8,241
5000,8,199
5001,8,238
5002,8,240
5003,8,240
5004,8,239
5005,8,210
5006,8,210
5007,8,100
5008,8,91
5009,8,208
5010,8,90
5011,8,90
5012,8,223
5013,8,197
5014,8,197
5015,8,140
5016,8,130
5017,8,134
5018,8,157
5019,8,130
5020,8,151
5021,8,147
5022,8,204
5023,8,152
5024,8,147
5025,8,165
5026,8,161
5027,8,332
5028,8,322
5029,8,35
5030,8,32
5031,8,32
5032,8,49
5033,8,107
5034,8,107
5035,8,107
5036,8,106
5037,8,106
5038,8,106
5039,8,107
5040,8,97
5041,8,97
5042,8,102
5043,8,224
5044,8,232
5045,8,233
5046,8,233
5047,8,237
5048,8,232
5049,8,238
5050,8,241
5051,8,238
5052,8,232
5053,8,236
5054,8,210
5055,8,210
5056,8,210
5057,8,209
5058,8,91
5059,8,208
5060,8,209
5061,8,213
5062,8,223
5063,8,206
5064,8,131
5065,8,131
5066,8,140
5067,8,129
5068,8,135
5069,8,142
5070,8,132
5071,8,158
5072,8,132
5073,8,205
5074,8,205
5075,8,144
5076,8,165
5077,8,187
5078,8,172
5079,8,35
5080,8,32
5081,8,32
5082,8,101
5083,8,106
5084,8,107
5085,8,107
5086,8,106
5087,8,106
5088,8,99
5089,8,104
5090,8,96
5091,8,102
5092,8,102
5093,8,232
5094,8,236
5095,8,254
5096,8,254
5097,8,229
5098,8,244
5099,8,231
5100,8,240
5101,8,236
5102,8,232
5103,8,210
5104,8,210
5105,8,210
5106,8,90
5107,8,91
5108,8,209
5109,8,208
5110,8,208
5111,8,206
5112,8,197
5113,8,197
5114,8,207
5115,8,197
5116,8,131
5117,8,197
5118,8,207
5119,8,199
5120,8,206
5121,8,201
5122,8,200
5123,8,204
5124,8,203
5125,8,167
5126,8,25
5127,8,32
5128,8,33
5129,8,51
5130,8,99
5131,8,101
5132,8,107
5133,8,106
5134,8,106
5135,8,99
5136,8,101
5137,8,208
5138,8,99
5139,8,102
5140,8,112
5141,8,233
5142,8,233
5143,8,229
5144,8,236
5145,8,229
5146,8,254
5147,8,237
5148,8,232
5149,8,210
5150,8,210
5151,8,210
5152,8,209
5153,8,209
5154,8,208
5155,8,209
5156,8,209
5157,8,209
5158,8,207
5159,8,143
5160,8,131
5161,8,131
5162,8,196
5163,8,145
5164,8,149
5165,8,159
5166,8,207
5167,8,207
5168,8,206
5169,8,200
5170,8,204
5171,8,202
5172,8,165
5173,8,187
5174,8,179
5175,8,26
5176,8,26
5177,8,31
5178,8,99
5179,8,107
5180,8,106
5181,8,107
5182,8,106
5183,8,107
5184,8,99
5185,8,98
5186,8,103
5187,8,102
5188,8,102
5189,8,232
5190,8,233
5191,8,233
5192,8,121
5193,8,233
5194,8,238
5195,8,237
5196,8,232
5197,8,210
5198,8,210
5199,8,210
5200,8,210
5201,8,209
5202,8,212
5203,8,209
5204,8,209
5205,8,223
5206,8,131
5207,8,194
5208,8,130
5209,8,194
5210,8,197
5211,8,150
5212,8,196
5213,8,158
5214,8,207
5215,8,132
5216,8,206
5217,8,200
5218,8,204
5219,8,202
5220,8,145
5221,8,184
5222,8,169
5223,8,33
5224,8,33
5225,8,102
5226,8,98
5227,8,107
5228,8,107
5229,8,106
5230,8,107
5231,8,99
5232,8,101
5233,8,96
5234,8,103
5235,8,102
5236,8,232
5237,8,121
5238,8,280
5239,8,231
5240,8,236
5241,8,233
5242,8,232
5243,8,232
5244,8,211
5245,8,210
5246,8,211
5247,8,209
5248,8,211
5249,8,211
5250,8,209
5251,8,194
5252,8,197
5253,8,194
5254,8,197
5255,8,141
5256,8,194
5257,8,193
5258,8,207
5259,8,197
5260,8,193
5261,8,207
5262,8,193
5263,8,206
5264,8,218
5265,8,202
5266,8,204
5267,8,205
5268,8,144
5269,8,332
5270,8,34
5271,8,29
5272,8,98
5273,8,99
5274,8,99
5275,8,98
5276,8,106
5277,8,107
5278,8,101
5279,8,99
5280,8,99
5281,8,96
5282,8,103
5283,8,208
5284,8,103
5285,8,122
5286,8,122
5287,8,121
5288,8,233
5289,8,121
5290,8,232
5291,8,210
5292,8,210
5293,8,211
5294,8,209
5295,8,209
5296,8,211
5297,8,192
5298,8,195
5299,8,128
5300,8,197
5301,8,128
5302,8,206
5303,8,193
5304,8,193
5305,8,194
5306,8,207
5307,8,158
5308,8,197
5309,8,199
5310,8,206
5311,8,219
5312,8,202
5313,8,203
5314,8,203
5315,8,153
5316,8,35
5317,8,31
5318,8,30
5319,8,96
5320,8,99
5321,8,106
5322,8,98
5323,8,99
5324,8,100
5325,8,99
5326,8,96
5327,8,99
5328,8,100
5329,8,102
5330,8,208
5331,8,102
5332,8,123
5333,8,235
5334,8,232
5335,8,122
5336,8,123
5337,8,211
5338,8,210
5339,8,211
5340,8,211
5341,8,194
5342,8,199
5343,8,195
5344,8,194
5345,8,197
5346,8,194
5347,8,206
5348,8,199
5349,8,206
5350,8,194
5351,8,207
5352,8,206
5353,8,158
5354,8,148
5355,8,222
5356,8,219
5357,8,219
5358,8,202
5359,8,203
5360,8,201
5361,8,167
5362,8,191
5363,8,11
5364,8,29
5365,8,99
5366,8,99
5367,8,99
5368,8,111
5369,8,101
5370,8,99
5371,8,208
5372,8,100
5373,8,101
5374,8,103
5375,8,208
5376,8,101
5377,8,100
5378,8,133
5379,8,208
5380,8,103
5381,8,210
5382,8,210
5383,8,210
5384,8,210
5385,8,211
5386,8,196
5387,8,197
5388,8,198
5389,8,128
5390,8,194
5391,8,129
5392,8,197
5393,8,197
5394,8,196
5395,8,207
5396,8,197
5397,8,207
5398,8,199
5399,8,201
5400,8,222
5401,8,219
5402,8,222
5403,8,200
5404,8,204
5405,8,217
5406,8,205
5407,8,162
5408,8,170
5409,8,29
5410,8,30
5411,8,97
5412,8,98
5413,8,99
5414,8,99
5415,8,99
5416,8,208
5417,8,208
5418,8,100
5419,8,100
5420,8,103
5421,8,101
5422,8,208
5423,8,101
5424,8,210
5425,8,100
5426,8,210
5427,8,210
5428,8,211
5429,8,211
5430,8,195
5431,8,195
5432,8,197
5433,8,128
5434,8,141
5435,8,194
5436,8,193
5437,8,207
5438,8,197
5439,8,132
5440,8,195
5441,8,194
5442,8,222
5443,8,222
5444,8,219
5445,8,219
5446,8,219
5447,8,216
5448,8,203
5449,8,204
5450,8,66
5451,8,205
5452,8,180
5453,8,185
5454,8,26
5455,8,31
5456,8,97
5457,8,96
5458,8,98
5459,8,101
5460,8,99
5461,8,101
5462,8,101
5463,8,195
5464,8,103
5465,8,209
5466,8,100
5467,8,209
5468,8,208
5469,8,208
5470,8,208
5471,8,209
5472,8,209
5473,8,223
5474,8,194
5475,8,196
5476,8,128
5477,8,128
5478,8,194
5479,8,197
5480,8,207
5481,8,240
5482,8,197
5483,8,193
5484,8,195
5485,8,193
5486,8,219
5487,8,219
5488,8,219
5489,8,219
5490,8,216
5491,8,218
5492,8,218
5493,8,218
5494,8,203
5495,8,204
5496,8,165
5497,8,171
5498,8,34
5499,8,29
5500,8,96
5501,8,97
5502,8,99
5503,8,99
5504,8,101
5505,8,101
5506,8,100
5507,8,101
5508,8,208
5509,8,103
5510,8,223
5511,8,208
5512,8,223
5513,8,210
5514,8,223
5515,8,195
5516,8,195
5517,8,194
5518,8,194
5519,8,194
5520,8,128
5521,8,194
5522,8,206
5523,8,195
5524,8,199
5525,8,193
5526,8,206
5527,8,223
5528,8,201
5529,8,221
5530,8,221
5531,8,220
5532,8,219
5533,8,217
5534,8,219
5535,8,218
5536,8,218
5537,8,203
5538,8,203
5539,8,160
5540,8,180
5541,8,167
5542,8,28
5543,8,29
5544,8,96
5545,8,99
5546,8,99
5547,8,99
5548,8,101
5549,8,208
5550,8,100
5551,8,100
5552,8,209
5553,8,208
5554,8,223
5555,8,223
5556,8,192
5557,8,195
5558,8,192
5559,8,195
5560,8,195
5561,8,194
5562,8,194
5563,8,194
5564,8,193
5565,8,206
5566,8,193
5567,8,193
5568,8,223
5569,8,222
5570,8,222
5571,8,221
5572,8,219
5573,8,216
5574,8,216
5575,8,219
5576,8,218
5577,8,217
5578,8,218
5579,8,17
5580,8,206
5581,8,145
5582,8,333
5583,8,183
5584,8,27
5585,8,25
5586,8,27
5587,8,96
5588,8,102
5589,8,99
5590,8,101
5591,8,220
5592,8,209
5593,8,208
5594,8,80
5595,8,220
5596,8,220
5597,8,195
5598,8,223
5599,8,195
5600,8,223
5601,8,193
5602,8,195
5603,8,193
5604,8,193
5605,8,207
5606,8,206
5607,8,206
5608,8,193
5609,8,192
5610,8,222
5611,8,222
5612,8,216
5613,8,219
5614,8,216
5615,8,218
5616,8,219
5617,8,218
5618,8,218
5619,8,217
5620,8,17
5621,8,206
5622,8,218
5623,8,207
5624,8,180
5625,8,169
5626,8,169
5627,8,30
5628,8,96
5629,8,101
5630,8,100
5631,8,220
5632,8,100
5633,8,220
5634,8,220
5635,8,223
5636,8,220
5637,8,223
5638,8,195
5639,8,223
5640,8,194
5641,8,192
5642,8,223
5643,8,192
5644,8,195
5645,8,195
5646,8,195
5647,8,193
5648,8,206
5649,8,219
5650,8,219
5651,8,221
5652,8,218
5653,8,218
5654,8,216
5655,8,216
5656,8,218
5657,8,206
5658,8,218
5659,8,19
5660,8,205
5661,8,148
5662,8,206
5663,8,156
5664,8,184
5665,8,172
5666,8,30
5667,8,10
5668,8,96
5669,8,99
5670,8,101
5671,8,220
5672,8,221
5673,8,221
5674,8,220
5675,8,220
5676,8,222
5677,8,220
5678,8,220
5679,8,220
5680,8,219
5681,8,192
5682,8,192
5683,8,194
5684,8,199
5685,8,206
5686,8,193
5687,8,219
5688,8,219
5689,8,218
5690,8,216
5691,8,216
5692,8,218
5693,8,216
5694,8,218
5695,8,217
5696,8,188
5697,8,18
5698,8,165
5699,8,21
5700,8,164
5701,8,187
5702,8,27
5703,8,32
5704,8,30
5705,8,102
5706,8,101
5707,8,220
5708,8,220
5709,8,223
5710,8,220
5711,8,220
5712,8,220
5713,8,223
5714,8,221
5715,8,222
5716,8,219
5717,8,221
5718,8,200
5719,8,192
5720,8,206
5721,8,206
5722,8,206
5723,8,206
5724,8,201
5725,8,218
5726,8,218
5727,8,220
5728,8,165
5729,8,205
5730,8,165
5731,8,164
5732,8,329
5733,8,190
5734,8,184
5735,8,184
5736,8,325
5737,8,161
5738,8,168
5739,8,166
5740,8,220
5741,8,218
5742,8,220
5743,8,221
5744,8,221
5745,8,221
5746,8,220
5747,8,221
5748,8,221
5749,8,220
5750,8,221
5751,8,222
5752,8,195
5753,8,219
5754,8,201
5755,8,222
5756,8,219
5757,8,218
5758,8,220
5759,8,216
5760,8,216
5761,8,17
5762,8,22
5763,8,20
5764,8,9
5765,8,162
5766,8,171
5767,8,167
5768,8,323
5769,8,177
5770,8,171
5771,8,26
5772,8,33
5773,8,99
5774,8,101
5775,8,220
5776,8,216
5777,8,216
5778,8,216
5779,8,220
5780,8,216
5781,8,216
5782,8,221
5783,8,219
5784,8,221
5785,8,222
5786,8,222
5787,8,219
5788,8,219
5789,8,216
5790,8,221
5791,8,221
5792,8,217
5793,8,17
5794,8,19
5795,8,18
5796,8,22
5797,8,16
5798,8,188
5799,8,164
5800,8,177
5801,8,178
5802,8,170
5803,8,26
5804,8,30
5805,8,101
5806,8,19
5807,8,18
5808,8,216
5809,8,220
5810,8,221
5811,8,216
5812,8,216
5813,8,219
5814,8,220
5815,8,216
5816,8,216
5817,8,216
5818,8,216
5819,8,217
5820,8,217
5821,8,17
5822,8,18
5823,8,16
5824,8,22
5825,8,22
5826,8,22
5827,8,24
5828,8,23
5829,8,176
5830,8,325
5831,8,170
5832,8,29
5833,8,28
5834,8,24
5835,8,31
5836,8,19
5837,8,18
5838,8,18
5839,8,19
5840,8,217
5841,8,217
5842,8,216
5843,8,217
5844,8,17
5845,8,216
5846,8,217
5847,8,217
5848,8,16
5849,8,16
5850,8,16
5851,8,22
5852,8,23
5853,8,20
5854,8,21
5855,8,170
5856,8,188
5857,8,331
5858,8,170
5859,8,27
5860,8,170
5861,8,170
5862,8,23
5863,8,23
5864,8,24
5865,8,22
5866,8,22
5867,8,16
5868,8,18
5869,8,19
5870,8,19
5871,8,18
5872,8,17
5873,8,16
5874,8,16
5875,8,16
5876,8,20
5877,8,23
5878,8,20
5879,8,165
5880,8,162
5881,8,190
5882,8,320
5883,8,190
5884,8,166
5885,8,168
5886,8,444
5887,8,24
5888,8,23
5889,8,20
5890,8,22
5891,8,20
5892,8,16
5893,8,21
5894,8,16
5895,8,22
5896,8,22
5897,8,19
5898,8,166
5899,8,170
5900,8,184
5901,8,183
5902,8,190
5903,8,172
5904,8,160
5905,8,169
5906,8,160
5907,8,167
5908,8,167
5909,8,170
5910,8,171
5911,8,188
5912,8,325
0,9,704
1,9,720
2,9,763
3,9,1000
4,9,733
5,9,349
6,9,892
7,9,704
8,9,729
9,9,764
10,9,893
11,9,895
12,9,733
13,9,893
14,9,723
15,9,895
16,9,763
17,9,724
18,9,706
19,9,708
20,9,721
21,9,704
22,9,708
23,9,704
24,9,893
25,9,1005
26,9,850
27,9,893
28,9,893
29,9,849
30,9,894
31,9,892
32,9,849
33,9,894
34,9,893
35,9,894
36,9,893
37,9,895
38,9,894
39,9,895
40,9,892
41,9,895
42,9,894
43,9,895
44,9,894
45,9,894
46,9,895
47,9,720
48,9,894
49,9,733
50,9,892
51,9,893
52,9,895
53,9,722
54,9,708
55,9,645
56,9,651
57,9,652
58,9,690
59,9,1000
60,9,1005
61,9,1015
62,9,1013
63,9,1011
64,9,907
65,9,848
66,9,849
67,9,850
68,9,854
69,9,849
70,9,853
71,9,895
72,9,895
73,9,853
74,9,848
75,9,919
76,9,895
77,9,895
78,9,895
79,9,894
80,9,894
81,9,895
82,9,733
83,9,893
84,9,919
85,9,704
86,9,890
87,9,894
88,9,891
89,9,764
90,9,894
91,9,888
92,9,889
93,9,892
94,9,891
95,9,723
96,9,645
97,9,1004
98,9,1015
99,9,1015
100,9,1010
101,9,1013
102,9,1013
103,9,915
104,9,916
105,9,916
106,9,899
107,9,918
108,9,919
109,9,916
110,9,918
111,9,917
112,9,917
113,9,918
114,9,919
115,9,899
116,9,918
117,9,917
118,9,919
119,9,924
120,9,919
121,9,833
122,9,839
123,9,833
124,9,919
125,9,919
126,9,1001
127,9,890
128,9,893
129,9,890
130,9,889
131,9,849
132,9,889
133,9,892
134,9,890
135,9,892
136,9,888
137,9,891
138,9,723
139,9,696
140,9,1006
141,9,1010
142,9,1010
143,9,1011
144,9,1015
145,9,1011
146,9,909
147,9,917
148,9,899
149,9,919
150,9,915
151,9,915
152,9,918
153,9,916
154,9,915
155,9,915
156,9,839
157,9,713
158,9,665
159,9,667
160,9,661
161,9,695
162,9,919
163,9,919
164,9,919
165,9,919
166,9,919
167,9,919
168,9,915
169,9,919
170,9,921
171,9,838
172,9,919
173,9,924
174,9,918
175,9,893
176,9,894
177,9,893
178,9,890
179,9,890
180,9,890
181,9,891
182,9,891
183,9,888
184,9,890
185,9,708
186,9,1002
187,9,1004
188,9,1005
189,9,1015
190,9,1015
191,9,1011
192,9,897
193,9,917
194,9,909
195,9,918
196,9,916
197,9,916
198,9,914
199,9,914
200,9,913
201,9,916
202,9,922
203,9,914
204,9,681
205,9,669
206,9,669
207,9,917
208,9,915
209,9,914
210,9,919
211,9,915
212,9,918
213,9,914
214,9,839
215,9,717
216,9,919
217,9,833
218,9,925
219,9,846
220,9,839
221,9,835
222,9,832
223,9,892
224,9,889
225,9,889
226,9,892
227,9,890
228,9,890
229,9,888
230,9,889
231,9,891
232,9,734
233,9,646
234,9,658
235,9,993
236,9,1005
237,9,1015
238,9,1009
239,9,910
240,9,911
241,9,912
242,9,916
243,9,917
244,9,918
245,9,914
246,9,913
247,9,918
248,9,912
249,9,914
250,9,918
251,9,912
252,9,914
253,9,921
254,9,685
255,9,912
256,9,914
257,9,914
258,9,914
259,9,914
260,9,915
261,9,914
262,9,918
263,9,688
264,9,915
265,9,919
266,9,919
267,9,917
268,9,832
269,9,919
270,9,918
271,9,832
272,9,832
273,9,849
274,9,895
275,9,835
276,9,763
277,9,891
278,9,889
279,9,890
280,9,891
281,9,889
282,9,338
283,9,1006
284,9,993
285,9,1013
286,9,1014
287,9,911
288,9,919
289,9,916
290,9,917
291,9,916
292,9,918
293,9,914
294,9,914
295,9,912
296,9,913
297,9,912
298,9,902
299,9,913
300,9,938
301,9,916
302,9,897
303,9,686
304,9,714
305,9,909
306,9,915
307,9,914
308,9,912
309,9,914
310,9,920
311,9,914
312,9,663
313,9,717
314,9,924
315,9,919
316,9,924
317,9,927
318,9,925
319,9,926
320,9,924
321,9,939
322,9,832
323,9,839
324,9,835
325,9,895
326,9,890
327,9,888
328,9,889
329,9,763
330,9,888
331,9,889
332,9,888
333,9,725
334,9,674
335,9,1003
336,9,1010
337,9,1011
338,9,1008
339,9,678
340,9,710
341,9,919
342,9,912
343,9,917
344,9,909
345,9,912
346,9,914
347,9,913
348,9,913
349,9,897
350,9,912
351,9,908
352,9,913
353,9,937
354,9,912
355,9,913
356,9,710
357,9,908
358,9,912
359,9,949
360,9,922
361,9,938
362,9,923
363,9,920
364,9,921
365,9,713
366,9,836
367,9,920
368,9,839
369,9,920
370,9,919
371,9,924
372,9,924
373,9,833
374,9,777
375,9,925
376,9,781
377,9,919
378,9,919
379,9,835
380,9,890
381,9,889
382,9,891
383,9,891
384,9,888
385,9,885
386,9,891
387,9,721
388,9,678
389,9,993
390,9,1010
391,9,1010
392,9,911
393,9,917
394,9,909
395,9,897
396,9,903
397,9,918
398,9,918
399,9,912
400,9,912
401,9,915
402,9,912
403,9,912
404,9,913
405,9,930
406,9,897
407,9,908
408,9,938
409,9,897
410,9,937
411,9,949
412,9,669
413,9,686
414,9,948
415,9,951
416,9,781
417,9,945
418,9,947
419,9,945
420,9,950
421,9,943
422,9,921
423,9,847
424,9,920
425,9,836
426,9,832
427,9,925
428,9,836
429,9,947
430,9,839
431,9,833
432,9,921
433,9,844
434,9,835
435,9,838
436,9,832
437,9,846
438,9,890
439,9,889
440,9,891
441,9,888
442,9,889
443,9,864
444,9,891
445,9,888
446,9,649
447,9,674
448,9,1010
449,9,1009
450,9,1010
451,9,911
452,9,911
453,9,898
454,9,917
455,9,900
456,9,918
457,9,917
458,9,915
459,9,899
460,9,899
461,9,922
462,9,937
463,9,943
464,9,938
465,9,938
466,9,938
467,9,928
468,9,799
469,9,930
470,9,937
471,9,930
472,9,663
473,9,663
474,9,948
475,9,948
476,9,949
477,9,951
478,9,939
479,9,936
480,9,948
481,9,937
482,9,717
483,9,777
484,9,920
485,9,950
486,9,844
487,9,921
488,9,847
489,9,921
490,9,924
491,9,915
492,9,846
493,9,836
494,9,839
495,9,781
496,9,833
497,9,832
498,9,835
499,9,855
500,9,889
501,9,864
502,9,889
503,9,888
504,9,891
505,9,891
506,9,866
507,9,645
508,9,672
509,9,992
510,9,1008
511,9,1009
512,9,911
513,9,904
514,9,912
515,9,917
516,9,899
517,9,917
518,9,900
519,9,899
520,9,912
521,9,913
522,9,897
523,9,937
524,9,931
525,9,928
526,9,949
527,9,931
528,9,939
529,9,932
530,9,936
531,9,943
532,9,937
533,9,935
534,9,701
535,9,658
536,9,686
537,9,728
538,9,952
539,9,939
540,9,939
541,9,950
542,9,939
543,9,951
544,9,948
545,9,951
546,9,635
547,9,954
548,9,953
549,9,951
550,9,844
551,9,837
552,9,920
553,9,950
554,9,950
555,9,846
556,9,777
557,9,777
558,9,782
559,9,846
560,9,847
561,9,833
562,9,925
563,9,833
564,9,864
565,9,869
566,9,864
567,9,871
568,9,888
569,9,1014
570,9,866
571,9,735
572,9,688
573,9,992
574,9,992
575,9,911
576,9,905
577,9,900
578,9,909
579,9,901
580,9,901
581,9,898
582,9,897
583,9,897
584,9,929
585,9,935
586,9,933
587,9,913
588,9,912
589,9,934
590,9,931
591,9,935
592,9,968
593,9,986
594,9,935
595,9,929
596,9,970
597,9,968
598,9,989
599,9,985
600,9,991
601,9,624
602,9,985
603,9,989
604,9,932
605,9,942
606,9,945
607,9,939
608,9,951
609,9,946
610,9,951
611,9,951
612,9,629
613,9,991
614,9,957
615,9,953
616,9,951
617,9,920
618,9,920
619,9,832
620,9,776
621,9,781
622,9,777
623,9,777
624,9,950
625,9,777
626,9,846
627,9,844
628,9,847
629,9,924
630,9,838
631,9,866
632,9,894
633,9,871
634,9,864
635,9,871
636,9,891
637,9,888
638,9,696
639,9,685
640,9,993
641,9,993
642,9,992
643,9,904
644,9,898
645,9,917
646,9,906
647,9,904
648,9,903
649,9,899
650,9,937
651,9,988
652,9,639
653,9,981
654,9,980
655,9,989
656,9,964
657,9,967
658,9,985
659,9,985
660,9,639
661,9,638
662,9,980
663,9,986
664,9,639
665,9,985
666,9,639
667,9,989
668,9,985
669,9,989
670,9,625
671,9,984
672,9,985
673,9,989
674,9,935
675,9,943
676,9,943
677,9,952
678,9,940
679,9,953
680,9,628
681,9,957
682,9,957
683,9,954
684,9,943
685,9,922
686,9,950
687,9,776
688,9,777
689,9,777
690,9,777
691,9,776
692,9,776
693,9,778
694,9,776
695,9,776
696,9,838
697,9,845
698,9,842
699,9,846
700,9,864
701,9,868
702,9,877
703,9,869
704,9,871
705,9,869
706,9,619
707,9,658
708,9,998
709,9,998
710,9,994
711,9,905
712,9,905
713,9,904
714,9,901
715,9,909
716,9,896
717,9,896
718,9,909
719,9,965
720,9,929
721,9,965
722,9,987
723,9,989
724,9,985
725,9,982
726,9,937
727,9,964
728,9,982
729,9,965
730,9,983
731,9,964
732,9,982
733,9,982
734,9,968
735,9,989
736,9,989
737,9,989
738,9,984
739,9,980
740,9,989
741,9,954
742,9,989
743,9,989
744,9,935
745,9,953
746,9,953
747,9,955
748,9,958
749,9,941
750,9,944
751,9,958
752,9,959
753,9,798
754,9,959
755,9,944
756,9,780
757,9,782
758,9,783
759,9,782
760,9,777
761,9,779
762,9,777
763,9,778
764,9,778
765,9,844
766,9,847
767,9,845
768,9,845
769,9,846
770,9,864
771,9,869
772,9,868
773,9,888
774,9,869
775,9,871
776,9,757
777,9,678
778,9,999
779,9,995
780,9,1009
781,9,905
782,9,897
783,9,900
784,9,900
785,9,901
786,9,909
787,9,908
788,9,910
789,9,896
790,9,928
791,9,928
792,9,928
793,9,908
794,9,960
795,9,962
796,9,989
797,9,964
798,9,967
799,9,986
800,9,980
801,9,982
802,9,983
803,9,966
804,9,933
805,9,937
806,9,931
807,9,988
808,9,954
809,9,934
810,9,971
811,9,959
812,9,942
813,9,942
814,9,951
815,9,936
816,9,951
817,9,955
818,9,953
819,9,940
820,9,946
821,9,947
822,9,781
823,9,947
824,9,957
825,9,957
826,9,628
827,9,953
828,9,778
829,9,782
830,9,779
831,9,776
832,9,778
833,9,778
834,9,776
835,9,776
836,9,847
837,9,845
838,9,845
839,9,845
840,9,842
841,9,869
842,9,868
843,9,868
844,9,868
845,9,871
846,9,891
847,9,726
848,9,999
849,9,996
850,9,999
851,9,1020
852,9,911
853,9,907
854,9,907
855,9,907
856,9,903
857,9,903
858,9,901
859,9,900
860,9,908
861,9,962
862,9,963
863,9,965
864,9,964
865,9,964
866,9,967
867,9,980
868,9,982
869,9,982
870,9,980
871,9,981
872,9,964
873,9,964
874,9,935
875,9,943
876,9,934
877,9,974
878,9,935
879,9,975
880,9,942
881,9,939
882,9,936
883,9,934
884,9,942
885,9,951
886,9,942
887,9,949
888,9,946
889,9,780
890,9,955
891,9,946
892,9,782
893,9,946
894,9,946
895,9,944
896,9,958
897,9,991
898,9,990
899,9,957
900,9,776
901,9,946
902,9,777
903,9,781
904,9,783
905,9,776
906,9,776
907,9,777
908,9,776
909,9,776
910,9,841
911,9,841
912,9,770
913,9,869
914,9,868
915,9,864
916,9,866
917,9,871
918,9,889
919,9,685
920,9,1007
921,9,998
922,9,998
923,9,994
924,9,907
925,9,906
926,9,907
927,9,900
928,9,900
929,9,901
930,9,908
931,9,908
932,9,907
933,9,909
934,9,928
935,9,963
936,9,962
937,9,962
938,9,986
939,9,985
940,9,979
941,9,978
942,9,981
943,9,976
944,9,975
945,9,970
946,9,934
947,9,971
948,9,935
949,9,989
950,9,989
951,9,991
952,9,989
953,9,935
954,9,942
955,9,933
956,9,932
957,9,936
958,9,936
959,9,951
960,9,944
961,9,948
962,9,729
963,9,780
964,9,799
965,9,781
966,9,798
967,9,932
968,9,959
969,9,954
970,9,631
971,9,957
972,9,957
973,9,779
974,9,783
975,9,779
976,9,779
977,9,776
978,9,778
979,9,772
980,9,777
981,9,769
982,9,841
983,9,846
984,9,841
985,9,864
986,9,864
987,9,764
988,9,877
989,9,877
990,9,871
991,9,720
992,9,685
993,9,634
994,9,1006
995,9,992
996,9,994
997,9,906
998,9,906
999,9,907
1000,9,900
1001,9,909
1002,9,909
1003,9,906
1004,9,900
1005,9,909
1006,9,909
1007,9,911
1008,9,963
1009,9,963
1010,9,960
1011,9,986
1012,9,983
1013,9,976
1014,9,977
1015,9,977
1016,9,933
1017,9,934
1018,9,988
1019,9,987
1020,9,974
1021,9,989
1022,9,984
1023,9,639
1024,9,629
1025,9,980
1026,9,626
1027,9,987
1028,9,935
1029,9,933
1030,9,943
1031,9,958
1032,9,947
1033,9,780
1034,9,780
1035,9,951
1036,9,946
1037,9,780
1038,9,782
1039,9,782
1040,9,782
1041,9,780
1042,9,799
1043,9,957
1044,9,991
1045,9,798
1046,9,782
1047,9,776
1048,9,783
1049,9,778
1050,9,778
1051,9,772
1052,9,776
1053,9,776
1054,9,776
1055,9,845
1056,9,845
1057,9,844
1058,9,846
1059,9,864
1060,9,877
1061,9,864
1062,9,871
1063,9,877
1064,9,871
1065,9,683
1066,9,1007
1067,9,999
1068,9,995
1069,9,904
1070,9,906
1071,9,904
1072,9,900
1073,9,900
1074,9,900
1075,9,907
1076,9,907
1077,9,906
1078,9,910
1079,9,911
1080,9,910
1081,9,911
1082,9,961
1083,9,982
1084,9,978
1085,9,976
1086,9,1013
1087,9,979
1088,9,638
1089,9,968
1090,9,976
1091,9,970
1092,9,988
1093,9,988
1094,9,625
1095,9,625
1096,9,627
1097,9,639
1098,9,984
1099,9,639
1100,9,984
1101,9,985
1102,9,986
1103,9,970
1104,9,955
1105,9,953
1106,9,946
1107,9,949
1108,9,951
1109,9,782
1110,9,951
1111,9,946
1112,9,780
1113,9,782
1114,9,798
1115,9,780
1116,9,945
1117,9,959
1118,9,957
1119,9,798
1120,9,796
1121,9,783
1122,9,797
1123,9,777
1124,9,773
1125,9,779
1126,9,778
1127,9,778
1128,9,773
1129,9,845
1130,9,841
1131,9,841
1132,9,864
1133,9,869
1134,9,867
1135,9,869
1136,9,871
1137,9,877
1138,9,759
1139,9,640
1140,9,999
1141,9,999
1142,9,997
1143,9,904
1144,9,907
1145,9,906
1146,9,906
1147,9,906
1148,9,906
1149,9,907
1150,9,907
1151,9,905
1152,9,1009
1153,9,1008
1154,9,977
1155,9,1012
1156,9,983
1157,9,983
1158,9,977
1159,9,977
1160,9,978
1161,9,638
1162,9,638
1163,9,979
1164,9,975
1165,9,983
1166,9,980
1167,9,631
1168,9,639
1169,9,625
1170,9,638
1171,9,639
1172,9,638
1173,9,980
1174,9,981
1175,9,981
1176,9,987
1177,9,943
1178,9,942
1179,9,955
1180,9,953
1181,9,953
1182,9,955
1183,9,944
1184,9,947
1185,9,944
1186,9,953
1187,9,782
1188,9,944
1189,9,782
1190,9,780
1191,9,780
1192,9,958
1193,9,793
1194,9,957
1195,9,796
1196,9,783
1197,9,778
1198,9,775
1199,9,778
1200,9,778
1201,9,776
1202,9,778
1203,9,771
1204,9,777
1205,9,771
1206,9,840
1207,9,86
1208,9,867
1209,9,876
1210,9,876
1211,9,876
1212,9,864
1213,9,681
1214,9,992
1215,9,992
1216,9,995
1217,9,904
1218,9,906
1219,9,906
1220,9,904
1221,9,906
1222,9,901
1223,9,1008
1224,9,993
1225,9,1010
1226,9,1012
1227,9,1013
1228,9,1013
1229,9,1012
1230,9,1013
1231,9,983
1232,9,638
1233,9,638
1234,9,639
1235,9,627
1236,9,638
1237,9,638
1238,9,638
1239,9,633
1240,9,632
1241,9,639
1242,9,632
1243,9,639
1244,9,978
1245,9,977
1246,9,979
1247,9,977
1248,9,983
1249,9,982
1250,9,942
1251,9,952
1252,9,953
1253,9,948
1254,9,944
1255,9,940
1256,9,957
1257,9,952
1258,9,944
1259,9,953
1260,9,944
1261,9,959
1262,9,799
1263,9,799
1264,9,782
1265,9,782
1266,9,793
1267,9,957
1268,9,798
1269,9,798
1270,9,946
1271,9,779
1272,9,778
1273,9,773
1274,9,775
1275,9,778
1276,9,772
1277,9,770
1278,9,845
1279,9,841
1280,9,846
1281,9,876
1282,9,877
1283,9,864
1284,9,877
1285,9,870
1286,9,651
1287,9,714
1288,9,997
1289,9,997
1290,9,992
1291,9,995
1292,9,853
1293,9,854
1294,9,993
1295,9,996
1296,9,998
1297,9,1000
1298,9,1014
1299,9,992
1300,9,1013
1301,9,1008
1302,9,1015
1303,9,1013
1304,9,979
1305,9,632
1306,9,639
1307,9,633
1308,9,638
1309,9,627
1310,9,627
1311,9,639
1312,9,639
1313,9,638
1314,9,638
1315,9,618
1316,9,618
1317,9,618
1318,9,978
1319,9,976
1320,9,982
1321,9,986
1322,9,943
1323,9,954
1324,9,953
1325,9,958
1326,9,953
1327,9,952
1328,9,955
1329,9,958
1330,9,952
1331,9,945
1332,9,947
1333,9,936
1334,9,947
1335,9,959
1336,9,799
1337,9,797
1338,9,777
1339,9,782
1340,9,957
1341,9,796
1342,9,795
1343,9,795
1344,9,783
1345,9,779
1346,9,779
1347,9,772
1348,9,813
1349,9,771
1350,9,800
1351,9,845
1352,9,845
1353,9,841
1354,9,841
1355,9,867
1356,9,878
1357,9,878
1358,9,878
1359,9,725
1360,9,640
1361,9,672
1362,9,714
1363,9,688
1364,9,717
1365,9,692
1366,9,651
1367,9,651
1368,9,1000
1369,9,1003
1370,9,1003
1371,9,1013
1372,9,1004
1373,9,1014
1374,9,636
1375,9,633
1376,9,632
1377,9,632
1378,9,633
1379,9,632
1380,9,632
1381,9,633
1382,9,632
1383,9,618
1384,9,616
1385,9,636
1386,9,619
1387,9,619
1388,9,619
1389,9,623
1390,9,1012
1391,9,972
1392,9,955
1393,9,955
1394,9,942
1395,9,954
1396,9,958
1397,9,954
1398,9,838
1399,9,952
1400,9,947
1401,9,945
1402,9,944
1403,9,944
1404,9,799
1405,9,944
1406,9,799
1407,9,780
1408,9,782
1409,9,781
1410,9,957
1411,9,796
1412,9,793
1413,9,795
1414,9,796
1415,9,785
1416,9,779
1417,9,776
1418,9,814
1419,9,775
1420,9,770
1421,9,771
1422,9,773
1423,9,841
1424,9,803
1425,9,878
1426,9,877
1427,9,878
1428,9,876
1429,9,875
1430,9,685
1431,9,1000
1432,9,1002
1433,9,633
1434,9,633
1435,9,633
1436,9,633
1437,9,729
1438,9,633
1439,9,635
1440,9,632
1441,9,616
1442,9,616
1443,9,616
1444,9,619
1445,9,619
1446,9,622
1447,9,619
1448,9,621
1449,9,603
1450,9,623
1451,9,603
1452,9,986
1453,9,940
1454,9,957
1455,9,955
1456,9,954
1457,9,954
1458,9,955
1459,9,920
1460,9,953
1461,9,946
1462,9,959
1463,9,959
1464,9,788
1465,9,947
1466,9,947
1467,9,959
1468,9,780
1469,9,780
1470,9,783
1471,9,957
1472,9,794
1473,9,793
1474,9,792
1475,9,792
1476,9,794
1477,9,779
1478,9,768
1479,9,786
1480,9,776
1481,9,768
1482,9,801
1483,9,801
1484,9,770
1485,9,770
1486,9,875
1487,9,867
1488,9,877
1489,9,870
1490,9,876
1491,9,725
1492,9,701
1493,9,617
1494,9,633
1495,9,635
1496,9,635
1497,9,632
1498,9,635
1499,9,632
1500,9,616
1501,9,632
1502,9,619
1503,9,619
1504,9,619
1505,9,619
1506,9,622
1507,9,601
1508,9,596
1509,9,606
1510,9,600
1511,9,593
1512,9,583
1513,9,940
1514,9,955
1515,9,957
1516,9,957
1517,9,954
1518,9,958
1519,9,957
1520,9,958
1521,9,946
1522,9,799
1523,9,959
1524,9,795
1525,9,947
1526,9,953
1527,9,797
1528,9,947
1529,9,798
1530,9,783
1531,9,794
1532,9,793
1533,9,793
1534,9,626
1535,9,628
1536,9,794
1537,9,768
1538,9,768
1539,9,775
1540,9,771
1541,9,772
1542,9,801
1543,9,771
1544,9,803
1545,9,770
1546,9,840
1547,9,875
1548,9,867
1549,9,878
1550,9,878
1551,9,752
1552,9,669
1553,9,635
1554,9,635
1555,9,635
1556,9,616
1557,9,616
1558,9,632
1559,9,618
1560,9,635
1561,9,619
1562,9,619
1563,9,623
1564,9,603
1565,9,603
1566,9,596
1567,9,600
1568,9,606
1569,9,606
1570,9,600
1571,9,607
1572,9,600
1573,9,596
1574,9,585
1575,9,584
1576,9,587
1577,9,586
1578,9,586
1579,9,794
1580,9,795
1581,9,799
1582,9,798
1583,9,799
1584,9,798
1585,9,798
1586,9,799
1587,9,795
1588,9,798
1589,9,796
1590,9,797
1591,9,794
1592,9,794
1593,9,628
1594,9,631
1595,9,792
1596,9,784
1597,9,774
1598,9,773
1599,9,806
1600,9,771
1601,9,771
1602,9,801
1603,9,800
1604,9,771
1605,9,840
1606,9,876
1607,9,875
1608,9,878
1609,9,878
1610,9,635
1611,9,692
1612,9,635
1613,9,1007
1614,9,617
1615,9,622
1616,9,720
1617,9,619
1618,9,623
1619,9,620
1620,9,603
1621,9,603
1622,9,600
1623,9,606
1624,9,605
1625,9,606
1626,9,605
1627,9,605
1628,9,606
1629,9,600
1630,9,607
1631,9,589
1632,9,587
1633,9,591
1634,9,591
1635,9,591
1636,9,586
1637,9,586
1638,9,587
1639,9,957
1640,9,796
1641,9,797
1642,9,797
1643,9,786
1644,9,774
1645,9,782
1646,9,798
1647,9,797
1648,9,796
1649,9,794
1650,9,792
1651,9,630
1652,9,631
1653,9,631
1654,9,792
1655,9,796
1656,9,773
1657,9,768
1658,9,773
1659,9,771
1660,9,803
1661,9,770
1662,9,771
1663,9,771
1664,9,875
1665,9,878
1666,9,878
1667,9,877
1668,9,876
1669,9,682
1670,9,714
1671,9,617
1672,9,617
1673,9,710
1674,9,617
1675,9,620
1676,9,602
1677,9,602
1678,9,600
1679,9,601
1680,9,607
1681,9,606
1682,9,605
1683,9,604
1684,9,605
1685,9,607
1686,9,605
1687,9,607
1688,9,605
1689,9,590
1690,9,588
1691,9,590
1692,9,591
1693,9,589
1694,9,591
1695,9,585
1696,9,612
1697,9,793
1698,9,798
1699,9,796
1700,9,796
1701,9,786
1702,9,798
1703,9,796
1704,9,797
1705,9,788
1706,9,798
1707,9,797
1708,9,631
1709,9,631
1710,9,630
1711,9,792
1712,9,232
1713,9,768
1714,9,775
1715,9,769
1716,9,769
1717,9,771
1718,9,769
1719,9,801
1720,9,801
1721,9,803
1722,9,877
1723,9,878
1724,9,878
1725,9,878
1726,9,651
1727,9,696
1728,9,619
1729,9,619
1730,9,619
1731,9,620
1732,9,603
1733,9,601
1734,9,596
1735,9,601
1736,9,606
1737,9,601
1738,9,605
1739,9,605
1740,9,606
1741,9,605
1742,9,604
1743,9,606
1744,9,604
1745,9,588
1746,9,588
1747,9,588
1748,9,588
1749,9,587
1750,9,585
1751,9,613
1752,9,631
1753,9,631
1754,9,792
1755,9,794
1756,9,786
1757,9,787
1758,9,796
1759,9,798
1760,9,787
1761,9,956
1762,9,797
1763,9,787
1764,9,792
1765,9,627
1766,9,631
1767,9,792
1768,9,797
1769,9,769
1770,9,785
1771,9,775
1772,9,769
1773,9,771
1774,9,770
1775,9,801
1776,9,770
1777,9,802
1778,9,875
1779,9,877
1780,9,875
1781,9,877
1782,9,651
1783,9,617
1784,9,621
1785,9,602
1786,9,603
1787,9,603
1788,9,601
1789,9,600
1790,9,593
1791,9,607
1792,9,601
1793,9,605
1794,9,605
1795,9,605
1796,9,605
1797,9,604
1798,9,609
1799,9,605
1800,9,589
1801,9,607
1802,9,589
1803,9,591
1804,9,585
1805,9,613
1806,9,631
1807,9,631
1808,9,614
1809,9,584
1810,9,792
1811,9,795
1812,9,787
1813,9,947
1814,9,787
1815,9,783
1816,9,785
1817,9,797
1818,9,786
1819,9,792
1820,9,630
1821,9,631
1822,9,630
1823,9,786
1824,9,785
1825,9,769
1826,9,815
1827,9,769
1828,9,813
1829,9,771
1830,9,803
1831,9,803
1832,9,802
1833,9,770
1834,9,872
1835,9,878
1836,9,878
1837,9,726
1838,9,672
1839,9,621
1840,9,603
1841,9,620
1842,9,606
1843,9,606
1844,9,606
1845,9,600
1846,9,605
1847,9,605
1848,9,606
1849,9,605
1850,9,608
1851,9,609
1852,9,608
1853,9,611
1854,9,608
1855,9,607
1856,9,593
1857,9,590
1858,9,591
1859,9,587
1860,9,585
1861,9,615
1862,9,585
1863,9,584
1864,9,587
1865,9,795
1866,9,795
1867,9,792
1868,9,787
1869,9,785
1870,9,797
1871,9,787
1872,9,779
1873,9,797
1874,9,795
1875,9,630
1876,9,630
1877,9,631
1878,9,785
1879,9,813
1880,9,814
1881,9,826
1882,9,800
1883,9,804
1884,9,800
1885,9,803
1886,9,800
1887,9,800
1888,9,802
1889,9,598
1890,9,872
1891,9,878
1892,9,646
1893,9,622
1894,9,621
1895,9,602
1896,9,600
1897,9,601
1898,9,601
1899,9,606
1900,9,604
1901,9,604
1902,9,605
1903,9,609
1904,9,608
1905,9,609
1906,9,614
1907,9,626
1908,9,608
1909,9,604
1910,9,588
1911,9,588
1912,9,588
1913,9,589
1914,9,585
1915,9,584
1916,9,586
1917,9,591
1918,9,591
1919,9,521
1920,9,787
1921,9,789
1922,9,788
1923,9,785
1924,9,785
1925,9,785
1926,9,779
1927,9,782
1928,9,795
1929,9,631
1930,9,630
1931,9,787
1932,9,814
1933,9,811
1934,9,814
1935,9,771
1936,9,800
1937,9,800
1938,9,801
1939,9,802
1940,9,800
1941,9,802
1942,9,806
1943,9,875
1944,9,875
1945,9,875
1946,9,362
1947,9,692
1948,9,620
1949,9,602
1950,9,598
1951,9,596
1952,9,588
1953,9,606
1954,9,605
1955,9,605
1956,9,604
1957,9,608
1958,9,626
1959,9,611
1960,9,609
1961,9,610
1962,9,610
1963,9,604
1964,9,607
1965,9,588
1966,9,576
1967,9,589
1968,9,591
1969,9,587
1970,9,589
1971,9,591
1972,9,590
1973,9,520
1974,9,791
1975,9,525
1976,9,809
1977,9,787
1978,9,786
1979,9,788
1980,9,808
1981,9,808
1982,9,809
1983,9,630
1984,9,822
1985,9,811
1986,9,808
1987,9,808
1988,9,814
1989,9,815
1990,9,800
1991,9,800
1992,9,800
1993,9,802
1994,9,804
1995,9,802
1996,9,806
1997,9,875
1998,9,878
1999,9,872
2000,9,362
2001,9,619
2002,9,602
2003,9,598
2004,9,600
2005,9,606
2006,9,607
2007,9,605
2008,9,605
2009,9,608
2010,9,611
2011,9,626
2012,9,626
2013,9,631
2014,9,626
2015,9,608
2016,9,589
2017,9,607
2018,9,607
2019,9,588
2020,9,588
2021,9,590
2022,9,591
2023,9,588
2024,9,576
2025,9,591
2026,9,520
2027,9,789
2028,9,789
2029,9,785
2030,9,785
2031,9,785
2032,9,785
2033,9,809
2034,9,786
2035,9,517
2036,9,822
2037,9,823
2038,9,822
2039,9,808
2040,9,808
2041,9,813
2042,9,804
2043,9,800
2044,9,802
2045,9,802
2046,9,804
2047,9,804
2048,9,802
2049,9,806
2050,9,874
2051,9,874
2052,9,876
2053,9,752
2054,9,703
2055,9,602
2056,9,602
2057,9,596
2058,9,600
2059,9,600
2060,9,607
2061,9,604
2062,9,609
2063,9,609
2064,9,626
2065,9,626
2066,9,611
2067,9,626
2068,9,609
2069,9,607
2070,9,607
2071,9,577
2072,9,588
2073,9,589
2074,9,591
2075,9,590
2076,9,576
2077,9,588
2078,9,578
2079,9,578
2080,9,785
2081,9,785
2082,9,787
2083,9,815
2084,9,784
2085,9,797
2086,9,812
2087,9,811
2088,9,517
2089,9,517
2090,9,547
2091,9,823
2092,9,811
2093,9,805
2094,9,811
2095,9,804
2096,9,800
2097,9,804
2098,9,776
2099,9,800
2100,9,804
2101,9,806
2102,9,802
2103,9,827
2104,9,872
2105,9,875
2106,9,872
2107,9,602
2108,9,600
2109,9,597
2110,9,596
2111,9,600
2112,9,600
2113,9,605
2114,9,585
2115,9,604
2116,9,609
2117,9,611
2118,9,608
2119,9,611
2120,9,604
2121,9,607
2122,9,583
2123,9,588
2124,9,588
2125,9,603
2126,9,577
2127,9,590
2128,9,590
2129,9,590
2130,9,577
2131,9,520
2132,9,785
2133,9,785
2134,9,789
2135,9,785
2136,9,808
2137,9,808
2138,9,811
2139,9,809
2140,9,821
2141,9,563
2142,9,546
2143,9,550
2144,9,823
2145,9,811
2146,9,825
2147,9,805
2148,9,804
2149,9,805
2150,9,800
2151,9,804
2152,9,802
2153,9,802
2154,9,806
2155,9,874
2156,9,872
2157,9,874
2158,9,757
2159,9,602
2160,9,592
2161,9,600
2162,9,600
2163,9,600
2164,9,606
2165,9,606
2166,9,623
2167,9,604
2168,9,604
2169,9,615
2170,9,611
2171,9,604
2172,9,588
2173,9,593
2174,9,606
2175,9,588
2176,9,576
2177,9,683
2178,9,591
2179,9,590
2180,9,587
2181,9,576
2182,9,576
2183,9,518
2184,9,788
2185,9,789
2186,9,789
2187,9,819
2188,9,808
2189,9,808
2190,9,824
2191,9,823
2192,9,808
2193,9,553
2194,9,553
2195,9,549
2196,9,823
2197,9,821
2198,9,806
2199,9,825
2200,9,800
2201,9,827
2202,9,824
2203,9,830
2204,9,825
2205,9,806
2206,9,804
2207,9,741
2208,9,725
2209,9,879
2210,9,754
2211,9,683
2212,9,593
2213,9,600
2214,9,596
2215,9,592
2216,9,606
2217,9,605
2218,9,605
2219,9,607
2220,9,592
2221,9,592
2222,9,592
2223,9,606
2224,9,576
2225,9,576
2226,9,592
2227,9,583
2228,9,578
2229,9,674
2230,9,592
2231,9,578
2232,9,591
2233,9,590
2234,9,590
2235,9,516
2236,9,791
2237,9,785
2238,9,768
2239,9,785
2240,9,516
2241,9,768
2242,9,823
2243,9,787
2244,9,822
2245,9,544
2246,9,547
2247,9,822
2248,9,821
2249,9,811
2250,9,821
2251,9,826
2252,9,820
2253,9,826
2254,9,825
2255,9,827
2256,9,825
2257,9,826
2258,9,804
2259,9,827
2260,9,754
2261,9,872
2262,9,754
2263,9,621
2264,9,597
2265,9,597
2266,9,592
2267,9,593
2268,9,593
2269,9,595
2270,9,592
2271,9,595
2272,9,582
2273,9,577
2274,9,580
2275,9,595
2276,9,577
2277,9,595
2278,9,577
2279,9,577
2280,9,682
2281,9,588
2282,9,576
2283,9,590
2284,9,577
2285,9,524
2286,9,789
2287,9,518
2288,9,789
2289,9,788
2290,9,785
2291,9,785
2292,9,823
2293,9,805
2294,9,808
2295,9,823
2296,9,551
2297,9,550
2298,9,820
2299,9,824
2300,9,825
2301,9,826
2302,9,804
2303,9,804
2304,9,826
2305,9,805
2306,9,826
2307,9,805
2308,9,826
2309,9,826
2310,9,827
2311,9,752
2312,9,872
2313,9,752
2314,9,357
2315,9,598
2316,9,592
2317,9,592
2318,9,592
2319,9,592
2320,9,592
2321,9,592
2322,9,595
2323,9,582
2324,9,580
2325,9,581
2326,9,579
2327,9,579
2328,9,580
2329,9,577
2330,9,577
2331,9,594
2332,9,576
2333,9,577
2334,9,576
2335,9,578
2336,9,525
2337,9,518
2338,9,523
2339,9,525
2340,9,789
2341,9,789
2342,9,530
2343,9,547
2344,9,548
2345,9,546
2346,9,544
2347,9,545
2348,9,549
2349,9,545
2350,9,805
2351,9,825
2352,9,824
2353,9,825
2354,9,826
2355,9,574
2356,9,825
2357,9,826
2358,9,569
2359,9,827
2360,9,828
2361,9,806
2362,9,874
2363,9,874
2364,9,759
2365,9,661
2366,9,599
2367,9,592
2368,9,592
2369,9,592
2370,9,595
2371,9,583
2372,9,582
2373,9,582
2374,9,582
2375,9,581
2376,9,582
2377,9,582
2378,9,577
2379,9,582
2380,9,580
2381,9,577
2382,9,577
2383,9,577
2384,9,579
2385,9,577
2386,9,578
2387,9,525
2388,9,519
2389,9,530
2390,9,789
2391,9,789
2392,9,525
2393,9,551
2394,9,823
2395,9,546
2396,9,547
2397,9,821
2398,9,823
2399,9,545
2400,9,805
2401,9,824
2402,9,825
2403,9,825
2404,9,824
2405,9,826
2406,9,825
2407,9,575
2408,9,826
2409,9,824
2410,9,804
2411,9,826
2412,9,827
2413,9,345
2414,9,875
2415,9,759
2416,9,607
2417,9,589
2418,9,593
2419,9,582
2420,9,583
2421,9,583
2422,9,583
2423,9,582
2424,9,580
2425,9,579
2426,9,580
2427,9,583
2428,9,581
2429,9,580
2430,9,577
2431,9,580
2432,9,595
2433,9,579
2434,9,577
2435,9,576
2436,9,578
2437,9,531
2438,9,516
2439,9,518
2440,9,518
2441,9,791
2442,9,529
2443,9,546
2444,9,823
2445,9,551
2446,9,546
2447,9,544
2448,9,548
2449,9,572
2450,9,574
2451,9,569
2452,9,820
2453,9,827
2454,9,830
2455,9,828
2456,9,574
2457,9,826
2458,9,826
2459,9,806
2460,9,807
2461,9,827
2462,9,830
2463,9,741
2464,9,875
2465,9,874
2466,9,688
2467,9,577
2468,9,607
2469,9,583
2470,9,592
2471,9,592
2472,9,580
2473,9,594
2474,9,579
2475,9,576
2476,9,580
2477,9,580
2478,9,582
2479,9,580
2480,9,577
2481,9,580
2482,9,579
2483,9,579
2484,9,579
2485,9,578
2486,9,578
2487,9,527
2488,9,523
2489,9,520
2490,9,791
2491,9,816
2492,9,550
2493,9,550
2494,9,547
2495,9,549
2496,9,550
2497,9,574
2498,9,810
2499,9,574
2500,9,824
2501,9,575
2502,9,565
2503,9,828
2504,9,831
2505,9,824
2506,9,830
2507,9,828
2508,9,826
2509,9,827
2510,9,807
2511,9,570
2512,9,827
2513,9,872
2514,9,872
2515,9,757
2516,9,655
2517,9,606
2518,9,583
2519,9,595
2520,9,595
2521,9,594
2522,9,581
2523,9,581
2524,9,579
2525,9,580
2526,9,577
2527,9,581
2528,9,577
2529,9,579
2530,9,577
2531,9,580
2532,9,590
2533,9,587
2534,9,586
2535,9,578
2536,9,522
2537,9,516
2538,9,524
2539,9,520
2540,9,518
2541,9,819
2542,9,550
2543,9,546
2544,9,547
2545,9,551
2546,9,548
2547,9,559
2548,9,545
2549,9,572
2550,9,564
2551,9,570
2552,9,574
2553,9,805
2554,9,571
2555,9,829
2556,9,828
2557,9,828
2558,9,807
2559,9,807
2560,9,807
2561,9,830
2562,9,872
2563,9,759
2564,9,873
2565,9,874
2566,9,593
2567,9,592
2568,9,594
2569,9,582
2570,9,581
2571,9,581
2572,9,579
2573,9,580
2574,9,580
2575,9,580
2576,9,580
2577,9,594
2578,9,579
2579,9,579
2580,9,579
2581,9,584
2582,9,584
2583,9,585
2584,9,543
2585,9,578
2586,9,541
2587,9,535
2588,9,519
2589,9,512
2590,9,550
2591,9,547
2592,9,548
2593,9,552
2594,9,544
2595,9,548
2596,9,549
2597,9,549
2598,9,574
2599,9,564
2600,9,825
2601,9,574
2602,9,828
2603,9,828
2604,9,509
2605,9,254
2606,9,824
2607,9,805
2608,9,806
2609,9,807
2610,9,806
2611,9,830
2612,9,19
2613,9,17
2614,9,874
2615,9,703
2616,9,594
2617,9,598
2618,9,599
2619,9,594
2620,9,580
2621,9,580
2622,9,581
2623,9,580
2624,9,579
2625,9,579
2626,9,590
2627,9,578
2628,9,577
2629,9,579
2630,9,585
2631,9,585
2632,9,584
2633,9,520
2634,9,533
2635,9,530
2636,9,518
2637,9,796
2638,9,515
2639,9,553
2640,9,548
2641,9,549
2642,9,821
2643,9,549
2644,9,574
2645,9,554
2646,9,564
2647,9,548
2648,9,563
2649,9,549
2650,9,505
2651,9,570
2652,9,828
2653,9,570
2654,9,829
2655,9,807
2656,9,807
2657,9,807
2658,9,806
2659,9,827
2660,9,874
2661,9,339
2662,9,22
2663,9,872
2664,9,643
2665,9,599
2666,9,594
2667,9,599
2668,9,580
2669,9,594
2670,9,579
2671,9,520
2672,9,911
2673,9,861
2674,9,523
2675,9,519
2676,9,578
2677,9,579
2678,9,590
2679,9,587
2680,9,542
2681,9,523
2682,9,534
2683,9,523
2684,9,517
2685,9,526
2686,9,552
2687,9,556
2688,9,527
2689,9,548
2690,9,549
2691,9,559
2692,9,551
2693,9,552
2694,9,574
2695,9,564
2696,9,575
2697,9,567
2698,9,569
2699,9,568
2700,9,807
2701,9,829
2702,9,828
2703,9,828
2704,9,831
2705,9,831
2706,9,804
2707,9,831
2708,9,82
2709,9,23
2710,9,16
2711,9,23
2712,9,362
2713,9,882
2714,9,887
2715,9,884
2716,9,863
2717,9,860
2718,9,862
2719,9,863
2720,9,862
2721,9,543
2722,9,530
2723,9,540
2724,9,541
2725,9,578
2726,9,543
2727,9,543
2728,9,534
2729,9,541
2730,9,525
2731,9,531
2732,9,535
2733,9,558
2734,9,548
2735,9,556
2736,9,548
2737,9,824
2738,9,575
2739,9,558
2740,9,575
2741,9,561
2742,9,558
2743,9,569
2744,9,566
2745,9,569
2746,9,824
2747,9,829
2748,9,829
2749,9,453
2750,9,829
2751,9,831
2752,9,807
2753,9,827
2754,9,872
2755,9,22
2756,9,23
2757,9,20
2758,9,872
2759,9,346
2760,9,85
2761,9,886
2762,9,859
2763,9,859
2764,9,863
2765,9,862
2766,9,862
2767,9,860
2768,9,522
2769,9,540
2770,9,520
2771,9,525
2772,9,539
2773,9,529
2774,9,535
2775,9,532
2776,9,531
2777,9,512
2778,9,529
2779,9,551
2780,9,551
2781,9,549
2782,9,559
2783,9,559
2784,9,558
2785,9,567
2786,9,568
2787,9,569
2788,9,554
2789,9,562
2790,9,570
2791,9,570
2792,9,831
2793,9,828
2794,9,571
2795,9,829
2796,9,145
2797,9,145
2798,9,150
2799,9,829
2800,9,831
2801,9,22
2802,9,22
2803,9,16
2804,9,872
2805,9,338
2806,9,364
2807,9,883
2808,9,882
2809,9,84
2810,9,857
2811,9,858
2812,9,859
2813,9,863
2814,9,863
2815,9,862
2816,9,863
2817,9,862
2818,9,518
2819,9,525
2820,9,539
2821,9,552
2822,9,532
2823,9,535
2824,9,551
2825,9,526
2826,9,559
2827,9,559
2828,9,553
2829,9,557
2830,9,820
2831,9,552
2832,9,561
2833,9,575
2834,9,566
2835,9,557
2836,9,557
2837,9,567
2838,9,568
2839,9,570
2840,9,828
2841,9,571
2842,9,236
2843,9,149
2844,9,145
2845,9,136
2846,9,151
2847,9,831
2848,9,27
2849,9,46
2850,9,41
2851,9,27
2852,9,17
2853,9,23
2854,9,94
2855,9,84
2856,9,85
2857,9,858
2858,9,857
2859,9,859
2860,9,857
2861,9,858
2862,9,860
2863,9,862
2864,9,861
2865,9,861
2866,9,863
2867,9,543
2868,9,539
2869,9,541
2870,9,528
2871,9,529
2872,9,529
2873,9,552
2874,9,552
2875,9,559
2876,9,558
2877,9,558
2878,9,575
2879,9,549
2880,9,568
2881,9,566
2882,9,557
2883,9,556
2884,9,556
2885,9,557
2886,9,571
2887,9,829
2888,9,829
2889,9,829
2890,9,151
2891,9,144
2892,9,137
2893,9,136
2894,9,24
2895,9,831
2896,9,29
2897,9,18
2898,9,51
2899,9,19
2900,9,21
2901,9,335
2902,9,658
2903,9,356
2904,9,339
2905,9,122
2906,9,90
2907,9,381
2908,9,90
2909,9,91
2910,9,92
2911,9,651
2912,9,85
2913,9,881
2914,9,881
2915,9,858
2916,9,856
2917,9,856
2918,9,859
2919,9,860
2920,9,861
2921,9,862
2922,9,863
2923,9,860
2924,9,862
2925,9,885
2926,9,881
2927,9,535
2928,9,535
2929,9,554
2930,9,552
2931,9,557
2932,9,550
2933,9,550
2934,9,558
2935,9,558
2936,9,558
2937,9,569
2938,9,560
2939,9,556
2940,9,560
2941,9,556
2942,9,487
2943,9,450
2944,9,571
2945,9,236
2946,9,151
2947,9,144
2948,9,137
2949,9,136
2950,9,159
2951,9,151
2952,9,831
2953,9,24
2954,9,24
2955,9,26
2956,9,20
2957,9,21
2958,9,20
2959,9,326
2960,9,370
2961,9,92
2962,9,90
2963,9,91
2964,9,91
2965,9,90
2966,9,91
2967,9,89
2968,9,93
2969,9,93
2970,9,90
2971,9,95
2972,9,94
2973,9,651
2974,9,357
2975,9,239
2976,9,86
2977,9,85
2978,9,856
2979,9,859
2980,9,856
2981,9,860
2982,9,856
2983,9,860
2984,9,863
2985,9,860
2986,9,860
2987,9,882
2988,9,887
2989,9,748
2990,9,538
2991,9,532
2992,9,554
2993,9,554
2994,9,555
2995,9,555
2996,9,554
2997,9,555
2998,9,556
2999,9,560
3000,9,150
3001,9,150
3002,9,150
3003,9,150
3004,9,303
3005,9,507
3006,9,451
3007,9,150
3008,9,151
3009,9,149
3010,9,159
3011,9,137
3012,9,136
3013,9,144
3014,9,145
3015,9,831
3016,9,26
3017,9,20
3018,9,20
3019,9,19
3020,9,23
3021,9,19
3022,9,339
3023,9,655
3024,9,343
3025,9,93
3026,9,89
3027,9,88
3028,9,89
3029,9,89
3030,9,91
3031,9,88
3032,9,91
3033,9,91
3034,9,90
3035,9,94
3036,9,94
3037,9,94
3038,9,91
3039,9,347
3040,9,95
3041,9,364
3042,9,80
3043,9,85
3044,9,856
3045,9,859
3046,9,858
3047,9,857
3048,9,857
3049,9,863
3050,9,856
3051,9,860
3052,9,856
3053,9,859
3054,9,887
3055,9,84
3056,9,87
3057,9,532
3058,9,555
3059,9,553
3060,9,559
3061,9,554
3062,9,556
3063,9,554
3064,9,359
3065,9,376
3066,9,373
3067,9,320
3068,9,150
3069,9,148
3070,9,151
3071,9,150
3072,9,149
3073,9,151
3074,9,151
3075,9,149
3076,9,157
3077,9,157
3078,9,156
3079,9,159
3080,9,136
3081,9,149
3082,9,146
3083,9,31
3084,9,24
3085,9,18
3086,9,28
3087,9,17
3088,9,18
3089,9,369
3090,9,345
3091,9,93
3092,9,76
3093,9,89
3094,9,90
3095,9,88
3096,9,89
3097,9,88
3098,9,124
3099,9,124
3100,9,124
3101,9,125
3102,9,91
3103,9,880
3104,9,91
3105,9,92
3106,9,94
3107,9,94
3108,9,92
3109,9,344
3110,9,95
3111,9,886
3112,9,85
3113,9,858
3114,9,857
3115,9,856
3116,9,856
3117,9,860
3118,9,860
3119,9,859
3120,9,857
3121,9,881
3122,9,883
3123,9,86
3124,9,555
3125,9,554
3126,9,552
3127,9,559
3128,9,557
3129,9,559
3130,9,568
3131,9,505
3132,9,173
3133,9,148
3134,9,150
3135,9,150
3136,9,148
3137,9,151
3138,9,150
3139,9,150
3140,9,151
3141,9,149
3142,9,144
3143,9,158
3144,9,159
3145,9,137
3146,9,138
3147,9,137
3148,9,151
3149,9,145
3150,9,25
3151,9,30
3152,9,29
3153,9,18
3154,9,21
3155,9,28
3156,9,18
3157,9,383
3158,9,351
3159,9,93
3160,9,89
3161,9,89
3162,9,89
3163,9,88
3164,9,121
3165,9,121
3166,9,127
3167,9,124
3168,9,124
3169,9,127
3170,9,125
3171,9,127
3172,9,126
3173,9,127
3174,9,90
3175,9,90
3176,9,90
3177,9,92
3178,9,86
3179,9,360
3180,9,366
3181,9,85
3182,9,84
3183,9,857
3184,9,858
3185,9,856
3186,9,857
3187,9,859
3188,9,863
3189,9,856
3190,9,856
3191,9,86
3192,9,87
3193,9,791
3194,9,316
3195,9,555
3196,9,556
3197,9,559
3198,9,559
3199,9,559
3200,9,559
3201,9,173
3202,9,173
3203,9,173
3204,9,155
3205,9,158
3206,9,149
3207,9,150
3208,9,150
3209,9,149
3210,9,145
3211,9,158
3212,9,155
3213,9,158
3214,9,157
3215,9,138
3216,9,140
3217,9,135
3218,9,136
3219,9,255
3220,9,26
3221,9,24
3222,9,29
3223,9,21
3224,9,19
3225,9,339
3226,9,17
3227,9,371
3228,9,78
3229,9,89
3230,9,79
3231,9,88
3232,9,76
3233,9,121
3234,9,124
3235,9,124
3236,9,121
3237,9,122
3238,9,125
3239,9,125
3240,9,124
3241,9,113
3242,9,126
3243,9,113
3244,9,114
3245,9,114
3246,9,115
3247,9,83
3248,9,95
3249,9,83
3250,9,646
3251,9,347
3252,9,84
3253,9,87
3254,9,857
3255,9,115
3256,9,857
3257,9,856
3258,9,857
3259,9,857
3260,9,87
3261,9,86
3262,9,553
3263,9,554
3264,9,500
3265,9,559
3266,9,552
3267,9,552
3268,9,558
3269,9,174
3270,9,173
3271,9,173
3272,9,173
3273,9,172
3274,9,149
3275,9,144
3276,9,149
3277,9,149
3278,9,155
3279,9,149
3280,9,156
3281,9,158
3282,9,158
3283,9,158
3284,9,140
3285,9,137
3286,9,129
3287,9,139
3288,9,136
3289,9,25
3290,9,26
3291,9,29
3292,9,29
3293,9,16
3294,9,19
3295,9,19
3296,9,346
3297,9,651
3298,9,89
3299,9,72
3300,9,76
3301,9,72
3302,9,121
3303,9,121
3304,9,121
3305,9,125
3306,9,124
3307,9,123
3308,9,121
3309,9,124
3310,9,127
3311,9,126
3312,9,126
3313,9,126
3314,9,127
3315,9,113
3316,9,126
3317,9,113
3318,9,114
3319,9,100
3320,9,94
3321,9,95
3322,9,362
3323,9,81
3324,9,86
3325,9,84
3326,9,880
3327,9,858
3328,9,857
3329,9,857
3330,9,85
3331,9,84
3332,9,238
3333,9,555
3334,9,496
3335,9,323
3336,9,557
3337,9,557
3338,9,505
3339,9,505
3340,9,172
3341,9,154
3342,9,173
3343,9,154
3344,9,155
3345,9,155
3346,9,154
3347,9,155
3348,9,149
3349,9,148
3350,9,158
3351,9,144
3352,9,154
3353,9,158
3354,9,159
3355,9,142
3356,9,138
3357,9,142
3358,9,144
3359,9,254
3360,9,25
3361,9,27
3362,9,31
3363,9,30
3364,9,29
3365,9,21
3366,9,22
3367,9,370
3368,9,75
3369,9,72
3370,9,72
3371,9,73
3372,9,96
3373,9,120
3374,9,121
3375,9,122
3376,9,114
3377,9,122
3378,9,123
3379,9,123
3380,9,127
3381,9,114
3382,9,127
3383,9,127
3384,9,113
3385,9,126
3386,9,114
3387,9,114
3388,9,114
3389,9,114
3390,9,113
3391,9,232
3392,9,80
3393,9,83
3394,9,366
3395,9,349
3396,9,80
3397,9,82
3398,9,80
3399,9,80
3400,9,86
3401,9,84
3402,9,86
3403,9,85
3404,9,497
3405,9,496
3406,9,554
3407,9,500
3408,9,558
3409,9,452
3410,9,191
3411,9,172
3412,9,172
3413,9,152
3414,9,173
3415,9,154
3416,9,153
3417,9,154
3418,9,155
3419,9,149
3420,9,148
3421,9,149
3422,9,155
3423,9,144
3424,9,139
3425,9,158
3426,9,138
3427,9,137
3428,9,141
3429,9,129
3430,9,145
3431,9,25
3432,9,31
3433,9,20
3434,9,26
3435,9,19
3436,9,20
3437,9,31
3438,9,375
3439,9,366
3440,9,77
3441,9,89
3442,9,72
3443,9,73
3444,9,120
3445,9,120
3446,9,122
3447,9,122
3448,9,112
3449,9,112
3450,9,227
3451,9,112
3452,9,113
3453,9,235
3454,9,113
3455,9,127
3456,9,127
3457,9,113
3458,9,114
3459,9,113
3460,9,112
3461,9,113
3462,9,114
3463,9,122
3464,9,232
3465,9,80
3466,9,86
3467,9,346
3468,9,735
3469,9,83
3470,9,83
3471,9,80
3472,9,87
3473,9,238
3474,9,80
3475,9,496
3476,9,554
3477,9,496
3478,9,453
3479,9,452
3480,9,309
3481,9,174
3482,9,174
3483,9,175
3484,9,172
3485,9,171
3486,9,172
3487,9,153
3488,9,148
3489,9,155
3490,9,154
3491,9,155
3492,9,155
3493,9,148
3494,9,139
3495,9,158
3496,9,157
3497,9,156
3498,9,138
3499,9,137
3500,9,129
3501,9,138
3502,9,136
3503,9,24
3504,9,137
3505,9,25
3506,9,24
3507,9,30
3508,9,30
3509,9,24
3510,9,29
3511,9,652
3512,9,74
3513,9,79
3514,9,89
3515,9,89
3516,9,120
3517,9,121
3518,9,123
3519,9,123
3520,9,123
3521,9,97
3522,9,123
3523,9,113
3524,9,112
3525,9,124
3526,9,113
3527,9,114
3528,9,234
3529,9,113
3530,9,113
3531,9,113
3532,9,113
3533,9,117
3534,9,218
3535,9,233
3536,9,117
3537,9,233
3538,9,118
3539,9,234
3540,9,82
3541,9,80
3542,9,349
3543,9,325
3544,9,338
3545,9,83
3546,9,83
3547,9,80
3548,9,239
3549,9,748
3550,9,497
3551,9,504
3552,9,505
3553,9,81
3554,9,571
3555,9,568
3556,9,309
3557,9,173
3558,9,171
3559,9,168
3560,9,172
3561,9,152
3562,9,153
3563,9,152
3564,9,155
3565,9,148
3566,9,155
3567,9,158
3568,9,155
3569,9,158
3570,9,139
3571,9,129
3572,9,136
3573,9,138
3574,9,158
3575,9,140
3576,9,143
3577,9,141
3578,9,140
3579,9,145
3580,9,137
3581,9,136
3582,9,138
3583,9,128
3584,9,141
3585,9,30
3586,9,27
3587,9,354
3588,9,74
3589,9,75
3590,9,73
3591,9,77
3592,9,96
3593,9,97
3594,9,101
3595,9,123
3596,9,121
3597,9,97
3598,9,97
3599,9,210
3600,9,218
3601,9,107
3602,9,211
3603,9,112
3604,9,116
3605,9,235
3606,9,235
3607,9,117
3608,9,97
3609,9,232
3610,9,105
3611,9,863
3612,9,227
3613,9,505
3614,9,232
3615,9,234
3616,9,238
3617,9,238
3618,9,80
3619,9,83
3620,9,81
3621,9,83
3622,9,80
3623,9,83
3624,9,80
3625,9,498
3626,9,497
3627,9,505
3628,9,504
3629,9,452
3630,9,454
3631,9,190
3632,9,315
3633,9,170
3634,9,168
3635,9,175
3636,9,172
3637,9,152
3638,9,152
3639,9,158
3640,9,155
3641,9,148
3642,9,148
3643,9,152
3644,9,153
3645,9,159
3646,9,158
3647,9,139
3648,9,138
3649,9,138
3650,9,140
3651,9,141
3652,9,142
3653,9,140
3654,9,142
3655,9,137
3656,9,137
3657,9,131
3658,9,156
3659,9,134
3660,9,330
3661,9,27
3662,9,350
3663,9,344
3664,9,68
3665,9,68
3666,9,72
3667,9,96
3668,9,99
3669,9,97
3670,9,103
3671,9,218
3672,9,220
3673,9,219
3674,9,218
3675,9,109
3676,9,219
3677,9,2
3678,9,211
3679,9,210
3680,9,116
3681,9,227
3682,9,459
3683,9,231
3684,9,101
3685,9,210
3686,9,210
3687,9,210
3688,9,230
3689,9,233
3690,9,232
3691,9,234
3692,9,232
3693,9,234
3694,9,812
3695,9,539
3696,9,238
3697,9,81
3698,9,81
3699,9,341
3700,9,500
3701,9,505
3702,9,504
3703,9,449
3704,9,483
3705,9,829
3706,9,190
3707,9,172
3708,9,169
3709,9,175
3710,9,152
3711,9,172
3712,9,170
3713,9,154
3714,9,128
3715,9,223
3716,9,155
3717,9,158
3718,9,149
3719,9,155
3720,9,159
3721,9,158
3722,9,159
3723,9,138
3724,9,138
3725,9,142
3726,9,141
3727,9,143
3728,9,141
3729,9,143
3730,9,140
3731,9,142
3732,9,30
3733,9,137
3734,9,136
3735,9,137
3736,9,30
3737,9,22
3738,9,74
3739,9,72
3740,9,72
3741,9,73
3742,9,97
3743,9,222
3744,9,220
3745,9,221
3746,9,219
3747,9,222
3748,9,220
3749,9,220
3750,9,223
3751,9,219
3752,9,223
3753,9,219
3754,9,222
3755,9,216
3756,9,233
3757,9,457
3758,9,232
3759,9,101
3760,9,210
3761,9,210
3762,9,209
3763,9,101
3764,9,233
3765,9,234
3766,9,448
3767,9,254
3768,9,448
3769,9,234
3770,9,81
3771,9,497
3772,9,496
3773,9,496
3774,9,499
3775,9,500
3776,9,505
3777,9,496
3778,9,496
3779,9,557
3780,9,452
3781,9,175
3782,9,175
3783,9,152
3784,9,171
3785,9,171
3786,9,172
3787,9,170
3788,9,155
3789,9,159
3790,9,155
3791,9,154
3792,9,170
3793,9,155
3794,9,155
3795,9,158
3796,9,159
3797,9,142
3798,9,138
3799,9,140
3800,9,138
3801,9,142
3802,9,142
3803,9,141
3804,9,135
3805,9,141
3806,9,133
3807,9,132
3808,9,132
3809,9,29
3810,9,28
3811,9,26
3812,9,360
3813,9,366
3814,9,74
3815,9,73
3816,9,72
3817,9,96
3818,9,222
3819,9,223
3820,9,222
3821,9,220
3822,9,222
3823,9,217
3824,9,219
3825,9,222
3826,9,219
3827,9,2
3828,9,223
3829,9,219
3830,9,218
3831,9,222
3832,9,230
3833,9,235
3834,9,233
3835,9,101
3836,9,229
3837,9,210
3838,9,208
3839,9,233
3840,9,232
3841,9,235
3842,9,239
3843,9,455
3844,9,505
3845,9,505
3846,9,499
3847,9,498
3848,9,497
3849,9,498
3850,9,492
3851,9,499
3852,9,501
3853,9,497
3854,9,505
3855,9,561
3856,9,175
3857,9,175
3858,9,169
3859,9,171
3860,9,177
3861,9,168
3862,9,171
3863,9,153
3864,9,153
3865,9,159
3866,9,210
3867,9,152
3868,9,153
3869,9,159
3870,9,139
3871,9,139
3872,9,153
3873,9,138
3874,9,129
3875,9,138
3876,9,142
3877,9,141
3878,9,134
3879,9,140
3880,9,140
3881,9,141
3882,9,133
3883,9,25
3884,9,130
3885,9,31
3886,9,27
3887,9,325
3888,9,347
3889,9,68
3890,9,65
3891,9,73
3892,9,98
3893,9,220
3894,9,217
3895,9,220
3896,9,219
3897,9,220
3898,9,217
3899,9,219
3900,9,222
3901,9,219
3902,9,219
3903,9,223
3904,9,217
3905,9,219
3906,9,218
3907,9,210
3908,9,228
3909,9,228
3910,9,210
3911,9,210
3912,9,209
3913,9,208
3914,9,839
3915,9,239
3916,9,461
3917,9,456
3918,9,631
3919,9,461
3920,9,504
3921,9,499
3922,9,498
3923,9,499
3924,9,84
3925,9,502
3926,9,498
3927,9,490
3928,9,496
3929,9,500
3930,9,505
3931,9,175
3932,9,169
3933,9,170
3934,9,160
3935,9,170
3936,9,170
3937,9,169
3938,9,172
3939,9,170
3940,9,153
3941,9,148
3942,9,153
3943,9,158
3944,9,139
3945,9,128
3946,9,159
3947,9,129
3948,9,129
3949,9,129
3950,9,137
3951,9,138
3952,9,142
3953,9,143
3954,9,135
3955,9,134
3956,9,135
3957,9,133
3958,9,140
3959,9,140
3960,9,136
3961,9,333
3962,9,75
3963,9,72
3964,9,72
3965,9,98
3966,9,221
3967,9,221
3968,9,220
3969,9,213
3970,9,220
3971,9,217
3972,9,220
3973,9,218
3974,9,211
3975,9,216
3976,9,216
3977,9,108
3978,9,219
3979,9,108
3980,9,109
3981,9,211
3982,9,210
3983,9,209
3984,9,216
3985,9,210
3986,9,211
3987,9,209
3988,9,228
3989,9,231
3990,9,456
3991,9,628
3992,9,625
3993,9,499
3994,9,499
3995,9,504
3996,9,499
3997,9,490
3998,9,501
3999,9,501
4000,9,498
4001,9,499
4002,9,455
4003,9,505
4004,9,174
4005,9,175
4006,9,169
4007,9,170
4008,9,312
4009,9,171
4010,9,168
4011,9,170
4012,9,415
4013,9,152
4014,9,153
4015,9,155
4016,9,152
4017,9,159
4018,9,153
4019,9,129
4020,9,129
4021,9,131
4022,9,138
4023,9,142
4024,9,129
4025,9,139
4026,9,143
4027,9,135
4028,9,134
4029,9,133
4030,9,135
4031,9,141
4032,9,26
4033,9,33
4034,9,334
4035,9,359
4036,9,342
4037,9,65
4038,9,72
4039,9,103
4040,9,222
4041,9,220
4042,9,221
4043,9,220
4044,9,219
4045,9,216
4046,9,211
4047,9,216
4048,9,219
4049,9,217
4050,9,220
4051,9,4
4052,9,219
4053,9,210
4054,9,210
4055,9,211
4056,9,211
4057,9,210
4058,9,210
4059,9,110
4060,9,210
4061,9,225
4062,9,456
4063,9,252
4064,9,457
4065,9,746
4066,9,509
4067,9,511
4068,9,502
4069,9,501
4070,9,500
4071,9,500
4072,9,501
4073,9,485
4074,9,494
4075,9,495
4076,9,501
4077,9,485
4078,9,312
4079,9,276
4080,9,146
4081,9,147
4082,9,374
4083,9,11
4084,9,313
4085,9,308
4086,9,171
4087,9,160
4088,9,130
4089,9,159
4090,9,153
4091,9,159
4092,9,159
4093,9,129
4094,9,142
4095,9,159
4096,9,135
4097,9,134
4098,9,142
4099,9,141
4100,9,141
4101,9,134
4102,9,478
4103,9,133
4104,9,313
4105,9,320
4106,9,345
4107,9,368
4108,9,363
4109,9,344
4110,9,74
4111,9,99
4112,9,223
4113,9,223
4114,9,223
4115,9,223
4116,9,15
4117,9,277
4118,9,340
4119,9,12
4120,9,12
4121,9,7
4122,9,223
4123,9,359
4124,9,378
4125,9,15
4126,9,11
4127,9,7
4128,9,12
4129,9,1
4130,9,1
4131,9,209
4132,9,230
4133,9,457
4134,9,449
4135,9,456
4136,9,459
4137,9,457
4138,9,627
4139,9,510
4140,9,492
4141,9,502
4142,9,489
4143,9,494
4144,9,486
4145,9,500
4146,9,494
4147,9,504
4148,9,457
4149,9,420
4150,9,189
4151,9,177
4152,9,177
4153,9,171
4154,9,312
4155,9,188
4156,9,160
4157,9,162
4158,9,162
4159,9,161
4160,9,161
4161,9,130
4162,9,130
4163,9,161
4164,9,129
4165,9,130
4166,9,131
4167,9,132
4168,9,134
4169,9,134
4170,9,134
4171,9,134
4172,9,129
4173,9,132
4174,9,135
4175,9,132
4176,9,130
4177,9,31
4178,9,320
4179,9,93
4180,9,72
4181,9,65
4182,9,99
4183,9,222
4184,9,220
4185,9,220
4186,9,216
4187,9,211
4188,9,106
4189,9,46
4190,9,64
4191,9,107
4192,9,211
4193,9,211
4194,9,4
4195,9,4
4196,9,222
4197,9,213
4198,9,209
4199,9,211
4200,9,213
4201,9,211
4202,9,230
4203,9,250
4204,9,511
4205,9,252
4206,9,227
4207,9,628
4208,9,509
4209,9,638
4210,9,508
4211,9,503
4212,9,502
4213,9,486
4214,9,494
4215,9,492
4216,9,457
4217,9,454
4218,9,505
4219,9,454
4220,9,186
4221,9,174
4222,9,189
4223,9,182
4224,9,177
4225,9,315
4226,9,165
4227,9,160
4228,9,177
4229,9,162
4230,9,165
4231,9,168
4232,9,167
4233,9,161
4234,9,161
4235,9,130
4236,9,165
4237,9,128
4238,9,130
4239,9,129
4240,9,134
4241,9,132
4242,9,131
4243,9,130
4244,9,166
4245,9,130
4246,9,390
4247,9,301
4248,9,272
4249,9,348
4250,9,68
4251,9,70
4252,9,64
4253,9,222
4254,9,222
4255,9,220
4256,9,217
4257,9,1
4258,9,110
4259,9,66
4260,9,210
4261,9,209
4262,9,229
4263,9,213
4264,9,15
4265,9,211
4266,9,211
4267,9,98
4268,9,210
4269,9,211
4270,9,209
4271,9,208
4272,9,250
4273,9,509
4274,9,252
4275,9,92
4276,9,460
4277,9,457
4278,9,459
4279,9,503
4280,9,492
4281,9,489
4282,9,502
4283,9,490
4284,9,498
4285,9,490
4286,9,488
4287,9,459
4288,9,462
4289,9,187
4290,9,189
4291,9,191
4292,9,169
4293,9,177
4294,9,179
4295,9,319
4296,9,189
4297,9,163
4298,9,164
4299,9,168
4300,9,164
4301,9,162
4302,9,176
4303,9,162
4304,9,161
4305,9,165
4306,9,164
4307,9,161
4308,9,165
4309,9,165
4310,9,167
4311,9,130
4312,9,131
4313,9,133
4314,9,166
4315,9,299
4316,9,31
4317,9,371
4318,9,351
4319,9,69
4320,9,68
4321,9,64
4322,9,108
4323,9,220
4324,9,221
4325,9,213
4326,9,217
4327,9,66
4328,9,106
4329,9,215
4330,9,214
4331,9,217
4332,9,214
4333,9,223
4334,9,219
4335,9,232
4336,9,231
4337,9,230
4338,9,210
4339,9,209
4340,9,243
4341,9,252
4342,9,458
4343,9,226
4344,9,227
4345,9,460
4346,9,459
4347,9,488
4348,9,488
4349,9,492
4350,9,493
4351,9,490
4352,9,486
4353,9,502
4354,9,476
4355,9,482
4356,9,467
4357,9,475
4358,9,180
4359,9,188
4360,9,188
4361,9,396
4362,9,189
4363,9,180
4364,9,314
4365,9,179
4366,9,178
4367,9,178
4368,9,397
4369,9,387
4370,9,297
4371,9,394
4372,9,396
4373,9,396
4374,9,395
4375,9,269
4376,9,176
4377,9,164
4378,9,165
4379,9,164
4380,9,166
4381,9,166
4382,9,166
4383,9,24
4384,9,27
4385,9,370
4386,9,350
4387,9,71
4388,9,68
4389,9,64
4390,9,98
4391,9,222
4392,9,222
4393,9,221
4394,9,213
4395,9,213
4396,9,211
4397,9,213
4398,9,215
4399,9,221
4400,9,215
4401,9,9
4402,9,230
4403,9,231
4404,9,248
4405,9,252
4406,9,228
4407,9,231
4408,9,252
4409,9,466
4410,9,249
4411,9,248
4412,9,226
4413,9,475
4414,9,490
4415,9,488
4416,9,492
4417,9,414
4418,9,490
4419,9,490
4420,9,483
4421,9,492
4422,9,490
4423,9,475
4424,9,472
4425,9,186
4426,9,189
4427,9,191
4428,9,170
4429,9,188
4430,9,178
4431,9,180
4432,9,284
4433,9,181
4434,9,178
4435,9,178
4436,9,394
4437,9,270
4438,9,256
4439,9,299
4440,9,280
4441,9,260
4442,9,301
4443,9,296
4444,9,302
4445,9,384
4446,9,414
4447,9,165
4448,9,415
4449,9,133
4450,9,29
4451,9,18
4452,9,352
4453,9,370
4454,9,74
4455,9,66
4456,9,65
4457,9,340
4458,9,213
4459,9,221
4460,9,221
4461,9,215
4462,9,197
4463,9,213
4464,9,215
4465,9,213
4466,9,213
4467,9,213
4468,9,223
4469,9,102
4470,9,235
4471,9,242
4472,9,226
4473,9,227
4474,9,235
4475,9,249
4476,9,463
4477,9,226
4478,9,242
4479,9,467
4480,9,474
4481,9,491
4482,9,491
4483,9,488
4484,9,493
4485,9,486
4486,9,491
4487,9,486
4488,9,476
4489,9,476
4490,9,455
4491,9,186
4492,9,184
4493,9,187
4494,9,185
4495,9,179
4496,9,179
4497,9,425
4498,9,397
4499,9,286
4500,9,262
4501,9,425
4502,9,296
4503,9,266
4504,9,284
4505,9,282
4506,9,270
4507,9,287
4508,9,301
4509,9,302
4510,9,271
4511,9,306
4512,9,414
4513,9,414
4514,9,166
4515,9,296
4516,9,343
4517,9,322
4518,9,651
4519,9,342
4520,9,69
4521,9,65
4522,9,65
4523,9,99
4524,9,221
4525,9,213
4526,9,199
4527,9,213
4528,9,213
4529,9,212
4530,9,212
4531,9,213
4532,9,102
4533,9,101
4534,9,231
4535,9,227
4536,9,242
4537,9,227
4538,9,231
4539,9,227
4540,9,253
4541,9,248
4542,9,227
4543,9,476
4544,9,475
4545,9,475
4546,9,491
4547,9,389
4548,9,488
4549,9,483
4550,9,487
4551,9,480
4552,9,493
4553,9,476
4554,9,475
4555,9,473
4556,9,186
4557,9,184
4558,9,187
4559,9,186
4560,9,176
4561,9,181
4562,9,181
4563,9,397
4564,9,316
4565,9,260
4566,9,297
4567,9,297
4568,9,296
4569,9,317
4570,9,279
4571,9,286
4572,9,280
4573,9,269
4574,9,276
4575,9,317
4576,9,281
4577,9,290
4578,9,291
4579,9,319
4580,9,299
4581,9,378
4582,9,375
4583,9,68
4584,9,64
4585,9,71
4586,9,66
4587,9,98
4588,9,221
4589,9,221
4590,9,213
4591,9,214
4592,9,201
4593,9,213
4594,9,102
4595,9,231
4596,9,103
4597,9,231
4598,9,224
4599,9,227
4600,9,244
4601,9,242
4602,9,456
4603,9,249
4604,9,243
4605,9,225
4606,9,225
4607,9,467
4608,9,235
4609,9,475
4610,9,475
4611,9,474
4612,9,483
4613,9,485
4614,9,480
4615,9,486
4616,9,474
4617,9,506
4618,9,472
4619,9,189
4620,9,180
4621,9,179
4622,9,182
4623,9,181
4624,9,446
4625,9,394
4626,9,267
4627,9,277
4628,9,266
4629,9,267
4630,9,414
4631,9,269
4632,9,280
4633,9,281
4634,9,300
4635,9,303
4636,9,266
4637,9,306
4638,9,304
4639,9,304
4640,9,291
4641,9,330
4642,9,303
4643,9,373
4644,9,344
4645,9,71
4646,9,66
4647,9,67
4648,9,103
4649,9,99
4650,9,103
4651,9,220
4652,9,212
4653,9,102
4654,9,103
4655,9,102
4656,9,228
4657,9,225
4658,9,253
4659,9,227
4660,9,250
4661,9,225
4662,9,242
4663,9,252
4664,9,463
4665,9,466
4666,9,467
4667,9,240
4668,9,224
4669,9,229
4670,9,228
4671,9,491
4672,9,475
4673,9,486
4674,9,486
4675,9,476
4676,9,481
4677,9,473
4678,9,479
4679,9,417
4680,9,187
4681,9,189
4682,9,189
4683,9,179
4684,9,181
4685,9,181
4686,9,397
4687,9,265
4688,9,318
4689,9,394
4690,9,258
4691,9,256
4692,9,394
4693,9,260
4694,9,299
4695,9,260
4696,9,317
4697,9,317
4698,9,304
4699,9,305
4700,9,304
4701,9,321
4702,9,320
4703,9,375
4704,9,345
4705,9,70
4706,9,51
4707,9,65
4708,9,67
4709,9,64
4710,9,102
4711,9,103
4712,9,103
4713,9,102
4714,9,103
4715,9,228
4716,9,230
4717,9,224
4718,9,224
4719,9,228
4720,9,249
4721,9,252
4722,9,225
4723,9,242
4724,9,249
4725,9,225
4726,9,225
4727,9,102
4728,9,246
4729,9,224
4730,9,208
4731,9,482
4732,9,477
4733,9,481
4734,9,389
4735,9,477
4736,9,491
4737,9,477
4738,9,421
4739,9,185
4740,9,187
4741,9,185
4742,9,418
4743,9,182
4744,9,425
4745,9,403
4746,9,399
4747,9,301
4748,9,316
4749,9,280
4750,9,279
4751,9,282
4752,9,415
4753,9,399
4754,9,297
4755,9,289
4756,9,319
4757,9,329
4758,9,305
4759,9,304
4760,9,321
4761,9,373
4762,9,343
4763,9,70
4764,9,71
4765,9,71
4766,9,64
4767,9,103
4768,9,103
4769,9,102
4770,9,210
4771,9,215
4772,9,215
4773,9,214
4774,9,215
4775,9,215
4776,9,208
4777,9,225
4778,9,249
4779,9,463
4780,9,225
4781,9,243
4782,9,208
4783,9,224
4784,9,229
4785,9,208
4786,9,228
4787,9,246
4788,9,482
4789,9,483
4790,9,480
4791,9,487
4792,9,487
4793,9,477
4794,9,482
4795,9,420
4796,9,429
4797,9,180
4798,9,180
4799,9,418
4800,9,425
4801,9,426
4802,9,399
4803,9,399
4804,9,281
4805,9,318
4806,9,274
4807,9,280
4808,9,274
4809,9,415
4810,9,396
4811,9,296
4812,9,316
4813,9,310
4814,9,311
4815,9,329
4816,9,330
4817,9,370
4818,9,658
4819,9,344
4820,9,66
4821,9,64
4822,9,64
4823,9,99
4824,9,224
4825,9,215
4826,9,214
4827,9,215
4828,9,214
4829,9,215
4830,9,213
4831,9,208
4832,9,208
4833,9,228
4834,9,226
4835,9,243
4836,9,243
4837,9,224
4838,9,247
4839,9,466
4840,9,208
4841,9,207
4842,9,420
4843,9,465
4844,9,480
4845,9,482
4846,9,483
4847,9,486
4848,9,395
4849,9,477
4850,9,472
4851,9,420
4852,9,183
4853,9,189
4854,9,261
4855,9,181
4856,9,181
4857,9,396
4858,9,268
4859,9,297
4860,9,280
4861,9,279
4862,9,259
4863,9,272
4864,9,301
4865,9,411
4866,9,409
4867,9,409
4868,9,304
4869,9,311
4870,9,309
4871,9,328
4872,9,374
4873,9,361
4874,9,634
4875,9,71
4876,9,340
4877,9,64
4878,9,228
4879,9,215
4880,9,214
4881,9,214
4882,9,214
4883,9,214
4884,9,193
4885,9,215
4886,9,244
4887,9,243
4888,9,224
4889,9,225
4890,9,243
4891,9,245
4892,9,466
4893,9,465
4894,9,470
4895,9,471
4896,9,421
4897,9,464
4898,9,482
4899,9,480
4900,9,486
4901,9,487
4902,9,481
4903,9,479
4904,9,421
4905,9,187
4906,9,201
4907,9,183
4908,9,181
4909,9,426
4910,9,418
4911,9,399
4912,9,262
4913,9,260
4914,9,265
4915,9,325
4916,9,268
4917,9,284
4918,9,306
4919,9,292
4920,9,409
4921,9,411
4922,9,292
4923,9,305
4924,9,323
4925,9,370
4926,9,70
4927,9,71
4928,9,65
4929,9,67
4930,9,229
4931,9,212
4932,9,214
4933,9,215
4934,9,214
4935,9,214
4936,9,212
4937,9,215
4938,9,208
4939,9,466
4940,9,242
4941,9,244
4942,9,242
4943,9,225
4944,9,465
4945,9,246
4946,9,468
4947,9,468
4948,9,465
4949,9,479
4950,9,480
4951,9,483
4952,9,480
4953,9,480
4954,9,478
4955,9,421
4956,9,420
4957,9,184
4958,9,182
4959,9,426
4960,9,418
4961,9,418
4962,9,419
4963,9,388
4964,9,296
4965,9,303
4966,9,259
4967,9,318
4968,9,317
4969,9,299
4970,9,411
4971,9,409
4972,9,409
4973,9,299
4974,9,307
4975,9,321
4976,9,370
4977,9,325
4978,9,20
4979,9,71
4980,9,71
4981,9,229
4982,9,212
4983,9,207
4984,9,212
4985,9,214
4986,9,215
4987,9,195
4988,9,215
4989,9,205
4990,9,466
4991,9,245
4992,9,466
4993,9,243
4994,9,244
4995,9,466
4996,9,465
4997,9,465
4998,9,464
4999,9,482
5000,9,398
5001,9,477
5002,9,481
5003,9,481
5004,9,479
5005,9,421
5006,9,420
5007,9,200
5008,9,182
5009,9,417
5010,9,181
5011,9,181
5012,9,447
5013,9,394
5014,9,394
5015,9,281
5016,9,261
5017,9,269
5018,9,314
5019,9,261
5020,9,302
5021,9,294
5022,9,409
5023,9,304
5024,9,294
5025,9,330
5026,9,323
5027,9,665
5028,9,645
5029,9,70
5030,9,65
5031,9,64
5032,9,98
5033,9,214
5034,9,214
5035,9,214
5036,9,212
5037,9,212
5038,9,213
5039,9,214
5040,9,194
5041,9,194
5042,9,205
5043,9,449
5044,9,465
5045,9,466
5046,9,467
5047,9,475
5048,9,464
5049,9,476
5050,9,483
5051,9,476
5052,9,464
5053,9,473
5054,9,421
5055,9,421
5056,9,420
5057,9,418
5058,9,183
5059,9,417
5060,9,418
5061,9,426
5062,9,446
5063,9,412
5064,9,263
5065,9,263
5066,9,281
5067,9,258
5068,9,270
5069,9,284
5070,9,264
5071,9,317
5072,9,264
5073,9,410
5074,9,410
5075,9,288
5076,9,330
5077,9,375
5078,9,345
5079,9,71
5080,9,64
5081,9,64
5082,9,203
5083,9,212
5084,9,214
5085,9,215
5086,9,213
5087,9,212
5088,9,199
5089,9,208
5090,9,192
5091,9,205
5092,9,205
5093,9,464
5094,9,473
5095,9,509
5096,9,509
5097,9,459
5098,9,489
5099,9,462
5100,9,481
5101,9,472
5102,9,464
5103,9,421
5104,9,421
5105,9,420
5106,9,181
5107,9,183
5108,9,418
5109,9,417
5110,9,417
5111,9,412
5112,9,395
5113,9,395
5114,9,415
5115,9,395
5116,9,263
5117,9,394
5118,9,415
5119,9,398
5120,9,413
5121,9,403
5122,9,400
5123,9,408
5124,9,407
5125,9,334
5126,9,51
5127,9,64
5128,9,66
5129,9,102
5130,9,199
5131,9,203
5132,9,214
5133,9,212
5134,9,213
5135,9,199
5136,9,202
5137,9,416
5138,9,199
5139,9,204
5140,9,224
5141,9,466
5142,9,466
5143,9,458
5144,9,472
5145,9,459
5146,9,509
5147,9,474
5148,9,464
5149,9,420
5150,9,421
5151,9,420
5152,9,418
5153,9,418
5154,9,417
5155,9,419
5156,9,419
5157,9,418
5158,9,415
5159,9,287
5160,9,263
5161,9,262
5162,9,393
5163,9,290
5164,9,299
5165,9,319
5166,9,414
5167,9,415
5168,9,413
5169,9,400
5170,9,409
5171,9,405
5172,9,330
5173,9,375
5174,9,359
5175,9,53
5176,9,52
5177,9,62
5178,9,199
5179,9,214
5180,9,212
5181,9,214
5182,9,212
5183,9,215
5184,9,199
5185,9,196
5186,9,207
5187,9,204
5188,9,205
5189,9,465
5190,9,467
5191,9,466
5192,9,242
5193,9,467
5194,9,477
5195,9,475
5196,9,464
5197,9,421
5198,9,421
5199,9,420
5200,9,420
5201,9,419
5202,9,425
5203,9,418
5204,9,419
5205,9,446
5206,9,262
5207,9,389
5208,9,261
5209,9,388
5210,9,394
5211,9,300
5212,9,392
5213,9,317
5214,9,415
5215,9,265
5216,9,413
5217,9,401
5218,9,408
5219,9,405
5220,9,291
5221,9,369
5222,9,338
5223,9,66
5224,9,67
5225,9,204
5226,9,196
5227,9,214
5228,9,214
5229,9,212
5230,9,214
5231,9,198
5232,9,202
5233,9,193
5234,9,206
5235,9,204
5236,9,464
5237,9,242
5238,9,561
5239,9,463
5240,9,472
5241,9,466
5242,9,465
5243,9,465
5244,9,423
5245,9,421
5246,9,422
5247,9,419
5248,9,422
5249,9,422
5250,9,419
5251,9,388
5252,9,394
5253,9,389
5254,9,395
5255,9,282
5256,9,388
5257,9,386
5258,9,414
5259,9,394
5260,9,387
5261,9,415
5262,9,386
5263,9,413
5264,9,436
5265,9,404
5266,9,409
5267,9,410
5268,9,289
5269,9,665
5270,9,68
5271,9,58
5272,9,197
5273,9,199
5274,9,199
5275,9,196
5276,9,212
5277,9,214
5278,9,203
5279,9,199
5280,9,198
5281,9,193
5282,9,206
5283,9,416
5284,9,206
5285,9,245
5286,9,244
5287,9,242
5288,9,466
5289,9,242
5290,9,464
5291,9,421
5292,9,420
5293,9,422
5294,9,419
5295,9,419
5296,9,423
5297,9,384
5298,9,390
5299,9,256
5300,9,395
5301,9,257
5302,9,413
5303,9,387
5304,9,386
5305,9,388
5306,9,414
5307,9,316
5308,9,394
5309,9,398
5310,9,412
5311,9,438
5312,9,405
5313,9,406
5314,9,406
5315,9,306
5316,9,70
5317,9,62
5318,9,61
5319,9,193
5320,9,198
5321,9,212
5322,9,196
5323,9,198
5324,9,200
5325,9,198
5326,9,192
5327,9,199
5328,9,200
5329,9,205
5330,9,416
5331,9,205
5332,9,247
5333,9,470
5334,9,465
5335,9,245
5336,9,247
5337,9,423
5338,9,421
5339,9,423
5340,9,422
5341,9,389
5342,9,398
5343,9,391
5344,9,389
5345,9,394
5346,9,388
5347,9,412
5348,9,398
5349,9,413
5350,9,389
5351,9,415
5352,9,412
5353,9,317
5354,9,296
5355,9,445
5356,9,438
5357,9,439
5358,9,404
5359,9,407
5360,9,403
5361,9,335
5362,9,383
5363,9,22
5364,9,58
5365,9,199
5366,9,198
5367,9,198
5368,9,223
5369,9,203
5370,9,198
5371,9,417
5372,9,201
5373,9,202
5374,9,206
5375,9,416
5376,9,202
5377,9,200
5378,9,266
5379,9,416
5380,9,207
5381,9,421
5382,9,420
5383,9,421
5384,9,420
5385,9,422
5386,9,393
5387,9,395
5388,9,396
5389,9,257
5390,9,388
5391,9,258
5392,9,395
5393,9,394
5394,9,392
5395,9,415
5396,9,395
5397,9,415
5398,9,398
5399,9,403
5400,9,445
5401,9,438
5402,9,444
5403,9,401
5404,9,408
5405,9,435
5406,9,410
5407,9,324
5408,9,341
5409,9,58
5410,9,60
5411,9,194
5412,9,196
5413,9,199
5414,9,199
5415,9,198
5416,9,417
5417,9,417
5418,9,201
5419,9,200
5420,9,206
5421,9,202
5422,9,417
5423,9,202
5424,9,420
5425,9,200
5426,9,420
5427,9,420
5428,9,422
5429,9,423
5430,9,390
5431,9,391
5432,9,394
5433,9,257
5434,9,282
5435,9,388
5436,9,386
5437,9,415
5438,9,394
5439,9,264
5440,9,390
5441,9,388
5442,9,445
5443,9,444
5444,9,438
5445,9,439
5446,9,439
5447,9,432
5448,9,407
5449,9,408
5450,9,133
5451,9,410
5452,9,360
5453,9,371
5454,9,53
5455,9,62
5456,9,195
5457,9,192
5458,9,196
5459,9,203
5460,9,198
5461,9,203
5462,9,202
5463,9,390
5464,9,207
5465,9,418
5466,9,200
5467,9,418
5468,9,417
5469,9,417
5470,9,416
5471,9,418
5472,9,419
5473,9,447
5474,9,388
5475,9,393
5476,9,257
5477,9,257
5478,9,388
5479,9,395
5480,9,415
5481,9,480
5482,9,395
5483,9,386
5484,9,391
5485,9,386
5486,9,438
5487,9,438
5488,9,439
5489,9,438
5490,9,432
5491,9,437
5492,9,437
5493,9,437
5494,9,406
5495,9,408
5496,9,331
5497,9,343
5498,9,68
5499,9,59
5500,9,192
5501,9,194
5502,9,199
5503,9,199
5504,9,203
5505,9,202
5506,9,200
5507,9,202
5508,9,416
5509,9,206
5510,9,447
5511,9,416
5512,9,446
5513,9,420
5514,9,447
5515,9,391
5516,9,391
5517,9,389
5518,9,389
5519,9,389
5520,9,257
5521,9,389
5522,9,412
5523,9,390
5524,9,398
5525,9,387
5526,9,412
5527,9,446
5528,9,403
5529,9,443
5530,9,443
5531,9,441
5532,9,438
5533,9,435
5534,9,439
5535,9,437
5536,9,436
5537,9,406
5538,9,407
5539,9,320
5540,9,361
5541,9,334
5542,9,56
5543,9,59
5544,9,193
5545,9,199
5546,9,198
5547,9,198
5548,9,203
5549,9,417
5550,9,201
5551,9,200
5552,9,418
5553,9,416
5554,9,447
5555,9,446
5556,9,384
5557,9,390
5558,9,385
5559,9,390
5560,9,391
5561,9,389
5562,9,389
5563,9,388
5564,9,387
5565,9,412
5566,9,387
5567,9,387
5568,9,446
5569,9,444
5570,9,444
5571,9,443
5572,9,439
5573,9,432
5574,9,432
5575,9,438
5576,9,437
5577,9,435
5578,9,437
5579,9,35
5580,9,413
5581,9,291
5582,9,667
5583,9,366
5584,9,55
5585,9,51
5586,9,55
5587,9,192
5588,9,204
5589,9,198
5590,9,203
5591,9,441
5592,9,418
5593,9,417
5594,9,160
5595,9,441
5596,9,441
5597,9,390
5598,9,446
5599,9,390
5600,9,446
5601,9,386
5602,9,391
5603,9,386
5604,9,387
5605,9,415
5606,9,413
5607,9,412
5608,9,386
5609,9,385
5610,9,445
5611,9,444
5612,9,432
5613,9,439
5614,9,433
5615,9,437
5616,9,438
5617,9,436
5618,9,437
5619,9,435
5620,9,35
5621,9,413
5622,9,436
5623,9,415
5624,9,361
5625,9,339
5626,9,339
5627,9,61
5628,9,193
5629,9,202
5630,9,201
5631,9,440
5632,9,201
5633,9,441
5634,9,441
5635,9,446
5636,9,441
5637,9,447
5638,9,390
5639,9,446
5640,9,389
5641,9,384
5642,9,446
5643,9,384
5644,9,391
5645,9,391
5646,9,391
5647,9,386
5648,9,412
5649,9,438
5650,9,438
5651,9,443
5652,9,436
5653,9,437
5654,9,433
5655,9,432
5656,9,437
5657,9,413
5658,9,437
5659,9,38
5660,9,411
5661,9,296
5662,9,413
5663,9,313
5664,9,368
5665,9,345
5666,9,60
5667,9,20
5668,9,193
5669,9,199
5670,9,203
5671,9,440
5672,9,442
5673,9,443
5674,9,440
5675,9,441
5676,9,444
5677,9,441
5678,9,441
5679,9,441
5680,9,438
5681,9,384
5682,9,384
5683,9,389
5684,9,399
5685,9,412
5686,9,386
5687,9,438
5688,9,439
5689,9,436
5690,9,432
5691,9,432
5692,9,436
5693,9,433
5694,9,437
5695,9,435
5696,9,376
5697,9,36
5698,9,331
5699,9,43
5700,9,328
5701,9,374
5702,9,55
5703,9,65
5704,9,60
5705,9,204
5706,9,203
5707,9,441
5708,9,441
5709,9,446
5710,9,441
5711,9,441
5712,9,441
5713,9,446
5714,9,443
5715,9,444
5716,9,438
5717,9,443
5718,9,400
5719,9,384
5720,9,413
5721,9,413
5722,9,413
5723,9,412
5724,9,402
5725,9,436
5726,9,437
5727,9,441
5728,9,330
5729,9,410
5730,9,330
5731,9,329
5732,9,658
5733,9,380
5734,9,369
5735,9,369
5736,9,651
5737,9,322
5738,9,337
5739,9,333
5740,9,441
5741,9,437
5742,9,441
5743,9,442
5744,9,442
5745,9,442
5746,9,440
5747,9,443
5748,9,443
5749,9,441
5750,9,443
5751,9,444
5752,9,390
5753,9,438
5754,9,403
5755,9,444
5756,9,438
5757,9,437
5758,9,440
5759,9,432
5760,9,432
5761,9,35
5762,9,44
5763,9,40
5764,9,19
5765,9,325
5766,9,342
5767,9,335
5768,9,646
5769,9,354
5770,9,342
5771,9,53
5772,9,66
5773,9,199
5774,9,203
5775,9,440
5776,9,433
5777,9,433
5778,9,433
5779,9,440
5780,9,433
5781,9,432
5782,9,443
5783,9,438
5784,9,442
5785,9,444
5786,9,444
5787,9,438
5788,9,439
5789,9,433
5790,9,443
5791,9,442
5792,9,435
5793,9,34
5794,9,38
5795,9,36
5796,9,44
5797,9,32
5798,9,376
5799,9,329
5800,9,355
5801,9,357
5802,9,340
5803,9,53
5804,9,61
5805,9,202
5806,9,38
5807,9,37
5808,9,433
5809,9,440
5810,9,442
5811,9,433
5812,9,432
5813,9,439
5814,9,441
5815,9,432
5816,9,432
5817,9,433
5818,9,432
5819,9,435
5820,9,435
5821,9,35
5822,9,36
5823,9,33
5824,9,45
5825,9,45
5826,9,44
5827,9,48
5828,9,47
5829,9,352
5830,9,651
5831,9,341
5832,9,58
5833,9,56
5834,9,48
5835,9,63
5836,9,39
5837,9,36
5838,9,37
5839,9,39
5840,9,435
5841,9,435
5842,9,433
5843,9,435
5844,9,35
5845,9,433
5846,9,435
5847,9,435
5848,9,33
5849,9,33
5850,9,33
5851,9,45
5852,9,46
5853,9,40
5854,9,42
5855,9,341
5856,9,376
5857,9,663
5858,9,340
5859,9,54
5860,9,340
5861,9,340
5862,9,46
5863,9,46
5864,9,48
5865,9,45
5866,9,44
5867,9,32
5868,9,36
5869,9,38
5870,9,39
5871,9,36
5872,9,35
5873,9,33
5874,9,32
5875,9,33
5876,9,40
5877,9,47
5878,9,41
5879,9,330
5880,9,324
5881,9,380
5882,9,641
5883,9,380
5884,9,332
5885,9,337
5886,9,889
5887,9,49
5888,9,46
5889,9,41
5890,9,44
5891,9,40
5892,9,33
5893,9,43
5894,9,32
5895,9,45
5896,9,45
5897,9,38
5898,9,332
5899,9,341
5900,9,368
5901,9,366
5902,9,380
5903,9,344
5904,9,321
5905,9,339
5906,9,320
5907,9,335
5908,9,335
5909,9,340
5910,9,342
5911,9,376
5912,9,651
