embedding_level,embedding_index,start,end
0,0,L0/1,L0/0
1,0,L1/3,L1/0
1,1,L1/3,L1/1
1,2,L1/3,L1/2
2,0,L2/6,L2/0
2,1,L2/6,L2/0
2,1,L2/0,L2/1
2,2,L2/6,L2/4
2,2,L2/4,L2/2
2,3,L2/6,L2/0
2,3,L2/0,L2/3
2,4,L2/6,L2/4
2,5,L2/6,L2/4
2,5,L2/4,L2/5
2,7,L2/6,L2/7
3,0,L3/8,L3/7
3,0,L3/7,L3/3
3,0,L3/3,L3/0
3,1,L3/8,L3/7
3,1,L3/7,L3/3
3,1,L3/3,L3/1
3,2,L3/8,L3/7
3,2,L3/7,L3/3
3,2,L3/3,L3/2
3,3,L3/8,L3/7
3,3,L3/7,L3/3
3,4,L3/8,L3/7
3,4,L3/7,L3/4
3,5,L3/8,L3/7
3,5,L3/7,L3/4
3,5,L3/4,L3/5
3,6,L3/8,L3/7
3,6,L3/7,L3/6
3,7,L3/8,L3/7
3,9,L3/8,L3/9
3,10,L3/8,L3/9
3,10,L3/9,L3/11
3,10,L3/11,L3/10
3,11,L3/8,L3/9
3,11,L3/9,L3/11
3,12,L3/8,L3/12
3,13,L3/8,L3/12
3,13,L3/12,L3/13
3,14,L3/8,L3/12
3,14,L3/12,L3/14
3,15,L3/8,L3/12
3,15,L3/12,L3/15
4,0,L4/17,L4/15
4,0,L4/15,L4/14
4,0,L4/14,L4/6
4,0,L4/6,L4/0
4,1,L4/17,L4/15
4,1,L4/15,L4/7
4,1,L4/7,L4/3
4,1,L4/3,L4/1
4,2,L4/17,L4/15
4,2,L4/15,L4/7
4,2,L4/7,L4/3
4,2,L4/3,L4/2
4,3,L4/17,L4/15
4,3,L4/15,L4/7
4,3,L4/7,L4/3
4,4,L4/17,L4/15
4,4,L4/15,L4/14
4,4,L4/14,L4/6
4,4,L4/6,L4/4
4,5,L4/17,L4/15
4,5,L4/15,L4/14
4,5,L4/14,L4/6
4,5,L4/6,L4/5
4,6,L4/17,L4/15
4,6,L4/15,L4/14
4,6,L4/14,L4/6
4,7,L4/17,L4/15
4,7,L4/15,L4/7
4,8,L4/17,L4/15
4,8,L4/15,L4/14
4,8,L4/14,L4/13
4,8,L4/13,L4/12
4,8,L4/12,L4/8
4,9,L4/17,L4/15
4,9,L4/15,L4/14
4,9,L4/14,L4/13
4,9,L4/13,L4/12
4,9,L4/12,L4/9
4,10,L4/17,L4/15
4,10,L4/15,L4/14
4,10,L4/14,L4/13
4,10,L4/13,L4/12
4,10,L4/12,L4/8
4,10,L4/8,L4/10
4,11,L4/17,L4/15
4,11,L4/15,L4/14
4,11,L4/14,L4/13
4,11,L4/13,L4/12
4,11,L4/12,L4/8
4,11,L4/8,L4/10
4,11,L4/10,L4/11
4,12,L4/17,L4/15
4,12,L4/15,L4/14
4,12,L4/14,L4/13
4,12,L4/13,L4/12
4,13,L4/17,L4/15
4,13,L4/15,L4/14
4,13,L4/14,L4/13
4,14,L4/17,L4/15
4,14,L4/15,L4/14
4,15,L4/17,L4/15
4,16,L4/17,L4/16
4,18,L4/17,L4/16
4,18,L4/16,L4/18
4,19,L4/17,L4/16
4,19,L4/16,L4/18
4,19,L4/18,L4/19
4,20,L4/17,L4/15
4,20,L4/15,L4/14
4,20,L4/14,L4/13
4,20,L4/13,L4/12
4,20,L4/12,L4/8
4,20,L4/8,L4/10
4,20,L4/10,L4/20
4,21,L4/17,L4/15
4,21,L4/15,L4/14
4,21,L4/14,L4/13
4,21,L4/13,L4/12
4,21,L4/12,L4/8
4,21,L4/8,L4/10
4,21,L4/10,L4/20
4,21,L4/20,L4/21
4,22,L4/17,L4/15
4,22,L4/15,L4/14
4,22,L4/14,L4/13
4,22,L4/13,L4/12
4,22,L4/12,L4/8
4,22,L4/8,L4/10
4,22,L4/10,L4/20
4,22,L4/20,L4/22
4,23,L4/17,L4/15
4,23,L4/15,L4/14
4,23,L4/14,L4/13
4,23,L4/13,L4/12
4,23,L4/12,L4/8
4,23,L4/8,L4/10
4,23,L4/10,L4/20
4,23,L4/20,L4/23
4,24,L4/17,L4/25
4,24,L4/25,L4/24
4,25,L4/17,L4/25
4,26,L4/17,L4/25
4,26,L4/25,L4/24
4,26,L4/24,L4/26
4,27,L4/17,L4/25
4,27,L4/25,L4/27
4,28,L4/17,L4/25
4,28,L4/25,L4/24
4,28,L4/24,L4/29
4,28,L4/29,L4/28
4,29,L4/17,L4/25
4,29,L4/25,L4/24
4,29,L4/24,L4/29
4,30,L4/17,L4/16
4,30,L4/16,L4/18
4,30,L4/18,L4/30
4,31,L4/17,L4/16
4,31,L4/16,L4/18
4,31,L4/18,L4/19
4,31,L4/19,L4/31
5,0,L5/35,L5/28
5,0,L5/28,L5/14
5,0,L5/14,L5/6
5,0,L5/6,L5/0
5,1,L5/35,L5/28
5,1,L5/28,L5/14
5,1,L5/14,L5/6
5,1,L5/6,L5/0
5,1,L5/0,L5/1
5,2,L5/35,L5/28
5,2,L5/28,L5/14
5,2,L5/14,L5/6
5,2,L5/6,L5/0
5,2,L5/0,L5/1
5,2,L5/1,L5/2
5,3,L5/35,L5/28
5,3,L5/28,L5/14
5,3,L5/14,L5/7
5,3,L5/7,L5/5
5,3,L5/5,L5/3
5,4,L5/35,L5/28
5,4,L5/28,L5/14
5,4,L5/14,L5/7
5,4,L5/7,L5/5
5,4,L5/5,L5/4
5,5,L5/35,L5/28
5,5,L5/28,L5/14
5,5,L5/14,L5/7
5,5,L5/7,L5/5
5,6,L5/35,L5/28
5,6,L5/28,L5/14
5,6,L5/14,L5/6
5,7,L5/35,L5/28
5,7,L5/28,L5/14
5,7,L5/14,L5/7
5,8,L5/35,L5/28
5,8,L5/28,L5/14
5,8,L5/14,L5/6
5,8,L5/6,L5/13
5,8,L5/13,L5/12
5,8,L5/12,L5/11
5,8,L5/11,L5/8
5,9,L5/35,L5/28
5,9,L5/28,L5/14
5,9,L5/14,L5/6
5,9,L5/6,L5/13
5,9,L5/13,L5/12
5,9,L5/12,L5/11
5,9,L5/11,L5/9
5,10,L5/35,L5/28
5,10,L5/28,L5/14
5,10,L5/14,L5/6
5,10,L5/6,L5/13
5,10,L5/13,L5/12
5,10,L5/12,L5/11
5,10,L5/11,L5/10
5,11,L5/35,L5/28
5,11,L5/28,L5/14
5,11,L5/14,L5/6
5,11,L5/6,L5/13
5,11,L5/13,L5/12
5,11,L5/12,L5/11
5,12,L5/35,L5/28
5,12,L5/28,L5/14
5,12,L5/14,L5/6
5,12,L5/6,L5/13
5,12,L5/13,L5/12
5,13,L5/35,L5/28
5,13,L5/28,L5/14
5,13,L5/14,L5/6
5,13,L5/6,L5/13
5,14,L5/35,L5/28
5,14,L5/28,L5/14
5,15,L5/35,L5/28
5,15,L5/28,L5/15
5,16,L5/35,L5/28
5,16,L5/28,L5/14
5,16,L5/14,L5/6
5,16,L5/6,L5/13
5,16,L5/13,L5/12
5,16,L5/12,L5/26
5,16,L5/26,L5/27
5,16,L5/27,L5/24
5,16,L5/24,L5/16
5,17,L5/35,L5/28
5,17,L5/28,L5/14
5,17,L5/14,L5/6
5,17,L5/6,L5/13
5,17,L5/13,L5/12
5,17,L5/12,L5/26
5,17,L5/26,L5/27
5,17,L5/27,L5/24
5,17,L5/24,L5/16
5,17,L5/16,L5/17
5,18,L5/35,L5/28
5,18,L5/28,L5/14
5,18,L5/14,L5/6
5,18,L5/6,L5/13
5,18,L5/13,L5/12
5,18,L5/12,L5/26
5,18,L5/26,L5/27
5,18,L5/27,L5/25
5,18,L5/25,L5/18
5,19,L5/35,L5/28
5,19,L5/28,L5/14
5,19,L5/14,L5/6
5,19,L5/6,L5/13
5,19,L5/13,L5/12
5,19,L5/12,L5/26
5,19,L5/26,L5/27
5,19,L5/27,L5/25
5,19,L5/25,L5/18
5,19,L5/18,L5/19
5,20,L5/35,L5/28
5,20,L5/28,L5/14
5,20,L5/14,L5/6
5,20,L5/6,L5/13
5,20,L5/13,L5/12
5,20,L5/12,L5/26
5,20,L5/26,L5/27
5,20,L5/27,L5/24
5,20,L5/24,L5/16
5,20,L5/16,L4/8
5,20,L4/8,L4/10
5,20,L4/10,L5/20
5,21,L5/35,L5/28
5,21,L5/28,L5/14
5,21,L5/14,L5/6
5,21,L5/6,L5/13
5,21,L5/13,L5/12
5,21,L5/12,L5/26
5,21,L5/26,L5/27
5,21,L5/27,L5/24
5,21,L5/24,L5/16
5,21,L5/16,L4/8
5,21,L4/8,L4/10
5,21,L4/10,L5/21
5,22,L5/35,L5/28
5,22,L5/28,L5/14
5,22,L5/14,L5/6
5,22,L5/6,L5/13
5,22,L5/13,L5/12
5,22,L5/12,L5/26
5,22,L5/26,L5/27
5,22,L5/27,L5/24
5,22,L5/24,L5/16
5,22,L5/16,L4/8
5,22,L4/8,L4/10
5,22,L4/10,L5/21
5,22,L5/21,L5/22
5,23,L5/35,L5/28
5,23,L5/28,L5/14
5,23,L5/14,L5/6
5,23,L5/6,L5/13
5,23,L5/13,L5/12
5,23,L5/12,L5/26
5,23,L5/26,L5/27
5,23,L5/27,L5/24
5,23,L5/24,L5/16
5,23,L5/16,L4/8
5,23,L4/8,L4/10
5,23,L4/10,L5/20
5,23,L5/20,L5/23
5,24,L5/35,L5/28
5,24,L5/28,L5/14
5,24,L5/14,L5/6
5,24,L5/6,L5/13
5,24,L5/13,L5/12
5,24,L5/12,L5/26
5,24,L5/26,L5/27
5,24,L5/27,L5/24
5,25,L5/35,L5/28
5,25,L5/28,L5/14
5,25,L5/14,L5/6
5,25,L5/6,L5/13
5,25,L5/13,L5/12
5,25,L5/12,L5/26
5,25,L5/26,L5/27
5,25,L5/27,L5/25
5,26,L5/35,L5/28
5,26,L5/28,L5/14
5,26,L5/14,L5/6
5,26,L5/6,L5/13
5,26,L5/13,L5/12
5,26,L5/12,L5/26
5,27,L5/35,L5/28
5,27,L5/28,L5/14
5,27,L5/14,L5/6
5,27,L5/6,L5/13
5,27,L5/13,L5/12
5,27,L5/12,L5/26
5,27,L5/26,L5/27
5,28,L5/35,L5/28
5,29,L5/35,L5/28
5,29,L5/28,L5/29
5,30,L5/35,L5/28
5,30,L5/28,L5/30
5,31,L5/35,L5/28
5,31,L5/28,L5/31
5,32,L5/35,L5/34
5,32,L5/34,L5/32
5,33,L5/35,L5/33
5,34,L5/35,L5/34
5,36,L5/35,L5/34
5,36,L5/34,L5/32
5,36,L5/32,L5/49
5,36,L5/49,L5/59
5,36,L5/59,L5/58
5,36,L5/58,L5/61
5,36,L5/61,L5/39
5,36,L5/39,L5/36
5,37,L5/35,L5/34
5,37,L5/34,L5/32
5,37,L5/32,L5/49
5,37,L5/49,L5/59
5,37,L5/59,L5/58
5,37,L5/58,L5/61
5,37,L5/61,L5/39
5,37,L5/39,L5/37
5,38,L5/35,L5/34
5,38,L5/34,L5/32
5,38,L5/32,L5/49
5,38,L5/49,L5/59
5,38,L5/59,L5/58
5,38,L5/58,L5/61
5,38,L5/61,L5/39
5,38,L5/39,L5/38
5,39,L5/35,L5/34
5,39,L5/34,L5/32
5,39,L5/32,L5/49
5,39,L5/49,L5/59
5,39,L5/59,L5/58
5,39,L5/58,L5/61
5,39,L5/61,L5/39
5,40,L5/35,L5/28
5,40,L5/28,L5/14
5,40,L5/14,L5/6
5,40,L5/6,L5/13
5,40,L5/13,L5/12
5,40,L5/12,L5/26
5,40,L5/26,L5/27
5,40,L5/27,L5/24
5,40,L5/24,L5/16
5,40,L5/16,L4/8
5,40,L4/8,L4/10
5,40,L4/10,L5/21
5,40,L5/21,L5/22
5,40,L5/22,L5/40
5,41,L5/35,L5/28
5,41,L5/28,L5/14
5,41,L5/14,L5/6
5,41,L5/6,L5/13
5,41,L5/13,L5/12
5,41,L5/12,L5/26
5,41,L5/26,L5/27
5,41,L5/27,L5/24
5,41,L5/24,L5/16
5,41,L5/16,L4/8
5,41,L4/8,L4/10
5,41,L4/10,L5/21
5,41,L5/21,L5/22
5,41,L5/22,L5/40
5,41,L5/40,L5/41
5,42,L5/35,L5/28
5,42,L5/28,L5/14
5,42,L5/14,L5/6
5,42,L5/6,L5/13
5,42,L5/13,L5/12
5,42,L5/12,L5/26
5,42,L5/26,L5/27
5,42,L5/27,L5/24
5,42,L5/24,L5/16
5,42,L5/16,L4/8
5,42,L4/8,L4/10
5,42,L4/10,L5/21
5,42,L5/21,L5/22
5,42,L5/22,L5/40
5,42,L5/40,L5/42
5,43,L5/35,L5/28
5,43,L5/28,L5/14
5,43,L5/14,L5/6
5,43,L5/6,L5/13
5,43,L5/13,L5/12
5,43,L5/12,L5/26
5,43,L5/26,L5/27
5,43,L5/27,L5/24
5,43,L5/24,L5/16
5,43,L5/16,L4/8
5,43,L4/8,L4/10
5,43,L4/10,L5/21
5,43,L5/21,L5/22
5,43,L5/22,L5/40
5,43,L5/40,L5/43
5,44,L5/35,L5/28
5,44,L5/28,L5/14
5,44,L5/14,L5/6
5,44,L5/6,L5/13
5,44,L5/13,L5/12
5,44,L5/12,L5/26
5,44,L5/26,L5/27
5,44,L5/27,L5/24
5,44,L5/24,L5/16
5,44,L5/16,L4/8
5,44,L4/8,L4/10
5,44,L4/10,L5/21
5,44,L5/21,L5/22
5,44,L5/22,L5/40
5,44,L5/40,L5/43
5,44,L5/43,L5/44
5,45,L5/35,L5/28
5,45,L5/28,L5/14
5,45,L5/14,L5/6
5,45,L5/6,L5/13
5,45,L5/13,L5/12
5,45,L5/12,L5/26
5,45,L5/26,L5/27
5,45,L5/27,L5/24
5,45,L5/24,L5/16
5,45,L5/16,L4/8
5,45,L4/8,L4/10
5,45,L4/10,L5/21
5,45,L5/21,L5/22
5,45,L5/22,L5/40
5,45,L5/40,L5/43
5,45,L5/43,L5/45
5,46,L5/35,L5/28
5,46,L5/28,L5/14
5,46,L5/14,L5/6
5,46,L5/6,L5/13
5,46,L5/13,L5/12
5,46,L5/12,L5/26
5,46,L5/26,L5/27
5,46,L5/27,L5/24
5,46,L5/24,L5/16
5,46,L5/16,L4/8
5,46,L4/8,L4/10
5,46,L4/10,L5/21
5,46,L5/21,L5/22
5,46,L5/22,L5/40
5,46,L5/40,L5/43
5,46,L5/43,L5/45
5,46,L5/45,L5/46
5,47,L5/35,L5/28
5,47,L5/28,L5/14
5,47,L5/14,L5/6
5,47,L5/6,L5/13
5,47,L5/13,L5/12
5,47,L5/12,L5/26
5,47,L5/26,L5/27
5,47,L5/27,L5/24
5,47,L5/24,L5/16
5,47,L5/16,L4/8
5,47,L4/8,L4/10
5,47,L4/10,L5/21
5,47,L5/21,L5/22
5,47,L5/22,L5/40
5,47,L5/40,L5/43
5,47,L5/43,L5/45
5,47,L5/45,L5/47
5,48,L5/35,L5/51
5,48,L5/51,L5/50
5,48,L5/50,L5/48
5,49,L5/35,L5/34
5,49,L5/34,L5/32
5,49,L5/32,L5/49
5,50,L5/35,L5/51
5,50,L5/51,L5/50
5,51,L5/35,L5/51
5,52,L5/35,L5/51
5,52,L5/51,L5/50
5,52,L5/50,L5/48
5,52,L5/48,L5/52
5,53,L5/35,L5/51
5,53,L5/51,L5/50
5,53,L5/50,L5/48
5,53,L5/48,L5/52
5,53,L5/52,L5/53
5,54,L5/35,L5/51
5,54,L5/51,L5/50
5,54,L5/50,L5/54
5,55,L5/35,L5/51
5,55,L5/51,L5/50
5,55,L5/50,L5/54
5,55,L5/54,L5/55
5,56,L5/35,L5/34
5,56,L5/34,L5/32
5,56,L5/32,L5/49
5,56,L5/49,L5/59
5,56,L5/59,L5/58
5,56,L5/58,L5/56
5,57,L5/35,L5/51
5,57,L5/51,L5/50
5,57,L5/50,L5/48
5,57,L5/48,L5/52
5,57,L5/52,L5/57
5,58,L5/35,L5/34
5,58,L5/34,L5/32
5,58,L5/32,L5/49
5,58,L5/49,L5/59
5,58,L5/59,L5/58
5,59,L5/35,L5/34
5,59,L5/34,L5/32
5,59,L5/32,L5/49
5,59,L5/49,L5/59
5,60,L5/35,L5/34
5,60,L5/34,L5/32
5,60,L5/32,L5/49
5,60,L5/49,L5/59
5,60,L5/59,L5/58
5,60,L5/58,L5/60
5,61,L5/35,L5/34
5,61,L5/34,L5/32
5,61,L5/32,L5/49
5,61,L5/49,L5/59
5,61,L5/59,L5/58
5,61,L5/58,L5/61
5,62,L5/35,L5/34
5,62,L5/34,L5/32
5,62,L5/32,L5/49
5,62,L5/49,L5/59
5,62,L5/59,L5/58
5,62,L5/58,L5/60
5,62,L5/60,L5/62
5,63,L5/35,L5/34
5,63,L5/34,L5/32
5,63,L5/32,L5/49
5,63,L5/49,L5/59
5,63,L5/59,L5/58
5,63,L5/58,L5/60
5,63,L5/60,L5/63
6,0,L6/71,L6/103
6,0,L6/103,L6/100
6,0,L6/100,L6/96
6,0,L6/96,L6/97
6,0,L6/97,L6/105
6,0,L6/105,L6/104
6,0,L6/104,L6/107
6,0,L6/107,L6/111
6,0,L6/111,L6/109
6,0,L6/109,L6/10
6,0,L6/10,L5/5
6,0,L5/5,L5/7
6,0,L5/7,L6/15
6,0,L6/15,L6/13
6,0,L6/13,L6/0
6,1,L6/71,L6/103
6,1,L6/103,L6/100
6,1,L6/100,L6/96
6,1,L6/96,L6/97
6,1,L6/97,L6/105
6,1,L6/105,L6/104
6,1,L6/104,L6/107
6,1,L6/107,L6/111
6,1,L6/111,L6/109
6,1,L6/109,L6/10
6,1,L6/10,L5/5
6,1,L5/5,L5/7
6,1,L5/7,L6/15
6,1,L6/15,L6/13
6,1,L6/13,L6/1
6,2,L6/71,L6/103
6,2,L6/103,L6/100
6,2,L6/100,L6/96
6,2,L6/96,L6/97
6,2,L6/97,L6/105
6,2,L6/105,L6/104
6,2,L6/104,L6/107
6,2,L6/107,L6/111
6,2,L6/111,L6/109
6,2,L6/109,L6/10
6,2,L6/10,L6/8
6,2,L6/8,L6/6
6,2,L6/6,L6/5
6,2,L6/5,L6/2
6,3,L6/71,L6/103
6,3,L6/103,L6/100
6,3,L6/100,L6/96
6,3,L6/96,L6/97
6,3,L6/97,L6/105
6,3,L6/105,L6/104
6,3,L6/104,L6/107
6,3,L6/107,L6/111
6,3,L6/111,L6/109
6,3,L6/109,L6/10
6,3,L6/10,L6/8
6,3,L6/8,L6/6
6,3,L6/6,L6/5
6,3,L6/5,L6/3
6,4,L6/71,L6/103
6,4,L6/103,L6/100
6,4,L6/100,L6/96
6,4,L6/96,L6/97
6,4,L6/97,L6/105
6,4,L6/105,L6/104
6,4,L6/104,L6/107
6,4,L6/107,L6/111
6,4,L6/111,L6/109
6,4,L6/109,L6/10
6,4,L6/10,L6/8
6,4,L6/8,L6/7
6,4,L6/7,L6/4
6,5,L6/71,L6/103
6,5,L6/103,L6/100
6,5,L6/100,L6/96
6,5,L6/96,L6/97
6,5,L6/97,L6/105
6,5,L6/105,L6/104
6,5,L6/104,L6/107
6,5,L6/107,L6/111
6,5,L6/111,L6/109
6,5,L6/109,L6/10
6,5,L6/10,L6/8
6,5,L6/8,L6/6
6,5,L6/6,L6/5
6,6,L6/71,L6/103
6,6,L6/103,L6/100
6,6,L6/100,L6/96
6,6,L6/96,L6/97
6,6,L6/97,L6/105
6,6,L6/105,L6/104
6,6,L6/104,L6/107
6,6,L6/107,L6/111
6,6,L6/111,L6/109
6,6,L6/109,L6/10
6,6,L6/10,L6/8
6,6,L6/8,L6/6
6,7,L6/71,L6/103
6,7,L6/103,L6/100
6,7,L6/100,L6/96
6,7,L6/96,L6/97
6,7,L6/97,L6/105
6,7,L6/105,L6/104
6,7,L6/104,L6/107
6,7,L6/107,L6/111
6,7,L6/111,L6/109
6,7,L6/109,L6/10
6,7,L6/10,L6/8
6,7,L6/8,L6/7
6,8,L6/71,L6/103
6,8,L6/103,L6/100
6,8,L6/100,L6/96
6,8,L6/96,L6/97
6,8,L6/97,L6/105
6,8,L6/105,L6/104
6,8,L6/104,L6/107
6,8,L6/107,L6/111
6,8,L6/111,L6/109
6,8,L6/109,L6/10
6,8,L6/10,L6/8
6,9,L6/71,L6/103
6,9,L6/103,L6/100
6,9,L6/100,L6/96
6,9,L6/96,L6/97
6,9,L6/97,L6/105
6,9,L6/105,L6/104
6,9,L6/104,L6/107
6,9,L6/107,L6/111
6,9,L6/111,L6/109
6,9,L6/109,L6/10
6,9,L6/10,L6/9
6,10,L6/71,L6/103
6,10,L6/103,L6/100
6,10,L6/100,L6/96
6,10,L6/96,L6/97
6,10,L6/97,L6/105
6,10,L6/105,L6/104
6,10,L6/104,L6/107
6,10,L6/107,L6/111
6,10,L6/111,L6/109
6,10,L6/109,L6/10
6,11,L6/71,L6/103
6,11,L6/103,L6/100
6,11,L6/100,L6/96
6,11,L6/96,L6/97
6,11,L6/97,L6/105
6,11,L6/105,L6/104
6,11,L6/104,L6/107
6,11,L6/107,L6/111
6,11,L6/111,L6/109
6,11,L6/109,L6/10
6,11,L6/10,L6/11
6,12,L6/71,L6/103
6,12,L6/103,L6/100
6,12,L6/100,L6/96
6,12,L6/96,L6/97
6,12,L6/97,L6/105
6,12,L6/105,L6/104
6,12,L6/104,L6/107
6,12,L6/107,L6/111
6,12,L6/111,L6/109
6,12,L6/109,L6/10
6,12,L6/10,L5/5
6,12,L5/5,L5/7
6,12,L5/7,L6/14
6,12,L6/14,L6/12
6,13,L6/71,L6/103
6,13,L6/103,L6/100
6,13,L6/100,L6/96
6,13,L6/96,L6/97
6,13,L6/97,L6/105
6,13,L6/105,L6/104
6,13,L6/104,L6/107
6,13,L6/107,L6/111
6,13,L6/111,L6/109
6,13,L6/109,L6/10
6,13,L6/10,L5/5
6,13,L5/5,L5/7
6,13,L5/7,L6/15
6,13,L6/15,L6/13
6,14,L6/71,L6/103
6,14,L6/103,L6/100
6,14,L6/100,L6/96
6,14,L6/96,L6/97
6,14,L6/97,L6/105
6,14,L6/105,L6/104
6,14,L6/104,L6/107
6,14,L6/107,L6/111
6,14,L6/111,L6/109
6,14,L6/109,L6/10
6,14,L6/10,L5/5
6,14,L5/5,L5/7
6,14,L5/7,L6/14
6,15,L6/71,L6/103
6,15,L6/103,L6/100
6,15,L6/100,L6/96
6,15,L6/96,L6/97
6,15,L6/97,L6/105
6,15,L6/105,L6/104
6,15,L6/104,L6/107
6,15,L6/107,L6/111
6,15,L6/111,L6/109
6,15,L6/109,L6/10
6,15,L6/10,L5/5
6,15,L5/5,L5/7
6,15,L5/7,L6/15
6,16,L6/71,L6/103
6,16,L6/103,L6/100
6,16,L6/100,L6/96
6,16,L6/96,L6/97
6,16,L6/97,L6/105
6,16,L6/105,L6/104
6,16,L6/104,L6/107
6,16,L6/107,L6/111
6,16,L6/111,L6/109
6,16,L6/109,L6/10
6,16,L6/10,L5/5
6,16,L5/5,L5/7
6,16,L5/7,L6/15
6,16,L6/15,L6/13
6,16,L6/13,L6/26
6,16,L6/26,L6/24
6,16,L6/24,L6/23
6,16,L6/23,L6/22
6,16,L6/22,L6/20
6,16,L6/20,L6/16
6,17,L6/71,L6/103
6,17,L6/103,L6/100
6,17,L6/100,L6/96
6,17,L6/96,L6/97
6,17,L6/97,L6/105
6,17,L6/105,L6/104
6,17,L6/104,L6/107
6,17,L6/107,L6/111
6,17,L6/111,L6/109
6,17,L6/109,L6/10
6,17,L6/10,L5/5
6,17,L5/5,L5/7
6,17,L5/7,L6/15
6,17,L6/15,L6/13
6,17,L6/13,L6/26
6,17,L6/26,L6/24
6,17,L6/24,L6/23
6,17,L6/23,L6/21
6,17,L6/21,L6/19
6,17,L6/19,L6/17
6,18,L6/71,L6/103
6,18,L6/103,L6/100
6,18,L6/100,L6/96
6,18,L6/96,L6/97
6,18,L6/97,L6/105
6,18,L6/105,L6/104
6,18,L6/104,L6/107
6,18,L6/107,L6/111
6,18,L6/111,L6/109
6,18,L6/109,L6/10
6,18,L6/10,L5/5
6,18,L5/5,L5/7
6,18,L5/7,L6/15
6,18,L6/15,L6/13
6,18,L6/13,L6/26
6,18,L6/26,L6/24
6,18,L6/24,L6/23
6,18,L6/23,L6/21
6,18,L6/21,L6/18
6,19,L6/71,L6/103
6,19,L6/103,L6/100
6,19,L6/100,L6/96
6,19,L6/96,L6/97
6,19,L6/97,L6/105
6,19,L6/105,L6/104
6,19,L6/104,L6/107
6,19,L6/107,L6/111
6,19,L6/111,L6/109
6,19,L6/109,L6/10
6,19,L6/10,L5/5
6,19,L5/5,L5/7
6,19,L5/7,L6/15
6,19,L6/15,L6/13
6,19,L6/13,L6/26
6,19,L6/26,L6/24
6,19,L6/24,L6/23
6,19,L6/23,L6/21
6,19,L6/21,L6/19
6,20,L6/71,L6/103
6,20,L6/103,L6/100
6,20,L6/100,L6/96
6,20,L6/96,L6/97
6,20,L6/97,L6/105
6,20,L6/105,L6/104
6,20,L6/104,L6/107
6,20,L6/107,L6/111
6,20,L6/111,L6/109
6,20,L6/109,L6/10
6,20,L6/10,L5/5
6,20,L5/5,L5/7
6,20,L5/7,L6/15
6,20,L6/15,L6/13
6,20,L6/13,L6/26
6,20,L6/26,L6/24
6,20,L6/24,L6/23
6,20,L6/23,L6/22
6,20,L6/22,L6/20
6,21,L6/71,L6/103
6,21,L6/103,L6/100
6,21,L6/100,L6/96
6,21,L6/96,L6/97
6,21,L6/97,L6/105
6,21,L6/105,L6/104
6,21,L6/104,L6/107
6,21,L6/107,L6/111
6,21,L6/111,L6/109
6,21,L6/109,L6/10
6,21,L6/10,L5/5
6,21,L5/5,L5/7
6,21,L5/7,L6/15
6,21,L6/15,L6/13
6,21,L6/13,L6/26
6,21,L6/26,L6/24
6,21,L6/24,L6/23
6,21,L6/23,L6/21
6,22,L6/71,L6/103
6,22,L6/103,L6/100
6,22,L6/100,L6/96
6,22,L6/96,L6/97
6,22,L6/97,L6/105
6,22,L6/105,L6/104
6,22,L6/104,L6/107
6,22,L6/107,L6/111
6,22,L6/111,L6/109
6,22,L6/109,L6/10
6,22,L6/10,L5/5
6,22,L5/5,L5/7
6,22,L5/7,L6/15
6,22,L6/15,L6/13
6,22,L6/13,L6/26
6,22,L6/26,L6/24
6,22,L6/24,L6/23
6,22,L6/23,L6/22
6,23,L6/71,L6/103
6,23,L6/103,L6/100
6,23,L6/100,L6/96
6,23,L6/96,L6/97
6,23,L6/97,L6/105
6,23,L6/105,L6/104
6,23,L6/104,L6/107
6,23,L6/107,L6/111
6,23,L6/111,L6/109
6,23,L6/109,L6/10
6,23,L6/10,L5/5
6,23,L5/5,L5/7
6,23,L5/7,L6/15
6,23,L6/15,L6/13
6,23,L6/13,L6/26
6,23,L6/26,L6/24
6,23,L6/24,L6/23
6,24,L6/71,L6/103
6,24,L6/103,L6/100
6,24,L6/100,L6/96
6,24,L6/96,L6/97
6,24,L6/97,L6/105
6,24,L6/105,L6/104
6,24,L6/104,L6/107
6,24,L6/107,L6/111
6,24,L6/111,L6/109
6,24,L6/109,L6/10
6,24,L6/10,L5/5
6,24,L5/5,L5/7
6,24,L5/7,L6/15
6,24,L6/15,L6/13
6,24,L6/13,L6/26
6,24,L6/26,L6/24
6,25,L6/71,L6/103
6,25,L6/103,L6/100
6,25,L6/100,L6/96
6,25,L6/96,L6/97
6,25,L6/97,L6/105
6,25,L6/105,L6/104
6,25,L6/104,L6/107
6,25,L6/107,L6/111
6,25,L6/111,L6/109
6,25,L6/109,L6/10
6,25,L6/10,L5/5
6,25,L5/5,L5/7
6,25,L5/7,L6/15
6,25,L6/15,L6/13
6,25,L6/13,L6/26
6,25,L6/26,L6/24
6,25,L6/24,L6/25
6,26,L6/71,L6/103
6,26,L6/103,L6/100
6,26,L6/100,L6/96
6,26,L6/96,L6/97
6,26,L6/97,L6/105
6,26,L6/105,L6/104
6,26,L6/104,L6/107
6,26,L6/107,L6/111
6,26,L6/111,L6/109
6,26,L6/109,L6/10
6,26,L6/10,L5/5
6,26,L5/5,L5/7
6,26,L5/7,L6/15
6,26,L6/15,L6/13
6,26,L6/13,L6/26
6,27,L6/71,L6/103
6,27,L6/103,L6/100
6,27,L6/100,L6/96
6,27,L6/96,L6/97
6,27,L6/97,L6/105
6,27,L6/105,L6/104
6,27,L6/104,L6/107
6,27,L6/107,L6/111
6,27,L6/111,L6/109
6,27,L6/109,L6/10
6,27,L6/10,L5/5
6,27,L5/5,L5/7
6,27,L5/7,L6/15
6,27,L6/15,L6/13
6,27,L6/13,L6/27
6,28,L6/71,L5/35
6,28,L5/35,L5/28
6,28,L5/28,L6/57
6,28,L6/57,L6/31
6,28,L6/31,L6/28
6,29,L6/71,L5/35
6,29,L5/35,L5/28
6,29,L5/28,L6/56
6,29,L6/56,L6/29
6,30,L6/71,L5/35
6,30,L5/35,L5/28
6,30,L5/28,L6/57
6,30,L6/57,L6/31
6,30,L6/31,L6/30
6,31,L6/71,L5/35
6,31,L5/35,L5/28
6,31,L5/28,L6/57
6,31,L6/57,L6/31
6,32,L6/71,L6/103
6,32,L6/103,L6/100
6,32,L6/100,L6/96
6,32,L6/96,L6/97
6,32,L6/97,L6/105
6,32,L6/105,L6/104
6,32,L6/104,L6/107
6,32,L6/107,L6/111
6,32,L6/111,L6/109
6,32,L6/109,L6/10
6,32,L6/10,L5/5
6,32,L5/5,L5/7
6,32,L5/7,L6/15
6,32,L6/15,L6/13
6,32,L6/13,L6/26
6,32,L6/26,L6/24
6,32,L6/24,L6/25
6,32,L6/25,L6/52
6,32,L6/52,L6/55
6,32,L6/55,L6/48
6,32,L6/48,L6/49
6,32,L6/49,L6/32
6,33,L6/71,L6/103
6,33,L6/103,L6/100
6,33,L6/100,L6/96
6,33,L6/96,L6/97
6,33,L6/97,L6/105
6,33,L6/105,L6/104
6,33,L6/104,L6/107
6,33,L6/107,L6/111
6,33,L6/111,L6/109
6,33,L6/109,L6/10
6,33,L6/10,L5/5
6,33,L5/5,L5/7
6,33,L5/7,L6/15
6,33,L6/15,L6/13
6,33,L6/13,L6/26
6,33,L6/26,L6/24
6,33,L6/24,L6/25
6,33,L6/25,L6/52
6,33,L6/52,L6/55
6,33,L6/55,L6/48
6,33,L6/48,L6/49
6,33,L6/49,L6/33
6,34,L6/71,L6/103
6,34,L6/103,L6/100
6,34,L6/100,L6/96
6,34,L6/96,L6/97
6,34,L6/97,L6/105
6,34,L6/105,L6/104
6,34,L6/104,L6/107
6,34,L6/107,L6/111
6,34,L6/111,L6/109
6,34,L6/109,L6/10
6,34,L6/10,L5/5
6,34,L5/5,L5/7
6,34,L5/7,L6/15
6,34,L6/15,L6/13
6,34,L6/13,L6/26
6,34,L6/26,L6/24
6,34,L6/24,L6/25
6,34,L6/25,L6/52
6,34,L6/52,L6/55
6,34,L6/55,L6/48
6,34,L6/48,L6/49
6,34,L6/49,L6/32
6,34,L6/32,L6/34
6,35,L6/71,L6/103
6,35,L6/103,L6/100
6,35,L6/100,L6/96
6,35,L6/96,L6/97
6,35,L6/97,L6/105
6,35,L6/105,L6/104
6,35,L6/104,L6/107
6,35,L6/107,L6/111
6,35,L6/111,L6/109
6,35,L6/109,L6/10
6,35,L6/10,L5/5
6,35,L5/5,L5/7
6,35,L5/7,L6/15
6,35,L6/15,L6/13
6,35,L6/13,L6/26
6,35,L6/26,L6/24
6,35,L6/24,L6/25
6,35,L6/25,L6/52
6,35,L6/52,L6/55
6,35,L6/55,L6/48
6,35,L6/48,L6/49
6,35,L6/49,L6/32
6,35,L6/32,L6/35
6,36,L6/71,L6/103
6,36,L6/103,L6/100
6,36,L6/100,L6/96
6,36,L6/96,L6/97
6,36,L6/97,L6/105
6,36,L6/105,L6/104
6,36,L6/104,L6/107
6,36,L6/107,L6/111
6,36,L6/111,L6/109
6,36,L6/109,L6/10
6,36,L6/10,L5/5
6,36,L5/5,L5/7
6,36,L5/7,L6/15
6,36,L6/15,L6/13
6,36,L6/13,L6/26
6,36,L6/26,L6/24
6,36,L6/24,L6/25
6,36,L6/25,L6/52
6,36,L6/52,L6/55
6,36,L6/55,L6/48
6,36,L6/48,L6/49
6,36,L6/49,L6/33
6,36,L6/33,L6/37
6,36,L6/37,L6/36
6,37,L6/71,L6/103
6,37,L6/103,L6/100
6,37,L6/100,L6/96
6,37,L6/96,L6/97
6,37,L6/97,L6/105
6,37,L6/105,L6/104
6,37,L6/104,L6/107
6,37,L6/107,L6/111
6,37,L6/111,L6/109
6,37,L6/109,L6/10
6,37,L6/10,L5/5
6,37,L5/5,L5/7
6,37,L5/7,L6/15
6,37,L6/15,L6/13
6,37,L6/13,L6/26
6,37,L6/26,L6/24
6,37,L6/24,L6/25
6,37,L6/25,L6/52
6,37,L6/52,L6/55
6,37,L6/55,L6/48
6,37,L6/48,L6/49
6,37,L6/49,L6/33
6,37,L6/33,L6/37
6,38,L6/71,L6/103
6,38,L6/103,L6/100
6,38,L6/100,L6/96
6,38,L6/96,L6/97
6,38,L6/97,L6/105
6,38,L6/105,L6/104
6,38,L6/104,L6/107
6,38,L6/107,L6/111
6,38,L6/111,L6/109
6,38,L6/109,L6/10
6,38,L6/10,L5/5
6,38,L5/5,L5/7
6,38,L5/7,L6/15
6,38,L6/15,L6/13
6,38,L6/13,L6/26
6,38,L6/26,L6/24
6,38,L6/24,L6/25
6,38,L6/25,L6/52
6,38,L6/52,L6/55
6,38,L6/55,L6/48
6,38,L6/48,L6/49
6,38,L6/49,L6/33
6,38,L6/33,L6/37
6,38,L6/37,L6/38
6,39,L6/71,L6/103
6,39,L6/103,L6/100
6,39,L6/100,L6/96
6,39,L6/96,L6/97
6,39,L6/97,L6/105
6,39,L6/105,L6/104
6,39,L6/104,L6/107
6,39,L6/107,L6/111
6,39,L6/111,L6/109
6,39,L6/109,L6/10
6,39,L6/10,L5/5
6,39,L5/5,L5/7
6,39,L5/7,L6/15
6,39,L6/15,L6/13
6,39,L6/13,L6/26
6,39,L6/26,L6/24
6,39,L6/24,L6/25
6,39,L6/25,L6/52
6,39,L6/52,L6/55
6,39,L6/55,L6/48
6,39,L6/48,L6/49
6,39,L6/49,L6/33
6,39,L6/33,L6/37
6,39,L6/37,L6/39
6,40,L6/71,L6/103
6,40,L6/103,L6/100
6,40,L6/100,L6/96
6,40,L6/96,L6/97
6,40,L6/97,L6/105
6,40,L6/105,L6/104
6,40,L6/104,L6/107
6,40,L6/107,L6/111
6,40,L6/111,L6/109
6,40,L6/109,L6/10
6,40,L6/10,L5/5
6,40,L5/5,L5/7
6,40,L5/7,L6/15
6,40,L6/15,L6/13
6,40,L6/13,L6/26
6,40,L6/26,L6/24
6,40,L6/24,L6/25
6,40,L6/25,L6/52
6,40,L6/52,L6/55
6,40,L6/55,L6/48
6,40,L6/48,L6/49
6,40,L6/49,L6/33
6,40,L6/33,L5/16
6,40,L5/16,L4/8
6,40,L4/8,L4/10
6,40,L4/10,L5/20
6,40,L5/20,L6/40
6,41,L6/71,L6/103
6,41,L6/103,L6/100
6,41,L6/100,L6/96
6,41,L6/96,L6/97
6,41,L6/97,L6/105
6,41,L6/105,L6/104
6,41,L6/104,L6/107
6,41,L6/107,L6/111
6,41,L6/111,L6/109
6,41,L6/109,L6/10
6,41,L6/10,L5/5
6,41,L5/5,L5/7
6,41,L5/7,L6/15
6,41,L6/15,L6/13
6,41,L6/13,L6/26
6,41,L6/26,L6/24
6,41,L6/24,L6/25
6,41,L6/25,L6/52
6,41,L6/52,L6/55
6,41,L6/55,L6/48
6,41,L6/48,L6/49
6,41,L6/49,L6/33
6,41,L6/33,L5/16
6,41,L5/16,L4/8
6,41,L4/8,L4/10
6,41,L4/10,L5/20
6,41,L5/20,L6/41
6,42,L6/71,L6/103
6,42,L6/103,L6/100
6,42,L6/100,L6/96
6,42,L6/96,L6/97
6,42,L6/97,L6/105
6,42,L6/105,L6/104
6,42,L6/104,L6/107
6,42,L6/107,L6/111
6,42,L6/111,L6/109
6,42,L6/109,L6/10
6,42,L6/10,L5/5
6,42,L5/5,L5/7
6,42,L5/7,L6/15
6,42,L6/15,L6/13
6,42,L6/13,L6/26
6,42,L6/26,L6/24
6,42,L6/24,L6/25
6,42,L6/25,L6/52
6,42,L6/52,L6/55
6,42,L6/55,L6/48
6,42,L6/48,L6/49
6,42,L6/49,L6/33
6,42,L6/33,L5/16
6,42,L5/16,L4/8
6,42,L4/8,L4/10
6,42,L4/10,L5/21
6,42,L5/21,L6/42
6,43,L6/71,L6/103
6,43,L6/103,L6/100
6,43,L6/100,L6/96
6,43,L6/96,L6/97
6,43,L6/97,L6/105
6,43,L6/105,L6/104
6,43,L6/104,L6/107
6,43,L6/107,L6/111
6,43,L6/111,L6/109
6,43,L6/109,L6/10
6,43,L6/10,L5/5
6,43,L5/5,L5/7
6,43,L5/7,L6/15
6,43,L6/15,L6/13
6,43,L6/13,L6/26
6,43,L6/26,L6/24
6,43,L6/24,L6/25
6,43,L6/25,L6/52
6,43,L6/52,L6/55
6,43,L6/55,L6/48
6,43,L6/48,L6/49
6,43,L6/49,L6/33
6,43,L6/33,L5/16
6,43,L5/16,L4/8
6,43,L4/8,L4/10
6,43,L4/10,L5/21
6,43,L5/21,L6/43
6,44,L6/71,L6/103
6,44,L6/103,L6/100
6,44,L6/100,L6/96
6,44,L6/96,L6/97
6,44,L6/97,L6/105
6,44,L6/105,L6/104
6,44,L6/104,L6/107
6,44,L6/107,L6/111
6,44,L6/111,L6/109
6,44,L6/109,L6/10
6,44,L6/10,L5/5
6,44,L5/5,L5/7
6,44,L5/7,L6/15
6,44,L6/15,L6/13
6,44,L6/13,L6/26
6,44,L6/26,L6/24
6,44,L6/24,L6/25
6,44,L6/25,L6/52
6,44,L6/52,L6/55
6,44,L6/55,L6/48
6,44,L6/48,L6/49
6,44,L6/49,L6/33
6,44,L6/33,L5/16
6,44,L5/16,L4/8
6,44,L4/8,L4/10
6,44,L4/10,L5/20
6,44,L5/20,L6/40
6,44,L6/40,L6/47
6,44,L6/47,L6/44
6,45,L6/71,L6/103
6,45,L6/103,L6/100
6,45,L6/100,L6/96
6,45,L6/96,L6/97
6,45,L6/97,L6/105
6,45,L6/105,L6/104
6,45,L6/104,L6/107
6,45,L6/107,L6/111
6,45,L6/111,L6/109
6,45,L6/109,L6/10
6,45,L6/10,L5/5
6,45,L5/5,L5/7
6,45,L5/7,L6/15
6,45,L6/15,L6/13
6,45,L6/13,L6/26
6,45,L6/26,L6/24
6,45,L6/24,L6/25
6,45,L6/25,L6/52
6,45,L6/52,L6/55
6,45,L6/55,L6/48
6,45,L6/48,L6/49
6,45,L6/49,L6/33
6,45,L6/33,L5/16
6,45,L5/16,L4/8
6,45,L4/8,L4/10
6,45,L4/10,L5/20
6,45,L5/20,L6/40
6,45,L6/40,L6/47
6,45,L6/47,L6/45
6,46,L6/71,L6/103
6,46,L6/103,L6/100
6,46,L6/100,L6/96
6,46,L6/96,L6/97
6,46,L6/97,L6/105
6,46,L6/105,L6/104
6,46,L6/104,L6/107
6,46,L6/107,L6/111
6,46,L6/111,L6/109
6,46,L6/109,L6/10
6,46,L6/10,L5/5
6,46,L5/5,L5/7
6,46,L5/7,L6/15
6,46,L6/15,L6/13
6,46,L6/13,L6/26
6,46,L6/26,L6/24
6,46,L6/24,L6/25
6,46,L6/25,L6/52
6,46,L6/52,L6/55
6,46,L6/55,L6/48
6,46,L6/48,L6/49
6,46,L6/49,L6/33
6,46,L6/33,L5/16
6,46,L5/16,L4/8
6,46,L4/8,L4/10
6,46,L4/10,L5/20
6,46,L5/20,L6/40
6,46,L6/40,L6/47
6,46,L6/47,L6/46
6,47,L6/71,L6/103
6,47,L6/103,L6/100
6,47,L6/100,L6/96
6,47,L6/96,L6/97
6,47,L6/97,L6/105
6,47,L6/105,L6/104
6,47,L6/104,L6/107
6,47,L6/107,L6/111
6,47,L6/111,L6/109
6,47,L6/109,L6/10
6,47,L6/10,L5/5
6,47,L5/5,L5/7
6,47,L5/7,L6/15
6,47,L6/15,L6/13
6,47,L6/13,L6/26
6,47,L6/26,L6/24
6,47,L6/24,L6/25
6,47,L6/25,L6/52
6,47,L6/52,L6/55
6,47,L6/55,L6/48
6,47,L6/48,L6/49
6,47,L6/49,L6/33
6,47,L6/33,L5/16
6,47,L5/16,L4/8
6,47,L4/8,L4/10
6,47,L4/10,L5/20
6,47,L5/20,L6/40
6,47,L6/40,L6/47
6,48,L6/71,L6/103
6,48,L6/103,L6/100
6,48,L6/100,L6/96
6,48,L6/96,L6/97
6,48,L6/97,L6/105
6,48,L6/105,L6/104
6,48,L6/104,L6/107
6,48,L6/107,L6/111
6,48,L6/111,L6/109
6,48,L6/109,L6/10
6,48,L6/10,L5/5
6,48,L5/5,L5/7
6,48,L5/7,L6/15
6,48,L6/15,L6/13
6,48,L6/13,L6/26
6,48,L6/26,L6/24
6,48,L6/24,L6/25
6,48,L6/25,L6/52
6,48,L6/52,L6/55
6,48,L6/55,L6/48
6,49,L6/71,L6/103
6,49,L6/103,L6/100
6,49,L6/100,L6/96
6,49,L6/96,L6/97
6,49,L6/97,L6/105
6,49,L6/105,L6/104
6,49,L6/104,L6/107
6,49,L6/107,L6/111
6,49,L6/111,L6/109
6,49,L6/109,L6/10
6,49,L6/10,L5/5
6,49,L5/5,L5/7
6,49,L5/7,L6/15
6,49,L6/15,L6/13
6,49,L6/13,L6/26
6,49,L6/26,L6/24
6,49,L6/24,L6/25
6,49,L6/25,L6/52
6,49,L6/52,L6/55
6,49,L6/55,L6/48
6,49,L6/48,L6/49
6,50,L6/71,L6/103
6,50,L6/103,L6/100
6,50,L6/100,L6/96
6,50,L6/96,L6/97
6,50,L6/97,L6/105
6,50,L6/105,L6/104
6,50,L6/104,L6/107
6,50,L6/107,L6/111
6,50,L6/111,L6/109
6,50,L6/109,L6/10
6,50,L6/10,L5/5
6,50,L5/5,L5/7
6,50,L5/7,L6/15
6,50,L6/15,L6/13
6,50,L6/13,L6/26
6,50,L6/26,L6/24
6,50,L6/24,L6/25
6,50,L6/25,L6/52
6,50,L6/52,L6/55
6,50,L6/55,L6/50
6,51,L6/71,L6/103
6,51,L6/103,L6/100
6,51,L6/100,L6/96
6,51,L6/96,L6/97
6,51,L6/97,L6/105
6,51,L6/105,L6/104
6,51,L6/104,L6/107
6,51,L6/107,L6/111
6,51,L6/111,L6/109
6,51,L6/109,L6/10
6,51,L6/10,L5/5
6,51,L5/5,L5/7
6,51,L5/7,L6/15
6,51,L6/15,L6/13
6,51,L6/13,L6/26
6,51,L6/26,L6/24
6,51,L6/24,L6/25
6,51,L6/25,L6/52
6,51,L6/52,L6/55
6,51,L6/55,L6/50
6,51,L6/50,L6/51
6,52,L6/71,L6/103
6,52,L6/103,L6/100
6,52,L6/100,L6/96
6,52,L6/96,L6/97
6,52,L6/97,L6/105
6,52,L6/105,L6/104
6,52,L6/104,L6/107
6,52,L6/107,L6/111
6,52,L6/111,L6/109
6,52,L6/109,L6/10
6,52,L6/10,L5/5
6,52,L5/5,L5/7
6,52,L5/7,L6/15
6,52,L6/15,L6/13
6,52,L6/13,L6/26
6,52,L6/26,L6/24
6,52,L6/24,L6/25
6,52,L6/25,L6/52
6,53,L6/71,L6/103
6,53,L6/103,L6/100
6,53,L6/100,L6/96
6,53,L6/96,L6/97
6,53,L6/97,L6/105
6,53,L6/105,L6/104
6,53,L6/104,L6/107
6,53,L6/107,L6/111
6,53,L6/111,L6/109
6,53,L6/109,L6/10
6,53,L6/10,L5/5
6,53,L5/5,L5/7
6,53,L5/7,L6/15
6,53,L6/15,L6/13
6,53,L6/13,L6/26
6,53,L6/26,L6/24
6,53,L6/24,L6/23
6,53,L6/23,L6/53
6,54,L6/71,L6/103
6,54,L6/103,L6/100
6,54,L6/100,L6/96
6,54,L6/96,L6/97
6,54,L6/97,L6/105
6,54,L6/105,L6/104
6,54,L6/104,L6/107
6,54,L6/107,L6/111
6,54,L6/111,L6/109
6,54,L6/109,L6/10
6,54,L6/10,L5/5
6,54,L5/5,L5/7
6,54,L5/7,L6/15
6,54,L6/15,L6/13
6,54,L6/13,L6/26
6,54,L6/26,L6/24
6,54,L6/24,L6/25
6,54,L6/25,L6/52
6,54,L6/52,L6/55
6,54,L6/55,L6/54
6,55,L6/71,L6/103
6,55,L6/103,L6/100
6,55,L6/100,L6/96
6,55,L6/96,L6/97
6,55,L6/97,L6/105
6,55,L6/105,L6/104
6,55,L6/104,L6/107
6,55,L6/107,L6/111
6,55,L6/111,L6/109
6,55,L6/109,L6/10
6,55,L6/10,L5/5
6,55,L5/5,L5/7
6,55,L5/7,L6/15
6,55,L6/15,L6/13
6,55,L6/13,L6/26
6,55,L6/26,L6/24
6,55,L6/24,L6/25
6,55,L6/25,L6/52
6,55,L6/52,L6/55
6,56,L6/71,L5/35
6,56,L5/35,L5/28
6,56,L5/28,L6/56
6,57,L6/71,L5/35
6,57,L5/35,L5/28
6,57,L5/28,L6/57
6,58,L6/71,L5/35
6,58,L5/35,L5/28
6,58,L5/28,L6/57
6,58,L6/57,L6/58
6,59,L6/71,L5/35
6,59,L5/35,L5/28
6,59,L5/28,L6/57
6,59,L6/57,L6/59
6,60,L6/71,L5/35
6,60,L5/35,L5/28
6,60,L5/28,L6/57
6,60,L6/57,L6/59
6,60,L6/59,L6/60
6,61,L6/71,L5/35
6,61,L5/35,L5/28
6,61,L5/28,L6/57
6,61,L6/57,L6/59
6,61,L6/59,L6/61
6,62,L6/71,L5/35
6,62,L5/35,L5/28
6,62,L5/28,L6/56
6,62,L6/56,L6/63
6,62,L6/63,L6/62
6,63,L6/71,L5/35
6,63,L5/35,L5/28
6,63,L5/28,L6/56
6,63,L6/56,L6/63
6,64,L6/71,L6/68
6,64,L6/68,L6/102
6,64,L6/102,L6/64
6,65,L6/71,L6/68
6,65,L6/68,L6/102
6,65,L6/102,L6/64
6,65,L6/64,L6/65
6,66,L6/71,L6/68
6,66,L6/68,L6/102
6,66,L6/102,L6/64
6,66,L6/64,L6/66
6,67,L6/71,L6/68
6,67,L6/68,L6/102
6,67,L6/102,L6/64
6,67,L6/64,L6/67
6,68,L6/71,L6/68
6,69,L6/71,L6/69
6,70,L6/71,L6/70
6,72,L6/71,L6/103
6,72,L6/103,L6/100
6,72,L6/100,L6/96
6,72,L6/96,L6/97
6,72,L6/97,L6/118
6,72,L6/118,L6/117
6,72,L6/117,L6/116
6,72,L6/116,L6/121
6,72,L6/121,L6/123
6,72,L6/123,L6/78
6,72,L6/78,L6/76
6,72,L6/76,L6/73
6,72,L6/73,L6/72
6,73,L6/71,L6/103
6,73,L6/103,L6/100
6,73,L6/100,L6/96
6,73,L6/96,L6/97
6,73,L6/97,L6/118
6,73,L6/118,L6/117
6,73,L6/117,L6/116
6,73,L6/116,L6/121
6,73,L6/121,L6/123
6,73,L6/123,L6/78
6,73,L6/78,L6/76
6,73,L6/76,L6/73
6,74,L6/71,L6/103
6,74,L6/103,L6/100
6,74,L6/100,L6/96
6,74,L6/96,L6/97
6,74,L6/97,L6/118
6,74,L6/118,L6/117
6,74,L6/117,L6/116
6,74,L6/116,L6/121
6,74,L6/121,L6/123
6,74,L6/123,L6/78
6,74,L6/78,L6/76
6,74,L6/76,L6/75
6,74,L6/75,L6/74
6,75,L6/71,L6/103
6,75,L6/103,L6/100
6,75,L6/100,L6/96
6,75,L6/96,L6/97
6,75,L6/97,L6/118
6,75,L6/118,L6/117
6,75,L6/117,L6/116
6,75,L6/116,L6/121
6,75,L6/121,L6/123
6,75,L6/123,L6/78
6,75,L6/78,L6/76
6,75,L6/76,L6/75
6,76,L6/71,L6/103
6,76,L6/103,L6/100
6,76,L6/100,L6/96
6,76,L6/96,L6/97
6,76,L6/97,L6/118
6,76,L6/118,L6/117
6,76,L6/117,L6/116
6,76,L6/116,L6/121
6,76,L6/121,L6/123
6,76,L6/123,L6/78
6,76,L6/78,L6/76
6,77,L6/71,L6/103
6,77,L6/103,L6/100
6,77,L6/100,L6/96
6,77,L6/96,L6/97
6,77,L6/97,L6/118
6,77,L6/118,L6/117
6,77,L6/117,L6/116
6,77,L6/116,L6/121
6,77,L6/121,L6/123
6,77,L6/123,L6/78
6,77,L6/78,L6/76
6,77,L6/76,L6/77
6,78,L6/71,L6/103
6,78,L6/103,L6/100
6,78,L6/100,L6/96
6,78,L6/96,L6/97
6,78,L6/97,L6/118
6,78,L6/118,L6/117
6,78,L6/117,L6/116
6,78,L6/116,L6/121
6,78,L6/121,L6/123
6,78,L6/123,L6/78
6,79,L6/71,L6/103
6,79,L6/103,L6/100
6,79,L6/100,L6/96
6,79,L6/96,L6/97
6,79,L6/97,L6/118
6,79,L6/118,L6/117
6,79,L6/117,L6/116
6,79,L6/116,L6/121
6,79,L6/121,L6/123
6,79,L6/123,L6/78
6,79,L6/78,L6/79
6,80,L6/71,L6/103
6,80,L6/103,L6/100
6,80,L6/100,L6/96
6,80,L6/96,L6/97
6,80,L6/97,L6/105
6,80,L6/105,L6/104
6,80,L6/104,L6/107
6,80,L6/107,L6/111
6,80,L6/111,L6/109
6,80,L6/109,L6/10
6,80,L6/10,L5/5
6,80,L5/5,L5/7
6,80,L5/7,L6/15
6,80,L6/15,L6/13
6,80,L6/13,L6/26
6,80,L6/26,L6/24
6,80,L6/24,L6/25
6,80,L6/25,L6/52
6,80,L6/52,L6/55
6,80,L6/55,L6/48
6,80,L6/48,L6/49
6,80,L6/49,L6/33
6,80,L6/33,L5/16
6,80,L5/16,L4/8
6,80,L4/8,L4/10
6,80,L4/10,L5/20
6,80,L5/20,L6/40
6,80,L6/40,L6/47
6,80,L6/47,L6/45
6,80,L6/45,L5/22
6,80,L5/22,L5/40
6,80,L5/40,L6/80
6,81,L6/71,L6/103
6,81,L6/103,L6/100
6,81,L6/100,L6/96
6,81,L6/96,L6/97
6,81,L6/97,L6/105
6,81,L6/105,L6/104
6,81,L6/104,L6/107
6,81,L6/107,L6/111
6,81,L6/111,L6/109
6,81,L6/109,L6/10
6,81,L6/10,L5/5
6,81,L5/5,L5/7
6,81,L5/7,L6/15
6,81,L6/15,L6/13
6,81,L6/13,L6/26
6,81,L6/26,L6/24
6,81,L6/24,L6/25
6,81,L6/25,L6/52
6,81,L6/52,L6/55
6,81,L6/55,L6/48
6,81,L6/48,L6/49
6,81,L6/49,L6/33
6,81,L6/33,L5/16
6,81,L5/16,L4/8
6,81,L4/8,L4/10
6,81,L4/10,L5/20
6,81,L5/20,L6/40
6,81,L6/40,L6/47
6,81,L6/47,L6/45
6,81,L6/45,L5/22
6,81,L5/22,L5/40
6,81,L5/40,L6/81
6,82,L6/71,L6/103
6,82,L6/103,L6/100
6,82,L6/100,L6/96
6,82,L6/96,L6/97
6,82,L6/97,L6/105
6,82,L6/105,L6/104
6,82,L6/104,L6/107
6,82,L6/107,L6/111
6,82,L6/111,L6/109
6,82,L6/109,L6/10
6,82,L6/10,L5/5
6,82,L5/5,L5/7
6,82,L5/7,L6/15
6,82,L6/15,L6/13
6,82,L6/13,L6/26
6,82,L6/26,L6/24
6,82,L6/24,L6/25
6,82,L6/25,L6/52
6,82,L6/52,L6/55
6,82,L6/55,L6/48
6,82,L6/48,L6/49
6,82,L6/49,L6/33
6,82,L6/33,L5/16
6,82,L5/16,L4/8
6,82,L4/8,L4/10
6,82,L4/10,L5/20
6,82,L5/20,L6/40
6,82,L6/40,L6/47
6,82,L6/47,L6/45
6,82,L6/45,L5/22
6,82,L5/22,L5/40
6,82,L5/40,L6/81
6,82,L6/81,L6/82
6,83,L6/71,L6/103
6,83,L6/103,L6/100
6,83,L6/100,L6/96
6,83,L6/96,L6/97
6,83,L6/97,L6/105
6,83,L6/105,L6/104
6,83,L6/104,L6/107
6,83,L6/107,L6/111
6,83,L6/111,L6/109
6,83,L6/109,L6/10
6,83,L6/10,L5/5
6,83,L5/5,L5/7
6,83,L5/7,L6/15
6,83,L6/15,L6/13
6,83,L6/13,L6/26
6,83,L6/26,L6/24
6,83,L6/24,L6/25
6,83,L6/25,L6/52
6,83,L6/52,L6/55
6,83,L6/55,L6/48
6,83,L6/48,L6/49
6,83,L6/49,L6/33
6,83,L6/33,L5/16
6,83,L5/16,L4/8
6,83,L4/8,L4/10
6,83,L4/10,L5/20
6,83,L5/20,L6/40
6,83,L6/40,L6/47
6,83,L6/47,L6/45
6,83,L6/45,L5/22
6,83,L5/22,L5/40
6,83,L5/40,L6/81
6,83,L6/81,L6/83
6,84,L6/71,L6/103
6,84,L6/103,L6/100
6,84,L6/100,L6/96
6,84,L6/96,L6/97
6,84,L6/97,L6/105
6,84,L6/105,L6/104
6,84,L6/104,L6/107
6,84,L6/107,L6/111
6,84,L6/111,L6/109
6,84,L6/109,L6/10
6,84,L6/10,L5/5
6,84,L5/5,L5/7
6,84,L5/7,L6/15
6,84,L6/15,L6/13
6,84,L6/13,L6/26
6,84,L6/26,L6/24
6,84,L6/24,L6/25
6,84,L6/25,L6/52
6,84,L6/52,L6/55
6,84,L6/55,L6/48
6,84,L6/48,L6/49
6,84,L6/49,L6/33
6,84,L6/33,L5/16
6,84,L5/16,L4/8
6,84,L4/8,L4/10
6,84,L4/10,L5/20
6,84,L5/20,L6/40
6,84,L6/40,L6/47
6,84,L6/47,L6/45
6,84,L6/45,L5/22
6,84,L5/22,L5/40
6,84,L5/40,L6/80
6,84,L6/80,L6/87
6,84,L6/87,L6/84
6,85,L6/71,L6/103
6,85,L6/103,L6/100
6,85,L6/100,L6/96
6,85,L6/96,L6/97
6,85,L6/97,L6/105
6,85,L6/105,L6/104
6,85,L6/104,L6/107
6,85,L6/107,L6/111
6,85,L6/111,L6/109
6,85,L6/109,L6/10
6,85,L6/10,L5/5
6,85,L5/5,L5/7
6,85,L5/7,L6/15
6,85,L6/15,L6/13
6,85,L6/13,L6/26
6,85,L6/26,L6/24
6,85,L6/24,L6/25
6,85,L6/25,L6/52
6,85,L6/52,L6/55
6,85,L6/55,L6/48
6,85,L6/48,L6/49
6,85,L6/49,L6/33
6,85,L6/33,L5/16
6,85,L5/16,L4/8
6,85,L4/8,L4/10
6,85,L4/10,L5/20
6,85,L5/20,L6/40
6,85,L6/40,L6/47
6,85,L6/47,L6/45
6,85,L6/45,L5/22
6,85,L5/22,L5/40
6,85,L5/40,L6/81
6,85,L6/81,L6/83
6,85,L6/83,L6/85
6,86,L6/71,L6/103
6,86,L6/103,L6/100
6,86,L6/100,L6/96
6,86,L6/96,L6/97
6,86,L6/97,L6/105
6,86,L6/105,L6/104
6,86,L6/104,L6/107
6,86,L6/107,L6/111
6,86,L6/111,L6/109
6,86,L6/109,L6/10
6,86,L6/10,L5/5
6,86,L5/5,L5/7
6,86,L5/7,L6/15
6,86,L6/15,L6/13
6,86,L6/13,L6/26
6,86,L6/26,L6/24
6,86,L6/24,L6/25
6,86,L6/25,L6/52
6,86,L6/52,L6/55
6,86,L6/55,L6/48
6,86,L6/48,L6/49
6,86,L6/49,L6/33
6,86,L6/33,L5/16
6,86,L5/16,L4/8
6,86,L4/8,L4/10
6,86,L4/10,L5/20
6,86,L5/20,L6/40
6,86,L6/40,L6/47
6,86,L6/47,L6/45
6,86,L6/45,L5/22
6,86,L5/22,L5/40
6,86,L5/40,L6/80
6,86,L6/80,L6/87
6,86,L6/87,L6/86
6,87,L6/71,L6/103
6,87,L6/103,L6/100
6,87,L6/100,L6/96
6,87,L6/96,L6/97
6,87,L6/97,L6/105
6,87,L6/105,L6/104
6,87,L6/104,L6/107
6,87,L6/107,L6/111
6,87,L6/111,L6/109
6,87,L6/109,L6/10
6,87,L6/10,L5/5
6,87,L5/5,L5/7
6,87,L5/7,L6/15
6,87,L6/15,L6/13
6,87,L6/13,L6/26
6,87,L6/26,L6/24
6,87,L6/24,L6/25
6,87,L6/25,L6/52
6,87,L6/52,L6/55
6,87,L6/55,L6/48
6,87,L6/48,L6/49
6,87,L6/49,L6/33
6,87,L6/33,L5/16
6,87,L5/16,L4/8
6,87,L4/8,L4/10
6,87,L4/10,L5/20
6,87,L5/20,L6/40
6,87,L6/40,L6/47
6,87,L6/47,L6/45
6,87,L6/45,L5/22
6,87,L5/22,L5/40
6,87,L5/40,L6/80
6,87,L6/80,L6/87
6,88,L6/71,L6/103
6,88,L6/103,L6/100
6,88,L6/100,L6/96
6,88,L6/96,L6/97
6,88,L6/97,L6/105
6,88,L6/105,L6/104
6,88,L6/104,L6/107
6,88,L6/107,L6/111
6,88,L6/111,L6/109
6,88,L6/109,L6/10
6,88,L6/10,L5/5
6,88,L5/5,L5/7
6,88,L5/7,L6/15
6,88,L6/15,L6/13
6,88,L6/13,L6/26
6,88,L6/26,L6/24
6,88,L6/24,L6/25
6,88,L6/25,L6/52
6,88,L6/52,L6/55
6,88,L6/55,L6/48
6,88,L6/48,L6/49
6,88,L6/49,L6/33
6,88,L6/33,L5/16
6,88,L5/16,L4/8
6,88,L4/8,L4/10
6,88,L4/10,L5/20
6,88,L5/20,L6/40
6,88,L6/40,L6/47
6,88,L6/47,L6/45
6,88,L6/45,L5/22
6,88,L5/22,L5/40
6,88,L5/40,L6/80
6,88,L6/80,L6/87
6,88,L6/87,L6/86
6,88,L6/86,L6/89
6,88,L6/89,L6/88
6,89,L6/71,L6/103
6,89,L6/103,L6/100
6,89,L6/100,L6/96
6,89,L6/96,L6/97
6,89,L6/97,L6/105
6,89,L6/105,L6/104
6,89,L6/104,L6/107
6,89,L6/107,L6/111
6,89,L6/111,L6/109
6,89,L6/109,L6/10
6,89,L6/10,L5/5
6,89,L5/5,L5/7
6,89,L5/7,L6/15
6,89,L6/15,L6/13
6,89,L6/13,L6/26
6,89,L6/26,L6/24
6,89,L6/24,L6/25
6,89,L6/25,L6/52
6,89,L6/52,L6/55
6,89,L6/55,L6/48
6,89,L6/48,L6/49
6,89,L6/49,L6/33
6,89,L6/33,L5/16
6,89,L5/16,L4/8
6,89,L4/8,L4/10
6,89,L4/10,L5/20
6,89,L5/20,L6/40
6,89,L6/40,L6/47
6,89,L6/47,L6/45
6,89,L6/45,L5/22
6,89,L5/22,L5/40
6,89,L5/40,L6/80
6,89,L6/80,L6/87
6,89,L6/87,L6/86
6,89,L6/86,L6/89
6,90,L6/71,L6/103
6,90,L6/103,L6/100
6,90,L6/100,L6/96
6,90,L6/96,L6/97
6,90,L6/97,L6/105
6,90,L6/105,L6/104
6,90,L6/104,L6/107
6,90,L6/107,L6/111
6,90,L6/111,L6/109
6,90,L6/109,L6/10
6,90,L6/10,L5/5
6,90,L5/5,L5/7
6,90,L5/7,L6/15
6,90,L6/15,L6/13
6,90,L6/13,L6/26
6,90,L6/26,L6/24
6,90,L6/24,L6/25
6,90,L6/25,L6/52
6,90,L6/52,L6/55
6,90,L6/55,L6/48
6,90,L6/48,L6/49
6,90,L6/49,L6/33
6,90,L6/33,L5/16
6,90,L5/16,L4/8
6,90,L4/8,L4/10
6,90,L4/10,L5/20
6,90,L5/20,L6/40
6,90,L6/40,L6/47
6,90,L6/47,L6/45
6,90,L6/45,L5/22
6,90,L5/22,L5/40
6,90,L5/40,L6/80
6,90,L6/80,L6/87
6,90,L6/87,L6/86
6,90,L6/86,L6/89
6,90,L6/89,L6/90
6,91,L6/71,L6/103
6,91,L6/103,L6/100
6,91,L6/100,L6/96
6,91,L6/96,L6/97
6,91,L6/97,L6/105
6,91,L6/105,L6/104
6,91,L6/104,L6/107
6,91,L6/107,L6/111
6,91,L6/111,L6/109
6,91,L6/109,L6/10
6,91,L6/10,L5/5
6,91,L5/5,L5/7
6,91,L5/7,L6/15
6,91,L6/15,L6/13
6,91,L6/13,L6/26
6,91,L6/26,L6/24
6,91,L6/24,L6/25
6,91,L6/25,L6/52
6,91,L6/52,L6/55
6,91,L6/55,L6/48
6,91,L6/48,L6/49
6,91,L6/49,L6/33
6,91,L6/33,L5/16
6,91,L5/16,L4/8
6,91,L4/8,L4/10
6,91,L4/10,L5/20
6,91,L5/20,L6/40
6,91,L6/40,L6/47
6,91,L6/47,L6/45
6,91,L6/45,L5/22
6,91,L5/22,L5/40
6,91,L5/40,L6/80
6,91,L6/80,L6/87
6,91,L6/87,L6/86
6,91,L6/86,L6/89
6,91,L6/89,L6/88
6,91,L6/88,L6/91
6,92,L6/71,L6/103
6,92,L6/103,L6/100
6,92,L6/100,L6/96
6,92,L6/96,L6/97
6,92,L6/97,L6/105
6,92,L6/105,L6/104
6,92,L6/104,L6/107
6,92,L6/107,L6/111
6,92,L6/111,L6/109
6,92,L6/109,L6/10
6,92,L6/10,L5/5
6,92,L5/5,L5/7
6,92,L5/7,L6/15
6,92,L6/15,L6/13
6,92,L6/13,L6/26
6,92,L6/26,L6/24
6,92,L6/24,L6/25
6,92,L6/25,L6/52
6,92,L6/52,L6/55
6,92,L6/55,L6/48
6,92,L6/48,L6/49
6,92,L6/49,L6/33
6,92,L6/33,L5/16
6,92,L5/16,L4/8
6,92,L4/8,L4/10
6,92,L4/10,L5/20
6,92,L5/20,L6/40
6,92,L6/40,L6/47
6,92,L6/47,L6/45
6,92,L6/45,L5/22
6,92,L5/22,L5/40
6,92,L5/40,L6/80
6,92,L6/80,L6/87
6,92,L6/87,L6/86
6,92,L6/86,L6/89
6,92,L6/89,L6/90
6,92,L6/90,L6/95
6,92,L6/95,L6/92
6,93,L6/71,L6/103
6,93,L6/103,L6/100
6,93,L6/100,L6/96
6,93,L6/96,L6/97
6,93,L6/97,L6/105
6,93,L6/105,L6/104
6,93,L6/104,L6/107
6,93,L6/107,L6/111
6,93,L6/111,L6/109
6,93,L6/109,L6/10
6,93,L6/10,L5/5
6,93,L5/5,L5/7
6,93,L5/7,L6/15
6,93,L6/15,L6/13
6,93,L6/13,L6/26
6,93,L6/26,L6/24
6,93,L6/24,L6/25
6,93,L6/25,L6/52
6,93,L6/52,L6/55
6,93,L6/55,L6/48
6,93,L6/48,L6/49
6,93,L6/49,L6/33
6,93,L6/33,L5/16
6,93,L5/16,L4/8
6,93,L4/8,L4/10
6,93,L4/10,L5/20
6,93,L5/20,L6/40
6,93,L6/40,L6/47
6,93,L6/47,L6/45
6,93,L6/45,L5/22
6,93,L5/22,L5/40
6,93,L5/40,L6/80
6,93,L6/80,L6/87
6,93,L6/87,L6/86
6,93,L6/86,L6/89
6,93,L6/89,L6/90
6,93,L6/90,L6/95
6,93,L6/95,L6/93
6,94,L6/71,L6/103
6,94,L6/103,L6/100
6,94,L6/100,L6/96
6,94,L6/96,L6/97
6,94,L6/97,L6/105
6,94,L6/105,L6/104
6,94,L6/104,L6/107
6,94,L6/107,L6/111
6,94,L6/111,L6/109
6,94,L6/109,L6/10
6,94,L6/10,L5/5
6,94,L5/5,L5/7
6,94,L5/7,L6/15
6,94,L6/15,L6/13
6,94,L6/13,L6/26
6,94,L6/26,L6/24
6,94,L6/24,L6/25
6,94,L6/25,L6/52
6,94,L6/52,L6/55
6,94,L6/55,L6/48
6,94,L6/48,L6/49
6,94,L6/49,L6/33
6,94,L6/33,L5/16
6,94,L5/16,L4/8
6,94,L4/8,L4/10
6,94,L4/10,L5/20
6,94,L5/20,L6/40
6,94,L6/40,L6/47
6,94,L6/47,L6/45
6,94,L6/45,L5/22
6,94,L5/22,L5/40
6,94,L5/40,L6/80
6,94,L6/80,L6/87
6,94,L6/87,L6/86
6,94,L6/86,L6/89
6,94,L6/89,L6/90
6,94,L6/90,L6/95
6,94,L6/95,L6/94
6,95,L6/71,L6/103
6,95,L6/103,L6/100
6,95,L6/100,L6/96
6,95,L6/96,L6/97
6,95,L6/97,L6/105
6,95,L6/105,L6/104
6,95,L6/104,L6/107
6,95,L6/107,L6/111
6,95,L6/111,L6/109
6,95,L6/109,L6/10
6,95,L6/10,L5/5
6,95,L5/5,L5/7
6,95,L5/7,L6/15
6,95,L6/15,L6/13
6,95,L6/13,L6/26
6,95,L6/26,L6/24
6,95,L6/24,L6/25
6,95,L6/25,L6/52
6,95,L6/52,L6/55
6,95,L6/55,L6/48
6,95,L6/48,L6/49
6,95,L6/49,L6/33
6,95,L6/33,L5/16
6,95,L5/16,L4/8
6,95,L4/8,L4/10
6,95,L4/10,L5/20
6,95,L5/20,L6/40
6,95,L6/40,L6/47
6,95,L6/47,L6/45
6,95,L6/45,L5/22
6,95,L5/22,L5/40
6,95,L5/40,L6/80
6,95,L6/80,L6/87
6,95,L6/87,L6/86
6,95,L6/86,L6/89
6,95,L6/89,L6/90
6,95,L6/90,L6/95
6,96,L6/71,L6/103
6,96,L6/103,L6/100
6,96,L6/100,L6/96
6,97,L6/71,L6/103
6,97,L6/103,L6/100
6,97,L6/100,L6/96
6,97,L6/96,L6/97
6,98,L6/71,L6/103
6,98,L6/103,L6/100
6,98,L6/100,L6/101
6,98,L6/101,L6/98
6,99,L6/71,L6/103
6,99,L6/103,L6/100
6,99,L6/100,L6/101
6,99,L6/101,L6/98
6,99,L6/98,L6/99
6,100,L6/71,L6/103
6,100,L6/103,L6/100
6,101,L6/71,L6/103
6,101,L6/103,L6/100
6,101,L6/100,L6/101
6,102,L6/71,L6/68
6,102,L6/68,L6/102
6,103,L6/71,L6/103
6,104,L6/71,L6/103
6,104,L6/103,L6/100
6,104,L6/100,L6/96
6,104,L6/96,L6/97
6,104,L6/97,L6/105
6,104,L6/105,L6/104
6,105,L6/71,L6/103
6,105,L6/103,L6/100
6,105,L6/100,L6/96
6,105,L6/96,L6/97
6,105,L6/97,L6/105
6,106,L6/71,L6/103
6,106,L6/103,L6/100
6,106,L6/100,L6/96
6,106,L6/96,L6/97
6,106,L6/97,L6/105
6,106,L6/105,L6/104
6,106,L6/104,L6/107
6,106,L6/107,L6/106
6,107,L6/71,L6/103
6,107,L6/103,L6/100
6,107,L6/100,L6/96
6,107,L6/96,L6/97
6,107,L6/97,L6/105
6,107,L6/105,L6/104
6,107,L6/104,L6/107
6,108,L6/71,L6/103
6,108,L6/103,L6/100
6,108,L6/100,L6/96
6,108,L6/96,L6/97
6,108,L6/97,L6/105
6,108,L6/105,L6/104
6,108,L6/104,L6/107
6,108,L6/107,L6/111
6,108,L6/111,L6/108
6,109,L6/71,L6/103
6,109,L6/103,L6/100
6,109,L6/100,L6/96
6,109,L6/96,L6/97
6,109,L6/97,L6/105
6,109,L6/105,L6/104
6,109,L6/104,L6/107
6,109,L6/107,L6/111
6,109,L6/111,L6/109
6,110,L6/71,L6/103
6,110,L6/103,L6/100
6,110,L6/100,L6/96
6,110,L6/96,L6/97
6,110,L6/97,L6/105
6,110,L6/105,L6/104
6,110,L6/104,L6/107
6,110,L6/107,L6/106
6,110,L6/106,L6/110
6,111,L6/71,L6/103
6,111,L6/103,L6/100
6,111,L6/100,L6/96
6,111,L6/96,L6/97
6,111,L6/97,L6/105
6,111,L6/105,L6/104
6,111,L6/104,L6/107
6,111,L6/107,L6/111
6,112,L6/71,L6/103
6,112,L6/103,L6/100
6,112,L6/100,L6/96
6,112,L6/96,L6/97
6,112,L6/97,L6/105
6,112,L6/105,L6/115
6,112,L6/115,L6/114
6,112,L6/114,L6/112
6,113,L6/71,L6/103
6,113,L6/103,L6/100
6,113,L6/100,L6/96
6,113,L6/96,L6/97
6,113,L6/97,L6/105
6,113,L6/105,L6/115
6,113,L6/115,L6/114
6,113,L6/114,L6/112
6,113,L6/112,L6/113
6,114,L6/71,L6/103
6,114,L6/103,L6/100
6,114,L6/100,L6/96
6,114,L6/96,L6/97
6,114,L6/97,L6/105
6,114,L6/105,L6/115
6,114,L6/115,L6/114
6,115,L6/71,L6/103
6,115,L6/103,L6/100
6,115,L6/100,L6/96
6,115,L6/96,L6/97
6,115,L6/97,L6/105
6,115,L6/105,L6/115
6,116,L6/71,L6/103
6,116,L6/103,L6/100
6,116,L6/100,L6/96
6,116,L6/96,L6/97
6,116,L6/97,L6/118
6,116,L6/118,L6/117
6,116,L6/117,L6/116
6,117,L6/71,L6/103
6,117,L6/103,L6/100
6,117,L6/100,L6/96
6,117,L6/96,L6/97
6,117,L6/97,L6/118
6,117,L6/118,L6/117
6,118,L6/71,L6/103
6,118,L6/103,L6/100
6,118,L6/100,L6/96
6,118,L6/96,L6/97
6,118,L6/97,L6/118
6,119,L6/71,L6/103
6,119,L6/103,L6/100
6,119,L6/100,L6/101
6,119,L6/101,L6/98
6,119,L6/98,L6/99
6,119,L6/99,L6/119
6,120,L6/71,L6/103
6,120,L6/103,L6/100
6,120,L6/100,L6/96
6,120,L6/96,L6/97
6,120,L6/97,L6/118
6,120,L6/118,L6/117
6,120,L6/117,L6/116
6,120,L6/116,L6/120
6,121,L6/71,L6/103
6,121,L6/103,L6/100
6,121,L6/100,L6/96
6,121,L6/96,L6/97
6,121,L6/97,L6/118
6,121,L6/118,L6/117
6,121,L6/117,L6/116
6,121,L6/116,L6/121
6,122,L6/71,L6/103
6,122,L6/103,L6/100
6,122,L6/100,L6/96
6,122,L6/96,L6/97
6,122,L6/97,L6/118
6,122,L6/118,L6/117
6,122,L6/117,L6/116
6,122,L6/116,L6/121
6,122,L6/121,L6/122
6,123,L6/71,L6/103
6,123,L6/103,L6/100
6,123,L6/100,L6/96
6,123,L6/96,L6/97
6,123,L6/97,L6/118
6,123,L6/118,L6/117
6,123,L6/117,L6/116
6,123,L6/116,L6/121
6,123,L6/121,L6/123
6,124,L6/71,L6/103
6,124,L6/103,L6/100
6,124,L6/100,L6/96
6,124,L6/96,L6/97
6,124,L6/97,L6/118
6,124,L6/118,L6/117
6,124,L6/117,L6/116
6,124,L6/116,L6/121
6,124,L6/121,L6/122
6,124,L6/122,L6/124
6,125,L6/71,L6/103
6,125,L6/103,L6/100
6,125,L6/100,L6/96
6,125,L6/96,L6/97
6,125,L6/97,L6/118
6,125,L6/118,L6/117
6,125,L6/117,L6/116
6,125,L6/116,L6/121
6,125,L6/121,L6/122
6,125,L6/122,L6/125
6,126,L6/71,L6/103
6,126,L6/103,L6/100
6,126,L6/100,L6/96
6,126,L6/96,L6/97
6,126,L6/97,L6/118
6,126,L6/118,L6/117
6,126,L6/117,L6/116
6,126,L6/116,L6/121
6,126,L6/121,L6/122
6,126,L6/122,L6/126
6,127,L6/71,L6/103
6,127,L6/103,L6/100
6,127,L6/100,L6/96
6,127,L6/96,L6/97
6,127,L6/97,L6/118
6,127,L6/118,L6/117
6,127,L6/117,L6/116
6,127,L6/116,L6/120
6,127,L6/120,L6/127
7,0,L7/142,L6/71
7,0,L6/71,L5/35
7,0,L5/35,L5/28
7,0,L5/28,L6/57
7,0,L6/57,L7/115
7,0,L7/115,L7/62
7,0,L7/62,L7/56
7,0,L7/56,L7/57
7,0,L7/57,L7/25
7,0,L7/25,L6/12
7,0,L6/12,L6/13
7,0,L6/13,L7/27
7,0,L7/27,L7/0
7,1,L7/142,L6/71
7,1,L6/71,L5/35
7,1,L5/35,L5/28
7,1,L5/28,L6/57
7,1,L6/57,L7/115
7,1,L7/115,L7/62
7,1,L7/62,L7/56
7,1,L7/56,L7/57
7,1,L7/57,L7/25
7,1,L7/25,L6/12
7,1,L6/12,L6/13
7,1,L6/13,L7/27
7,1,L7/27,L7/1
7,2,L7/142,L6/71
7,2,L6/71,L5/35
7,2,L5/35,L5/28
7,2,L5/28,L6/57
7,2,L6/57,L7/115
7,2,L7/115,L7/62
7,2,L7/62,L7/56
7,2,L7/56,L7/57
7,2,L7/57,L7/25
7,2,L7/25,L6/12
7,2,L6/12,L6/13
7,2,L6/13,L7/27
7,2,L7/27,L7/1
7,2,L7/1,L7/2
7,3,L7/142,L6/71
7,3,L6/71,L5/35
7,3,L5/35,L5/28
7,3,L5/28,L6/57
7,3,L6/57,L7/115
7,3,L7/115,L7/62
7,3,L7/62,L7/56
7,3,L7/56,L7/57
7,3,L7/57,L7/25
7,3,L7/25,L6/12
7,3,L6/12,L6/13
7,3,L6/13,L7/27
7,3,L7/27,L7/1
7,3,L7/1,L7/3
7,4,L7/142,L7/143
7,4,L7/143,L7/205
7,4,L7/205,L6/102
7,4,L6/102,L7/204
7,4,L7/204,L7/197
7,4,L7/197,L7/198
7,4,L7/198,L7/239
7,4,L7/239,L7/238
7,4,L7/238,L7/235
7,4,L7/235,L7/233
7,4,L7/233,L7/242
7,4,L7/242,L7/240
7,4,L7/240,L7/254
7,4,L7/254,L7/227
7,4,L7/227,L7/224
7,4,L7/224,L7/228
7,4,L7/228,L7/230
7,4,L7/230,L7/209
7,4,L7/209,L6/104
7,4,L6/104,L6/107
7,4,L6/107,L7/215
7,4,L7/215,L7/213
7,4,L7/213,L7/222
7,4,L7/222,L7/217
7,4,L7/217,L7/219
7,4,L7/219,L6/109
7,4,L6/109,L6/10
7,4,L6/10,L7/21
7,4,L7/21,L7/22
7,4,L7/22,L7/18
7,4,L7/18,L7/17
7,4,L7/17,L7/13
7,4,L7/13,L7/12
7,4,L7/12,L7/11
7,4,L7/11,L6/5
7,4,L6/5,L6/2
7,4,L6/2,L7/4
7,5,L7/142,L7/143
7,5,L7/143,L7/205
7,5,L7/205,L6/102
7,5,L6/102,L7/204
7,5,L7/204,L7/197
7,5,L7/197,L7/198
7,5,L7/198,L7/239
7,5,L7/239,L7/238
7,5,L7/238,L7/235
7,5,L7/235,L7/233
7,5,L7/233,L7/242
7,5,L7/242,L7/240
7,5,L7/240,L7/254
7,5,L7/254,L7/227
7,5,L7/227,L7/224
7,5,L7/224,L7/228
7,5,L7/228,L7/230
7,5,L7/230,L7/209
7,5,L7/209,L6/104
7,5,L6/104,L6/107
7,5,L6/107,L7/215
7,5,L7/215,L7/213
7,5,L7/213,L7/222
7,5,L7/222,L7/217
7,5,L7/217,L7/219
7,5,L7/219,L6/109
7,5,L6/109,L6/10
7,5,L6/10,L7/21
7,5,L7/21,L7/22
7,5,L7/22,L7/18
7,5,L7/18,L7/17
7,5,L7/17,L7/13
7,5,L7/13,L7/12
7,5,L7/12,L7/11
7,5,L7/11,L6/5
7,5,L6/5,L6/2
7,5,L6/2,L7/5
7,6,L7/142,L7/143
7,6,L7/143,L7/205
7,6,L7/205,L6/102
7,6,L6/102,L7/204
7,6,L7/204,L7/197
7,6,L7/197,L7/198
7,6,L7/198,L7/239
7,6,L7/239,L7/238
7,6,L7/238,L7/235
7,6,L7/235,L7/233
7,6,L7/233,L7/242
7,6,L7/242,L7/240
7,6,L7/240,L7/254
7,6,L7/254,L7/227
7,6,L7/227,L7/224
7,6,L7/224,L7/228
7,6,L7/228,L7/230
7,6,L7/230,L7/209
7,6,L7/209,L6/104
7,6,L6/104,L6/107
7,6,L6/107,L7/215
7,6,L7/215,L7/213
7,6,L7/213,L7/222
7,6,L7/222,L7/217
7,6,L7/217,L7/219
7,6,L7/219,L6/109
7,6,L6/109,L6/10
7,6,L6/10,L7/21
7,6,L7/21,L7/22
7,6,L7/22,L7/18
7,6,L7/18,L7/16
7,6,L7/16,L7/14
7,6,L7/14,L7/15
7,6,L7/15,L7/9
7,6,L7/9,L6/4
7,6,L6/4,L6/3
7,6,L6/3,L7/6
7,7,L7/142,L7/143
7,7,L7/143,L7/205
7,7,L7/205,L6/102
7,7,L6/102,L7/204
7,7,L7/204,L7/197
7,7,L7/197,L7/198
7,7,L7/198,L7/239
7,7,L7/239,L7/238
7,7,L7/238,L7/235
7,7,L7/235,L7/233
7,7,L7/233,L7/242
7,7,L7/242,L7/240
7,7,L7/240,L7/254
7,7,L7/254,L7/227
7,7,L7/227,L7/224
7,7,L7/224,L7/228
7,7,L7/228,L7/230
7,7,L7/230,L7/209
7,7,L7/209,L6/104
7,7,L6/104,L6/107
7,7,L6/107,L7/215
7,7,L7/215,L7/213
7,7,L7/213,L7/222
7,7,L7/222,L7/217
7,7,L7/217,L7/219
7,7,L7/219,L6/109
7,7,L6/109,L6/10
7,7,L6/10,L7/21
7,7,L7/21,L7/22
7,7,L7/22,L7/18
7,7,L7/18,L7/16
7,7,L7/16,L7/14
7,7,L7/14,L7/15
7,7,L7/15,L7/9
7,7,L7/9,L6/4
7,7,L6/4,L6/3
7,7,L6/3,L7/7
7,8,L7/142,L7/143
7,8,L7/143,L7/205
7,8,L7/205,L6/102
7,8,L6/102,L7/204
7,8,L7/204,L7/197
7,8,L7/197,L7/198
7,8,L7/198,L7/239
7,8,L7/239,L7/238
7,8,L7/238,L7/235
7,8,L7/235,L7/233
7,8,L7/233,L7/242
7,8,L7/242,L7/240
7,8,L7/240,L7/254
7,8,L7/254,L7/227
7,8,L7/227,L7/224
7,8,L7/224,L7/228
7,8,L7/228,L7/230
7,8,L7/230,L7/209
7,8,L7/209,L6/104
7,8,L6/104,L6/107
7,8,L6/107,L7/215
7,8,L7/215,L7/213
7,8,L7/213,L7/222
7,8,L7/222,L7/217
7,8,L7/217,L7/219
7,8,L7/219,L6/109
7,8,L6/109,L6/10
7,8,L6/10,L7/21
7,8,L7/21,L7/22
7,8,L7/22,L7/18
7,8,L7/18,L7/16
7,8,L7/16,L7/14
7,8,L7/14,L7/15
7,8,L7/15,L7/9
7,8,L7/9,L7/8
7,9,L7/142,L7/143
7,9,L7/143,L7/205
7,9,L7/205,L6/102
7,9,L6/102,L7/204
7,9,L7/204,L7/197
7,9,L7/197,L7/198
7,9,L7/198,L7/239
7,9,L7/239,L7/238
7,9,L7/238,L7/235
7,9,L7/235,L7/233
7,9,L7/233,L7/242
7,9,L7/242,L7/240
7,9,L7/240,L7/254
7,9,L7/254,L7/227
7,9,L7/227,L7/224
7,9,L7/224,L7/228
7,9,L7/228,L7/230
7,9,L7/230,L7/209
7,9,L7/209,L6/104
7,9,L6/104,L6/107
7,9,L6/107,L7/215
7,9,L7/215,L7/213
7,9,L7/213,L7/222
7,9,L7/222,L7/217
7,9,L7/217,L7/219
7,9,L7/219,L6/109
7,9,L6/109,L6/10
7,9,L6/10,L7/21
7,9,L7/21,L7/22
7,9,L7/22,L7/18
7,9,L7/18,L7/16
7,9,L7/16,L7/14
7,9,L7/14,L7/15
7,9,L7/15,L7/9
7,10,L7/142,L7/143
7,10,L7/143,L7/205
7,10,L7/205,L6/102
7,10,L6/102,L7/204
7,10,L7/204,L7/197
7,10,L7/197,L7/198
7,10,L7/198,L7/239
7,10,L7/239,L7/238
7,10,L7/238,L7/235
7,10,L7/235,L7/233
7,10,L7/233,L7/242
7,10,L7/242,L7/240
7,10,L7/240,L7/254
7,10,L7/254,L7/227
7,10,L7/227,L7/224
7,10,L7/224,L7/228
7,10,L7/228,L7/230
7,10,L7/230,L7/209
7,10,L7/209,L6/104
7,10,L6/104,L6/107
7,10,L6/107,L7/215
7,10,L7/215,L7/213
7,10,L7/213,L7/222
7,10,L7/222,L7/217
7,10,L7/217,L7/219
7,10,L7/219,L6/109
7,10,L6/109,L6/10
7,10,L6/10,L7/21
7,10,L7/21,L7/22
7,10,L7/22,L7/18
7,10,L7/18,L7/17
7,10,L7/17,L7/13
7,10,L7/13,L7/12
7,10,L7/12,L7/11
7,10,L7/11,L7/10
7,11,L7/142,L7/143
7,11,L7/143,L7/205
7,11,L7/205,L6/102
7,11,L6/102,L7/204
7,11,L7/204,L7/197
7,11,L7/197,L7/198
7,11,L7/198,L7/239
7,11,L7/239,L7/238
7,11,L7/238,L7/235
7,11,L7/235,L7/233
7,11,L7/233,L7/242
7,11,L7/242,L7/240
7,11,L7/240,L7/254
7,11,L7/254,L7/227
7,11,L7/227,L7/224
7,11,L7/224,L7/228
7,11,L7/228,L7/230
7,11,L7/230,L7/209
7,11,L7/209,L6/104
7,11,L6/104,L6/107
7,11,L6/107,L7/215
7,11,L7/215,L7/213
7,11,L7/213,L7/222
7,11,L7/222,L7/217
7,11,L7/217,L7/219
7,11,L7/219,L6/109
7,11,L6/109,L6/10
7,11,L6/10,L7/21
7,11,L7/21,L7/22
7,11,L7/22,L7/18
7,11,L7/18,L7/17
7,11,L7/17,L7/13
7,11,L7/13,L7/12
7,11,L7/12,L7/11
7,12,L7/142,L7/143
7,12,L7/143,L7/205
7,12,L7/205,L6/102
7,12,L6/102,L7/204
7,12,L7/204,L7/197
7,12,L7/197,L7/198
7,12,L7/198,L7/239
7,12,L7/239,L7/238
7,12,L7/238,L7/235
7,12,L7/235,L7/233
7,12,L7/233,L7/242
7,12,L7/242,L7/240
7,12,L7/240,L7/254
7,12,L7/254,L7/227
7,12,L7/227,L7/224
7,12,L7/224,L7/228
7,12,L7/228,L7/230
7,12,L7/230,L7/209
7,12,L7/209,L6/104
7,12,L6/104,L6/107
7,12,L6/107,L7/215
7,12,L7/215,L7/213
7,12,L7/213,L7/222
7,12,L7/222,L7/217
7,12,L7/217,L7/219
7,12,L7/219,L6/109
7,12,L6/109,L6/10
7,12,L6/10,L7/21
7,12,L7/21,L7/22
7,12,L7/22,L7/18
7,12,L7/18,L7/17
7,12,L7/17,L7/13
7,12,L7/13,L7/12
7,13,L7/142,L7/143
7,13,L7/143,L7/205
7,13,L7/205,L6/102
7,13,L6/102,L7/204
7,13,L7/204,L7/197
7,13,L7/197,L7/198
7,13,L7/198,L7/239
7,13,L7/239,L7/238
7,13,L7/238,L7/235
7,13,L7/235,L7/233
7,13,L7/233,L7/242
7,13,L7/242,L7/240
7,13,L7/240,L7/254
7,13,L7/254,L7/227
7,13,L7/227,L7/224
7,13,L7/224,L7/228
7,13,L7/228,L7/230
7,13,L7/230,L7/209
7,13,L7/209,L6/104
7,13,L6/104,L6/107
7,13,L6/107,L7/215
7,13,L7/215,L7/213
7,13,L7/213,L7/222
7,13,L7/222,L7/217
7,13,L7/217,L7/219
7,13,L7/219,L6/109
7,13,L6/109,L6/10
7,13,L6/10,L7/21
7,13,L7/21,L7/22
7,13,L7/22,L7/18
7,13,L7/18,L7/17
7,13,L7/17,L7/13
7,14,L7/142,L7/143
7,14,L7/143,L7/205
7,14,L7/205,L6/102
7,14,L6/102,L7/204
7,14,L7/204,L7/197
7,14,L7/197,L7/198
7,14,L7/198,L7/239
7,14,L7/239,L7/238
7,14,L7/238,L7/235
7,14,L7/235,L7/233
7,14,L7/233,L7/242
7,14,L7/242,L7/240
7,14,L7/240,L7/254
7,14,L7/254,L7/227
7,14,L7/227,L7/224
7,14,L7/224,L7/228
7,14,L7/228,L7/230
7,14,L7/230,L7/209
7,14,L7/209,L6/104
7,14,L6/104,L6/107
7,14,L6/107,L7/215
7,14,L7/215,L7/213
7,14,L7/213,L7/222
7,14,L7/222,L7/217
7,14,L7/217,L7/219
7,14,L7/219,L6/109
7,14,L6/109,L6/10
7,14,L6/10,L7/21
7,14,L7/21,L7/22
7,14,L7/22,L7/18
7,14,L7/18,L7/16
7,14,L7/16,L7/14
7,15,L7/142,L7/143
7,15,L7/143,L7/205
7,15,L7/205,L6/102
7,15,L6/102,L7/204
7,15,L7/204,L7/197
7,15,L7/197,L7/198
7,15,L7/198,L7/239
7,15,L7/239,L7/238
7,15,L7/238,L7/235
7,15,L7/235,L7/233
7,15,L7/233,L7/242
7,15,L7/242,L7/240
7,15,L7/240,L7/254
7,15,L7/254,L7/227
7,15,L7/227,L7/224
7,15,L7/224,L7/228
7,15,L7/228,L7/230
7,15,L7/230,L7/209
7,15,L7/209,L6/104
7,15,L6/104,L6/107
7,15,L6/107,L7/215
7,15,L7/215,L7/213
7,15,L7/213,L7/222
7,15,L7/222,L7/217
7,15,L7/217,L7/219
7,15,L7/219,L6/109
7,15,L6/109,L6/10
7,15,L6/10,L7/21
7,15,L7/21,L7/22
7,15,L7/22,L7/18
7,15,L7/18,L7/16
7,15,L7/16,L7/14
7,15,L7/14,L7/15
7,16,L7/142,L7/143
7,16,L7/143,L7/205
7,16,L7/205,L6/102
7,16,L6/102,L7/204
7,16,L7/204,L7/197
7,16,L7/197,L7/198
7,16,L7/198,L7/239
7,16,L7/239,L7/238
7,16,L7/238,L7/235
7,16,L7/235,L7/233
7,16,L7/233,L7/242
7,16,L7/242,L7/240
7,16,L7/240,L7/254
7,16,L7/254,L7/227
7,16,L7/227,L7/224
7,16,L7/224,L7/228
7,16,L7/228,L7/230
7,16,L7/230,L7/209
7,16,L7/209,L6/104
7,16,L6/104,L6/107
7,16,L6/107,L7/215
7,16,L7/215,L7/213
7,16,L7/213,L7/222
7,16,L7/222,L7/217
7,16,L7/217,L7/219
7,16,L7/219,L6/109
7,16,L6/109,L6/10
7,16,L6/10,L7/21
7,16,L7/21,L7/22
7,16,L7/22,L7/18
7,16,L7/18,L7/16
7,17,L7/142,L7/143
7,17,L7/143,L7/205
7,17,L7/205,L6/102
7,17,L6/102,L7/204
7,17,L7/204,L7/197
7,17,L7/197,L7/198
7,17,L7/198,L7/239
7,17,L7/239,L7/238
7,17,L7/238,L7/235
7,17,L7/235,L7/233
7,17,L7/233,L7/242
7,17,L7/242,L7/240
7,17,L7/240,L7/254
7,17,L7/254,L7/227
7,17,L7/227,L7/224
7,17,L7/224,L7/228
7,17,L7/228,L7/230
7,17,L7/230,L7/209
7,17,L7/209,L6/104
7,17,L6/104,L6/107
7,17,L6/107,L7/215
7,17,L7/215,L7/213
7,17,L7/213,L7/222
7,17,L7/222,L7/217
7,17,L7/217,L7/219
7,17,L7/219,L6/109
7,17,L6/109,L6/10
7,17,L6/10,L7/21
7,17,L7/21,L7/22
7,17,L7/22,L7/18
7,17,L7/18,L7/17
7,18,L7/142,L7/143
7,18,L7/143,L7/205
7,18,L7/205,L6/102
7,18,L6/102,L7/204
7,18,L7/204,L7/197
7,18,L7/197,L7/198
7,18,L7/198,L7/239
7,18,L7/239,L7/238
7,18,L7/238,L7/235
7,18,L7/235,L7/233
7,18,L7/233,L7/242
7,18,L7/242,L7/240
7,18,L7/240,L7/254
7,18,L7/254,L7/227
7,18,L7/227,L7/224
7,18,L7/224,L7/228
7,18,L7/228,L7/230
7,18,L7/230,L7/209
7,18,L7/209,L6/104
7,18,L6/104,L6/107
7,18,L6/107,L7/215
7,18,L7/215,L7/213
7,18,L7/213,L7/222
7,18,L7/222,L7/217
7,18,L7/217,L7/219
7,18,L7/219,L6/109
7,18,L6/109,L6/10
7,18,L6/10,L7/21
7,18,L7/21,L7/22
7,18,L7/22,L7/18
7,19,L7/142,L7/143
7,19,L7/143,L7/205
7,19,L7/205,L6/102
7,19,L6/102,L7/204
7,19,L7/204,L7/197
7,19,L7/197,L7/198
7,19,L7/198,L7/239
7,19,L7/239,L7/238
7,19,L7/238,L7/235
7,19,L7/235,L7/233
7,19,L7/233,L7/242
7,19,L7/242,L7/240
7,19,L7/240,L7/254
7,19,L7/254,L7/227
7,19,L7/227,L7/224
7,19,L7/224,L7/228
7,19,L7/228,L7/230
7,19,L7/230,L7/209
7,19,L7/209,L6/104
7,19,L6/104,L6/107
7,19,L6/107,L7/215
7,19,L7/215,L7/213
7,19,L7/213,L7/222
7,19,L7/222,L7/217
7,19,L7/217,L7/219
7,19,L7/219,L6/109
7,19,L6/109,L6/10
7,19,L6/10,L7/20
7,19,L7/20,L7/23
7,19,L7/23,L7/19
7,20,L7/142,L7/143
7,20,L7/143,L7/205
7,20,L7/205,L6/102
7,20,L6/102,L7/204
7,20,L7/204,L7/197
7,20,L7/197,L7/198
7,20,L7/198,L7/239
7,20,L7/239,L7/238
7,20,L7/238,L7/235
7,20,L7/235,L7/233
7,20,L7/233,L7/242
7,20,L7/242,L7/240
7,20,L7/240,L7/254
7,20,L7/254,L7/227
7,20,L7/227,L7/224
7,20,L7/224,L7/228
7,20,L7/228,L7/230
7,20,L7/230,L7/209
7,20,L7/209,L6/104
7,20,L6/104,L6/107
7,20,L6/107,L7/215
7,20,L7/215,L7/213
7,20,L7/213,L7/222
7,20,L7/222,L7/217
7,20,L7/217,L7/219
7,20,L7/219,L6/109
7,20,L6/109,L6/10
7,20,L6/10,L7/20
7,21,L7/142,L7/143
7,21,L7/143,L7/205
7,21,L7/205,L6/102
7,21,L6/102,L7/204
7,21,L7/204,L7/197
7,21,L7/197,L7/198
7,21,L7/198,L7/239
7,21,L7/239,L7/238
7,21,L7/238,L7/235
7,21,L7/235,L7/233
7,21,L7/233,L7/242
7,21,L7/242,L7/240
7,21,L7/240,L7/254
7,21,L7/254,L7/227
7,21,L7/227,L7/224
7,21,L7/224,L7/228
7,21,L7/228,L7/230
7,21,L7/230,L7/209
7,21,L7/209,L6/104
7,21,L6/104,L6/107
7,21,L6/107,L7/215
7,21,L7/215,L7/213
7,21,L7/213,L7/222
7,21,L7/222,L7/217
7,21,L7/217,L7/219
7,21,L7/219,L6/109
7,21,L6/109,L6/10
7,21,L6/10,L7/21
7,22,L7/142,L7/143
7,22,L7/143,L7/205
7,22,L7/205,L6/102
7,22,L6/102,L7/204
7,22,L7/204,L7/197
7,22,L7/197,L7/198
7,22,L7/198,L7/239
7,22,L7/239,L7/238
7,22,L7/238,L7/235
7,22,L7/235,L7/233
7,22,L7/233,L7/242
7,22,L7/242,L7/240
7,22,L7/240,L7/254
7,22,L7/254,L7/227
7,22,L7/227,L7/224
7,22,L7/224,L7/228
7,22,L7/228,L7/230
7,22,L7/230,L7/209
7,22,L7/209,L6/104
7,22,L6/104,L6/107
7,22,L6/107,L7/215
7,22,L7/215,L7/213
7,22,L7/213,L7/222
7,22,L7/222,L7/217
7,22,L7/217,L7/219
7,22,L7/219,L6/109
7,22,L6/109,L6/10
7,22,L6/10,L7/21
7,22,L7/21,L7/22
7,23,L7/142,L7/143
7,23,L7/143,L7/205
7,23,L7/205,L6/102
7,23,L6/102,L7/204
7,23,L7/204,L7/197
7,23,L7/197,L7/198
7,23,L7/198,L7/239
7,23,L7/239,L7/238
7,23,L7/238,L7/235
7,23,L7/235,L7/233
7,23,L7/233,L7/242
7,23,L7/242,L7/240
7,23,L7/240,L7/254
7,23,L7/254,L7/227
7,23,L7/227,L7/224
7,23,L7/224,L7/228
7,23,L7/228,L7/230
7,23,L7/230,L7/209
7,23,L7/209,L6/104
7,23,L6/104,L6/107
7,23,L6/107,L7/215
7,23,L7/215,L7/213
7,23,L7/213,L7/222
7,23,L7/222,L7/217
7,23,L7/217,L7/219
7,23,L7/219,L6/109
7,23,L6/109,L6/10
7,23,L6/10,L7/20
7,23,L7/20,L7/23
7,24,L7/142,L6/71
7,24,L6/71,L5/35
7,24,L5/35,L5/28
7,24,L5/28,L6/57
7,24,L6/57,L7/115
7,24,L7/115,L7/62
7,24,L7/62,L7/56
7,24,L7/56,L7/57
7,24,L7/57,L7/25
7,24,L7/25,L7/24
7,25,L7/142,L6/71
7,25,L6/71,L5/35
7,25,L5/35,L5/28
7,25,L5/28,L6/57
7,25,L6/57,L7/115
7,25,L7/115,L7/62
7,25,L7/62,L7/56
7,25,L7/56,L7/57
7,25,L7/57,L7/25
7,26,L7/142,L6/71
7,26,L6/71,L5/35
7,26,L5/35,L5/28
7,26,L5/28,L6/57
7,26,L6/57,L7/115
7,26,L7/115,L7/62
7,26,L7/62,L7/56
7,26,L7/56,L7/57
7,26,L7/57,L7/25
7,26,L7/25,L6/12
7,26,L6/12,L6/13
7,26,L6/13,L7/26
7,27,L7/142,L6/71
7,27,L6/71,L5/35
7,27,L5/35,L5/28
7,27,L5/28,L6/57
7,27,L6/57,L7/115
7,27,L7/115,L7/62
7,27,L7/62,L7/56
7,27,L7/56,L7/57
7,27,L7/57,L7/25
7,27,L7/25,L6/12
7,27,L6/12,L6/13
7,27,L6/13,L7/27
7,28,L7/142,L6/71
7,28,L6/71,L5/35
7,28,L5/35,L5/28
7,28,L5/28,L6/57
7,28,L6/57,L7/115
7,28,L7/115,L7/62
7,28,L7/62,L7/56
7,28,L7/56,L7/57
7,28,L7/57,L7/25
7,28,L7/25,L7/28
7,29,L7/142,L6/71
7,29,L6/71,L5/35
7,29,L5/35,L5/28
7,29,L5/28,L6/57
7,29,L6/57,L7/115
7,29,L7/115,L7/62
7,29,L7/62,L7/56
7,29,L7/56,L7/57
7,29,L7/57,L7/25
7,29,L7/25,L7/29
7,30,L7/142,L6/71
7,30,L6/71,L5/35
7,30,L5/35,L5/28
7,30,L5/28,L6/57
7,30,L6/57,L7/115
7,30,L7/115,L7/62
7,30,L7/62,L7/56
7,30,L7/56,L7/57
7,30,L7/57,L7/25
7,30,L7/25,L7/24
7,30,L7/24,L7/30
7,31,L7/142,L6/71
7,31,L6/71,L5/35
7,31,L5/35,L5/28
7,31,L5/28,L6/57
7,31,L6/57,L7/115
7,31,L7/115,L7/62
7,31,L7/62,L7/56
7,31,L7/56,L7/57
7,31,L7/57,L7/25
7,31,L7/25,L7/28
7,31,L7/28,L7/31
7,32,L7/142,L6/71
7,32,L6/71,L5/35
7,32,L5/35,L5/28
7,32,L5/28,L6/57
7,32,L6/57,L7/114
7,32,L7/114,L7/118
7,32,L7/118,L7/116
7,32,L7/116,L6/58
7,32,L6/58,L7/117
7,32,L7/117,L7/104
7,32,L7/104,L7/107
7,32,L7/107,L7/45
7,32,L7/45,L7/47
7,32,L7/47,L7/43
7,32,L7/43,L7/42
7,32,L7/42,L7/40
7,32,L7/40,L7/32
7,33,L7/142,L6/71
7,33,L6/71,L5/35
7,33,L5/35,L5/28
7,33,L5/28,L6/57
7,33,L6/57,L7/114
7,33,L7/114,L7/118
7,33,L7/118,L7/116
7,33,L7/116,L6/58
7,33,L6/58,L7/117
7,33,L7/117,L7/104
7,33,L7/104,L7/107
7,33,L7/107,L7/45
7,33,L7/45,L7/47
7,33,L7/47,L7/43
7,33,L7/43,L7/42
7,33,L7/42,L7/40
7,33,L7/40,L7/32
7,33,L7/32,L7/33
7,34,L7/142,L6/71
7,34,L6/71,L5/35
7,34,L5/35,L5/28
7,34,L5/28,L6/57
7,34,L6/57,L7/114
7,34,L7/114,L7/118
7,34,L7/118,L7/116
7,34,L7/116,L6/58
7,34,L6/58,L7/117
7,34,L7/117,L7/104
7,34,L7/104,L7/107
7,34,L7/107,L7/45
7,34,L7/45,L7/47
7,34,L7/47,L7/43
7,34,L7/43,L7/38
7,34,L7/38,L7/39
7,34,L7/39,L7/34
7,35,L7/142,L6/71
7,35,L6/71,L5/35
7,35,L5/35,L5/28
7,35,L5/28,L6/57
7,35,L6/57,L7/114
7,35,L7/114,L7/118
7,35,L7/118,L7/116
7,35,L7/116,L6/58
7,35,L6/58,L7/117
7,35,L7/117,L7/104
7,35,L7/104,L7/107
7,35,L7/107,L7/45
7,35,L7/45,L7/47
7,35,L7/47,L7/43
7,35,L7/43,L7/38
7,35,L7/38,L7/39
7,35,L7/39,L7/34
7,35,L7/34,L7/35
7,36,L7/142,L6/71
7,36,L6/71,L5/35
7,36,L5/35,L5/28
7,36,L5/28,L6/57
7,36,L6/57,L7/114
7,36,L7/114,L7/118
7,36,L7/118,L7/116
7,36,L7/116,L6/58
7,36,L6/58,L7/117
7,36,L7/117,L7/104
7,36,L7/104,L7/107
7,36,L7/107,L7/45
7,36,L7/45,L7/47
7,36,L7/47,L7/43
7,36,L7/43,L7/38
7,36,L7/38,L7/36
7,37,L7/142,L6/71
7,37,L6/71,L5/35
7,37,L5/35,L5/28
7,37,L5/28,L6/57
7,37,L6/57,L7/114
7,37,L7/114,L7/118
7,37,L7/118,L7/116
7,37,L7/116,L6/58
7,37,L6/58,L7/117
7,37,L7/117,L7/104
7,37,L7/104,L7/107
7,37,L7/107,L7/45
7,37,L7/45,L7/47
7,37,L7/47,L7/43
7,37,L7/43,L7/38
7,37,L7/38,L7/37
7,38,L7/142,L6/71
7,38,L6/71,L5/35
7,38,L5/35,L5/28
7,38,L5/28,L6/57
7,38,L6/57,L7/114
7,38,L7/114,L7/118
7,38,L7/118,L7/116
7,38,L7/116,L6/58
7,38,L6/58,L7/117
7,38,L7/117,L7/104
7,38,L7/104,L7/107
7,38,L7/107,L7/45
7,38,L7/45,L7/47
7,38,L7/47,L7/43
7,38,L7/43,L7/38
7,39,L7/142,L6/71
7,39,L6/71,L5/35
7,39,L5/35,L5/28
7,39,L5/28,L6/57
7,39,L6/57,L7/114
7,39,L7/114,L7/118
7,39,L7/118,L7/116
7,39,L7/116,L6/58
7,39,L6/58,L7/117
7,39,L7/117,L7/104
7,39,L7/104,L7/107
7,39,L7/107,L7/45
7,39,L7/45,L7/47
7,39,L7/47,L7/43
7,39,L7/43,L7/38
7,39,L7/38,L7/39
7,40,L7/142,L6/71
7,40,L6/71,L5/35
7,40,L5/35,L5/28
7,40,L5/28,L6/57
7,40,L6/57,L7/114
7,40,L7/114,L7/118
7,40,L7/118,L7/116
7,40,L7/116,L6/58
7,40,L6/58,L7/117
7,40,L7/117,L7/104
7,40,L7/104,L7/107
7,40,L7/107,L7/45
7,40,L7/45,L7/47
7,40,L7/47,L7/43
7,40,L7/43,L7/42
7,40,L7/42,L7/40
7,41,L7/142,L6/71
7,41,L6/71,L5/35
7,41,L5/35,L5/28
7,41,L5/28,L6/57
7,41,L6/57,L7/114
7,41,L7/114,L7/118
7,41,L7/118,L7/116
7,41,L7/116,L6/58
7,41,L6/58,L7/117
7,41,L7/117,L7/104
7,41,L7/104,L7/107
7,41,L7/107,L7/45
7,41,L7/45,L7/47
7,41,L7/47,L7/43
7,41,L7/43,L7/42
7,41,L7/42,L7/40
7,41,L7/40,L7/41
7,42,L7/142,L6/71
7,42,L6/71,L5/35
7,42,L5/35,L5/28
7,42,L5/28,L6/57
7,42,L6/57,L7/114
7,42,L7/114,L7/118
7,42,L7/118,L7/116
7,42,L7/116,L6/58
7,42,L6/58,L7/117
7,42,L7/117,L7/104
7,42,L7/104,L7/107
7,42,L7/107,L7/45
7,42,L7/45,L7/47
7,42,L7/47,L7/43
7,42,L7/43,L7/42
7,43,L7/142,L6/71
7,43,L6/71,L5/35
7,43,L5/35,L5/28
7,43,L5/28,L6/57
7,43,L6/57,L7/114
7,43,L7/114,L7/118
7,43,L7/118,L7/116
7,43,L7/116,L6/58
7,43,L6/58,L7/117
7,43,L7/117,L7/104
7,43,L7/104,L7/107
7,43,L7/107,L7/45
7,43,L7/45,L7/47
7,43,L7/47,L7/43
7,44,L7/142,L6/71
7,44,L6/71,L5/35
7,44,L5/35,L5/28
7,44,L5/28,L6/57
7,44,L6/57,L7/114
7,44,L7/114,L7/118
7,44,L7/118,L7/116
7,44,L7/116,L6/58
7,44,L6/58,L7/117
7,44,L7/117,L7/104
7,44,L7/104,L7/107
7,44,L7/107,L7/45
7,44,L7/45,L7/44
7,45,L7/142,L6/71
7,45,L6/71,L5/35
7,45,L5/35,L5/28
7,45,L5/28,L6/57
7,45,L6/57,L7/114
7,45,L7/114,L7/118
7,45,L7/118,L7/116
7,45,L7/116,L6/58
7,45,L6/58,L7/117
7,45,L7/117,L7/104
7,45,L7/104,L7/107
7,45,L7/107,L7/45
7,46,L7/142,L6/71
7,46,L6/71,L5/35
7,46,L5/35,L5/28
7,46,L5/28,L6/57
7,46,L6/57,L7/114
7,46,L7/114,L7/118
7,46,L7/118,L7/116
7,46,L7/116,L6/58
7,46,L6/58,L7/117
7,46,L7/117,L7/104
7,46,L7/104,L7/107
7,46,L7/107,L7/46
7,47,L7/142,L6/71
7,47,L6/71,L5/35
7,47,L5/35,L5/28
7,47,L5/28,L6/57
7,47,L6/57,L7/114
7,47,L7/114,L7/118
7,47,L7/118,L7/116
7,47,L7/116,L6/58
7,47,L6/58,L7/117
7,47,L7/117,L7/104
7,47,L7/104,L7/107
7,47,L7/107,L7/45
7,47,L7/45,L7/47
7,48,L7/142,L6/71
7,48,L6/71,L5/35
7,48,L5/35,L5/28
7,48,L5/28,L6/57
7,48,L6/57,L7/114
7,48,L7/114,L7/118
7,48,L7/118,L7/116
7,48,L7/116,L6/58
7,48,L6/58,L7/117
7,48,L7/117,L7/51
7,48,L7/51,L7/48
7,49,L7/142,L6/71
7,49,L6/71,L5/35
7,49,L5/35,L5/28
7,49,L5/28,L6/57
7,49,L6/57,L7/114
7,49,L7/114,L7/118
7,49,L7/118,L7/116
7,49,L7/116,L6/58
7,49,L6/58,L7/117
7,49,L7/117,L7/51
7,49,L7/51,L7/49
7,50,L7/142,L6/71
7,50,L6/71,L5/35
7,50,L5/35,L5/28
7,50,L5/28,L6/57
7,50,L6/57,L7/114
7,50,L7/114,L7/118
7,50,L7/118,L7/116
7,50,L7/116,L6/58
7,50,L6/58,L7/117
7,50,L7/117,L7/51
7,50,L7/51,L7/50
7,51,L7/142,L6/71
7,51,L6/71,L5/35
7,51,L5/35,L5/28
7,51,L5/28,L6/57
7,51,L6/57,L7/114
7,51,L7/114,L7/118
7,51,L7/118,L7/116
7,51,L7/116,L6/58
7,51,L6/58,L7/117
7,51,L7/117,L7/51
7,52,L7/142,L6/71
7,52,L6/71,L5/35
7,52,L5/35,L5/28
7,52,L5/28,L6/57
7,52,L6/57,L7/114
7,52,L7/114,L7/118
7,52,L7/118,L7/116
7,52,L7/116,L6/58
7,52,L6/58,L7/117
7,52,L7/117,L7/51
7,52,L7/51,L7/48
7,52,L7/48,L6/24
7,52,L6/24,L6/26
7,52,L6/26,L7/52
7,53,L7/142,L6/71
7,53,L6/71,L5/35
7,53,L5/35,L5/28
7,53,L5/28,L6/57
7,53,L6/57,L7/114
7,53,L7/114,L7/118
7,53,L7/118,L7/116
7,53,L7/116,L6/58
7,53,L6/58,L7/117
7,53,L7/117,L7/51
7,53,L7/51,L7/48
7,53,L7/48,L6/24
7,53,L6/24,L6/26
7,53,L6/26,L7/53
7,54,L7/142,L6/71
7,54,L6/71,L5/35
7,54,L5/35,L5/28
7,54,L5/28,L6/57
7,54,L6/57,L7/115
7,54,L7/115,L7/62
7,54,L7/62,L7/56
7,54,L7/56,L7/57
7,54,L7/57,L7/25
7,54,L7/25,L6/12
7,54,L6/12,L6/13
7,54,L6/13,L7/26
7,54,L7/26,L7/54
7,55,L7/142,L6/71
7,55,L6/71,L5/35
7,55,L5/35,L5/28
7,55,L5/28,L6/57
7,55,L6/57,L7/115
7,55,L7/115,L7/62
7,55,L7/62,L7/56
7,55,L7/56,L7/57
7,55,L7/57,L7/25
7,55,L7/25,L6/12
7,55,L6/12,L6/13
7,55,L6/13,L7/27
7,55,L7/27,L7/0
7,55,L7/0,L7/55
7,56,L7/142,L6/71
7,56,L6/71,L5/35
7,56,L5/35,L5/28
7,56,L5/28,L6/57
7,56,L6/57,L7/115
7,56,L7/115,L7/62
7,56,L7/62,L7/56
7,57,L7/142,L6/71
7,57,L6/71,L5/35
7,57,L5/35,L5/28
7,57,L5/28,L6/57
7,57,L6/57,L7/115
7,57,L7/115,L7/62
7,57,L7/62,L7/56
7,57,L7/56,L7/57
7,58,L7/142,L6/71
7,58,L6/71,L5/35
7,58,L5/35,L5/28
7,58,L5/28,L6/56
7,58,L6/56,L7/112
7,58,L7/112,L7/59
7,58,L7/59,L7/58
7,59,L7/142,L6/71
7,59,L6/71,L5/35
7,59,L5/35,L5/28
7,59,L5/28,L6/56
7,59,L6/56,L7/112
7,59,L7/112,L7/59
7,60,L7/142,L6/71
7,60,L6/71,L5/35
7,60,L5/35,L5/28
7,60,L5/28,L6/57
7,60,L6/57,L7/115
7,60,L7/115,L7/62
7,60,L7/62,L7/60
7,61,L7/142,L6/71
7,61,L6/71,L5/35
7,61,L5/35,L5/28
7,61,L5/28,L6/57
7,61,L6/57,L7/115
7,61,L7/115,L7/62
7,61,L7/62,L7/61
7,62,L7/142,L6/71
7,62,L6/71,L5/35
7,62,L5/35,L5/28
7,62,L5/28,L6/57
7,62,L6/57,L7/115
7,62,L7/115,L7/62
7,63,L7/142,L6/71
7,63,L6/71,L5/35
7,63,L5/35,L5/28
7,63,L5/28,L6/57
7,63,L6/57,L7/115
7,63,L7/115,L7/63
7,64,L7/142,L6/71
7,64,L6/71,L5/35
7,64,L5/35,L5/28
7,64,L5/28,L6/57
7,64,L6/57,L7/114
7,64,L7/114,L7/118
7,64,L7/118,L7/116
7,64,L7/116,L6/58
7,64,L6/58,L7/117
7,64,L7/117,L7/105
7,64,L7/105,L6/52
7,64,L6/52,L6/55
7,64,L6/55,L7/111
7,64,L7/111,L7/100
7,64,L7/100,L7/101
7,64,L7/101,L7/102
7,64,L7/102,L7/103
7,64,L7/103,L7/99
7,64,L7/99,L7/98
7,64,L7/98,L7/64
7,65,L7/142,L6/71
7,65,L6/71,L5/35
7,65,L5/35,L5/28
7,65,L5/28,L6/57
7,65,L6/57,L7/114
7,65,L7/114,L7/118
7,65,L7/118,L7/116
7,65,L7/116,L6/58
7,65,L6/58,L7/117
7,65,L7/117,L7/105
7,65,L7/105,L6/52
7,65,L6/52,L6/55
7,65,L6/55,L7/111
7,65,L7/111,L7/100
7,65,L7/100,L7/101
7,65,L7/101,L7/102
7,65,L7/102,L7/103
7,65,L7/103,L7/99
7,65,L7/99,L7/98
7,65,L7/98,L7/64
7,65,L7/64,L7/65
7,66,L7/142,L6/71
7,66,L6/71,L5/35
7,66,L5/35,L5/28
7,66,L5/28,L6/57
7,66,L6/57,L7/114
7,66,L7/114,L7/118
7,66,L7/118,L7/116
7,66,L7/116,L6/58
7,66,L6/58,L7/117
7,66,L7/117,L7/105
7,66,L7/105,L6/52
7,66,L6/52,L6/55
7,66,L6/55,L7/111
7,66,L7/111,L7/100
7,66,L7/100,L7/101
7,66,L7/101,L7/102
7,66,L7/102,L7/73
7,66,L7/73,L7/72
7,66,L7/72,L7/74
7,66,L7/74,L7/66
7,67,L7/142,L6/71
7,67,L6/71,L5/35
7,67,L5/35,L5/28
7,67,L5/28,L6/57
7,67,L6/57,L7/114
7,67,L7/114,L7/118
7,67,L7/118,L7/116
7,67,L7/116,L6/58
7,67,L6/58,L7/117
7,67,L7/117,L7/105
7,67,L7/105,L6/52
7,67,L6/52,L6/55
7,67,L6/55,L7/111
7,67,L7/111,L7/100
7,67,L7/100,L7/101
7,67,L7/101,L7/102
7,67,L7/102,L7/73
7,67,L7/73,L7/72
7,67,L7/72,L7/74
7,67,L7/74,L7/66
7,67,L7/66,L7/67
7,68,L7/142,L6/71
7,68,L6/71,L5/35
7,68,L5/35,L5/28
7,68,L5/28,L6/57
7,68,L6/57,L7/114
7,68,L7/114,L7/118
7,68,L7/118,L7/116
7,68,L7/116,L6/58
7,68,L6/58,L7/117
7,68,L7/117,L7/105
7,68,L7/105,L6/52
7,68,L6/52,L6/55
7,68,L6/55,L7/111
7,68,L7/111,L7/100
7,68,L7/100,L7/101
7,68,L7/101,L7/102
7,68,L7/102,L7/103
7,68,L7/103,L7/99
7,68,L7/99,L7/98
7,68,L7/98,L7/64
7,68,L7/64,L7/70
7,68,L7/70,L7/68
7,69,L7/142,L6/71
7,69,L6/71,L5/35
7,69,L5/35,L5/28
7,69,L5/28,L6/57
7,69,L6/57,L7/114
7,69,L7/114,L7/118
7,69,L7/118,L7/116
7,69,L7/116,L6/58
7,69,L6/58,L7/117
7,69,L7/117,L7/105
7,69,L7/105,L6/52
7,69,L6/52,L6/55
7,69,L6/55,L7/111
7,69,L7/111,L7/100
7,69,L7/100,L7/101
7,69,L7/101,L7/102
7,69,L7/102,L7/103
7,69,L7/103,L7/99
7,69,L7/99,L7/98
7,69,L7/98,L7/64
7,69,L7/64,L7/70
7,69,L7/70,L7/69
7,70,L7/142,L6/71
7,70,L6/71,L5/35
7,70,L5/35,L5/28
7,70,L5/28,L6/57
7,70,L6/57,L7/114
7,70,L7/114,L7/118
7,70,L7/118,L7/116
7,70,L7/116,L6/58
7,70,L6/58,L7/117
7,70,L7/117,L7/105
7,70,L7/105,L6/52
7,70,L6/52,L6/55
7,70,L6/55,L7/111
7,70,L7/111,L7/100
7,70,L7/100,L7/101
7,70,L7/101,L7/102
7,70,L7/102,L7/103
7,70,L7/103,L7/99
7,70,L7/99,L7/98
7,70,L7/98,L7/64
7,70,L7/64,L7/70
7,71,L7/142,L6/71
7,71,L6/71,L5/35
7,71,L5/35,L5/28
7,71,L5/28,L6/57
7,71,L6/57,L7/114
7,71,L7/114,L7/118
7,71,L7/118,L7/116
7,71,L7/116,L6/58
7,71,L6/58,L7/117
7,71,L7/117,L7/105
7,71,L7/105,L6/52
7,71,L6/52,L6/55
7,71,L6/55,L7/111
7,71,L7/111,L7/100
7,71,L7/100,L7/101
7,71,L7/101,L7/102
7,71,L7/102,L7/73
7,71,L7/73,L7/72
7,71,L7/72,L7/74
7,71,L7/74,L7/66
7,71,L7/66,L7/67
7,71,L7/67,L7/71
7,72,L7/142,L6/71
7,72,L6/71,L5/35
7,72,L5/35,L5/28
7,72,L5/28,L6/57
7,72,L6/57,L7/114
7,72,L7/114,L7/118
7,72,L7/118,L7/116
7,72,L7/116,L6/58
7,72,L6/58,L7/117
7,72,L7/117,L7/105
7,72,L7/105,L6/52
7,72,L6/52,L6/55
7,72,L6/55,L7/111
7,72,L7/111,L7/100
7,72,L7/100,L7/101
7,72,L7/101,L7/102
7,72,L7/102,L7/73
7,72,L7/73,L7/72
7,73,L7/142,L6/71
7,73,L6/71,L5/35
7,73,L5/35,L5/28
7,73,L5/28,L6/57
7,73,L6/57,L7/114
7,73,L7/114,L7/118
7,73,L7/118,L7/116
7,73,L7/116,L6/58
7,73,L6/58,L7/117
7,73,L7/117,L7/105
7,73,L7/105,L6/52
7,73,L6/52,L6/55
7,73,L6/55,L7/111
7,73,L7/111,L7/100
7,73,L7/100,L7/101
7,73,L7/101,L7/102
7,73,L7/102,L7/73
7,74,L7/142,L6/71
7,74,L6/71,L5/35
7,74,L5/35,L5/28
7,74,L5/28,L6/57
7,74,L6/57,L7/114
7,74,L7/114,L7/118
7,74,L7/118,L7/116
7,74,L7/116,L6/58
7,74,L6/58,L7/117
7,74,L7/117,L7/105
7,74,L7/105,L6/52
7,74,L6/52,L6/55
7,74,L6/55,L7/111
7,74,L7/111,L7/100
7,74,L7/100,L7/101
7,74,L7/101,L7/102
7,74,L7/102,L7/73
7,74,L7/73,L7/72
7,74,L7/72,L7/74
7,75,L7/142,L6/71
7,75,L6/71,L5/35
7,75,L5/35,L5/28
7,75,L5/28,L6/57
7,75,L6/57,L7/114
7,75,L7/114,L7/118
7,75,L7/118,L7/116
7,75,L7/116,L6/58
7,75,L6/58,L7/117
7,75,L7/117,L7/105
7,75,L7/105,L6/52
7,75,L6/52,L6/55
7,75,L6/55,L7/111
7,75,L7/111,L7/100
7,75,L7/100,L7/101
7,75,L7/101,L7/102
7,75,L7/102,L7/73
7,75,L7/73,L7/72
7,75,L7/72,L7/75
7,76,L7/142,L6/71
7,76,L6/71,L5/35
7,76,L5/35,L5/28
7,76,L5/28,L6/57
7,76,L6/57,L7/114
7,76,L7/114,L7/118
7,76,L7/118,L7/116
7,76,L7/116,L6/58
7,76,L6/58,L7/117
7,76,L7/117,L7/105
7,76,L7/105,L6/52
7,76,L6/52,L6/55
7,76,L6/55,L7/111
7,76,L7/111,L7/100
7,76,L7/100,L7/101
7,76,L7/101,L7/102
7,76,L7/102,L7/73
7,76,L7/73,L7/76
7,77,L7/142,L6/71
7,77,L6/71,L5/35
7,77,L5/35,L5/28
7,77,L5/28,L6/57
7,77,L6/57,L7/114
7,77,L7/114,L7/118
7,77,L7/118,L7/116
7,77,L7/116,L6/58
7,77,L6/58,L7/117
7,77,L7/117,L7/105
7,77,L7/105,L6/52
7,77,L6/52,L6/55
7,77,L6/55,L7/111
7,77,L7/111,L7/100
7,77,L7/100,L7/101
7,77,L7/101,L7/102
7,77,L7/102,L7/73
7,77,L7/73,L7/77
7,78,L7/142,L6/71
7,78,L6/71,L5/35
7,78,L5/35,L5/28
7,78,L5/28,L6/57
7,78,L6/57,L7/114
7,78,L7/114,L7/118
7,78,L7/118,L7/116
7,78,L7/116,L6/58
7,78,L6/58,L7/117
7,78,L7/117,L7/105
7,78,L7/105,L6/52
7,78,L6/52,L6/55
7,78,L6/55,L7/111
7,78,L7/111,L7/100
7,78,L7/100,L7/101
7,78,L7/101,L7/102
7,78,L7/102,L7/73
7,78,L7/73,L7/76
7,78,L7/76,L7/78
7,79,L7/142,L6/71
7,79,L6/71,L5/35
7,79,L5/35,L5/28
7,79,L5/28,L6/57
7,79,L6/57,L7/114
7,79,L7/114,L7/118
7,79,L7/118,L7/116
7,79,L7/116,L6/58
7,79,L6/58,L7/117
7,79,L7/117,L7/105
7,79,L7/105,L6/52
7,79,L6/52,L6/55
7,79,L6/55,L7/111
7,79,L7/111,L7/100
7,79,L7/100,L7/101
7,79,L7/101,L7/102
7,79,L7/102,L7/73
7,79,L7/73,L7/76
7,79,L7/76,L7/79
7,80,L7/142,L6/71
7,80,L6/71,L5/35
7,80,L5/35,L5/28
7,80,L5/28,L6/57
7,80,L6/57,L7/114
7,80,L7/114,L7/118
7,80,L7/118,L7/116
7,80,L7/116,L6/58
7,80,L6/58,L7/117
7,80,L7/117,L7/105
7,80,L7/105,L6/52
7,80,L6/52,L6/55
7,80,L6/55,L7/111
7,80,L7/111,L7/100
7,80,L7/100,L7/101
7,80,L7/101,L7/102
7,80,L7/102,L7/73
7,80,L7/73,L6/36
7,80,L6/36,L5/18
7,80,L5/18,L4/9
7,80,L4/9,L4/10
7,80,L4/10,L5/20
7,80,L5/20,L6/40
7,80,L6/40,L7/80
7,81,L7/142,L6/71
7,81,L6/71,L5/35
7,81,L5/35,L5/28
7,81,L5/28,L6/57
7,81,L6/57,L7/114
7,81,L7/114,L7/118
7,81,L7/118,L7/116
7,81,L7/116,L6/58
7,81,L6/58,L7/117
7,81,L7/117,L7/105
7,81,L7/105,L6/52
7,81,L6/52,L6/55
7,81,L6/55,L7/111
7,81,L7/111,L7/100
7,81,L7/100,L7/101
7,81,L7/101,L7/102
7,81,L7/102,L7/73
7,81,L7/73,L6/36
7,81,L6/36,L5/18
7,81,L5/18,L4/9
7,81,L4/9,L4/10
7,81,L4/10,L5/20
7,81,L5/20,L6/40
7,81,L6/40,L7/81
7,82,L7/142,L6/71
7,82,L6/71,L5/35
7,82,L5/35,L5/28
7,82,L5/28,L6/57
7,82,L6/57,L7/114
7,82,L7/114,L7/118
7,82,L7/118,L7/116
7,82,L7/116,L6/58
7,82,L6/58,L7/117
7,82,L7/117,L7/105
7,82,L7/105,L6/52
7,82,L6/52,L6/55
7,82,L6/55,L7/111
7,82,L7/111,L7/100
7,82,L7/100,L7/101
7,82,L7/101,L7/102
7,82,L7/102,L7/73
7,82,L7/73,L6/36
7,82,L6/36,L5/18
7,82,L5/18,L4/9
7,82,L4/9,L4/10
7,82,L4/10,L5/20
7,82,L5/20,L6/41
7,82,L6/41,L7/82
7,83,L7/142,L6/71
7,83,L6/71,L5/35
7,83,L5/35,L5/28
7,83,L5/28,L6/57
7,83,L6/57,L7/114
7,83,L7/114,L7/118
7,83,L7/118,L7/116
7,83,L7/116,L6/58
7,83,L6/58,L7/117
7,83,L7/117,L7/105
7,83,L7/105,L6/52
7,83,L6/52,L6/55
7,83,L6/55,L7/111
7,83,L7/111,L7/100
7,83,L7/100,L7/101
7,83,L7/101,L7/102
7,83,L7/102,L7/73
7,83,L7/73,L6/36
7,83,L6/36,L5/18
7,83,L5/18,L4/9
7,83,L4/9,L4/10
7,83,L4/10,L5/20
7,83,L5/20,L6/41
7,83,L6/41,L7/83
7,84,L7/142,L6/71
7,84,L6/71,L5/35
7,84,L5/35,L5/28
7,84,L5/28,L6/57
7,84,L6/57,L7/114
7,84,L7/114,L7/118
7,84,L7/118,L7/116
7,84,L7/116,L6/58
7,84,L6/58,L7/117
7,84,L7/117,L7/105
7,84,L7/105,L6/52
7,84,L6/52,L6/55
7,84,L6/55,L7/111
7,84,L7/111,L7/100
7,84,L7/100,L7/101
7,84,L7/101,L7/102
7,84,L7/102,L7/73
7,84,L7/73,L6/36
7,84,L6/36,L5/18
7,84,L5/18,L4/9
7,84,L4/9,L4/10
7,84,L4/10,L5/21
7,84,L5/21,L6/42
7,84,L6/42,L7/84
7,85,L7/142,L6/71
7,85,L6/71,L5/35
7,85,L5/35,L5/28
7,85,L5/28,L6/57
7,85,L6/57,L7/114
7,85,L7/114,L7/118
7,85,L7/118,L7/116
7,85,L7/116,L6/58
7,85,L6/58,L7/117
7,85,L7/117,L7/105
7,85,L7/105,L6/52
7,85,L6/52,L6/55
7,85,L6/55,L7/111
7,85,L7/111,L7/100
7,85,L7/100,L7/101
7,85,L7/101,L7/102
7,85,L7/102,L7/73
7,85,L7/73,L6/36
7,85,L6/36,L5/18
7,85,L5/18,L4/9
7,85,L4/9,L4/10
7,85,L4/10,L5/21
7,85,L5/21,L6/42
7,85,L6/42,L7/85
7,86,L7/142,L6/71
7,86,L6/71,L5/35
7,86,L5/35,L5/28
7,86,L5/28,L6/57
7,86,L6/57,L7/114
7,86,L7/114,L7/118
7,86,L7/118,L7/116
7,86,L7/116,L6/58
7,86,L6/58,L7/117
7,86,L7/117,L7/105
7,86,L7/105,L6/52
7,86,L6/52,L6/55
7,86,L6/55,L7/111
7,86,L7/111,L7/100
7,86,L7/100,L7/101
7,86,L7/101,L7/102
7,86,L7/102,L7/73
7,86,L7/73,L6/36
7,86,L6/36,L5/18
7,86,L5/18,L4/9
7,86,L4/9,L4/10
7,86,L4/10,L5/21
7,86,L5/21,L6/43
7,86,L6/43,L7/86
7,87,L7/142,L6/71
7,87,L6/71,L5/35
7,87,L5/35,L5/28
7,87,L5/28,L6/57
7,87,L6/57,L7/114
7,87,L7/114,L7/118
7,87,L7/118,L7/116
7,87,L7/116,L6/58
7,87,L6/58,L7/117
7,87,L7/117,L7/105
7,87,L7/105,L6/52
7,87,L6/52,L6/55
7,87,L6/55,L7/111
7,87,L7/111,L7/100
7,87,L7/100,L7/101
7,87,L7/101,L7/102
7,87,L7/102,L7/73
7,87,L7/73,L6/36
7,87,L6/36,L5/18
7,87,L5/18,L4/9
7,87,L4/9,L4/10
7,87,L4/10,L5/21
7,87,L5/21,L6/43
7,87,L6/43,L7/87
7,88,L7/142,L6/71
7,88,L6/71,L5/35
7,88,L5/35,L5/28
7,88,L5/28,L6/57
7,88,L6/57,L7/114
7,88,L7/114,L7/118
7,88,L7/118,L7/116
7,88,L7/116,L6/58
7,88,L6/58,L7/117
7,88,L7/117,L7/105
7,88,L7/105,L6/52
7,88,L6/52,L6/55
7,88,L6/55,L7/111
7,88,L7/111,L7/100
7,88,L7/100,L7/101
7,88,L7/101,L7/102
7,88,L7/102,L7/73
7,88,L7/73,L6/36
7,88,L6/36,L5/18
7,88,L5/18,L4/9
7,88,L4/9,L4/10
7,88,L4/10,L5/20
7,88,L5/20,L6/40
7,88,L6/40,L6/47
7,88,L6/47,L7/95
7,88,L7/95,L7/92
7,88,L7/92,L7/88
7,89,L7/142,L6/71
7,89,L6/71,L5/35
7,89,L5/35,L5/28
7,89,L5/28,L6/57
7,89,L6/57,L7/114
7,89,L7/114,L7/118
7,89,L7/118,L7/116
7,89,L7/116,L6/58
7,89,L6/58,L7/117
7,89,L7/117,L7/105
7,89,L7/105,L6/52
7,89,L6/52,L6/55
7,89,L6/55,L7/111
7,89,L7/111,L7/100
7,89,L7/100,L7/101
7,89,L7/101,L7/102
7,89,L7/102,L7/73
7,89,L7/73,L6/36
7,89,L6/36,L5/18
7,89,L5/18,L4/9
7,89,L4/9,L4/10
7,89,L4/10,L5/20
7,89,L5/20,L6/40
7,89,L6/40,L6/47
7,89,L6/47,L7/95
7,89,L7/95,L7/90
7,89,L7/90,L7/89
7,90,L7/142,L6/71
7,90,L6/71,L5/35
7,90,L5/35,L5/28
7,90,L5/28,L6/57
7,90,L6/57,L7/114
7,90,L7/114,L7/118
7,90,L7/118,L7/116
7,90,L7/116,L6/58
7,90,L6/58,L7/117
7,90,L7/117,L7/105
7,90,L7/105,L6/52
7,90,L6/52,L6/55
7,90,L6/55,L7/111
7,90,L7/111,L7/100
7,90,L7/100,L7/101
7,90,L7/101,L7/102
7,90,L7/102,L7/73
7,90,L7/73,L6/36
7,90,L6/36,L5/18
7,90,L5/18,L4/9
7,90,L4/9,L4/10
7,90,L4/10,L5/20
7,90,L5/20,L6/40
7,90,L6/40,L6/47
7,90,L6/47,L7/95
7,90,L7/95,L7/90
7,91,L7/142,L6/71
7,91,L6/71,L5/35
7,91,L5/35,L5/28
7,91,L5/28,L6/57
7,91,L6/57,L7/114
7,91,L7/114,L7/118
7,91,L7/118,L7/116
7,91,L7/116,L6/58
7,91,L6/58,L7/117
7,91,L7/117,L7/105
7,91,L7/105,L6/52
7,91,L6/52,L6/55
7,91,L6/55,L7/111
7,91,L7/111,L7/100
7,91,L7/100,L7/101
7,91,L7/101,L7/102
7,91,L7/102,L7/73
7,91,L7/73,L6/36
7,91,L6/36,L5/18
7,91,L5/18,L4/9
7,91,L4/9,L4/10
7,91,L4/10,L5/20
7,91,L5/20,L6/40
7,91,L6/40,L6/47
7,91,L6/47,L7/95
7,91,L7/95,L7/90
7,91,L7/90,L7/91
7,92,L7/142,L6/71
7,92,L6/71,L5/35
7,92,L5/35,L5/28
7,92,L5/28,L6/57
7,92,L6/57,L7/114
7,92,L7/114,L7/118
7,92,L7/118,L7/116
7,92,L7/116,L6/58
7,92,L6/58,L7/117
7,92,L7/117,L7/105
7,92,L7/105,L6/52
7,92,L6/52,L6/55
7,92,L6/55,L7/111
7,92,L7/111,L7/100
7,92,L7/100,L7/101
7,92,L7/101,L7/102
7,92,L7/102,L7/73
7,92,L7/73,L6/36
7,92,L6/36,L5/18
7,92,L5/18,L4/9
7,92,L4/9,L4/10
7,92,L4/10,L5/20
7,92,L5/20,L6/40
7,92,L6/40,L6/47
7,92,L6/47,L7/95
7,92,L7/95,L7/92
7,93,L7/142,L6/71
7,93,L6/71,L5/35
7,93,L5/35,L5/28
7,93,L5/28,L6/57
7,93,L6/57,L7/114
7,93,L7/114,L7/118
7,93,L7/118,L7/116
7,93,L7/116,L6/58
7,93,L6/58,L7/117
7,93,L7/117,L7/105
7,93,L7/105,L6/52
7,93,L6/52,L6/55
7,93,L6/55,L7/111
7,93,L7/111,L7/100
7,93,L7/100,L7/101
7,93,L7/101,L7/102
7,93,L7/102,L7/73
7,93,L7/73,L6/36
7,93,L6/36,L5/18
7,93,L5/18,L4/9
7,93,L4/9,L4/10
7,93,L4/10,L5/20
7,93,L5/20,L6/40
7,93,L6/40,L6/47
7,93,L6/47,L7/94
7,93,L7/94,L7/93
7,94,L7/142,L6/71
7,94,L6/71,L5/35
7,94,L5/35,L5/28
7,94,L5/28,L6/57
7,94,L6/57,L7/114
7,94,L7/114,L7/118
7,94,L7/118,L7/116
7,94,L7/116,L6/58
7,94,L6/58,L7/117
7,94,L7/117,L7/105
7,94,L7/105,L6/52
7,94,L6/52,L6/55
7,94,L6/55,L7/111
7,94,L7/111,L7/100
7,94,L7/100,L7/101
7,94,L7/101,L7/102
7,94,L7/102,L7/73
7,94,L7/73,L6/36
7,94,L6/36,L5/18
7,94,L5/18,L4/9
7,94,L4/9,L4/10
7,94,L4/10,L5/20
7,94,L5/20,L6/40
7,94,L6/40,L6/47
7,94,L6/47,L7/94
7,95,L7/142,L6/71
7,95,L6/71,L5/35
7,95,L5/35,L5/28
7,95,L5/28,L6/57
7,95,L6/57,L7/114
7,95,L7/114,L7/118
7,95,L7/118,L7/116
7,95,L7/116,L6/58
7,95,L6/58,L7/117
7,95,L7/117,L7/105
7,95,L7/105,L6/52
7,95,L6/52,L6/55
7,95,L6/55,L7/111
7,95,L7/111,L7/100
7,95,L7/100,L7/101
7,95,L7/101,L7/102
7,95,L7/102,L7/73
7,95,L7/73,L6/36
7,95,L6/36,L5/18
7,95,L5/18,L4/9
7,95,L4/9,L4/10
7,95,L4/10,L5/20
7,95,L5/20,L6/40
7,95,L6/40,L6/47
7,95,L6/47,L7/95
7,96,L7/142,L6/71
7,96,L6/71,L5/35
7,96,L5/35,L5/28
7,96,L5/28,L6/57
7,96,L6/57,L7/114
7,96,L7/114,L7/118
7,96,L7/118,L7/116
7,96,L7/116,L6/58
7,96,L6/58,L7/117
7,96,L7/117,L7/105
7,96,L7/105,L6/52
7,96,L6/52,L6/55
7,96,L6/55,L7/111
7,96,L7/111,L7/100
7,96,L7/100,L7/101
7,96,L7/101,L7/102
7,96,L7/102,L7/103
7,96,L7/103,L7/96
7,97,L7/142,L6/71
7,97,L6/71,L5/35
7,97,L5/35,L5/28
7,97,L5/28,L6/57
7,97,L6/57,L7/114
7,97,L7/114,L7/118
7,97,L7/118,L7/116
7,97,L7/116,L6/58
7,97,L6/58,L7/117
7,97,L7/117,L7/105
7,97,L7/105,L6/52
7,97,L6/52,L6/55
7,97,L6/55,L7/111
7,97,L7/111,L7/100
7,97,L7/100,L7/101
7,97,L7/101,L7/102
7,97,L7/102,L7/103
7,97,L7/103,L7/96
7,97,L7/96,L7/97
7,98,L7/142,L6/71
7,98,L6/71,L5/35
7,98,L5/35,L5/28
7,98,L5/28,L6/57
7,98,L6/57,L7/114
7,98,L7/114,L7/118
7,98,L7/118,L7/116
7,98,L7/116,L6/58
7,98,L6/58,L7/117
7,98,L7/117,L7/105
7,98,L7/105,L6/52
7,98,L6/52,L6/55
7,98,L6/55,L7/111
7,98,L7/111,L7/100
7,98,L7/100,L7/101
7,98,L7/101,L7/102
7,98,L7/102,L7/103
7,98,L7/103,L7/99
7,98,L7/99,L7/98
7,99,L7/142,L6/71
7,99,L6/71,L5/35
7,99,L5/35,L5/28
7,99,L5/28,L6/57
7,99,L6/57,L7/114
7,99,L7/114,L7/118
7,99,L7/118,L7/116
7,99,L7/116,L6/58
7,99,L6/58,L7/117
7,99,L7/117,L7/105
7,99,L7/105,L6/52
7,99,L6/52,L6/55
7,99,L6/55,L7/111
7,99,L7/111,L7/100
7,99,L7/100,L7/101
7,99,L7/101,L7/102
7,99,L7/102,L7/103
7,99,L7/103,L7/99
7,100,L7/142,L6/71
7,100,L6/71,L5/35
7,100,L5/35,L5/28
7,100,L5/28,L6/57
7,100,L6/57,L7/114
7,100,L7/114,L7/118
7,100,L7/118,L7/116
7,100,L7/116,L6/58
7,100,L6/58,L7/117
7,100,L7/117,L7/105
7,100,L7/105,L6/52
7,100,L6/52,L6/55
7,100,L6/55,L7/111
7,100,L7/111,L7/100
7,101,L7/142,L6/71
7,101,L6/71,L5/35
7,101,L5/35,L5/28
7,101,L5/28,L6/57
7,101,L6/57,L7/114
7,101,L7/114,L7/118
7,101,L7/118,L7/116
7,101,L7/116,L6/58
7,101,L6/58,L7/117
7,101,L7/117,L7/105
7,101,L7/105,L6/52
7,101,L6/52,L6/55
7,101,L6/55,L7/111
7,101,L7/111,L7/100
7,101,L7/100,L7/101
7,102,L7/142,L6/71
7,102,L6/71,L5/35
7,102,L5/35,L5/28
7,102,L5/28,L6/57
7,102,L6/57,L7/114
7,102,L7/114,L7/118
7,102,L7/118,L7/116
7,102,L7/116,L6/58
7,102,L6/58,L7/117
7,102,L7/117,L7/105
7,102,L7/105,L6/52
7,102,L6/52,L6/55
7,102,L6/55,L7/111
7,102,L7/111,L7/100
7,102,L7/100,L7/101
7,102,L7/101,L7/102
7,103,L7/142,L6/71
7,103,L6/71,L5/35
7,103,L5/35,L5/28
7,103,L5/28,L6/57
7,103,L6/57,L7/114
7,103,L7/114,L7/118
7,103,L7/118,L7/116
7,103,L7/116,L6/58
7,103,L6/58,L7/117
7,103,L7/117,L7/105
7,103,L7/105,L6/52
7,103,L6/52,L6/55
7,103,L6/55,L7/111
7,103,L7/111,L7/100
7,103,L7/100,L7/101
7,103,L7/101,L7/102
7,103,L7/102,L7/103
7,104,L7/142,L6/71
7,104,L6/71,L5/35
7,104,L5/35,L5/28
7,104,L5/28,L6/57
7,104,L6/57,L7/114
7,104,L7/114,L7/118
7,104,L7/118,L7/116
7,104,L7/116,L6/58
7,104,L6/58,L7/117
7,104,L7/117,L7/104
7,105,L7/142,L6/71
7,105,L6/71,L5/35
7,105,L5/35,L5/28
7,105,L5/28,L6/57
7,105,L6/57,L7/114
7,105,L7/114,L7/118
7,105,L7/118,L7/116
7,105,L7/116,L6/58
7,105,L6/58,L7/117
7,105,L7/117,L7/105
7,106,L7/142,L6/71
7,106,L6/71,L5/35
7,106,L5/35,L5/28
7,106,L5/28,L6/57
7,106,L6/57,L7/114
7,106,L7/114,L7/118
7,106,L7/118,L7/116
7,106,L7/116,L6/58
7,106,L6/58,L7/117
7,106,L7/117,L7/104
7,106,L7/104,L7/107
7,106,L7/107,L7/106
7,107,L7/142,L6/71
7,107,L6/71,L5/35
7,107,L5/35,L5/28
7,107,L5/28,L6/57
7,107,L6/57,L7/114
7,107,L7/114,L7/118
7,107,L7/118,L7/116
7,107,L7/116,L6/58
7,107,L6/58,L7/117
7,107,L7/117,L7/104
7,107,L7/104,L7/107
7,108,L7/142,L6/71
7,108,L6/71,L5/35
7,108,L5/35,L5/28
7,108,L5/28,L6/57
7,108,L6/57,L7/114
7,108,L7/114,L7/118
7,108,L7/118,L7/116
7,108,L7/116,L6/58
7,108,L6/58,L7/117
7,108,L7/117,L7/105
7,108,L7/105,L6/52
7,108,L6/52,L6/55
7,108,L6/55,L7/110
7,108,L7/110,L7/108
7,109,L7/142,L6/71
7,109,L6/71,L5/35
7,109,L5/35,L5/28
7,109,L5/28,L6/57
7,109,L6/57,L7/114
7,109,L7/114,L7/118
7,109,L7/118,L7/116
7,109,L7/116,L6/58
7,109,L6/58,L7/117
7,109,L7/117,L7/105
7,109,L7/105,L6/52
7,109,L6/52,L6/55
7,109,L6/55,L7/111
7,109,L7/111,L7/109
7,110,L7/142,L6/71
7,110,L6/71,L5/35
7,110,L5/35,L5/28
7,110,L5/28,L6/57
7,110,L6/57,L7/114
7,110,L7/114,L7/118
7,110,L7/118,L7/116
7,110,L7/116,L6/58
7,110,L6/58,L7/117
7,110,L7/117,L7/105
7,110,L7/105,L6/52
7,110,L6/52,L6/55
7,110,L6/55,L7/110
7,111,L7/142,L6/71
7,111,L6/71,L5/35
7,111,L5/35,L5/28
7,111,L5/28,L6/57
7,111,L6/57,L7/114
7,111,L7/114,L7/118
7,111,L7/118,L7/116
7,111,L7/116,L6/58
7,111,L6/58,L7/117
7,111,L7/117,L7/105
7,111,L7/105,L6/52
7,111,L6/52,L6/55
7,111,L6/55,L7/111
7,112,L7/142,L6/71
7,112,L6/71,L5/35
7,112,L5/35,L5/28
7,112,L5/28,L6/56
7,112,L6/56,L7/112
7,113,L7/142,L6/71
7,113,L6/71,L5/35
7,113,L5/35,L5/28
7,113,L5/28,L6/56
7,113,L6/56,L7/113
7,114,L7/142,L6/71
7,114,L6/71,L5/35
7,114,L5/35,L5/28
7,114,L5/28,L6/57
7,114,L6/57,L7/114
7,115,L7/142,L6/71
7,115,L6/71,L5/35
7,115,L5/35,L5/28
7,115,L5/28,L6/57
7,115,L6/57,L7/115
7,116,L7/142,L6/71
7,116,L6/71,L5/35
7,116,L5/35,L5/28
7,116,L5/28,L6/57
7,116,L6/57,L7/114
7,116,L7/114,L7/118
7,116,L7/118,L7/116
7,117,L7/142,L6/71
7,117,L6/71,L5/35
7,117,L5/35,L5/28
7,117,L5/28,L6/57
7,117,L6/57,L7/114
7,117,L7/114,L7/118
7,117,L7/118,L7/116
7,117,L7/116,L6/58
7,117,L6/58,L7/117
7,118,L7/142,L6/71
7,118,L6/71,L5/35
7,118,L5/35,L5/28
7,118,L5/28,L6/57
7,118,L6/57,L7/114
7,118,L7/114,L7/118
7,119,L7/142,L6/71
7,119,L6/71,L5/35
7,119,L5/35,L5/28
7,119,L5/28,L6/57
7,119,L6/57,L7/114
7,119,L7/114,L7/118
7,119,L7/118,L7/119
7,120,L7/142,L6/71
7,120,L6/71,L5/35
7,120,L5/35,L5/28
7,120,L5/28,L6/57
7,120,L6/57,L7/114
7,120,L7/114,L7/127
7,120,L7/127,L7/122
7,120,L7/122,L7/120
7,121,L7/142,L6/71
7,121,L6/71,L5/35
7,121,L5/35,L5/28
7,121,L5/28,L6/57
7,121,L6/57,L7/114
7,121,L7/114,L7/127
7,121,L7/127,L7/122
7,121,L7/122,L7/121
7,122,L7/142,L6/71
7,122,L6/71,L5/35
7,122,L5/35,L5/28
7,122,L5/28,L6/57
7,122,L6/57,L7/114
7,122,L7/114,L7/127
7,122,L7/127,L7/122
7,123,L7/142,L6/71
7,123,L6/71,L5/35
7,123,L5/35,L5/28
7,123,L5/28,L6/57
7,123,L6/57,L7/114
7,123,L7/114,L7/127
7,123,L7/127,L7/122
7,123,L7/122,L7/123
7,124,L7/142,L6/71
7,124,L6/71,L5/35
7,124,L5/35,L5/28
7,124,L5/28,L6/56
7,124,L6/56,L7/113
7,124,L7/113,L7/126
7,124,L7/126,L7/124
7,125,L7/142,L6/71
7,125,L6/71,L5/35
7,125,L5/35,L5/28
7,125,L5/28,L6/56
7,125,L6/56,L7/113
7,125,L7/113,L7/126
7,125,L7/126,L7/124
7,125,L7/124,L7/125
7,126,L7/142,L6/71
7,126,L6/71,L5/35
7,126,L5/35,L5/28
7,126,L5/28,L6/56
7,126,L6/56,L7/113
7,126,L7/113,L7/126
7,127,L7/142,L6/71
7,127,L6/71,L5/35
7,127,L5/35,L5/28
7,127,L5/28,L6/57
7,127,L6/57,L7/114
7,127,L7/114,L7/127
7,128,L7/142,L7/143
7,128,L7/143,L7/205
7,128,L7/205,L6/102
7,128,L6/102,L7/204
7,128,L7/204,L7/128
7,129,L7/142,L7/143
7,129,L7/143,L7/205
7,129,L7/205,L6/102
7,129,L6/102,L7/204
7,129,L7/204,L7/129
7,130,L7/142,L7/143
7,130,L7/143,L7/205
7,130,L7/205,L6/102
7,130,L6/102,L7/204
7,130,L7/204,L7/129
7,130,L7/129,L7/130
7,131,L7/142,L7/143
7,131,L7/143,L7/205
7,131,L7/205,L6/102
7,131,L6/102,L7/204
7,131,L7/204,L7/131
7,132,L7/142,L7/143
7,132,L7/143,L7/205
7,132,L7/205,L6/102
7,132,L6/102,L7/204
7,132,L7/204,L7/128
7,132,L7/128,L7/132
7,133,L7/142,L7/143
7,133,L7/143,L7/205
7,133,L7/205,L6/102
7,133,L6/102,L7/204
7,133,L7/204,L7/128
7,133,L7/128,L7/132
7,133,L7/132,L7/133
7,134,L7/142,L7/143
7,134,L7/143,L7/205
7,134,L7/205,L6/102
7,134,L6/102,L7/204
7,134,L7/204,L7/128
7,134,L7/128,L7/132
7,134,L7/132,L7/134
7,135,L7/142,L7/143
7,135,L7/143,L7/205
7,135,L7/205,L6/102
7,135,L6/102,L7/204
7,135,L7/204,L7/129
7,135,L7/129,L7/130
7,135,L7/130,L7/135
7,136,L7/142,L7/143
7,136,L7/143,L7/136
7,137,L7/142,L7/140
7,137,L7/140,L7/139
7,137,L7/139,L7/137
7,138,L7/142,L7/140
7,138,L7/140,L7/138
7,139,L7/142,L7/140
7,139,L7/140,L7/139
7,140,L7/142,L7/140
7,141,L7/142,L7/141
7,143,L7/142,L7/143
7,144,L7/142,L7/143
7,144,L7/143,L7/205
7,144,L7/205,L6/102
7,144,L6/102,L7/204
7,144,L7/204,L7/197
7,144,L7/197,L7/198
7,144,L7/198,L7/239
7,144,L7/239,L7/238
7,144,L7/238,L7/235
7,144,L7/235,L7/233
7,144,L7/233,L7/243
7,144,L7/243,L7/247
7,144,L7/247,L6/123
7,144,L6/123,L6/78
7,144,L6/78,L7/157
7,144,L7/157,L7/153
7,144,L7/153,L7/146
7,144,L7/146,L7/147
7,144,L7/147,L7/144
7,145,L7/142,L7/143
7,145,L7/143,L7/205
7,145,L7/205,L6/102
7,145,L6/102,L7/204
7,145,L7/204,L7/197
7,145,L7/197,L7/198
7,145,L7/198,L7/239
7,145,L7/239,L7/238
7,145,L7/238,L7/235
7,145,L7/235,L7/233
7,145,L7/233,L7/243
7,145,L7/243,L7/247
7,145,L7/247,L6/123
7,145,L6/123,L6/78
7,145,L6/78,L7/157
7,145,L7/157,L7/153
7,145,L7/153,L7/146
7,145,L7/146,L7/147
7,145,L7/147,L7/145
7,146,L7/142,L7/143
7,146,L7/143,L7/205
7,146,L7/205,L6/102
7,146,L6/102,L7/204
7,146,L7/204,L7/197
7,146,L7/197,L7/198
7,146,L7/198,L7/239
7,146,L7/239,L7/238
7,146,L7/238,L7/235
7,146,L7/235,L7/233
7,146,L7/233,L7/243
7,146,L7/243,L7/247
7,146,L7/247,L6/123
7,146,L6/123,L6/78
7,146,L6/78,L7/157
7,146,L7/157,L7/153
7,146,L7/153,L7/146
7,147,L7/142,L7/143
7,147,L7/143,L7/205
7,147,L7/205,L6/102
7,147,L6/102,L7/204
7,147,L7/204,L7/197
7,147,L7/197,L7/198
7,147,L7/198,L7/239
7,147,L7/239,L7/238
7,147,L7/238,L7/235
7,147,L7/235,L7/233
7,147,L7/233,L7/243
7,147,L7/243,L7/247
7,147,L7/247,L6/123
7,147,L6/123,L6/78
7,147,L6/78,L7/157
7,147,L7/157,L7/153
7,147,L7/153,L7/146
7,147,L7/146,L7/147
7,148,L7/142,L7/143
7,148,L7/143,L7/205
7,148,L7/205,L6/102
7,148,L6/102,L7/204
7,148,L7/204,L7/197
7,148,L7/197,L7/198
7,148,L7/198,L7/239
7,148,L7/239,L7/238
7,148,L7/238,L7/235
7,148,L7/235,L7/233
7,148,L7/233,L7/243
7,148,L7/243,L7/247
7,148,L7/247,L6/123
7,148,L6/123,L6/78
7,148,L6/78,L7/157
7,148,L7/157,L7/152
7,148,L7/152,L7/151
7,148,L7/151,L7/149
7,148,L7/149,L7/148
7,149,L7/142,L7/143
7,149,L7/143,L7/205
7,149,L7/205,L6/102
7,149,L6/102,L7/204
7,149,L7/204,L7/197
7,149,L7/197,L7/198
7,149,L7/198,L7/239
7,149,L7/239,L7/238
7,149,L7/238,L7/235
7,149,L7/235,L7/233
7,149,L7/233,L7/243
7,149,L7/243,L7/247
7,149,L7/247,L6/123
7,149,L6/123,L6/78
7,149,L6/78,L7/157
7,149,L7/157,L7/152
7,149,L7/152,L7/151
7,149,L7/151,L7/149
7,150,L7/142,L7/143
7,150,L7/143,L7/205
7,150,L7/205,L6/102
7,150,L6/102,L7/204
7,150,L7/204,L7/197
7,150,L7/197,L7/198
7,150,L7/198,L7/239
7,150,L7/239,L7/238
7,150,L7/238,L7/235
7,150,L7/235,L7/233
7,150,L7/233,L7/243
7,150,L7/243,L7/247
7,150,L7/247,L6/123
7,150,L6/123,L6/78
7,150,L6/78,L7/157
7,150,L7/157,L7/152
7,150,L7/152,L7/151
7,150,L7/151,L7/150
7,151,L7/142,L7/143
7,151,L7/143,L7/205
7,151,L7/205,L6/102
7,151,L6/102,L7/204
7,151,L7/204,L7/197
7,151,L7/197,L7/198
7,151,L7/198,L7/239
7,151,L7/239,L7/238
7,151,L7/238,L7/235
7,151,L7/235,L7/233
7,151,L7/233,L7/243
7,151,L7/243,L7/247
7,151,L7/247,L6/123
7,151,L6/123,L6/78
7,151,L6/78,L7/157
7,151,L7/157,L7/152
7,151,L7/152,L7/151
7,152,L7/142,L7/143
7,152,L7/143,L7/205
7,152,L7/205,L6/102
7,152,L6/102,L7/204
7,152,L7/204,L7/197
7,152,L7/197,L7/198
7,152,L7/198,L7/239
7,152,L7/239,L7/238
7,152,L7/238,L7/235
7,152,L7/235,L7/233
7,152,L7/233,L7/243
7,152,L7/243,L7/247
7,152,L7/247,L6/123
7,152,L6/123,L6/78
7,152,L6/78,L7/157
7,152,L7/157,L7/152
7,153,L7/142,L7/143
7,153,L7/143,L7/205
7,153,L7/205,L6/102
7,153,L6/102,L7/204
7,153,L7/204,L7/197
7,153,L7/197,L7/198
7,153,L7/198,L7/239
7,153,L7/239,L7/238
7,153,L7/238,L7/235
7,153,L7/235,L7/233
7,153,L7/233,L7/243
7,153,L7/243,L7/247
7,153,L7/247,L6/123
7,153,L6/123,L6/78
7,153,L6/78,L7/157
7,153,L7/157,L7/153
7,154,L7/142,L7/143
7,154,L7/143,L7/205
7,154,L7/205,L6/102
7,154,L6/102,L7/204
7,154,L7/204,L7/197
7,154,L7/197,L7/198
7,154,L7/198,L7/239
7,154,L7/239,L7/238
7,154,L7/238,L7/235
7,154,L7/235,L7/233
7,154,L7/233,L7/243
7,154,L7/243,L7/247
7,154,L7/247,L6/123
7,154,L6/123,L6/78
7,154,L6/78,L7/156
7,154,L7/156,L7/158
7,154,L7/158,L7/154
7,155,L7/142,L7/143
7,155,L7/143,L7/205
7,155,L7/205,L6/102
7,155,L6/102,L7/204
7,155,L7/204,L7/197
7,155,L7/197,L7/198
7,155,L7/198,L7/239
7,155,L7/239,L7/238
7,155,L7/238,L7/235
7,155,L7/235,L7/233
7,155,L7/233,L7/243
7,155,L7/243,L7/247
7,155,L7/247,L6/123
7,155,L6/123,L6/78
7,155,L6/78,L7/156
7,155,L7/156,L7/158
7,155,L7/158,L7/154
7,155,L7/154,L7/155
7,156,L7/142,L7/143
7,156,L7/143,L7/205
7,156,L7/205,L6/102
7,156,L6/102,L7/204
7,156,L7/204,L7/197
7,156,L7/197,L7/198
7,156,L7/198,L7/239
7,156,L7/239,L7/238
7,156,L7/238,L7/235
7,156,L7/235,L7/233
7,156,L7/233,L7/243
7,156,L7/243,L7/247
7,156,L7/247,L6/123
7,156,L6/123,L6/78
7,156,L6/78,L7/156
7,157,L7/142,L7/143
7,157,L7/143,L7/205
7,157,L7/205,L6/102
7,157,L6/102,L7/204
7,157,L7/204,L7/197
7,157,L7/197,L7/198
7,157,L7/198,L7/239
7,157,L7/239,L7/238
7,157,L7/238,L7/235
7,157,L7/235,L7/233
7,157,L7/233,L7/243
7,157,L7/243,L7/247
7,157,L7/247,L6/123
7,157,L6/123,L6/78
7,157,L6/78,L7/157
7,158,L7/142,L7/143
7,158,L7/143,L7/205
7,158,L7/205,L6/102
7,158,L6/102,L7/204
7,158,L7/204,L7/197
7,158,L7/197,L7/198
7,158,L7/198,L7/239
7,158,L7/239,L7/238
7,158,L7/238,L7/235
7,158,L7/235,L7/233
7,158,L7/233,L7/243
7,158,L7/243,L7/247
7,158,L7/247,L6/123
7,158,L6/123,L6/78
7,158,L6/78,L7/156
7,158,L7/156,L7/158
7,159,L7/142,L7/143
7,159,L7/143,L7/205
7,159,L7/205,L6/102
7,159,L6/102,L7/204
7,159,L7/204,L7/197
7,159,L7/197,L7/198
7,159,L7/198,L7/239
7,159,L7/239,L7/238
7,159,L7/238,L7/235
7,159,L7/235,L7/233
7,159,L7/233,L7/243
7,159,L7/243,L7/247
7,159,L7/247,L6/123
7,159,L6/123,L6/78
7,159,L6/78,L7/156
7,159,L7/156,L7/159
7,160,L7/142,L6/71
7,160,L6/71,L5/35
7,160,L5/35,L5/28
7,160,L5/28,L6/57
7,160,L6/57,L7/114
7,160,L7/114,L7/118
7,160,L7/118,L7/116
7,160,L7/116,L6/58
7,160,L6/58,L7/117
7,160,L7/117,L7/105
7,160,L7/105,L6/52
7,160,L6/52,L6/55
7,160,L6/55,L7/111
7,160,L7/111,L7/100
7,160,L7/100,L7/101
7,160,L7/101,L7/102
7,160,L7/102,L7/73
7,160,L7/73,L6/36
7,160,L6/36,L5/18
7,160,L5/18,L4/9
7,160,L4/9,L4/10
7,160,L4/10,L5/20
7,160,L5/20,L6/40
7,160,L6/40,L6/47
7,160,L6/47,L7/95
7,160,L7/95,L7/90
7,160,L7/90,L6/45
7,160,L6/45,L5/22
7,160,L5/22,L5/40
7,160,L5/40,L6/80
7,160,L6/80,L7/160
7,161,L7/142,L6/71
7,161,L6/71,L5/35
7,161,L5/35,L5/28
7,161,L5/28,L6/57
7,161,L6/57,L7/114
7,161,L7/114,L7/118
7,161,L7/118,L7/116
7,161,L7/116,L6/58
7,161,L6/58,L7/117
7,161,L7/117,L7/105
7,161,L7/105,L6/52
7,161,L6/52,L6/55
7,161,L6/55,L7/111
7,161,L7/111,L7/100
7,161,L7/100,L7/101
7,161,L7/101,L7/102
7,161,L7/102,L7/73
7,161,L7/73,L6/36
7,161,L6/36,L5/18
7,161,L5/18,L4/9
7,161,L4/9,L4/10
7,161,L4/10,L5/20
7,161,L5/20,L6/40
7,161,L6/40,L6/47
7,161,L6/47,L7/95
7,161,L7/95,L7/90
7,161,L7/90,L6/45
7,161,L6/45,L5/22
7,161,L5/22,L5/40
7,161,L5/40,L6/80
7,161,L6/80,L7/161
7,162,L7/142,L6/71
7,162,L6/71,L5/35
7,162,L5/35,L5/28
7,162,L5/28,L6/57
7,162,L6/57,L7/114
7,162,L7/114,L7/118
7,162,L7/118,L7/116
7,162,L7/116,L6/58
7,162,L6/58,L7/117
7,162,L7/117,L7/105
7,162,L7/105,L6/52
7,162,L6/52,L6/55
7,162,L6/55,L7/111
7,162,L7/111,L7/100
7,162,L7/100,L7/101
7,162,L7/101,L7/102
7,162,L7/102,L7/73
7,162,L7/73,L6/36
7,162,L6/36,L5/18
7,162,L5/18,L4/9
7,162,L4/9,L4/10
7,162,L4/10,L5/20
7,162,L5/20,L6/40
7,162,L6/40,L6/47
7,162,L6/47,L7/95
7,162,L7/95,L7/90
7,162,L7/90,L6/45
7,162,L6/45,L5/22
7,162,L5/22,L5/40
7,162,L5/40,L6/81
7,162,L6/81,L7/162
7,163,L7/142,L6/71
7,163,L6/71,L5/35
7,163,L5/35,L5/28
7,163,L5/28,L6/57
7,163,L6/57,L7/114
7,163,L7/114,L7/118
7,163,L7/118,L7/116
7,163,L7/116,L6/58
7,163,L6/58,L7/117
7,163,L7/117,L7/105
7,163,L7/105,L6/52
7,163,L6/52,L6/55
7,163,L6/55,L7/111
7,163,L7/111,L7/100
7,163,L7/100,L7/101
7,163,L7/101,L7/102
7,163,L7/102,L7/73
7,163,L7/73,L6/36
7,163,L6/36,L5/18
7,163,L5/18,L4/9
7,163,L4/9,L4/10
7,163,L4/10,L5/20
7,163,L5/20,L6/40
7,163,L6/40,L6/47
7,163,L6/47,L7/95
7,163,L7/95,L7/90
7,163,L7/90,L6/45
7,163,L6/45,L5/22
7,163,L5/22,L5/40
7,163,L5/40,L6/81
7,163,L6/81,L7/163
7,164,L7/142,L6/71
7,164,L6/71,L5/35
7,164,L5/35,L5/28
7,164,L5/28,L6/57
7,164,L6/57,L7/114
7,164,L7/114,L7/118
7,164,L7/118,L7/116
7,164,L7/116,L6/58
7,164,L6/58,L7/117
7,164,L7/117,L7/105
7,164,L7/105,L6/52
7,164,L6/52,L6/55
7,164,L6/55,L7/111
7,164,L7/111,L7/100
7,164,L7/100,L7/101
7,164,L7/101,L7/102
7,164,L7/102,L7/73
7,164,L7/73,L6/36
7,164,L6/36,L5/18
7,164,L5/18,L4/9
7,164,L4/9,L4/10
7,164,L4/10,L5/20
7,164,L5/20,L6/40
7,164,L6/40,L6/47
7,164,L6/47,L7/95
7,164,L7/95,L7/90
7,164,L7/90,L6/45
7,164,L6/45,L5/22
7,164,L5/22,L5/40
7,164,L5/40,L6/81
7,164,L6/81,L7/163
7,164,L7/163,L7/164
7,165,L7/142,L6/71
7,165,L6/71,L5/35
7,165,L5/35,L5/28
7,165,L5/28,L6/57
7,165,L6/57,L7/114
7,165,L7/114,L7/118
7,165,L7/118,L7/116
7,165,L7/116,L6/58
7,165,L6/58,L7/117
7,165,L7/117,L7/105
7,165,L7/105,L6/52
7,165,L6/52,L6/55
7,165,L6/55,L7/111
7,165,L7/111,L7/100
7,165,L7/100,L7/101
7,165,L7/101,L7/102
7,165,L7/102,L7/73
7,165,L7/73,L6/36
7,165,L6/36,L5/18
7,165,L5/18,L4/9
7,165,L4/9,L4/10
7,165,L4/10,L5/20
7,165,L5/20,L6/40
7,165,L6/40,L6/47
7,165,L6/47,L7/95
7,165,L7/95,L7/90
7,165,L7/90,L6/45
7,165,L6/45,L5/22
7,165,L5/22,L5/40
7,165,L5/40,L6/81
7,165,L6/81,L7/163
7,165,L7/163,L7/164
7,165,L7/164,L7/165
7,166,L7/142,L6/71
7,166,L6/71,L5/35
7,166,L5/35,L5/28
7,166,L5/28,L6/57
7,166,L6/57,L7/114
7,166,L7/114,L7/118
7,166,L7/118,L7/116
7,166,L7/116,L6/58
7,166,L6/58,L7/117
7,166,L7/117,L7/105
7,166,L7/105,L6/52
7,166,L6/52,L6/55
7,166,L6/55,L7/111
7,166,L7/111,L7/100
7,166,L7/100,L7/101
7,166,L7/101,L7/102
7,166,L7/102,L7/73
7,166,L7/73,L6/36
7,166,L6/36,L5/18
7,166,L5/18,L4/9
7,166,L4/9,L4/10
7,166,L4/10,L5/20
7,166,L5/20,L6/40
7,166,L6/40,L6/47
7,166,L6/47,L7/95
7,166,L7/95,L7/90
7,166,L7/90,L6/45
7,166,L6/45,L5/22
7,166,L5/22,L5/40
7,166,L5/40,L6/81
7,166,L6/81,L7/163
7,166,L7/163,L7/166
7,167,L7/142,L6/71
7,167,L6/71,L5/35
7,167,L5/35,L5/28
7,167,L5/28,L6/57
7,167,L6/57,L7/114
7,167,L7/114,L7/118
7,167,L7/118,L7/116
7,167,L7/116,L6/58
7,167,L6/58,L7/117
7,167,L7/117,L7/105
7,167,L7/105,L6/52
7,167,L6/52,L6/55
7,167,L6/55,L7/111
7,167,L7/111,L7/100
7,167,L7/100,L7/101
7,167,L7/101,L7/102
7,167,L7/102,L7/73
7,167,L7/73,L6/36
7,167,L6/36,L5/18
7,167,L5/18,L4/9
7,167,L4/9,L4/10
7,167,L4/10,L5/20
7,167,L5/20,L6/40
7,167,L6/40,L6/47
7,167,L6/47,L7/95
7,167,L7/95,L7/90
7,167,L7/90,L6/45
7,167,L6/45,L5/22
7,167,L5/22,L5/40
7,167,L5/40,L6/81
7,167,L6/81,L7/163
7,167,L7/163,L7/166
7,167,L7/166,L7/167
7,168,L7/142,L6/71
7,168,L6/71,L5/35
7,168,L5/35,L5/28
7,168,L5/28,L6/57
7,168,L6/57,L7/114
7,168,L7/114,L7/118
7,168,L7/118,L7/116
7,168,L7/116,L6/58
7,168,L6/58,L7/117
7,168,L7/117,L7/105
7,168,L7/105,L6/52
7,168,L6/52,L6/55
7,168,L6/55,L7/111
7,168,L7/111,L7/100
7,168,L7/100,L7/101
7,168,L7/101,L7/102
7,168,L7/102,L7/73
7,168,L7/73,L6/36
7,168,L6/36,L5/18
7,168,L5/18,L4/9
7,168,L4/9,L4/10
7,168,L4/10,L5/20
7,168,L5/20,L6/40
7,168,L6/40,L6/47
7,168,L6/47,L7/95
7,168,L7/95,L7/90
7,168,L7/90,L6/45
7,168,L6/45,L5/22
7,168,L5/22,L5/40
7,168,L5/40,L6/80
7,168,L6/80,L7/160
7,168,L7/160,L7/175
7,168,L7/175,L7/170
7,168,L7/170,L7/168
7,169,L7/142,L6/71
7,169,L6/71,L5/35
7,169,L5/35,L5/28
7,169,L5/28,L6/57
7,169,L6/57,L7/114
7,169,L7/114,L7/118
7,169,L7/118,L7/116
7,169,L7/116,L6/58
7,169,L6/58,L7/117
7,169,L7/117,L7/105
7,169,L7/105,L6/52
7,169,L6/52,L6/55
7,169,L6/55,L7/111
7,169,L7/111,L7/100
7,169,L7/100,L7/101
7,169,L7/101,L7/102
7,169,L7/102,L7/73
7,169,L7/73,L6/36
7,169,L6/36,L5/18
7,169,L5/18,L4/9
7,169,L4/9,L4/10
7,169,L4/10,L5/20
7,169,L5/20,L6/40
7,169,L6/40,L6/47
7,169,L6/47,L7/95
7,169,L7/95,L7/90
7,169,L7/90,L6/45
7,169,L6/45,L5/22
7,169,L5/22,L5/40
7,169,L5/40,L6/80
7,169,L6/80,L7/160
7,169,L7/160,L7/175
7,169,L7/175,L7/170
7,169,L7/170,L7/168
7,169,L7/168,L7/169
7,170,L7/142,L6/71
7,170,L6/71,L5/35
7,170,L5/35,L5/28
7,170,L5/28,L6/57
7,170,L6/57,L7/114
7,170,L7/114,L7/118
7,170,L7/118,L7/116
7,170,L7/116,L6/58
7,170,L6/58,L7/117
7,170,L7/117,L7/105
7,170,L7/105,L6/52
7,170,L6/52,L6/55
7,170,L6/55,L7/111
7,170,L7/111,L7/100
7,170,L7/100,L7/101
7,170,L7/101,L7/102
7,170,L7/102,L7/73
7,170,L7/73,L6/36
7,170,L6/36,L5/18
7,170,L5/18,L4/9
7,170,L4/9,L4/10
7,170,L4/10,L5/20
7,170,L5/20,L6/40
7,170,L6/40,L6/47
7,170,L6/47,L7/95
7,170,L7/95,L7/90
7,170,L7/90,L6/45
7,170,L6/45,L5/22
7,170,L5/22,L5/40
7,170,L5/40,L6/80
7,170,L6/80,L7/160
7,170,L7/160,L7/175
7,170,L7/175,L7/170
7,171,L7/142,L6/71
7,171,L6/71,L5/35
7,171,L5/35,L5/28
7,171,L5/28,L6/57
7,171,L6/57,L7/114
7,171,L7/114,L7/118
7,171,L7/118,L7/116
7,171,L7/116,L6/58
7,171,L6/58,L7/117
7,171,L7/117,L7/105
7,171,L7/105,L6/52
7,171,L6/52,L6/55
7,171,L6/55,L7/111
7,171,L7/111,L7/100
7,171,L7/100,L7/101
7,171,L7/101,L7/102
7,171,L7/102,L7/73
7,171,L7/73,L6/36
7,171,L6/36,L5/18
7,171,L5/18,L4/9
7,171,L4/9,L4/10
7,171,L4/10,L5/20
7,171,L5/20,L6/40
7,171,L6/40,L6/47
7,171,L6/47,L7/95
7,171,L7/95,L7/90
7,171,L7/90,L6/45
7,171,L6/45,L5/22
7,171,L5/22,L5/40
7,171,L5/40,L6/80
7,171,L6/80,L7/160
7,171,L7/160,L7/175
7,171,L7/175,L7/170
7,171,L7/170,L7/171
7,172,L7/142,L6/71
7,172,L6/71,L5/35
7,172,L5/35,L5/28
7,172,L5/28,L6/57
7,172,L6/57,L7/114
7,172,L7/114,L7/118
7,172,L7/118,L7/116
7,172,L7/116,L6/58
7,172,L6/58,L7/117
7,172,L7/117,L7/105
7,172,L7/105,L6/52
7,172,L6/52,L6/55
7,172,L6/55,L7/111
7,172,L7/111,L7/100
7,172,L7/100,L7/101
7,172,L7/101,L7/102
7,172,L7/102,L7/73
7,172,L7/73,L6/36
7,172,L6/36,L5/18
7,172,L5/18,L4/9
7,172,L4/9,L4/10
7,172,L4/10,L5/20
7,172,L5/20,L6/40
7,172,L6/40,L6/47
7,172,L6/47,L7/95
7,172,L7/95,L7/90
7,172,L7/90,L6/45
7,172,L6/45,L5/22
7,172,L5/22,L5/40
7,172,L5/40,L6/80
7,172,L6/80,L7/160
7,172,L7/160,L7/175
7,172,L7/175,L7/173
7,172,L7/173,L7/172
7,173,L7/142,L6/71
7,173,L6/71,L5/35
7,173,L5/35,L5/28
7,173,L5/28,L6/57
7,173,L6/57,L7/114
7,173,L7/114,L7/118
7,173,L7/118,L7/116
7,173,L7/116,L6/58
7,173,L6/58,L7/117
7,173,L7/117,L7/105
7,173,L7/105,L6/52
7,173,L6/52,L6/55
7,173,L6/55,L7/111
7,173,L7/111,L7/100
7,173,L7/100,L7/101
7,173,L7/101,L7/102
7,173,L7/102,L7/73
7,173,L7/73,L6/36
7,173,L6/36,L5/18
7,173,L5/18,L4/9
7,173,L4/9,L4/10
7,173,L4/10,L5/20
7,173,L5/20,L6/40
7,173,L6/40,L6/47
7,173,L6/47,L7/95
7,173,L7/95,L7/90
7,173,L7/90,L6/45
7,173,L6/45,L5/22
7,173,L5/22,L5/40
7,173,L5/40,L6/80
7,173,L6/80,L7/160
7,173,L7/160,L7/175
7,173,L7/175,L7/173
7,174,L7/142,L6/71
7,174,L6/71,L5/35
7,174,L5/35,L5/28
7,174,L5/28,L6/57
7,174,L6/57,L7/114
7,174,L7/114,L7/118
7,174,L7/118,L7/116
7,174,L7/116,L6/58
7,174,L6/58,L7/117
7,174,L7/117,L7/105
7,174,L7/105,L6/52
7,174,L6/52,L6/55
7,174,L6/55,L7/111
7,174,L7/111,L7/100
7,174,L7/100,L7/101
7,174,L7/101,L7/102
7,174,L7/102,L7/73
7,174,L7/73,L6/36
7,174,L6/36,L5/18
7,174,L5/18,L4/9
7,174,L4/9,L4/10
7,174,L4/10,L5/20
7,174,L5/20,L6/40
7,174,L6/40,L6/47
7,174,L6/47,L7/95
7,174,L7/95,L7/90
7,174,L7/90,L6/45
7,174,L6/45,L5/22
7,174,L5/22,L5/40
7,174,L5/40,L6/80
7,174,L6/80,L7/161
7,174,L7/161,L7/174
7,175,L7/142,L6/71
7,175,L6/71,L5/35
7,175,L5/35,L5/28
7,175,L5/28,L6/57
7,175,L6/57,L7/114
7,175,L7/114,L7/118
7,175,L7/118,L7/116
7,175,L7/116,L6/58
7,175,L6/58,L7/117
7,175,L7/117,L7/105
7,175,L7/105,L6/52
7,175,L6/52,L6/55
7,175,L6/55,L7/111
7,175,L7/111,L7/100
7,175,L7/100,L7/101
7,175,L7/101,L7/102
7,175,L7/102,L7/73
7,175,L7/73,L6/36
7,175,L6/36,L5/18
7,175,L5/18,L4/9
7,175,L4/9,L4/10
7,175,L4/10,L5/20
7,175,L5/20,L6/40
7,175,L6/40,L6/47
7,175,L6/47,L7/95
7,175,L7/95,L7/90
7,175,L7/90,L6/45
7,175,L6/45,L5/22
7,175,L5/22,L5/40
7,175,L5/40,L6/80
7,175,L6/80,L7/160
7,175,L7/160,L7/175
7,176,L7/142,L6/71
7,176,L6/71,L5/35
7,176,L5/35,L5/28
7,176,L5/28,L6/57
7,176,L6/57,L7/114
7,176,L7/114,L7/118
7,176,L7/118,L7/116
7,176,L7/116,L6/58
7,176,L6/58,L7/117
7,176,L7/117,L7/105
7,176,L7/105,L6/52
7,176,L6/52,L6/55
7,176,L6/55,L7/111
7,176,L7/111,L7/100
7,176,L7/100,L7/101
7,176,L7/101,L7/102
7,176,L7/102,L7/73
7,176,L7/73,L6/36
7,176,L6/36,L5/18
7,176,L5/18,L4/9
7,176,L4/9,L4/10
7,176,L4/10,L5/20
7,176,L5/20,L6/40
7,176,L6/40,L6/47
7,176,L6/47,L7/95
7,176,L7/95,L7/90
7,176,L7/90,L6/45
7,176,L6/45,L5/22
7,176,L5/22,L5/40
7,176,L5/40,L6/80
7,176,L6/80,L7/160
7,176,L7/160,L7/175
7,176,L7/175,L7/173
7,176,L7/173,L6/86
7,176,L6/86,L6/89
7,176,L6/89,L7/179
7,176,L7/179,L7/176
7,177,L7/142,L6/71
7,177,L6/71,L5/35
7,177,L5/35,L5/28
7,177,L5/28,L6/57
7,177,L6/57,L7/114
7,177,L7/114,L7/118
7,177,L7/118,L7/116
7,177,L7/116,L6/58
7,177,L6/58,L7/117
7,177,L7/117,L7/105
7,177,L7/105,L6/52
7,177,L6/52,L6/55
7,177,L6/55,L7/111
7,177,L7/111,L7/100
7,177,L7/100,L7/101
7,177,L7/101,L7/102
7,177,L7/102,L7/73
7,177,L7/73,L6/36
7,177,L6/36,L5/18
7,177,L5/18,L4/9
7,177,L4/9,L4/10
7,177,L4/10,L5/20
7,177,L5/20,L6/40
7,177,L6/40,L6/47
7,177,L6/47,L7/95
7,177,L7/95,L7/90
7,177,L7/90,L6/45
7,177,L6/45,L5/22
7,177,L5/22,L5/40
7,177,L5/40,L6/80
7,177,L6/80,L7/160
7,177,L7/160,L7/175
7,177,L7/175,L7/173
7,177,L7/173,L6/86
7,177,L6/86,L6/89
7,177,L6/89,L7/179
7,177,L7/179,L7/177
7,178,L7/142,L6/71
7,178,L6/71,L5/35
7,178,L5/35,L5/28
7,178,L5/28,L6/57
7,178,L6/57,L7/114
7,178,L7/114,L7/118
7,178,L7/118,L7/116
7,178,L7/116,L6/58
7,178,L6/58,L7/117
7,178,L7/117,L7/105
7,178,L7/105,L6/52
7,178,L6/52,L6/55
7,178,L6/55,L7/111
7,178,L7/111,L7/100
7,178,L7/100,L7/101
7,178,L7/101,L7/102
7,178,L7/102,L7/73
7,178,L7/73,L6/36
7,178,L6/36,L5/18
7,178,L5/18,L4/9
7,178,L4/9,L4/10
7,178,L4/10,L5/20
7,178,L5/20,L6/40
7,178,L6/40,L6/47
7,178,L6/47,L7/95
7,178,L7/95,L7/90
7,178,L7/90,L6/45
7,178,L6/45,L5/22
7,178,L5/22,L5/40
7,178,L5/40,L6/80
7,178,L6/80,L7/160
7,178,L7/160,L7/175
7,178,L7/175,L7/173
7,178,L7/173,L6/86
7,178,L6/86,L6/89
7,178,L6/89,L7/178
7,179,L7/142,L6/71
7,179,L6/71,L5/35
7,179,L5/35,L5/28
7,179,L5/28,L6/57
7,179,L6/57,L7/114
7,179,L7/114,L7/118
7,179,L7/118,L7/116
7,179,L7/116,L6/58
7,179,L6/58,L7/117
7,179,L7/117,L7/105
7,179,L7/105,L6/52
7,179,L6/52,L6/55
7,179,L6/55,L7/111
7,179,L7/111,L7/100
7,179,L7/100,L7/101
7,179,L7/101,L7/102
7,179,L7/102,L7/73
7,179,L7/73,L6/36
7,179,L6/36,L5/18
7,179,L5/18,L4/9
7,179,L4/9,L4/10
7,179,L4/10,L5/20
7,179,L5/20,L6/40
7,179,L6/40,L6/47
7,179,L6/47,L7/95
7,179,L7/95,L7/90
7,179,L7/90,L6/45
7,179,L6/45,L5/22
7,179,L5/22,L5/40
7,179,L5/40,L6/80
7,179,L6/80,L7/160
7,179,L7/160,L7/175
7,179,L7/175,L7/173
7,179,L7/173,L6/86
7,179,L6/86,L6/89
7,179,L6/89,L7/179
7,180,L7/142,L6/71
7,180,L6/71,L5/35
7,180,L5/35,L5/28
7,180,L5/28,L6/57
7,180,L6/57,L7/114
7,180,L7/114,L7/118
7,180,L7/118,L7/116
7,180,L7/116,L6/58
7,180,L6/58,L7/117
7,180,L7/117,L7/105
7,180,L7/105,L6/52
7,180,L6/52,L6/55
7,180,L6/55,L7/111
7,180,L7/111,L7/100
7,180,L7/100,L7/101
7,180,L7/101,L7/102
7,180,L7/102,L7/73
7,180,L7/73,L6/36
7,180,L6/36,L5/18
7,180,L5/18,L4/9
7,180,L4/9,L4/10
7,180,L4/10,L5/20
7,180,L5/20,L6/40
7,180,L6/40,L6/47
7,180,L6/47,L7/95
7,180,L7/95,L7/90
7,180,L7/90,L6/45
7,180,L6/45,L5/22
7,180,L5/22,L5/40
7,180,L5/40,L6/80
7,180,L6/80,L7/160
7,180,L7/160,L7/175
7,180,L7/175,L7/173
7,180,L7/173,L6/86
7,180,L6/86,L6/89
7,180,L6/89,L7/179
7,180,L7/179,L7/177
7,180,L7/177,L7/180
7,181,L7/142,L6/71
7,181,L6/71,L5/35
7,181,L5/35,L5/28
7,181,L5/28,L6/57
7,181,L6/57,L7/114
7,181,L7/114,L7/118
7,181,L7/118,L7/116
7,181,L7/116,L6/58
7,181,L6/58,L7/117
7,181,L7/117,L7/105
7,181,L7/105,L6/52
7,181,L6/52,L6/55
7,181,L6/55,L7/111
7,181,L7/111,L7/100
7,181,L7/100,L7/101
7,181,L7/101,L7/102
7,181,L7/102,L7/73
7,181,L7/73,L6/36
7,181,L6/36,L5/18
7,181,L5/18,L4/9
7,181,L4/9,L4/10
7,181,L4/10,L5/20
7,181,L5/20,L6/40
7,181,L6/40,L6/47
7,181,L6/47,L7/95
7,181,L7/95,L7/90
7,181,L7/90,L6/45
7,181,L6/45,L5/22
7,181,L5/22,L5/40
7,181,L5/40,L6/80
7,181,L6/80,L7/160
7,181,L7/160,L7/175
7,181,L7/175,L7/173
7,181,L7/173,L6/86
7,181,L6/86,L6/89
7,181,L6/89,L7/179
7,181,L7/179,L7/176
7,181,L7/176,L7/181
7,182,L7/142,L6/71
7,182,L6/71,L5/35
7,182,L5/35,L5/28
7,182,L5/28,L6/57
7,182,L6/57,L7/114
7,182,L7/114,L7/118
7,182,L7/118,L7/116
7,182,L7/116,L6/58
7,182,L6/58,L7/117
7,182,L7/117,L7/105
7,182,L7/105,L6/52
7,182,L6/52,L6/55
7,182,L6/55,L7/111
7,182,L7/111,L7/100
7,182,L7/100,L7/101
7,182,L7/101,L7/102
7,182,L7/102,L7/73
7,182,L7/73,L6/36
7,182,L6/36,L5/18
7,182,L5/18,L4/9
7,182,L4/9,L4/10
7,182,L4/10,L5/20
7,182,L5/20,L6/40
7,182,L6/40,L6/47
7,182,L6/47,L7/95
7,182,L7/95,L7/90
7,182,L7/90,L6/45
7,182,L6/45,L5/22
7,182,L5/22,L5/40
7,182,L5/40,L6/80
7,182,L6/80,L7/160
7,182,L7/160,L7/175
7,182,L7/175,L7/173
7,182,L7/173,L6/86
7,182,L6/86,L6/89
7,182,L6/89,L7/179
7,182,L7/179,L7/177
7,182,L7/177,L7/180
7,182,L7/180,L7/182
7,183,L7/142,L6/71
7,183,L6/71,L5/35
7,183,L5/35,L5/28
7,183,L5/28,L6/57
7,183,L6/57,L7/114
7,183,L7/114,L7/118
7,183,L7/118,L7/116
7,183,L7/116,L6/58
7,183,L6/58,L7/117
7,183,L7/117,L7/105
7,183,L7/105,L6/52
7,183,L6/52,L6/55
7,183,L6/55,L7/111
7,183,L7/111,L7/100
7,183,L7/100,L7/101
7,183,L7/101,L7/102
7,183,L7/102,L7/73
7,183,L7/73,L6/36
7,183,L6/36,L5/18
7,183,L5/18,L4/9
7,183,L4/9,L4/10
7,183,L4/10,L5/20
7,183,L5/20,L6/40
7,183,L6/40,L6/47
7,183,L6/47,L7/95
7,183,L7/95,L7/90
7,183,L7/90,L6/45
7,183,L6/45,L5/22
7,183,L5/22,L5/40
7,183,L5/40,L6/80
7,183,L6/80,L7/160
7,183,L7/160,L7/175
7,183,L7/175,L7/173
7,183,L7/173,L6/86
7,183,L6/86,L6/89
7,183,L6/89,L7/179
7,183,L7/179,L7/177
7,183,L7/177,L7/180
7,183,L7/180,L7/183
7,184,L7/142,L6/71
7,184,L6/71,L5/35
7,184,L5/35,L5/28
7,184,L5/28,L6/57
7,184,L6/57,L7/114
7,184,L7/114,L7/118
7,184,L7/118,L7/116
7,184,L7/116,L6/58
7,184,L6/58,L7/117
7,184,L7/117,L7/105
7,184,L7/105,L6/52
7,184,L6/52,L6/55
7,184,L6/55,L7/111
7,184,L7/111,L7/100
7,184,L7/100,L7/101
7,184,L7/101,L7/102
7,184,L7/102,L7/73
7,184,L7/73,L6/36
7,184,L6/36,L5/18
7,184,L5/18,L4/9
7,184,L4/9,L4/10
7,184,L4/10,L5/20
7,184,L5/20,L6/40
7,184,L6/40,L6/47
7,184,L6/47,L7/95
7,184,L7/95,L7/90
7,184,L7/90,L6/45
7,184,L6/45,L5/22
7,184,L5/22,L5/40
7,184,L5/40,L6/80
7,184,L6/80,L7/160
7,184,L7/160,L7/175
7,184,L7/175,L7/173
7,184,L7/173,L6/86
7,184,L6/86,L6/89
7,184,L6/89,L7/179
7,184,L7/179,L7/177
7,184,L7/177,L7/180
7,184,L7/180,L7/183
7,184,L7/183,L7/190
7,184,L7/190,L7/189
7,184,L7/189,L7/184
7,185,L7/142,L6/71
7,185,L6/71,L5/35
7,185,L5/35,L5/28
7,185,L5/28,L6/57
7,185,L6/57,L7/114
7,185,L7/114,L7/118
7,185,L7/118,L7/116
7,185,L7/116,L6/58
7,185,L6/58,L7/117
7,185,L7/117,L7/105
7,185,L7/105,L6/52
7,185,L6/52,L6/55
7,185,L6/55,L7/111
7,185,L7/111,L7/100
7,185,L7/100,L7/101
7,185,L7/101,L7/102
7,185,L7/102,L7/73
7,185,L7/73,L6/36
7,185,L6/36,L5/18
7,185,L5/18,L4/9
7,185,L4/9,L4/10
7,185,L4/10,L5/20
7,185,L5/20,L6/40
7,185,L6/40,L6/47
7,185,L6/47,L7/95
7,185,L7/95,L7/90
7,185,L7/90,L6/45
7,185,L6/45,L5/22
7,185,L5/22,L5/40
7,185,L5/40,L6/80
7,185,L6/80,L7/160
7,185,L7/160,L7/175
7,185,L7/175,L7/173
7,185,L7/173,L6/86
7,185,L6/86,L6/89
7,185,L6/89,L7/179
7,185,L7/179,L7/177
7,185,L7/177,L7/180
7,185,L7/180,L7/183
7,185,L7/183,L7/190
7,185,L7/190,L7/189
7,185,L7/189,L7/185
7,186,L7/142,L6/71
7,186,L6/71,L5/35
7,186,L5/35,L5/28
7,186,L5/28,L6/57
7,186,L6/57,L7/114
7,186,L7/114,L7/118
7,186,L7/118,L7/116
7,186,L7/116,L6/58
7,186,L6/58,L7/117
7,186,L7/117,L7/105
7,186,L7/105,L6/52
7,186,L6/52,L6/55
7,186,L6/55,L7/111
7,186,L7/111,L7/100
7,186,L7/100,L7/101
7,186,L7/101,L7/102
7,186,L7/102,L7/73
7,186,L7/73,L6/36
7,186,L6/36,L5/18
7,186,L5/18,L4/9
7,186,L4/9,L4/10
7,186,L4/10,L5/20
7,186,L5/20,L6/40
7,186,L6/40,L6/47
7,186,L6/47,L7/95
7,186,L7/95,L7/90
7,186,L7/90,L6/45
7,186,L6/45,L5/22
7,186,L5/22,L5/40
7,186,L5/40,L6/80
7,186,L6/80,L7/160
7,186,L7/160,L7/175
7,186,L7/175,L7/173
7,186,L7/173,L6/86
7,186,L6/86,L6/89
7,186,L6/89,L7/179
7,186,L7/179,L7/177
7,186,L7/177,L7/180
7,186,L7/180,L7/183
7,186,L7/183,L7/190
7,186,L7/190,L7/189
7,186,L7/189,L7/184
7,186,L7/184,L7/186
7,187,L7/142,L6/71
7,187,L6/71,L5/35
7,187,L5/35,L5/28
7,187,L5/28,L6/57
7,187,L6/57,L7/114
7,187,L7/114,L7/118
7,187,L7/118,L7/116
7,187,L7/116,L6/58
7,187,L6/58,L7/117
7,187,L7/117,L7/105
7,187,L7/105,L6/52
7,187,L6/52,L6/55
7,187,L6/55,L7/111
7,187,L7/111,L7/100
7,187,L7/100,L7/101
7,187,L7/101,L7/102
7,187,L7/102,L7/73
7,187,L7/73,L6/36
7,187,L6/36,L5/18
7,187,L5/18,L4/9
7,187,L4/9,L4/10
7,187,L4/10,L5/20
7,187,L5/20,L6/40
7,187,L6/40,L6/47
7,187,L6/47,L7/95
7,187,L7/95,L7/90
7,187,L7/90,L6/45
7,187,L6/45,L5/22
7,187,L5/22,L5/40
7,187,L5/40,L6/80
7,187,L6/80,L7/160
7,187,L7/160,L7/175
7,187,L7/175,L7/173
7,187,L7/173,L6/86
7,187,L6/86,L6/89
7,187,L6/89,L7/179
7,187,L7/179,L7/177
7,187,L7/177,L7/180
7,187,L7/180,L7/183
7,187,L7/183,L7/190
7,187,L7/190,L7/189
7,187,L7/189,L7/187
7,188,L7/142,L6/71
7,188,L6/71,L5/35
7,188,L5/35,L5/28
7,188,L5/28,L6/57
7,188,L6/57,L7/114
7,188,L7/114,L7/118
7,188,L7/118,L7/116
7,188,L7/116,L6/58
7,188,L6/58,L7/117
7,188,L7/117,L7/105
7,188,L7/105,L6/52
7,188,L6/52,L6/55
7,188,L6/55,L7/111
7,188,L7/111,L7/100
7,188,L7/100,L7/101
7,188,L7/101,L7/102
7,188,L7/102,L7/73
7,188,L7/73,L6/36
7,188,L6/36,L5/18
7,188,L5/18,L4/9
7,188,L4/9,L4/10
7,188,L4/10,L5/20
7,188,L5/20,L6/40
7,188,L6/40,L6/47
7,188,L6/47,L7/95
7,188,L7/95,L7/90
7,188,L7/90,L6/45
7,188,L6/45,L5/22
7,188,L5/22,L5/40
7,188,L5/40,L6/80
7,188,L6/80,L7/160
7,188,L7/160,L7/175
7,188,L7/175,L7/173
7,188,L7/173,L6/86
7,188,L6/86,L6/89
7,188,L6/89,L7/179
7,188,L7/179,L7/177
7,188,L7/177,L7/180
7,188,L7/180,L7/183
7,188,L7/183,L7/190
7,188,L7/190,L7/188
7,189,L7/142,L6/71
7,189,L6/71,L5/35
7,189,L5/35,L5/28
7,189,L5/28,L6/57
7,189,L6/57,L7/114
7,189,L7/114,L7/118
7,189,L7/118,L7/116
7,189,L7/116,L6/58
7,189,L6/58,L7/117
7,189,L7/117,L7/105
7,189,L7/105,L6/52
7,189,L6/52,L6/55
7,189,L6/55,L7/111
7,189,L7/111,L7/100
7,189,L7/100,L7/101
7,189,L7/101,L7/102
7,189,L7/102,L7/73
7,189,L7/73,L6/36
7,189,L6/36,L5/18
7,189,L5/18,L4/9
7,189,L4/9,L4/10
7,189,L4/10,L5/20
7,189,L5/20,L6/40
7,189,L6/40,L6/47
7,189,L6/47,L7/95
7,189,L7/95,L7/90
7,189,L7/90,L6/45
7,189,L6/45,L5/22
7,189,L5/22,L5/40
7,189,L5/40,L6/80
7,189,L6/80,L7/160
7,189,L7/160,L7/175
7,189,L7/175,L7/173
7,189,L7/173,L6/86
7,189,L6/86,L6/89
7,189,L6/89,L7/179
7,189,L7/179,L7/177
7,189,L7/177,L7/180
7,189,L7/180,L7/183
7,189,L7/183,L7/190
7,189,L7/190,L7/189
7,190,L7/142,L6/71
7,190,L6/71,L5/35
7,190,L5/35,L5/28
7,190,L5/28,L6/57
7,190,L6/57,L7/114
7,190,L7/114,L7/118
7,190,L7/118,L7/116
7,190,L7/116,L6/58
7,190,L6/58,L7/117
7,190,L7/117,L7/105
7,190,L7/105,L6/52
7,190,L6/52,L6/55
7,190,L6/55,L7/111
7,190,L7/111,L7/100
7,190,L7/100,L7/101
7,190,L7/101,L7/102
7,190,L7/102,L7/73
7,190,L7/73,L6/36
7,190,L6/36,L5/18
7,190,L5/18,L4/9
7,190,L4/9,L4/10
7,190,L4/10,L5/20
7,190,L5/20,L6/40
7,190,L6/40,L6/47
7,190,L6/47,L7/95
7,190,L7/95,L7/90
7,190,L7/90,L6/45
7,190,L6/45,L5/22
7,190,L5/22,L5/40
7,190,L5/40,L6/80
7,190,L6/80,L7/160
7,190,L7/160,L7/175
7,190,L7/175,L7/173
7,190,L7/173,L6/86
7,190,L6/86,L6/89
7,190,L6/89,L7/179
7,190,L7/179,L7/177
7,190,L7/177,L7/180
7,190,L7/180,L7/183
7,190,L7/183,L7/190
7,191,L7/142,L6/71
7,191,L6/71,L5/35
7,191,L5/35,L5/28
7,191,L5/28,L6/57
7,191,L6/57,L7/114
7,191,L7/114,L7/118
7,191,L7/118,L7/116
7,191,L7/116,L6/58
7,191,L6/58,L7/117
7,191,L7/117,L7/105
7,191,L7/105,L6/52
7,191,L6/52,L6/55
7,191,L6/55,L7/111
7,191,L7/111,L7/100
7,191,L7/100,L7/101
7,191,L7/101,L7/102
7,191,L7/102,L7/73
7,191,L7/73,L6/36
7,191,L6/36,L5/18
7,191,L5/18,L4/9
7,191,L4/9,L4/10
7,191,L4/10,L5/20
7,191,L5/20,L6/40
7,191,L6/40,L6/47
7,191,L6/47,L7/95
7,191,L7/95,L7/90
7,191,L7/90,L6/45
7,191,L6/45,L5/22
7,191,L5/22,L5/40
7,191,L5/40,L6/80
7,191,L6/80,L7/160
7,191,L7/160,L7/175
7,191,L7/175,L7/173
7,191,L7/173,L6/86
7,191,L6/86,L6/89
7,191,L6/89,L7/179
7,191,L7/179,L7/177
7,191,L7/177,L7/180
7,191,L7/180,L7/183
7,191,L7/183,L7/191
7,192,L7/142,L7/143
7,192,L7/143,L7/205
7,192,L7/205,L6/102
7,192,L6/102,L7/204
7,192,L7/204,L7/197
7,192,L7/197,L7/196
7,192,L7/196,L7/193
7,192,L7/193,L7/192
7,193,L7/142,L7/143
7,193,L7/143,L7/205
7,193,L7/205,L6/102
7,193,L6/102,L7/204
7,193,L7/204,L7/197
7,193,L7/197,L7/196
7,193,L7/196,L7/193
7,194,L7/142,L7/143
7,194,L7/143,L7/205
7,194,L7/205,L6/102
7,194,L6/102,L7/204
7,194,L7/204,L7/197
7,194,L7/197,L7/196
7,194,L7/196,L7/193
7,194,L7/193,L7/194
7,195,L7/142,L7/143
7,195,L7/143,L7/205
7,195,L7/205,L6/102
7,195,L6/102,L7/204
7,195,L7/204,L7/197
7,195,L7/197,L7/198
7,195,L7/198,L7/199
7,195,L7/199,L7/195
7,196,L7/142,L7/143
7,196,L7/143,L7/205
7,196,L7/205,L6/102
7,196,L6/102,L7/204
7,196,L7/204,L7/197
7,196,L7/197,L7/196
7,197,L7/142,L7/143
7,197,L7/143,L7/205
7,197,L7/205,L6/102
7,197,L6/102,L7/204
7,197,L7/204,L7/197
7,198,L7/142,L7/143
7,198,L7/143,L7/205
7,198,L7/205,L6/102
7,198,L6/102,L7/204
7,198,L7/204,L7/197
7,198,L7/197,L7/198
7,199,L7/142,L7/143
7,199,L7/143,L7/205
7,199,L7/205,L6/102
7,199,L6/102,L7/204
7,199,L7/204,L7/197
7,199,L7/197,L7/198
7,199,L7/198,L7/199
7,200,L7/142,L7/143
7,200,L7/143,L7/205
7,200,L7/205,L6/102
7,200,L6/102,L7/204
7,200,L7/204,L7/197
7,200,L7/197,L7/196
7,200,L7/196,L7/202
7,200,L7/202,L7/203
7,200,L7/203,L7/200
7,201,L7/142,L7/143
7,201,L7/143,L7/205
7,201,L7/205,L6/102
7,201,L6/102,L7/204
7,201,L7/204,L7/197
7,201,L7/197,L7/196
7,201,L7/196,L7/202
7,201,L7/202,L7/201
7,202,L7/142,L7/143
7,202,L7/143,L7/205
7,202,L7/205,L6/102
7,202,L6/102,L7/204
7,202,L7/204,L7/197
7,202,L7/197,L7/196
7,202,L7/196,L7/202
7,203,L7/142,L7/143
7,203,L7/143,L7/205
7,203,L7/205,L6/102
7,203,L6/102,L7/204
7,203,L7/204,L7/197
7,203,L7/197,L7/196
7,203,L7/196,L7/202
7,203,L7/202,L7/203
7,204,L7/142,L7/143
7,204,L7/143,L7/205
7,204,L7/205,L6/102
7,204,L6/102,L7/204
7,205,L7/142,L7/143
7,205,L7/143,L7/205
7,206,L7/142,L7/143
7,206,L7/143,L7/206
7,207,L7/142,L7/207
7,208,L7/142,L7/143
7,208,L7/143,L7/205
7,208,L7/205,L6/102
7,208,L6/102,L7/204
7,208,L7/204,L7/197
7,208,L7/197,L7/198
7,208,L7/198,L7/239
7,208,L7/239,L7/238
7,208,L7/238,L7/235
7,208,L7/235,L7/233
7,208,L7/233,L7/242
7,208,L7/242,L7/240
7,208,L7/240,L7/254
7,208,L7/254,L7/227
7,208,L7/227,L7/224
7,208,L7/224,L7/229
7,208,L7/229,L7/231
7,208,L7/231,L7/208
7,209,L7/142,L7/143
7,209,L7/143,L7/205
7,209,L7/205,L6/102
7,209,L6/102,L7/204
7,209,L7/204,L7/197
7,209,L7/197,L7/198
7,209,L7/198,L7/239
7,209,L7/239,L7/238
7,209,L7/238,L7/235
7,209,L7/235,L7/233
7,209,L7/233,L7/242
7,209,L7/242,L7/240
7,209,L7/240,L7/254
7,209,L7/254,L7/227
7,209,L7/227,L7/224
7,209,L7/224,L7/228
7,209,L7/228,L7/230
7,209,L7/230,L7/209
7,210,L7/142,L7/143
7,210,L7/143,L7/205
7,210,L7/205,L6/102
7,210,L6/102,L7/204
7,210,L7/204,L7/197
7,210,L7/197,L7/198
7,210,L7/198,L7/239
7,210,L7/239,L7/238
7,210,L7/238,L7/235
7,210,L7/235,L7/233
7,210,L7/233,L7/242
7,210,L7/242,L7/240
7,210,L7/240,L7/254
7,210,L7/254,L7/227
7,210,L7/227,L7/224
7,210,L7/224,L7/228
7,210,L7/228,L7/230
7,210,L7/230,L7/211
7,210,L7/211,L7/210
7,211,L7/142,L7/143
7,211,L7/143,L7/205
7,211,L7/205,L6/102
7,211,L6/102,L7/204
7,211,L7/204,L7/197
7,211,L7/197,L7/198
7,211,L7/198,L7/239
7,211,L7/239,L7/238
7,211,L7/238,L7/235
7,211,L7/235,L7/233
7,211,L7/233,L7/242
7,211,L7/242,L7/240
7,211,L7/240,L7/254
7,211,L7/254,L7/227
7,211,L7/227,L7/224
7,211,L7/224,L7/228
7,211,L7/228,L7/230
7,211,L7/230,L7/211
7,212,L7/142,L7/143
7,212,L7/143,L7/205
7,212,L7/205,L6/102
7,212,L6/102,L7/204
7,212,L7/204,L7/197
7,212,L7/197,L7/198
7,212,L7/198,L7/239
7,212,L7/239,L7/238
7,212,L7/238,L7/235
7,212,L7/235,L7/233
7,212,L7/233,L7/242
7,212,L7/242,L7/240
7,212,L7/240,L7/254
7,212,L7/254,L7/227
7,212,L7/227,L7/224
7,212,L7/224,L7/228
7,212,L7/228,L7/230
7,212,L7/230,L7/209
7,212,L7/209,L6/104
7,212,L6/104,L6/107
7,212,L6/107,L7/215
7,212,L7/215,L7/212
7,213,L7/142,L7/143
7,213,L7/143,L7/205
7,213,L7/205,L6/102
7,213,L6/102,L7/204
7,213,L7/204,L7/197
7,213,L7/197,L7/198
7,213,L7/198,L7/239
7,213,L7/239,L7/238
7,213,L7/238,L7/235
7,213,L7/235,L7/233
7,213,L7/233,L7/242
7,213,L7/242,L7/240
7,213,L7/240,L7/254
7,213,L7/254,L7/227
7,213,L7/227,L7/224
7,213,L7/224,L7/228
7,213,L7/228,L7/230
7,213,L7/230,L7/209
7,213,L7/209,L6/104
7,213,L6/104,L6/107
7,213,L6/107,L7/215
7,213,L7/215,L7/213
7,214,L7/142,L7/143
7,214,L7/143,L7/205
7,214,L7/205,L6/102
7,214,L6/102,L7/204
7,214,L7/204,L7/197
7,214,L7/197,L7/198
7,214,L7/198,L7/239
7,214,L7/239,L7/238
7,214,L7/238,L7/235
7,214,L7/235,L7/233
7,214,L7/233,L7/242
7,214,L7/242,L7/240
7,214,L7/240,L7/254
7,214,L7/254,L7/227
7,214,L7/227,L7/224
7,214,L7/224,L7/228
7,214,L7/228,L7/230
7,214,L7/230,L7/209
7,214,L7/209,L6/104
7,214,L6/104,L6/107
7,214,L6/107,L7/214
7,215,L7/142,L7/143
7,215,L7/143,L7/205
7,215,L7/205,L6/102
7,215,L6/102,L7/204
7,215,L7/204,L7/197
7,215,L7/197,L7/198
7,215,L7/198,L7/239
7,215,L7/239,L7/238
7,215,L7/238,L7/235
7,215,L7/235,L7/233
7,215,L7/233,L7/242
7,215,L7/242,L7/240
7,215,L7/240,L7/254
7,215,L7/254,L7/227
7,215,L7/227,L7/224
7,215,L7/224,L7/228
7,215,L7/228,L7/230
7,215,L7/230,L7/209
7,215,L7/209,L6/104
7,215,L6/104,L6/107
7,215,L6/107,L7/215
7,216,L7/142,L7/143
7,216,L7/143,L7/205
7,216,L7/205,L6/102
7,216,L6/102,L7/204
7,216,L7/204,L7/197
7,216,L7/197,L7/198
7,216,L7/198,L7/239
7,216,L7/239,L7/238
7,216,L7/238,L7/235
7,216,L7/235,L7/233
7,216,L7/233,L7/242
7,216,L7/242,L7/240
7,216,L7/240,L7/254
7,216,L7/254,L7/227
7,216,L7/227,L7/224
7,216,L7/224,L7/228
7,216,L7/228,L7/230
7,216,L7/230,L7/209
7,216,L7/209,L6/104
7,216,L6/104,L6/107
7,216,L6/107,L7/215
7,216,L7/215,L7/213
7,216,L7/213,L7/222
7,216,L7/222,L7/216
7,217,L7/142,L7/143
7,217,L7/143,L7/205
7,217,L7/205,L6/102
7,217,L6/102,L7/204
7,217,L7/204,L7/197
7,217,L7/197,L7/198
7,217,L7/198,L7/239
7,217,L7/239,L7/238
7,217,L7/238,L7/235
7,217,L7/235,L7/233
7,217,L7/233,L7/242
7,217,L7/242,L7/240
7,217,L7/240,L7/254
7,217,L7/254,L7/227
7,217,L7/227,L7/224
7,217,L7/224,L7/228
7,217,L7/228,L7/230
7,217,L7/230,L7/209
7,217,L7/209,L6/104
7,217,L6/104,L6/107
7,217,L6/107,L7/215
7,217,L7/215,L7/213
7,217,L7/213,L7/222
7,217,L7/222,L7/217
7,218,L7/142,L7/143
7,218,L7/143,L7/205
7,218,L7/205,L6/102
7,218,L6/102,L7/204
7,218,L7/204,L7/197
7,218,L7/197,L7/198
7,218,L7/198,L7/239
7,218,L7/239,L7/238
7,218,L7/238,L7/235
7,218,L7/235,L7/233
7,218,L7/233,L7/242
7,218,L7/242,L7/240
7,218,L7/240,L7/254
7,218,L7/254,L7/227
7,218,L7/227,L7/224
7,218,L7/224,L7/228
7,218,L7/228,L7/230
7,218,L7/230,L7/209
7,218,L7/209,L6/104
7,218,L6/104,L6/107
7,218,L6/107,L7/215
7,218,L7/215,L7/213
7,218,L7/213,L7/222
7,218,L7/222,L7/217
7,218,L7/217,L7/218
7,219,L7/142,L7/143
7,219,L7/143,L7/205
7,219,L7/205,L6/102
7,219,L6/102,L7/204
7,219,L7/204,L7/197
7,219,L7/197,L7/198
7,219,L7/198,L7/239
7,219,L7/239,L7/238
7,219,L7/238,L7/235
7,219,L7/235,L7/233
7,219,L7/233,L7/242
7,219,L7/242,L7/240
7,219,L7/240,L7/254
7,219,L7/254,L7/227
7,219,L7/227,L7/224
7,219,L7/224,L7/228
7,219,L7/228,L7/230
7,219,L7/230,L7/209
7,219,L7/209,L6/104
7,219,L6/104,L6/107
7,219,L6/107,L7/215
7,219,L7/215,L7/213
7,219,L7/213,L7/222
7,219,L7/222,L7/217
7,219,L7/217,L7/219
7,220,L7/142,L7/143
7,220,L7/143,L7/205
7,220,L7/205,L6/102
7,220,L6/102,L7/204
7,220,L7/204,L7/197
7,220,L7/197,L7/198
7,220,L7/198,L7/239
7,220,L7/239,L7/238
7,220,L7/238,L7/235
7,220,L7/235,L7/233
7,220,L7/233,L7/242
7,220,L7/242,L7/240
7,220,L7/240,L7/254
7,220,L7/254,L7/227
7,220,L7/227,L7/224
7,220,L7/224,L7/228
7,220,L7/228,L7/230
7,220,L7/230,L7/209
7,220,L7/209,L6/104
7,220,L6/104,L6/107
7,220,L6/107,L7/215
7,220,L7/215,L7/213
7,220,L7/213,L7/223
7,220,L7/223,L7/220
7,221,L7/142,L7/143
7,221,L7/143,L7/205
7,221,L7/205,L6/102
7,221,L6/102,L7/204
7,221,L7/204,L7/197
7,221,L7/197,L7/198
7,221,L7/198,L7/239
7,221,L7/239,L7/238
7,221,L7/238,L7/235
7,221,L7/235,L7/233
7,221,L7/233,L7/242
7,221,L7/242,L7/240
7,221,L7/240,L7/254
7,221,L7/254,L7/227
7,221,L7/227,L7/224
7,221,L7/224,L7/228
7,221,L7/228,L7/230
7,221,L7/230,L7/209
7,221,L7/209,L6/104
7,221,L6/104,L6/107
7,221,L6/107,L7/215
7,221,L7/215,L7/213
7,221,L7/213,L7/222
7,221,L7/222,L7/221
7,222,L7/142,L7/143
7,222,L7/143,L7/205
7,222,L7/205,L6/102
7,222,L6/102,L7/204
7,222,L7/204,L7/197
7,222,L7/197,L7/198
7,222,L7/198,L7/239
7,222,L7/239,L7/238
7,222,L7/238,L7/235
7,222,L7/235,L7/233
7,222,L7/233,L7/242
7,222,L7/242,L7/240
7,222,L7/240,L7/254
7,222,L7/254,L7/227
7,222,L7/227,L7/224
7,222,L7/224,L7/228
7,222,L7/228,L7/230
7,222,L7/230,L7/209
7,222,L7/209,L6/104
7,222,L6/104,L6/107
7,222,L6/107,L7/215
7,222,L7/215,L7/213
7,222,L7/213,L7/222
7,223,L7/142,L7/143
7,223,L7/143,L7/205
7,223,L7/205,L6/102
7,223,L6/102,L7/204
7,223,L7/204,L7/197
7,223,L7/197,L7/198
7,223,L7/198,L7/239
7,223,L7/239,L7/238
7,223,L7/238,L7/235
7,223,L7/235,L7/233
7,223,L7/233,L7/242
7,223,L7/242,L7/240
7,223,L7/240,L7/254
7,223,L7/254,L7/227
7,223,L7/227,L7/224
7,223,L7/224,L7/228
7,223,L7/228,L7/230
7,223,L7/230,L7/209
7,223,L7/209,L6/104
7,223,L6/104,L6/107
7,223,L6/107,L7/215
7,223,L7/215,L7/213
7,223,L7/213,L7/223
7,224,L7/142,L7/143
7,224,L7/143,L7/205
7,224,L7/205,L6/102
7,224,L6/102,L7/204
7,224,L7/204,L7/197
7,224,L7/197,L7/198
7,224,L7/198,L7/239
7,224,L7/239,L7/238
7,224,L7/238,L7/235
7,224,L7/235,L7/233
7,224,L7/233,L7/242
7,224,L7/242,L7/240
7,224,L7/240,L7/254
7,224,L7/254,L7/227
7,224,L7/227,L7/224
7,225,L7/142,L7/143
7,225,L7/143,L7/205
7,225,L7/205,L6/102
7,225,L6/102,L7/204
7,225,L7/204,L7/197
7,225,L7/197,L7/198
7,225,L7/198,L7/239
7,225,L7/239,L7/238
7,225,L7/238,L7/235
7,225,L7/235,L7/233
7,225,L7/233,L7/242
7,225,L7/242,L7/240
7,225,L7/240,L7/254
7,225,L7/254,L7/227
7,225,L7/227,L7/225
7,226,L7/142,L7/143
7,226,L7/143,L7/205
7,226,L7/205,L6/102
7,226,L6/102,L7/204
7,226,L7/204,L7/197
7,226,L7/197,L7/198
7,226,L7/198,L7/239
7,226,L7/239,L7/238
7,226,L7/238,L7/235
7,226,L7/235,L7/233
7,226,L7/233,L7/242
7,226,L7/242,L7/240
7,226,L7/240,L7/255
7,226,L7/255,L7/226
7,227,L7/142,L7/143
7,227,L7/143,L7/205
7,227,L7/205,L6/102
7,227,L6/102,L7/204
7,227,L7/204,L7/197
7,227,L7/197,L7/198
7,227,L7/198,L7/239
7,227,L7/239,L7/238
7,227,L7/238,L7/235
7,227,L7/235,L7/233
7,227,L7/233,L7/242
7,227,L7/242,L7/240
7,227,L7/240,L7/254
7,227,L7/254,L7/227
7,228,L7/142,L7/143
7,228,L7/143,L7/205
7,228,L7/205,L6/102
7,228,L6/102,L7/204
7,228,L7/204,L7/197
7,228,L7/197,L7/198
7,228,L7/198,L7/239
7,228,L7/239,L7/238
7,228,L7/238,L7/235
7,228,L7/235,L7/233
7,228,L7/233,L7/242
7,228,L7/242,L7/240
7,228,L7/240,L7/254
7,228,L7/254,L7/227
7,228,L7/227,L7/224
7,228,L7/224,L7/228
7,229,L7/142,L7/143
7,229,L7/143,L7/205
7,229,L7/205,L6/102
7,229,L6/102,L7/204
7,229,L7/204,L7/197
7,229,L7/197,L7/198
7,229,L7/198,L7/239
7,229,L7/239,L7/238
7,229,L7/238,L7/235
7,229,L7/235,L7/233
7,229,L7/233,L7/242
7,229,L7/242,L7/240
7,229,L7/240,L7/254
7,229,L7/254,L7/227
7,229,L7/227,L7/224
7,229,L7/224,L7/229
7,230,L7/142,L7/143
7,230,L7/143,L7/205
7,230,L7/205,L6/102
7,230,L6/102,L7/204
7,230,L7/204,L7/197
7,230,L7/197,L7/198
7,230,L7/198,L7/239
7,230,L7/239,L7/238
7,230,L7/238,L7/235
7,230,L7/235,L7/233
7,230,L7/233,L7/242
7,230,L7/242,L7/240
7,230,L7/240,L7/254
7,230,L7/254,L7/227
7,230,L7/227,L7/224
7,230,L7/224,L7/228
7,230,L7/228,L7/230
7,231,L7/142,L7/143
7,231,L7/143,L7/205
7,231,L7/205,L6/102
7,231,L6/102,L7/204
7,231,L7/204,L7/197
7,231,L7/197,L7/198
7,231,L7/198,L7/239
7,231,L7/239,L7/238
7,231,L7/238,L7/235
7,231,L7/235,L7/233
7,231,L7/233,L7/242
7,231,L7/242,L7/240
7,231,L7/240,L7/254
7,231,L7/254,L7/227
7,231,L7/227,L7/224
7,231,L7/224,L7/229
7,231,L7/229,L7/231
7,232,L7/142,L7/143
7,232,L7/143,L7/205
7,232,L7/205,L6/102
7,232,L6/102,L7/204
7,232,L7/204,L7/197
7,232,L7/197,L7/198
7,232,L7/198,L7/239
7,232,L7/239,L7/238
7,232,L7/238,L7/235
7,232,L7/235,L7/233
7,232,L7/233,L7/232
7,233,L7/142,L7/143
7,233,L7/143,L7/205
7,233,L7/205,L6/102
7,233,L6/102,L7/204
7,233,L7/204,L7/197
7,233,L7/197,L7/198
7,233,L7/198,L7/239
7,233,L7/239,L7/238
7,233,L7/238,L7/235
7,233,L7/235,L7/233
7,234,L7/142,L7/143
7,234,L7/143,L7/205
7,234,L7/205,L6/102
7,234,L6/102,L7/204
7,234,L7/204,L7/197
7,234,L7/197,L7/198
7,234,L7/198,L7/239
7,234,L7/239,L7/238
7,234,L7/238,L7/235
7,234,L7/235,L7/234
7,235,L7/142,L7/143
7,235,L7/143,L7/205
7,235,L7/205,L6/102
7,235,L6/102,L7/204
7,235,L7/204,L7/197
7,235,L7/197,L7/198
7,235,L7/198,L7/239
7,235,L7/239,L7/238
7,235,L7/238,L7/235
7,236,L7/142,L7/143
7,236,L7/143,L7/205
7,236,L7/205,L6/102
7,236,L6/102,L7/204
7,236,L7/204,L7/197
7,236,L7/197,L7/198
7,236,L7/198,L7/239
7,236,L7/239,L7/236
7,237,L7/142,L7/143
7,237,L7/143,L7/205
7,237,L7/205,L6/102
7,237,L6/102,L7/204
7,237,L7/204,L7/197
7,237,L7/197,L7/198
7,237,L7/198,L7/239
7,237,L7/239,L7/236
7,237,L7/236,L7/237
7,238,L7/142,L7/143
7,238,L7/143,L7/205
7,238,L7/205,L6/102
7,238,L6/102,L7/204
7,238,L7/204,L7/197
7,238,L7/197,L7/198
7,238,L7/198,L7/239
7,238,L7/239,L7/238
7,239,L7/142,L7/143
7,239,L7/143,L7/205
7,239,L7/205,L6/102
7,239,L6/102,L7/204
7,239,L7/204,L7/197
7,239,L7/197,L7/198
7,239,L7/198,L7/239
7,240,L7/142,L7/143
7,240,L7/143,L7/205
7,240,L7/205,L6/102
7,240,L6/102,L7/204
7,240,L7/204,L7/197
7,240,L7/197,L7/198
7,240,L7/198,L7/239
7,240,L7/239,L7/238
7,240,L7/238,L7/235
7,240,L7/235,L7/233
7,240,L7/233,L7/242
7,240,L7/242,L7/240
7,241,L7/142,L7/143
7,241,L7/143,L7/205
7,241,L7/205,L6/102
7,241,L6/102,L7/204
7,241,L7/204,L7/197
7,241,L7/197,L7/198
7,241,L7/198,L7/239
7,241,L7/239,L7/238
7,241,L7/238,L7/235
7,241,L7/235,L7/233
7,241,L7/233,L7/242
7,241,L7/242,L7/241
7,242,L7/142,L7/143
7,242,L7/143,L7/205
7,242,L7/205,L6/102
7,242,L6/102,L7/204
7,242,L7/204,L7/197
7,242,L7/197,L7/198
7,242,L7/198,L7/239
7,242,L7/239,L7/238
7,242,L7/238,L7/235
7,242,L7/235,L7/233
7,242,L7/233,L7/242
7,243,L7/142,L7/143
7,243,L7/143,L7/205
7,243,L7/205,L6/102
7,243,L6/102,L7/204
7,243,L7/204,L7/197
7,243,L7/197,L7/198
7,243,L7/198,L7/239
7,243,L7/239,L7/238
7,243,L7/238,L7/235
7,243,L7/235,L7/233
7,243,L7/233,L7/243
7,244,L7/142,L7/143
7,244,L7/143,L7/205
7,244,L7/205,L6/102
7,244,L6/102,L7/204
7,244,L7/204,L7/197
7,244,L7/197,L7/198
7,244,L7/198,L7/239
7,244,L7/239,L7/238
7,244,L7/238,L7/235
7,244,L7/235,L7/233
7,244,L7/233,L7/243
7,244,L7/243,L7/247
7,244,L7/247,L7/246
7,244,L7/246,L7/244
7,245,L7/142,L7/143
7,245,L7/143,L7/205
7,245,L7/205,L6/102
7,245,L6/102,L7/204
7,245,L7/204,L7/197
7,245,L7/197,L7/198
7,245,L7/198,L7/239
7,245,L7/239,L7/238
7,245,L7/238,L7/235
7,245,L7/235,L7/233
7,245,L7/233,L7/243
7,245,L7/243,L7/247
7,245,L7/247,L7/245
7,246,L7/142,L7/143
7,246,L7/143,L7/205
7,246,L7/205,L6/102
7,246,L6/102,L7/204
7,246,L7/204,L7/197
7,246,L7/197,L7/198
7,246,L7/198,L7/239
7,246,L7/239,L7/238
7,246,L7/238,L7/235
7,246,L7/235,L7/233
7,246,L7/233,L7/243
7,246,L7/243,L7/247
7,246,L7/247,L7/246
7,247,L7/142,L7/143
7,247,L7/143,L7/205
7,247,L7/205,L6/102
7,247,L6/102,L7/204
7,247,L7/204,L7/197
7,247,L7/197,L7/198
7,247,L7/198,L7/239
7,247,L7/239,L7/238
7,247,L7/238,L7/235
7,247,L7/235,L7/233
7,247,L7/233,L7/243
7,247,L7/243,L7/247
7,248,L7/142,L7/143
7,248,L7/143,L7/205
7,248,L7/205,L6/102
7,248,L6/102,L7/204
7,248,L7/204,L7/197
7,248,L7/197,L7/198
7,248,L7/198,L7/239
7,248,L7/239,L7/238
7,248,L7/238,L7/235
7,248,L7/235,L7/233
7,248,L7/233,L7/243
7,248,L7/243,L7/247
7,248,L7/247,L7/246
7,248,L7/246,L7/244
7,248,L7/244,L7/253
7,248,L7/253,L7/252
7,248,L7/252,L7/248
7,249,L7/142,L7/143
7,249,L7/143,L7/205
7,249,L7/205,L6/102
7,249,L6/102,L7/204
7,249,L7/204,L7/197
7,249,L7/197,L7/198
7,249,L7/198,L7/239
7,249,L7/239,L7/238
7,249,L7/238,L7/235
7,249,L7/235,L7/233
7,249,L7/233,L7/243
7,249,L7/243,L7/247
7,249,L7/247,L7/246
7,249,L7/246,L7/244
7,249,L7/244,L7/253
7,249,L7/253,L7/251
7,249,L7/251,L7/249
7,250,L7/142,L7/143
7,250,L7/143,L7/205
7,250,L7/205,L6/102
7,250,L6/102,L7/204
7,250,L7/204,L7/197
7,250,L7/197,L7/198
7,250,L7/198,L7/239
7,250,L7/239,L7/238
7,250,L7/238,L7/235
7,250,L7/235,L7/233
7,250,L7/233,L7/243
7,250,L7/243,L7/247
7,250,L7/247,L7/246
7,250,L7/246,L7/244
7,250,L7/244,L7/253
7,250,L7/253,L7/250
7,251,L7/142,L7/143
7,251,L7/143,L7/205
7,251,L7/205,L6/102
7,251,L6/102,L7/204
7,251,L7/204,L7/197
7,251,L7/197,L7/198
7,251,L7/198,L7/239
7,251,L7/239,L7/238
7,251,L7/238,L7/235
7,251,L7/235,L7/233
7,251,L7/233,L7/243
7,251,L7/243,L7/247
7,251,L7/247,L7/246
7,251,L7/246,L7/244
7,251,L7/244,L7/253
7,251,L7/253,L7/251
7,252,L7/142,L7/143
7,252,L7/143,L7/205
7,252,L7/205,L6/102
7,252,L6/102,L7/204
7,252,L7/204,L7/197
7,252,L7/197,L7/198
7,252,L7/198,L7/239
7,252,L7/239,L7/238
7,252,L7/238,L7/235
7,252,L7/235,L7/233
7,252,L7/233,L7/243
7,252,L7/243,L7/247
7,252,L7/247,L7/246
7,252,L7/246,L7/244
7,252,L7/244,L7/253
7,252,L7/253,L7/252
7,253,L7/142,L7/143
7,253,L7/143,L7/205
7,253,L7/205,L6/102
7,253,L6/102,L7/204
7,253,L7/204,L7/197
7,253,L7/197,L7/198
7,253,L7/198,L7/239
7,253,L7/239,L7/238
7,253,L7/238,L7/235
7,253,L7/235,L7/233
7,253,L7/233,L7/243
7,253,L7/243,L7/247
7,253,L7/247,L7/246
7,253,L7/246,L7/244
7,253,L7/244,L7/253
7,254,L7/142,L7/143
7,254,L7/143,L7/205
7,254,L7/205,L6/102
7,254,L6/102,L7/204
7,254,L7/204,L7/197
7,254,L7/197,L7/198
7,254,L7/198,L7/239
7,254,L7/239,L7/238
7,254,L7/238,L7/235
7,254,L7/235,L7/233
7,254,L7/233,L7/242
7,254,L7/242,L7/240
7,254,L7/240,L7/254
7,255,L7/142,L7/143
7,255,L7/143,L7/205
7,255,L7/205,L6/102
7,255,L6/102,L7/204
7,255,L7/204,L7/197
7,255,L7/197,L7/198
7,255,L7/198,L7/239
7,255,L7/239,L7/238
7,255,L7/238,L7/235
7,255,L7/235,L7/233
7,255,L7/233,L7/242
7,255,L7/242,L7/240
7,255,L7/240,L7/255
8,0,L8/369,L8/225
8,0,L8/225,L8/118
8,0,L8/118,L7/59
8,0,L7/59,L8/119
8,0,L8/119,L8/113
8,0,L8/113,L8/114
8,0,L8/114,L7/57
8,0,L7/57,L7/25
8,0,L7/25,L6/12
8,0,L6/12,L6/13
8,0,L6/13,L7/27
8,0,L7/27,L8/54
8,0,L8/54,L8/0
8,1,L8/369,L8/225
8,1,L8/225,L8/118
8,1,L8/118,L7/59
8,1,L7/59,L8/119
8,1,L8/119,L8/113
8,1,L8/113,L8/114
8,1,L8/114,L7/57
8,1,L7/57,L7/25
8,1,L7/25,L6/12
8,1,L6/12,L6/13
8,1,L6/13,L7/27
8,1,L7/27,L8/54
8,1,L8/54,L8/0
8,1,L8/0,L8/1
8,2,L8/369,L8/225
8,2,L8/225,L8/118
8,2,L8/118,L7/59
8,2,L7/59,L8/119
8,2,L8/119,L8/113
8,2,L8/113,L8/114
8,2,L8/114,L7/57
8,2,L7/57,L7/25
8,2,L7/25,L6/12
8,2,L6/12,L6/13
8,2,L6/13,L7/27
8,2,L7/27,L8/55
8,2,L8/55,L8/3
8,2,L8/3,L8/2
8,3,L8/369,L8/225
8,3,L8/225,L8/118
8,3,L8/118,L7/59
8,3,L7/59,L8/119
8,3,L8/119,L8/113
8,3,L8/113,L8/114
8,3,L8/114,L7/57
8,3,L7/57,L7/25
8,3,L7/25,L6/12
8,3,L6/12,L6/13
8,3,L6/13,L7/27
8,3,L7/27,L8/55
8,3,L8/55,L8/3
8,4,L8/369,L8/225
8,4,L8/225,L8/118
8,4,L8/118,L7/59
8,4,L7/59,L8/119
8,4,L8/119,L8/113
8,4,L8/113,L8/114
8,4,L8/114,L7/57
8,4,L7/57,L7/25
8,4,L7/25,L6/12
8,4,L6/12,L6/13
8,4,L6/13,L7/27
8,4,L7/27,L8/55
8,4,L8/55,L8/3
8,4,L8/3,L8/2
8,4,L8/2,L8/7
8,4,L8/7,L8/4
8,5,L8/369,L8/225
8,5,L8/225,L8/118
8,5,L8/118,L7/59
8,5,L7/59,L8/119
8,5,L8/119,L8/113
8,5,L8/113,L8/114
8,5,L8/114,L7/57
8,5,L7/57,L7/25
8,5,L7/25,L6/12
8,5,L6/12,L6/13
8,5,L6/13,L7/27
8,5,L7/27,L8/55
8,5,L8/55,L8/3
8,5,L8/3,L8/2
8,5,L8/2,L8/6
8,5,L8/6,L8/5
8,6,L8/369,L8/225
8,6,L8/225,L8/118
8,6,L8/118,L7/59
8,6,L7/59,L8/119
8,6,L8/119,L8/113
8,6,L8/113,L8/114
8,6,L8/114,L7/57
8,6,L7/57,L7/25
8,6,L7/25,L6/12
8,6,L6/12,L6/13
8,6,L6/13,L7/27
8,6,L7/27,L8/55
8,6,L8/55,L8/3
8,6,L8/3,L8/2
8,6,L8/2,L8/6
8,7,L8/369,L8/225
8,7,L8/225,L8/118
8,7,L8/118,L7/59
8,7,L7/59,L8/119
8,7,L8/119,L8/113
8,7,L8/113,L8/114
8,7,L8/114,L7/57
8,7,L7/57,L7/25
8,7,L7/25,L6/12
8,7,L6/12,L6/13
8,7,L6/13,L7/27
8,7,L7/27,L8/55
8,7,L8/55,L8/3
8,7,L8/3,L8/2
8,7,L8/2,L8/7
8,8,L8/369,L8/225
8,8,L8/225,L8/118
8,8,L8/118,L8/414
8,8,L8/414,L8/412
8,8,L8/412,L8/410
8,8,L8/410,L7/205
8,8,L7/205,L6/102
8,8,L6/102,L7/204
8,8,L7/204,L8/409
8,8,L8/409,L8/395
8,8,L8/395,L8/394
8,8,L8/394,L8/393
8,8,L8/393,L8/398
8,8,L8/398,L8/397
8,8,L8/397,L8/396
8,8,L8/396,L8/478
8,8,L8/478,L8/477
8,8,L8/477,L8/509
8,8,L8/509,L8/508
8,8,L8/508,L8/466
8,8,L8/466,L8/465
8,8,L8/465,L8/464
8,8,L8/464,L8/511
8,8,L8/511,L8/510
8,8,L8/510,L8/455
8,8,L8/455,L8/454
8,8,L8/454,L8/448
8,8,L8/448,L8/456
8,8,L8/456,L8/457
8,8,L8/457,L8/461
8,8,L8/461,L8/418
8,8,L8/418,L7/209
8,8,L7/209,L6/104
8,8,L6/104,L6/107
8,8,L6/107,L7/215
8,8,L7/215,L7/212
8,8,L7/212,L8/424
8,8,L8/424,L8/446
8,8,L8/446,L8/444
8,8,L8/444,L8/432
8,8,L8/432,L8/433
8,8,L8/433,L8/438
8,8,L8/438,L7/219
8,8,L7/219,L6/109
8,8,L6/109,L6/10
8,8,L6/10,L7/20
8,8,L7/20,L8/41
8,8,L8/41,L8/47
8,8,L8/47,L8/44
8,8,L8/44,L8/38
8,8,L8/38,L8/36
8,8,L8/36,L8/32
8,8,L8/32,L8/33
8,8,L8/33,L8/28
8,8,L8/28,L8/26
8,8,L8/26,L8/24
8,8,L8/24,L8/23
8,8,L8/23,L7/11
8,8,L7/11,L6/5
8,8,L6/5,L6/2
8,8,L6/2,L7/4
8,8,L7/4,L8/8
8,9,L8/369,L8/225
8,9,L8/225,L8/118
8,9,L8/118,L8/414
8,9,L8/414,L8/412
8,9,L8/412,L8/410
8,9,L8/410,L7/205
8,9,L7/205,L6/102
8,9,L6/102,L7/204
8,9,L7/204,L8/409
8,9,L8/409,L8/395
8,9,L8/395,L8/394
8,9,L8/394,L8/393
8,9,L8/393,L8/398
8,9,L8/398,L8/397
8,9,L8/397,L8/396
8,9,L8/396,L8/478
8,9,L8/478,L8/477
8,9,L8/477,L8/509
8,9,L8/509,L8/508
8,9,L8/508,L8/466
8,9,L8/466,L8/465
8,9,L8/465,L8/464
8,9,L8/464,L8/511
8,9,L8/511,L8/510
8,9,L8/510,L8/455
8,9,L8/455,L8/454
8,9,L8/454,L8/448
8,9,L8/448,L8/456
8,9,L8/456,L8/457
8,9,L8/457,L8/461
8,9,L8/461,L8/418
8,9,L8/418,L7/209
8,9,L7/209,L6/104
8,9,L6/104,L6/107
8,9,L6/107,L7/215
8,9,L7/215,L7/212
8,9,L7/212,L8/424
8,9,L8/424,L8/446
8,9,L8/446,L8/444
8,9,L8/444,L8/432
8,9,L8/432,L8/433
8,9,L8/433,L8/438
8,9,L8/438,L7/219
8,9,L7/219,L6/109
8,9,L6/109,L6/10
8,9,L6/10,L7/20
8,9,L7/20,L8/41
8,9,L8/41,L8/47
8,9,L8/47,L8/44
8,9,L8/44,L8/38
8,9,L8/38,L8/36
8,9,L8/36,L8/32
8,9,L8/32,L8/33
8,9,L8/33,L8/28
8,9,L8/28,L8/26
8,9,L8/26,L8/24
8,9,L8/24,L8/23
8,9,L8/23,L7/11
8,9,L7/11,L6/5
8,9,L6/5,L6/2
8,9,L6/2,L7/4
8,9,L7/4,L8/9
8,10,L8/369,L8/225
8,10,L8/225,L8/118
8,10,L8/118,L8/414
8,10,L8/414,L8/412
8,10,L8/412,L8/410
8,10,L8/410,L7/205
8,10,L7/205,L6/102
8,10,L6/102,L7/204
8,10,L7/204,L8/409
8,10,L8/409,L8/395
8,10,L8/395,L8/394
8,10,L8/394,L8/393
8,10,L8/393,L8/398
8,10,L8/398,L8/397
8,10,L8/397,L8/396
8,10,L8/396,L8/478
8,10,L8/478,L8/477
8,10,L8/477,L8/509
8,10,L8/509,L8/508
8,10,L8/508,L8/466
8,10,L8/466,L8/465
8,10,L8/465,L8/464
8,10,L8/464,L8/511
8,10,L8/511,L8/510
8,10,L8/510,L8/455
8,10,L8/455,L8/454
8,10,L8/454,L8/448
8,10,L8/448,L8/456
8,10,L8/456,L8/457
8,10,L8/457,L8/461
8,10,L8/461,L8/418
8,10,L8/418,L7/209
8,10,L7/209,L6/104
8,10,L6/104,L6/107
8,10,L6/107,L7/215
8,10,L7/215,L7/212
8,10,L7/212,L8/424
8,10,L8/424,L8/446
8,10,L8/446,L8/444
8,10,L8/444,L8/432
8,10,L8/432,L8/433
8,10,L8/433,L8/438
8,10,L8/438,L7/219
8,10,L7/219,L6/109
8,10,L6/109,L6/10
8,10,L6/10,L7/20
8,10,L7/20,L8/41
8,10,L8/41,L8/47
8,10,L8/47,L8/44
8,10,L8/44,L8/38
8,10,L8/38,L8/36
8,10,L8/36,L8/32
8,10,L8/32,L8/33
8,10,L8/33,L8/28
8,10,L8/28,L8/26
8,10,L8/26,L8/24
8,10,L8/24,L8/23
8,10,L8/23,L7/11
8,10,L7/11,L6/5
8,10,L6/5,L6/2
8,10,L6/2,L7/5
8,10,L7/5,L8/10
8,11,L8/369,L8/225
8,11,L8/225,L8/118
8,11,L8/118,L8/414
8,11,L8/414,L8/412
8,11,L8/412,L8/410
8,11,L8/410,L7/205
8,11,L7/205,L6/102
8,11,L6/102,L7/204
8,11,L7/204,L8/409
8,11,L8/409,L8/395
8,11,L8/395,L8/394
8,11,L8/394,L8/393
8,11,L8/393,L8/398
8,11,L8/398,L8/397
8,11,L8/397,L8/396
8,11,L8/396,L8/478
8,11,L8/478,L8/477
8,11,L8/477,L8/509
8,11,L8/509,L8/508
8,11,L8/508,L8/466
8,11,L8/466,L8/465
8,11,L8/465,L8/464
8,11,L8/464,L8/511
8,11,L8/511,L8/510
8,11,L8/510,L8/455
8,11,L8/455,L8/454
8,11,L8/454,L8/448
8,11,L8/448,L8/456
8,11,L8/456,L8/457
8,11,L8/457,L8/461
8,11,L8/461,L8/418
8,11,L8/418,L7/209
8,11,L7/209,L6/104
8,11,L6/104,L6/107
8,11,L6/107,L7/215
8,11,L7/215,L7/212
8,11,L7/212,L8/424
8,11,L8/424,L8/446
8,11,L8/446,L8/444
8,11,L8/444,L8/432
8,11,L8/432,L8/433
8,11,L8/433,L8/438
8,11,L8/438,L7/219
8,11,L7/219,L6/109
8,11,L6/109,L6/10
8,11,L6/10,L7/20
8,11,L7/20,L8/41
8,11,L8/41,L8/47
8,11,L8/47,L8/44
8,11,L8/44,L8/38
8,11,L8/38,L8/36
8,11,L8/36,L8/32
8,11,L8/32,L8/33
8,11,L8/33,L8/28
8,11,L8/28,L8/26
8,11,L8/26,L8/24
8,11,L8/24,L8/23
8,11,L8/23,L7/11
8,11,L7/11,L6/5
8,11,L6/5,L6/2
8,11,L6/2,L7/5
8,11,L7/5,L8/11
8,12,L8/369,L8/225
8,12,L8/225,L8/118
8,12,L8/118,L8/414
8,12,L8/414,L8/412
8,12,L8/412,L8/410
8,12,L8/410,L7/205
8,12,L7/205,L6/102
8,12,L6/102,L7/204
8,12,L7/204,L8/409
8,12,L8/409,L8/395
8,12,L8/395,L8/394
8,12,L8/394,L8/393
8,12,L8/393,L8/398
8,12,L8/398,L8/397
8,12,L8/397,L8/396
8,12,L8/396,L8/478
8,12,L8/478,L8/477
8,12,L8/477,L8/509
8,12,L8/509,L8/508
8,12,L8/508,L8/466
8,12,L8/466,L8/465
8,12,L8/465,L8/464
8,12,L8/464,L8/511
8,12,L8/511,L8/510
8,12,L8/510,L8/455
8,12,L8/455,L8/454
8,12,L8/454,L8/448
8,12,L8/448,L8/456
8,12,L8/456,L8/457
8,12,L8/457,L8/461
8,12,L8/461,L8/418
8,12,L8/418,L7/209
8,12,L7/209,L6/104
8,12,L6/104,L6/107
8,12,L6/107,L7/215
8,12,L7/215,L7/212
8,12,L7/212,L8/424
8,12,L8/424,L8/446
8,12,L8/446,L8/444
8,12,L8/444,L8/432
8,12,L8/432,L8/433
8,12,L8/433,L8/438
8,12,L8/438,L7/219
8,12,L7/219,L6/109
8,12,L6/109,L6/10
8,12,L6/10,L7/20
8,12,L7/20,L8/41
8,12,L8/41,L8/47
8,12,L8/47,L8/44
8,12,L8/44,L8/38
8,12,L8/38,L8/36
8,12,L8/36,L8/32
8,12,L8/32,L8/33
8,12,L8/33,L8/28
8,12,L8/28,L8/26
8,12,L8/26,L8/24
8,12,L8/24,L8/23
8,12,L8/23,L7/11
8,12,L7/11,L6/5
8,12,L6/5,L6/3
8,12,L6/3,L7/6
8,12,L7/6,L8/12
8,13,L8/369,L8/225
8,13,L8/225,L8/118
8,13,L8/118,L8/414
8,13,L8/414,L8/412
8,13,L8/412,L8/410
8,13,L8/410,L7/205
8,13,L7/205,L6/102
8,13,L6/102,L7/204
8,13,L7/204,L8/409
8,13,L8/409,L8/395
8,13,L8/395,L8/394
8,13,L8/394,L8/393
8,13,L8/393,L8/398
8,13,L8/398,L8/397
8,13,L8/397,L8/396
8,13,L8/396,L8/478
8,13,L8/478,L8/477
8,13,L8/477,L8/509
8,13,L8/509,L8/508
8,13,L8/508,L8/466
8,13,L8/466,L8/465
8,13,L8/465,L8/464
8,13,L8/464,L8/511
8,13,L8/511,L8/510
8,13,L8/510,L8/455
8,13,L8/455,L8/454
8,13,L8/454,L8/448
8,13,L8/448,L8/456
8,13,L8/456,L8/457
8,13,L8/457,L8/461
8,13,L8/461,L8/418
8,13,L8/418,L7/209
8,13,L7/209,L6/104
8,13,L6/104,L6/107
8,13,L6/107,L7/215
8,13,L7/215,L7/212
8,13,L7/212,L8/424
8,13,L8/424,L8/446
8,13,L8/446,L8/444
8,13,L8/444,L8/432
8,13,L8/432,L8/433
8,13,L8/433,L8/438
8,13,L8/438,L7/219
8,13,L7/219,L6/109
8,13,L6/109,L6/10
8,13,L6/10,L7/20
8,13,L7/20,L8/41
8,13,L8/41,L8/47
8,13,L8/47,L8/44
8,13,L8/44,L8/38
8,13,L8/38,L8/36
8,13,L8/36,L8/32
8,13,L8/32,L8/33
8,13,L8/33,L8/28
8,13,L8/28,L8/26
8,13,L8/26,L8/24
8,13,L8/24,L8/23
8,13,L8/23,L7/11
8,13,L7/11,L6/5
8,13,L6/5,L6/3
8,13,L6/3,L7/6
8,13,L7/6,L8/13
8,14,L8/369,L8/225
8,14,L8/225,L8/118
8,14,L8/118,L8/414
8,14,L8/414,L8/412
8,14,L8/412,L8/410
8,14,L8/410,L7/205
8,14,L7/205,L6/102
8,14,L6/102,L7/204
8,14,L7/204,L8/409
8,14,L8/409,L8/395
8,14,L8/395,L8/394
8,14,L8/394,L8/393
8,14,L8/393,L8/398
8,14,L8/398,L8/397
8,14,L8/397,L8/396
8,14,L8/396,L8/478
8,14,L8/478,L8/477
8,14,L8/477,L8/509
8,14,L8/509,L8/508
8,14,L8/508,L8/466
8,14,L8/466,L8/465
8,14,L8/465,L8/464
8,14,L8/464,L8/511
8,14,L8/511,L8/510
8,14,L8/510,L8/455
8,14,L8/455,L8/454
8,14,L8/454,L8/448
8,14,L8/448,L8/456
8,14,L8/456,L8/457
8,14,L8/457,L8/461
8,14,L8/461,L8/418
8,14,L8/418,L7/209
8,14,L7/209,L6/104
8,14,L6/104,L6/107
8,14,L6/107,L7/215
8,14,L7/215,L7/212
8,14,L7/212,L8/424
8,14,L8/424,L8/446
8,14,L8/446,L8/444
8,14,L8/444,L8/432
8,14,L8/432,L8/433
8,14,L8/433,L8/438
8,14,L8/438,L7/219
8,14,L7/219,L6/109
8,14,L6/109,L6/10
8,14,L6/10,L7/20
8,14,L7/20,L8/41
8,14,L8/41,L8/47
8,14,L8/47,L8/44
8,14,L8/44,L8/38
8,14,L8/38,L8/36
8,14,L8/36,L8/32
8,14,L8/32,L8/33
8,14,L8/33,L8/28
8,14,L8/28,L8/26
8,14,L8/26,L8/24
8,14,L8/24,L8/23
8,14,L8/23,L7/11
8,14,L7/11,L6/5
8,14,L6/5,L6/3
8,14,L6/3,L7/7
8,14,L7/7,L8/14
8,15,L8/369,L8/225
8,15,L8/225,L8/118
8,15,L8/118,L8/414
8,15,L8/414,L8/412
8,15,L8/412,L8/410
8,15,L8/410,L7/205
8,15,L7/205,L6/102
8,15,L6/102,L7/204
8,15,L7/204,L8/409
8,15,L8/409,L8/395
8,15,L8/395,L8/394
8,15,L8/394,L8/393
8,15,L8/393,L8/398
8,15,L8/398,L8/397
8,15,L8/397,L8/396
8,15,L8/396,L8/478
8,15,L8/478,L8/477
8,15,L8/477,L8/509
8,15,L8/509,L8/508
8,15,L8/508,L8/466
8,15,L8/466,L8/465
8,15,L8/465,L8/464
8,15,L8/464,L8/511
8,15,L8/511,L8/510
8,15,L8/510,L8/455
8,15,L8/455,L8/454
8,15,L8/454,L8/448
8,15,L8/448,L8/456
8,15,L8/456,L8/457
8,15,L8/457,L8/461
8,15,L8/461,L8/418
8,15,L8/418,L7/209
8,15,L7/209,L6/104
8,15,L6/104,L6/107
8,15,L6/107,L7/215
8,15,L7/215,L7/212
8,15,L7/212,L8/424
8,15,L8/424,L8/446
8,15,L8/446,L8/444
8,15,L8/444,L8/432
8,15,L8/432,L8/433
8,15,L8/433,L8/438
8,15,L8/438,L7/219
8,15,L7/219,L6/109
8,15,L6/109,L6/10
8,15,L6/10,L7/20
8,15,L7/20,L8/41
8,15,L8/41,L8/47
8,15,L8/47,L8/44
8,15,L8/44,L8/38
8,15,L8/38,L8/36
8,15,L8/36,L8/32
8,15,L8/32,L8/33
8,15,L8/33,L8/28
8,15,L8/28,L8/26
8,15,L8/26,L8/24
8,15,L8/24,L8/23
8,15,L8/23,L7/11
8,15,L7/11,L6/5
8,15,L6/5,L6/3
8,15,L6/3,L7/7
8,15,L7/7,L8/15
8,16,L8/369,L8/225
8,16,L8/225,L8/118
8,16,L8/118,L8/414
8,16,L8/414,L8/412
8,16,L8/412,L8/410
8,16,L8/410,L7/205
8,16,L7/205,L6/102
8,16,L6/102,L7/204
8,16,L7/204,L8/409
8,16,L8/409,L8/395
8,16,L8/395,L8/394
8,16,L8/394,L8/393
8,16,L8/393,L8/398
8,16,L8/398,L8/397
8,16,L8/397,L8/396
8,16,L8/396,L8/478
8,16,L8/478,L8/477
8,16,L8/477,L8/509
8,16,L8/509,L8/508
8,16,L8/508,L8/466
8,16,L8/466,L8/465
8,16,L8/465,L8/464
8,16,L8/464,L8/511
8,16,L8/511,L8/510
8,16,L8/510,L8/455
8,16,L8/455,L8/454
8,16,L8/454,L8/448
8,16,L8/448,L8/456
8,16,L8/456,L8/457
8,16,L8/457,L8/461
8,16,L8/461,L8/418
8,16,L8/418,L7/209
8,16,L7/209,L6/104
8,16,L6/104,L6/107
8,16,L6/107,L7/215
8,16,L7/215,L7/212
8,16,L7/212,L8/424
8,16,L8/424,L8/446
8,16,L8/446,L8/444
8,16,L8/444,L8/432
8,16,L8/432,L8/433
8,16,L8/433,L8/438
8,16,L8/438,L7/219
8,16,L7/219,L6/109
8,16,L6/109,L6/10
8,16,L6/10,L7/20
8,16,L7/20,L8/41
8,16,L8/41,L8/47
8,16,L8/47,L8/44
8,16,L8/44,L8/38
8,16,L8/38,L8/36
8,16,L8/36,L8/32
8,16,L8/32,L8/33
8,16,L8/33,L8/28
8,16,L8/28,L8/26
8,16,L8/26,L8/24
8,16,L8/24,L8/23
8,16,L8/23,L8/21
8,16,L8/21,L8/20
8,16,L8/20,L8/16
8,17,L8/369,L8/225
8,17,L8/225,L8/118
8,17,L8/118,L8/414
8,17,L8/414,L8/412
8,17,L8/412,L8/410
8,17,L8/410,L7/205
8,17,L7/205,L6/102
8,17,L6/102,L7/204
8,17,L7/204,L8/409
8,17,L8/409,L8/395
8,17,L8/395,L8/394
8,17,L8/394,L8/393
8,17,L8/393,L8/398
8,17,L8/398,L8/397
8,17,L8/397,L8/396
8,17,L8/396,L8/478
8,17,L8/478,L8/477
8,17,L8/477,L8/509
8,17,L8/509,L8/508
8,17,L8/508,L8/466
8,17,L8/466,L8/465
8,17,L8/465,L8/464
8,17,L8/464,L8/511
8,17,L8/511,L8/510
8,17,L8/510,L8/455
8,17,L8/455,L8/454
8,17,L8/454,L8/448
8,17,L8/448,L8/456
8,17,L8/456,L8/457
8,17,L8/457,L8/461
8,17,L8/461,L8/418
8,17,L8/418,L7/209
8,17,L7/209,L6/104
8,17,L6/104,L6/107
8,17,L6/107,L7/215
8,17,L7/215,L7/212
8,17,L7/212,L8/424
8,17,L8/424,L8/446
8,17,L8/446,L8/444
8,17,L8/444,L8/432
8,17,L8/432,L8/433
8,17,L8/433,L8/438
8,17,L8/438,L7/219
8,17,L7/219,L6/109
8,17,L6/109,L6/10
8,17,L6/10,L7/20
8,17,L7/20,L8/41
8,17,L8/41,L8/47
8,17,L8/47,L8/44
8,17,L8/44,L8/38
8,17,L8/38,L8/36
8,17,L8/36,L8/32
8,17,L8/32,L8/33
8,17,L8/33,L8/28
8,17,L8/28,L8/26
8,17,L8/26,L8/24
8,17,L8/24,L8/23
8,17,L8/23,L8/22
8,17,L8/22,L8/19
8,17,L8/19,L8/17
8,18,L8/369,L8/225
8,18,L8/225,L8/118
8,18,L8/118,L8/414
8,18,L8/414,L8/412
8,18,L8/412,L8/410
8,18,L8/410,L7/205
8,18,L7/205,L6/102
8,18,L6/102,L7/204
8,18,L7/204,L8/409
8,18,L8/409,L8/395
8,18,L8/395,L8/394
8,18,L8/394,L8/393
8,18,L8/393,L8/398
8,18,L8/398,L8/397
8,18,L8/397,L8/396
8,18,L8/396,L8/478
8,18,L8/478,L8/477
8,18,L8/477,L8/509
8,18,L8/509,L8/508
8,18,L8/508,L8/466
8,18,L8/466,L8/465
8,18,L8/465,L8/464
8,18,L8/464,L8/511
8,18,L8/511,L8/510
8,18,L8/510,L8/455
8,18,L8/455,L8/454
8,18,L8/454,L8/448
8,18,L8/448,L8/456
8,18,L8/456,L8/457
8,18,L8/457,L8/461
8,18,L8/461,L8/418
8,18,L8/418,L7/209
8,18,L7/209,L6/104
8,18,L6/104,L6/107
8,18,L6/107,L7/215
8,18,L7/215,L7/212
8,18,L7/212,L8/424
8,18,L8/424,L8/446
8,18,L8/446,L8/444
8,18,L8/444,L8/432
8,18,L8/432,L8/433
8,18,L8/433,L8/438
8,18,L8/438,L7/219
8,18,L7/219,L6/109
8,18,L6/109,L6/10
8,18,L6/10,L7/20
8,18,L7/20,L8/41
8,18,L8/41,L8/47
8,18,L8/47,L8/44
8,18,L8/44,L8/38
8,18,L8/38,L8/36
8,18,L8/36,L8/32
8,18,L8/32,L8/33
8,18,L8/33,L8/28
8,18,L8/28,L8/26
8,18,L8/26,L8/24
8,18,L8/24,L8/23
8,18,L8/23,L8/22
8,18,L8/22,L8/19
8,18,L8/19,L8/18
8,19,L8/369,L8/225
8,19,L8/225,L8/118
8,19,L8/118,L8/414
8,19,L8/414,L8/412
8,19,L8/412,L8/410
8,19,L8/410,L7/205
8,19,L7/205,L6/102
8,19,L6/102,L7/204
8,19,L7/204,L8/409
8,19,L8/409,L8/395
8,19,L8/395,L8/394
8,19,L8/394,L8/393
8,19,L8/393,L8/398
8,19,L8/398,L8/397
8,19,L8/397,L8/396
8,19,L8/396,L8/478
8,19,L8/478,L8/477
8,19,L8/477,L8/509
8,19,L8/509,L8/508
8,19,L8/508,L8/466
8,19,L8/466,L8/465
8,19,L8/465,L8/464
8,19,L8/464,L8/511
8,19,L8/511,L8/510
8,19,L8/510,L8/455
8,19,L8/455,L8/454
8,19,L8/454,L8/448
8,19,L8/448,L8/456
8,19,L8/456,L8/457
8,19,L8/457,L8/461
8,19,L8/461,L8/418
8,19,L8/418,L7/209
8,19,L7/209,L6/104
8,19,L6/104,L6/107
8,19,L6/107,L7/215
8,19,L7/215,L7/212
8,19,L7/212,L8/424
8,19,L8/424,L8/446
8,19,L8/446,L8/444
8,19,L8/444,L8/432
8,19,L8/432,L8/433
8,19,L8/433,L8/438
8,19,L8/438,L7/219
8,19,L7/219,L6/109
8,19,L6/109,L6/10
8,19,L6/10,L7/20
8,19,L7/20,L8/41
8,19,L8/41,L8/47
8,19,L8/47,L8/44
8,19,L8/44,L8/38
8,19,L8/38,L8/36
8,19,L8/36,L8/32
8,19,L8/32,L8/33
8,19,L8/33,L8/28
8,19,L8/28,L8/26
8,19,L8/26,L8/24
8,19,L8/24,L8/23
8,19,L8/23,L8/22
8,19,L8/22,L8/19
8,20,L8/369,L8/225
8,20,L8/225,L8/118
8,20,L8/118,L8/414
8,20,L8/414,L8/412
8,20,L8/412,L8/410
8,20,L8/410,L7/205
8,20,L7/205,L6/102
8,20,L6/102,L7/204
8,20,L7/204,L8/409
8,20,L8/409,L8/395
8,20,L8/395,L8/394
8,20,L8/394,L8/393
8,20,L8/393,L8/398
8,20,L8/398,L8/397
8,20,L8/397,L8/396
8,20,L8/396,L8/478
8,20,L8/478,L8/477
8,20,L8/477,L8/509
8,20,L8/509,L8/508
8,20,L8/508,L8/466
8,20,L8/466,L8/465
8,20,L8/465,L8/464
8,20,L8/464,L8/511
8,20,L8/511,L8/510
8,20,L8/510,L8/455
8,20,L8/455,L8/454
8,20,L8/454,L8/448
8,20,L8/448,L8/456
8,20,L8/456,L8/457
8,20,L8/457,L8/461
8,20,L8/461,L8/418
8,20,L8/418,L7/209
8,20,L7/209,L6/104
8,20,L6/104,L6/107
8,20,L6/107,L7/215
8,20,L7/215,L7/212
8,20,L7/212,L8/424
8,20,L8/424,L8/446
8,20,L8/446,L8/444
8,20,L8/444,L8/432
8,20,L8/432,L8/433
8,20,L8/433,L8/438
8,20,L8/438,L7/219
8,20,L7/219,L6/109
8,20,L6/109,L6/10
8,20,L6/10,L7/20
8,20,L7/20,L8/41
8,20,L8/41,L8/47
8,20,L8/47,L8/44
8,20,L8/44,L8/38
8,20,L8/38,L8/36
8,20,L8/36,L8/32
8,20,L8/32,L8/33
8,20,L8/33,L8/28
8,20,L8/28,L8/26
8,20,L8/26,L8/24
8,20,L8/24,L8/23
8,20,L8/23,L8/21
8,20,L8/21,L8/20
8,21,L8/369,L8/225
8,21,L8/225,L8/118
8,21,L8/118,L8/414
8,21,L8/414,L8/412
8,21,L8/412,L8/410
8,21,L8/410,L7/205
8,21,L7/205,L6/102
8,21,L6/102,L7/204
8,21,L7/204,L8/409
8,21,L8/409,L8/395
8,21,L8/395,L8/394
8,21,L8/394,L8/393
8,21,L8/393,L8/398
8,21,L8/398,L8/397
8,21,L8/397,L8/396
8,21,L8/396,L8/478
8,21,L8/478,L8/477
8,21,L8/477,L8/509
8,21,L8/509,L8/508
8,21,L8/508,L8/466
8,21,L8/466,L8/465
8,21,L8/465,L8/464
8,21,L8/464,L8/511
8,21,L8/511,L8/510
8,21,L8/510,L8/455
8,21,L8/455,L8/454
8,21,L8/454,L8/448
8,21,L8/448,L8/456
8,21,L8/456,L8/457
8,21,L8/457,L8/461
8,21,L8/461,L8/418
8,21,L8/418,L7/209
8,21,L7/209,L6/104
8,21,L6/104,L6/107
8,21,L6/107,L7/215
8,21,L7/215,L7/212
8,21,L7/212,L8/424
8,21,L8/424,L8/446
8,21,L8/446,L8/444
8,21,L8/444,L8/432
8,21,L8/432,L8/433
8,21,L8/433,L8/438
8,21,L8/438,L7/219
8,21,L7/219,L6/109
8,21,L6/109,L6/10
8,21,L6/10,L7/20
8,21,L7/20,L8/41
8,21,L8/41,L8/47
8,21,L8/47,L8/44
8,21,L8/44,L8/38
8,21,L8/38,L8/36
8,21,L8/36,L8/32
8,21,L8/32,L8/33
8,21,L8/33,L8/28
8,21,L8/28,L8/26
8,21,L8/26,L8/24
8,21,L8/24,L8/23
8,21,L8/23,L8/21
8,22,L8/369,L8/225
8,22,L8/225,L8/118
8,22,L8/118,L8/414
8,22,L8/414,L8/412
8,22,L8/412,L8/410
8,22,L8/410,L7/205
8,22,L7/205,L6/102
8,22,L6/102,L7/204
8,22,L7/204,L8/409
8,22,L8/409,L8/395
8,22,L8/395,L8/394
8,22,L8/394,L8/393
8,22,L8/393,L8/398
8,22,L8/398,L8/397
8,22,L8/397,L8/396
8,22,L8/396,L8/478
8,22,L8/478,L8/477
8,22,L8/477,L8/509
8,22,L8/509,L8/508
8,22,L8/508,L8/466
8,22,L8/466,L8/465
8,22,L8/465,L8/464
8,22,L8/464,L8/511
8,22,L8/511,L8/510
8,22,L8/510,L8/455
8,22,L8/455,L8/454
8,22,L8/454,L8/448
8,22,L8/448,L8/456
8,22,L8/456,L8/457
8,22,L8/457,L8/461
8,22,L8/461,L8/418
8,22,L8/418,L7/209
8,22,L7/209,L6/104
8,22,L6/104,L6/107
8,22,L6/107,L7/215
8,22,L7/215,L7/212
8,22,L7/212,L8/424
8,22,L8/424,L8/446
8,22,L8/446,L8/444
8,22,L8/444,L8/432
8,22,L8/432,L8/433
8,22,L8/433,L8/438
8,22,L8/438,L7/219
8,22,L7/219,L6/109
8,22,L6/109,L6/10
8,22,L6/10,L7/20
8,22,L7/20,L8/41
8,22,L8/41,L8/47
8,22,L8/47,L8/44
8,22,L8/44,L8/38
8,22,L8/38,L8/36
8,22,L8/36,L8/32
8,22,L8/32,L8/33
8,22,L8/33,L8/28
8,22,L8/28,L8/26
8,22,L8/26,L8/24
8,22,L8/24,L8/23
8,22,L8/23,L8/22
8,23,L8/369,L8/225
8,23,L8/225,L8/118
8,23,L8/118,L8/414
8,23,L8/414,L8/412
8,23,L8/412,L8/410
8,23,L8/410,L7/205
8,23,L7/205,L6/102
8,23,L6/102,L7/204
8,23,L7/204,L8/409
8,23,L8/409,L8/395
8,23,L8/395,L8/394
8,23,L8/394,L8/393
8,23,L8/393,L8/398
8,23,L8/398,L8/397
8,23,L8/397,L8/396
8,23,L8/396,L8/478
8,23,L8/478,L8/477
8,23,L8/477,L8/509
8,23,L8/509,L8/508
8,23,L8/508,L8/466
8,23,L8/466,L8/465
8,23,L8/465,L8/464
8,23,L8/464,L8/511
8,23,L8/511,L8/510
8,23,L8/510,L8/455
8,23,L8/455,L8/454
8,23,L8/454,L8/448
8,23,L8/448,L8/456
8,23,L8/456,L8/457
8,23,L8/457,L8/461
8,23,L8/461,L8/418
8,23,L8/418,L7/209
8,23,L7/209,L6/104
8,23,L6/104,L6/107
8,23,L6/107,L7/215
8,23,L7/215,L7/212
8,23,L7/212,L8/424
8,23,L8/424,L8/446
8,23,L8/446,L8/444
8,23,L8/444,L8/432
8,23,L8/432,L8/433
8,23,L8/433,L8/438
8,23,L8/438,L7/219
8,23,L7/219,L6/109
8,23,L6/109,L6/10
8,23,L6/10,L7/20
8,23,L7/20,L8/41
8,23,L8/41,L8/47
8,23,L8/47,L8/44
8,23,L8/44,L8/38
8,23,L8/38,L8/36
8,23,L8/36,L8/32
8,23,L8/32,L8/33
8,23,L8/33,L8/28
8,23,L8/28,L8/26
8,23,L8/26,L8/24
8,23,L8/24,L8/23
8,24,L8/369,L8/225
8,24,L8/225,L8/118
8,24,L8/118,L8/414
8,24,L8/414,L8/412
8,24,L8/412,L8/410
8,24,L8/410,L7/205
8,24,L7/205,L6/102
8,24,L6/102,L7/204
8,24,L7/204,L8/409
8,24,L8/409,L8/395
8,24,L8/395,L8/394
8,24,L8/394,L8/393
8,24,L8/393,L8/398
8,24,L8/398,L8/397
8,24,L8/397,L8/396
8,24,L8/396,L8/478
8,24,L8/478,L8/477
8,24,L8/477,L8/509
8,24,L8/509,L8/508
8,24,L8/508,L8/466
8,24,L8/466,L8/465
8,24,L8/465,L8/464
8,24,L8/464,L8/511
8,24,L8/511,L8/510
8,24,L8/510,L8/455
8,24,L8/455,L8/454
8,24,L8/454,L8/448
8,24,L8/448,L8/456
8,24,L8/456,L8/457
8,24,L8/457,L8/461
8,24,L8/461,L8/418
8,24,L8/418,L7/209
8,24,L7/209,L6/104
8,24,L6/104,L6/107
8,24,L6/107,L7/215
8,24,L7/215,L7/212
8,24,L7/212,L8/424
8,24,L8/424,L8/446
8,24,L8/446,L8/444
8,24,L8/444,L8/432
8,24,L8/432,L8/433
8,24,L8/433,L8/438
8,24,L8/438,L7/219
8,24,L7/219,L6/109
8,24,L6/109,L6/10
8,24,L6/10,L7/20
8,24,L7/20,L8/41
8,24,L8/41,L8/47
8,24,L8/47,L8/44
8,24,L8/44,L8/38
8,24,L8/38,L8/36
8,24,L8/36,L8/32
8,24,L8/32,L8/33
8,24,L8/33,L8/28
8,24,L8/28,L8/26
8,24,L8/26,L8/24
8,25,L8/369,L8/225
8,25,L8/225,L8/118
8,25,L8/118,L8/414
8,25,L8/414,L8/412
8,25,L8/412,L8/410
8,25,L8/410,L7/205
8,25,L7/205,L6/102
8,25,L6/102,L7/204
8,25,L7/204,L8/409
8,25,L8/409,L8/395
8,25,L8/395,L8/394
8,25,L8/394,L8/393
8,25,L8/393,L8/398
8,25,L8/398,L8/397
8,25,L8/397,L8/396
8,25,L8/396,L8/478
8,25,L8/478,L8/477
8,25,L8/477,L8/509
8,25,L8/509,L8/508
8,25,L8/508,L8/466
8,25,L8/466,L8/465
8,25,L8/465,L8/464
8,25,L8/464,L8/511
8,25,L8/511,L8/510
8,25,L8/510,L8/455
8,25,L8/455,L8/454
8,25,L8/454,L8/448
8,25,L8/448,L8/456
8,25,L8/456,L8/457
8,25,L8/457,L8/461
8,25,L8/461,L8/418
8,25,L8/418,L7/209
8,25,L7/209,L6/104
8,25,L6/104,L6/107
8,25,L6/107,L7/215
8,25,L7/215,L7/212
8,25,L7/212,L8/424
8,25,L8/424,L8/446
8,25,L8/446,L8/444
8,25,L8/444,L8/432
8,25,L8/432,L8/433
8,25,L8/433,L8/438
8,25,L8/438,L7/219
8,25,L7/219,L6/109
8,25,L6/109,L6/10
8,25,L6/10,L7/20
8,25,L7/20,L8/41
8,25,L8/41,L8/47
8,25,L8/47,L8/44
8,25,L8/44,L8/38
8,25,L8/38,L8/36
8,25,L8/36,L8/32
8,25,L8/32,L8/33
8,25,L8/33,L8/28
8,25,L8/28,L8/26
8,25,L8/26,L8/25
8,26,L8/369,L8/225
8,26,L8/225,L8/118
8,26,L8/118,L8/414
8,26,L8/414,L8/412
8,26,L8/412,L8/410
8,26,L8/410,L7/205
8,26,L7/205,L6/102
8,26,L6/102,L7/204
8,26,L7/204,L8/409
8,26,L8/409,L8/395
8,26,L8/395,L8/394
8,26,L8/394,L8/393
8,26,L8/393,L8/398
8,26,L8/398,L8/397
8,26,L8/397,L8/396
8,26,L8/396,L8/478
8,26,L8/478,L8/477
8,26,L8/477,L8/509
8,26,L8/509,L8/508
8,26,L8/508,L8/466
8,26,L8/466,L8/465
8,26,L8/465,L8/464
8,26,L8/464,L8/511
8,26,L8/511,L8/510
8,26,L8/510,L8/455
8,26,L8/455,L8/454
8,26,L8/454,L8/448
8,26,L8/448,L8/456
8,26,L8/456,L8/457
8,26,L8/457,L8/461
8,26,L8/461,L8/418
8,26,L8/418,L7/209
8,26,L7/209,L6/104
8,26,L6/104,L6/107
8,26,L6/107,L7/215
8,26,L7/215,L7/212
8,26,L7/212,L8/424
8,26,L8/424,L8/446
8,26,L8/446,L8/444
8,26,L8/444,L8/432
8,26,L8/432,L8/433
8,26,L8/433,L8/438
8,26,L8/438,L7/219
8,26,L7/219,L6/109
8,26,L6/109,L6/10
8,26,L6/10,L7/20
8,26,L7/20,L8/41
8,26,L8/41,L8/47
8,26,L8/47,L8/44
8,26,L8/44,L8/38
8,26,L8/38,L8/36
8,26,L8/36,L8/32
8,26,L8/32,L8/33
8,26,L8/33,L8/28
8,26,L8/28,L8/26
8,27,L8/369,L8/225
8,27,L8/225,L8/118
8,27,L8/118,L8/414
8,27,L8/414,L8/412
8,27,L8/412,L8/410
8,27,L8/410,L7/205
8,27,L7/205,L6/102
8,27,L6/102,L7/204
8,27,L7/204,L8/409
8,27,L8/409,L8/395
8,27,L8/395,L8/394
8,27,L8/394,L8/393
8,27,L8/393,L8/398
8,27,L8/398,L8/397
8,27,L8/397,L8/396
8,27,L8/396,L8/478
8,27,L8/478,L8/477
8,27,L8/477,L8/509
8,27,L8/509,L8/508
8,27,L8/508,L8/466
8,27,L8/466,L8/465
8,27,L8/465,L8/464
8,27,L8/464,L8/511
8,27,L8/511,L8/510
8,27,L8/510,L8/455
8,27,L8/455,L8/454
8,27,L8/454,L8/448
8,27,L8/448,L8/456
8,27,L8/456,L8/457
8,27,L8/457,L8/461
8,27,L8/461,L8/418
8,27,L8/418,L7/209
8,27,L7/209,L6/104
8,27,L6/104,L6/107
8,27,L6/107,L7/215
8,27,L7/215,L7/212
8,27,L7/212,L8/424
8,27,L8/424,L8/446
8,27,L8/446,L8/444
8,27,L8/444,L8/432
8,27,L8/432,L8/433
8,27,L8/433,L8/438
8,27,L8/438,L7/219
8,27,L7/219,L6/109
8,27,L6/109,L6/10
8,27,L6/10,L7/20
8,27,L7/20,L8/41
8,27,L8/41,L8/47
8,27,L8/47,L8/44
8,27,L8/44,L8/38
8,27,L8/38,L8/36
8,27,L8/36,L8/32
8,27,L8/32,L8/33
8,27,L8/33,L8/28
8,27,L8/28,L8/26
8,27,L8/26,L8/27
8,28,L8/369,L8/225
8,28,L8/225,L8/118
8,28,L8/118,L8/414
8,28,L8/414,L8/412
8,28,L8/412,L8/410
8,28,L8/410,L7/205
8,28,L7/205,L6/102
8,28,L6/102,L7/204
8,28,L7/204,L8/409
8,28,L8/409,L8/395
8,28,L8/395,L8/394
8,28,L8/394,L8/393
8,28,L8/393,L8/398
8,28,L8/398,L8/397
8,28,L8/397,L8/396
8,28,L8/396,L8/478
8,28,L8/478,L8/477
8,28,L8/477,L8/509
8,28,L8/509,L8/508
8,28,L8/508,L8/466
8,28,L8/466,L8/465
8,28,L8/465,L8/464
8,28,L8/464,L8/511
8,28,L8/511,L8/510
8,28,L8/510,L8/455
8,28,L8/455,L8/454
8,28,L8/454,L8/448
8,28,L8/448,L8/456
8,28,L8/456,L8/457
8,28,L8/457,L8/461
8,28,L8/461,L8/418
8,28,L8/418,L7/209
8,28,L7/209,L6/104
8,28,L6/104,L6/107
8,28,L6/107,L7/215
8,28,L7/215,L7/212
8,28,L7/212,L8/424
8,28,L8/424,L8/446
8,28,L8/446,L8/444
8,28,L8/444,L8/432
8,28,L8/432,L8/433
8,28,L8/433,L8/438
8,28,L8/438,L7/219
8,28,L7/219,L6/109
8,28,L6/109,L6/10
8,28,L6/10,L7/20
8,28,L7/20,L8/41
8,28,L8/41,L8/47
8,28,L8/47,L8/44
8,28,L8/44,L8/38
8,28,L8/38,L8/36
8,28,L8/36,L8/32
8,28,L8/32,L8/33
8,28,L8/33,L8/28
8,29,L8/369,L8/225
8,29,L8/225,L8/118
8,29,L8/118,L8/414
8,29,L8/414,L8/412
8,29,L8/412,L8/410
8,29,L8/410,L7/205
8,29,L7/205,L6/102
8,29,L6/102,L7/204
8,29,L7/204,L8/409
8,29,L8/409,L8/395
8,29,L8/395,L8/394
8,29,L8/394,L8/393
8,29,L8/393,L8/398
8,29,L8/398,L8/397
8,29,L8/397,L8/396
8,29,L8/396,L8/478
8,29,L8/478,L8/477
8,29,L8/477,L8/509
8,29,L8/509,L8/508
8,29,L8/508,L8/466
8,29,L8/466,L8/465
8,29,L8/465,L8/464
8,29,L8/464,L8/511
8,29,L8/511,L8/510
8,29,L8/510,L8/455
8,29,L8/455,L8/454
8,29,L8/454,L8/448
8,29,L8/448,L8/456
8,29,L8/456,L8/457
8,29,L8/457,L8/461
8,29,L8/461,L8/418
8,29,L8/418,L7/209
8,29,L7/209,L6/104
8,29,L6/104,L6/107
8,29,L6/107,L7/215
8,29,L7/215,L7/212
8,29,L7/212,L8/424
8,29,L8/424,L8/446
8,29,L8/446,L8/444
8,29,L8/444,L8/432
8,29,L8/432,L8/433
8,29,L8/433,L8/438
8,29,L8/438,L7/219
8,29,L7/219,L6/109
8,29,L6/109,L6/10
8,29,L6/10,L7/20
8,29,L7/20,L8/41
8,29,L8/41,L8/47
8,29,L8/47,L8/44
8,29,L8/44,L8/38
8,29,L8/38,L8/36
8,29,L8/36,L8/32
8,29,L8/32,L8/33
8,29,L8/33,L8/28
8,29,L8/28,L8/29
8,30,L8/369,L8/225
8,30,L8/225,L8/118
8,30,L8/118,L8/414
8,30,L8/414,L8/412
8,30,L8/412,L8/410
8,30,L8/410,L7/205
8,30,L7/205,L6/102
8,30,L6/102,L7/204
8,30,L7/204,L8/409
8,30,L8/409,L8/395
8,30,L8/395,L8/394
8,30,L8/394,L8/393
8,30,L8/393,L8/398
8,30,L8/398,L8/397
8,30,L8/397,L8/396
8,30,L8/396,L8/478
8,30,L8/478,L8/477
8,30,L8/477,L8/509
8,30,L8/509,L8/508
8,30,L8/508,L8/466
8,30,L8/466,L8/465
8,30,L8/465,L8/464
8,30,L8/464,L8/511
8,30,L8/511,L8/510
8,30,L8/510,L8/455
8,30,L8/455,L8/454
8,30,L8/454,L8/448
8,30,L8/448,L8/456
8,30,L8/456,L8/457
8,30,L8/457,L8/461
8,30,L8/461,L8/418
8,30,L8/418,L7/209
8,30,L7/209,L6/104
8,30,L6/104,L6/107
8,30,L6/107,L7/215
8,30,L7/215,L7/212
8,30,L7/212,L8/424
8,30,L8/424,L8/446
8,30,L8/446,L8/444
8,30,L8/444,L8/432
8,30,L8/432,L8/433
8,30,L8/433,L8/438
8,30,L8/438,L7/219
8,30,L7/219,L6/109
8,30,L6/109,L6/10
8,30,L6/10,L7/20
8,30,L7/20,L8/41
8,30,L8/41,L8/47
8,30,L8/47,L8/44
8,30,L8/44,L8/38
8,30,L8/38,L8/36
8,30,L8/36,L8/32
8,30,L8/32,L8/33
8,30,L8/33,L8/28
8,30,L8/28,L8/30
8,31,L8/369,L8/225
8,31,L8/225,L8/118
8,31,L8/118,L8/414
8,31,L8/414,L8/412
8,31,L8/412,L8/410
8,31,L8/410,L7/205
8,31,L7/205,L6/102
8,31,L6/102,L7/204
8,31,L7/204,L8/409
8,31,L8/409,L8/395
8,31,L8/395,L8/394
8,31,L8/394,L8/393
8,31,L8/393,L8/398
8,31,L8/398,L8/397
8,31,L8/397,L8/396
8,31,L8/396,L8/478
8,31,L8/478,L8/477
8,31,L8/477,L8/509
8,31,L8/509,L8/508
8,31,L8/508,L8/466
8,31,L8/466,L8/465
8,31,L8/465,L8/464
8,31,L8/464,L8/511
8,31,L8/511,L8/510
8,31,L8/510,L8/455
8,31,L8/455,L8/454
8,31,L8/454,L8/448
8,31,L8/448,L8/456
8,31,L8/456,L8/457
8,31,L8/457,L8/461
8,31,L8/461,L8/418
8,31,L8/418,L7/209
8,31,L7/209,L6/104
8,31,L6/104,L6/107
8,31,L6/107,L7/215
8,31,L7/215,L7/212
8,31,L7/212,L8/424
8,31,L8/424,L8/446
8,31,L8/446,L8/444
8,31,L8/444,L8/432
8,31,L8/432,L8/433
8,31,L8/433,L8/438
8,31,L8/438,L7/219
8,31,L7/219,L6/109
8,31,L6/109,L6/10
8,31,L6/10,L7/20
8,31,L7/20,L8/41
8,31,L8/41,L8/47
8,31,L8/47,L8/44
8,31,L8/44,L8/38
8,31,L8/38,L8/36
8,31,L8/36,L8/32
8,31,L8/32,L8/33
8,31,L8/33,L8/28
8,31,L8/28,L8/29
8,31,L8/29,L8/31
8,32,L8/369,L8/225
8,32,L8/225,L8/118
8,32,L8/118,L8/414
8,32,L8/414,L8/412
8,32,L8/412,L8/410
8,32,L8/410,L7/205
8,32,L7/205,L6/102
8,32,L6/102,L7/204
8,32,L7/204,L8/409
8,32,L8/409,L8/395
8,32,L8/395,L8/394
8,32,L8/394,L8/393
8,32,L8/393,L8/398
8,32,L8/398,L8/397
8,32,L8/397,L8/396
8,32,L8/396,L8/478
8,32,L8/478,L8/477
8,32,L8/477,L8/509
8,32,L8/509,L8/508
8,32,L8/508,L8/466
8,32,L8/466,L8/465
8,32,L8/465,L8/464
8,32,L8/464,L8/511
8,32,L8/511,L8/510
8,32,L8/510,L8/455
8,32,L8/455,L8/454
8,32,L8/454,L8/448
8,32,L8/448,L8/456
8,32,L8/456,L8/457
8,32,L8/457,L8/461
8,32,L8/461,L8/418
8,32,L8/418,L7/209
8,32,L7/209,L6/104
8,32,L6/104,L6/107
8,32,L6/107,L7/215
8,32,L7/215,L7/212
8,32,L7/212,L8/424
8,32,L8/424,L8/446
8,32,L8/446,L8/444
8,32,L8/444,L8/432
8,32,L8/432,L8/433
8,32,L8/433,L8/438
8,32,L8/438,L7/219
8,32,L7/219,L6/109
8,32,L6/109,L6/10
8,32,L6/10,L7/20
8,32,L7/20,L8/41
8,32,L8/41,L8/47
8,32,L8/47,L8/44
8,32,L8/44,L8/38
8,32,L8/38,L8/36
8,32,L8/36,L8/32
8,33,L8/369,L8/225
8,33,L8/225,L8/118
8,33,L8/118,L8/414
8,33,L8/414,L8/412
8,33,L8/412,L8/410
8,33,L8/410,L7/205
8,33,L7/205,L6/102
8,33,L6/102,L7/204
8,33,L7/204,L8/409
8,33,L8/409,L8/395
8,33,L8/395,L8/394
8,33,L8/394,L8/393
8,33,L8/393,L8/398
8,33,L8/398,L8/397
8,33,L8/397,L8/396
8,33,L8/396,L8/478
8,33,L8/478,L8/477
8,33,L8/477,L8/509
8,33,L8/509,L8/508
8,33,L8/508,L8/466
8,33,L8/466,L8/465
8,33,L8/465,L8/464
8,33,L8/464,L8/511
8,33,L8/511,L8/510
8,33,L8/510,L8/455
8,33,L8/455,L8/454
8,33,L8/454,L8/448
8,33,L8/448,L8/456
8,33,L8/456,L8/457
8,33,L8/457,L8/461
8,33,L8/461,L8/418
8,33,L8/418,L7/209
8,33,L7/209,L6/104
8,33,L6/104,L6/107
8,33,L6/107,L7/215
8,33,L7/215,L7/212
8,33,L7/212,L8/424
8,33,L8/424,L8/446
8,33,L8/446,L8/444
8,33,L8/444,L8/432
8,33,L8/432,L8/433
8,33,L8/433,L8/438
8,33,L8/438,L7/219
8,33,L7/219,L6/109
8,33,L6/109,L6/10
8,33,L6/10,L7/20
8,33,L7/20,L8/41
8,33,L8/41,L8/47
8,33,L8/47,L8/44
8,33,L8/44,L8/38
8,33,L8/38,L8/36
8,33,L8/36,L8/32
8,33,L8/32,L8/33
8,34,L8/369,L8/225
8,34,L8/225,L8/118
8,34,L8/118,L8/414
8,34,L8/414,L8/412
8,34,L8/412,L8/410
8,34,L8/410,L7/205
8,34,L7/205,L6/102
8,34,L6/102,L7/204
8,34,L7/204,L8/409
8,34,L8/409,L8/395
8,34,L8/395,L8/394
8,34,L8/394,L8/393
8,34,L8/393,L8/398
8,34,L8/398,L8/397
8,34,L8/397,L8/396
8,34,L8/396,L8/478
8,34,L8/478,L8/477
8,34,L8/477,L8/509
8,34,L8/509,L8/508
8,34,L8/508,L8/466
8,34,L8/466,L8/465
8,34,L8/465,L8/464
8,34,L8/464,L8/511
8,34,L8/511,L8/510
8,34,L8/510,L8/455
8,34,L8/455,L8/454
8,34,L8/454,L8/448
8,34,L8/448,L8/456
8,34,L8/456,L8/457
8,34,L8/457,L8/461
8,34,L8/461,L8/418
8,34,L8/418,L7/209
8,34,L7/209,L6/104
8,34,L6/104,L6/107
8,34,L6/107,L7/215
8,34,L7/215,L7/212
8,34,L7/212,L8/424
8,34,L8/424,L8/446
8,34,L8/446,L8/444
8,34,L8/444,L8/432
8,34,L8/432,L8/433
8,34,L8/433,L8/438
8,34,L8/438,L7/219
8,34,L7/219,L6/109
8,34,L6/109,L6/10
8,34,L6/10,L7/20
8,34,L7/20,L8/41
8,34,L8/41,L8/47
8,34,L8/47,L8/46
8,34,L8/46,L8/39
8,34,L8/39,L8/37
8,34,L8/37,L8/34
8,35,L8/369,L8/225
8,35,L8/225,L8/118
8,35,L8/118,L8/414
8,35,L8/414,L8/412
8,35,L8/412,L8/410
8,35,L8/410,L7/205
8,35,L7/205,L6/102
8,35,L6/102,L7/204
8,35,L7/204,L8/409
8,35,L8/409,L8/395
8,35,L8/395,L8/394
8,35,L8/394,L8/393
8,35,L8/393,L8/398
8,35,L8/398,L8/397
8,35,L8/397,L8/396
8,35,L8/396,L8/478
8,35,L8/478,L8/477
8,35,L8/477,L8/509
8,35,L8/509,L8/508
8,35,L8/508,L8/466
8,35,L8/466,L8/465
8,35,L8/465,L8/464
8,35,L8/464,L8/511
8,35,L8/511,L8/510
8,35,L8/510,L8/455
8,35,L8/455,L8/454
8,35,L8/454,L8/448
8,35,L8/448,L8/456
8,35,L8/456,L8/457
8,35,L8/457,L8/461
8,35,L8/461,L8/418
8,35,L8/418,L7/209
8,35,L7/209,L6/104
8,35,L6/104,L6/107
8,35,L6/107,L7/215
8,35,L7/215,L7/212
8,35,L7/212,L8/424
8,35,L8/424,L8/446
8,35,L8/446,L8/444
8,35,L8/444,L8/432
8,35,L8/432,L8/433
8,35,L8/433,L8/438
8,35,L8/438,L7/219
8,35,L7/219,L6/109
8,35,L6/109,L6/10
8,35,L6/10,L7/20
8,35,L7/20,L8/41
8,35,L8/41,L8/47
8,35,L8/47,L8/46
8,35,L8/46,L8/39
8,35,L8/39,L8/37
8,35,L8/37,L8/34
8,35,L8/34,L8/35
8,36,L8/369,L8/225
8,36,L8/225,L8/118
8,36,L8/118,L8/414
8,36,L8/414,L8/412
8,36,L8/412,L8/410
8,36,L8/410,L7/205
8,36,L7/205,L6/102
8,36,L6/102,L7/204
8,36,L7/204,L8/409
8,36,L8/409,L8/395
8,36,L8/395,L8/394
8,36,L8/394,L8/393
8,36,L8/393,L8/398
8,36,L8/398,L8/397
8,36,L8/397,L8/396
8,36,L8/396,L8/478
8,36,L8/478,L8/477
8,36,L8/477,L8/509
8,36,L8/509,L8/508
8,36,L8/508,L8/466
8,36,L8/466,L8/465
8,36,L8/465,L8/464
8,36,L8/464,L8/511
8,36,L8/511,L8/510
8,36,L8/510,L8/455
8,36,L8/455,L8/454
8,36,L8/454,L8/448
8,36,L8/448,L8/456
8,36,L8/456,L8/457
8,36,L8/457,L8/461
8,36,L8/461,L8/418
8,36,L8/418,L7/209
8,36,L7/209,L6/104
8,36,L6/104,L6/107
8,36,L6/107,L7/215
8,36,L7/215,L7/212
8,36,L7/212,L8/424
8,36,L8/424,L8/446
8,36,L8/446,L8/444
8,36,L8/444,L8/432
8,36,L8/432,L8/433
8,36,L8/433,L8/438
8,36,L8/438,L7/219
8,36,L7/219,L6/109
8,36,L6/109,L6/10
8,36,L6/10,L7/20
8,36,L7/20,L8/41
8,36,L8/41,L8/47
8,36,L8/47,L8/44
8,36,L8/44,L8/38
8,36,L8/38,L8/36
8,37,L8/369,L8/225
8,37,L8/225,L8/118
8,37,L8/118,L8/414
8,37,L8/414,L8/412
8,37,L8/412,L8/410
8,37,L8/410,L7/205
8,37,L7/205,L6/102
8,37,L6/102,L7/204
8,37,L7/204,L8/409
8,37,L8/409,L8/395
8,37,L8/395,L8/394
8,37,L8/394,L8/393
8,37,L8/393,L8/398
8,37,L8/398,L8/397
8,37,L8/397,L8/396
8,37,L8/396,L8/478
8,37,L8/478,L8/477
8,37,L8/477,L8/509
8,37,L8/509,L8/508
8,37,L8/508,L8/466
8,37,L8/466,L8/465
8,37,L8/465,L8/464
8,37,L8/464,L8/511
8,37,L8/511,L8/510
8,37,L8/510,L8/455
8,37,L8/455,L8/454
8,37,L8/454,L8/448
8,37,L8/448,L8/456
8,37,L8/456,L8/457
8,37,L8/457,L8/461
8,37,L8/461,L8/418
8,37,L8/418,L7/209
8,37,L7/209,L6/104
8,37,L6/104,L6/107
8,37,L6/107,L7/215
8,37,L7/215,L7/212
8,37,L7/212,L8/424
8,37,L8/424,L8/446
8,37,L8/446,L8/444
8,37,L8/444,L8/432
8,37,L8/432,L8/433
8,37,L8/433,L8/438
8,37,L8/438,L7/219
8,37,L7/219,L6/109
8,37,L6/109,L6/10
8,37,L6/10,L7/20
8,37,L7/20,L8/41
8,37,L8/41,L8/47
8,37,L8/47,L8/46
8,37,L8/46,L8/39
8,37,L8/39,L8/37
8,38,L8/369,L8/225
8,38,L8/225,L8/118
8,38,L8/118,L8/414
8,38,L8/414,L8/412
8,38,L8/412,L8/410
8,38,L8/410,L7/205
8,38,L7/205,L6/102
8,38,L6/102,L7/204
8,38,L7/204,L8/409
8,38,L8/409,L8/395
8,38,L8/395,L8/394
8,38,L8/394,L8/393
8,38,L8/393,L8/398
8,38,L8/398,L8/397
8,38,L8/397,L8/396
8,38,L8/396,L8/478
8,38,L8/478,L8/477
8,38,L8/477,L8/509
8,38,L8/509,L8/508
8,38,L8/508,L8/466
8,38,L8/466,L8/465
8,38,L8/465,L8/464
8,38,L8/464,L8/511
8,38,L8/511,L8/510
8,38,L8/510,L8/455
8,38,L8/455,L8/454
8,38,L8/454,L8/448
8,38,L8/448,L8/456
8,38,L8/456,L8/457
8,38,L8/457,L8/461
8,38,L8/461,L8/418
8,38,L8/418,L7/209
8,38,L7/209,L6/104
8,38,L6/104,L6/107
8,38,L6/107,L7/215
8,38,L7/215,L7/212
8,38,L7/212,L8/424
8,38,L8/424,L8/446
8,38,L8/446,L8/444
8,38,L8/444,L8/432
8,38,L8/432,L8/433
8,38,L8/433,L8/438
8,38,L8/438,L7/219
8,38,L7/219,L6/109
8,38,L6/109,L6/10
8,38,L6/10,L7/20
8,38,L7/20,L8/41
8,38,L8/41,L8/47
8,38,L8/47,L8/44
8,38,L8/44,L8/38
8,39,L8/369,L8/225
8,39,L8/225,L8/118
8,39,L8/118,L8/414
8,39,L8/414,L8/412
8,39,L8/412,L8/410
8,39,L8/410,L7/205
8,39,L7/205,L6/102
8,39,L6/102,L7/204
8,39,L7/204,L8/409
8,39,L8/409,L8/395
8,39,L8/395,L8/394
8,39,L8/394,L8/393
8,39,L8/393,L8/398
8,39,L8/398,L8/397
8,39,L8/397,L8/396
8,39,L8/396,L8/478
8,39,L8/478,L8/477
8,39,L8/477,L8/509
8,39,L8/509,L8/508
8,39,L8/508,L8/466
8,39,L8/466,L8/465
8,39,L8/465,L8/464
8,39,L8/464,L8/511
8,39,L8/511,L8/510
8,39,L8/510,L8/455
8,39,L8/455,L8/454
8,39,L8/454,L8/448
8,39,L8/448,L8/456
8,39,L8/456,L8/457
8,39,L8/457,L8/461
8,39,L8/461,L8/418
8,39,L8/418,L7/209
8,39,L7/209,L6/104
8,39,L6/104,L6/107
8,39,L6/107,L7/215
8,39,L7/215,L7/212
8,39,L7/212,L8/424
8,39,L8/424,L8/446
8,39,L8/446,L8/444
8,39,L8/444,L8/432
8,39,L8/432,L8/433
8,39,L8/433,L8/438
8,39,L8/438,L7/219
8,39,L7/219,L6/109
8,39,L6/109,L6/10
8,39,L6/10,L7/20
8,39,L7/20,L8/41
8,39,L8/41,L8/47
8,39,L8/47,L8/46
8,39,L8/46,L8/39
8,40,L8/369,L8/225
8,40,L8/225,L8/118
8,40,L8/118,L8/414
8,40,L8/414,L8/412
8,40,L8/412,L8/410
8,40,L8/410,L7/205
8,40,L7/205,L6/102
8,40,L6/102,L7/204
8,40,L7/204,L8/409
8,40,L8/409,L8/395
8,40,L8/395,L8/394
8,40,L8/394,L8/393
8,40,L8/393,L8/398
8,40,L8/398,L8/397
8,40,L8/397,L8/396
8,40,L8/396,L8/478
8,40,L8/478,L8/477
8,40,L8/477,L8/509
8,40,L8/509,L8/508
8,40,L8/508,L8/466
8,40,L8/466,L8/465
8,40,L8/465,L8/464
8,40,L8/464,L8/511
8,40,L8/511,L8/510
8,40,L8/510,L8/455
8,40,L8/455,L8/454
8,40,L8/454,L8/448
8,40,L8/448,L8/456
8,40,L8/456,L8/457
8,40,L8/457,L8/461
8,40,L8/461,L8/418
8,40,L8/418,L7/209
8,40,L7/209,L6/104
8,40,L6/104,L6/107
8,40,L6/107,L7/215
8,40,L7/215,L7/212
8,40,L7/212,L8/424
8,40,L8/424,L8/446
8,40,L8/446,L8/444
8,40,L8/444,L8/432
8,40,L8/432,L8/433
8,40,L8/433,L8/438
8,40,L8/438,L7/219
8,40,L7/219,L6/109
8,40,L6/109,L6/10
8,40,L6/10,L7/20
8,40,L7/20,L8/40
8,41,L8/369,L8/225
8,41,L8/225,L8/118
8,41,L8/118,L8/414
8,41,L8/414,L8/412
8,41,L8/412,L8/410
8,41,L8/410,L7/205
8,41,L7/205,L6/102
8,41,L6/102,L7/204
8,41,L7/204,L8/409
8,41,L8/409,L8/395
8,41,L8/395,L8/394
8,41,L8/394,L8/393
8,41,L8/393,L8/398
8,41,L8/398,L8/397
8,41,L8/397,L8/396
8,41,L8/396,L8/478
8,41,L8/478,L8/477
8,41,L8/477,L8/509
8,41,L8/509,L8/508
8,41,L8/508,L8/466
8,41,L8/466,L8/465
8,41,L8/465,L8/464
8,41,L8/464,L8/511
8,41,L8/511,L8/510
8,41,L8/510,L8/455
8,41,L8/455,L8/454
8,41,L8/454,L8/448
8,41,L8/448,L8/456
8,41,L8/456,L8/457
8,41,L8/457,L8/461
8,41,L8/461,L8/418
8,41,L8/418,L7/209
8,41,L7/209,L6/104
8,41,L6/104,L6/107
8,41,L6/107,L7/215
8,41,L7/215,L7/212
8,41,L7/212,L8/424
8,41,L8/424,L8/446
8,41,L8/446,L8/444
8,41,L8/444,L8/432
8,41,L8/432,L8/433
8,41,L8/433,L8/438
8,41,L8/438,L7/219
8,41,L7/219,L6/109
8,41,L6/109,L6/10
8,41,L6/10,L7/20
8,41,L7/20,L8/41
8,42,L8/369,L8/225
8,42,L8/225,L8/118
8,42,L8/118,L8/414
8,42,L8/414,L8/412
8,42,L8/412,L8/410
8,42,L8/410,L7/205
8,42,L7/205,L6/102
8,42,L6/102,L7/204
8,42,L7/204,L8/409
8,42,L8/409,L8/395
8,42,L8/395,L8/394
8,42,L8/394,L8/393
8,42,L8/393,L8/398
8,42,L8/398,L8/397
8,42,L8/397,L8/396
8,42,L8/396,L8/478
8,42,L8/478,L8/477
8,42,L8/477,L8/509
8,42,L8/509,L8/508
8,42,L8/508,L8/466
8,42,L8/466,L8/465
8,42,L8/465,L8/464
8,42,L8/464,L8/511
8,42,L8/511,L8/510
8,42,L8/510,L8/455
8,42,L8/455,L8/454
8,42,L8/454,L8/448
8,42,L8/448,L8/456
8,42,L8/456,L8/457
8,42,L8/457,L8/461
8,42,L8/461,L8/418
8,42,L8/418,L7/209
8,42,L7/209,L6/104
8,42,L6/104,L6/107
8,42,L6/107,L7/215
8,42,L7/215,L7/212
8,42,L7/212,L8/424
8,42,L8/424,L8/446
8,42,L8/446,L8/444
8,42,L8/444,L8/432
8,42,L8/432,L8/433
8,42,L8/433,L8/438
8,42,L8/438,L7/219
8,42,L7/219,L6/109
8,42,L6/109,L6/10
8,42,L6/10,L7/21
8,42,L7/21,L8/42
8,43,L8/369,L8/225
8,43,L8/225,L8/118
8,43,L8/118,L8/414
8,43,L8/414,L8/412
8,43,L8/412,L8/410
8,43,L8/410,L7/205
8,43,L7/205,L6/102
8,43,L6/102,L7/204
8,43,L7/204,L8/409
8,43,L8/409,L8/395
8,43,L8/395,L8/394
8,43,L8/394,L8/393
8,43,L8/393,L8/398
8,43,L8/398,L8/397
8,43,L8/397,L8/396
8,43,L8/396,L8/478
8,43,L8/478,L8/477
8,43,L8/477,L8/509
8,43,L8/509,L8/508
8,43,L8/508,L8/466
8,43,L8/466,L8/465
8,43,L8/465,L8/464
8,43,L8/464,L8/511
8,43,L8/511,L8/510
8,43,L8/510,L8/455
8,43,L8/455,L8/454
8,43,L8/454,L8/448
8,43,L8/448,L8/456
8,43,L8/456,L8/457
8,43,L8/457,L8/461
8,43,L8/461,L8/418
8,43,L8/418,L7/209
8,43,L7/209,L6/104
8,43,L6/104,L6/107
8,43,L6/107,L7/215
8,43,L7/215,L7/212
8,43,L7/212,L8/424
8,43,L8/424,L8/446
8,43,L8/446,L8/444
8,43,L8/444,L8/432
8,43,L8/432,L8/433
8,43,L8/433,L8/438
8,43,L8/438,L7/219
8,43,L7/219,L6/109
8,43,L6/109,L6/10
8,43,L6/10,L7/21
8,43,L7/21,L8/43
8,44,L8/369,L8/225
8,44,L8/225,L8/118
8,44,L8/118,L8/414
8,44,L8/414,L8/412
8,44,L8/412,L8/410
8,44,L8/410,L7/205
8,44,L7/205,L6/102
8,44,L6/102,L7/204
8,44,L7/204,L8/409
8,44,L8/409,L8/395
8,44,L8/395,L8/394
8,44,L8/394,L8/393
8,44,L8/393,L8/398
8,44,L8/398,L8/397
8,44,L8/397,L8/396
8,44,L8/396,L8/478
8,44,L8/478,L8/477
8,44,L8/477,L8/509
8,44,L8/509,L8/508
8,44,L8/508,L8/466
8,44,L8/466,L8/465
8,44,L8/465,L8/464
8,44,L8/464,L8/511
8,44,L8/511,L8/510
8,44,L8/510,L8/455
8,44,L8/455,L8/454
8,44,L8/454,L8/448
8,44,L8/448,L8/456
8,44,L8/456,L8/457
8,44,L8/457,L8/461
8,44,L8/461,L8/418
8,44,L8/418,L7/209
8,44,L7/209,L6/104
8,44,L6/104,L6/107
8,44,L6/107,L7/215
8,44,L7/215,L7/212
8,44,L7/212,L8/424
8,44,L8/424,L8/446
8,44,L8/446,L8/444
8,44,L8/444,L8/432
8,44,L8/432,L8/433
8,44,L8/433,L8/438
8,44,L8/438,L7/219
8,44,L7/219,L6/109
8,44,L6/109,L6/10
8,44,L6/10,L7/20
8,44,L7/20,L8/41
8,44,L8/41,L8/47
8,44,L8/47,L8/44
8,45,L8/369,L8/225
8,45,L8/225,L8/118
8,45,L8/118,L8/414
8,45,L8/414,L8/412
8,45,L8/412,L8/410
8,45,L8/410,L7/205
8,45,L7/205,L6/102
8,45,L6/102,L7/204
8,45,L7/204,L8/409
8,45,L8/409,L8/395
8,45,L8/395,L8/394
8,45,L8/394,L8/393
8,45,L8/393,L8/398
8,45,L8/398,L8/397
8,45,L8/397,L8/396
8,45,L8/396,L8/478
8,45,L8/478,L8/477
8,45,L8/477,L8/509
8,45,L8/509,L8/508
8,45,L8/508,L8/466
8,45,L8/466,L8/465
8,45,L8/465,L8/464
8,45,L8/464,L8/511
8,45,L8/511,L8/510
8,45,L8/510,L8/455
8,45,L8/455,L8/454
8,45,L8/454,L8/448
8,45,L8/448,L8/456
8,45,L8/456,L8/457
8,45,L8/457,L8/461
8,45,L8/461,L8/418
8,45,L8/418,L7/209
8,45,L7/209,L6/104
8,45,L6/104,L6/107
8,45,L6/107,L7/215
8,45,L7/215,L7/212
8,45,L7/212,L8/424
8,45,L8/424,L8/446
8,45,L8/446,L8/444
8,45,L8/444,L8/432
8,45,L8/432,L8/433
8,45,L8/433,L8/438
8,45,L8/438,L7/219
8,45,L7/219,L6/109
8,45,L6/109,L6/10
8,45,L6/10,L7/20
8,45,L7/20,L8/41
8,45,L8/41,L8/47
8,45,L8/47,L8/45
8,46,L8/369,L8/225
8,46,L8/225,L8/118
8,46,L8/118,L8/414
8,46,L8/414,L8/412
8,46,L8/412,L8/410
8,46,L8/410,L7/205
8,46,L7/205,L6/102
8,46,L6/102,L7/204
8,46,L7/204,L8/409
8,46,L8/409,L8/395
8,46,L8/395,L8/394
8,46,L8/394,L8/393
8,46,L8/393,L8/398
8,46,L8/398,L8/397
8,46,L8/397,L8/396
8,46,L8/396,L8/478
8,46,L8/478,L8/477
8,46,L8/477,L8/509
8,46,L8/509,L8/508
8,46,L8/508,L8/466
8,46,L8/466,L8/465
8,46,L8/465,L8/464
8,46,L8/464,L8/511
8,46,L8/511,L8/510
8,46,L8/510,L8/455
8,46,L8/455,L8/454
8,46,L8/454,L8/448
8,46,L8/448,L8/456
8,46,L8/456,L8/457
8,46,L8/457,L8/461
8,46,L8/461,L8/418
8,46,L8/418,L7/209
8,46,L7/209,L6/104
8,46,L6/104,L6/107
8,46,L6/107,L7/215
8,46,L7/215,L7/212
8,46,L7/212,L8/424
8,46,L8/424,L8/446
8,46,L8/446,L8/444
8,46,L8/444,L8/432
8,46,L8/432,L8/433
8,46,L8/433,L8/438
8,46,L8/438,L7/219
8,46,L7/219,L6/109
8,46,L6/109,L6/10
8,46,L6/10,L7/20
8,46,L7/20,L8/41
8,46,L8/41,L8/47
8,46,L8/47,L8/46
8,47,L8/369,L8/225
8,47,L8/225,L8/118
8,47,L8/118,L8/414
8,47,L8/414,L8/412
8,47,L8/412,L8/410
8,47,L8/410,L7/205
8,47,L7/205,L6/102
8,47,L6/102,L7/204
8,47,L7/204,L8/409
8,47,L8/409,L8/395
8,47,L8/395,L8/394
8,47,L8/394,L8/393
8,47,L8/393,L8/398
8,47,L8/398,L8/397
8,47,L8/397,L8/396
8,47,L8/396,L8/478
8,47,L8/478,L8/477
8,47,L8/477,L8/509
8,47,L8/509,L8/508
8,47,L8/508,L8/466
8,47,L8/466,L8/465
8,47,L8/465,L8/464
8,47,L8/464,L8/511
8,47,L8/511,L8/510
8,47,L8/510,L8/455
8,47,L8/455,L8/454
8,47,L8/454,L8/448
8,47,L8/448,L8/456
8,47,L8/456,L8/457
8,47,L8/457,L8/461
8,47,L8/461,L8/418
8,47,L8/418,L7/209
8,47,L7/209,L6/104
8,47,L6/104,L6/107
8,47,L6/107,L7/215
8,47,L7/215,L7/212
8,47,L7/212,L8/424
8,47,L8/424,L8/446
8,47,L8/446,L8/444
8,47,L8/444,L8/432
8,47,L8/432,L8/433
8,47,L8/433,L8/438
8,47,L8/438,L7/219
8,47,L7/219,L6/109
8,47,L6/109,L6/10
8,47,L6/10,L7/20
8,47,L7/20,L8/41
8,47,L8/41,L8/47
8,48,L8/369,L8/225
8,48,L8/225,L8/118
8,48,L8/118,L7/59
8,48,L7/59,L8/119
8,48,L8/119,L8/113
8,48,L8/113,L8/114
8,48,L8/114,L7/57
8,48,L7/57,L7/25
8,48,L7/25,L8/51
8,48,L8/51,L8/48
8,49,L8/369,L8/225
8,49,L8/225,L8/118
8,49,L8/118,L7/59
8,49,L7/59,L8/119
8,49,L8/119,L8/113
8,49,L8/113,L8/114
8,49,L8/114,L7/57
8,49,L7/57,L7/25
8,49,L7/25,L8/51
8,49,L8/51,L8/49
8,50,L8/369,L8/225
8,50,L8/225,L8/118
8,50,L8/118,L7/59
8,50,L7/59,L8/119
8,50,L8/119,L8/113
8,50,L8/113,L8/114
8,50,L8/114,L7/57
8,50,L7/57,L7/25
8,50,L7/25,L8/50
8,51,L8/369,L8/225
8,51,L8/225,L8/118
8,51,L8/118,L7/59
8,51,L7/59,L8/119
8,51,L8/119,L8/113
8,51,L8/113,L8/114
8,51,L8/114,L7/57
8,51,L7/57,L7/25
8,51,L7/25,L8/51
8,52,L8/369,L8/225
8,52,L8/225,L8/118
8,52,L8/118,L7/59
8,52,L7/59,L8/119
8,52,L8/119,L8/113
8,52,L8/113,L8/114
8,52,L8/114,L7/57
8,52,L7/57,L7/25
8,52,L7/25,L6/12
8,52,L6/12,L6/13
8,52,L6/13,L7/26
8,52,L7/26,L8/52
8,53,L8/369,L8/225
8,53,L8/225,L8/118
8,53,L8/118,L7/59
8,53,L7/59,L8/119
8,53,L8/119,L8/113
8,53,L8/113,L8/114
8,53,L8/114,L7/57
8,53,L7/57,L7/25
8,53,L7/25,L6/12
8,53,L6/12,L6/13
8,53,L6/13,L7/26
8,53,L7/26,L8/53
8,54,L8/369,L8/225
8,54,L8/225,L8/118
8,54,L8/118,L7/59
8,54,L7/59,L8/119
8,54,L8/119,L8/113
8,54,L8/113,L8/114
8,54,L8/114,L7/57
8,54,L7/57,L7/25
8,54,L7/25,L6/12
8,54,L6/12,L6/13
8,54,L6/13,L7/27
8,54,L7/27,L8/54
8,55,L8/369,L8/225
8,55,L8/225,L8/118
8,55,L8/118,L7/59
8,55,L7/59,L8/119
8,55,L8/119,L8/113
8,55,L8/113,L8/114
8,55,L8/114,L7/57
8,55,L7/57,L7/25
8,55,L7/25,L6/12
8,55,L6/12,L6/13
8,55,L6/13,L7/27
8,55,L7/27,L8/55
8,56,L8/369,L8/225
8,56,L8/225,L8/118
8,56,L8/118,L7/59
8,56,L7/59,L8/119
8,56,L8/119,L8/113
8,56,L8/113,L8/114
8,56,L8/114,L7/57
8,56,L7/57,L7/25
8,56,L7/25,L8/50
8,56,L8/50,L8/58
8,56,L8/58,L8/56
8,57,L8/369,L8/225
8,57,L8/225,L8/118
8,57,L8/118,L7/59
8,57,L7/59,L8/119
8,57,L8/119,L8/113
8,57,L8/113,L8/114
8,57,L8/114,L7/57
8,57,L7/57,L7/25
8,57,L7/25,L8/50
8,57,L8/50,L8/58
8,57,L8/58,L8/56
8,57,L8/56,L8/57
8,58,L8/369,L8/225
8,58,L8/225,L8/118
8,58,L8/118,L7/59
8,58,L7/59,L8/119
8,58,L8/119,L8/113
8,58,L8/113,L8/114
8,58,L8/114,L7/57
8,58,L7/57,L7/25
8,58,L7/25,L8/50
8,58,L8/50,L8/58
8,59,L8/369,L8/225
8,59,L8/225,L8/118
8,59,L8/118,L7/59
8,59,L7/59,L8/119
8,59,L8/119,L8/113
8,59,L8/113,L8/114
8,59,L8/114,L7/57
8,59,L7/57,L7/25
8,59,L7/25,L8/50
8,59,L8/50,L8/59
8,60,L8/369,L8/225
8,60,L8/225,L8/118
8,60,L8/118,L7/59
8,60,L7/59,L8/119
8,60,L8/119,L8/113
8,60,L8/113,L8/114
8,60,L8/114,L7/57
8,60,L7/57,L7/25
8,60,L7/25,L8/51
8,60,L8/51,L8/48
8,60,L8/48,L8/60
8,61,L8/369,L8/225
8,61,L8/225,L8/118
8,61,L8/118,L7/59
8,61,L7/59,L8/119
8,61,L8/119,L8/113
8,61,L8/113,L8/114
8,61,L8/114,L7/57
8,61,L7/57,L7/25
8,61,L7/25,L8/51
8,61,L8/51,L8/48
8,61,L8/48,L8/61
8,62,L8/369,L8/225
8,62,L8/225,L8/118
8,62,L8/118,L7/59
8,62,L7/59,L8/119
8,62,L8/119,L8/113
8,62,L8/113,L8/114
8,62,L8/114,L7/57
8,62,L7/57,L7/25
8,62,L7/25,L8/51
8,62,L8/51,L8/48
8,62,L8/48,L8/61
8,62,L8/61,L8/62
8,63,L8/369,L8/225
8,63,L8/225,L8/118
8,63,L8/118,L7/59
8,63,L7/59,L8/119
8,63,L8/119,L8/113
8,63,L8/113,L8/114
8,63,L8/114,L7/57
8,63,L7/57,L7/25
8,63,L7/25,L8/51
8,63,L8/51,L8/48
8,63,L8/48,L8/61
8,63,L8/61,L8/63
8,64,L8/369,L8/225
8,64,L8/225,L7/112
8,64,L7/112,L8/224
8,64,L8/224,L8/230
8,64,L8/230,L8/231
8,64,L8/231,L8/233
8,64,L8/233,L7/116
8,64,L7/116,L6/58
8,64,L6/58,L7/117
8,64,L7/117,L8/235
8,64,L8/235,L8/103
8,64,L8/103,L8/100
8,64,L8/100,L8/214
8,64,L8/214,L8/91
8,64,L8/91,L8/92
8,64,L8/92,L8/93
8,64,L8/93,L8/95
8,64,L8/95,L8/87
8,64,L8/87,L8/84
8,64,L8/84,L8/81
8,64,L8/81,L8/82
8,64,L8/82,L8/83
8,64,L8/83,L8/65
8,64,L8/65,L8/64
8,65,L8/369,L8/225
8,65,L8/225,L7/112
8,65,L7/112,L8/224
8,65,L8/224,L8/230
8,65,L8/230,L8/231
8,65,L8/231,L8/233
8,65,L8/233,L7/116
8,65,L7/116,L6/58
8,65,L6/58,L7/117
8,65,L7/117,L8/235
8,65,L8/235,L8/103
8,65,L8/103,L8/100
8,65,L8/100,L8/214
8,65,L8/214,L8/91
8,65,L8/91,L8/92
8,65,L8/92,L8/93
8,65,L8/93,L8/95
8,65,L8/95,L8/87
8,65,L8/87,L8/84
8,65,L8/84,L8/81
8,65,L8/81,L8/82
8,65,L8/82,L8/83
8,65,L8/83,L8/65
8,66,L8/369,L8/225
8,66,L8/225,L7/112
8,66,L7/112,L8/224
8,66,L8/224,L8/230
8,66,L8/230,L8/231
8,66,L8/231,L8/233
8,66,L8/233,L7/116
8,66,L7/116,L6/58
8,66,L6/58,L7/117
8,66,L7/117,L8/235
8,66,L8/235,L8/103
8,66,L8/103,L8/100
8,66,L8/100,L8/214
8,66,L8/214,L8/91
8,66,L8/91,L8/92
8,66,L8/92,L8/93
8,66,L8/93,L8/95
8,66,L8/95,L8/87
8,66,L8/87,L8/84
8,66,L8/84,L8/81
8,66,L8/81,L8/82
8,66,L8/82,L8/83
8,66,L8/83,L8/66
8,67,L8/369,L8/225
8,67,L8/225,L7/112
8,67,L7/112,L8/224
8,67,L8/224,L8/230
8,67,L8/230,L8/231
8,67,L8/231,L8/233
8,67,L8/233,L7/116
8,67,L7/116,L6/58
8,67,L6/58,L7/117
8,67,L7/117,L8/235
8,67,L8/235,L8/103
8,67,L8/103,L8/100
8,67,L8/100,L8/214
8,67,L8/214,L8/91
8,67,L8/91,L8/92
8,67,L8/92,L8/93
8,67,L8/93,L8/95
8,67,L8/95,L8/87
8,67,L8/87,L8/84
8,67,L8/84,L8/81
8,67,L8/81,L8/82
8,67,L8/82,L8/83
8,67,L8/83,L8/66
8,67,L8/66,L8/67
8,68,L8/369,L8/225
8,68,L8/225,L7/112
8,68,L7/112,L8/224
8,68,L8/224,L8/230
8,68,L8/230,L8/231
8,68,L8/231,L8/233
8,68,L8/233,L7/116
8,68,L7/116,L6/58
8,68,L6/58,L7/117
8,68,L7/117,L8/235
8,68,L8/235,L8/103
8,68,L8/103,L8/100
8,68,L8/100,L8/214
8,68,L8/214,L8/91
8,68,L8/91,L8/92
8,68,L8/92,L8/93
8,68,L8/93,L8/95
8,68,L8/95,L8/87
8,68,L8/87,L8/86
8,68,L8/86,L8/77
8,68,L8/77,L8/79
8,68,L8/79,L8/78
8,68,L8/78,L8/68
8,69,L8/369,L8/225
8,69,L8/225,L7/112
8,69,L7/112,L8/224
8,69,L8/224,L8/230
8,69,L8/230,L8/231
8,69,L8/231,L8/233
8,69,L8/233,L7/116
8,69,L7/116,L6/58
8,69,L6/58,L7/117
8,69,L7/117,L8/235
8,69,L8/235,L8/103
8,69,L8/103,L8/100
8,69,L8/100,L8/214
8,69,L8/214,L8/91
8,69,L8/91,L8/92
8,69,L8/92,L8/93
8,69,L8/93,L8/95
8,69,L8/95,L8/87
8,69,L8/87,L8/86
8,69,L8/86,L8/77
8,69,L8/77,L8/79
8,69,L8/79,L8/78
8,69,L8/78,L8/68
8,69,L8/68,L8/69
8,70,L8/369,L8/225
8,70,L8/225,L7/112
8,70,L7/112,L8/224
8,70,L8/224,L8/230
8,70,L8/230,L8/231
8,70,L8/231,L8/233
8,70,L8/233,L7/116
8,70,L7/116,L6/58
8,70,L6/58,L7/117
8,70,L7/117,L8/235
8,70,L8/235,L8/103
8,70,L8/103,L8/100
8,70,L8/100,L8/214
8,70,L8/214,L8/91
8,70,L8/91,L8/92
8,70,L8/92,L8/93
8,70,L8/93,L8/95
8,70,L8/95,L8/87
8,70,L8/87,L8/86
8,70,L8/86,L8/77
8,70,L8/77,L8/79
8,70,L8/79,L8/78
8,70,L8/78,L8/68
8,70,L8/68,L8/70
8,71,L8/369,L8/225
8,71,L8/225,L7/112
8,71,L7/112,L8/224
8,71,L8/224,L8/230
8,71,L8/230,L8/231
8,71,L8/231,L8/233
8,71,L8/233,L7/116
8,71,L7/116,L6/58
8,71,L6/58,L7/117
8,71,L7/117,L8/235
8,71,L8/235,L8/103
8,71,L8/103,L8/100
8,71,L8/100,L8/214
8,71,L8/214,L8/91
8,71,L8/91,L8/92
8,71,L8/92,L8/93
8,71,L8/93,L8/95
8,71,L8/95,L8/87
8,71,L8/87,L8/86
8,71,L8/86,L8/77
8,71,L8/77,L8/79
8,71,L8/79,L8/78
8,71,L8/78,L8/68
8,71,L8/68,L8/69
8,71,L8/69,L8/71
8,72,L8/369,L8/225
8,72,L8/225,L7/112
8,72,L7/112,L8/224
8,72,L8/224,L8/230
8,72,L8/230,L8/231
8,72,L8/231,L8/233
8,72,L8/233,L7/116
8,72,L7/116,L6/58
8,72,L6/58,L7/117
8,72,L7/117,L8/235
8,72,L8/235,L8/103
8,72,L8/103,L8/100
8,72,L8/100,L8/214
8,72,L8/214,L8/91
8,72,L8/91,L8/92
8,72,L8/92,L8/93
8,72,L8/93,L8/95
8,72,L8/95,L8/87
8,72,L8/87,L8/86
8,72,L8/86,L8/77
8,72,L8/77,L8/74
8,72,L8/74,L8/72
8,73,L8/369,L8/225
8,73,L8/225,L7/112
8,73,L7/112,L8/224
8,73,L8/224,L8/230
8,73,L8/230,L8/231
8,73,L8/231,L8/233
8,73,L8/233,L7/116
8,73,L7/116,L6/58
8,73,L6/58,L7/117
8,73,L7/117,L8/235
8,73,L8/235,L8/103
8,73,L8/103,L8/100
8,73,L8/100,L8/214
8,73,L8/214,L8/91
8,73,L8/91,L8/92
8,73,L8/92,L8/93
8,73,L8/93,L8/95
8,73,L8/95,L8/87
8,73,L8/87,L8/86
8,73,L8/86,L8/77
8,73,L8/77,L8/79
8,73,L8/79,L8/73
8,74,L8/369,L8/225
8,74,L8/225,L7/112
8,74,L7/112,L8/224
8,74,L8/224,L8/230
8,74,L8/230,L8/231
8,74,L8/231,L8/233
8,74,L8/233,L7/116
8,74,L7/116,L6/58
8,74,L6/58,L7/117
8,74,L7/117,L8/235
8,74,L8/235,L8/103
8,74,L8/103,L8/100
8,74,L8/100,L8/214
8,74,L8/214,L8/91
8,74,L8/91,L8/92
8,74,L8/92,L8/93
8,74,L8/93,L8/95
8,74,L8/95,L8/87
8,74,L8/87,L8/86
8,74,L8/86,L8/77
8,74,L8/77,L8/74
8,75,L8/369,L8/225
8,75,L8/225,L7/112
8,75,L7/112,L8/224
8,75,L8/224,L8/230
8,75,L8/230,L8/231
8,75,L8/231,L8/233
8,75,L8/233,L7/116
8,75,L7/116,L6/58
8,75,L6/58,L7/117
8,75,L7/117,L8/235
8,75,L8/235,L8/103
8,75,L8/103,L8/100
8,75,L8/100,L8/214
8,75,L8/214,L8/91
8,75,L8/91,L8/92
8,75,L8/92,L8/93
8,75,L8/93,L8/95
8,75,L8/95,L8/87
8,75,L8/87,L8/86
8,75,L8/86,L8/77
8,75,L8/77,L8/75
8,76,L8/369,L8/225
8,76,L8/225,L7/112
8,76,L7/112,L8/224
8,76,L8/224,L8/230
8,76,L8/230,L8/231
8,76,L8/231,L8/233
8,76,L8/233,L7/116
8,76,L7/116,L6/58
8,76,L6/58,L7/117
8,76,L7/117,L8/235
8,76,L8/235,L8/103
8,76,L8/103,L8/100
8,76,L8/100,L8/214
8,76,L8/214,L8/91
8,76,L8/91,L8/92
8,76,L8/92,L8/93
8,76,L8/93,L8/95
8,76,L8/95,L8/87
8,76,L8/87,L8/86
8,76,L8/86,L8/77
8,76,L8/77,L8/76
8,77,L8/369,L8/225
8,77,L8/225,L7/112
8,77,L7/112,L8/224
8,77,L8/224,L8/230
8,77,L8/230,L8/231
8,77,L8/231,L8/233
8,77,L8/233,L7/116
8,77,L7/116,L6/58
8,77,L6/58,L7/117
8,77,L7/117,L8/235
8,77,L8/235,L8/103
8,77,L8/103,L8/100
8,77,L8/100,L8/214
8,77,L8/214,L8/91
8,77,L8/91,L8/92
8,77,L8/92,L8/93
8,77,L8/93,L8/95
8,77,L8/95,L8/87
8,77,L8/87,L8/86
8,77,L8/86,L8/77
8,78,L8/369,L8/225
8,78,L8/225,L7/112
8,78,L7/112,L8/224
8,78,L8/224,L8/230
8,78,L8/230,L8/231
8,78,L8/231,L8/233
8,78,L8/233,L7/116
8,78,L7/116,L6/58
8,78,L6/58,L7/117
8,78,L7/117,L8/235
8,78,L8/235,L8/103
8,78,L8/103,L8/100
8,78,L8/100,L8/214
8,78,L8/214,L8/91
8,78,L8/91,L8/92
8,78,L8/92,L8/93
8,78,L8/93,L8/95
8,78,L8/95,L8/87
8,78,L8/87,L8/86
8,78,L8/86,L8/77
8,78,L8/77,L8/79
8,78,L8/79,L8/78
8,79,L8/369,L8/225
8,79,L8/225,L7/112
8,79,L7/112,L8/224
8,79,L8/224,L8/230
8,79,L8/230,L8/231
8,79,L8/231,L8/233
8,79,L8/233,L7/116
8,79,L7/116,L6/58
8,79,L6/58,L7/117
8,79,L7/117,L8/235
8,79,L8/235,L8/103
8,79,L8/103,L8/100
8,79,L8/100,L8/214
8,79,L8/214,L8/91
8,79,L8/91,L8/92
8,79,L8/92,L8/93
8,79,L8/93,L8/95
8,79,L8/95,L8/87
8,79,L8/87,L8/86
8,79,L8/86,L8/77
8,79,L8/77,L8/79
8,80,L8/369,L8/225
8,80,L8/225,L7/112
8,80,L7/112,L8/224
8,80,L8/224,L8/230
8,80,L8/230,L8/231
8,80,L8/231,L8/233
8,80,L8/233,L7/116
8,80,L7/116,L6/58
8,80,L6/58,L7/117
8,80,L7/117,L8/235
8,80,L8/235,L8/103
8,80,L8/103,L8/100
8,80,L8/100,L8/214
8,80,L8/214,L8/91
8,80,L8/91,L8/92
8,80,L8/92,L8/93
8,80,L8/93,L8/95
8,80,L8/95,L8/87
8,80,L8/87,L8/84
8,80,L8/84,L8/80
8,81,L8/369,L8/225
8,81,L8/225,L7/112
8,81,L7/112,L8/224
8,81,L8/224,L8/230
8,81,L8/230,L8/231
8,81,L8/231,L8/233
8,81,L8/233,L7/116
8,81,L7/116,L6/58
8,81,L6/58,L7/117
8,81,L7/117,L8/235
8,81,L8/235,L8/103
8,81,L8/103,L8/100
8,81,L8/100,L8/214
8,81,L8/214,L8/91
8,81,L8/91,L8/92
8,81,L8/92,L8/93
8,81,L8/93,L8/95
8,81,L8/95,L8/87
8,81,L8/87,L8/84
8,81,L8/84,L8/81
8,82,L8/369,L8/225
8,82,L8/225,L7/112
8,82,L7/112,L8/224
8,82,L8/224,L8/230
8,82,L8/230,L8/231
8,82,L8/231,L8/233
8,82,L8/233,L7/116
8,82,L7/116,L6/58
8,82,L6/58,L7/117
8,82,L7/117,L8/235
8,82,L8/235,L8/103
8,82,L8/103,L8/100
8,82,L8/100,L8/214
8,82,L8/214,L8/91
8,82,L8/91,L8/92
8,82,L8/92,L8/93
8,82,L8/93,L8/95
8,82,L8/95,L8/87
8,82,L8/87,L8/84
8,82,L8/84,L8/81
8,82,L8/81,L8/82
8,83,L8/369,L8/225
8,83,L8/225,L7/112
8,83,L7/112,L8/224
8,83,L8/224,L8/230
8,83,L8/230,L8/231
8,83,L8/231,L8/233
8,83,L8/233,L7/116
8,83,L7/116,L6/58
8,83,L6/58,L7/117
8,83,L7/117,L8/235
8,83,L8/235,L8/103
8,83,L8/103,L8/100
8,83,L8/100,L8/214
8,83,L8/214,L8/91
8,83,L8/91,L8/92
8,83,L8/92,L8/93
8,83,L8/93,L8/95
8,83,L8/95,L8/87
8,83,L8/87,L8/84
8,83,L8/84,L8/81
8,83,L8/81,L8/82
8,83,L8/82,L8/83
8,84,L8/369,L8/225
8,84,L8/225,L7/112
8,84,L7/112,L8/224
8,84,L8/224,L8/230
8,84,L8/230,L8/231
8,84,L8/231,L8/233
8,84,L8/233,L7/116
8,84,L7/116,L6/58
8,84,L6/58,L7/117
8,84,L7/117,L8/235
8,84,L8/235,L8/103
8,84,L8/103,L8/100
8,84,L8/100,L8/214
8,84,L8/214,L8/91
8,84,L8/91,L8/92
8,84,L8/92,L8/93
8,84,L8/93,L8/95
8,84,L8/95,L8/87
8,84,L8/87,L8/84
8,85,L8/369,L8/225
8,85,L8/225,L7/112
8,85,L7/112,L8/224
8,85,L8/224,L8/230
8,85,L8/230,L8/231
8,85,L8/231,L8/233
8,85,L8/233,L7/116
8,85,L7/116,L6/58
8,85,L6/58,L7/117
8,85,L7/117,L8/235
8,85,L8/235,L8/103
8,85,L8/103,L8/100
8,85,L8/100,L8/214
8,85,L8/214,L8/91
8,85,L8/91,L8/92
8,85,L8/92,L8/93
8,85,L8/93,L8/95
8,85,L8/95,L8/87
8,85,L8/87,L8/86
8,85,L8/86,L8/85
8,86,L8/369,L8/225
8,86,L8/225,L7/112
8,86,L7/112,L8/224
8,86,L8/224,L8/230
8,86,L8/230,L8/231
8,86,L8/231,L8/233
8,86,L8/233,L7/116
8,86,L7/116,L6/58
8,86,L6/58,L7/117
8,86,L7/117,L8/235
8,86,L8/235,L8/103
8,86,L8/103,L8/100
8,86,L8/100,L8/214
8,86,L8/214,L8/91
8,86,L8/91,L8/92
8,86,L8/92,L8/93
8,86,L8/93,L8/95
8,86,L8/95,L8/87
8,86,L8/87,L8/86
8,87,L8/369,L8/225
8,87,L8/225,L7/112
8,87,L7/112,L8/224
8,87,L8/224,L8/230
8,87,L8/230,L8/231
8,87,L8/231,L8/233
8,87,L8/233,L7/116
8,87,L7/116,L6/58
8,87,L6/58,L7/117
8,87,L7/117,L8/235
8,87,L8/235,L8/103
8,87,L8/103,L8/100
8,87,L8/100,L8/214
8,87,L8/214,L8/91
8,87,L8/91,L8/92
8,87,L8/92,L8/93
8,87,L8/93,L8/95
8,87,L8/95,L8/87
8,88,L8/369,L8/225
8,88,L8/225,L7/112
8,88,L7/112,L8/224
8,88,L8/224,L8/230
8,88,L8/230,L8/231
8,88,L8/231,L8/233
8,88,L8/233,L7/116
8,88,L7/116,L6/58
8,88,L6/58,L7/117
8,88,L7/117,L8/235
8,88,L8/235,L8/103
8,88,L8/103,L8/100
8,88,L8/100,L8/214
8,88,L8/214,L8/91
8,88,L8/91,L8/90
8,88,L8/90,L8/88
8,89,L8/369,L8/225
8,89,L8/225,L7/112
8,89,L7/112,L8/224
8,89,L8/224,L8/230
8,89,L8/230,L8/231
8,89,L8/231,L8/233
8,89,L8/233,L7/116
8,89,L7/116,L6/58
8,89,L6/58,L7/117
8,89,L7/117,L8/235
8,89,L8/235,L8/103
8,89,L8/103,L8/100
8,89,L8/100,L8/214
8,89,L8/214,L8/91
8,89,L8/91,L8/90
8,89,L8/90,L8/89
8,90,L8/369,L8/225
8,90,L8/225,L7/112
8,90,L7/112,L8/224
8,90,L8/224,L8/230
8,90,L8/230,L8/231
8,90,L8/231,L8/233
8,90,L8/233,L7/116
8,90,L7/116,L6/58
8,90,L6/58,L7/117
8,90,L7/117,L8/235
8,90,L8/235,L8/103
8,90,L8/103,L8/100
8,90,L8/100,L8/214
8,90,L8/214,L8/91
8,90,L8/91,L8/90
8,91,L8/369,L8/225
8,91,L8/225,L7/112
8,91,L7/112,L8/224
8,91,L8/224,L8/230
8,91,L8/230,L8/231
8,91,L8/231,L8/233
8,91,L8/233,L7/116
8,91,L7/116,L6/58
8,91,L6/58,L7/117
8,91,L7/117,L8/235
8,91,L8/235,L8/103
8,91,L8/103,L8/100
8,91,L8/100,L8/214
8,91,L8/214,L8/91
8,92,L8/369,L8/225
8,92,L8/225,L7/112
8,92,L7/112,L8/224
8,92,L8/224,L8/230
8,92,L8/230,L8/231
8,92,L8/231,L8/233
8,92,L8/233,L7/116
8,92,L7/116,L6/58
8,92,L6/58,L7/117
8,92,L7/117,L8/235
8,92,L8/235,L8/103
8,92,L8/103,L8/100
8,92,L8/100,L8/214
8,92,L8/214,L8/91
8,92,L8/91,L8/92
8,93,L8/369,L8/225
8,93,L8/225,L7/112
8,93,L7/112,L8/224
8,93,L8/224,L8/230
8,93,L8/230,L8/231
8,93,L8/231,L8/233
8,93,L8/233,L7/116
8,93,L7/116,L6/58
8,93,L6/58,L7/117
8,93,L7/117,L8/235
8,93,L8/235,L8/103
8,93,L8/103,L8/100
8,93,L8/100,L8/214
8,93,L8/214,L8/91
8,93,L8/91,L8/92
8,93,L8/92,L8/93
8,94,L8/369,L8/225
8,94,L8/225,L7/112
8,94,L7/112,L8/224
8,94,L8/224,L8/230
8,94,L8/230,L8/231
8,94,L8/231,L8/233
8,94,L8/233,L7/116
8,94,L7/116,L6/58
8,94,L6/58,L7/117
8,94,L7/117,L8/235
8,94,L8/235,L8/103
8,94,L8/103,L8/100
8,94,L8/100,L8/214
8,94,L8/214,L8/91
8,94,L8/91,L8/92
8,94,L8/92,L8/93
8,94,L8/93,L8/94
8,95,L8/369,L8/225
8,95,L8/225,L7/112
8,95,L7/112,L8/224
8,95,L8/224,L8/230
8,95,L8/230,L8/231
8,95,L8/231,L8/233
8,95,L8/233,L7/116
8,95,L7/116,L6/58
8,95,L6/58,L7/117
8,95,L7/117,L8/235
8,95,L8/235,L8/103
8,95,L8/103,L8/100
8,95,L8/100,L8/214
8,95,L8/214,L8/91
8,95,L8/91,L8/92
8,95,L8/92,L8/93
8,95,L8/93,L8/95
8,96,L8/369,L8/225
8,96,L8/225,L7/112
8,96,L7/112,L8/224
8,96,L8/224,L8/230
8,96,L8/230,L8/231
8,96,L8/231,L8/233
8,96,L8/233,L7/116
8,96,L7/116,L6/58
8,96,L6/58,L7/117
8,96,L7/117,L8/235
8,96,L8/235,L8/103
8,96,L8/103,L8/102
8,96,L8/102,L8/96
8,97,L8/369,L8/225
8,97,L8/225,L7/112
8,97,L7/112,L8/224
8,97,L8/224,L8/230
8,97,L8/230,L8/231
8,97,L8/231,L8/233
8,97,L8/233,L7/116
8,97,L7/116,L6/58
8,97,L6/58,L7/117
8,97,L7/117,L8/235
8,97,L8/235,L8/103
8,97,L8/103,L8/102
8,97,L8/102,L8/97
8,98,L8/369,L8/225
8,98,L8/225,L7/112
8,98,L7/112,L8/224
8,98,L8/224,L8/230
8,98,L8/230,L8/231
8,98,L8/231,L8/233
8,98,L8/233,L7/116
8,98,L7/116,L6/58
8,98,L6/58,L7/117
8,98,L7/117,L8/235
8,98,L8/235,L8/103
8,98,L8/103,L8/101
8,98,L8/101,L8/99
8,98,L8/99,L8/98
8,99,L8/369,L8/225
8,99,L8/225,L7/112
8,99,L7/112,L8/224
8,99,L8/224,L8/230
8,99,L8/230,L8/231
8,99,L8/231,L8/233
8,99,L8/233,L7/116
8,99,L7/116,L6/58
8,99,L6/58,L7/117
8,99,L7/117,L8/235
8,99,L8/235,L8/103
8,99,L8/103,L8/101
8,99,L8/101,L8/99
8,100,L8/369,L8/225
8,100,L8/225,L7/112
8,100,L7/112,L8/224
8,100,L8/224,L8/230
8,100,L8/230,L8/231
8,100,L8/231,L8/233
8,100,L8/233,L7/116
8,100,L7/116,L6/58
8,100,L6/58,L7/117
8,100,L7/117,L8/235
8,100,L8/235,L8/103
8,100,L8/103,L8/100
8,101,L8/369,L8/225
8,101,L8/225,L7/112
8,101,L7/112,L8/224
8,101,L8/224,L8/230
8,101,L8/230,L8/231
8,101,L8/231,L8/233
8,101,L8/233,L7/116
8,101,L7/116,L6/58
8,101,L6/58,L7/117
8,101,L7/117,L8/235
8,101,L8/235,L8/103
8,101,L8/103,L8/101
8,102,L8/369,L8/225
8,102,L8/225,L7/112
8,102,L7/112,L8/224
8,102,L8/224,L8/230
8,102,L8/230,L8/231
8,102,L8/231,L8/233
8,102,L8/233,L7/116
8,102,L7/116,L6/58
8,102,L6/58,L7/117
8,102,L7/117,L8/235
8,102,L8/235,L8/103
8,102,L8/103,L8/102
8,103,L8/369,L8/225
8,103,L8/225,L7/112
8,103,L7/112,L8/224
8,103,L8/224,L8/230
8,103,L8/230,L8/231
8,103,L8/231,L8/233
8,103,L8/233,L7/116
8,103,L7/116,L6/58
8,103,L6/58,L7/117
8,103,L7/117,L8/235
8,103,L8/235,L8/103
8,104,L8/369,L8/225
8,104,L8/225,L8/118
8,104,L8/118,L7/59
8,104,L7/59,L8/119
8,104,L8/119,L8/113
8,104,L8/113,L8/114
8,104,L8/114,L7/57
8,104,L7/57,L7/25
8,104,L7/25,L6/12
8,104,L6/12,L6/13
8,104,L6/13,L7/26
8,104,L7/26,L8/53
8,104,L8/53,L8/109
8,104,L8/109,L8/108
8,104,L8/108,L8/105
8,104,L8/105,L8/104
8,105,L8/369,L8/225
8,105,L8/225,L8/118
8,105,L8/118,L7/59
8,105,L7/59,L8/119
8,105,L8/119,L8/113
8,105,L8/113,L8/114
8,105,L8/114,L7/57
8,105,L7/57,L7/25
8,105,L7/25,L6/12
8,105,L6/12,L6/13
8,105,L6/13,L7/26
8,105,L7/26,L8/53
8,105,L8/53,L8/109
8,105,L8/109,L8/108
8,105,L8/108,L8/105
8,106,L8/369,L8/225
8,106,L8/225,L8/118
8,106,L8/118,L7/59
8,106,L7/59,L8/119
8,106,L8/119,L8/113
8,106,L8/113,L8/114
8,106,L8/114,L7/57
8,106,L7/57,L7/25
8,106,L7/25,L6/12
8,106,L6/12,L6/13
8,106,L6/13,L7/26
8,106,L7/26,L8/53
8,106,L8/53,L8/109
8,106,L8/109,L8/110
8,106,L8/110,L8/106
8,107,L8/369,L8/225
8,107,L8/225,L8/118
8,107,L8/118,L7/59
8,107,L7/59,L8/119
8,107,L8/119,L8/113
8,107,L8/113,L8/114
8,107,L8/114,L7/57
8,107,L7/57,L7/25
8,107,L7/25,L6/12
8,107,L6/12,L6/13
8,107,L6/13,L7/26
8,107,L7/26,L8/53
8,107,L8/53,L8/109
8,107,L8/109,L8/108
8,107,L8/108,L8/105
8,107,L8/105,L8/107
8,108,L8/369,L8/225
8,108,L8/225,L8/118
8,108,L8/118,L7/59
8,108,L7/59,L8/119
8,108,L8/119,L8/113
8,108,L8/113,L8/114
8,108,L8/114,L7/57
8,108,L7/57,L7/25
8,108,L7/25,L6/12
8,108,L6/12,L6/13
8,108,L6/13,L7/26
8,108,L7/26,L8/53
8,108,L8/53,L8/109
8,108,L8/109,L8/108
8,109,L8/369,L8/225
8,109,L8/225,L8/118
8,109,L8/118,L7/59
8,109,L7/59,L8/119
8,109,L8/119,L8/113
8,109,L8/113,L8/114
8,109,L8/114,L7/57
8,109,L7/57,L7/25
8,109,L7/25,L6/12
8,109,L6/12,L6/13
8,109,L6/13,L7/26
8,109,L7/26,L8/53
8,109,L8/53,L8/109
8,110,L8/369,L8/225
8,110,L8/225,L8/118
8,110,L8/118,L7/59
8,110,L7/59,L8/119
8,110,L8/119,L8/113
8,110,L8/113,L8/114
8,110,L8/114,L7/57
8,110,L7/57,L7/25
8,110,L7/25,L6/12
8,110,L6/12,L6/13
8,110,L6/13,L7/26
8,110,L7/26,L8/53
8,110,L8/53,L8/109
8,110,L8/109,L8/110
8,111,L8/369,L8/225
8,111,L8/225,L8/118
8,111,L8/118,L7/59
8,111,L7/59,L8/119
8,111,L8/119,L8/113
8,111,L8/113,L8/114
8,111,L8/114,L7/57
8,111,L7/57,L7/25
8,111,L7/25,L6/12
8,111,L6/12,L6/13
8,111,L6/13,L7/27
8,111,L7/27,L8/54
8,111,L8/54,L8/0
8,111,L8/0,L8/111
8,112,L8/369,L8/225
8,112,L8/225,L8/118
8,112,L8/118,L7/59
8,112,L7/59,L8/119
8,112,L8/119,L8/113
8,112,L8/113,L8/112
8,113,L8/369,L8/225
8,113,L8/225,L8/118
8,113,L8/118,L7/59
8,113,L7/59,L8/119
8,113,L8/119,L8/113
8,114,L8/369,L8/225
8,114,L8/225,L8/118
8,114,L8/118,L7/59
8,114,L7/59,L8/119
8,114,L8/119,L8/113
8,114,L8/113,L8/114
8,115,L8/369,L8/225
8,115,L8/225,L8/118
8,115,L8/118,L7/59
8,115,L7/59,L8/119
8,115,L8/119,L8/113
8,115,L8/113,L8/115
8,116,L8/369,L8/225
8,116,L8/225,L8/118
8,116,L8/118,L7/59
8,116,L7/59,L8/119
8,116,L8/119,L8/116
8,117,L8/369,L8/225
8,117,L8/225,L8/118
8,117,L8/118,L7/59
8,117,L7/59,L8/119
8,117,L8/119,L8/117
8,118,L8/369,L8/225
8,118,L8/225,L8/118
8,119,L8/369,L8/225
8,119,L8/225,L8/118
8,119,L8/118,L7/59
8,119,L7/59,L8/119
8,120,L8/369,L8/225
8,120,L8/225,L7/112
8,120,L7/112,L8/224
8,120,L8/224,L8/127
8,120,L8/127,L8/126
8,120,L8/126,L8/125
8,120,L8/125,L8/120
8,121,L8/369,L8/225
8,121,L8/225,L7/112
8,121,L7/112,L8/224
8,121,L8/224,L8/230
8,121,L8/230,L8/124
8,121,L8/124,L8/121
8,122,L8/369,L8/225
8,122,L8/225,L7/112
8,122,L7/112,L8/224
8,122,L8/224,L8/230
8,122,L8/230,L8/124
8,122,L8/124,L8/121
8,122,L8/121,L8/122
8,123,L8/369,L8/225
8,123,L8/225,L7/112
8,123,L7/112,L8/224
8,123,L8/224,L8/230
8,123,L8/230,L8/124
8,123,L8/124,L8/121
8,123,L8/121,L8/123
8,124,L8/369,L8/225
8,124,L8/225,L7/112
8,124,L7/112,L8/224
8,124,L8/224,L8/230
8,124,L8/230,L8/124
8,125,L8/369,L8/225
8,125,L8/225,L7/112
8,125,L7/112,L8/224
8,125,L8/224,L8/127
8,125,L8/127,L8/126
8,125,L8/126,L8/125
8,126,L8/369,L8/225
8,126,L8/225,L7/112
8,126,L7/112,L8/224
8,126,L8/224,L8/127
8,126,L8/127,L8/126
8,127,L8/369,L8/225
8,127,L8/225,L7/112
8,127,L7/112,L8/224
8,127,L8/224,L8/127
8,128,L8/369,L8/225
8,128,L8/225,L7/112
8,128,L7/112,L8/224
8,128,L8/224,L8/230
8,128,L8/230,L8/231
8,128,L8/231,L8/233
8,128,L8/233,L7/116
8,128,L7/116,L6/58
8,128,L6/58,L7/117
8,128,L7/117,L8/234
8,128,L8/234,L8/210
8,128,L8/210,L7/105
8,128,L7/105,L6/52
8,128,L6/52,L6/55
8,128,L6/55,L7/111
8,128,L7/111,L8/222
8,128,L8/222,L8/219
8,128,L8/219,L8/200
8,128,L8/200,L8/202
8,128,L8/202,L8/204
8,128,L8/204,L8/207
8,128,L8/207,L8/198
8,128,L8/198,L8/132
8,128,L8/132,L8/134
8,128,L8/134,L8/131
8,128,L8/131,L8/128
8,129,L8/369,L8/225
8,129,L8/225,L7/112
8,129,L7/112,L8/224
8,129,L8/224,L8/230
8,129,L8/230,L8/231
8,129,L8/231,L8/233
8,129,L8/233,L7/116
8,129,L7/116,L6/58
8,129,L6/58,L7/117
8,129,L7/117,L8/234
8,129,L8/234,L8/210
8,129,L8/210,L7/105
8,129,L7/105,L6/52
8,129,L6/52,L6/55
8,129,L6/55,L7/111
8,129,L7/111,L8/222
8,129,L8/222,L8/219
8,129,L8/219,L8/200
8,129,L8/200,L8/202
8,129,L8/202,L8/204
8,129,L8/204,L8/207
8,129,L8/207,L8/198
8,129,L8/198,L8/199
8,129,L8/199,L8/197
8,129,L8/197,L8/196
8,129,L8/196,L8/129
8,130,L8/369,L8/225
8,130,L8/225,L7/112
8,130,L7/112,L8/224
8,130,L8/224,L8/230
8,130,L8/230,L8/231
8,130,L8/231,L8/233
8,130,L8/233,L7/116
8,130,L7/116,L6/58
8,130,L6/58,L7/117
8,130,L7/117,L8/234
8,130,L8/234,L8/210
8,130,L8/210,L7/105
8,130,L7/105,L6/52
8,130,L6/52,L6/55
8,130,L6/55,L7/111
8,130,L7/111,L8/222
8,130,L8/222,L8/219
8,130,L8/219,L8/200
8,130,L8/200,L8/202
8,130,L8/202,L8/204
8,130,L8/204,L8/207
8,130,L8/207,L8/198
8,130,L8/198,L8/132
8,130,L8/132,L8/134
8,130,L8/134,L8/131
8,130,L8/131,L8/130
8,131,L8/369,L8/225
8,131,L8/225,L7/112
8,131,L7/112,L8/224
8,131,L8/224,L8/230
8,131,L8/230,L8/231
8,131,L8/231,L8/233
8,131,L8/233,L7/116
8,131,L7/116,L6/58
8,131,L6/58,L7/117
8,131,L7/117,L8/234
8,131,L8/234,L8/210
8,131,L8/210,L7/105
8,131,L7/105,L6/52
8,131,L6/52,L6/55
8,131,L6/55,L7/111
8,131,L7/111,L8/222
8,131,L8/222,L8/219
8,131,L8/219,L8/200
8,131,L8/200,L8/202
8,131,L8/202,L8/204
8,131,L8/204,L8/207
8,131,L8/207,L8/198
8,131,L8/198,L8/132
8,131,L8/132,L8/134
8,131,L8/134,L8/131
8,132,L8/369,L8/225
8,132,L8/225,L7/112
8,132,L7/112,L8/224
8,132,L8/224,L8/230
8,132,L8/230,L8/231
8,132,L8/231,L8/233
8,132,L8/233,L7/116
8,132,L7/116,L6/58
8,132,L6/58,L7/117
8,132,L7/117,L8/234
8,132,L8/234,L8/210
8,132,L8/210,L7/105
8,132,L7/105,L6/52
8,132,L6/52,L6/55
8,132,L6/55,L7/111
8,132,L7/111,L8/222
8,132,L8/222,L8/219
8,132,L8/219,L8/200
8,132,L8/200,L8/202
8,132,L8/202,L8/204
8,132,L8/204,L8/207
8,132,L8/207,L8/198
8,132,L8/198,L8/132
8,133,L8/369,L8/225
8,133,L8/225,L7/112
8,133,L7/112,L8/224
8,133,L8/224,L8/230
8,133,L8/230,L8/231
8,133,L8/231,L8/233
8,133,L8/233,L7/116
8,133,L7/116,L6/58
8,133,L6/58,L7/117
8,133,L7/117,L8/234
8,133,L8/234,L8/210
8,133,L8/210,L7/105
8,133,L7/105,L6/52
8,133,L6/52,L6/55
8,133,L6/55,L7/111
8,133,L7/111,L8/222
8,133,L8/222,L8/219
8,133,L8/219,L8/200
8,133,L8/200,L8/202
8,133,L8/202,L8/204
8,133,L8/204,L8/207
8,133,L8/207,L8/198
8,133,L8/198,L8/132
8,133,L8/132,L8/133
8,134,L8/369,L8/225
8,134,L8/225,L7/112
8,134,L7/112,L8/224
8,134,L8/224,L8/230
8,134,L8/230,L8/231
8,134,L8/231,L8/233
8,134,L8/233,L7/116
8,134,L7/116,L6/58
8,134,L6/58,L7/117
8,134,L7/117,L8/234
8,134,L8/234,L8/210
8,134,L8/210,L7/105
8,134,L7/105,L6/52
8,134,L6/52,L6/55
8,134,L6/55,L7/111
8,134,L7/111,L8/222
8,134,L8/222,L8/219
8,134,L8/219,L8/200
8,134,L8/200,L8/202
8,134,L8/202,L8/204
8,134,L8/204,L8/207
8,134,L8/207,L8/198
8,134,L8/198,L8/132
8,134,L8/132,L8/134
8,135,L8/369,L8/225
8,135,L8/225,L7/112
8,135,L7/112,L8/224
8,135,L8/224,L8/230
8,135,L8/230,L8/231
8,135,L8/231,L8/233
8,135,L8/233,L7/116
8,135,L7/116,L6/58
8,135,L6/58,L7/117
8,135,L7/117,L8/234
8,135,L8/234,L8/210
8,135,L8/210,L7/105
8,135,L7/105,L6/52
8,135,L6/52,L6/55
8,135,L6/55,L7/111
8,135,L7/111,L8/222
8,135,L8/222,L8/219
8,135,L8/219,L8/200
8,135,L8/200,L8/202
8,135,L8/202,L8/204
8,135,L8/204,L8/207
8,135,L8/207,L8/198
8,135,L8/198,L8/132
8,135,L8/132,L8/133
8,135,L8/133,L8/135
8,136,L8/369,L8/225
8,136,L8/225,L7/112
8,136,L7/112,L8/224
8,136,L8/224,L8/230
8,136,L8/230,L8/231
8,136,L8/231,L8/233
8,136,L8/233,L7/116
8,136,L7/116,L6/58
8,136,L6/58,L7/117
8,136,L7/117,L8/234
8,136,L8/234,L8/210
8,136,L8/210,L7/105
8,136,L7/105,L6/52
8,136,L6/52,L6/55
8,136,L6/55,L7/111
8,136,L7/111,L8/222
8,136,L8/222,L8/219
8,136,L8/219,L8/200
8,136,L8/200,L8/202
8,136,L8/202,L8/204
8,136,L8/204,L8/207
8,136,L8/207,L8/198
8,136,L8/198,L8/132
8,136,L8/132,L8/133
8,136,L8/133,L8/135
8,136,L8/135,L8/142
8,136,L8/142,L8/139
8,136,L8/139,L8/136
8,137,L8/369,L8/225
8,137,L8/225,L7/112
8,137,L7/112,L8/224
8,137,L8/224,L8/230
8,137,L8/230,L8/231
8,137,L8/231,L8/233
8,137,L8/233,L7/116
8,137,L7/116,L6/58
8,137,L6/58,L7/117
8,137,L7/117,L8/234
8,137,L8/234,L8/210
8,137,L8/210,L7/105
8,137,L7/105,L6/52
8,137,L6/52,L6/55
8,137,L6/55,L7/111
8,137,L7/111,L8/222
8,137,L8/222,L8/219
8,137,L8/219,L8/200
8,137,L8/200,L8/202
8,137,L8/202,L8/204
8,137,L8/204,L8/207
8,137,L8/207,L8/198
8,137,L8/198,L8/132
8,137,L8/132,L8/133
8,137,L8/133,L8/135
8,137,L8/135,L8/142
8,137,L8/142,L8/143
8,137,L8/143,L8/140
8,137,L8/140,L8/137
8,138,L8/369,L8/225
8,138,L8/225,L7/112
8,138,L7/112,L8/224
8,138,L8/224,L8/230
8,138,L8/230,L8/231
8,138,L8/231,L8/233
8,138,L8/233,L7/116
8,138,L7/116,L6/58
8,138,L6/58,L7/117
8,138,L7/117,L8/234
8,138,L8/234,L8/210
8,138,L8/210,L7/105
8,138,L7/105,L6/52
8,138,L6/52,L6/55
8,138,L6/55,L7/111
8,138,L7/111,L8/222
8,138,L8/222,L8/219
8,138,L8/219,L8/200
8,138,L8/200,L8/202
8,138,L8/202,L8/204
8,138,L8/204,L8/207
8,138,L8/207,L8/198
8,138,L8/198,L8/132
8,138,L8/132,L8/133
8,138,L8/133,L8/135
8,138,L8/135,L8/142
8,138,L8/142,L8/139
8,138,L8/139,L8/138
8,139,L8/369,L8/225
8,139,L8/225,L7/112
8,139,L7/112,L8/224
8,139,L8/224,L8/230
8,139,L8/230,L8/231
8,139,L8/231,L8/233
8,139,L8/233,L7/116
8,139,L7/116,L6/58
8,139,L6/58,L7/117
8,139,L7/117,L8/234
8,139,L8/234,L8/210
8,139,L8/210,L7/105
8,139,L7/105,L6/52
8,139,L6/52,L6/55
8,139,L6/55,L7/111
8,139,L7/111,L8/222
8,139,L8/222,L8/219
8,139,L8/219,L8/200
8,139,L8/200,L8/202
8,139,L8/202,L8/204
8,139,L8/204,L8/207
8,139,L8/207,L8/198
8,139,L8/198,L8/132
8,139,L8/132,L8/133
8,139,L8/133,L8/135
8,139,L8/135,L8/142
8,139,L8/142,L8/139
8,140,L8/369,L8/225
8,140,L8/225,L7/112
8,140,L7/112,L8/224
8,140,L8/224,L8/230
8,140,L8/230,L8/231
8,140,L8/231,L8/233
8,140,L8/233,L7/116
8,140,L7/116,L6/58
8,140,L6/58,L7/117
8,140,L7/117,L8/234
8,140,L8/234,L8/210
8,140,L8/210,L7/105
8,140,L7/105,L6/52
8,140,L6/52,L6/55
8,140,L6/55,L7/111
8,140,L7/111,L8/222
8,140,L8/222,L8/219
8,140,L8/219,L8/200
8,140,L8/200,L8/202
8,140,L8/202,L8/204
8,140,L8/204,L8/207
8,140,L8/207,L8/198
8,140,L8/198,L8/132
8,140,L8/132,L8/133
8,140,L8/133,L8/135
8,140,L8/135,L8/142
8,140,L8/142,L8/143
8,140,L8/143,L8/140
8,141,L8/369,L8/225
8,141,L8/225,L7/112
8,141,L7/112,L8/224
8,141,L8/224,L8/230
8,141,L8/230,L8/231
8,141,L8/231,L8/233
8,141,L8/233,L7/116
8,141,L7/116,L6/58
8,141,L6/58,L7/117
8,141,L7/117,L8/234
8,141,L8/234,L8/210
8,141,L8/210,L7/105
8,141,L7/105,L6/52
8,141,L6/52,L6/55
8,141,L6/55,L7/111
8,141,L7/111,L8/222
8,141,L8/222,L8/219
8,141,L8/219,L8/200
8,141,L8/200,L8/202
8,141,L8/202,L8/204
8,141,L8/204,L8/207
8,141,L8/207,L8/198
8,141,L8/198,L8/132
8,141,L8/132,L8/134
8,141,L8/134,L8/131
8,141,L8/131,L8/130
8,141,L8/130,L8/141
8,142,L8/369,L8/225
8,142,L8/225,L7/112
8,142,L7/112,L8/224
8,142,L8/224,L8/230
8,142,L8/230,L8/231
8,142,L8/231,L8/233
8,142,L8/233,L7/116
8,142,L7/116,L6/58
8,142,L6/58,L7/117
8,142,L7/117,L8/234
8,142,L8/234,L8/210
8,142,L8/210,L7/105
8,142,L7/105,L6/52
8,142,L6/52,L6/55
8,142,L6/55,L7/111
8,142,L7/111,L8/222
8,142,L8/222,L8/219
8,142,L8/219,L8/200
8,142,L8/200,L8/202
8,142,L8/202,L8/204
8,142,L8/204,L8/207
8,142,L8/207,L8/198
8,142,L8/198,L8/132
8,142,L8/132,L8/133
8,142,L8/133,L8/135
8,142,L8/135,L8/142
8,143,L8/369,L8/225
8,143,L8/225,L7/112
8,143,L7/112,L8/224
8,143,L8/224,L8/230
8,143,L8/230,L8/231
8,143,L8/231,L8/233
8,143,L8/233,L7/116
8,143,L7/116,L6/58
8,143,L6/58,L7/117
8,143,L7/117,L8/234
8,143,L8/234,L8/210
8,143,L8/210,L7/105
8,143,L7/105,L6/52
8,143,L6/52,L6/55
8,143,L6/55,L7/111
8,143,L7/111,L8/222
8,143,L8/222,L8/219
8,143,L8/219,L8/200
8,143,L8/200,L8/202
8,143,L8/202,L8/204
8,143,L8/204,L8/207
8,143,L8/207,L8/198
8,143,L8/198,L8/132
8,143,L8/132,L8/133
8,143,L8/133,L8/135
8,143,L8/135,L8/142
8,143,L8/142,L8/143
8,144,L8/369,L8/225
8,144,L8/225,L7/112
8,144,L7/112,L8/224
8,144,L8/224,L8/230
8,144,L8/230,L8/231
8,144,L8/231,L8/233
8,144,L8/233,L7/116
8,144,L7/116,L6/58
8,144,L6/58,L7/117
8,144,L7/117,L8/234
8,144,L8/234,L8/210
8,144,L8/210,L7/105
8,144,L7/105,L6/52
8,144,L6/52,L6/55
8,144,L6/55,L7/111
8,144,L7/111,L8/222
8,144,L8/222,L8/219
8,144,L8/219,L8/200
8,144,L8/200,L8/202
8,144,L8/202,L8/204
8,144,L8/204,L8/207
8,144,L8/207,L8/198
8,144,L8/198,L8/132
8,144,L8/132,L8/148
8,144,L8/148,L8/149
8,144,L8/149,L8/144
8,145,L8/369,L8/225
8,145,L8/225,L7/112
8,145,L7/112,L8/224
8,145,L8/224,L8/230
8,145,L8/230,L8/231
8,145,L8/231,L8/233
8,145,L8/233,L7/116
8,145,L7/116,L6/58
8,145,L6/58,L7/117
8,145,L7/117,L8/234
8,145,L8/234,L8/210
8,145,L8/210,L7/105
8,145,L7/105,L6/52
8,145,L6/52,L6/55
8,145,L6/55,L7/111
8,145,L7/111,L8/222
8,145,L8/222,L8/219
8,145,L8/219,L8/200
8,145,L8/200,L8/202
8,145,L8/202,L8/204
8,145,L8/204,L8/207
8,145,L8/207,L8/198
8,145,L8/198,L8/132
8,145,L8/132,L8/148
8,145,L8/148,L8/149
8,145,L8/149,L8/145
8,146,L8/369,L8/225
8,146,L8/225,L7/112
8,146,L7/112,L8/224
8,146,L8/224,L8/230
8,146,L8/230,L8/231
8,146,L8/231,L8/233
8,146,L8/233,L7/116
8,146,L7/116,L6/58
8,146,L6/58,L7/117
8,146,L7/117,L8/234
8,146,L8/234,L8/210
8,146,L8/210,L7/105
8,146,L7/105,L6/52
8,146,L6/52,L6/55
8,146,L6/55,L7/111
8,146,L7/111,L8/222
8,146,L8/222,L8/219
8,146,L8/219,L8/200
8,146,L8/200,L8/202
8,146,L8/202,L8/204
8,146,L8/204,L8/207
8,146,L8/207,L8/198
8,146,L8/198,L8/132
8,146,L8/132,L8/148
8,146,L8/148,L8/149
8,146,L8/149,L8/144
8,146,L8/144,L8/146
8,147,L8/369,L8/225
8,147,L8/225,L7/112
8,147,L7/112,L8/224
8,147,L8/224,L8/230
8,147,L8/230,L8/231
8,147,L8/231,L8/233
8,147,L8/233,L7/116
8,147,L7/116,L6/58
8,147,L6/58,L7/117
8,147,L7/117,L8/234
8,147,L8/234,L8/210
8,147,L8/210,L7/105
8,147,L7/105,L6/52
8,147,L6/52,L6/55
8,147,L6/55,L7/111
8,147,L7/111,L8/222
8,147,L8/222,L8/219
8,147,L8/219,L8/200
8,147,L8/200,L8/202
8,147,L8/202,L8/204
8,147,L8/204,L8/207
8,147,L8/207,L8/198
8,147,L8/198,L8/132
8,147,L8/132,L8/148
8,147,L8/148,L8/149
8,147,L8/149,L8/145
8,147,L8/145,L8/147
8,148,L8/369,L8/225
8,148,L8/225,L7/112
8,148,L7/112,L8/224
8,148,L8/224,L8/230
8,148,L8/230,L8/231
8,148,L8/231,L8/233
8,148,L8/233,L7/116
8,148,L7/116,L6/58
8,148,L6/58,L7/117
8,148,L7/117,L8/234
8,148,L8/234,L8/210
8,148,L8/210,L7/105
8,148,L7/105,L6/52
8,148,L6/52,L6/55
8,148,L6/55,L7/111
8,148,L7/111,L8/222
8,148,L8/222,L8/219
8,148,L8/219,L8/200
8,148,L8/200,L8/202
8,148,L8/202,L8/204
8,148,L8/204,L8/207
8,148,L8/207,L8/198
8,148,L8/198,L8/132
8,148,L8/132,L8/148
8,149,L8/369,L8/225
8,149,L8/225,L7/112
8,149,L7/112,L8/224
8,149,L8/224,L8/230
8,149,L8/230,L8/231
8,149,L8/231,L8/233
8,149,L8/233,L7/116
8,149,L7/116,L6/58
8,149,L6/58,L7/117
8,149,L7/117,L8/234
8,149,L8/234,L8/210
8,149,L8/210,L7/105
8,149,L7/105,L6/52
8,149,L6/52,L6/55
8,149,L6/55,L7/111
8,149,L7/111,L8/222
8,149,L8/222,L8/219
8,149,L8/219,L8/200
8,149,L8/200,L8/202
8,149,L8/202,L8/204
8,149,L8/204,L8/207
8,149,L8/207,L8/198
8,149,L8/198,L8/132
8,149,L8/132,L8/148
8,149,L8/148,L8/149
8,150,L8/369,L8/225
8,150,L8/225,L7/112
8,150,L7/112,L8/224
8,150,L8/224,L8/230
8,150,L8/230,L8/231
8,150,L8/231,L8/233
8,150,L8/233,L7/116
8,150,L7/116,L6/58
8,150,L6/58,L7/117
8,150,L7/117,L8/234
8,150,L8/234,L8/210
8,150,L8/210,L7/105
8,150,L7/105,L6/52
8,150,L6/52,L6/55
8,150,L6/55,L7/111
8,150,L7/111,L8/222
8,150,L8/222,L8/219
8,150,L8/219,L8/200
8,150,L8/200,L8/202
8,150,L8/202,L8/204
8,150,L8/204,L8/207
8,150,L8/207,L8/198
8,150,L8/198,L8/132
8,150,L8/132,L8/133
8,150,L8/133,L8/151
8,150,L8/151,L8/150
8,151,L8/369,L8/225
8,151,L8/225,L7/112
8,151,L7/112,L8/224
8,151,L8/224,L8/230
8,151,L8/230,L8/231
8,151,L8/231,L8/233
8,151,L8/233,L7/116
8,151,L7/116,L6/58
8,151,L6/58,L7/117
8,151,L7/117,L8/234
8,151,L8/234,L8/210
8,151,L8/210,L7/105
8,151,L7/105,L6/52
8,151,L6/52,L6/55
8,151,L6/55,L7/111
8,151,L7/111,L8/222
8,151,L8/222,L8/219
8,151,L8/219,L8/200
8,151,L8/200,L8/202
8,151,L8/202,L8/204
8,151,L8/204,L8/207
8,151,L8/207,L8/198
8,151,L8/198,L8/132
8,151,L8/132,L8/133
8,151,L8/133,L8/151
8,152,L8/369,L8/225
8,152,L8/225,L7/112
8,152,L7/112,L8/224
8,152,L8/224,L8/230
8,152,L8/230,L8/231
8,152,L8/231,L8/233
8,152,L8/233,L7/116
8,152,L7/116,L6/58
8,152,L6/58,L7/117
8,152,L7/117,L8/234
8,152,L8/234,L8/210
8,152,L8/210,L7/105
8,152,L7/105,L6/52
8,152,L6/52,L6/55
8,152,L6/55,L7/111
8,152,L7/111,L8/222
8,152,L8/222,L8/219
8,152,L8/219,L8/200
8,152,L8/200,L8/202
8,152,L8/202,L8/204
8,152,L8/204,L8/207
8,152,L8/207,L8/198
8,152,L8/198,L8/132
8,152,L8/132,L8/148
8,152,L8/148,L8/149
8,152,L8/149,L8/145
8,152,L8/145,L8/153
8,152,L8/153,L8/152
8,153,L8/369,L8/225
8,153,L8/225,L7/112
8,153,L7/112,L8/224
8,153,L8/224,L8/230
8,153,L8/230,L8/231
8,153,L8/231,L8/233
8,153,L8/233,L7/116
8,153,L7/116,L6/58
8,153,L6/58,L7/117
8,153,L7/117,L8/234
8,153,L8/234,L8/210
8,153,L8/210,L7/105
8,153,L7/105,L6/52
8,153,L6/52,L6/55
8,153,L6/55,L7/111
8,153,L7/111,L8/222
8,153,L8/222,L8/219
8,153,L8/219,L8/200
8,153,L8/200,L8/202
8,153,L8/202,L8/204
8,153,L8/204,L8/207
8,153,L8/207,L8/198
8,153,L8/198,L8/132
8,153,L8/132,L8/148
8,153,L8/148,L8/149
8,153,L8/149,L8/145
8,153,L8/145,L8/153
8,154,L8/369,L8/225
8,154,L8/225,L7/112
8,154,L7/112,L8/224
8,154,L8/224,L8/230
8,154,L8/230,L8/231
8,154,L8/231,L8/233
8,154,L8/233,L7/116
8,154,L7/116,L6/58
8,154,L6/58,L7/117
8,154,L7/117,L8/234
8,154,L8/234,L8/210
8,154,L8/210,L7/105
8,154,L7/105,L6/52
8,154,L6/52,L6/55
8,154,L6/55,L7/111
8,154,L7/111,L8/222
8,154,L8/222,L8/219
8,154,L8/219,L8/200
8,154,L8/200,L8/202
8,154,L8/202,L8/204
8,154,L8/204,L8/207
8,154,L8/207,L8/198
8,154,L8/198,L8/132
8,154,L8/132,L8/148
8,154,L8/148,L8/149
8,154,L8/149,L8/145
8,154,L8/145,L8/153
8,154,L8/153,L8/154
8,155,L8/369,L8/225
8,155,L8/225,L7/112
8,155,L7/112,L8/224
8,155,L8/224,L8/230
8,155,L8/230,L8/231
8,155,L8/231,L8/233
8,155,L8/233,L7/116
8,155,L7/116,L6/58
8,155,L6/58,L7/117
8,155,L7/117,L8/234
8,155,L8/234,L8/210
8,155,L8/210,L7/105
8,155,L7/105,L6/52
8,155,L6/52,L6/55
8,155,L6/55,L7/111
8,155,L7/111,L8/222
8,155,L8/222,L8/219
8,155,L8/219,L8/200
8,155,L8/200,L8/202
8,155,L8/202,L8/204
8,155,L8/204,L8/207
8,155,L8/207,L8/198
8,155,L8/198,L8/132
8,155,L8/132,L8/148
8,155,L8/148,L8/149
8,155,L8/149,L8/145
8,155,L8/145,L8/153
8,155,L8/153,L8/155
8,156,L8/369,L8/225
8,156,L8/225,L7/112
8,156,L7/112,L8/224
8,156,L8/224,L8/230
8,156,L8/230,L8/231
8,156,L8/231,L8/233
8,156,L8/233,L7/116
8,156,L7/116,L6/58
8,156,L6/58,L7/117
8,156,L7/117,L8/234
8,156,L8/234,L8/210
8,156,L8/210,L7/105
8,156,L7/105,L6/52
8,156,L6/52,L6/55
8,156,L6/55,L7/111
8,156,L7/111,L8/222
8,156,L8/222,L8/219
8,156,L8/219,L8/200
8,156,L8/200,L8/202
8,156,L8/202,L8/204
8,156,L8/204,L8/207
8,156,L8/207,L8/198
8,156,L8/198,L8/132
8,156,L8/132,L8/133
8,156,L8/133,L8/151
8,156,L8/151,L8/158
8,156,L8/158,L8/156
8,157,L8/369,L8/225
8,157,L8/225,L7/112
8,157,L7/112,L8/224
8,157,L8/224,L8/230
8,157,L8/230,L8/231
8,157,L8/231,L8/233
8,157,L8/233,L7/116
8,157,L7/116,L6/58
8,157,L6/58,L7/117
8,157,L7/117,L8/234
8,157,L8/234,L8/210
8,157,L8/210,L7/105
8,157,L7/105,L6/52
8,157,L6/52,L6/55
8,157,L6/55,L7/111
8,157,L7/111,L8/222
8,157,L8/222,L8/219
8,157,L8/219,L8/200
8,157,L8/200,L8/202
8,157,L8/202,L8/204
8,157,L8/204,L8/207
8,157,L8/207,L8/198
8,157,L8/198,L8/132
8,157,L8/132,L8/133
8,157,L8/133,L8/151
8,157,L8/151,L8/159
8,157,L8/159,L8/157
8,158,L8/369,L8/225
8,158,L8/225,L7/112
8,158,L7/112,L8/224
8,158,L8/224,L8/230
8,158,L8/230,L8/231
8,158,L8/231,L8/233
8,158,L8/233,L7/116
8,158,L7/116,L6/58
8,158,L6/58,L7/117
8,158,L7/117,L8/234
8,158,L8/234,L8/210
8,158,L8/210,L7/105
8,158,L7/105,L6/52
8,158,L6/52,L6/55
8,158,L6/55,L7/111
8,158,L7/111,L8/222
8,158,L8/222,L8/219
8,158,L8/219,L8/200
8,158,L8/200,L8/202
8,158,L8/202,L8/204
8,158,L8/204,L8/207
8,158,L8/207,L8/198
8,158,L8/198,L8/132
8,158,L8/132,L8/133
8,158,L8/133,L8/151
8,158,L8/151,L8/158
8,159,L8/369,L8/225
8,159,L8/225,L7/112
8,159,L7/112,L8/224
8,159,L8/224,L8/230
8,159,L8/230,L8/231
8,159,L8/231,L8/233
8,159,L8/233,L7/116
8,159,L7/116,L6/58
8,159,L6/58,L7/117
8,159,L7/117,L8/234
8,159,L8/234,L8/210
8,159,L8/210,L7/105
8,159,L7/105,L6/52
8,159,L6/52,L6/55
8,159,L6/55,L7/111
8,159,L7/111,L8/222
8,159,L8/222,L8/219
8,159,L8/219,L8/200
8,159,L8/200,L8/202
8,159,L8/202,L8/204
8,159,L8/204,L8/207
8,159,L8/207,L8/198
8,159,L8/198,L8/132
8,159,L8/132,L8/133
8,159,L8/133,L8/151
8,159,L8/151,L8/159
8,160,L8/369,L7/184
8,160,L7/184,L7/185
8,160,L7/185,L8/371
8,160,L8/371,L8/383
8,160,L8/383,L7/191
8,160,L7/191,L7/182
8,160,L7/182,L8/364
8,160,L8/364,L8/359
8,160,L8/359,L8/353
8,160,L8/353,L8/352
8,160,L8/352,L8/356
8,160,L8/356,L8/347
8,160,L8/347,L8/346
8,160,L8/346,L8/349
8,160,L8/349,L8/323
8,160,L8/323,L7/161
8,160,L7/161,L6/80
8,160,L6/80,L5/40
8,160,L5/40,L5/22
8,160,L5/22,L6/45
8,160,L6/45,L7/90
8,160,L7/90,L8/180
8,160,L8/180,L8/185
8,160,L8/185,L8/191
8,160,L8/191,L7/95
8,160,L7/95,L6/47
8,160,L6/47,L6/40
8,160,L6/40,L7/80
8,160,L7/80,L8/160
8,161,L8/369,L7/184
8,161,L7/184,L7/185
8,161,L7/185,L8/371
8,161,L8/371,L8/383
8,161,L8/383,L7/191
8,161,L7/191,L7/182
8,161,L7/182,L8/364
8,161,L8/364,L8/359
8,161,L8/359,L8/353
8,161,L8/353,L8/352
8,161,L8/352,L8/356
8,161,L8/356,L8/347
8,161,L8/347,L8/346
8,161,L8/346,L8/349
8,161,L8/349,L8/323
8,161,L8/323,L7/161
8,161,L7/161,L6/80
8,161,L6/80,L5/40
8,161,L5/40,L5/22
8,161,L5/22,L6/45
8,161,L6/45,L7/90
8,161,L7/90,L8/180
8,161,L8/180,L8/185
8,161,L8/185,L8/191
8,161,L8/191,L7/95
8,161,L7/95,L6/47
8,161,L6/47,L6/40
8,161,L6/40,L7/80
8,161,L7/80,L8/161
8,162,L8/369,L7/184
8,162,L7/184,L7/185
8,162,L7/185,L8/371
8,162,L8/371,L8/383
8,162,L8/383,L7/191
8,162,L7/191,L7/182
8,162,L7/182,L8/364
8,162,L8/364,L8/359
8,162,L8/359,L8/353
8,162,L8/353,L8/352
8,162,L8/352,L8/356
8,162,L8/356,L8/347
8,162,L8/347,L8/346
8,162,L8/346,L8/349
8,162,L8/349,L8/323
8,162,L8/323,L7/161
8,162,L7/161,L6/80
8,162,L6/80,L5/40
8,162,L5/40,L5/22
8,162,L5/22,L6/45
8,162,L6/45,L7/90
8,162,L7/90,L8/180
8,162,L8/180,L8/185
8,162,L8/185,L8/191
8,162,L8/191,L7/95
8,162,L7/95,L6/47
8,162,L6/47,L6/40
8,162,L6/40,L7/81
8,162,L7/81,L8/162
8,163,L8/369,L7/184
8,163,L7/184,L7/185
8,163,L7/185,L8/371
8,163,L8/371,L8/383
8,163,L8/383,L7/191
8,163,L7/191,L7/182
8,163,L7/182,L8/364
8,163,L8/364,L8/359
8,163,L8/359,L8/353
8,163,L8/353,L8/352
8,163,L8/352,L8/356
8,163,L8/356,L8/347
8,163,L8/347,L8/346
8,163,L8/346,L8/349
8,163,L8/349,L8/323
8,163,L8/323,L7/161
8,163,L7/161,L6/80
8,163,L6/80,L5/40
8,163,L5/40,L5/22
8,163,L5/22,L6/45
8,163,L6/45,L7/90
8,163,L7/90,L8/180
8,163,L8/180,L8/185
8,163,L8/185,L8/191
8,163,L8/191,L7/95
8,163,L7/95,L6/47
8,163,L6/47,L6/40
8,163,L6/40,L7/81
8,163,L7/81,L8/163
8,164,L8/369,L7/184
8,164,L7/184,L7/185
8,164,L7/185,L8/371
8,164,L8/371,L8/383
8,164,L8/383,L7/191
8,164,L7/191,L7/182
8,164,L7/182,L8/364
8,164,L8/364,L8/359
8,164,L8/359,L8/353
8,164,L8/353,L8/352
8,164,L8/352,L8/356
8,164,L8/356,L8/347
8,164,L8/347,L8/346
8,164,L8/346,L8/349
8,164,L8/349,L8/323
8,164,L8/323,L7/161
8,164,L7/161,L6/80
8,164,L6/80,L5/40
8,164,L5/40,L5/22
8,164,L5/22,L6/45
8,164,L6/45,L7/90
8,164,L7/90,L8/180
8,164,L8/180,L8/185
8,164,L8/185,L8/191
8,164,L8/191,L7/95
8,164,L7/95,L6/47
8,164,L6/47,L6/40
8,164,L6/40,L7/80
8,164,L7/80,L8/160
8,164,L8/160,L8/164
8,165,L8/369,L7/184
8,165,L7/184,L7/185
8,165,L7/185,L8/371
8,165,L8/371,L8/383
8,165,L8/383,L7/191
8,165,L7/191,L7/182
8,165,L7/182,L8/364
8,165,L8/364,L8/359
8,165,L8/359,L8/353
8,165,L8/353,L8/352
8,165,L8/352,L8/356
8,165,L8/356,L8/347
8,165,L8/347,L8/346
8,165,L8/346,L8/349
8,165,L8/349,L8/323
8,165,L8/323,L7/161
8,165,L7/161,L6/80
8,165,L6/80,L5/40
8,165,L5/40,L5/22
8,165,L5/22,L6/45
8,165,L6/45,L7/90
8,165,L7/90,L8/180
8,165,L8/180,L8/185
8,165,L8/185,L8/191
8,165,L8/191,L7/95
8,165,L7/95,L6/47
8,165,L6/47,L6/40
8,165,L6/40,L7/81
8,165,L7/81,L8/163
8,165,L8/163,L8/167
8,165,L8/167,L8/165
8,166,L8/369,L7/184
8,166,L7/184,L7/185
8,166,L7/185,L8/371
8,166,L8/371,L8/383
8,166,L8/383,L7/191
8,166,L7/191,L7/182
8,166,L7/182,L8/364
8,166,L8/364,L8/359
8,166,L8/359,L8/353
8,166,L8/353,L8/352
8,166,L8/352,L8/356
8,166,L8/356,L8/347
8,166,L8/347,L8/346
8,166,L8/346,L8/349
8,166,L8/349,L8/323
8,166,L8/323,L7/161
8,166,L7/161,L6/80
8,166,L6/80,L5/40
8,166,L5/40,L5/22
8,166,L5/22,L6/45
8,166,L6/45,L7/90
8,166,L7/90,L8/180
8,166,L8/180,L8/185
8,166,L8/185,L8/191
8,166,L8/191,L7/95
8,166,L7/95,L6/47
8,166,L6/47,L6/40
8,166,L6/40,L7/81
8,166,L7/81,L8/163
8,166,L8/163,L8/167
8,166,L8/167,L8/166
8,167,L8/369,L7/184
8,167,L7/184,L7/185
8,167,L7/185,L8/371
8,167,L8/371,L8/383
8,167,L8/383,L7/191
8,167,L7/191,L7/182
8,167,L7/182,L8/364
8,167,L8/364,L8/359
8,167,L8/359,L8/353
8,167,L8/353,L8/352
8,167,L8/352,L8/356
8,167,L8/356,L8/347
8,167,L8/347,L8/346
8,167,L8/346,L8/349
8,167,L8/349,L8/323
8,167,L8/323,L7/161
8,167,L7/161,L6/80
8,167,L6/80,L5/40
8,167,L5/40,L5/22
8,167,L5/22,L6/45
8,167,L6/45,L7/90
8,167,L7/90,L8/180
8,167,L8/180,L8/185
8,167,L8/185,L8/191
8,167,L8/191,L7/95
8,167,L7/95,L6/47
8,167,L6/47,L6/40
8,167,L6/40,L7/81
8,167,L7/81,L8/163
8,167,L8/163,L8/167
8,168,L8/369,L7/184
8,168,L7/184,L7/185
8,168,L7/185,L8/371
8,168,L8/371,L8/383
8,168,L8/383,L7/191
8,168,L7/191,L7/182
8,168,L7/182,L8/364
8,168,L8/364,L8/359
8,168,L8/359,L8/353
8,168,L8/353,L8/352
8,168,L8/352,L8/356
8,168,L8/356,L8/347
8,168,L8/347,L8/346
8,168,L8/346,L8/349
8,168,L8/349,L8/323
8,168,L8/323,L7/161
8,168,L7/161,L6/80
8,168,L6/80,L5/40
8,168,L5/40,L5/22
8,168,L5/22,L6/45
8,168,L6/45,L7/90
8,168,L7/90,L8/180
8,168,L8/180,L8/185
8,168,L8/185,L8/191
8,168,L8/191,L7/95
8,168,L7/95,L6/47
8,168,L6/47,L6/40
8,168,L6/40,L7/81
8,168,L7/81,L8/163
8,168,L8/163,L8/172
8,168,L8/172,L8/175
8,168,L8/175,L8/169
8,168,L8/169,L8/168
8,169,L8/369,L7/184
8,169,L7/184,L7/185
8,169,L7/185,L8/371
8,169,L8/371,L8/383
8,169,L8/383,L7/191
8,169,L7/191,L7/182
8,169,L7/182,L8/364
8,169,L8/364,L8/359
8,169,L8/359,L8/353
8,169,L8/353,L8/352
8,169,L8/352,L8/356
8,169,L8/356,L8/347
8,169,L8/347,L8/346
8,169,L8/346,L8/349
8,169,L8/349,L8/323
8,169,L8/323,L7/161
8,169,L7/161,L6/80
8,169,L6/80,L5/40
8,169,L5/40,L5/22
8,169,L5/22,L6/45
8,169,L6/45,L7/90
8,169,L7/90,L8/180
8,169,L8/180,L8/185
8,169,L8/185,L8/191
8,169,L8/191,L7/95
8,169,L7/95,L6/47
8,169,L6/47,L6/40
8,169,L6/40,L7/81
8,169,L7/81,L8/163
8,169,L8/163,L8/172
8,169,L8/172,L8/175
8,169,L8/175,L8/169
8,170,L8/369,L7/184
8,170,L7/184,L7/185
8,170,L7/185,L8/371
8,170,L8/371,L8/383
8,170,L8/383,L7/191
8,170,L7/191,L7/182
8,170,L7/182,L8/364
8,170,L8/364,L8/359
8,170,L8/359,L8/353
8,170,L8/353,L8/352
8,170,L8/352,L8/356
8,170,L8/356,L8/347
8,170,L8/347,L8/346
8,170,L8/346,L8/349
8,170,L8/349,L8/323
8,170,L8/323,L7/161
8,170,L7/161,L6/80
8,170,L6/80,L5/40
8,170,L5/40,L5/22
8,170,L5/22,L6/45
8,170,L6/45,L7/90
8,170,L7/90,L8/180
8,170,L8/180,L8/185
8,170,L8/185,L8/191
8,170,L8/191,L7/95
8,170,L7/95,L6/47
8,170,L6/47,L6/40
8,170,L6/40,L7/81
8,170,L7/81,L8/163
8,170,L8/163,L8/167
8,170,L8/167,L8/166
8,170,L8/166,L8/170
8,171,L8/369,L7/184
8,171,L7/184,L7/185
8,171,L7/185,L8/371
8,171,L8/371,L8/383
8,171,L8/383,L7/191
8,171,L7/191,L7/182
8,171,L7/182,L8/364
8,171,L8/364,L8/359
8,171,L8/359,L8/353
8,171,L8/353,L8/352
8,171,L8/352,L8/356
8,171,L8/356,L8/347
8,171,L8/347,L8/346
8,171,L8/346,L8/349
8,171,L8/349,L8/323
8,171,L8/323,L7/161
8,171,L7/161,L6/80
8,171,L6/80,L5/40
8,171,L5/40,L5/22
8,171,L5/22,L6/45
8,171,L6/45,L7/90
8,171,L7/90,L8/180
8,171,L8/180,L8/185
8,171,L8/185,L8/191
8,171,L8/191,L7/95
8,171,L7/95,L6/47
8,171,L6/47,L6/40
8,171,L6/40,L7/81
8,171,L7/81,L8/163
8,171,L8/163,L8/167
8,171,L8/167,L8/166
8,171,L8/166,L8/171
8,172,L8/369,L7/184
8,172,L7/184,L7/185
8,172,L7/185,L8/371
8,172,L8/371,L8/383
8,172,L8/383,L7/191
8,172,L7/191,L7/182
8,172,L7/182,L8/364
8,172,L8/364,L8/359
8,172,L8/359,L8/353
8,172,L8/353,L8/352
8,172,L8/352,L8/356
8,172,L8/356,L8/347
8,172,L8/347,L8/346
8,172,L8/346,L8/349
8,172,L8/349,L8/323
8,172,L8/323,L7/161
8,172,L7/161,L6/80
8,172,L6/80,L5/40
8,172,L5/40,L5/22
8,172,L5/22,L6/45
8,172,L6/45,L7/90
8,172,L7/90,L8/180
8,172,L8/180,L8/185
8,172,L8/185,L8/191
8,172,L8/191,L7/95
8,172,L7/95,L6/47
8,172,L6/47,L6/40
8,172,L6/40,L7/81
8,172,L7/81,L8/163
8,172,L8/163,L8/172
8,173,L8/369,L7/184
8,173,L7/184,L7/185
8,173,L7/185,L8/371
8,173,L8/371,L8/383
8,173,L8/383,L7/191
8,173,L7/191,L7/182
8,173,L7/182,L8/364
8,173,L8/364,L8/359
8,173,L8/359,L8/353
8,173,L8/353,L8/352
8,173,L8/352,L8/356
8,173,L8/356,L8/347
8,173,L8/347,L8/346
8,173,L8/346,L8/349
8,173,L8/349,L8/323
8,173,L8/323,L7/161
8,173,L7/161,L6/80
8,173,L6/80,L5/40
8,173,L5/40,L5/22
8,173,L5/22,L6/45
8,173,L6/45,L7/90
8,173,L7/90,L8/180
8,173,L8/180,L8/185
8,173,L8/185,L8/191
8,173,L8/191,L7/95
8,173,L7/95,L6/47
8,173,L6/47,L6/40
8,173,L6/40,L7/81
8,173,L7/81,L8/163
8,173,L8/163,L8/172
8,173,L8/172,L8/173
8,174,L8/369,L7/184
8,174,L7/184,L7/185
8,174,L7/185,L8/371
8,174,L8/371,L8/383
8,174,L8/383,L7/191
8,174,L7/191,L7/182
8,174,L7/182,L8/364
8,174,L8/364,L8/359
8,174,L8/359,L8/353
8,174,L8/353,L8/352
8,174,L8/352,L8/356
8,174,L8/356,L8/347
8,174,L8/347,L8/346
8,174,L8/346,L8/349
8,174,L8/349,L8/323
8,174,L8/323,L7/161
8,174,L7/161,L6/80
8,174,L6/80,L5/40
8,174,L5/40,L5/22
8,174,L5/22,L6/45
8,174,L6/45,L7/90
8,174,L7/90,L8/180
8,174,L8/180,L8/185
8,174,L8/185,L8/191
8,174,L8/191,L7/95
8,174,L7/95,L6/47
8,174,L6/47,L6/40
8,174,L6/40,L7/81
8,174,L7/81,L8/163
8,174,L8/163,L8/172
8,174,L8/172,L8/174
8,175,L8/369,L7/184
8,175,L7/184,L7/185
8,175,L7/185,L8/371
8,175,L8/371,L8/383
8,175,L8/383,L7/191
8,175,L7/191,L7/182
8,175,L7/182,L8/364
8,175,L8/364,L8/359
8,175,L8/359,L8/353
8,175,L8/353,L8/352
8,175,L8/352,L8/356
8,175,L8/356,L8/347
8,175,L8/347,L8/346
8,175,L8/346,L8/349
8,175,L8/349,L8/323
8,175,L8/323,L7/161
8,175,L7/161,L6/80
8,175,L6/80,L5/40
8,175,L5/40,L5/22
8,175,L5/22,L6/45
8,175,L6/45,L7/90
8,175,L7/90,L8/180
8,175,L8/180,L8/185
8,175,L8/185,L8/191
8,175,L8/191,L7/95
8,175,L7/95,L6/47
8,175,L6/47,L6/40
8,175,L6/40,L7/81
8,175,L7/81,L8/163
8,175,L8/163,L8/172
8,175,L8/172,L8/175
8,176,L8/369,L7/184
8,176,L7/184,L7/185
8,176,L7/185,L8/371
8,176,L8/371,L8/383
8,176,L8/383,L7/191
8,176,L7/191,L7/182
8,176,L7/182,L8/364
8,176,L8/364,L8/359
8,176,L8/359,L8/353
8,176,L8/353,L8/352
8,176,L8/352,L8/356
8,176,L8/356,L8/347
8,176,L8/347,L8/346
8,176,L8/346,L8/349
8,176,L8/349,L8/323
8,176,L8/323,L7/161
8,176,L7/161,L6/80
8,176,L6/80,L5/40
8,176,L5/40,L5/22
8,176,L5/22,L6/44
8,176,L6/44,L7/88
8,176,L7/88,L8/176
8,177,L8/369,L7/184
8,177,L7/184,L7/185
8,177,L7/185,L8/371
8,177,L8/371,L8/383
8,177,L8/383,L7/191
8,177,L7/191,L7/182
8,177,L7/182,L8/364
8,177,L8/364,L8/359
8,177,L8/359,L8/353
8,177,L8/353,L8/352
8,177,L8/352,L8/356
8,177,L8/356,L8/347
8,177,L8/347,L8/346
8,177,L8/346,L8/349
8,177,L8/349,L8/323
8,177,L8/323,L7/161
8,177,L7/161,L6/80
8,177,L6/80,L5/40
8,177,L5/40,L5/22
8,177,L5/22,L6/44
8,177,L6/44,L7/88
8,177,L7/88,L8/177
8,178,L8/369,L7/184
8,178,L7/184,L7/185
8,178,L7/185,L8/371
8,178,L8/371,L8/383
8,178,L8/383,L7/191
8,178,L7/191,L7/182
8,178,L7/182,L8/364
8,178,L8/364,L8/359
8,178,L8/359,L8/353
8,178,L8/353,L8/352
8,178,L8/352,L8/356
8,178,L8/356,L8/347
8,178,L8/347,L8/346
8,178,L8/346,L8/349
8,178,L8/349,L8/323
8,178,L8/323,L7/161
8,178,L7/161,L6/80
8,178,L6/80,L5/40
8,178,L5/40,L5/22
8,178,L5/22,L6/44
8,178,L6/44,L7/89
8,178,L7/89,L8/178
8,179,L8/369,L7/184
8,179,L7/184,L7/185
8,179,L7/185,L8/371
8,179,L8/371,L8/383
8,179,L8/383,L7/191
8,179,L7/191,L7/182
8,179,L7/182,L8/364
8,179,L8/364,L8/359
8,179,L8/359,L8/353
8,179,L8/353,L8/352
8,179,L8/352,L8/356
8,179,L8/356,L8/347
8,179,L8/347,L8/346
8,179,L8/346,L8/349
8,179,L8/349,L8/323
8,179,L8/323,L7/161
8,179,L7/161,L6/80
8,179,L6/80,L5/40
8,179,L5/40,L5/22
8,179,L5/22,L6/44
8,179,L6/44,L7/89
8,179,L7/89,L8/179
8,180,L8/369,L7/184
8,180,L7/184,L7/185
8,180,L7/185,L8/371
8,180,L8/371,L8/383
8,180,L8/383,L7/191
8,180,L7/191,L7/182
8,180,L7/182,L8/364
8,180,L8/364,L8/359
8,180,L8/359,L8/353
8,180,L8/353,L8/352
8,180,L8/352,L8/356
8,180,L8/356,L8/347
8,180,L8/347,L8/346
8,180,L8/346,L8/349
8,180,L8/349,L8/323
8,180,L8/323,L7/161
8,180,L7/161,L6/80
8,180,L6/80,L5/40
8,180,L5/40,L5/22
8,180,L5/22,L6/45
8,180,L6/45,L7/90
8,180,L7/90,L8/180
8,181,L8/369,L7/184
8,181,L7/184,L7/185
8,181,L7/185,L8/371
8,181,L8/371,L8/383
8,181,L8/383,L7/191
8,181,L7/191,L7/182
8,181,L7/182,L8/364
8,181,L8/364,L8/359
8,181,L8/359,L8/353
8,181,L8/353,L8/352
8,181,L8/352,L8/356
8,181,L8/356,L8/347
8,181,L8/347,L8/346
8,181,L8/346,L8/349
8,181,L8/349,L8/323
8,181,L8/323,L7/161
8,181,L7/161,L6/80
8,181,L6/80,L5/40
8,181,L5/40,L5/22
8,181,L5/22,L6/45
8,181,L6/45,L7/90
8,181,L7/90,L8/181
8,182,L8/369,L7/184
8,182,L7/184,L7/185
8,182,L7/185,L8/371
8,182,L8/371,L8/383
8,182,L8/383,L7/191
8,182,L7/191,L7/182
8,182,L7/182,L8/364
8,182,L8/364,L8/359
8,182,L8/359,L8/353
8,182,L8/353,L8/352
8,182,L8/352,L8/356
8,182,L8/356,L8/347
8,182,L8/347,L8/346
8,182,L8/346,L8/349
8,182,L8/349,L8/323
8,182,L8/323,L7/161
8,182,L7/161,L6/80
8,182,L6/80,L5/40
8,182,L5/40,L5/22
8,182,L5/22,L6/45
8,182,L6/45,L7/91
8,182,L7/91,L8/182
8,183,L8/369,L7/184
8,183,L7/184,L7/185
8,183,L7/185,L8/371
8,183,L8/371,L8/383
8,183,L8/383,L7/191
8,183,L7/191,L7/182
8,183,L7/182,L8/364
8,183,L8/364,L8/359
8,183,L8/359,L8/353
8,183,L8/353,L8/352
8,183,L8/352,L8/356
8,183,L8/356,L8/347
8,183,L8/347,L8/346
8,183,L8/346,L8/349
8,183,L8/349,L8/323
8,183,L8/323,L7/161
8,183,L7/161,L6/80
8,183,L6/80,L5/40
8,183,L5/40,L5/22
8,183,L5/22,L6/45
8,183,L6/45,L7/91
8,183,L7/91,L8/183
8,184,L8/369,L7/184
8,184,L7/184,L7/185
8,184,L7/185,L8/371
8,184,L8/371,L8/383
8,184,L8/383,L7/191
8,184,L7/191,L7/182
8,184,L7/182,L8/364
8,184,L8/364,L8/359
8,184,L8/359,L8/353
8,184,L8/353,L8/352
8,184,L8/352,L8/356
8,184,L8/356,L8/347
8,184,L8/347,L8/346
8,184,L8/346,L8/349
8,184,L8/349,L8/323
8,184,L8/323,L7/161
8,184,L7/161,L6/80
8,184,L6/80,L5/40
8,184,L5/40,L5/22
8,184,L5/22,L6/45
8,184,L6/45,L7/90
8,184,L7/90,L8/180
8,184,L8/180,L8/185
8,184,L8/185,L8/184
8,185,L8/369,L7/184
8,185,L7/184,L7/185
8,185,L7/185,L8/371
8,185,L8/371,L8/383
8,185,L8/383,L7/191
8,185,L7/191,L7/182
8,185,L7/182,L8/364
8,185,L8/364,L8/359
8,185,L8/359,L8/353
8,185,L8/353,L8/352
8,185,L8/352,L8/356
8,185,L8/356,L8/347
8,185,L8/347,L8/346
8,185,L8/346,L8/349
8,185,L8/349,L8/323
8,185,L8/323,L7/161
8,185,L7/161,L6/80
8,185,L6/80,L5/40
8,185,L5/40,L5/22
8,185,L5/22,L6/45
8,185,L6/45,L7/90
8,185,L7/90,L8/180
8,185,L8/180,L8/185
8,186,L8/369,L7/184
8,186,L7/184,L7/185
8,186,L7/185,L8/371
8,186,L8/371,L8/383
8,186,L8/383,L7/191
8,186,L7/191,L7/182
8,186,L7/182,L8/364
8,186,L8/364,L8/359
8,186,L8/359,L8/353
8,186,L8/353,L8/352
8,186,L8/352,L8/356
8,186,L8/356,L8/347
8,186,L8/347,L8/346
8,186,L8/346,L8/349
8,186,L8/349,L8/323
8,186,L8/323,L7/161
8,186,L7/161,L6/80
8,186,L6/80,L5/40
8,186,L5/40,L5/22
8,186,L5/22,L6/44
8,186,L6/44,L7/88
8,186,L7/88,L8/176
8,186,L8/176,L8/187
8,186,L8/187,L8/186
8,187,L8/369,L7/184
8,187,L7/184,L7/185
8,187,L7/185,L8/371
8,187,L8/371,L8/383
8,187,L8/383,L7/191
8,187,L7/191,L7/182
8,187,L7/182,L8/364
8,187,L8/364,L8/359
8,187,L8/359,L8/353
8,187,L8/353,L8/352
8,187,L8/352,L8/356
8,187,L8/356,L8/347
8,187,L8/347,L8/346
8,187,L8/346,L8/349
8,187,L8/349,L8/323
8,187,L8/323,L7/161
8,187,L7/161,L6/80
8,187,L6/80,L5/40
8,187,L5/40,L5/22
8,187,L5/22,L6/44
8,187,L6/44,L7/88
8,187,L7/88,L8/176
8,187,L8/176,L8/187
8,188,L8/369,L7/184
8,188,L7/184,L7/185
8,188,L7/185,L8/371
8,188,L8/371,L8/383
8,188,L8/383,L7/191
8,188,L7/191,L7/182
8,188,L7/182,L8/364
8,188,L8/364,L8/359
8,188,L8/359,L8/353
8,188,L8/353,L8/352
8,188,L8/352,L8/356
8,188,L8/356,L8/347
8,188,L8/347,L8/346
8,188,L8/346,L8/349
8,188,L8/349,L8/323
8,188,L8/323,L7/161
8,188,L7/161,L6/80
8,188,L6/80,L5/40
8,188,L5/40,L5/22
8,188,L5/22,L6/45
8,188,L6/45,L7/90
8,188,L7/90,L8/180
8,188,L8/180,L8/185
8,188,L8/185,L8/191
8,188,L8/191,L8/188
8,189,L8/369,L7/184
8,189,L7/184,L7/185
8,189,L7/185,L8/371
8,189,L8/371,L8/383
8,189,L8/383,L7/191
8,189,L7/191,L7/182
8,189,L7/182,L8/364
8,189,L8/364,L8/359
8,189,L8/359,L8/353
8,189,L8/353,L8/352
8,189,L8/352,L8/356
8,189,L8/356,L8/347
8,189,L8/347,L8/346
8,189,L8/346,L8/349
8,189,L8/349,L8/323
8,189,L8/323,L7/161
8,189,L7/161,L6/80
8,189,L6/80,L5/40
8,189,L5/40,L5/22
8,189,L5/22,L6/45
8,189,L6/45,L7/90
8,189,L7/90,L8/180
8,189,L8/180,L8/185
8,189,L8/185,L8/184
8,189,L8/184,L8/189
8,190,L8/369,L7/184
8,190,L7/184,L7/185
8,190,L7/185,L8/371
8,190,L8/371,L8/383
8,190,L8/383,L7/191
8,190,L7/191,L7/182
8,190,L7/182,L8/364
8,190,L8/364,L8/359
8,190,L8/359,L8/353
8,190,L8/353,L8/352
8,190,L8/352,L8/356
8,190,L8/356,L8/347
8,190,L8/347,L8/346
8,190,L8/346,L8/349
8,190,L8/349,L8/323
8,190,L8/323,L7/161
8,190,L7/161,L6/80
8,190,L6/80,L5/40
8,190,L5/40,L5/22
8,190,L5/22,L6/45
8,190,L6/45,L7/90
8,190,L7/90,L8/180
8,190,L8/180,L8/185
8,190,L8/185,L8/191
8,190,L8/191,L8/190
8,191,L8/369,L7/184
8,191,L7/184,L7/185
8,191,L7/185,L8/371
8,191,L8/371,L8/383
8,191,L8/383,L7/191
8,191,L7/191,L7/182
8,191,L7/182,L8/364
8,191,L8/364,L8/359
8,191,L8/359,L8/353
8,191,L8/353,L8/352
8,191,L8/352,L8/356
8,191,L8/356,L8/347
8,191,L8/347,L8/346
8,191,L8/346,L8/349
8,191,L8/349,L8/323
8,191,L8/323,L7/161
8,191,L7/161,L6/80
8,191,L6/80,L5/40
8,191,L5/40,L5/22
8,191,L5/22,L6/45
8,191,L6/45,L7/90
8,191,L7/90,L8/180
8,191,L8/180,L8/185
8,191,L8/185,L8/191
8,192,L8/369,L8/225
8,192,L8/225,L7/112
8,192,L7/112,L8/224
8,192,L8/224,L8/230
8,192,L8/230,L8/231
8,192,L8/231,L8/233
8,192,L8/233,L7/116
8,192,L7/116,L6/58
8,192,L6/58,L7/117
8,192,L7/117,L8/234
8,192,L8/234,L8/210
8,192,L8/210,L7/105
8,192,L7/105,L6/52
8,192,L6/52,L6/55
8,192,L6/55,L7/111
8,192,L7/111,L8/222
8,192,L8/222,L8/219
8,192,L8/219,L8/200
8,192,L8/200,L8/202
8,192,L8/202,L8/204
8,192,L8/204,L8/205
8,192,L8/205,L8/206
8,192,L8/206,L8/192
8,193,L8/369,L8/225
8,193,L8/225,L7/112
8,193,L7/112,L8/224
8,193,L8/224,L8/230
8,193,L8/230,L8/231
8,193,L8/231,L8/233
8,193,L8/233,L7/116
8,193,L7/116,L6/58
8,193,L6/58,L7/117
8,193,L7/117,L8/234
8,193,L8/234,L8/210
8,193,L8/210,L7/105
8,193,L7/105,L6/52
8,193,L6/52,L6/55
8,193,L6/55,L7/111
8,193,L7/111,L8/222
8,193,L8/222,L8/219
8,193,L8/219,L8/200
8,193,L8/200,L8/202
8,193,L8/202,L8/204
8,193,L8/204,L8/205
8,193,L8/205,L8/206
8,193,L8/206,L8/193
8,194,L8/369,L8/225
8,194,L8/225,L7/112
8,194,L7/112,L8/224
8,194,L8/224,L8/230
8,194,L8/230,L8/231
8,194,L8/231,L8/233
8,194,L8/233,L7/116
8,194,L7/116,L6/58
8,194,L6/58,L7/117
8,194,L7/117,L8/234
8,194,L8/234,L8/210
8,194,L8/210,L7/105
8,194,L7/105,L6/52
8,194,L6/52,L6/55
8,194,L6/55,L7/111
8,194,L7/111,L8/222
8,194,L8/222,L8/219
8,194,L8/219,L8/200
8,194,L8/200,L8/202
8,194,L8/202,L8/204
8,194,L8/204,L8/205
8,194,L8/205,L8/206
8,194,L8/206,L8/193
8,194,L8/193,L8/194
8,195,L8/369,L8/225
8,195,L8/225,L7/112
8,195,L7/112,L8/224
8,195,L8/224,L8/230
8,195,L8/230,L8/231
8,195,L8/231,L8/233
8,195,L8/233,L7/116
8,195,L7/116,L6/58
8,195,L6/58,L7/117
8,195,L7/117,L8/234
8,195,L8/234,L8/210
8,195,L8/210,L7/105
8,195,L7/105,L6/52
8,195,L6/52,L6/55
8,195,L6/55,L7/111
8,195,L7/111,L8/222
8,195,L8/222,L8/219
8,195,L8/219,L8/200
8,195,L8/200,L8/202
8,195,L8/202,L8/204
8,195,L8/204,L8/205
8,195,L8/205,L8/206
8,195,L8/206,L8/192
8,195,L8/192,L8/195
8,196,L8/369,L8/225
8,196,L8/225,L7/112
8,196,L7/112,L8/224
8,196,L8/224,L8/230
8,196,L8/230,L8/231
8,196,L8/231,L8/233
8,196,L8/233,L7/116
8,196,L7/116,L6/58
8,196,L6/58,L7/117
8,196,L7/117,L8/234
8,196,L8/234,L8/210
8,196,L8/210,L7/105
8,196,L7/105,L6/52
8,196,L6/52,L6/55
8,196,L6/55,L7/111
8,196,L7/111,L8/222
8,196,L8/222,L8/219
8,196,L8/219,L8/200
8,196,L8/200,L8/202
8,196,L8/202,L8/204
8,196,L8/204,L8/207
8,196,L8/207,L8/198
8,196,L8/198,L8/199
8,196,L8/199,L8/197
8,196,L8/197,L8/196
8,197,L8/369,L8/225
8,197,L8/225,L7/112
8,197,L7/112,L8/224
8,197,L8/224,L8/230
8,197,L8/230,L8/231
8,197,L8/231,L8/233
8,197,L8/233,L7/116
8,197,L7/116,L6/58
8,197,L6/58,L7/117
8,197,L7/117,L8/234
8,197,L8/234,L8/210
8,197,L8/210,L7/105
8,197,L7/105,L6/52
8,197,L6/52,L6/55
8,197,L6/55,L7/111
8,197,L7/111,L8/222
8,197,L8/222,L8/219
8,197,L8/219,L8/200
8,197,L8/200,L8/202
8,197,L8/202,L8/204
8,197,L8/204,L8/207
8,197,L8/207,L8/198
8,197,L8/198,L8/199
8,197,L8/199,L8/197
8,198,L8/369,L8/225
8,198,L8/225,L7/112
8,198,L7/112,L8/224
8,198,L8/224,L8/230
8,198,L8/230,L8/231
8,198,L8/231,L8/233
8,198,L8/233,L7/116
8,198,L7/116,L6/58
8,198,L6/58,L7/117
8,198,L7/117,L8/234
8,198,L8/234,L8/210
8,198,L8/210,L7/105
8,198,L7/105,L6/52
8,198,L6/52,L6/55
8,198,L6/55,L7/111
8,198,L7/111,L8/222
8,198,L8/222,L8/219
8,198,L8/219,L8/200
8,198,L8/200,L8/202
8,198,L8/202,L8/204
8,198,L8/204,L8/207
8,198,L8/207,L8/198
8,199,L8/369,L8/225
8,199,L8/225,L7/112
8,199,L7/112,L8/224
8,199,L8/224,L8/230
8,199,L8/230,L8/231
8,199,L8/231,L8/233
8,199,L8/233,L7/116
8,199,L7/116,L6/58
8,199,L6/58,L7/117
8,199,L7/117,L8/234
8,199,L8/234,L8/210
8,199,L8/210,L7/105
8,199,L7/105,L6/52
8,199,L6/52,L6/55
8,199,L6/55,L7/111
8,199,L7/111,L8/222
8,199,L8/222,L8/219
8,199,L8/219,L8/200
8,199,L8/200,L8/202
8,199,L8/202,L8/204
8,199,L8/204,L8/207
8,199,L8/207,L8/198
8,199,L8/198,L8/199
8,200,L8/369,L8/225
8,200,L8/225,L7/112
8,200,L7/112,L8/224
8,200,L8/224,L8/230
8,200,L8/230,L8/231
8,200,L8/231,L8/233
8,200,L8/233,L7/116
8,200,L7/116,L6/58
8,200,L6/58,L7/117
8,200,L7/117,L8/234
8,200,L8/234,L8/210
8,200,L8/210,L7/105
8,200,L7/105,L6/52
8,200,L6/52,L6/55
8,200,L6/55,L7/111
8,200,L7/111,L8/222
8,200,L8/222,L8/219
8,200,L8/219,L8/200
8,201,L8/369,L8/225
8,201,L8/225,L7/112
8,201,L7/112,L8/224
8,201,L8/224,L8/230
8,201,L8/230,L8/231
8,201,L8/231,L8/233
8,201,L8/233,L7/116
8,201,L7/116,L6/58
8,201,L6/58,L7/117
8,201,L7/117,L8/234
8,201,L8/234,L8/210
8,201,L8/210,L7/105
8,201,L7/105,L6/52
8,201,L6/52,L6/55
8,201,L6/55,L7/111
8,201,L7/111,L8/222
8,201,L8/222,L8/201
8,202,L8/369,L8/225
8,202,L8/225,L7/112
8,202,L7/112,L8/224
8,202,L8/224,L8/230
8,202,L8/230,L8/231
8,202,L8/231,L8/233
8,202,L8/233,L7/116
8,202,L7/116,L6/58
8,202,L6/58,L7/117
8,202,L7/117,L8/234
8,202,L8/234,L8/210
8,202,L8/210,L7/105
8,202,L7/105,L6/52
8,202,L6/52,L6/55
8,202,L6/55,L7/111
8,202,L7/111,L8/222
8,202,L8/222,L8/219
8,202,L8/219,L8/200
8,202,L8/200,L8/202
8,203,L8/369,L8/225
8,203,L8/225,L7/112
8,203,L7/112,L8/224
8,203,L8/224,L8/230
8,203,L8/230,L8/231
8,203,L8/231,L8/233
8,203,L8/233,L7/116
8,203,L7/116,L6/58
8,203,L6/58,L7/117
8,203,L7/117,L8/234
8,203,L8/234,L8/210
8,203,L8/210,L7/105
8,203,L7/105,L6/52
8,203,L6/52,L6/55
8,203,L6/55,L7/111
8,203,L7/111,L8/222
8,203,L8/222,L8/219
8,203,L8/219,L8/200
8,203,L8/200,L8/203
8,204,L8/369,L8/225
8,204,L8/225,L7/112
8,204,L7/112,L8/224
8,204,L8/224,L8/230
8,204,L8/230,L8/231
8,204,L8/231,L8/233
8,204,L8/233,L7/116
8,204,L7/116,L6/58
8,204,L6/58,L7/117
8,204,L7/117,L8/234
8,204,L8/234,L8/210
8,204,L8/210,L7/105
8,204,L7/105,L6/52
8,204,L6/52,L6/55
8,204,L6/55,L7/111
8,204,L7/111,L8/222
8,204,L8/222,L8/219
8,204,L8/219,L8/200
8,204,L8/200,L8/202
8,204,L8/202,L8/204
8,205,L8/369,L8/225
8,205,L8/225,L7/112
8,205,L7/112,L8/224
8,205,L8/224,L8/230
8,205,L8/230,L8/231
8,205,L8/231,L8/233
8,205,L8/233,L7/116
8,205,L7/116,L6/58
8,205,L6/58,L7/117
8,205,L7/117,L8/234
8,205,L8/234,L8/210
8,205,L8/210,L7/105
8,205,L7/105,L6/52
8,205,L6/52,L6/55
8,205,L6/55,L7/111
8,205,L7/111,L8/222
8,205,L8/222,L8/219
8,205,L8/219,L8/200
8,205,L8/200,L8/202
8,205,L8/202,L8/204
8,205,L8/204,L8/205
8,206,L8/369,L8/225
8,206,L8/225,L7/112
8,206,L7/112,L8/224
8,206,L8/224,L8/230
8,206,L8/230,L8/231
8,206,L8/231,L8/233
8,206,L8/233,L7/116
8,206,L7/116,L6/58
8,206,L6/58,L7/117
8,206,L7/117,L8/234
8,206,L8/234,L8/210
8,206,L8/210,L7/105
8,206,L7/105,L6/52
8,206,L6/52,L6/55
8,206,L6/55,L7/111
8,206,L7/111,L8/222
8,206,L8/222,L8/219
8,206,L8/219,L8/200
8,206,L8/200,L8/202
8,206,L8/202,L8/204
8,206,L8/204,L8/205
8,206,L8/205,L8/206
8,207,L8/369,L8/225
8,207,L8/225,L7/112
8,207,L7/112,L8/224
8,207,L8/224,L8/230
8,207,L8/230,L8/231
8,207,L8/231,L8/233
8,207,L8/233,L7/116
8,207,L7/116,L6/58
8,207,L6/58,L7/117
8,207,L7/117,L8/234
8,207,L8/234,L8/210
8,207,L8/210,L7/105
8,207,L7/105,L6/52
8,207,L6/52,L6/55
8,207,L6/55,L7/111
8,207,L7/111,L8/222
8,207,L8/222,L8/219
8,207,L8/219,L8/200
8,207,L8/200,L8/202
8,207,L8/202,L8/204
8,207,L8/204,L8/207
8,208,L8/369,L8/225
8,208,L8/225,L7/112
8,208,L7/112,L8/224
8,208,L8/224,L8/230
8,208,L8/230,L8/231
8,208,L8/231,L8/233
8,208,L8/233,L7/116
8,208,L7/116,L6/58
8,208,L6/58,L7/117
8,208,L7/117,L8/235
8,208,L8/235,L8/103
8,208,L8/103,L8/208
8,209,L8/369,L8/225
8,209,L8/225,L7/112
8,209,L7/112,L8/224
8,209,L8/224,L8/230
8,209,L8/230,L8/231
8,209,L8/231,L8/233
8,209,L8/233,L7/116
8,209,L7/116,L6/58
8,209,L6/58,L7/117
8,209,L7/117,L8/234
8,209,L8/234,L8/210
8,209,L8/210,L8/209
8,210,L8/369,L8/225
8,210,L8/225,L7/112
8,210,L7/112,L8/224
8,210,L8/224,L8/230
8,210,L8/230,L8/231
8,210,L8/231,L8/233
8,210,L8/233,L7/116
8,210,L7/116,L6/58
8,210,L6/58,L7/117
8,210,L7/117,L8/234
8,210,L8/234,L8/210
8,211,L8/369,L8/225
8,211,L8/225,L7/112
8,211,L7/112,L8/224
8,211,L8/224,L8/230
8,211,L8/230,L8/231
8,211,L8/231,L8/233
8,211,L8/233,L7/116
8,211,L7/116,L6/58
8,211,L6/58,L7/117
8,211,L7/117,L8/234
8,211,L8/234,L8/211
8,212,L8/369,L8/225
8,212,L8/225,L7/112
8,212,L7/112,L8/224
8,212,L8/224,L8/230
8,212,L8/230,L8/231
8,212,L8/231,L8/233
8,212,L8/233,L7/116
8,212,L7/116,L6/58
8,212,L6/58,L7/117
8,212,L7/117,L8/235
8,212,L8/235,L8/103
8,212,L8/103,L8/100
8,212,L8/100,L8/214
8,212,L8/214,L8/215
8,212,L8/215,L8/212
8,213,L8/369,L8/225
8,213,L8/225,L7/112
8,213,L7/112,L8/224
8,213,L8/224,L8/230
8,213,L8/230,L8/231
8,213,L8/231,L8/233
8,213,L8/233,L7/116
8,213,L7/116,L6/58
8,213,L6/58,L7/117
8,213,L7/117,L8/235
8,213,L8/235,L8/103
8,213,L8/103,L8/100
8,213,L8/100,L8/214
8,213,L8/214,L8/215
8,213,L8/215,L8/213
8,214,L8/369,L8/225
8,214,L8/225,L7/112
8,214,L7/112,L8/224
8,214,L8/224,L8/230
8,214,L8/230,L8/231
8,214,L8/231,L8/233
8,214,L8/233,L7/116
8,214,L7/116,L6/58
8,214,L6/58,L7/117
8,214,L7/117,L8/235
8,214,L8/235,L8/103
8,214,L8/103,L8/100
8,214,L8/100,L8/214
8,215,L8/369,L8/225
8,215,L8/225,L7/112
8,215,L7/112,L8/224
8,215,L8/224,L8/230
8,215,L8/230,L8/231
8,215,L8/231,L8/233
8,215,L8/233,L7/116
8,215,L7/116,L6/58
8,215,L6/58,L7/117
8,215,L7/117,L8/235
8,215,L8/235,L8/103
8,215,L8/103,L8/100
8,215,L8/100,L8/214
8,215,L8/214,L8/215
8,216,L8/369,L8/225
8,216,L8/225,L7/112
8,216,L7/112,L8/224
8,216,L8/224,L8/230
8,216,L8/230,L8/231
8,216,L8/231,L8/233
8,216,L8/233,L7/116
8,216,L7/116,L6/58
8,216,L6/58,L7/117
8,216,L7/117,L8/234
8,216,L8/234,L8/210
8,216,L8/210,L7/105
8,216,L7/105,L6/52
8,216,L6/52,L6/55
8,216,L6/55,L7/110
8,216,L7/110,L8/221
8,216,L8/221,L8/216
8,217,L8/369,L8/225
8,217,L8/225,L7/112
8,217,L7/112,L8/224
8,217,L8/224,L8/230
8,217,L8/230,L8/231
8,217,L8/231,L8/233
8,217,L8/233,L7/116
8,217,L7/116,L6/58
8,217,L6/58,L7/117
8,217,L7/117,L8/234
8,217,L8/234,L8/210
8,217,L8/210,L7/105
8,217,L7/105,L6/52
8,217,L6/52,L6/55
8,217,L6/55,L7/110
8,217,L7/110,L8/221
8,217,L8/221,L8/216
8,217,L8/216,L8/217
8,218,L8/369,L8/225
8,218,L8/225,L7/112
8,218,L7/112,L8/224
8,218,L8/224,L8/230
8,218,L8/230,L8/231
8,218,L8/231,L8/233
8,218,L8/233,L7/116
8,218,L7/116,L6/58
8,218,L6/58,L7/117
8,218,L7/117,L8/234
8,218,L8/234,L8/210
8,218,L8/210,L7/105
8,218,L7/105,L6/52
8,218,L6/52,L6/55
8,218,L6/55,L7/111
8,218,L7/111,L8/222
8,218,L8/222,L8/219
8,218,L8/219,L8/218
8,219,L8/369,L8/225
8,219,L8/225,L7/112
8,219,L7/112,L8/224
8,219,L8/224,L8/230
8,219,L8/230,L8/231
8,219,L8/231,L8/233
8,219,L8/233,L7/116
8,219,L7/116,L6/58
8,219,L6/58,L7/117
8,219,L7/117,L8/234
8,219,L8/234,L8/210
8,219,L8/210,L7/105
8,219,L7/105,L6/52
8,219,L6/52,L6/55
8,219,L6/55,L7/111
8,219,L7/111,L8/222
8,219,L8/222,L8/219
8,220,L8/369,L8/225
8,220,L8/225,L7/112
8,220,L7/112,L8/224
8,220,L8/224,L8/230
8,220,L8/230,L8/231
8,220,L8/231,L8/233
8,220,L8/233,L7/116
8,220,L7/116,L6/58
8,220,L6/58,L7/117
8,220,L7/117,L8/234
8,220,L8/234,L8/210
8,220,L8/210,L7/105
8,220,L7/105,L6/52
8,220,L6/52,L6/55
8,220,L6/55,L7/110
8,220,L7/110,L8/220
8,221,L8/369,L8/225
8,221,L8/225,L7/112
8,221,L7/112,L8/224
8,221,L8/224,L8/230
8,221,L8/230,L8/231
8,221,L8/231,L8/233
8,221,L8/233,L7/116
8,221,L7/116,L6/58
8,221,L6/58,L7/117
8,221,L7/117,L8/234
8,221,L8/234,L8/210
8,221,L8/210,L7/105
8,221,L7/105,L6/52
8,221,L6/52,L6/55
8,221,L6/55,L7/110
8,221,L7/110,L8/221
8,222,L8/369,L8/225
8,222,L8/225,L7/112
8,222,L7/112,L8/224
8,222,L8/224,L8/230
8,222,L8/230,L8/231
8,222,L8/231,L8/233
8,222,L8/233,L7/116
8,222,L7/116,L6/58
8,222,L6/58,L7/117
8,222,L7/117,L8/234
8,222,L8/234,L8/210
8,222,L8/210,L7/105
8,222,L7/105,L6/52
8,222,L6/52,L6/55
8,222,L6/55,L7/111
8,222,L7/111,L8/222
8,223,L8/369,L8/225
8,223,L8/225,L7/112
8,223,L7/112,L8/224
8,223,L8/224,L8/230
8,223,L8/230,L8/231
8,223,L8/231,L8/233
8,223,L8/233,L7/116
8,223,L7/116,L6/58
8,223,L6/58,L7/117
8,223,L7/117,L8/234
8,223,L8/234,L8/210
8,223,L8/210,L7/105
8,223,L7/105,L6/52
8,223,L6/52,L6/55
8,223,L6/55,L7/111
8,223,L7/111,L8/223
8,224,L8/369,L8/225
8,224,L8/225,L7/112
8,224,L7/112,L8/224
8,225,L8/369,L8/225
8,226,L8/369,L8/225
8,226,L8/225,L7/112
8,226,L7/112,L8/224
8,226,L8/224,L8/226
8,227,L8/369,L8/225
8,227,L8/225,L7/112
8,227,L7/112,L8/224
8,227,L8/224,L8/227
8,228,L8/369,L8/225
8,228,L8/225,L7/112
8,228,L7/112,L8/224
8,228,L8/224,L8/227
8,228,L8/227,L8/228
8,229,L8/369,L8/225
8,229,L8/225,L7/112
8,229,L7/112,L8/224
8,229,L8/224,L8/227
8,229,L8/227,L8/228
8,229,L8/228,L8/229
8,230,L8/369,L8/225
8,230,L8/225,L7/112
8,230,L7/112,L8/224
8,230,L8/224,L8/230
8,231,L8/369,L8/225
8,231,L8/225,L7/112
8,231,L7/112,L8/224
8,231,L8/224,L8/230
8,231,L8/230,L8/231
8,232,L8/369,L8/225
8,232,L8/225,L7/112
8,232,L7/112,L8/224
8,232,L8/224,L8/230
8,232,L8/230,L8/231
8,232,L8/231,L8/233
8,232,L8/233,L8/232
8,233,L8/369,L8/225
8,233,L8/225,L7/112
8,233,L7/112,L8/224
8,233,L8/224,L8/230
8,233,L8/230,L8/231
8,233,L8/231,L8/233
8,234,L8/369,L8/225
8,234,L8/225,L7/112
8,234,L7/112,L8/224
8,234,L8/224,L8/230
8,234,L8/230,L8/231
8,234,L8/231,L8/233
8,234,L8/233,L7/116
8,234,L7/116,L6/58
8,234,L6/58,L7/117
8,234,L7/117,L8/234
8,235,L8/369,L8/225
8,235,L8/225,L7/112
8,235,L7/112,L8/224
8,235,L8/224,L8/230
8,235,L8/230,L8/231
8,235,L8/231,L8/233
8,235,L8/233,L7/116
8,235,L7/116,L6/58
8,235,L6/58,L7/117
8,235,L7/117,L8/235
8,236,L8/369,L8/225
8,236,L8/225,L7/112
8,236,L7/112,L8/224
8,236,L8/224,L8/227
8,236,L8/227,L8/228
8,236,L8/228,L8/229
8,236,L8/229,L8/237
8,236,L8/237,L8/236
8,237,L8/369,L8/225
8,237,L8/225,L7/112
8,237,L7/112,L8/224
8,237,L8/224,L8/227
8,237,L8/227,L8/228
8,237,L8/228,L8/229
8,237,L8/229,L8/237
8,238,L8/369,L8/225
8,238,L8/225,L7/112
8,238,L7/112,L8/224
8,238,L8/224,L8/227
8,238,L8/227,L8/228
8,238,L8/228,L8/229
8,238,L8/229,L8/237
8,238,L8/237,L8/238
8,239,L8/369,L8/225
8,239,L8/225,L7/112
8,239,L7/112,L8/224
8,239,L8/224,L8/227
8,239,L8/227,L8/228
8,239,L8/228,L8/229
8,239,L8/229,L8/237
8,239,L8/237,L8/239
8,240,L8/369,L8/368
8,240,L8/368,L8/253
8,240,L8/253,L7/126
8,240,L7/126,L8/252
8,240,L8/252,L8/255
8,240,L8/255,L8/254
8,240,L8/254,L8/244
8,240,L8/244,L8/245
8,240,L8/245,L8/240
8,241,L8/369,L8/368
8,241,L8/368,L8/253
8,241,L8/253,L7/126
8,241,L7/126,L8/252
8,241,L8/252,L8/255
8,241,L8/255,L8/254
8,241,L8/254,L8/244
8,241,L8/244,L8/245
8,241,L8/245,L8/241
8,242,L8/369,L8/368
8,242,L8/368,L8/253
8,242,L8/253,L7/126
8,242,L7/126,L8/252
8,242,L8/252,L8/249
8,242,L8/249,L8/250
8,242,L8/250,L8/247
8,242,L8/247,L8/242
8,243,L8/369,L8/368
8,243,L8/368,L8/253
8,243,L8/253,L7/126
8,243,L7/126,L8/252
8,243,L8/252,L8/249
8,243,L8/249,L8/250
8,243,L8/250,L8/247
8,243,L8/247,L8/242
8,243,L8/242,L8/243
8,244,L8/369,L8/368
8,244,L8/368,L8/253
8,244,L8/253,L7/126
8,244,L7/126,L8/252
8,244,L8/252,L8/255
8,244,L8/255,L8/254
8,244,L8/254,L8/244
8,245,L8/369,L8/368
8,245,L8/368,L8/253
8,245,L8/253,L7/126
8,245,L7/126,L8/252
8,245,L8/252,L8/255
8,245,L8/255,L8/254
8,245,L8/254,L8/244
8,245,L8/244,L8/245
8,246,L8/369,L8/368
8,246,L8/368,L8/253
8,246,L8/253,L7/126
8,246,L7/126,L8/252
8,246,L8/252,L8/249
8,246,L8/249,L8/251
8,246,L8/251,L8/246
8,247,L8/369,L8/368
8,247,L8/368,L8/253
8,247,L8/253,L7/126
8,247,L7/126,L8/252
8,247,L8/252,L8/249
8,247,L8/249,L8/250
8,247,L8/250,L8/247
8,248,L8/369,L8/368
8,248,L8/368,L8/253
8,248,L8/253,L7/126
8,248,L7/126,L8/252
8,248,L8/252,L8/249
8,248,L8/249,L8/248
8,249,L8/369,L8/368
8,249,L8/368,L8/253
8,249,L8/253,L7/126
8,249,L7/126,L8/252
8,249,L8/252,L8/249
8,250,L8/369,L8/368
8,250,L8/368,L8/253
8,250,L8/253,L7/126
8,250,L7/126,L8/252
8,250,L8/252,L8/249
8,250,L8/249,L8/250
8,251,L8/369,L8/368
8,251,L8/368,L8/253
8,251,L8/253,L7/126
8,251,L7/126,L8/252
8,251,L8/252,L8/249
8,251,L8/249,L8/251
8,252,L8/369,L8/368
8,252,L8/368,L8/253
8,252,L8/253,L7/126
8,252,L7/126,L8/252
8,253,L8/369,L8/368
8,253,L8/368,L8/253
8,254,L8/369,L8/368
8,254,L8/368,L8/253
8,254,L8/253,L7/126
8,254,L7/126,L8/252
8,254,L8/252,L8/255
8,254,L8/255,L8/254
8,255,L8/369,L8/368
8,255,L8/368,L8/253
8,255,L8/253,L7/126
8,255,L7/126,L8/252
8,255,L8/252,L8/255
8,256,L8/369,L8/225
8,256,L8/225,L8/118
8,256,L8/118,L8/414
8,256,L8/414,L8/412
8,256,L8/412,L8/410
8,256,L8/410,L7/205
8,256,L7/205,L6/102
8,256,L6/102,L7/204
8,256,L7/204,L8/408
8,256,L8/408,L8/256
8,257,L8/369,L8/225
8,257,L8/225,L8/118
8,257,L8/118,L8/414
8,257,L8/414,L8/412
8,257,L8/412,L8/410
8,257,L8/410,L7/205
8,257,L7/205,L6/102
8,257,L6/102,L7/204
8,257,L7/204,L8/408
8,257,L8/408,L8/256
8,257,L8/256,L8/257
8,258,L8/369,L8/225
8,258,L8/225,L8/118
8,258,L8/118,L8/414
8,258,L8/414,L8/412
8,258,L8/412,L8/410
8,258,L8/410,L7/205
8,258,L7/205,L6/102
8,258,L6/102,L7/204
8,258,L7/204,L8/409
8,258,L8/409,L8/258
8,259,L8/369,L8/225
8,259,L8/225,L8/118
8,259,L8/118,L8/414
8,259,L8/414,L8/412
8,259,L8/412,L8/410
8,259,L8/410,L7/205
8,259,L7/205,L6/102
8,259,L6/102,L7/204
8,259,L7/204,L8/409
8,259,L8/409,L8/259
8,260,L8/369,L8/225
8,260,L8/225,L8/118
8,260,L8/118,L8/414
8,260,L8/414,L8/412
8,260,L8/412,L8/410
8,260,L8/410,L7/205
8,260,L7/205,L6/102
8,260,L6/102,L7/204
8,260,L7/204,L8/409
8,260,L8/409,L8/259
8,260,L8/259,L8/260
8,261,L8/369,L8/225
8,261,L8/225,L8/118
8,261,L8/118,L8/414
8,261,L8/414,L8/412
8,261,L8/412,L8/410
8,261,L8/410,L7/205
8,261,L7/205,L6/102
8,261,L6/102,L7/204
8,261,L7/204,L8/409
8,261,L8/409,L8/259
8,261,L8/259,L8/260
8,261,L8/260,L8/261
8,262,L8/369,L8/225
8,262,L8/225,L8/118
8,262,L8/118,L8/414
8,262,L8/414,L8/412
8,262,L8/412,L8/410
8,262,L8/410,L7/205
8,262,L7/205,L6/102
8,262,L6/102,L7/204
8,262,L7/204,L8/408
8,262,L8/408,L8/256
8,262,L8/256,L8/262
8,263,L8/369,L8/225
8,263,L8/225,L8/118
8,263,L8/118,L8/414
8,263,L8/414,L8/412
8,263,L8/412,L8/410
8,263,L8/410,L7/205
8,263,L7/205,L6/102
8,263,L6/102,L7/204
8,263,L7/204,L8/408
8,263,L8/408,L8/256
8,263,L8/256,L8/263
8,264,L8/369,L8/225
8,264,L8/225,L8/118
8,264,L8/118,L8/414
8,264,L8/414,L8/412
8,264,L8/412,L8/410
8,264,L8/410,L7/205
8,264,L7/205,L6/102
8,264,L6/102,L7/204
8,264,L7/204,L8/408
8,264,L8/408,L8/256
8,264,L8/256,L8/257
8,264,L8/257,L8/264
8,265,L8/369,L8/225
8,265,L8/225,L8/118
8,265,L8/118,L8/414
8,265,L8/414,L8/412
8,265,L8/412,L8/410
8,265,L8/410,L7/205
8,265,L7/205,L6/102
8,265,L6/102,L7/204
8,265,L7/204,L8/408
8,265,L8/408,L8/256
8,265,L8/256,L8/257
8,265,L8/257,L8/264
8,265,L8/264,L8/265
8,266,L8/369,L8/225
8,266,L8/225,L8/118
8,266,L8/118,L8/414
8,266,L8/414,L8/412
8,266,L8/412,L8/410
8,266,L8/410,L7/205
8,266,L7/205,L6/102
8,266,L6/102,L7/204
8,266,L7/204,L8/408
8,266,L8/408,L8/256
8,266,L8/256,L8/257
8,266,L8/257,L8/264
8,266,L8/264,L8/266
8,267,L8/369,L8/225
8,267,L8/225,L8/118
8,267,L8/118,L8/414
8,267,L8/414,L8/412
8,267,L8/412,L8/410
8,267,L8/410,L7/205
8,267,L7/205,L6/102
8,267,L6/102,L7/204
8,267,L7/204,L8/408
8,267,L8/408,L8/256
8,267,L8/256,L8/257
8,267,L8/257,L8/264
8,267,L8/264,L8/267
8,268,L8/369,L8/225
8,268,L8/225,L8/118
8,268,L8/118,L8/414
8,268,L8/414,L8/412
8,268,L8/412,L8/410
8,268,L8/410,L7/205
8,268,L7/205,L6/102
8,268,L6/102,L7/204
8,268,L7/204,L8/408
8,268,L8/408,L8/256
8,268,L8/256,L8/257
8,268,L8/257,L8/264
8,268,L8/264,L8/267
8,268,L8/267,L8/268
8,269,L8/369,L8/225
8,269,L8/225,L8/118
8,269,L8/118,L8/414
8,269,L8/414,L8/412
8,269,L8/412,L8/410
8,269,L8/410,L7/205
8,269,L7/205,L6/102
8,269,L6/102,L7/204
8,269,L7/204,L8/409
8,269,L8/409,L8/259
8,269,L8/259,L8/260
8,269,L8/260,L8/261
8,269,L8/261,L8/270
8,269,L8/270,L8/269
8,270,L8/369,L8/225
8,270,L8/225,L8/118
8,270,L8/118,L8/414
8,270,L8/414,L8/412
8,270,L8/412,L8/410
8,270,L8/410,L7/205
8,270,L7/205,L6/102
8,270,L6/102,L7/204
8,270,L7/204,L8/409
8,270,L8/409,L8/259
8,270,L8/259,L8/260
8,270,L8/260,L8/261
8,270,L8/261,L8/270
8,271,L8/369,L8/225
8,271,L8/225,L8/118
8,271,L8/118,L8/414
8,271,L8/414,L8/412
8,271,L8/412,L8/410
8,271,L8/410,L7/205
8,271,L7/205,L6/102
8,271,L6/102,L7/204
8,271,L7/204,L8/409
8,271,L8/409,L8/259
8,271,L8/259,L8/260
8,271,L8/260,L8/261
8,271,L8/261,L8/271
8,272,L8/369,L8/368
8,272,L8/368,L8/284
8,272,L8/284,L8/282
8,272,L8/282,L8/281
8,272,L8/281,L8/274
8,272,L8/274,L8/272
8,273,L8/369,L8/368
8,273,L8/368,L8/284
8,273,L8/284,L8/282
8,273,L8/282,L8/281
8,273,L8/281,L8/274
8,273,L8/274,L8/273
8,274,L8/369,L8/368
8,274,L8/368,L8/284
8,274,L8/284,L8/282
8,274,L8/282,L8/281
8,274,L8/281,L8/274
8,275,L8/369,L8/368
8,275,L8/368,L8/284
8,275,L8/284,L8/282
8,275,L8/282,L8/281
8,275,L8/281,L8/274
8,275,L8/274,L8/275
8,276,L8/369,L8/368
8,276,L8/368,L8/284
8,276,L8/284,L8/282
8,276,L8/282,L8/281
8,276,L8/281,L8/279
8,276,L8/279,L8/276
8,277,L8/369,L8/368
8,277,L8/368,L8/284
8,277,L8/284,L8/282
8,277,L8/282,L8/280
8,277,L8/280,L8/278
8,277,L8/278,L8/277
8,278,L8/369,L8/368
8,278,L8/368,L8/284
8,278,L8/284,L8/282
8,278,L8/282,L8/280
8,278,L8/280,L8/278
8,279,L8/369,L8/368
8,279,L8/368,L8/284
8,279,L8/284,L8/282
8,279,L8/282,L8/281
8,279,L8/281,L8/279
8,280,L8/369,L8/368
8,280,L8/368,L8/284
8,280,L8/284,L8/282
8,280,L8/282,L8/280
8,281,L8/369,L8/368
8,281,L8/368,L8/284
8,281,L8/284,L8/282
8,281,L8/282,L8/281
8,282,L8/369,L8/368
8,282,L8/368,L8/284
8,282,L8/284,L8/282
8,283,L8/369,L8/368
8,283,L8/368,L8/284
8,283,L8/284,L8/283
8,284,L8/369,L8/368
8,284,L8/368,L8/284
8,285,L8/369,L8/285
8,286,L8/369,L8/368
8,286,L8/368,L8/284
8,286,L8/284,L8/286
8,287,L8/369,L8/368
8,287,L8/368,L8/284
8,287,L8/284,L8/287
8,288,L8/369,L8/225
8,288,L8/225,L8/118
8,288,L8/118,L8/414
8,288,L8/414,L8/412
8,288,L8/412,L8/410
8,288,L8/410,L7/205
8,288,L7/205,L6/102
8,288,L6/102,L7/204
8,288,L7/204,L8/409
8,288,L8/409,L8/395
8,288,L8/395,L8/394
8,288,L8/394,L8/393
8,288,L8/393,L8/398
8,288,L8/398,L8/397
8,288,L8/397,L8/396
8,288,L8/396,L8/478
8,288,L8/478,L8/477
8,288,L8/477,L8/509
8,288,L8/509,L8/508
8,288,L8/508,L8/486
8,288,L8/486,L7/243
8,288,L7/243,L7/247
8,288,L7/247,L8/494
8,288,L8/494,L8/492
8,288,L8/492,L8/490
8,288,L8/490,L8/318
8,288,L8/318,L7/159
8,288,L7/159,L8/319
8,288,L8/319,L8/313
8,288,L8/313,L8/315
8,288,L8/315,L8/307
8,288,L8/307,L8/292
8,288,L8/292,L8/293
8,288,L8/293,L8/295
8,288,L8/295,L8/288
8,289,L8/369,L8/225
8,289,L8/225,L8/118
8,289,L8/118,L8/414
8,289,L8/414,L8/412
8,289,L8/412,L8/410
8,289,L8/410,L7/205
8,289,L7/205,L6/102
8,289,L6/102,L7/204
8,289,L7/204,L8/409
8,289,L8/409,L8/395
8,289,L8/395,L8/394
8,289,L8/394,L8/393
8,289,L8/393,L8/398
8,289,L8/398,L8/397
8,289,L8/397,L8/396
8,289,L8/396,L8/478
8,289,L8/478,L8/477
8,289,L8/477,L8/509
8,289,L8/509,L8/508
8,289,L8/508,L8/486
8,289,L8/486,L7/243
8,289,L7/243,L7/247
8,289,L7/247,L8/494
8,289,L8/494,L8/492
8,289,L8/492,L8/490
8,289,L8/490,L8/318
8,289,L8/318,L7/159
8,289,L7/159,L8/319
8,289,L8/319,L8/313
8,289,L8/313,L8/315
8,289,L8/315,L8/307
8,289,L8/307,L8/292
8,289,L8/292,L8/293
8,289,L8/293,L8/295
8,289,L8/295,L8/288
8,289,L8/288,L8/289
8,290,L8/369,L8/225
8,290,L8/225,L8/118
8,290,L8/118,L8/414
8,290,L8/414,L8/412
8,290,L8/412,L8/410
8,290,L8/410,L7/205
8,290,L7/205,L6/102
8,290,L6/102,L7/204
8,290,L7/204,L8/409
8,290,L8/409,L8/395
8,290,L8/395,L8/394
8,290,L8/394,L8/393
8,290,L8/393,L8/398
8,290,L8/398,L8/397
8,290,L8/397,L8/396
8,290,L8/396,L8/478
8,290,L8/478,L8/477
8,290,L8/477,L8/509
8,290,L8/509,L8/508
8,290,L8/508,L8/486
8,290,L8/486,L7/243
8,290,L7/243,L7/247
8,290,L7/247,L8/494
8,290,L8/494,L8/492
8,290,L8/492,L8/490
8,290,L8/490,L8/318
8,290,L8/318,L7/159
8,290,L7/159,L8/319
8,290,L8/319,L8/313
8,290,L8/313,L8/315
8,290,L8/315,L8/307
8,290,L8/307,L8/292
8,290,L8/292,L8/293
8,290,L8/293,L8/295
8,290,L8/295,L8/288
8,290,L8/288,L8/290
8,291,L8/369,L8/225
8,291,L8/225,L8/118
8,291,L8/118,L8/414
8,291,L8/414,L8/412
8,291,L8/412,L8/410
8,291,L8/410,L7/205
8,291,L7/205,L6/102
8,291,L6/102,L7/204
8,291,L7/204,L8/409
8,291,L8/409,L8/395
8,291,L8/395,L8/394
8,291,L8/394,L8/393
8,291,L8/393,L8/398
8,291,L8/398,L8/397
8,291,L8/397,L8/396
8,291,L8/396,L8/478
8,291,L8/478,L8/477
8,291,L8/477,L8/509
8,291,L8/509,L8/508
8,291,L8/508,L8/486
8,291,L8/486,L7/243
8,291,L7/243,L7/247
8,291,L7/247,L8/494
8,291,L8/494,L8/492
8,291,L8/492,L8/490
8,291,L8/490,L8/318
8,291,L8/318,L7/159
8,291,L7/159,L8/319
8,291,L8/319,L8/313
8,291,L8/313,L8/315
8,291,L8/315,L8/307
8,291,L8/307,L8/304
8,291,L8/304,L8/302
8,291,L8/302,L8/303
8,291,L8/303,L8/296
8,291,L8/296,L8/291
8,292,L8/369,L8/225
8,292,L8/225,L8/118
8,292,L8/118,L8/414
8,292,L8/414,L8/412
8,292,L8/412,L8/410
8,292,L8/410,L7/205
8,292,L7/205,L6/102
8,292,L6/102,L7/204
8,292,L7/204,L8/409
8,292,L8/409,L8/395
8,292,L8/395,L8/394
8,292,L8/394,L8/393
8,292,L8/393,L8/398
8,292,L8/398,L8/397
8,292,L8/397,L8/396
8,292,L8/396,L8/478
8,292,L8/478,L8/477
8,292,L8/477,L8/509
8,292,L8/509,L8/508
8,292,L8/508,L8/486
8,292,L8/486,L7/243
8,292,L7/243,L7/247
8,292,L7/247,L8/494
8,292,L8/494,L8/492
8,292,L8/492,L8/490
8,292,L8/490,L8/318
8,292,L8/318,L7/159
8,292,L7/159,L8/319
8,292,L8/319,L8/313
8,292,L8/313,L8/315
8,292,L8/315,L8/307
8,292,L8/307,L8/292
8,293,L8/369,L8/225
8,293,L8/225,L8/118
8,293,L8/118,L8/414
8,293,L8/414,L8/412
8,293,L8/412,L8/410
8,293,L8/410,L7/205
8,293,L7/205,L6/102
8,293,L6/102,L7/204
8,293,L7/204,L8/409
8,293,L8/409,L8/395
8,293,L8/395,L8/394
8,293,L8/394,L8/393
8,293,L8/393,L8/398
8,293,L8/398,L8/397
8,293,L8/397,L8/396
8,293,L8/396,L8/478
8,293,L8/478,L8/477
8,293,L8/477,L8/509
8,293,L8/509,L8/508
8,293,L8/508,L8/486
8,293,L8/486,L7/243
8,293,L7/243,L7/247
8,293,L7/247,L8/494
8,293,L8/494,L8/492
8,293,L8/492,L8/490
8,293,L8/490,L8/318
8,293,L8/318,L7/159
8,293,L7/159,L8/319
8,293,L8/319,L8/313
8,293,L8/313,L8/315
8,293,L8/315,L8/307
8,293,L8/307,L8/292
8,293,L8/292,L8/293
8,294,L8/369,L8/225
8,294,L8/225,L8/118
8,294,L8/118,L8/414
8,294,L8/414,L8/412
8,294,L8/412,L8/410
8,294,L8/410,L7/205
8,294,L7/205,L6/102
8,294,L6/102,L7/204
8,294,L7/204,L8/409
8,294,L8/409,L8/395
8,294,L8/395,L8/394
8,294,L8/394,L8/393
8,294,L8/393,L8/398
8,294,L8/398,L8/397
8,294,L8/397,L8/396
8,294,L8/396,L8/478
8,294,L8/478,L8/477
8,294,L8/477,L8/509
8,294,L8/509,L8/508
8,294,L8/508,L8/486
8,294,L8/486,L7/243
8,294,L7/243,L7/247
8,294,L7/247,L8/494
8,294,L8/494,L8/492
8,294,L8/492,L8/490
8,294,L8/490,L8/318
8,294,L8/318,L7/159
8,294,L7/159,L8/319
8,294,L8/319,L8/313
8,294,L8/313,L8/315
8,294,L8/315,L8/307
8,294,L8/307,L8/292
8,294,L8/292,L8/293
8,294,L8/293,L8/294
8,295,L8/369,L8/225
8,295,L8/225,L8/118
8,295,L8/118,L8/414
8,295,L8/414,L8/412
8,295,L8/412,L8/410
8,295,L8/410,L7/205
8,295,L7/205,L6/102
8,295,L6/102,L7/204
8,295,L7/204,L8/409
8,295,L8/409,L8/395
8,295,L8/395,L8/394
8,295,L8/394,L8/393
8,295,L8/393,L8/398
8,295,L8/398,L8/397
8,295,L8/397,L8/396
8,295,L8/396,L8/478
8,295,L8/478,L8/477
8,295,L8/477,L8/509
8,295,L8/509,L8/508
8,295,L8/508,L8/486
8,295,L8/486,L7/243
8,295,L7/243,L7/247
8,295,L7/247,L8/494
8,295,L8/494,L8/492
8,295,L8/492,L8/490
8,295,L8/490,L8/318
8,295,L8/318,L7/159
8,295,L7/159,L8/319
8,295,L8/319,L8/313
8,295,L8/313,L8/315
8,295,L8/315,L8/307
8,295,L8/307,L8/292
8,295,L8/292,L8/293
8,295,L8/293,L8/295
8,296,L8/369,L8/225
8,296,L8/225,L8/118
8,296,L8/118,L8/414
8,296,L8/414,L8/412
8,296,L8/412,L8/410
8,296,L8/410,L7/205
8,296,L7/205,L6/102
8,296,L6/102,L7/204
8,296,L7/204,L8/409
8,296,L8/409,L8/395
8,296,L8/395,L8/394
8,296,L8/394,L8/393
8,296,L8/393,L8/398
8,296,L8/398,L8/397
8,296,L8/397,L8/396
8,296,L8/396,L8/478
8,296,L8/478,L8/477
8,296,L8/477,L8/509
8,296,L8/509,L8/508
8,296,L8/508,L8/486
8,296,L8/486,L7/243
8,296,L7/243,L7/247
8,296,L7/247,L8/494
8,296,L8/494,L8/492
8,296,L8/492,L8/490
8,296,L8/490,L8/318
8,296,L8/318,L7/159
8,296,L7/159,L8/319
8,296,L8/319,L8/313
8,296,L8/313,L8/315
8,296,L8/315,L8/307
8,296,L8/307,L8/304
8,296,L8/304,L8/302
8,296,L8/302,L8/303
8,296,L8/303,L8/296
8,297,L8/369,L8/225
8,297,L8/225,L8/118
8,297,L8/118,L8/414
8,297,L8/414,L8/412
8,297,L8/412,L8/410
8,297,L8/410,L7/205
8,297,L7/205,L6/102
8,297,L6/102,L7/204
8,297,L7/204,L8/409
8,297,L8/409,L8/395
8,297,L8/395,L8/394
8,297,L8/394,L8/393
8,297,L8/393,L8/398
8,297,L8/398,L8/397
8,297,L8/397,L8/396
8,297,L8/396,L8/478
8,297,L8/478,L8/477
8,297,L8/477,L8/509
8,297,L8/509,L8/508
8,297,L8/508,L8/486
8,297,L8/486,L7/243
8,297,L7/243,L7/247
8,297,L7/247,L8/494
8,297,L8/494,L8/492
8,297,L8/492,L8/490
8,297,L8/490,L8/318
8,297,L8/318,L7/159
8,297,L7/159,L8/319
8,297,L8/319,L8/317
8,297,L8/317,L8/308
8,297,L8/308,L8/311
8,297,L8/311,L8/301
8,297,L8/301,L8/300
8,297,L8/300,L8/298
8,297,L8/298,L8/297
8,298,L8/369,L8/225
8,298,L8/225,L8/118
8,298,L8/118,L8/414
8,298,L8/414,L8/412
8,298,L8/412,L8/410
8,298,L8/410,L7/205
8,298,L7/205,L6/102
8,298,L6/102,L7/204
8,298,L7/204,L8/409
8,298,L8/409,L8/395
8,298,L8/395,L8/394
8,298,L8/394,L8/393
8,298,L8/393,L8/398
8,298,L8/398,L8/397
8,298,L8/397,L8/396
8,298,L8/396,L8/478
8,298,L8/478,L8/477
8,298,L8/477,L8/509
8,298,L8/509,L8/508
8,298,L8/508,L8/486
8,298,L8/486,L7/243
8,298,L7/243,L7/247
8,298,L7/247,L8/494
8,298,L8/494,L8/492
8,298,L8/492,L8/490
8,298,L8/490,L8/318
8,298,L8/318,L7/159
8,298,L7/159,L8/319
8,298,L8/319,L8/317
8,298,L8/317,L8/308
8,298,L8/308,L8/311
8,298,L8/311,L8/301
8,298,L8/301,L8/300
8,298,L8/300,L8/298
8,299,L8/369,L8/225
8,299,L8/225,L8/118
8,299,L8/118,L8/414
8,299,L8/414,L8/412
8,299,L8/412,L8/410
8,299,L8/410,L7/205
8,299,L7/205,L6/102
8,299,L6/102,L7/204
8,299,L7/204,L8/409
8,299,L8/409,L8/395
8,299,L8/395,L8/394
8,299,L8/394,L8/393
8,299,L8/393,L8/398
8,299,L8/398,L8/397
8,299,L8/397,L8/396
8,299,L8/396,L8/478
8,299,L8/478,L8/477
8,299,L8/477,L8/509
8,299,L8/509,L8/508
8,299,L8/508,L8/486
8,299,L8/486,L7/243
8,299,L7/243,L7/247
8,299,L7/247,L8/494
8,299,L8/494,L8/492
8,299,L8/492,L8/490
8,299,L8/490,L8/318
8,299,L8/318,L7/159
8,299,L7/159,L8/319
8,299,L8/319,L8/317
8,299,L8/317,L8/308
8,299,L8/308,L8/311
8,299,L8/311,L8/301
8,299,L8/301,L8/299
8,300,L8/369,L8/225
8,300,L8/225,L8/118
8,300,L8/118,L8/414
8,300,L8/414,L8/412
8,300,L8/412,L8/410
8,300,L8/410,L7/205
8,300,L7/205,L6/102
8,300,L6/102,L7/204
8,300,L7/204,L8/409
8,300,L8/409,L8/395
8,300,L8/395,L8/394
8,300,L8/394,L8/393
8,300,L8/393,L8/398
8,300,L8/398,L8/397
8,300,L8/397,L8/396
8,300,L8/396,L8/478
8,300,L8/478,L8/477
8,300,L8/477,L8/509
8,300,L8/509,L8/508
8,300,L8/508,L8/486
8,300,L8/486,L7/243
8,300,L7/243,L7/247
8,300,L7/247,L8/494
8,300,L8/494,L8/492
8,300,L8/492,L8/490
8,300,L8/490,L8/318
8,300,L8/318,L7/159
8,300,L7/159,L8/319
8,300,L8/319,L8/317
8,300,L8/317,L8/308
8,300,L8/308,L8/311
8,300,L8/311,L8/301
8,300,L8/301,L8/300
8,301,L8/369,L8/225
8,301,L8/225,L8/118
8,301,L8/118,L8/414
8,301,L8/414,L8/412
8,301,L8/412,L8/410
8,301,L8/410,L7/205
8,301,L7/205,L6/102
8,301,L6/102,L7/204
8,301,L7/204,L8/409
8,301,L8/409,L8/395
8,301,L8/395,L8/394
8,301,L8/394,L8/393
8,301,L8/393,L8/398
8,301,L8/398,L8/397
8,301,L8/397,L8/396
8,301,L8/396,L8/478
8,301,L8/478,L8/477
8,301,L8/477,L8/509
8,301,L8/509,L8/508
8,301,L8/508,L8/486
8,301,L8/486,L7/243
8,301,L7/243,L7/247
8,301,L7/247,L8/494
8,301,L8/494,L8/492
8,301,L8/492,L8/490
8,301,L8/490,L8/318
8,301,L8/318,L7/159
8,301,L7/159,L8/319
8,301,L8/319,L8/317
8,301,L8/317,L8/308
8,301,L8/308,L8/311
8,301,L8/311,L8/301
8,302,L8/369,L8/225
8,302,L8/225,L8/118
8,302,L8/118,L8/414
8,302,L8/414,L8/412
8,302,L8/412,L8/410
8,302,L8/410,L7/205
8,302,L7/205,L6/102
8,302,L6/102,L7/204
8,302,L7/204,L8/409
8,302,L8/409,L8/395
8,302,L8/395,L8/394
8,302,L8/394,L8/393
8,302,L8/393,L8/398
8,302,L8/398,L8/397
8,302,L8/397,L8/396
8,302,L8/396,L8/478
8,302,L8/478,L8/477
8,302,L8/477,L8/509
8,302,L8/509,L8/508
8,302,L8/508,L8/486
8,302,L8/486,L7/243
8,302,L7/243,L7/247
8,302,L7/247,L8/494
8,302,L8/494,L8/492
8,302,L8/492,L8/490
8,302,L8/490,L8/318
8,302,L8/318,L7/159
8,302,L7/159,L8/319
8,302,L8/319,L8/313
8,302,L8/313,L8/315
8,302,L8/315,L8/307
8,302,L8/307,L8/304
8,302,L8/304,L8/302
8,303,L8/369,L8/225
8,303,L8/225,L8/118
8,303,L8/118,L8/414
8,303,L8/414,L8/412
8,303,L8/412,L8/410
8,303,L8/410,L7/205
8,303,L7/205,L6/102
8,303,L6/102,L7/204
8,303,L7/204,L8/409
8,303,L8/409,L8/395
8,303,L8/395,L8/394
8,303,L8/394,L8/393
8,303,L8/393,L8/398
8,303,L8/398,L8/397
8,303,L8/397,L8/396
8,303,L8/396,L8/478
8,303,L8/478,L8/477
8,303,L8/477,L8/509
8,303,L8/509,L8/508
8,303,L8/508,L8/486
8,303,L8/486,L7/243
8,303,L7/243,L7/247
8,303,L7/247,L8/494
8,303,L8/494,L8/492
8,303,L8/492,L8/490
8,303,L8/490,L8/318
8,303,L8/318,L7/159
8,303,L7/159,L8/319
8,303,L8/319,L8/313
8,303,L8/313,L8/315
8,303,L8/315,L8/307
8,303,L8/307,L8/304
8,303,L8/304,L8/302
8,303,L8/302,L8/303
8,304,L8/369,L8/225
8,304,L8/225,L8/118
8,304,L8/118,L8/414
8,304,L8/414,L8/412
8,304,L8/412,L8/410
8,304,L8/410,L7/205
8,304,L7/205,L6/102
8,304,L6/102,L7/204
8,304,L7/204,L8/409
8,304,L8/409,L8/395
8,304,L8/395,L8/394
8,304,L8/394,L8/393
8,304,L8/393,L8/398
8,304,L8/398,L8/397
8,304,L8/397,L8/396
8,304,L8/396,L8/478
8,304,L8/478,L8/477
8,304,L8/477,L8/509
8,304,L8/509,L8/508
8,304,L8/508,L8/486
8,304,L8/486,L7/243
8,304,L7/243,L7/247
8,304,L7/247,L8/494
8,304,L8/494,L8/492
8,304,L8/492,L8/490
8,304,L8/490,L8/318
8,304,L8/318,L7/159
8,304,L7/159,L8/319
8,304,L8/319,L8/313
8,304,L8/313,L8/315
8,304,L8/315,L8/307
8,304,L8/307,L8/304
8,305,L8/369,L8/225
8,305,L8/225,L8/118
8,305,L8/118,L8/414
8,305,L8/414,L8/412
8,305,L8/412,L8/410
8,305,L8/410,L7/205
8,305,L7/205,L6/102
8,305,L6/102,L7/204
8,305,L7/204,L8/409
8,305,L8/409,L8/395
8,305,L8/395,L8/394
8,305,L8/394,L8/393
8,305,L8/393,L8/398
8,305,L8/398,L8/397
8,305,L8/397,L8/396
8,305,L8/396,L8/478
8,305,L8/478,L8/477
8,305,L8/477,L8/509
8,305,L8/509,L8/508
8,305,L8/508,L8/486
8,305,L8/486,L7/243
8,305,L7/243,L7/247
8,305,L7/247,L8/494
8,305,L8/494,L8/492
8,305,L8/492,L8/490
8,305,L8/490,L8/318
8,305,L8/318,L7/159
8,305,L7/159,L8/319
8,305,L8/319,L8/313
8,305,L8/313,L8/315
8,305,L8/315,L8/307
8,305,L8/307,L8/305
8,306,L8/369,L8/225
8,306,L8/225,L8/118
8,306,L8/118,L8/414
8,306,L8/414,L8/412
8,306,L8/412,L8/410
8,306,L8/410,L7/205
8,306,L7/205,L6/102
8,306,L6/102,L7/204
8,306,L7/204,L8/409
8,306,L8/409,L8/395
8,306,L8/395,L8/394
8,306,L8/394,L8/393
8,306,L8/393,L8/398
8,306,L8/398,L8/397
8,306,L8/397,L8/396
8,306,L8/396,L8/478
8,306,L8/478,L8/477
8,306,L8/477,L8/509
8,306,L8/509,L8/508
8,306,L8/508,L8/486
8,306,L8/486,L7/243
8,306,L7/243,L7/247
8,306,L7/247,L8/494
8,306,L8/494,L8/492
8,306,L8/492,L8/490
8,306,L8/490,L8/318
8,306,L8/318,L7/159
8,306,L7/159,L8/319
8,306,L8/319,L8/313
8,306,L8/313,L8/315
8,306,L8/315,L8/307
8,306,L8/307,L8/306
8,307,L8/369,L8/225
8,307,L8/225,L8/118
8,307,L8/118,L8/414
8,307,L8/414,L8/412
8,307,L8/412,L8/410
8,307,L8/410,L7/205
8,307,L7/205,L6/102
8,307,L6/102,L7/204
8,307,L7/204,L8/409
8,307,L8/409,L8/395
8,307,L8/395,L8/394
8,307,L8/394,L8/393
8,307,L8/393,L8/398
8,307,L8/398,L8/397
8,307,L8/397,L8/396
8,307,L8/396,L8/478
8,307,L8/478,L8/477
8,307,L8/477,L8/509
8,307,L8/509,L8/508
8,307,L8/508,L8/486
8,307,L8/486,L7/243
8,307,L7/243,L7/247
8,307,L7/247,L8/494
8,307,L8/494,L8/492
8,307,L8/492,L8/490
8,307,L8/490,L8/318
8,307,L8/318,L7/159
8,307,L7/159,L8/319
8,307,L8/319,L8/313
8,307,L8/313,L8/315
8,307,L8/315,L8/307
8,308,L8/369,L8/225
8,308,L8/225,L8/118
8,308,L8/118,L8/414
8,308,L8/414,L8/412
8,308,L8/412,L8/410
8,308,L8/410,L7/205
8,308,L7/205,L6/102
8,308,L6/102,L7/204
8,308,L7/204,L8/409
8,308,L8/409,L8/395
8,308,L8/395,L8/394
8,308,L8/394,L8/393
8,308,L8/393,L8/398
8,308,L8/398,L8/397
8,308,L8/397,L8/396
8,308,L8/396,L8/478
8,308,L8/478,L8/477
8,308,L8/477,L8/509
8,308,L8/509,L8/508
8,308,L8/508,L8/486
8,308,L8/486,L7/243
8,308,L7/243,L7/247
8,308,L7/247,L8/494
8,308,L8/494,L8/492
8,308,L8/492,L8/490
8,308,L8/490,L8/318
8,308,L8/318,L7/159
8,308,L7/159,L8/319
8,308,L8/319,L8/317
8,308,L8/317,L8/308
8,309,L8/369,L8/225
8,309,L8/225,L8/118
8,309,L8/118,L8/414
8,309,L8/414,L8/412
8,309,L8/412,L8/410
8,309,L8/410,L7/205
8,309,L7/205,L6/102
8,309,L6/102,L7/204
8,309,L7/204,L8/409
8,309,L8/409,L8/395
8,309,L8/395,L8/394
8,309,L8/394,L8/393
8,309,L8/393,L8/398
8,309,L8/398,L8/397
8,309,L8/397,L8/396
8,309,L8/396,L8/478
8,309,L8/478,L8/477
8,309,L8/477,L8/509
8,309,L8/509,L8/508
8,309,L8/508,L8/486
8,309,L8/486,L7/243
8,309,L7/243,L7/247
8,309,L7/247,L8/494
8,309,L8/494,L8/492
8,309,L8/492,L8/490
8,309,L8/490,L8/318
8,309,L8/318,L7/159
8,309,L7/159,L8/319
8,309,L8/319,L8/317
8,309,L8/317,L8/308
8,309,L8/308,L8/309
8,310,L8/369,L8/225
8,310,L8/225,L8/118
8,310,L8/118,L8/414
8,310,L8/414,L8/412
8,310,L8/412,L8/410
8,310,L8/410,L7/205
8,310,L7/205,L6/102
8,310,L6/102,L7/204
8,310,L7/204,L8/409
8,310,L8/409,L8/395
8,310,L8/395,L8/394
8,310,L8/394,L8/393
8,310,L8/393,L8/398
8,310,L8/398,L8/397
8,310,L8/397,L8/396
8,310,L8/396,L8/478
8,310,L8/478,L8/477
8,310,L8/477,L8/509
8,310,L8/509,L8/508
8,310,L8/508,L8/486
8,310,L8/486,L7/243
8,310,L7/243,L7/247
8,310,L7/247,L8/494
8,310,L8/494,L8/492
8,310,L8/492,L8/490
8,310,L8/490,L8/318
8,310,L8/318,L7/159
8,310,L7/159,L8/319
8,310,L8/319,L8/317
8,310,L8/317,L8/308
8,310,L8/308,L8/310
8,311,L8/369,L8/225
8,311,L8/225,L8/118
8,311,L8/118,L8/414
8,311,L8/414,L8/412
8,311,L8/412,L8/410
8,311,L8/410,L7/205
8,311,L7/205,L6/102
8,311,L6/102,L7/204
8,311,L7/204,L8/409
8,311,L8/409,L8/395
8,311,L8/395,L8/394
8,311,L8/394,L8/393
8,311,L8/393,L8/398
8,311,L8/398,L8/397
8,311,L8/397,L8/396
8,311,L8/396,L8/478
8,311,L8/478,L8/477
8,311,L8/477,L8/509
8,311,L8/509,L8/508
8,311,L8/508,L8/486
8,311,L8/486,L7/243
8,311,L7/243,L7/247
8,311,L7/247,L8/494
8,311,L8/494,L8/492
8,311,L8/492,L8/490
8,311,L8/490,L8/318
8,311,L8/318,L7/159
8,311,L7/159,L8/319
8,311,L8/319,L8/317
8,311,L8/317,L8/308
8,311,L8/308,L8/311
8,312,L8/369,L8/225
8,312,L8/225,L8/118
8,312,L8/118,L8/414
8,312,L8/414,L8/412
8,312,L8/412,L8/410
8,312,L8/410,L7/205
8,312,L7/205,L6/102
8,312,L6/102,L7/204
8,312,L7/204,L8/409
8,312,L8/409,L8/395
8,312,L8/395,L8/394
8,312,L8/394,L8/393
8,312,L8/393,L8/398
8,312,L8/398,L8/397
8,312,L8/397,L8/396
8,312,L8/396,L8/478
8,312,L8/478,L8/477
8,312,L8/477,L8/509
8,312,L8/509,L8/508
8,312,L8/508,L8/486
8,312,L8/486,L7/243
8,312,L7/243,L7/247
8,312,L7/247,L8/494
8,312,L8/494,L8/492
8,312,L8/492,L8/490
8,312,L8/490,L8/318
8,312,L8/318,L7/159
8,312,L7/159,L8/319
8,312,L8/319,L8/312
8,313,L8/369,L8/225
8,313,L8/225,L8/118
8,313,L8/118,L8/414
8,313,L8/414,L8/412
8,313,L8/412,L8/410
8,313,L8/410,L7/205
8,313,L7/205,L6/102
8,313,L6/102,L7/204
8,313,L7/204,L8/409
8,313,L8/409,L8/395
8,313,L8/395,L8/394
8,313,L8/394,L8/393
8,313,L8/393,L8/398
8,313,L8/398,L8/397
8,313,L8/397,L8/396
8,313,L8/396,L8/478
8,313,L8/478,L8/477
8,313,L8/477,L8/509
8,313,L8/509,L8/508
8,313,L8/508,L8/486
8,313,L8/486,L7/243
8,313,L7/243,L7/247
8,313,L7/247,L8/494
8,313,L8/494,L8/492
8,313,L8/492,L8/490
8,313,L8/490,L8/318
8,313,L8/318,L7/159
8,313,L7/159,L8/319
8,313,L8/319,L8/313
8,314,L8/369,L8/225
8,314,L8/225,L8/118
8,314,L8/118,L8/414
8,314,L8/414,L8/412
8,314,L8/412,L8/410
8,314,L8/410,L7/205
8,314,L7/205,L6/102
8,314,L6/102,L7/204
8,314,L7/204,L8/409
8,314,L8/409,L8/395
8,314,L8/395,L8/394
8,314,L8/394,L8/393
8,314,L8/393,L8/398
8,314,L8/398,L8/397
8,314,L8/397,L8/396
8,314,L8/396,L8/478
8,314,L8/478,L8/477
8,314,L8/477,L8/509
8,314,L8/509,L8/508
8,314,L8/508,L8/486
8,314,L8/486,L7/243
8,314,L7/243,L7/247
8,314,L7/247,L8/494
8,314,L8/494,L8/492
8,314,L8/492,L8/490
8,314,L8/490,L8/318
8,314,L8/318,L7/159
8,314,L7/159,L8/319
8,314,L8/319,L8/312
8,314,L8/312,L8/314
8,315,L8/369,L8/225
8,315,L8/225,L8/118
8,315,L8/118,L8/414
8,315,L8/414,L8/412
8,315,L8/412,L8/410
8,315,L8/410,L7/205
8,315,L7/205,L6/102
8,315,L6/102,L7/204
8,315,L7/204,L8/409
8,315,L8/409,L8/395
8,315,L8/395,L8/394
8,315,L8/394,L8/393
8,315,L8/393,L8/398
8,315,L8/398,L8/397
8,315,L8/397,L8/396
8,315,L8/396,L8/478
8,315,L8/478,L8/477
8,315,L8/477,L8/509
8,315,L8/509,L8/508
8,315,L8/508,L8/486
8,315,L8/486,L7/243
8,315,L7/243,L7/247
8,315,L7/247,L8/494
8,315,L8/494,L8/492
8,315,L8/492,L8/490
8,315,L8/490,L8/318
8,315,L8/318,L7/159
8,315,L7/159,L8/319
8,315,L8/319,L8/313
8,315,L8/313,L8/315
8,316,L8/369,L8/225
8,316,L8/225,L8/118
8,316,L8/118,L8/414
8,316,L8/414,L8/412
8,316,L8/412,L8/410
8,316,L8/410,L7/205
8,316,L7/205,L6/102
8,316,L6/102,L7/204
8,316,L7/204,L8/409
8,316,L8/409,L8/395
8,316,L8/395,L8/394
8,316,L8/394,L8/393
8,316,L8/393,L8/398
8,316,L8/398,L8/397
8,316,L8/397,L8/396
8,316,L8/396,L8/478
8,316,L8/478,L8/477
8,316,L8/477,L8/509
8,316,L8/509,L8/508
8,316,L8/508,L8/486
8,316,L8/486,L7/243
8,316,L7/243,L7/247
8,316,L7/247,L8/494
8,316,L8/494,L8/492
8,316,L8/492,L8/490
8,316,L8/490,L8/318
8,316,L8/318,L7/159
8,316,L7/159,L8/319
8,316,L8/319,L8/316
8,317,L8/369,L8/225
8,317,L8/225,L8/118
8,317,L8/118,L8/414
8,317,L8/414,L8/412
8,317,L8/412,L8/410
8,317,L8/410,L7/205
8,317,L7/205,L6/102
8,317,L6/102,L7/204
8,317,L7/204,L8/409
8,317,L8/409,L8/395
8,317,L8/395,L8/394
8,317,L8/394,L8/393
8,317,L8/393,L8/398
8,317,L8/398,L8/397
8,317,L8/397,L8/396
8,317,L8/396,L8/478
8,317,L8/478,L8/477
8,317,L8/477,L8/509
8,317,L8/509,L8/508
8,317,L8/508,L8/486
8,317,L8/486,L7/243
8,317,L7/243,L7/247
8,317,L7/247,L8/494
8,317,L8/494,L8/492
8,317,L8/492,L8/490
8,317,L8/490,L8/318
8,317,L8/318,L7/159
8,317,L7/159,L8/319
8,317,L8/319,L8/317
8,318,L8/369,L8/225
8,318,L8/225,L8/118
8,318,L8/118,L8/414
8,318,L8/414,L8/412
8,318,L8/412,L8/410
8,318,L8/410,L7/205
8,318,L7/205,L6/102
8,318,L6/102,L7/204
8,318,L7/204,L8/409
8,318,L8/409,L8/395
8,318,L8/395,L8/394
8,318,L8/394,L8/393
8,318,L8/393,L8/398
8,318,L8/398,L8/397
8,318,L8/397,L8/396
8,318,L8/396,L8/478
8,318,L8/478,L8/477
8,318,L8/477,L8/509
8,318,L8/509,L8/508
8,318,L8/508,L8/486
8,318,L8/486,L7/243
8,318,L7/243,L7/247
8,318,L7/247,L8/494
8,318,L8/494,L8/492
8,318,L8/492,L8/490
8,318,L8/490,L8/318
8,319,L8/369,L8/225
8,319,L8/225,L8/118
8,319,L8/118,L8/414
8,319,L8/414,L8/412
8,319,L8/412,L8/410
8,319,L8/410,L7/205
8,319,L7/205,L6/102
8,319,L6/102,L7/204
8,319,L7/204,L8/409
8,319,L8/409,L8/395
8,319,L8/395,L8/394
8,319,L8/394,L8/393
8,319,L8/393,L8/398
8,319,L8/398,L8/397
8,319,L8/397,L8/396
8,319,L8/396,L8/478
8,319,L8/478,L8/477
8,319,L8/477,L8/509
8,319,L8/509,L8/508
8,319,L8/508,L8/486
8,319,L8/486,L7/243
8,319,L7/243,L7/247
8,319,L7/247,L8/494
8,319,L8/494,L8/492
8,319,L8/492,L8/490
8,319,L8/490,L8/318
8,319,L8/318,L7/159
8,319,L7/159,L8/319
8,320,L8/369,L7/184
8,320,L7/184,L7/185
8,320,L7/185,L8/371
8,320,L8/371,L8/383
8,320,L8/383,L7/191
8,320,L7/191,L7/182
8,320,L7/182,L8/364
8,320,L8/364,L8/359
8,320,L8/359,L8/353
8,320,L8/353,L8/352
8,320,L8/352,L8/356
8,320,L8/356,L8/347
8,320,L8/347,L8/346
8,320,L8/346,L8/349
8,320,L8/349,L8/323
8,320,L8/323,L8/320
8,321,L8/369,L7/184
8,321,L7/184,L7/185
8,321,L7/185,L8/371
8,321,L8/371,L8/383
8,321,L8/383,L7/191
8,321,L7/191,L7/182
8,321,L7/182,L8/364
8,321,L8/364,L8/359
8,321,L8/359,L8/353
8,321,L8/353,L8/352
8,321,L8/352,L8/356
8,321,L8/356,L8/347
8,321,L8/347,L8/346
8,321,L8/346,L8/349
8,321,L8/349,L8/323
8,321,L8/323,L8/321
8,322,L8/369,L7/184
8,322,L7/184,L7/185
8,322,L7/185,L8/371
8,322,L8/371,L8/383
8,322,L8/383,L7/191
8,322,L7/191,L7/182
8,322,L7/182,L8/364
8,322,L8/364,L8/359
8,322,L8/359,L8/353
8,322,L8/353,L8/352
8,322,L8/352,L8/356
8,322,L8/356,L8/347
8,322,L8/347,L8/346
8,322,L8/346,L8/349
8,322,L8/349,L8/323
8,322,L8/323,L8/322
8,323,L8/369,L7/184
8,323,L7/184,L7/185
8,323,L7/185,L8/371
8,323,L8/371,L8/383
8,323,L8/383,L7/191
8,323,L7/191,L7/182
8,323,L7/182,L8/364
8,323,L8/364,L8/359
8,323,L8/359,L8/353
8,323,L8/353,L8/352
8,323,L8/352,L8/356
8,323,L8/356,L8/347
8,323,L8/347,L8/346
8,323,L8/346,L8/349
8,323,L8/349,L8/323
8,324,L8/369,L7/184
8,324,L7/184,L7/185
8,324,L7/185,L8/371
8,324,L8/371,L8/383
8,324,L8/383,L7/191
8,324,L7/191,L7/182
8,324,L7/182,L8/364
8,324,L8/364,L8/359
8,324,L8/359,L8/353
8,324,L8/353,L8/352
8,324,L8/352,L8/356
8,324,L8/356,L8/347
8,324,L8/347,L8/346
8,324,L8/346,L8/349
8,324,L8/349,L8/323
8,324,L8/323,L8/322
8,324,L8/322,L8/324
8,325,L8/369,L7/184
8,325,L7/184,L7/185
8,325,L7/185,L8/371
8,325,L8/371,L8/383
8,325,L8/383,L7/191
8,325,L7/191,L7/182
8,325,L7/182,L8/364
8,325,L8/364,L8/359
8,325,L8/359,L8/353
8,325,L8/353,L8/352
8,325,L8/352,L8/356
8,325,L8/356,L8/347
8,325,L8/347,L8/346
8,325,L8/346,L8/349
8,325,L8/349,L8/323
8,325,L8/323,L8/322
8,325,L8/322,L8/324
8,325,L8/324,L8/325
8,326,L8/369,L7/184
8,326,L7/184,L7/185
8,326,L7/185,L8/371
8,326,L8/371,L8/383
8,326,L8/383,L7/191
8,326,L7/191,L7/182
8,326,L7/182,L8/364
8,326,L8/364,L8/359
8,326,L8/359,L8/353
8,326,L8/353,L8/352
8,326,L8/352,L8/356
8,326,L8/356,L8/347
8,326,L8/347,L8/346
8,326,L8/346,L8/349
8,326,L8/349,L8/323
8,326,L8/323,L8/320
8,326,L8/320,L8/327
8,326,L8/327,L8/326
8,327,L8/369,L7/184
8,327,L7/184,L7/185
8,327,L7/185,L8/371
8,327,L8/371,L8/383
8,327,L8/383,L7/191
8,327,L7/191,L7/182
8,327,L7/182,L8/364
8,327,L8/364,L8/359
8,327,L8/359,L8/353
8,327,L8/353,L8/352
8,327,L8/352,L8/356
8,327,L8/356,L8/347
8,327,L8/347,L8/346
8,327,L8/346,L8/349
8,327,L8/349,L8/323
8,327,L8/323,L8/320
8,327,L8/320,L8/327
8,328,L8/369,L7/184
8,328,L7/184,L7/185
8,328,L7/185,L8/371
8,328,L8/371,L8/383
8,328,L8/383,L7/191
8,328,L7/191,L7/182
8,328,L7/182,L8/364
8,328,L8/364,L8/359
8,328,L8/359,L8/353
8,328,L8/353,L8/352
8,328,L8/352,L8/356
8,328,L8/356,L8/347
8,328,L8/347,L8/346
8,328,L8/346,L8/349
8,328,L8/349,L8/323
8,328,L8/323,L8/320
8,328,L8/320,L8/327
8,328,L8/327,L8/328
8,329,L8/369,L7/184
8,329,L7/184,L7/185
8,329,L7/185,L8/371
8,329,L8/371,L8/383
8,329,L8/383,L7/191
8,329,L7/191,L7/182
8,329,L7/182,L8/364
8,329,L8/364,L8/359
8,329,L8/359,L8/353
8,329,L8/353,L8/352
8,329,L8/352,L8/356
8,329,L8/356,L8/347
8,329,L8/347,L8/346
8,329,L8/346,L8/349
8,329,L8/349,L8/323
8,329,L8/323,L8/320
8,329,L8/320,L8/327
8,329,L8/327,L8/328
8,329,L8/328,L8/329
8,330,L8/369,L7/184
8,330,L7/184,L7/185
8,330,L7/185,L8/371
8,330,L8/371,L8/383
8,330,L8/383,L7/191
8,330,L7/191,L7/182
8,330,L7/182,L8/364
8,330,L8/364,L8/359
8,330,L8/359,L8/353
8,330,L8/353,L8/352
8,330,L8/352,L8/356
8,330,L8/356,L8/347
8,330,L8/347,L8/346
8,330,L8/346,L8/345
8,330,L8/345,L8/337
8,330,L8/337,L8/340
8,330,L8/340,L8/341
8,330,L8/341,L8/333
8,330,L8/333,L8/332
8,330,L8/332,L8/330
8,331,L8/369,L7/184
8,331,L7/184,L7/185
8,331,L7/185,L8/371
8,331,L8/371,L8/383
8,331,L8/383,L7/191
8,331,L7/191,L7/182
8,331,L7/182,L8/364
8,331,L8/364,L8/359
8,331,L8/359,L8/353
8,331,L8/353,L8/352
8,331,L8/352,L8/356
8,331,L8/356,L8/347
8,331,L8/347,L8/346
8,331,L8/346,L8/345
8,331,L8/345,L8/337
8,331,L8/337,L8/340
8,331,L8/340,L8/341
8,331,L8/341,L8/333
8,331,L8/333,L8/332
8,331,L8/332,L8/331
8,332,L8/369,L7/184
8,332,L7/184,L7/185
8,332,L7/185,L8/371
8,332,L8/371,L8/383
8,332,L8/383,L7/191
8,332,L7/191,L7/182
8,332,L7/182,L8/364
8,332,L8/364,L8/359
8,332,L8/359,L8/353
8,332,L8/353,L8/352
8,332,L8/352,L8/356
8,332,L8/356,L8/347
8,332,L8/347,L8/346
8,332,L8/346,L8/345
8,332,L8/345,L8/337
8,332,L8/337,L8/340
8,332,L8/340,L8/341
8,332,L8/341,L8/333
8,332,L8/333,L8/332
8,333,L8/369,L7/184
8,333,L7/184,L7/185
8,333,L7/185,L8/371
8,333,L8/371,L8/383
8,333,L8/383,L7/191
8,333,L7/191,L7/182
8,333,L7/182,L8/364
8,333,L8/364,L8/359
8,333,L8/359,L8/353
8,333,L8/353,L8/352
8,333,L8/352,L8/356
8,333,L8/356,L8/347
8,333,L8/347,L8/346
8,333,L8/346,L8/345
8,333,L8/345,L8/337
8,333,L8/337,L8/340
8,333,L8/340,L8/341
8,333,L8/341,L8/333
8,334,L8/369,L7/184
8,334,L7/184,L7/185
8,334,L7/185,L8/371
8,334,L8/371,L8/383
8,334,L8/383,L7/191
8,334,L7/191,L7/182
8,334,L7/182,L8/364
8,334,L8/364,L8/359
8,334,L8/359,L8/353
8,334,L8/353,L8/352
8,334,L8/352,L8/356
8,334,L8/356,L8/347
8,334,L8/347,L8/346
8,334,L8/346,L8/345
8,334,L8/345,L8/337
8,334,L8/337,L8/340
8,334,L8/340,L8/341
8,334,L8/341,L8/335
8,334,L8/335,L8/334
8,335,L8/369,L7/184
8,335,L7/184,L7/185
8,335,L7/185,L8/371
8,335,L8/371,L8/383
8,335,L8/383,L7/191
8,335,L7/191,L7/182
8,335,L7/182,L8/364
8,335,L8/364,L8/359
8,335,L8/359,L8/353
8,335,L8/353,L8/352
8,335,L8/352,L8/356
8,335,L8/356,L8/347
8,335,L8/347,L8/346
8,335,L8/346,L8/345
8,335,L8/345,L8/337
8,335,L8/337,L8/340
8,335,L8/340,L8/341
8,335,L8/341,L8/335
8,336,L8/369,L7/184
8,336,L7/184,L7/185
8,336,L7/185,L8/371
8,336,L8/371,L8/383
8,336,L8/383,L7/191
8,336,L7/191,L7/182
8,336,L7/182,L8/364
8,336,L8/364,L8/359
8,336,L8/359,L8/353
8,336,L8/353,L8/352
8,336,L8/352,L8/356
8,336,L8/356,L8/347
8,336,L8/347,L8/346
8,336,L8/346,L8/345
8,336,L8/345,L8/337
8,336,L8/337,L8/336
8,337,L8/369,L7/184
8,337,L7/184,L7/185
8,337,L7/185,L8/371
8,337,L8/371,L8/383
8,337,L8/383,L7/191
8,337,L7/191,L7/182
8,337,L7/182,L8/364
8,337,L8/364,L8/359
8,337,L8/359,L8/353
8,337,L8/353,L8/352
8,337,L8/352,L8/356
8,337,L8/356,L8/347
8,337,L8/347,L8/346
8,337,L8/346,L8/345
8,337,L8/345,L8/337
8,338,L8/369,L7/184
8,338,L7/184,L7/185
8,338,L7/185,L8/371
8,338,L8/371,L8/383
8,338,L8/383,L7/191
8,338,L7/191,L7/182
8,338,L7/182,L8/364
8,338,L8/364,L8/359
8,338,L8/359,L8/353
8,338,L8/353,L8/352
8,338,L8/352,L8/356
8,338,L8/356,L8/347
8,338,L8/347,L8/338
8,339,L8/369,L7/184
8,339,L7/184,L7/185
8,339,L7/185,L8/371
8,339,L8/371,L8/383
8,339,L8/383,L7/191
8,339,L7/191,L7/182
8,339,L7/182,L8/364
8,339,L8/364,L8/359
8,339,L8/359,L8/353
8,339,L8/353,L8/352
8,339,L8/352,L8/356
8,339,L8/356,L8/347
8,339,L8/347,L8/338
8,339,L8/338,L8/339
8,340,L8/369,L7/184
8,340,L7/184,L7/185
8,340,L7/185,L8/371
8,340,L8/371,L8/383
8,340,L8/383,L7/191
8,340,L7/191,L7/182
8,340,L7/182,L8/364
8,340,L8/364,L8/359
8,340,L8/359,L8/353
8,340,L8/353,L8/352
8,340,L8/352,L8/356
8,340,L8/356,L8/347
8,340,L8/347,L8/346
8,340,L8/346,L8/345
8,340,L8/345,L8/337
8,340,L8/337,L8/340
8,341,L8/369,L7/184
8,341,L7/184,L7/185
8,341,L7/185,L8/371
8,341,L8/371,L8/383
8,341,L8/383,L7/191
8,341,L7/191,L7/182
8,341,L7/182,L8/364
8,341,L8/364,L8/359
8,341,L8/359,L8/353
8,341,L8/353,L8/352
8,341,L8/352,L8/356
8,341,L8/356,L8/347
8,341,L8/347,L8/346
8,341,L8/346,L8/345
8,341,L8/345,L8/337
8,341,L8/337,L8/340
8,341,L8/340,L8/341
8,342,L8/369,L7/184
8,342,L7/184,L7/185
8,342,L7/185,L8/371
8,342,L8/371,L8/383
8,342,L8/383,L7/191
8,342,L7/191,L7/182
8,342,L7/182,L8/364
8,342,L8/364,L8/359
8,342,L8/359,L8/353
8,342,L8/353,L8/352
8,342,L8/352,L8/356
8,342,L8/356,L8/347
8,342,L8/347,L8/346
8,342,L8/346,L8/345
8,342,L8/345,L8/337
8,342,L8/337,L8/336
8,342,L8/336,L8/342
8,343,L8/369,L7/184
8,343,L7/184,L7/185
8,343,L7/185,L8/371
8,343,L8/371,L8/383
8,343,L8/383,L7/191
8,343,L7/191,L7/182
8,343,L7/182,L8/364
8,343,L8/364,L8/359
8,343,L8/359,L8/353
8,343,L8/353,L8/352
8,343,L8/352,L8/356
8,343,L8/356,L8/347
8,343,L8/347,L8/346
8,343,L8/346,L8/345
8,343,L8/345,L8/337
8,343,L8/337,L8/336
8,343,L8/336,L8/342
8,343,L8/342,L8/343
8,344,L8/369,L7/184
8,344,L7/184,L7/185
8,344,L7/185,L8/371
8,344,L8/371,L8/383
8,344,L8/383,L7/191
8,344,L7/191,L7/182
8,344,L7/182,L8/364
8,344,L8/364,L8/359
8,344,L8/359,L8/353
8,344,L8/353,L8/352
8,344,L8/352,L8/356
8,344,L8/356,L8/347
8,344,L8/347,L8/338
8,344,L8/338,L8/344
8,345,L8/369,L7/184
8,345,L7/184,L7/185
8,345,L7/185,L8/371
8,345,L8/371,L8/383
8,345,L8/383,L7/191
8,345,L7/191,L7/182
8,345,L7/182,L8/364
8,345,L8/364,L8/359
8,345,L8/359,L8/353
8,345,L8/353,L8/352
8,345,L8/352,L8/356
8,345,L8/356,L8/347
8,345,L8/347,L8/346
8,345,L8/346,L8/345
8,346,L8/369,L7/184
8,346,L7/184,L7/185
8,346,L7/185,L8/371
8,346,L8/371,L8/383
8,346,L8/383,L7/191
8,346,L7/191,L7/182
8,346,L7/182,L8/364
8,346,L8/364,L8/359
8,346,L8/359,L8/353
8,346,L8/353,L8/352
8,346,L8/352,L8/356
8,346,L8/356,L8/347
8,346,L8/347,L8/346
8,347,L8/369,L7/184
8,347,L7/184,L7/185
8,347,L7/185,L8/371
8,347,L8/371,L8/383
8,347,L8/383,L7/191
8,347,L7/191,L7/182
8,347,L7/182,L8/364
8,347,L8/364,L8/359
8,347,L8/359,L8/353
8,347,L8/353,L8/352
8,347,L8/352,L8/356
8,347,L8/356,L8/347
8,348,L8/369,L7/184
8,348,L7/184,L7/185
8,348,L7/185,L8/371
8,348,L8/371,L8/383
8,348,L8/383,L7/191
8,348,L7/191,L7/182
8,348,L7/182,L8/364
8,348,L8/364,L8/359
8,348,L8/359,L8/353
8,348,L8/353,L8/352
8,348,L8/352,L8/356
8,348,L8/356,L8/347
8,348,L8/347,L8/346
8,348,L8/346,L8/349
8,348,L8/349,L8/348
8,349,L8/369,L7/184
8,349,L7/184,L7/185
8,349,L7/185,L8/371
8,349,L8/371,L8/383
8,349,L8/383,L7/191
8,349,L7/191,L7/182
8,349,L7/182,L8/364
8,349,L8/364,L8/359
8,349,L8/359,L8/353
8,349,L8/353,L8/352
8,349,L8/352,L8/356
8,349,L8/356,L8/347
8,349,L8/347,L8/346
8,349,L8/346,L8/349
8,350,L8/369,L7/184
8,350,L7/184,L7/185
8,350,L7/185,L8/371
8,350,L8/371,L8/383
8,350,L8/383,L7/191
8,350,L7/191,L7/182
8,350,L7/182,L8/364
8,350,L8/364,L8/359
8,350,L8/359,L8/353
8,350,L8/353,L8/352
8,350,L8/352,L8/356
8,350,L8/356,L8/347
8,350,L8/347,L8/346
8,350,L8/346,L8/345
8,350,L8/345,L8/350
8,351,L8/369,L7/184
8,351,L7/184,L7/185
8,351,L7/185,L8/371
8,351,L8/371,L8/383
8,351,L8/383,L7/191
8,351,L7/191,L7/182
8,351,L7/182,L8/364
8,351,L8/364,L8/359
8,351,L8/359,L8/353
8,351,L8/353,L8/352
8,351,L8/352,L8/356
8,351,L8/356,L8/347
8,351,L8/347,L8/346
8,351,L8/346,L8/345
8,351,L8/345,L8/350
8,351,L8/350,L8/351
8,352,L8/369,L7/184
8,352,L7/184,L7/185
8,352,L7/185,L8/371
8,352,L8/371,L8/383
8,352,L8/383,L7/191
8,352,L7/191,L7/182
8,352,L7/182,L8/364
8,352,L8/364,L8/359
8,352,L8/359,L8/353
8,352,L8/353,L8/352
8,353,L8/369,L7/184
8,353,L7/184,L7/185
8,353,L7/185,L8/371
8,353,L8/371,L8/383
8,353,L8/383,L7/191
8,353,L7/191,L7/182
8,353,L7/182,L8/364
8,353,L8/364,L8/359
8,353,L8/359,L8/353
8,354,L8/369,L7/184
8,354,L7/184,L7/185
8,354,L7/185,L8/371
8,354,L8/371,L8/383
8,354,L8/383,L7/191
8,354,L7/191,L7/183
8,354,L7/183,L8/367
8,354,L8/367,L8/361
8,354,L8/361,L8/362
8,354,L8/362,L8/354
8,355,L8/369,L7/184
8,355,L7/184,L7/185
8,355,L7/185,L8/371
8,355,L8/371,L8/383
8,355,L8/383,L7/191
8,355,L7/191,L7/182
8,355,L7/182,L8/364
8,355,L8/364,L8/359
8,355,L8/359,L8/353
8,355,L8/353,L8/355
8,356,L8/369,L7/184
8,356,L7/184,L7/185
8,356,L7/185,L8/371
8,356,L8/371,L8/383
8,356,L8/383,L7/191
8,356,L7/191,L7/182
8,356,L7/182,L8/364
8,356,L8/364,L8/359
8,356,L8/359,L8/353
8,356,L8/353,L8/352
8,356,L8/352,L8/356
8,357,L8/369,L7/184
8,357,L7/184,L7/185
8,357,L7/185,L8/371
8,357,L8/371,L8/383
8,357,L8/383,L7/191
8,357,L7/191,L7/182
8,357,L7/182,L8/364
8,357,L8/364,L8/359
8,357,L8/359,L8/353
8,357,L8/353,L8/352
8,357,L8/352,L8/357
8,358,L8/369,L7/184
8,358,L7/184,L7/185
8,358,L7/185,L8/371
8,358,L8/371,L8/383
8,358,L8/383,L7/191
8,358,L7/191,L7/182
8,358,L7/182,L8/364
8,358,L8/364,L8/359
8,358,L8/359,L8/358
8,359,L8/369,L7/184
8,359,L7/184,L7/185
8,359,L7/185,L8/371
8,359,L8/371,L8/383
8,359,L8/383,L7/191
8,359,L7/191,L7/182
8,359,L7/182,L8/364
8,359,L8/364,L8/359
8,360,L8/369,L7/184
8,360,L7/184,L7/185
8,360,L7/185,L8/371
8,360,L8/371,L8/383
8,360,L8/383,L7/191
8,360,L7/191,L7/183
8,360,L7/183,L8/367
8,360,L8/367,L8/361
8,360,L8/361,L8/360
8,361,L8/369,L7/184
8,361,L7/184,L7/185
8,361,L7/185,L8/371
8,361,L8/371,L8/383
8,361,L8/383,L7/191
8,361,L7/191,L7/183
8,361,L7/183,L8/367
8,361,L8/367,L8/361
8,362,L8/369,L7/184
8,362,L7/184,L7/185
8,362,L7/185,L8/371
8,362,L8/371,L8/383
8,362,L8/383,L7/191
8,362,L7/191,L7/183
8,362,L7/183,L8/367
8,362,L8/367,L8/361
8,362,L8/361,L8/362
8,363,L8/369,L7/184
8,363,L7/184,L7/185
8,363,L7/185,L8/371
8,363,L8/371,L8/383
8,363,L8/383,L7/191
8,363,L7/191,L7/183
8,363,L7/183,L8/367
8,363,L8/367,L8/361
8,363,L8/361,L8/363
8,364,L8/369,L7/184
8,364,L7/184,L7/185
8,364,L7/185,L8/371
8,364,L8/371,L8/383
8,364,L8/383,L7/191
8,364,L7/191,L7/182
8,364,L7/182,L8/364
8,365,L8/369,L7/184
8,365,L7/184,L7/185
8,365,L7/185,L8/371
8,365,L8/371,L8/383
8,365,L8/383,L7/191
8,365,L7/191,L7/182
8,365,L7/182,L8/365
8,366,L8/369,L7/184
8,366,L7/184,L7/185
8,366,L7/185,L8/371
8,366,L8/371,L8/383
8,366,L8/383,L7/191
8,366,L7/191,L7/183
8,366,L7/183,L8/366
8,367,L8/369,L7/184
8,367,L7/184,L7/185
8,367,L7/185,L8/371
8,367,L8/371,L8/383
8,367,L8/383,L7/191
8,367,L7/191,L7/183
8,367,L7/183,L8/367
8,368,L8/369,L8/368
8,370,L8/369,L7/184
8,370,L7/184,L7/185
8,370,L7/185,L8/370
8,371,L8/369,L7/184
8,371,L7/184,L7/185
8,371,L7/185,L8/371
8,372,L8/369,L8/368
8,372,L8/368,L8/253
8,372,L8/253,L7/126
8,372,L7/126,L8/252
8,372,L8/252,L8/249
8,372,L8/249,L8/248
8,372,L8/248,L8/372
8,373,L8/369,L8/368
8,373,L8/368,L8/253
8,373,L8/253,L7/126
8,373,L7/126,L8/252
8,373,L8/252,L8/249
8,373,L8/249,L8/248
8,373,L8/248,L8/373
8,374,L8/369,L7/184
8,374,L7/184,L7/187
8,374,L7/187,L8/374
8,375,L8/369,L7/184
8,375,L7/184,L7/187
8,375,L7/187,L8/375
8,376,L8/369,L7/184
8,376,L7/184,L7/189
8,376,L7/189,L8/379
8,376,L8/379,L8/376
8,377,L8/369,L7/184
8,377,L7/184,L7/189
8,377,L7/189,L8/379
8,377,L8/379,L8/377
8,378,L8/369,L7/184
8,378,L7/184,L7/189
8,378,L7/189,L8/378
8,379,L8/369,L7/184
8,379,L7/184,L7/189
8,379,L7/189,L8/379
8,380,L8/369,L7/184
8,380,L7/184,L7/189
8,380,L7/189,L8/378
8,380,L8/378,L8/380
8,381,L8/369,L7/184
8,381,L7/184,L7/189
8,381,L7/189,L8/378
8,381,L8/378,L8/381
8,382,L8/369,L7/184
8,382,L7/184,L7/187
8,382,L7/187,L8/375
8,382,L8/375,L8/382
8,383,L8/369,L7/184
8,383,L7/184,L7/185
8,383,L7/185,L8/371
8,383,L8/371,L8/383
8,384,L8/369,L8/225
8,384,L8/225,L8/118
8,384,L8/118,L8/414
8,384,L8/414,L8/412
8,384,L8/412,L8/410
8,384,L8/410,L7/205
8,384,L7/205,L6/102
8,384,L6/102,L7/204
8,384,L7/204,L8/409
8,384,L8/409,L8/395
8,384,L8/395,L8/394
8,384,L8/394,L8/392
8,384,L8/392,L8/404
8,384,L8/404,L8/407
8,384,L8/407,L8/384
8,385,L8/369,L8/225
8,385,L8/225,L8/118
8,385,L8/118,L8/414
8,385,L8/414,L8/412
8,385,L8/412,L8/410
8,385,L8/410,L7/205
8,385,L7/205,L6/102
8,385,L6/102,L7/204
8,385,L7/204,L8/409
8,385,L8/409,L8/395
8,385,L8/395,L8/394
8,385,L8/394,L8/393
8,385,L8/393,L8/387
8,385,L8/387,L8/386
8,385,L8/386,L8/385
8,386,L8/369,L8/225
8,386,L8/225,L8/118
8,386,L8/118,L8/414
8,386,L8/414,L8/412
8,386,L8/412,L8/410
8,386,L8/410,L7/205
8,386,L7/205,L6/102
8,386,L6/102,L7/204
8,386,L7/204,L8/409
8,386,L8/409,L8/395
8,386,L8/395,L8/394
8,386,L8/394,L8/393
8,386,L8/393,L8/387
8,386,L8/387,L8/386
8,387,L8/369,L8/225
8,387,L8/225,L8/118
8,387,L8/118,L8/414
8,387,L8/414,L8/412
8,387,L8/412,L8/410
8,387,L8/410,L7/205
8,387,L7/205,L6/102
8,387,L6/102,L7/204
8,387,L7/204,L8/409
8,387,L8/409,L8/395
8,387,L8/395,L8/394
8,387,L8/394,L8/393
8,387,L8/393,L8/387
8,388,L8/369,L8/225
8,388,L8/225,L8/118
8,388,L8/118,L8/414
8,388,L8/414,L8/412
8,388,L8/412,L8/410
8,388,L8/410,L7/205
8,388,L7/205,L6/102
8,388,L6/102,L7/204
8,388,L7/204,L8/409
8,388,L8/409,L8/395
8,388,L8/395,L8/394
8,388,L8/394,L8/393
8,388,L8/393,L8/387
8,388,L8/387,L8/389
8,388,L8/389,L8/388
8,389,L8/369,L8/225
8,389,L8/225,L8/118
8,389,L8/118,L8/414
8,389,L8/414,L8/412
8,389,L8/412,L8/410
8,389,L8/410,L7/205
8,389,L7/205,L6/102
8,389,L6/102,L7/204
8,389,L7/204,L8/409
8,389,L8/409,L8/395
8,389,L8/395,L8/394
8,389,L8/394,L8/393
8,389,L8/393,L8/387
8,389,L8/387,L8/389
8,390,L8/369,L8/225
8,390,L8/225,L8/118
8,390,L8/118,L8/414
8,390,L8/414,L8/412
8,390,L8/412,L8/410
8,390,L8/410,L7/205
8,390,L7/205,L6/102
8,390,L6/102,L7/204
8,390,L7/204,L8/409
8,390,L8/409,L8/395
8,390,L8/395,L8/394
8,390,L8/394,L8/393
8,390,L8/393,L8/398
8,390,L8/398,L8/399
8,390,L8/399,L8/390
8,391,L8/369,L8/225
8,391,L8/225,L8/118
8,391,L8/118,L8/414
8,391,L8/414,L8/412
8,391,L8/412,L8/410
8,391,L8/410,L7/205
8,391,L7/205,L6/102
8,391,L6/102,L7/204
8,391,L7/204,L8/409
8,391,L8/409,L8/395
8,391,L8/395,L8/394
8,391,L8/394,L8/393
8,391,L8/393,L8/398
8,391,L8/398,L8/399
8,391,L8/399,L8/391
8,392,L8/369,L8/225
8,392,L8/225,L8/118
8,392,L8/118,L8/414
8,392,L8/414,L8/412
8,392,L8/412,L8/410
8,392,L8/410,L7/205
8,392,L7/205,L6/102
8,392,L6/102,L7/204
8,392,L7/204,L8/409
8,392,L8/409,L8/395
8,392,L8/395,L8/394
8,392,L8/394,L8/392
8,393,L8/369,L8/225
8,393,L8/225,L8/118
8,393,L8/118,L8/414
8,393,L8/414,L8/412
8,393,L8/412,L8/410
8,393,L8/410,L7/205
8,393,L7/205,L6/102
8,393,L6/102,L7/204
8,393,L7/204,L8/409
8,393,L8/409,L8/395
8,393,L8/395,L8/394
8,393,L8/394,L8/393
8,394,L8/369,L8/225
8,394,L8/225,L8/118
8,394,L8/118,L8/414
8,394,L8/414,L8/412
8,394,L8/412,L8/410
8,394,L8/410,L7/205
8,394,L7/205,L6/102
8,394,L6/102,L7/204
8,394,L7/204,L8/409
8,394,L8/409,L8/395
8,394,L8/395,L8/394
8,395,L8/369,L8/225
8,395,L8/225,L8/118
8,395,L8/118,L8/414
8,395,L8/414,L8/412
8,395,L8/412,L8/410
8,395,L8/410,L7/205
8,395,L7/205,L6/102
8,395,L6/102,L7/204
8,395,L7/204,L8/409
8,395,L8/409,L8/395
8,396,L8/369,L8/225
8,396,L8/225,L8/118
8,396,L8/118,L8/414
8,396,L8/414,L8/412
8,396,L8/412,L8/410
8,396,L8/410,L7/205
8,396,L7/205,L6/102
8,396,L6/102,L7/204
8,396,L7/204,L8/409
8,396,L8/409,L8/395
8,396,L8/395,L8/394
8,396,L8/394,L8/393
8,396,L8/393,L8/398
8,396,L8/398,L8/397
8,396,L8/397,L8/396
8,397,L8/369,L8/225
8,397,L8/225,L8/118
8,397,L8/118,L8/414
8,397,L8/414,L8/412
8,397,L8/412,L8/410
8,397,L8/410,L7/205
8,397,L7/205,L6/102
8,397,L6/102,L7/204
8,397,L7/204,L8/409
8,397,L8/409,L8/395
8,397,L8/395,L8/394
8,397,L8/394,L8/393
8,397,L8/393,L8/398
8,397,L8/398,L8/397
8,398,L8/369,L8/225
8,398,L8/225,L8/118
8,398,L8/118,L8/414
8,398,L8/414,L8/412
8,398,L8/412,L8/410
8,398,L8/410,L7/205
8,398,L7/205,L6/102
8,398,L6/102,L7/204
8,398,L7/204,L8/409
8,398,L8/409,L8/395
8,398,L8/395,L8/394
8,398,L8/394,L8/393
8,398,L8/393,L8/398
8,399,L8/369,L8/225
8,399,L8/225,L8/118
8,399,L8/118,L8/414
8,399,L8/414,L8/412
8,399,L8/412,L8/410
8,399,L8/410,L7/205
8,399,L7/205,L6/102
8,399,L6/102,L7/204
8,399,L7/204,L8/409
8,399,L8/409,L8/395
8,399,L8/395,L8/394
8,399,L8/394,L8/393
8,399,L8/393,L8/398
8,399,L8/398,L8/399
8,400,L8/369,L8/225
8,400,L8/225,L8/118
8,400,L8/118,L8/414
8,400,L8/414,L8/412
8,400,L8/412,L8/410
8,400,L8/410,L7/205
8,400,L7/205,L6/102
8,400,L6/102,L7/204
8,400,L7/204,L8/409
8,400,L8/409,L8/395
8,400,L8/395,L8/394
8,400,L8/394,L8/392
8,400,L8/392,L8/404
8,400,L8/404,L8/406
8,400,L8/406,L8/400
8,401,L8/369,L8/225
8,401,L8/225,L8/118
8,401,L8/118,L8/414
8,401,L8/414,L8/412
8,401,L8/412,L8/410
8,401,L8/410,L7/205
8,401,L7/205,L6/102
8,401,L6/102,L7/204
8,401,L7/204,L8/409
8,401,L8/409,L8/395
8,401,L8/395,L8/394
8,401,L8/394,L8/392
8,401,L8/392,L8/404
8,401,L8/404,L8/406
8,401,L8/406,L8/400
8,401,L8/400,L8/401
8,402,L8/369,L8/225
8,402,L8/225,L8/118
8,402,L8/118,L8/414
8,402,L8/414,L8/412
8,402,L8/412,L8/410
8,402,L8/410,L7/205
8,402,L7/205,L6/102
8,402,L6/102,L7/204
8,402,L7/204,L8/409
8,402,L8/409,L8/395
8,402,L8/395,L8/394
8,402,L8/394,L8/392
8,402,L8/392,L8/404
8,402,L8/404,L8/406
8,402,L8/406,L8/400
8,402,L8/400,L8/402
8,403,L8/369,L8/225
8,403,L8/225,L8/118
8,403,L8/118,L8/414
8,403,L8/414,L8/412
8,403,L8/412,L8/410
8,403,L8/410,L7/205
8,403,L7/205,L6/102
8,403,L6/102,L7/204
8,403,L7/204,L8/409
8,403,L8/409,L8/395
8,403,L8/395,L8/394
8,403,L8/394,L8/392
8,403,L8/392,L8/404
8,403,L8/404,L8/406
8,403,L8/406,L8/400
8,403,L8/400,L8/403
8,404,L8/369,L8/225
8,404,L8/225,L8/118
8,404,L8/118,L8/414
8,404,L8/414,L8/412
8,404,L8/412,L8/410
8,404,L8/410,L7/205
8,404,L7/205,L6/102
8,404,L6/102,L7/204
8,404,L7/204,L8/409
8,404,L8/409,L8/395
8,404,L8/395,L8/394
8,404,L8/394,L8/392
8,404,L8/392,L8/404
8,405,L8/369,L8/225
8,405,L8/225,L8/118
8,405,L8/118,L8/414
8,405,L8/414,L8/412
8,405,L8/412,L8/410
8,405,L8/410,L7/205
8,405,L7/205,L6/102
8,405,L6/102,L7/204
8,405,L7/204,L8/409
8,405,L8/409,L8/395
8,405,L8/395,L8/394
8,405,L8/394,L8/392
8,405,L8/392,L8/404
8,405,L8/404,L8/405
8,406,L8/369,L8/225
8,406,L8/225,L8/118
8,406,L8/118,L8/414
8,406,L8/414,L8/412
8,406,L8/412,L8/410
8,406,L8/410,L7/205
8,406,L7/205,L6/102
8,406,L6/102,L7/204
8,406,L7/204,L8/409
8,406,L8/409,L8/395
8,406,L8/395,L8/394
8,406,L8/394,L8/392
8,406,L8/392,L8/404
8,406,L8/404,L8/406
8,407,L8/369,L8/225
8,407,L8/225,L8/118
8,407,L8/118,L8/414
8,407,L8/414,L8/412
8,407,L8/412,L8/410
8,407,L8/410,L7/205
8,407,L7/205,L6/102
8,407,L6/102,L7/204
8,407,L7/204,L8/409
8,407,L8/409,L8/395
8,407,L8/395,L8/394
8,407,L8/394,L8/392
8,407,L8/392,L8/404
8,407,L8/404,L8/407
8,408,L8/369,L8/225
8,408,L8/225,L8/118
8,408,L8/118,L8/414
8,408,L8/414,L8/412
8,408,L8/412,L8/410
8,408,L8/410,L7/205
8,408,L7/205,L6/102
8,408,L6/102,L7/204
8,408,L7/204,L8/408
8,409,L8/369,L8/225
8,409,L8/225,L8/118
8,409,L8/118,L8/414
8,409,L8/414,L8/412
8,409,L8/412,L8/410
8,409,L8/410,L7/205
8,409,L7/205,L6/102
8,409,L6/102,L7/204
8,409,L7/204,L8/409
8,410,L8/369,L8/225
8,410,L8/225,L8/118
8,410,L8/118,L8/414
8,410,L8/414,L8/412
8,410,L8/412,L8/410
8,411,L8/369,L8/225
8,411,L8/225,L8/118
8,411,L8/118,L8/414
8,411,L8/414,L8/412
8,411,L8/412,L8/410
8,411,L8/410,L8/411
8,412,L8/369,L8/225
8,412,L8/225,L8/118
8,412,L8/118,L8/414
8,412,L8/414,L8/412
8,413,L8/369,L8/225
8,413,L8/225,L8/118
8,413,L8/118,L8/415
8,413,L8/415,L8/413
8,414,L8/369,L8/225
8,414,L8/225,L8/118
8,414,L8/118,L8/414
8,415,L8/369,L8/225
8,415,L8/225,L8/118
8,415,L8/118,L8/415
8,416,L8/369,L8/225
8,416,L8/225,L8/118
8,416,L8/118,L8/414
8,416,L8/414,L8/412
8,416,L8/412,L8/410
8,416,L8/410,L7/205
8,416,L7/205,L6/102
8,416,L6/102,L7/204
8,416,L7/204,L8/409
8,416,L8/409,L8/395
8,416,L8/395,L8/394
8,416,L8/394,L8/393
8,416,L8/393,L8/398
8,416,L8/398,L8/397
8,416,L8/397,L8/396
8,416,L8/396,L8/478
8,416,L8/478,L8/477
8,416,L8/477,L8/509
8,416,L8/509,L8/508
8,416,L8/508,L8/466
8,416,L8/466,L8/465
8,416,L8/465,L8/464
8,416,L8/464,L8/511
8,416,L8/511,L8/510
8,416,L8/510,L8/455
8,416,L8/455,L8/454
8,416,L8/454,L8/448
8,416,L8/448,L8/456
8,416,L8/456,L8/457
8,416,L8/457,L8/461
8,416,L8/461,L8/462
8,416,L8/462,L8/416
8,417,L8/369,L8/225
8,417,L8/225,L8/118
8,417,L8/118,L8/414
8,417,L8/414,L8/412
8,417,L8/412,L8/410
8,417,L8/410,L7/205
8,417,L7/205,L6/102
8,417,L6/102,L7/204
8,417,L7/204,L8/409
8,417,L8/409,L8/395
8,417,L8/395,L8/394
8,417,L8/394,L8/393
8,417,L8/393,L8/398
8,417,L8/398,L8/397
8,417,L8/397,L8/396
8,417,L8/396,L8/478
8,417,L8/478,L8/477
8,417,L8/477,L8/509
8,417,L8/509,L8/508
8,417,L8/508,L8/466
8,417,L8/466,L8/465
8,417,L8/465,L8/464
8,417,L8/464,L8/511
8,417,L8/511,L8/510
8,417,L8/510,L8/455
8,417,L8/455,L8/454
8,417,L8/454,L8/448
8,417,L8/448,L8/456
8,417,L8/456,L8/457
8,417,L8/457,L8/461
8,417,L8/461,L8/462
8,417,L8/462,L8/417
8,418,L8/369,L8/225
8,418,L8/225,L8/118
8,418,L8/118,L8/414
8,418,L8/414,L8/412
8,418,L8/412,L8/410
8,418,L8/410,L7/205
8,418,L7/205,L6/102
8,418,L6/102,L7/204
8,418,L7/204,L8/409
8,418,L8/409,L8/395
8,418,L8/395,L8/394
8,418,L8/394,L8/393
8,418,L8/393,L8/398
8,418,L8/398,L8/397
8,418,L8/397,L8/396
8,418,L8/396,L8/478
8,418,L8/478,L8/477
8,418,L8/477,L8/509
8,418,L8/509,L8/508
8,418,L8/508,L8/466
8,418,L8/466,L8/465
8,418,L8/465,L8/464
8,418,L8/464,L8/511
8,418,L8/511,L8/510
8,418,L8/510,L8/455
8,418,L8/455,L8/454
8,418,L8/454,L8/448
8,418,L8/448,L8/456
8,418,L8/456,L8/457
8,418,L8/457,L8/461
8,418,L8/461,L8/418
8,419,L8/369,L8/225
8,419,L8/225,L8/118
8,419,L8/118,L8/414
8,419,L8/414,L8/412
8,419,L8/412,L8/410
8,419,L8/410,L7/205
8,419,L7/205,L6/102
8,419,L6/102,L7/204
8,419,L7/204,L8/409
8,419,L8/409,L8/395
8,419,L8/395,L8/394
8,419,L8/394,L8/393
8,419,L8/393,L8/398
8,419,L8/398,L8/397
8,419,L8/397,L8/396
8,419,L8/396,L8/478
8,419,L8/478,L8/477
8,419,L8/477,L8/509
8,419,L8/509,L8/508
8,419,L8/508,L8/466
8,419,L8/466,L8/465
8,419,L8/465,L8/464
8,419,L8/464,L8/511
8,419,L8/511,L8/510
8,419,L8/510,L8/455
8,419,L8/455,L8/454
8,419,L8/454,L8/448
8,419,L8/448,L8/456
8,419,L8/456,L8/457
8,419,L8/457,L8/461
8,419,L8/461,L8/460
8,419,L8/460,L8/419
8,420,L8/369,L8/225
8,420,L8/225,L8/118
8,420,L8/118,L8/414
8,420,L8/414,L8/412
8,420,L8/412,L8/410
8,420,L8/410,L7/205
8,420,L7/205,L6/102
8,420,L6/102,L7/204
8,420,L7/204,L8/409
8,420,L8/409,L8/395
8,420,L8/395,L8/394
8,420,L8/394,L8/393
8,420,L8/393,L8/398
8,420,L8/398,L8/397
8,420,L8/397,L8/396
8,420,L8/396,L8/478
8,420,L8/478,L8/477
8,420,L8/477,L8/509
8,420,L8/509,L8/508
8,420,L8/508,L8/466
8,420,L8/466,L8/465
8,420,L8/465,L8/464
8,420,L8/464,L8/511
8,420,L8/511,L8/510
8,420,L8/510,L8/455
8,420,L8/455,L8/454
8,420,L8/454,L8/448
8,420,L8/448,L8/456
8,420,L8/456,L8/457
8,420,L8/457,L8/461
8,420,L8/461,L7/230
8,420,L7/230,L7/211
8,420,L7/211,L8/422
8,420,L8/422,L8/420
8,421,L8/369,L8/225
8,421,L8/225,L8/118
8,421,L8/118,L8/414
8,421,L8/414,L8/412
8,421,L8/412,L8/410
8,421,L8/410,L7/205
8,421,L7/205,L6/102
8,421,L6/102,L7/204
8,421,L7/204,L8/409
8,421,L8/409,L8/395
8,421,L8/395,L8/394
8,421,L8/394,L8/393
8,421,L8/393,L8/398
8,421,L8/398,L8/397
8,421,L8/397,L8/396
8,421,L8/396,L8/478
8,421,L8/478,L8/477
8,421,L8/477,L8/509
8,421,L8/509,L8/508
8,421,L8/508,L8/466
8,421,L8/466,L8/465
8,421,L8/465,L8/464
8,421,L8/464,L8/511
8,421,L8/511,L8/510
8,421,L8/510,L8/455
8,421,L8/455,L8/454
8,421,L8/454,L8/448
8,421,L8/448,L8/456
8,421,L8/456,L8/457
8,421,L8/457,L8/461
8,421,L8/461,L8/418
8,421,L8/418,L7/209
8,421,L7/209,L7/210
8,421,L7/210,L8/421
8,422,L8/369,L8/225
8,422,L8/225,L8/118
8,422,L8/118,L8/414
8,422,L8/414,L8/412
8,422,L8/412,L8/410
8,422,L8/410,L7/205
8,422,L7/205,L6/102
8,422,L6/102,L7/204
8,422,L7/204,L8/409
8,422,L8/409,L8/395
8,422,L8/395,L8/394
8,422,L8/394,L8/393
8,422,L8/393,L8/398
8,422,L8/398,L8/397
8,422,L8/397,L8/396
8,422,L8/396,L8/478
8,422,L8/478,L8/477
8,422,L8/477,L8/509
8,422,L8/509,L8/508
8,422,L8/508,L8/466
8,422,L8/466,L8/465
8,422,L8/465,L8/464
8,422,L8/464,L8/511
8,422,L8/511,L8/510
8,422,L8/510,L8/455
8,422,L8/455,L8/454
8,422,L8/454,L8/448
8,422,L8/448,L8/456
8,422,L8/456,L8/457
8,422,L8/457,L8/461
8,422,L8/461,L7/230
8,422,L7/230,L7/211
8,422,L7/211,L8/422
8,423,L8/369,L8/225
8,423,L8/225,L8/118
8,423,L8/118,L8/414
8,423,L8/414,L8/412
8,423,L8/412,L8/410
8,423,L8/410,L7/205
8,423,L7/205,L6/102
8,423,L6/102,L7/204
8,423,L7/204,L8/409
8,423,L8/409,L8/395
8,423,L8/395,L8/394
8,423,L8/394,L8/393
8,423,L8/393,L8/398
8,423,L8/398,L8/397
8,423,L8/397,L8/396
8,423,L8/396,L8/478
8,423,L8/478,L8/477
8,423,L8/477,L8/509
8,423,L8/509,L8/508
8,423,L8/508,L8/466
8,423,L8/466,L8/465
8,423,L8/465,L8/464
8,423,L8/464,L8/511
8,423,L8/511,L8/510
8,423,L8/510,L8/455
8,423,L8/455,L8/454
8,423,L8/454,L8/448
8,423,L8/448,L8/456
8,423,L8/456,L8/457
8,423,L8/457,L8/461
8,423,L8/461,L7/230
8,423,L7/230,L7/211
8,423,L7/211,L8/423
8,424,L8/369,L8/225
8,424,L8/225,L8/118
8,424,L8/118,L8/414
8,424,L8/414,L8/412
8,424,L8/412,L8/410
8,424,L8/410,L7/205
8,424,L7/205,L6/102
8,424,L6/102,L7/204
8,424,L7/204,L8/409
8,424,L8/409,L8/395
8,424,L8/395,L8/394
8,424,L8/394,L8/393
8,424,L8/393,L8/398
8,424,L8/398,L8/397
8,424,L8/397,L8/396
8,424,L8/396,L8/478
8,424,L8/478,L8/477
8,424,L8/477,L8/509
8,424,L8/509,L8/508
8,424,L8/508,L8/466
8,424,L8/466,L8/465
8,424,L8/465,L8/464
8,424,L8/464,L8/511
8,424,L8/511,L8/510
8,424,L8/510,L8/455
8,424,L8/455,L8/454
8,424,L8/454,L8/448
8,424,L8/448,L8/456
8,424,L8/456,L8/457
8,424,L8/457,L8/461
8,424,L8/461,L8/418
8,424,L8/418,L7/209
8,424,L7/209,L6/104
8,424,L6/104,L6/107
8,424,L6/107,L7/215
8,424,L7/215,L7/212
8,424,L7/212,L8/424
8,425,L8/369,L8/225
8,425,L8/225,L8/118
8,425,L8/118,L8/414
8,425,L8/414,L8/412
8,425,L8/412,L8/410
8,425,L8/410,L7/205
8,425,L7/205,L6/102
8,425,L6/102,L7/204
8,425,L7/204,L8/409
8,425,L8/409,L8/395
8,425,L8/395,L8/394
8,425,L8/394,L8/393
8,425,L8/393,L8/398
8,425,L8/398,L8/397
8,425,L8/397,L8/396
8,425,L8/396,L8/478
8,425,L8/478,L8/477
8,425,L8/477,L8/509
8,425,L8/509,L8/508
8,425,L8/508,L8/466
8,425,L8/466,L8/465
8,425,L8/465,L8/464
8,425,L8/464,L8/511
8,425,L8/511,L8/510
8,425,L8/510,L8/455
8,425,L8/455,L8/454
8,425,L8/454,L8/448
8,425,L8/448,L8/456
8,425,L8/456,L8/457
8,425,L8/457,L8/461
8,425,L8/461,L8/418
8,425,L8/418,L7/209
8,425,L7/209,L6/104
8,425,L6/104,L6/107
8,425,L6/107,L7/215
8,425,L7/215,L7/212
8,425,L7/212,L8/425
8,426,L8/369,L8/225
8,426,L8/225,L8/118
8,426,L8/118,L8/414
8,426,L8/414,L8/412
8,426,L8/412,L8/410
8,426,L8/410,L7/205
8,426,L7/205,L6/102
8,426,L6/102,L7/204
8,426,L7/204,L8/409
8,426,L8/409,L8/395
8,426,L8/395,L8/394
8,426,L8/394,L8/393
8,426,L8/393,L8/398
8,426,L8/398,L8/397
8,426,L8/397,L8/396
8,426,L8/396,L8/478
8,426,L8/478,L8/477
8,426,L8/477,L8/509
8,426,L8/509,L8/508
8,426,L8/508,L8/466
8,426,L8/466,L8/465
8,426,L8/465,L8/464
8,426,L8/464,L8/511
8,426,L8/511,L8/510
8,426,L8/510,L8/455
8,426,L8/455,L8/454
8,426,L8/454,L8/448
8,426,L8/448,L8/456
8,426,L8/456,L8/457
8,426,L8/457,L8/461
8,426,L8/461,L8/418
8,426,L8/418,L7/209
8,426,L7/209,L6/104
8,426,L6/104,L6/107
8,426,L6/107,L7/215
8,426,L7/215,L7/213
8,426,L7/213,L8/426
8,427,L8/369,L8/225
8,427,L8/225,L8/118
8,427,L8/118,L8/414
8,427,L8/414,L8/412
8,427,L8/412,L8/410
8,427,L8/410,L7/205
8,427,L7/205,L6/102
8,427,L6/102,L7/204
8,427,L7/204,L8/409
8,427,L8/409,L8/395
8,427,L8/395,L8/394
8,427,L8/394,L8/393
8,427,L8/393,L8/398
8,427,L8/398,L8/397
8,427,L8/397,L8/396
8,427,L8/396,L8/478
8,427,L8/478,L8/477
8,427,L8/477,L8/509
8,427,L8/509,L8/508
8,427,L8/508,L8/466
8,427,L8/466,L8/465
8,427,L8/465,L8/464
8,427,L8/464,L8/511
8,427,L8/511,L8/510
8,427,L8/510,L8/455
8,427,L8/455,L8/454
8,427,L8/454,L8/448
8,427,L8/448,L8/456
8,427,L8/456,L8/457
8,427,L8/457,L8/461
8,427,L8/461,L8/418
8,427,L8/418,L7/209
8,427,L7/209,L6/104
8,427,L6/104,L6/107
8,427,L6/107,L7/215
8,427,L7/215,L7/213
8,427,L7/213,L8/427
8,428,L8/369,L8/225
8,428,L8/225,L8/118
8,428,L8/118,L8/414
8,428,L8/414,L8/412
8,428,L8/412,L8/410
8,428,L8/410,L7/205
8,428,L7/205,L6/102
8,428,L6/102,L7/204
8,428,L7/204,L8/409
8,428,L8/409,L8/395
8,428,L8/395,L8/394
8,428,L8/394,L8/393
8,428,L8/393,L8/398
8,428,L8/398,L8/397
8,428,L8/397,L8/396
8,428,L8/396,L8/478
8,428,L8/478,L8/477
8,428,L8/477,L8/509
8,428,L8/509,L8/508
8,428,L8/508,L8/466
8,428,L8/466,L8/465
8,428,L8/465,L8/464
8,428,L8/464,L8/511
8,428,L8/511,L8/510
8,428,L8/510,L8/455
8,428,L8/455,L8/454
8,428,L8/454,L8/448
8,428,L8/448,L8/456
8,428,L8/456,L8/457
8,428,L8/457,L8/461
8,428,L8/461,L8/418
8,428,L8/418,L7/209
8,428,L7/209,L6/104
8,428,L6/104,L6/107
8,428,L6/107,L7/214
8,428,L7/214,L8/428
8,429,L8/369,L8/225
8,429,L8/225,L8/118
8,429,L8/118,L8/414
8,429,L8/414,L8/412
8,429,L8/412,L8/410
8,429,L8/410,L7/205
8,429,L7/205,L6/102
8,429,L6/102,L7/204
8,429,L7/204,L8/409
8,429,L8/409,L8/395
8,429,L8/395,L8/394
8,429,L8/394,L8/393
8,429,L8/393,L8/398
8,429,L8/398,L8/397
8,429,L8/397,L8/396
8,429,L8/396,L8/478
8,429,L8/478,L8/477
8,429,L8/477,L8/509
8,429,L8/509,L8/508
8,429,L8/508,L8/466
8,429,L8/466,L8/465
8,429,L8/465,L8/464
8,429,L8/464,L8/511
8,429,L8/511,L8/510
8,429,L8/510,L8/455
8,429,L8/455,L8/454
8,429,L8/454,L8/448
8,429,L8/448,L8/456
8,429,L8/456,L8/457
8,429,L8/457,L8/461
8,429,L8/461,L8/418
8,429,L8/418,L7/209
8,429,L7/209,L6/104
8,429,L6/104,L6/107
8,429,L6/107,L7/214
8,429,L7/214,L8/429
8,430,L8/369,L8/225
8,430,L8/225,L8/118
8,430,L8/118,L8/414
8,430,L8/414,L8/412
8,430,L8/412,L8/410
8,430,L8/410,L7/205
8,430,L7/205,L6/102
8,430,L6/102,L7/204
8,430,L7/204,L8/409
8,430,L8/409,L8/395
8,430,L8/395,L8/394
8,430,L8/394,L8/393
8,430,L8/393,L8/398
8,430,L8/398,L8/397
8,430,L8/397,L8/396
8,430,L8/396,L8/478
8,430,L8/478,L8/477
8,430,L8/477,L8/509
8,430,L8/509,L8/508
8,430,L8/508,L8/466
8,430,L8/466,L8/465
8,430,L8/465,L8/464
8,430,L8/464,L8/511
8,430,L8/511,L8/510
8,430,L8/510,L8/455
8,430,L8/455,L8/454
8,430,L8/454,L8/448
8,430,L8/448,L8/456
8,430,L8/456,L8/457
8,430,L8/457,L8/461
8,430,L8/461,L8/418
8,430,L8/418,L7/209
8,430,L7/209,L6/104
8,430,L6/104,L6/107
8,430,L6/107,L7/215
8,430,L7/215,L8/430
8,431,L8/369,L8/225
8,431,L8/225,L8/118
8,431,L8/118,L8/414
8,431,L8/414,L8/412
8,431,L8/412,L8/410
8,431,L8/410,L7/205
8,431,L7/205,L6/102
8,431,L6/102,L7/204
8,431,L7/204,L8/409
8,431,L8/409,L8/395
8,431,L8/395,L8/394
8,431,L8/394,L8/393
8,431,L8/393,L8/398
8,431,L8/398,L8/397
8,431,L8/397,L8/396
8,431,L8/396,L8/478
8,431,L8/478,L8/477
8,431,L8/477,L8/509
8,431,L8/509,L8/508
8,431,L8/508,L8/466
8,431,L8/466,L8/465
8,431,L8/465,L8/464
8,431,L8/464,L8/511
8,431,L8/511,L8/510
8,431,L8/510,L8/455
8,431,L8/455,L8/454
8,431,L8/454,L8/448
8,431,L8/448,L8/456
8,431,L8/456,L8/457
8,431,L8/457,L8/461
8,431,L8/461,L8/418
8,431,L8/418,L7/209
8,431,L7/209,L6/104
8,431,L6/104,L6/107
8,431,L6/107,L7/215
8,431,L7/215,L8/431
8,432,L8/369,L8/225
8,432,L8/225,L8/118
8,432,L8/118,L8/414
8,432,L8/414,L8/412
8,432,L8/412,L8/410
8,432,L8/410,L7/205
8,432,L7/205,L6/102
8,432,L6/102,L7/204
8,432,L7/204,L8/409
8,432,L8/409,L8/395
8,432,L8/395,L8/394
8,432,L8/394,L8/393
8,432,L8/393,L8/398
8,432,L8/398,L8/397
8,432,L8/397,L8/396
8,432,L8/396,L8/478
8,432,L8/478,L8/477
8,432,L8/477,L8/509
8,432,L8/509,L8/508
8,432,L8/508,L8/466
8,432,L8/466,L8/465
8,432,L8/465,L8/464
8,432,L8/464,L8/511
8,432,L8/511,L8/510
8,432,L8/510,L8/455
8,432,L8/455,L8/454
8,432,L8/454,L8/448
8,432,L8/448,L8/456
8,432,L8/456,L8/457
8,432,L8/457,L8/461
8,432,L8/461,L8/418
8,432,L8/418,L7/209
8,432,L7/209,L6/104
8,432,L6/104,L6/107
8,432,L6/107,L7/215
8,432,L7/215,L7/212
8,432,L7/212,L8/424
8,432,L8/424,L8/446
8,432,L8/446,L8/444
8,432,L8/444,L8/432
8,433,L8/369,L8/225
8,433,L8/225,L8/118
8,433,L8/118,L8/414
8,433,L8/414,L8/412
8,433,L8/412,L8/410
8,433,L8/410,L7/205
8,433,L7/205,L6/102
8,433,L6/102,L7/204
8,433,L7/204,L8/409
8,433,L8/409,L8/395
8,433,L8/395,L8/394
8,433,L8/394,L8/393
8,433,L8/393,L8/398
8,433,L8/398,L8/397
8,433,L8/397,L8/396
8,433,L8/396,L8/478
8,433,L8/478,L8/477
8,433,L8/477,L8/509
8,433,L8/509,L8/508
8,433,L8/508,L8/466
8,433,L8/466,L8/465
8,433,L8/465,L8/464
8,433,L8/464,L8/511
8,433,L8/511,L8/510
8,433,L8/510,L8/455
8,433,L8/455,L8/454
8,433,L8/454,L8/448
8,433,L8/448,L8/456
8,433,L8/456,L8/457
8,433,L8/457,L8/461
8,433,L8/461,L8/418
8,433,L8/418,L7/209
8,433,L7/209,L6/104
8,433,L6/104,L6/107
8,433,L6/107,L7/215
8,433,L7/215,L7/212
8,433,L7/212,L8/424
8,433,L8/424,L8/446
8,433,L8/446,L8/444
8,433,L8/444,L8/432
8,433,L8/432,L8/433
8,434,L8/369,L8/225
8,434,L8/225,L8/118
8,434,L8/118,L8/414
8,434,L8/414,L8/412
8,434,L8/412,L8/410
8,434,L8/410,L7/205
8,434,L7/205,L6/102
8,434,L6/102,L7/204
8,434,L7/204,L8/409
8,434,L8/409,L8/395
8,434,L8/395,L8/394
8,434,L8/394,L8/393
8,434,L8/393,L8/398
8,434,L8/398,L8/397
8,434,L8/397,L8/396
8,434,L8/396,L8/478
8,434,L8/478,L8/477
8,434,L8/477,L8/509
8,434,L8/509,L8/508
8,434,L8/508,L8/466
8,434,L8/466,L8/465
8,434,L8/465,L8/464
8,434,L8/464,L8/511
8,434,L8/511,L8/510
8,434,L8/510,L8/455
8,434,L8/455,L8/454
8,434,L8/454,L8/448
8,434,L8/448,L8/456
8,434,L8/456,L8/457
8,434,L8/457,L8/461
8,434,L8/461,L8/418
8,434,L8/418,L7/209
8,434,L7/209,L6/104
8,434,L6/104,L6/107
8,434,L6/107,L7/215
8,434,L7/215,L7/212
8,434,L7/212,L8/424
8,434,L8/424,L8/446
8,434,L8/446,L8/444
8,434,L8/444,L8/432
8,434,L8/432,L8/434
8,435,L8/369,L8/225
8,435,L8/225,L8/118
8,435,L8/118,L8/414
8,435,L8/414,L8/412
8,435,L8/412,L8/410
8,435,L8/410,L7/205
8,435,L7/205,L6/102
8,435,L6/102,L7/204
8,435,L7/204,L8/409
8,435,L8/409,L8/395
8,435,L8/395,L8/394
8,435,L8/394,L8/393
8,435,L8/393,L8/398
8,435,L8/398,L8/397
8,435,L8/397,L8/396
8,435,L8/396,L8/478
8,435,L8/478,L8/477
8,435,L8/477,L8/509
8,435,L8/509,L8/508
8,435,L8/508,L8/466
8,435,L8/466,L8/465
8,435,L8/465,L8/464
8,435,L8/464,L8/511
8,435,L8/511,L8/510
8,435,L8/510,L8/455
8,435,L8/455,L8/454
8,435,L8/454,L8/448
8,435,L8/448,L8/456
8,435,L8/456,L8/457
8,435,L8/457,L8/461
8,435,L8/461,L8/418
8,435,L8/418,L7/209
8,435,L7/209,L6/104
8,435,L6/104,L6/107
8,435,L6/107,L7/215
8,435,L7/215,L7/212
8,435,L7/212,L8/424
8,435,L8/424,L8/446
8,435,L8/446,L8/444
8,435,L8/444,L8/432
8,435,L8/432,L8/435
8,436,L8/369,L8/225
8,436,L8/225,L8/118
8,436,L8/118,L8/414
8,436,L8/414,L8/412
8,436,L8/412,L8/410
8,436,L8/410,L7/205
8,436,L7/205,L6/102
8,436,L6/102,L7/204
8,436,L7/204,L8/409
8,436,L8/409,L8/395
8,436,L8/395,L8/394
8,436,L8/394,L8/393
8,436,L8/393,L8/398
8,436,L8/398,L8/397
8,436,L8/397,L8/396
8,436,L8/396,L8/478
8,436,L8/478,L8/477
8,436,L8/477,L8/509
8,436,L8/509,L8/508
8,436,L8/508,L8/466
8,436,L8/466,L8/465
8,436,L8/465,L8/464
8,436,L8/464,L8/511
8,436,L8/511,L8/510
8,436,L8/510,L8/455
8,436,L8/455,L8/454
8,436,L8/454,L8/448
8,436,L8/448,L8/456
8,436,L8/456,L8/457
8,436,L8/457,L8/461
8,436,L8/461,L8/418
8,436,L8/418,L7/209
8,436,L7/209,L6/104
8,436,L6/104,L6/107
8,436,L6/107,L7/215
8,436,L7/215,L7/212
8,436,L7/212,L8/424
8,436,L8/424,L8/446
8,436,L8/446,L8/444
8,436,L8/444,L8/432
8,436,L8/432,L8/433
8,436,L8/433,L8/438
8,436,L8/438,L8/436
8,437,L8/369,L8/225
8,437,L8/225,L8/118
8,437,L8/118,L8/414
8,437,L8/414,L8/412
8,437,L8/412,L8/410
8,437,L8/410,L7/205
8,437,L7/205,L6/102
8,437,L6/102,L7/204
8,437,L7/204,L8/409
8,437,L8/409,L8/395
8,437,L8/395,L8/394
8,437,L8/394,L8/393
8,437,L8/393,L8/398
8,437,L8/398,L8/397
8,437,L8/397,L8/396
8,437,L8/396,L8/478
8,437,L8/478,L8/477
8,437,L8/477,L8/509
8,437,L8/509,L8/508
8,437,L8/508,L8/466
8,437,L8/466,L8/465
8,437,L8/465,L8/464
8,437,L8/464,L8/511
8,437,L8/511,L8/510
8,437,L8/510,L8/455
8,437,L8/455,L8/454
8,437,L8/454,L8/448
8,437,L8/448,L8/456
8,437,L8/456,L8/457
8,437,L8/457,L8/461
8,437,L8/461,L8/418
8,437,L8/418,L7/209
8,437,L7/209,L6/104
8,437,L6/104,L6/107
8,437,L6/107,L7/215
8,437,L7/215,L7/212
8,437,L7/212,L8/424
8,437,L8/424,L8/446
8,437,L8/446,L8/444
8,437,L8/444,L8/432
8,437,L8/432,L8/433
8,437,L8/433,L8/438
8,437,L8/438,L8/437
8,438,L8/369,L8/225
8,438,L8/225,L8/118
8,438,L8/118,L8/414
8,438,L8/414,L8/412
8,438,L8/412,L8/410
8,438,L8/410,L7/205
8,438,L7/205,L6/102
8,438,L6/102,L7/204
8,438,L7/204,L8/409
8,438,L8/409,L8/395
8,438,L8/395,L8/394
8,438,L8/394,L8/393
8,438,L8/393,L8/398
8,438,L8/398,L8/397
8,438,L8/397,L8/396
8,438,L8/396,L8/478
8,438,L8/478,L8/477
8,438,L8/477,L8/509
8,438,L8/509,L8/508
8,438,L8/508,L8/466
8,438,L8/466,L8/465
8,438,L8/465,L8/464
8,438,L8/464,L8/511
8,438,L8/511,L8/510
8,438,L8/510,L8/455
8,438,L8/455,L8/454
8,438,L8/454,L8/448
8,438,L8/448,L8/456
8,438,L8/456,L8/457
8,438,L8/457,L8/461
8,438,L8/461,L8/418
8,438,L8/418,L7/209
8,438,L7/209,L6/104
8,438,L6/104,L6/107
8,438,L6/107,L7/215
8,438,L7/215,L7/212
8,438,L7/212,L8/424
8,438,L8/424,L8/446
8,438,L8/446,L8/444
8,438,L8/444,L8/432
8,438,L8/432,L8/433
8,438,L8/433,L8/438
8,439,L8/369,L8/225
8,439,L8/225,L8/118
8,439,L8/118,L8/414
8,439,L8/414,L8/412
8,439,L8/412,L8/410
8,439,L8/410,L7/205
8,439,L7/205,L6/102
8,439,L6/102,L7/204
8,439,L7/204,L8/409
8,439,L8/409,L8/395
8,439,L8/395,L8/394
8,439,L8/394,L8/393
8,439,L8/393,L8/398
8,439,L8/398,L8/397
8,439,L8/397,L8/396
8,439,L8/396,L8/478
8,439,L8/478,L8/477
8,439,L8/477,L8/509
8,439,L8/509,L8/508
8,439,L8/508,L8/466
8,439,L8/466,L8/465
8,439,L8/465,L8/464
8,439,L8/464,L8/511
8,439,L8/511,L8/510
8,439,L8/510,L8/455
8,439,L8/455,L8/454
8,439,L8/454,L8/448
8,439,L8/448,L8/456
8,439,L8/456,L8/457
8,439,L8/457,L8/461
8,439,L8/461,L8/418
8,439,L8/418,L7/209
8,439,L7/209,L6/104
8,439,L6/104,L6/107
8,439,L6/107,L7/215
8,439,L7/215,L7/212
8,439,L7/212,L8/424
8,439,L8/424,L8/446
8,439,L8/446,L8/444
8,439,L8/444,L8/432
8,439,L8/432,L8/435
8,439,L8/435,L8/439
8,440,L8/369,L8/225
8,440,L8/225,L8/118
8,440,L8/118,L8/414
8,440,L8/414,L8/412
8,440,L8/412,L8/410
8,440,L8/410,L7/205
8,440,L7/205,L6/102
8,440,L6/102,L7/204
8,440,L7/204,L8/409
8,440,L8/409,L8/395
8,440,L8/395,L8/394
8,440,L8/394,L8/393
8,440,L8/393,L8/398
8,440,L8/398,L8/397
8,440,L8/397,L8/396
8,440,L8/396,L8/478
8,440,L8/478,L8/477
8,440,L8/477,L8/509
8,440,L8/509,L8/508
8,440,L8/508,L8/466
8,440,L8/466,L8/465
8,440,L8/465,L8/464
8,440,L8/464,L8/511
8,440,L8/511,L8/510
8,440,L8/510,L8/455
8,440,L8/455,L8/454
8,440,L8/454,L8/448
8,440,L8/448,L8/456
8,440,L8/456,L8/457
8,440,L8/457,L8/461
8,440,L8/461,L8/418
8,440,L8/418,L7/209
8,440,L7/209,L6/104
8,440,L6/104,L6/107
8,440,L6/107,L7/215
8,440,L7/215,L7/213
8,440,L7/213,L8/427
8,440,L8/427,L8/447
8,440,L8/447,L7/223
8,440,L7/223,L7/220
8,440,L7/220,L8/440
8,441,L8/369,L8/225
8,441,L8/225,L8/118
8,441,L8/118,L8/414
8,441,L8/414,L8/412
8,441,L8/412,L8/410
8,441,L8/410,L7/205
8,441,L7/205,L6/102
8,441,L6/102,L7/204
8,441,L7/204,L8/409
8,441,L8/409,L8/395
8,441,L8/395,L8/394
8,441,L8/394,L8/393
8,441,L8/393,L8/398
8,441,L8/398,L8/397
8,441,L8/397,L8/396
8,441,L8/396,L8/478
8,441,L8/478,L8/477
8,441,L8/477,L8/509
8,441,L8/509,L8/508
8,441,L8/508,L8/466
8,441,L8/466,L8/465
8,441,L8/465,L8/464
8,441,L8/464,L8/511
8,441,L8/511,L8/510
8,441,L8/510,L8/455
8,441,L8/455,L8/454
8,441,L8/454,L8/448
8,441,L8/448,L8/456
8,441,L8/456,L8/457
8,441,L8/457,L8/461
8,441,L8/461,L8/418
8,441,L8/418,L7/209
8,441,L7/209,L6/104
8,441,L6/104,L6/107
8,441,L6/107,L7/215
8,441,L7/215,L7/213
8,441,L7/213,L8/427
8,441,L8/427,L8/447
8,441,L8/447,L7/223
8,441,L7/223,L7/220
8,441,L7/220,L8/441
8,442,L8/369,L8/225
8,442,L8/225,L8/118
8,442,L8/118,L8/414
8,442,L8/414,L8/412
8,442,L8/412,L8/410
8,442,L8/410,L7/205
8,442,L7/205,L6/102
8,442,L6/102,L7/204
8,442,L7/204,L8/409
8,442,L8/409,L8/395
8,442,L8/395,L8/394
8,442,L8/394,L8/393
8,442,L8/393,L8/398
8,442,L8/398,L8/397
8,442,L8/397,L8/396
8,442,L8/396,L8/478
8,442,L8/478,L8/477
8,442,L8/477,L8/509
8,442,L8/509,L8/508
8,442,L8/508,L8/466
8,442,L8/466,L8/465
8,442,L8/465,L8/464
8,442,L8/464,L8/511
8,442,L8/511,L8/510
8,442,L8/510,L8/455
8,442,L8/455,L8/454
8,442,L8/454,L8/448
8,442,L8/448,L8/456
8,442,L8/456,L8/457
8,442,L8/457,L8/461
8,442,L8/461,L8/418
8,442,L8/418,L7/209
8,442,L7/209,L6/104
8,442,L6/104,L6/107
8,442,L6/107,L7/215
8,442,L7/215,L7/213
8,442,L7/213,L8/427
8,442,L8/427,L8/447
8,442,L8/447,L8/445
8,442,L8/445,L7/222
8,442,L7/222,L7/221
8,442,L7/221,L8/442
8,443,L8/369,L8/225
8,443,L8/225,L8/118
8,443,L8/118,L8/414
8,443,L8/414,L8/412
8,443,L8/412,L8/410
8,443,L8/410,L7/205
8,443,L7/205,L6/102
8,443,L6/102,L7/204
8,443,L7/204,L8/409
8,443,L8/409,L8/395
8,443,L8/395,L8/394
8,443,L8/394,L8/393
8,443,L8/393,L8/398
8,443,L8/398,L8/397
8,443,L8/397,L8/396
8,443,L8/396,L8/478
8,443,L8/478,L8/477
8,443,L8/477,L8/509
8,443,L8/509,L8/508
8,443,L8/508,L8/466
8,443,L8/466,L8/465
8,443,L8/465,L8/464
8,443,L8/464,L8/511
8,443,L8/511,L8/510
8,443,L8/510,L8/455
8,443,L8/455,L8/454
8,443,L8/454,L8/448
8,443,L8/448,L8/456
8,443,L8/456,L8/457
8,443,L8/457,L8/461
8,443,L8/461,L8/418
8,443,L8/418,L7/209
8,443,L7/209,L6/104
8,443,L6/104,L6/107
8,443,L6/107,L7/215
8,443,L7/215,L7/213
8,443,L7/213,L8/427
8,443,L8/427,L8/447
8,443,L8/447,L7/223
8,443,L7/223,L7/220
8,443,L7/220,L8/441
8,443,L8/441,L8/443
8,444,L8/369,L8/225
8,444,L8/225,L8/118
8,444,L8/118,L8/414
8,444,L8/414,L8/412
8,444,L8/412,L8/410
8,444,L8/410,L7/205
8,444,L7/205,L6/102
8,444,L6/102,L7/204
8,444,L7/204,L8/409
8,444,L8/409,L8/395
8,444,L8/395,L8/394
8,444,L8/394,L8/393
8,444,L8/393,L8/398
8,444,L8/398,L8/397
8,444,L8/397,L8/396
8,444,L8/396,L8/478
8,444,L8/478,L8/477
8,444,L8/477,L8/509
8,444,L8/509,L8/508
8,444,L8/508,L8/466
8,444,L8/466,L8/465
8,444,L8/465,L8/464
8,444,L8/464,L8/511
8,444,L8/511,L8/510
8,444,L8/510,L8/455
8,444,L8/455,L8/454
8,444,L8/454,L8/448
8,444,L8/448,L8/456
8,444,L8/456,L8/457
8,444,L8/457,L8/461
8,444,L8/461,L8/418
8,444,L8/418,L7/209
8,444,L7/209,L6/104
8,444,L6/104,L6/107
8,444,L6/107,L7/215
8,444,L7/215,L7/212
8,444,L7/212,L8/424
8,444,L8/424,L8/446
8,444,L8/446,L8/444
8,445,L8/369,L8/225
8,445,L8/225,L8/118
8,445,L8/118,L8/414
8,445,L8/414,L8/412
8,445,L8/412,L8/410
8,445,L8/410,L7/205
8,445,L7/205,L6/102
8,445,L6/102,L7/204
8,445,L7/204,L8/409
8,445,L8/409,L8/395
8,445,L8/395,L8/394
8,445,L8/394,L8/393
8,445,L8/393,L8/398
8,445,L8/398,L8/397
8,445,L8/397,L8/396
8,445,L8/396,L8/478
8,445,L8/478,L8/477
8,445,L8/477,L8/509
8,445,L8/509,L8/508
8,445,L8/508,L8/466
8,445,L8/466,L8/465
8,445,L8/465,L8/464
8,445,L8/464,L8/511
8,445,L8/511,L8/510
8,445,L8/510,L8/455
8,445,L8/455,L8/454
8,445,L8/454,L8/448
8,445,L8/448,L8/456
8,445,L8/456,L8/457
8,445,L8/457,L8/461
8,445,L8/461,L8/418
8,445,L8/418,L7/209
8,445,L7/209,L6/104
8,445,L6/104,L6/107
8,445,L6/107,L7/215
8,445,L7/215,L7/213
8,445,L7/213,L8/427
8,445,L8/427,L8/447
8,445,L8/447,L8/445
8,446,L8/369,L8/225
8,446,L8/225,L8/118
8,446,L8/118,L8/414
8,446,L8/414,L8/412
8,446,L8/412,L8/410
8,446,L8/410,L7/205
8,446,L7/205,L6/102
8,446,L6/102,L7/204
8,446,L7/204,L8/409
8,446,L8/409,L8/395
8,446,L8/395,L8/394
8,446,L8/394,L8/393
8,446,L8/393,L8/398
8,446,L8/398,L8/397
8,446,L8/397,L8/396
8,446,L8/396,L8/478
8,446,L8/478,L8/477
8,446,L8/477,L8/509
8,446,L8/509,L8/508
8,446,L8/508,L8/466
8,446,L8/466,L8/465
8,446,L8/465,L8/464
8,446,L8/464,L8/511
8,446,L8/511,L8/510
8,446,L8/510,L8/455
8,446,L8/455,L8/454
8,446,L8/454,L8/448
8,446,L8/448,L8/456
8,446,L8/456,L8/457
8,446,L8/457,L8/461
8,446,L8/461,L8/418
8,446,L8/418,L7/209
8,446,L7/209,L6/104
8,446,L6/104,L6/107
8,446,L6/107,L7/215
8,446,L7/215,L7/212
8,446,L7/212,L8/424
8,446,L8/424,L8/446
8,447,L8/369,L8/225
8,447,L8/225,L8/118
8,447,L8/118,L8/414
8,447,L8/414,L8/412
8,447,L8/412,L8/410
8,447,L8/410,L7/205
8,447,L7/205,L6/102
8,447,L6/102,L7/204
8,447,L7/204,L8/409
8,447,L8/409,L8/395
8,447,L8/395,L8/394
8,447,L8/394,L8/393
8,447,L8/393,L8/398
8,447,L8/398,L8/397
8,447,L8/397,L8/396
8,447,L8/396,L8/478
8,447,L8/478,L8/477
8,447,L8/477,L8/509
8,447,L8/509,L8/508
8,447,L8/508,L8/466
8,447,L8/466,L8/465
8,447,L8/465,L8/464
8,447,L8/464,L8/511
8,447,L8/511,L8/510
8,447,L8/510,L8/455
8,447,L8/455,L8/454
8,447,L8/454,L8/448
8,447,L8/448,L8/456
8,447,L8/456,L8/457
8,447,L8/457,L8/461
8,447,L8/461,L8/418
8,447,L8/418,L7/209
8,447,L7/209,L6/104
8,447,L6/104,L6/107
8,447,L6/107,L7/215
8,447,L7/215,L7/213
8,447,L7/213,L8/427
8,447,L8/427,L8/447
8,448,L8/369,L8/225
8,448,L8/225,L8/118
8,448,L8/118,L8/414
8,448,L8/414,L8/412
8,448,L8/412,L8/410
8,448,L8/410,L7/205
8,448,L7/205,L6/102
8,448,L6/102,L7/204
8,448,L7/204,L8/409
8,448,L8/409,L8/395
8,448,L8/395,L8/394
8,448,L8/394,L8/393
8,448,L8/393,L8/398
8,448,L8/398,L8/397
8,448,L8/397,L8/396
8,448,L8/396,L8/478
8,448,L8/478,L8/477
8,448,L8/477,L8/509
8,448,L8/509,L8/508
8,448,L8/508,L8/466
8,448,L8/466,L8/465
8,448,L8/465,L8/464
8,448,L8/464,L8/511
8,448,L8/511,L8/510
8,448,L8/510,L8/455
8,448,L8/455,L8/454
8,448,L8/454,L8/448
8,449,L8/369,L8/225
8,449,L8/225,L8/118
8,449,L8/118,L8/414
8,449,L8/414,L8/412
8,449,L8/412,L8/410
8,449,L8/410,L7/205
8,449,L7/205,L6/102
8,449,L6/102,L7/204
8,449,L7/204,L8/409
8,449,L8/409,L8/395
8,449,L8/395,L8/394
8,449,L8/394,L8/393
8,449,L8/393,L8/398
8,449,L8/398,L8/397
8,449,L8/397,L8/396
8,449,L8/396,L8/478
8,449,L8/478,L8/477
8,449,L8/477,L8/509
8,449,L8/509,L8/508
8,449,L8/508,L8/466
8,449,L8/466,L8/465
8,449,L8/465,L8/464
8,449,L8/464,L8/511
8,449,L8/511,L8/510
8,449,L8/510,L8/455
8,449,L8/455,L8/454
8,449,L8/454,L8/448
8,449,L8/448,L8/449
8,450,L8/369,L8/225
8,450,L8/225,L8/118
8,450,L8/118,L8/414
8,450,L8/414,L8/412
8,450,L8/412,L8/410
8,450,L8/410,L7/205
8,450,L7/205,L6/102
8,450,L6/102,L7/204
8,450,L7/204,L8/409
8,450,L8/409,L8/395
8,450,L8/395,L8/394
8,450,L8/394,L8/393
8,450,L8/393,L8/398
8,450,L8/398,L8/397
8,450,L8/397,L8/396
8,450,L8/396,L8/478
8,450,L8/478,L8/477
8,450,L8/477,L8/509
8,450,L8/509,L8/508
8,450,L8/508,L8/466
8,450,L8/466,L8/465
8,450,L8/465,L8/464
8,450,L8/464,L8/511
8,450,L8/511,L8/510
8,450,L8/510,L8/455
8,450,L8/455,L8/452
8,450,L8/452,L8/453
8,450,L8/453,L8/450
8,451,L8/369,L8/225
8,451,L8/225,L8/118
8,451,L8/118,L8/414
8,451,L8/414,L8/412
8,451,L8/412,L8/410
8,451,L8/410,L7/205
8,451,L7/205,L6/102
8,451,L6/102,L7/204
8,451,L7/204,L8/409
8,451,L8/409,L8/395
8,451,L8/395,L8/394
8,451,L8/394,L8/393
8,451,L8/393,L8/398
8,451,L8/398,L8/397
8,451,L8/397,L8/396
8,451,L8/396,L8/478
8,451,L8/478,L8/477
8,451,L8/477,L8/509
8,451,L8/509,L8/508
8,451,L8/508,L8/466
8,451,L8/466,L8/465
8,451,L8/465,L8/464
8,451,L8/464,L8/511
8,451,L8/511,L8/510
8,451,L8/510,L8/455
8,451,L8/455,L8/452
8,451,L8/452,L8/453
8,451,L8/453,L8/450
8,451,L8/450,L8/451
8,452,L8/369,L8/225
8,452,L8/225,L8/118
8,452,L8/118,L8/414
8,452,L8/414,L8/412
8,452,L8/412,L8/410
8,452,L8/410,L7/205
8,452,L7/205,L6/102
8,452,L6/102,L7/204
8,452,L7/204,L8/409
8,452,L8/409,L8/395
8,452,L8/395,L8/394
8,452,L8/394,L8/393
8,452,L8/393,L8/398
8,452,L8/398,L8/397
8,452,L8/397,L8/396
8,452,L8/396,L8/478
8,452,L8/478,L8/477
8,452,L8/477,L8/509
8,452,L8/509,L8/508
8,452,L8/508,L8/466
8,452,L8/466,L8/465
8,452,L8/465,L8/464
8,452,L8/464,L8/511
8,452,L8/511,L8/510
8,452,L8/510,L8/455
8,452,L8/455,L8/452
8,453,L8/369,L8/225
8,453,L8/225,L8/118
8,453,L8/118,L8/414
8,453,L8/414,L8/412
8,453,L8/412,L8/410
8,453,L8/410,L7/205
8,453,L7/205,L6/102
8,453,L6/102,L7/204
8,453,L7/204,L8/409
8,453,L8/409,L8/395
8,453,L8/395,L8/394
8,453,L8/394,L8/393
8,453,L8/393,L8/398
8,453,L8/398,L8/397
8,453,L8/397,L8/396
8,453,L8/396,L8/478
8,453,L8/478,L8/477
8,453,L8/477,L8/509
8,453,L8/509,L8/508
8,453,L8/508,L8/466
8,453,L8/466,L8/465
8,453,L8/465,L8/464
8,453,L8/464,L8/511
8,453,L8/511,L8/510
8,453,L8/510,L8/455
8,453,L8/455,L8/452
8,453,L8/452,L8/453
8,454,L8/369,L8/225
8,454,L8/225,L8/118
8,454,L8/118,L8/414
8,454,L8/414,L8/412
8,454,L8/412,L8/410
8,454,L8/410,L7/205
8,454,L7/205,L6/102
8,454,L6/102,L7/204
8,454,L7/204,L8/409
8,454,L8/409,L8/395
8,454,L8/395,L8/394
8,454,L8/394,L8/393
8,454,L8/393,L8/398
8,454,L8/398,L8/397
8,454,L8/397,L8/396
8,454,L8/396,L8/478
8,454,L8/478,L8/477
8,454,L8/477,L8/509
8,454,L8/509,L8/508
8,454,L8/508,L8/466
8,454,L8/466,L8/465
8,454,L8/465,L8/464
8,454,L8/464,L8/511
8,454,L8/511,L8/510
8,454,L8/510,L8/455
8,454,L8/455,L8/454
8,455,L8/369,L8/225
8,455,L8/225,L8/118
8,455,L8/118,L8/414
8,455,L8/414,L8/412
8,455,L8/412,L8/410
8,455,L8/410,L7/205
8,455,L7/205,L6/102
8,455,L6/102,L7/204
8,455,L7/204,L8/409
8,455,L8/409,L8/395
8,455,L8/395,L8/394
8,455,L8/394,L8/393
8,455,L8/393,L8/398
8,455,L8/398,L8/397
8,455,L8/397,L8/396
8,455,L8/396,L8/478
8,455,L8/478,L8/477
8,455,L8/477,L8/509
8,455,L8/509,L8/508
8,455,L8/508,L8/466
8,455,L8/466,L8/465
8,455,L8/465,L8/464
8,455,L8/464,L8/511
8,455,L8/511,L8/510
8,455,L8/510,L8/455
8,456,L8/369,L8/225
8,456,L8/225,L8/118
8,456,L8/118,L8/414
8,456,L8/414,L8/412
8,456,L8/412,L8/410
8,456,L8/410,L7/205
8,456,L7/205,L6/102
8,456,L6/102,L7/204
8,456,L7/204,L8/409
8,456,L8/409,L8/395
8,456,L8/395,L8/394
8,456,L8/394,L8/393
8,456,L8/393,L8/398
8,456,L8/398,L8/397
8,456,L8/397,L8/396
8,456,L8/396,L8/478
8,456,L8/478,L8/477
8,456,L8/477,L8/509
8,456,L8/509,L8/508
8,456,L8/508,L8/466
8,456,L8/466,L8/465
8,456,L8/465,L8/464
8,456,L8/464,L8/511
8,456,L8/511,L8/510
8,456,L8/510,L8/455
8,456,L8/455,L8/454
8,456,L8/454,L8/448
8,456,L8/448,L8/456
8,457,L8/369,L8/225
8,457,L8/225,L8/118
8,457,L8/118,L8/414
8,457,L8/414,L8/412
8,457,L8/412,L8/410
8,457,L8/410,L7/205
8,457,L7/205,L6/102
8,457,L6/102,L7/204
8,457,L7/204,L8/409
8,457,L8/409,L8/395
8,457,L8/395,L8/394
8,457,L8/394,L8/393
8,457,L8/393,L8/398
8,457,L8/398,L8/397
8,457,L8/397,L8/396
8,457,L8/396,L8/478
8,457,L8/478,L8/477
8,457,L8/477,L8/509
8,457,L8/509,L8/508
8,457,L8/508,L8/466
8,457,L8/466,L8/465
8,457,L8/465,L8/464
8,457,L8/464,L8/511
8,457,L8/511,L8/510
8,457,L8/510,L8/455
8,457,L8/455,L8/454
8,457,L8/454,L8/448
8,457,L8/448,L8/456
8,457,L8/456,L8/457
8,458,L8/369,L8/225
8,458,L8/225,L8/118
8,458,L8/118,L8/414
8,458,L8/414,L8/412
8,458,L8/412,L8/410
8,458,L8/410,L7/205
8,458,L7/205,L6/102
8,458,L6/102,L7/204
8,458,L7/204,L8/409
8,458,L8/409,L8/395
8,458,L8/395,L8/394
8,458,L8/394,L8/393
8,458,L8/393,L8/398
8,458,L8/398,L8/397
8,458,L8/397,L8/396
8,458,L8/396,L8/478
8,458,L8/478,L8/477
8,458,L8/477,L8/509
8,458,L8/509,L8/508
8,458,L8/508,L8/466
8,458,L8/466,L8/465
8,458,L8/465,L8/464
8,458,L8/464,L8/511
8,458,L8/511,L8/510
8,458,L8/510,L8/455
8,458,L8/455,L8/454
8,458,L8/454,L8/448
8,458,L8/448,L8/449
8,458,L8/449,L8/458
8,459,L8/369,L8/225
8,459,L8/225,L8/118
8,459,L8/118,L8/414
8,459,L8/414,L8/412
8,459,L8/412,L8/410
8,459,L8/410,L7/205
8,459,L7/205,L6/102
8,459,L6/102,L7/204
8,459,L7/204,L8/409
8,459,L8/409,L8/395
8,459,L8/395,L8/394
8,459,L8/394,L8/393
8,459,L8/393,L8/398
8,459,L8/398,L8/397
8,459,L8/397,L8/396
8,459,L8/396,L8/478
8,459,L8/478,L8/477
8,459,L8/477,L8/509
8,459,L8/509,L8/508
8,459,L8/508,L8/466
8,459,L8/466,L8/465
8,459,L8/465,L8/464
8,459,L8/464,L8/511
8,459,L8/511,L8/510
8,459,L8/510,L8/455
8,459,L8/455,L8/454
8,459,L8/454,L8/448
8,459,L8/448,L8/449
8,459,L8/449,L8/458
8,459,L8/458,L8/459
8,460,L8/369,L8/225
8,460,L8/225,L8/118
8,460,L8/118,L8/414
8,460,L8/414,L8/412
8,460,L8/412,L8/410
8,460,L8/410,L7/205
8,460,L7/205,L6/102
8,460,L6/102,L7/204
8,460,L7/204,L8/409
8,460,L8/409,L8/395
8,460,L8/395,L8/394
8,460,L8/394,L8/393
8,460,L8/393,L8/398
8,460,L8/398,L8/397
8,460,L8/397,L8/396
8,460,L8/396,L8/478
8,460,L8/478,L8/477
8,460,L8/477,L8/509
8,460,L8/509,L8/508
8,460,L8/508,L8/466
8,460,L8/466,L8/465
8,460,L8/465,L8/464
8,460,L8/464,L8/511
8,460,L8/511,L8/510
8,460,L8/510,L8/455
8,460,L8/455,L8/454
8,460,L8/454,L8/448
8,460,L8/448,L8/456
8,460,L8/456,L8/457
8,460,L8/457,L8/461
8,460,L8/461,L8/460
8,461,L8/369,L8/225
8,461,L8/225,L8/118
8,461,L8/118,L8/414
8,461,L8/414,L8/412
8,461,L8/412,L8/410
8,461,L8/410,L7/205
8,461,L7/205,L6/102
8,461,L6/102,L7/204
8,461,L7/204,L8/409
8,461,L8/409,L8/395
8,461,L8/395,L8/394
8,461,L8/394,L8/393
8,461,L8/393,L8/398
8,461,L8/398,L8/397
8,461,L8/397,L8/396
8,461,L8/396,L8/478
8,461,L8/478,L8/477
8,461,L8/477,L8/509
8,461,L8/509,L8/508
8,461,L8/508,L8/466
8,461,L8/466,L8/465
8,461,L8/465,L8/464
8,461,L8/464,L8/511
8,461,L8/511,L8/510
8,461,L8/510,L8/455
8,461,L8/455,L8/454
8,461,L8/454,L8/448
8,461,L8/448,L8/456
8,461,L8/456,L8/457
8,461,L8/457,L8/461
8,462,L8/369,L8/225
8,462,L8/225,L8/118
8,462,L8/118,L8/414
8,462,L8/414,L8/412
8,462,L8/412,L8/410
8,462,L8/410,L7/205
8,462,L7/205,L6/102
8,462,L6/102,L7/204
8,462,L7/204,L8/409
8,462,L8/409,L8/395
8,462,L8/395,L8/394
8,462,L8/394,L8/393
8,462,L8/393,L8/398
8,462,L8/398,L8/397
8,462,L8/397,L8/396
8,462,L8/396,L8/478
8,462,L8/478,L8/477
8,462,L8/477,L8/509
8,462,L8/509,L8/508
8,462,L8/508,L8/466
8,462,L8/466,L8/465
8,462,L8/465,L8/464
8,462,L8/464,L8/511
8,462,L8/511,L8/510
8,462,L8/510,L8/455
8,462,L8/455,L8/454
8,462,L8/454,L8/448
8,462,L8/448,L8/456
8,462,L8/456,L8/457
8,462,L8/457,L8/461
8,462,L8/461,L8/462
8,463,L8/369,L8/225
8,463,L8/225,L8/118
8,463,L8/118,L8/414
8,463,L8/414,L8/412
8,463,L8/412,L8/410
8,463,L8/410,L7/205
8,463,L7/205,L6/102
8,463,L6/102,L7/204
8,463,L7/204,L8/409
8,463,L8/409,L8/395
8,463,L8/395,L8/394
8,463,L8/394,L8/393
8,463,L8/393,L8/398
8,463,L8/398,L8/397
8,463,L8/397,L8/396
8,463,L8/396,L8/478
8,463,L8/478,L8/477
8,463,L8/477,L8/509
8,463,L8/509,L8/508
8,463,L8/508,L8/466
8,463,L8/466,L8/465
8,463,L8/465,L8/464
8,463,L8/464,L8/511
8,463,L8/511,L8/510
8,463,L8/510,L8/455
8,463,L8/455,L8/454
8,463,L8/454,L8/448
8,463,L8/448,L8/449
8,463,L8/449,L8/458
8,463,L8/458,L8/459
8,463,L8/459,L8/463
8,464,L8/369,L8/225
8,464,L8/225,L8/118
8,464,L8/118,L8/414
8,464,L8/414,L8/412
8,464,L8/412,L8/410
8,464,L8/410,L7/205
8,464,L7/205,L6/102
8,464,L6/102,L7/204
8,464,L7/204,L8/409
8,464,L8/409,L8/395
8,464,L8/395,L8/394
8,464,L8/394,L8/393
8,464,L8/393,L8/398
8,464,L8/398,L8/397
8,464,L8/397,L8/396
8,464,L8/396,L8/478
8,464,L8/478,L8/477
8,464,L8/477,L8/509
8,464,L8/509,L8/508
8,464,L8/508,L8/466
8,464,L8/466,L8/465
8,464,L8/465,L8/464
8,465,L8/369,L8/225
8,465,L8/225,L8/118
8,465,L8/118,L8/414
8,465,L8/414,L8/412
8,465,L8/412,L8/410
8,465,L8/410,L7/205
8,465,L7/205,L6/102
8,465,L6/102,L7/204
8,465,L7/204,L8/409
8,465,L8/409,L8/395
8,465,L8/395,L8/394
8,465,L8/394,L8/393
8,465,L8/393,L8/398
8,465,L8/398,L8/397
8,465,L8/397,L8/396
8,465,L8/396,L8/478
8,465,L8/478,L8/477
8,465,L8/477,L8/509
8,465,L8/509,L8/508
8,465,L8/508,L8/466
8,465,L8/466,L8/465
8,466,L8/369,L8/225
8,466,L8/225,L8/118
8,466,L8/118,L8/414
8,466,L8/414,L8/412
8,466,L8/412,L8/410
8,466,L8/410,L7/205
8,466,L7/205,L6/102
8,466,L6/102,L7/204
8,466,L7/204,L8/409
8,466,L8/409,L8/395
8,466,L8/395,L8/394
8,466,L8/394,L8/393
8,466,L8/393,L8/398
8,466,L8/398,L8/397
8,466,L8/397,L8/396
8,466,L8/396,L8/478
8,466,L8/478,L8/477
8,466,L8/477,L8/509
8,466,L8/509,L8/508
8,466,L8/508,L8/466
8,467,L8/369,L8/225
8,467,L8/225,L8/118
8,467,L8/118,L8/414
8,467,L8/414,L8/412
8,467,L8/412,L8/410
8,467,L8/410,L7/205
8,467,L7/205,L6/102
8,467,L6/102,L7/204
8,467,L7/204,L8/409
8,467,L8/409,L8/395
8,467,L8/395,L8/394
8,467,L8/394,L8/393
8,467,L8/393,L8/398
8,467,L8/398,L8/397
8,467,L8/397,L8/396
8,467,L8/396,L8/478
8,467,L8/478,L8/477
8,467,L8/477,L8/509
8,467,L8/509,L8/508
8,467,L8/508,L8/467
8,468,L8/369,L8/225
8,468,L8/225,L8/118
8,468,L8/118,L8/414
8,468,L8/414,L8/412
8,468,L8/412,L8/410
8,468,L8/410,L7/205
8,468,L7/205,L6/102
8,468,L6/102,L7/204
8,468,L7/204,L8/409
8,468,L8/409,L8/395
8,468,L8/395,L8/394
8,468,L8/394,L8/393
8,468,L8/393,L8/398
8,468,L8/398,L8/397
8,468,L8/397,L8/396
8,468,L8/396,L8/478
8,468,L8/478,L8/477
8,468,L8/477,L8/509
8,468,L8/509,L8/471
8,468,L8/471,L8/468
8,469,L8/369,L8/225
8,469,L8/225,L8/118
8,469,L8/118,L8/414
8,469,L8/414,L8/412
8,469,L8/412,L8/410
8,469,L8/410,L7/205
8,469,L7/205,L6/102
8,469,L6/102,L7/204
8,469,L7/204,L8/409
8,469,L8/409,L8/395
8,469,L8/395,L8/394
8,469,L8/394,L8/393
8,469,L8/393,L8/398
8,469,L8/398,L8/399
8,469,L8/399,L8/390
8,469,L8/390,L8/473
8,469,L8/473,L8/472
8,469,L8/472,L8/474
8,469,L8/474,L8/469
8,470,L8/369,L8/225
8,470,L8/225,L8/118
8,470,L8/118,L8/414
8,470,L8/414,L8/412
8,470,L8/412,L8/410
8,470,L8/410,L7/205
8,470,L7/205,L6/102
8,470,L6/102,L7/204
8,470,L7/204,L8/409
8,470,L8/409,L8/395
8,470,L8/395,L8/394
8,470,L8/394,L8/393
8,470,L8/393,L8/398
8,470,L8/398,L8/397
8,470,L8/397,L8/396
8,470,L8/396,L8/478
8,470,L8/478,L8/477
8,470,L8/477,L8/470
8,471,L8/369,L8/225
8,471,L8/225,L8/118
8,471,L8/118,L8/414
8,471,L8/414,L8/412
8,471,L8/412,L8/410
8,471,L8/410,L7/205
8,471,L7/205,L6/102
8,471,L6/102,L7/204
8,471,L7/204,L8/409
8,471,L8/409,L8/395
8,471,L8/395,L8/394
8,471,L8/394,L8/393
8,471,L8/393,L8/398
8,471,L8/398,L8/397
8,471,L8/397,L8/396
8,471,L8/396,L8/478
8,471,L8/478,L8/477
8,471,L8/477,L8/509
8,471,L8/509,L8/471
8,472,L8/369,L8/225
8,472,L8/225,L8/118
8,472,L8/118,L8/414
8,472,L8/414,L8/412
8,472,L8/412,L8/410
8,472,L8/410,L7/205
8,472,L7/205,L6/102
8,472,L6/102,L7/204
8,472,L7/204,L8/409
8,472,L8/409,L8/395
8,472,L8/395,L8/394
8,472,L8/394,L8/393
8,472,L8/393,L8/398
8,472,L8/398,L8/399
8,472,L8/399,L8/390
8,472,L8/390,L8/473
8,472,L8/473,L8/472
8,473,L8/369,L8/225
8,473,L8/225,L8/118
8,473,L8/118,L8/414
8,473,L8/414,L8/412
8,473,L8/412,L8/410
8,473,L8/410,L7/205
8,473,L7/205,L6/102
8,473,L6/102,L7/204
8,473,L7/204,L8/409
8,473,L8/409,L8/395
8,473,L8/395,L8/394
8,473,L8/394,L8/393
8,473,L8/393,L8/398
8,473,L8/398,L8/399
8,473,L8/399,L8/390
8,473,L8/390,L8/473
8,474,L8/369,L8/225
8,474,L8/225,L8/118
8,474,L8/118,L8/414
8,474,L8/414,L8/412
8,474,L8/412,L8/410
8,474,L8/410,L7/205
8,474,L7/205,L6/102
8,474,L6/102,L7/204
8,474,L7/204,L8/409
8,474,L8/409,L8/395
8,474,L8/395,L8/394
8,474,L8/394,L8/393
8,474,L8/393,L8/398
8,474,L8/398,L8/399
8,474,L8/399,L8/390
8,474,L8/390,L8/473
8,474,L8/473,L8/472
8,474,L8/472,L8/474
8,475,L8/369,L8/225
8,475,L8/225,L8/118
8,475,L8/118,L8/414
8,475,L8/414,L8/412
8,475,L8/412,L8/410
8,475,L8/410,L7/205
8,475,L7/205,L6/102
8,475,L6/102,L7/204
8,475,L7/204,L8/409
8,475,L8/409,L8/395
8,475,L8/395,L8/394
8,475,L8/394,L8/393
8,475,L8/393,L8/398
8,475,L8/398,L8/399
8,475,L8/399,L8/390
8,475,L8/390,L8/473
8,475,L8/473,L8/475
8,476,L8/369,L8/225
8,476,L8/225,L8/118
8,476,L8/118,L8/414
8,476,L8/414,L8/412
8,476,L8/412,L8/410
8,476,L8/410,L7/205
8,476,L7/205,L6/102
8,476,L6/102,L7/204
8,476,L7/204,L8/409
8,476,L8/409,L8/395
8,476,L8/395,L8/394
8,476,L8/394,L8/393
8,476,L8/393,L8/398
8,476,L8/398,L8/397
8,476,L8/397,L8/396
8,476,L8/396,L8/478
8,476,L8/478,L8/476
8,477,L8/369,L8/225
8,477,L8/225,L8/118
8,477,L8/118,L8/414
8,477,L8/414,L8/412
8,477,L8/412,L8/410
8,477,L8/410,L7/205
8,477,L7/205,L6/102
8,477,L6/102,L7/204
8,477,L7/204,L8/409
8,477,L8/409,L8/395
8,477,L8/395,L8/394
8,477,L8/394,L8/393
8,477,L8/393,L8/398
8,477,L8/398,L8/397
8,477,L8/397,L8/396
8,477,L8/396,L8/478
8,477,L8/478,L8/477
8,478,L8/369,L8/225
8,478,L8/225,L8/118
8,478,L8/118,L8/414
8,478,L8/414,L8/412
8,478,L8/412,L8/410
8,478,L8/410,L7/205
8,478,L7/205,L6/102
8,478,L6/102,L7/204
8,478,L7/204,L8/409
8,478,L8/409,L8/395
8,478,L8/395,L8/394
8,478,L8/394,L8/393
8,478,L8/393,L8/398
8,478,L8/398,L8/397
8,478,L8/397,L8/396
8,478,L8/396,L8/478
8,479,L8/369,L8/225
8,479,L8/225,L8/118
8,479,L8/118,L8/414
8,479,L8/414,L8/412
8,479,L8/412,L8/410
8,479,L8/410,L7/205
8,479,L7/205,L6/102
8,479,L6/102,L7/204
8,479,L7/204,L8/409
8,479,L8/409,L8/395
8,479,L8/395,L8/394
8,479,L8/394,L8/393
8,479,L8/393,L8/398
8,479,L8/398,L8/397
8,479,L8/397,L8/396
8,479,L8/396,L8/478
8,479,L8/478,L8/479
8,480,L8/369,L8/225
8,480,L8/225,L8/118
8,480,L8/118,L8/414
8,480,L8/414,L8/412
8,480,L8/412,L8/410
8,480,L8/410,L7/205
8,480,L7/205,L6/102
8,480,L6/102,L7/204
8,480,L7/204,L8/409
8,480,L8/409,L8/395
8,480,L8/395,L8/394
8,480,L8/394,L8/393
8,480,L8/393,L8/398
8,480,L8/398,L8/397
8,480,L8/397,L8/396
8,480,L8/396,L8/478
8,480,L8/478,L8/477
8,480,L8/477,L8/509
8,480,L8/509,L8/508
8,480,L8/508,L8/467
8,480,L8/467,L8/487
8,480,L8/487,L8/485
8,480,L8/485,L8/482
8,480,L8/482,L8/480
8,481,L8/369,L8/225
8,481,L8/225,L8/118
8,481,L8/118,L8/414
8,481,L8/414,L8/412
8,481,L8/412,L8/410
8,481,L8/410,L7/205
8,481,L7/205,L6/102
8,481,L6/102,L7/204
8,481,L7/204,L8/409
8,481,L8/409,L8/395
8,481,L8/395,L8/394
8,481,L8/394,L8/393
8,481,L8/393,L8/398
8,481,L8/398,L8/397
8,481,L8/397,L8/396
8,481,L8/396,L8/478
8,481,L8/478,L8/477
8,481,L8/477,L8/509
8,481,L8/509,L8/508
8,481,L8/508,L8/466
8,481,L8/466,L8/465
8,481,L8/465,L8/464
8,481,L8/464,L8/481
8,482,L8/369,L8/225
8,482,L8/225,L8/118
8,482,L8/118,L8/414
8,482,L8/414,L8/412
8,482,L8/412,L8/410
8,482,L8/410,L7/205
8,482,L7/205,L6/102
8,482,L6/102,L7/204
8,482,L7/204,L8/409
8,482,L8/409,L8/395
8,482,L8/395,L8/394
8,482,L8/394,L8/393
8,482,L8/393,L8/398
8,482,L8/398,L8/397
8,482,L8/397,L8/396
8,482,L8/396,L8/478
8,482,L8/478,L8/477
8,482,L8/477,L8/509
8,482,L8/509,L8/508
8,482,L8/508,L8/467
8,482,L8/467,L8/487
8,482,L8/487,L8/485
8,482,L8/485,L8/482
8,483,L8/369,L8/225
8,483,L8/225,L8/118
8,483,L8/118,L8/414
8,483,L8/414,L8/412
8,483,L8/412,L8/410
8,483,L8/410,L7/205
8,483,L7/205,L6/102
8,483,L6/102,L7/204
8,483,L7/204,L8/409
8,483,L8/409,L8/395
8,483,L8/395,L8/394
8,483,L8/394,L8/393
8,483,L8/393,L8/398
8,483,L8/398,L8/397
8,483,L8/397,L8/396
8,483,L8/396,L8/478
8,483,L8/478,L8/477
8,483,L8/477,L8/509
8,483,L8/509,L8/508
8,483,L8/508,L8/467
8,483,L8/467,L8/487
8,483,L8/487,L8/485
8,483,L8/485,L8/484
8,483,L8/484,L8/483
8,484,L8/369,L8/225
8,484,L8/225,L8/118
8,484,L8/118,L8/414
8,484,L8/414,L8/412
8,484,L8/412,L8/410
8,484,L8/410,L7/205
8,484,L7/205,L6/102
8,484,L6/102,L7/204
8,484,L7/204,L8/409
8,484,L8/409,L8/395
8,484,L8/395,L8/394
8,484,L8/394,L8/393
8,484,L8/393,L8/398
8,484,L8/398,L8/397
8,484,L8/397,L8/396
8,484,L8/396,L8/478
8,484,L8/478,L8/477
8,484,L8/477,L8/509
8,484,L8/509,L8/508
8,484,L8/508,L8/467
8,484,L8/467,L8/487
8,484,L8/487,L8/485
8,484,L8/485,L8/484
8,485,L8/369,L8/225
8,485,L8/225,L8/118
8,485,L8/118,L8/414
8,485,L8/414,L8/412
8,485,L8/412,L8/410
8,485,L8/410,L7/205
8,485,L7/205,L6/102
8,485,L6/102,L7/204
8,485,L7/204,L8/409
8,485,L8/409,L8/395
8,485,L8/395,L8/394
8,485,L8/394,L8/393
8,485,L8/393,L8/398
8,485,L8/398,L8/397
8,485,L8/397,L8/396
8,485,L8/396,L8/478
8,485,L8/478,L8/477
8,485,L8/477,L8/509
8,485,L8/509,L8/508
8,485,L8/508,L8/467
8,485,L8/467,L8/487
8,485,L8/487,L8/485
8,486,L8/369,L8/225
8,486,L8/225,L8/118
8,486,L8/118,L8/414
8,486,L8/414,L8/412
8,486,L8/412,L8/410
8,486,L8/410,L7/205
8,486,L7/205,L6/102
8,486,L6/102,L7/204
8,486,L7/204,L8/409
8,486,L8/409,L8/395
8,486,L8/395,L8/394
8,486,L8/394,L8/393
8,486,L8/393,L8/398
8,486,L8/398,L8/397
8,486,L8/397,L8/396
8,486,L8/396,L8/478
8,486,L8/478,L8/477
8,486,L8/477,L8/509
8,486,L8/509,L8/508
8,486,L8/508,L8/486
8,487,L8/369,L8/225
8,487,L8/225,L8/118
8,487,L8/118,L8/414
8,487,L8/414,L8/412
8,487,L8/412,L8/410
8,487,L8/410,L7/205
8,487,L7/205,L6/102
8,487,L6/102,L7/204
8,487,L7/204,L8/409
8,487,L8/409,L8/395
8,487,L8/395,L8/394
8,487,L8/394,L8/393
8,487,L8/393,L8/398
8,487,L8/398,L8/397
8,487,L8/397,L8/396
8,487,L8/396,L8/478
8,487,L8/478,L8/477
8,487,L8/477,L8/509
8,487,L8/509,L8/508
8,487,L8/508,L8/467
8,487,L8/467,L8/487
8,488,L8/369,L8/225
8,488,L8/225,L8/118
8,488,L8/118,L8/414
8,488,L8/414,L8/412
8,488,L8/412,L8/410
8,488,L8/410,L7/205
8,488,L7/205,L6/102
8,488,L6/102,L7/204
8,488,L7/204,L8/409
8,488,L8/409,L8/395
8,488,L8/395,L8/394
8,488,L8/394,L8/393
8,488,L8/393,L8/398
8,488,L8/398,L8/397
8,488,L8/397,L8/396
8,488,L8/396,L8/478
8,488,L8/478,L8/477
8,488,L8/477,L8/509
8,488,L8/509,L8/508
8,488,L8/508,L8/486
8,488,L8/486,L7/243
8,488,L7/243,L7/247
8,488,L7/247,L8/494
8,488,L8/494,L8/493
8,488,L8/493,L8/491
8,488,L8/491,L8/488
8,489,L8/369,L8/225
8,489,L8/225,L8/118
8,489,L8/118,L8/414
8,489,L8/414,L8/412
8,489,L8/412,L8/410
8,489,L8/410,L7/205
8,489,L7/205,L6/102
8,489,L6/102,L7/204
8,489,L7/204,L8/409
8,489,L8/409,L8/395
8,489,L8/395,L8/394
8,489,L8/394,L8/393
8,489,L8/393,L8/398
8,489,L8/398,L8/397
8,489,L8/397,L8/396
8,489,L8/396,L8/478
8,489,L8/478,L8/477
8,489,L8/477,L8/509
8,489,L8/509,L8/508
8,489,L8/508,L8/486
8,489,L8/486,L7/243
8,489,L7/243,L7/247
8,489,L7/247,L8/494
8,489,L8/494,L8/492
8,489,L8/492,L8/490
8,489,L8/490,L8/489
8,490,L8/369,L8/225
8,490,L8/225,L8/118
8,490,L8/118,L8/414
8,490,L8/414,L8/412
8,490,L8/412,L8/410
8,490,L8/410,L7/205
8,490,L7/205,L6/102
8,490,L6/102,L7/204
8,490,L7/204,L8/409
8,490,L8/409,L8/395
8,490,L8/395,L8/394
8,490,L8/394,L8/393
8,490,L8/393,L8/398
8,490,L8/398,L8/397
8,490,L8/397,L8/396
8,490,L8/396,L8/478
8,490,L8/478,L8/477
8,490,L8/477,L8/509
8,490,L8/509,L8/508
8,490,L8/508,L8/486
8,490,L8/486,L7/243
8,490,L7/243,L7/247
8,490,L7/247,L8/494
8,490,L8/494,L8/492
8,490,L8/492,L8/490
8,491,L8/369,L8/225
8,491,L8/225,L8/118
8,491,L8/118,L8/414
8,491,L8/414,L8/412
8,491,L8/412,L8/410
8,491,L8/410,L7/205
8,491,L7/205,L6/102
8,491,L6/102,L7/204
8,491,L7/204,L8/409
8,491,L8/409,L8/395
8,491,L8/395,L8/394
8,491,L8/394,L8/393
8,491,L8/393,L8/398
8,491,L8/398,L8/397
8,491,L8/397,L8/396
8,491,L8/396,L8/478
8,491,L8/478,L8/477
8,491,L8/477,L8/509
8,491,L8/509,L8/508
8,491,L8/508,L8/486
8,491,L8/486,L7/243
8,491,L7/243,L7/247
8,491,L7/247,L8/494
8,491,L8/494,L8/493
8,491,L8/493,L8/491
8,492,L8/369,L8/225
8,492,L8/225,L8/118
8,492,L8/118,L8/414
8,492,L8/414,L8/412
8,492,L8/412,L8/410
8,492,L8/410,L7/205
8,492,L7/205,L6/102
8,492,L6/102,L7/204
8,492,L7/204,L8/409
8,492,L8/409,L8/395
8,492,L8/395,L8/394
8,492,L8/394,L8/393
8,492,L8/393,L8/398
8,492,L8/398,L8/397
8,492,L8/397,L8/396
8,492,L8/396,L8/478
8,492,L8/478,L8/477
8,492,L8/477,L8/509
8,492,L8/509,L8/508
8,492,L8/508,L8/486
8,492,L8/486,L7/243
8,492,L7/243,L7/247
8,492,L7/247,L8/494
8,492,L8/494,L8/492
8,493,L8/369,L8/225
8,493,L8/225,L8/118
8,493,L8/118,L8/414
8,493,L8/414,L8/412
8,493,L8/412,L8/410
8,493,L8/410,L7/205
8,493,L7/205,L6/102
8,493,L6/102,L7/204
8,493,L7/204,L8/409
8,493,L8/409,L8/395
8,493,L8/395,L8/394
8,493,L8/394,L8/393
8,493,L8/393,L8/398
8,493,L8/398,L8/397
8,493,L8/397,L8/396
8,493,L8/396,L8/478
8,493,L8/478,L8/477
8,493,L8/477,L8/509
8,493,L8/509,L8/508
8,493,L8/508,L8/486
8,493,L8/486,L7/243
8,493,L7/243,L7/247
8,493,L7/247,L8/494
8,493,L8/494,L8/493
8,494,L8/369,L8/225
8,494,L8/225,L8/118
8,494,L8/118,L8/414
8,494,L8/414,L8/412
8,494,L8/412,L8/410
8,494,L8/410,L7/205
8,494,L7/205,L6/102
8,494,L6/102,L7/204
8,494,L7/204,L8/409
8,494,L8/409,L8/395
8,494,L8/395,L8/394
8,494,L8/394,L8/393
8,494,L8/393,L8/398
8,494,L8/398,L8/397
8,494,L8/397,L8/396
8,494,L8/396,L8/478
8,494,L8/478,L8/477
8,494,L8/477,L8/509
8,494,L8/509,L8/508
8,494,L8/508,L8/486
8,494,L8/486,L7/243
8,494,L7/243,L7/247
8,494,L7/247,L8/494
8,495,L8/369,L8/225
8,495,L8/225,L8/118
8,495,L8/118,L8/414
8,495,L8/414,L8/412
8,495,L8/412,L8/410
8,495,L8/410,L7/205
8,495,L7/205,L6/102
8,495,L6/102,L7/204
8,495,L7/204,L8/409
8,495,L8/409,L8/395
8,495,L8/395,L8/394
8,495,L8/394,L8/393
8,495,L8/393,L8/398
8,495,L8/398,L8/397
8,495,L8/397,L8/396
8,495,L8/396,L8/478
8,495,L8/478,L8/477
8,495,L8/477,L8/509
8,495,L8/509,L8/508
8,495,L8/508,L8/486
8,495,L8/486,L7/243
8,495,L7/243,L7/247
8,495,L7/247,L8/495
8,496,L8/369,L8/225
8,496,L8/225,L8/118
8,496,L8/118,L8/414
8,496,L8/414,L8/412
8,496,L8/412,L8/410
8,496,L8/410,L7/205
8,496,L7/205,L6/102
8,496,L6/102,L7/204
8,496,L7/204,L8/409
8,496,L8/409,L8/395
8,496,L8/395,L8/394
8,496,L8/394,L8/393
8,496,L8/393,L8/398
8,496,L8/398,L8/397
8,496,L8/397,L8/396
8,496,L8/396,L8/478
8,496,L8/478,L8/477
8,496,L8/477,L8/509
8,496,L8/509,L8/508
8,496,L8/508,L8/486
8,496,L8/486,L7/243
8,496,L7/243,L7/247
8,496,L7/247,L8/494
8,496,L8/494,L8/493
8,496,L8/493,L8/491
8,496,L8/491,L8/488
8,496,L8/488,L7/244
8,496,L7/244,L7/253
8,496,L7/253,L8/507
8,496,L8/507,L8/502
8,496,L8/502,L8/496
8,497,L8/369,L8/225
8,497,L8/225,L8/118
8,497,L8/118,L8/414
8,497,L8/414,L8/412
8,497,L8/412,L8/410
8,497,L8/410,L7/205
8,497,L7/205,L6/102
8,497,L6/102,L7/204
8,497,L7/204,L8/409
8,497,L8/409,L8/395
8,497,L8/395,L8/394
8,497,L8/394,L8/393
8,497,L8/393,L8/398
8,497,L8/398,L8/397
8,497,L8/397,L8/396
8,497,L8/396,L8/478
8,497,L8/478,L8/477
8,497,L8/477,L8/509
8,497,L8/509,L8/508
8,497,L8/508,L8/486
8,497,L8/486,L7/243
8,497,L7/243,L7/247
8,497,L7/247,L8/494
8,497,L8/494,L8/493
8,497,L8/493,L8/491
8,497,L8/491,L8/488
8,497,L8/488,L7/244
8,497,L7/244,L7/253
8,497,L7/253,L8/506
8,497,L8/506,L8/504
8,497,L8/504,L8/497
8,498,L8/369,L8/225
8,498,L8/225,L8/118
8,498,L8/118,L8/414
8,498,L8/414,L8/412
8,498,L8/412,L8/410
8,498,L8/410,L7/205
8,498,L7/205,L6/102
8,498,L6/102,L7/204
8,498,L7/204,L8/409
8,498,L8/409,L8/395
8,498,L8/395,L8/394
8,498,L8/394,L8/393
8,498,L8/393,L8/398
8,498,L8/398,L8/397
8,498,L8/397,L8/396
8,498,L8/396,L8/478
8,498,L8/478,L8/477
8,498,L8/477,L8/509
8,498,L8/509,L8/508
8,498,L8/508,L8/486
8,498,L8/486,L7/243
8,498,L7/243,L7/247
8,498,L7/247,L8/494
8,498,L8/494,L8/493
8,498,L8/493,L8/491
8,498,L8/491,L8/488
8,498,L8/488,L7/244
8,498,L7/244,L7/253
8,498,L7/253,L8/507
8,498,L8/507,L8/502
8,498,L8/502,L8/496
8,498,L8/496,L8/498
8,499,L8/369,L8/225
8,499,L8/225,L8/118
8,499,L8/118,L8/414
8,499,L8/414,L8/412
8,499,L8/412,L8/410
8,499,L8/410,L7/205
8,499,L7/205,L6/102
8,499,L6/102,L7/204
8,499,L7/204,L8/409
8,499,L8/409,L8/395
8,499,L8/395,L8/394
8,499,L8/394,L8/393
8,499,L8/393,L8/398
8,499,L8/398,L8/397
8,499,L8/397,L8/396
8,499,L8/396,L8/478
8,499,L8/478,L8/477
8,499,L8/477,L8/509
8,499,L8/509,L8/508
8,499,L8/508,L8/486
8,499,L8/486,L7/243
8,499,L7/243,L7/247
8,499,L7/247,L8/494
8,499,L8/494,L8/493
8,499,L8/493,L8/491
8,499,L8/491,L8/488
8,499,L8/488,L7/244
8,499,L7/244,L7/253
8,499,L7/253,L8/507
8,499,L8/507,L8/502
8,499,L8/502,L8/503
8,499,L8/503,L8/499
8,500,L8/369,L8/225
8,500,L8/225,L8/118
8,500,L8/118,L8/414
8,500,L8/414,L8/412
8,500,L8/412,L8/410
8,500,L8/410,L7/205
8,500,L7/205,L6/102
8,500,L6/102,L7/204
8,500,L7/204,L8/409
8,500,L8/409,L8/395
8,500,L8/395,L8/394
8,500,L8/394,L8/393
8,500,L8/393,L8/398
8,500,L8/398,L8/397
8,500,L8/397,L8/396
8,500,L8/396,L8/478
8,500,L8/478,L8/477
8,500,L8/477,L8/509
8,500,L8/509,L8/508
8,500,L8/508,L8/486
8,500,L8/486,L7/243
8,500,L7/243,L7/247
8,500,L7/247,L8/494
8,500,L8/494,L8/493
8,500,L8/493,L8/491
8,500,L8/491,L8/488
8,500,L8/488,L7/244
8,500,L7/244,L7/253
8,500,L7/253,L8/507
8,500,L8/507,L8/501
8,500,L8/501,L8/500
8,501,L8/369,L8/225
8,501,L8/225,L8/118
8,501,L8/118,L8/414
8,501,L8/414,L8/412
8,501,L8/412,L8/410
8,501,L8/410,L7/205
8,501,L7/205,L6/102
8,501,L6/102,L7/204
8,501,L7/204,L8/409
8,501,L8/409,L8/395
8,501,L8/395,L8/394
8,501,L8/394,L8/393
8,501,L8/393,L8/398
8,501,L8/398,L8/397
8,501,L8/397,L8/396
8,501,L8/396,L8/478
8,501,L8/478,L8/477
8,501,L8/477,L8/509
8,501,L8/509,L8/508
8,501,L8/508,L8/486
8,501,L8/486,L7/243
8,501,L7/243,L7/247
8,501,L7/247,L8/494
8,501,L8/494,L8/493
8,501,L8/493,L8/491
8,501,L8/491,L8/488
8,501,L8/488,L7/244
8,501,L7/244,L7/253
8,501,L7/253,L8/507
8,501,L8/507,L8/501
8,502,L8/369,L8/225
8,502,L8/225,L8/118
8,502,L8/118,L8/414
8,502,L8/414,L8/412
8,502,L8/412,L8/410
8,502,L8/410,L7/205
8,502,L7/205,L6/102
8,502,L6/102,L7/204
8,502,L7/204,L8/409
8,502,L8/409,L8/395
8,502,L8/395,L8/394
8,502,L8/394,L8/393
8,502,L8/393,L8/398
8,502,L8/398,L8/397
8,502,L8/397,L8/396
8,502,L8/396,L8/478
8,502,L8/478,L8/477
8,502,L8/477,L8/509
8,502,L8/509,L8/508
8,502,L8/508,L8/486
8,502,L8/486,L7/243
8,502,L7/243,L7/247
8,502,L7/247,L8/494
8,502,L8/494,L8/493
8,502,L8/493,L8/491
8,502,L8/491,L8/488
8,502,L8/488,L7/244
8,502,L7/244,L7/253
8,502,L7/253,L8/507
8,502,L8/507,L8/502
8,503,L8/369,L8/225
8,503,L8/225,L8/118
8,503,L8/118,L8/414
8,503,L8/414,L8/412
8,503,L8/412,L8/410
8,503,L8/410,L7/205
8,503,L7/205,L6/102
8,503,L6/102,L7/204
8,503,L7/204,L8/409
8,503,L8/409,L8/395
8,503,L8/395,L8/394
8,503,L8/394,L8/393
8,503,L8/393,L8/398
8,503,L8/398,L8/397
8,503,L8/397,L8/396
8,503,L8/396,L8/478
8,503,L8/478,L8/477
8,503,L8/477,L8/509
8,503,L8/509,L8/508
8,503,L8/508,L8/486
8,503,L8/486,L7/243
8,503,L7/243,L7/247
8,503,L7/247,L8/494
8,503,L8/494,L8/493
8,503,L8/493,L8/491
8,503,L8/491,L8/488
8,503,L8/488,L7/244
8,503,L7/244,L7/253
8,503,L7/253,L8/507
8,503,L8/507,L8/502
8,503,L8/502,L8/503
8,504,L8/369,L8/225
8,504,L8/225,L8/118
8,504,L8/118,L8/414
8,504,L8/414,L8/412
8,504,L8/412,L8/410
8,504,L8/410,L7/205
8,504,L7/205,L6/102
8,504,L6/102,L7/204
8,504,L7/204,L8/409
8,504,L8/409,L8/395
8,504,L8/395,L8/394
8,504,L8/394,L8/393
8,504,L8/393,L8/398
8,504,L8/398,L8/397
8,504,L8/397,L8/396
8,504,L8/396,L8/478
8,504,L8/478,L8/477
8,504,L8/477,L8/509
8,504,L8/509,L8/508
8,504,L8/508,L8/486
8,504,L8/486,L7/243
8,504,L7/243,L7/247
8,504,L7/247,L8/494
8,504,L8/494,L8/493
8,504,L8/493,L8/491
8,504,L8/491,L8/488
8,504,L8/488,L7/244
8,504,L7/244,L7/253
8,504,L7/253,L8/506
8,504,L8/506,L8/504
8,505,L8/369,L8/225
8,505,L8/225,L8/118
8,505,L8/118,L8/414
8,505,L8/414,L8/412
8,505,L8/412,L8/410
8,505,L8/410,L7/205
8,505,L7/205,L6/102
8,505,L6/102,L7/204
8,505,L7/204,L8/409
8,505,L8/409,L8/395
8,505,L8/395,L8/394
8,505,L8/394,L8/393
8,505,L8/393,L8/398
8,505,L8/398,L8/397
8,505,L8/397,L8/396
8,505,L8/396,L8/478
8,505,L8/478,L8/477
8,505,L8/477,L8/509
8,505,L8/509,L8/508
8,505,L8/508,L8/486
8,505,L8/486,L7/243
8,505,L7/243,L7/247
8,505,L7/247,L8/494
8,505,L8/494,L8/493
8,505,L8/493,L8/491
8,505,L8/491,L8/488
8,505,L8/488,L7/244
8,505,L7/244,L7/253
8,505,L7/253,L8/506
8,505,L8/506,L8/505
8,506,L8/369,L8/225
8,506,L8/225,L8/118
8,506,L8/118,L8/414
8,506,L8/414,L8/412
8,506,L8/412,L8/410
8,506,L8/410,L7/205
8,506,L7/205,L6/102
8,506,L6/102,L7/204
8,506,L7/204,L8/409
8,506,L8/409,L8/395
8,506,L8/395,L8/394
8,506,L8/394,L8/393
8,506,L8/393,L8/398
8,506,L8/398,L8/397
8,506,L8/397,L8/396
8,506,L8/396,L8/478
8,506,L8/478,L8/477
8,506,L8/477,L8/509
8,506,L8/509,L8/508
8,506,L8/508,L8/486
8,506,L8/486,L7/243
8,506,L7/243,L7/247
8,506,L7/247,L8/494
8,506,L8/494,L8/493
8,506,L8/493,L8/491
8,506,L8/491,L8/488
8,506,L8/488,L7/244
8,506,L7/244,L7/253
8,506,L7/253,L8/506
8,507,L8/369,L8/225
8,507,L8/225,L8/118
8,507,L8/118,L8/414
8,507,L8/414,L8/412
8,507,L8/412,L8/410
8,507,L8/410,L7/205
8,507,L7/205,L6/102
8,507,L6/102,L7/204
8,507,L7/204,L8/409
8,507,L8/409,L8/395
8,507,L8/395,L8/394
8,507,L8/394,L8/393
8,507,L8/393,L8/398
8,507,L8/398,L8/397
8,507,L8/397,L8/396
8,507,L8/396,L8/478
8,507,L8/478,L8/477
8,507,L8/477,L8/509
8,507,L8/509,L8/508
8,507,L8/508,L8/486
8,507,L8/486,L7/243
8,507,L7/243,L7/247
8,507,L7/247,L8/494
8,507,L8/494,L8/493
8,507,L8/493,L8/491
8,507,L8/491,L8/488
8,507,L8/488,L7/244
8,507,L7/244,L7/253
8,507,L7/253,L8/507
8,508,L8/369,L8/225
8,508,L8/225,L8/118
8,508,L8/118,L8/414
8,508,L8/414,L8/412
8,508,L8/412,L8/410
8,508,L8/410,L7/205
8,508,L7/205,L6/102
8,508,L6/102,L7/204
8,508,L7/204,L8/409
8,508,L8/409,L8/395
8,508,L8/395,L8/394
8,508,L8/394,L8/393
8,508,L8/393,L8/398
8,508,L8/398,L8/397
8,508,L8/397,L8/396
8,508,L8/396,L8/478
8,508,L8/478,L8/477
8,508,L8/477,L8/509
8,508,L8/509,L8/508
8,509,L8/369,L8/225
8,509,L8/225,L8/118
8,509,L8/118,L8/414
8,509,L8/414,L8/412
8,509,L8/412,L8/410
8,509,L8/410,L7/205
8,509,L7/205,L6/102
8,509,L6/102,L7/204
8,509,L7/204,L8/409
8,509,L8/409,L8/395
8,509,L8/395,L8/394
8,509,L8/394,L8/393
8,509,L8/393,L8/398
8,509,L8/398,L8/397
8,509,L8/397,L8/396
8,509,L8/396,L8/478
8,509,L8/478,L8/477
8,509,L8/477,L8/509
8,510,L8/369,L8/225
8,510,L8/225,L8/118
8,510,L8/118,L8/414
8,510,L8/414,L8/412
8,510,L8/412,L8/410
8,510,L8/410,L7/205
8,510,L7/205,L6/102
8,510,L6/102,L7/204
8,510,L7/204,L8/409
8,510,L8/409,L8/395
8,510,L8/395,L8/394
8,510,L8/394,L8/393
8,510,L8/393,L8/398
8,510,L8/398,L8/397
8,510,L8/397,L8/396
8,510,L8/396,L8/478
8,510,L8/478,L8/477
8,510,L8/477,L8/509
8,510,L8/509,L8/508
8,510,L8/508,L8/466
8,510,L8/466,L8/465
8,510,L8/465,L8/464
8,510,L8/464,L8/511
8,510,L8/511,L8/510
8,511,L8/369,L8/225
8,511,L8/225,L8/118
8,511,L8/118,L8/414
8,511,L8/414,L8/412
8,511,L8/412,L8/410
8,511,L8/410,L7/205
8,511,L7/205,L6/102
8,511,L6/102,L7/204
8,511,L7/204,L8/409
8,511,L8/409,L8/395
8,511,L8/395,L8/394
8,511,L8/394,L8/393
8,511,L8/393,L8/398
8,511,L8/398,L8/397
8,511,L8/397,L8/396
8,511,L8/396,L8/478
8,511,L8/478,L8/477
8,511,L8/477,L8/509
8,511,L8/509,L8/508
8,511,L8/508,L8/466
8,511,L8/466,L8/465
8,511,L8/465,L8/464
8,511,L8/464,L8/511
9,0,L9/766,L9/745
9,0,L9/745,L8/372
9,0,L8/372,L8/248
9,0,L8/248,L9/497
9,0,L9/497,L9/501
9,0,L9/501,L9/502
9,0,L9/502,L9/503
9,0,L9/503,L9/488
9,0,L9/488,L9/490
9,0,L9/490,L9/491
9,0,L9/491,L9/476
9,0,L9/476,L9/478
9,0,L9/478,L9/479
9,0,L9/479,L9/464
9,0,L9/464,L8/232
9,0,L8/232,L7/116
9,0,L7/116,L6/58
9,0,L6/58,L7/117
9,0,L7/117,L8/235
9,0,L8/235,L9/471
9,0,L9/471,L9/205
9,0,L9/205,L9/192
9,0,L9/192,L9/195
9,0,L9/195,L9/197
9,0,L9/197,L9/214
9,0,L9/214,L9/213
9,0,L9/213,L9/221
9,0,L9/221,L9/217
9,0,L9/217,L9/219
9,0,L9/219,L9/0
9,1,L9/766,L9/745
9,1,L9/745,L8/372
9,1,L8/372,L8/248
9,1,L8/248,L9/497
9,1,L9/497,L9/501
9,1,L9/501,L9/502
9,1,L9/502,L9/503
9,1,L9/503,L9/488
9,1,L9/488,L9/490
9,1,L9/490,L9/491
9,1,L9/491,L9/476
9,1,L9/476,L9/478
9,1,L9/478,L9/479
9,1,L9/479,L9/464
9,1,L9/464,L8/232
9,1,L8/232,L7/116
9,1,L7/116,L6/58
9,1,L6/58,L7/117
9,1,L7/117,L8/235
9,1,L8/235,L9/471
9,1,L9/471,L9/205
9,1,L9/205,L9/192
9,1,L9/192,L9/195
9,1,L9/195,L9/197
9,1,L9/197,L9/214
9,1,L9/214,L9/213
9,1,L9/213,L9/221
9,1,L9/221,L9/220
9,1,L9/220,L9/222
9,1,L9/222,L9/2
9,1,L9/2,L9/1
9,2,L9/766,L9/745
9,2,L9/745,L8/372
9,2,L8/372,L8/248
9,2,L8/248,L9/497
9,2,L9/497,L9/501
9,2,L9/501,L9/502
9,2,L9/502,L9/503
9,2,L9/503,L9/488
9,2,L9/488,L9/490
9,2,L9/490,L9/491
9,2,L9/491,L9/476
9,2,L9/476,L9/478
9,2,L9/478,L9/479
9,2,L9/479,L9/464
9,2,L9/464,L8/232
9,2,L8/232,L7/116
9,2,L7/116,L6/58
9,2,L6/58,L7/117
9,2,L7/117,L8/235
9,2,L8/235,L9/471
9,2,L9/471,L9/205
9,2,L9/205,L9/192
9,2,L9/192,L9/195
9,2,L9/195,L9/197
9,2,L9/197,L9/214
9,2,L9/214,L9/213
9,2,L9/213,L9/221
9,2,L9/221,L9/220
9,2,L9/220,L9/222
9,2,L9/222,L9/2
9,3,L9/766,L9/745
9,3,L9/745,L8/372
9,3,L8/372,L8/248
9,3,L8/248,L9/497
9,3,L9/497,L9/501
9,3,L9/501,L9/502
9,3,L9/502,L9/503
9,3,L9/503,L9/488
9,3,L9/488,L9/490
9,3,L9/490,L9/491
9,3,L9/491,L9/476
9,3,L9/476,L9/478
9,3,L9/478,L9/479
9,3,L9/479,L9/464
9,3,L9/464,L8/232
9,3,L8/232,L7/116
9,3,L7/116,L6/58
9,3,L6/58,L7/117
9,3,L7/117,L8/235
9,3,L8/235,L9/471
9,3,L9/471,L9/205
9,3,L9/205,L9/192
9,3,L9/192,L9/195
9,3,L9/195,L9/197
9,3,L9/197,L9/214
9,3,L9/214,L9/213
9,3,L9/213,L9/221
9,3,L9/221,L9/217
9,3,L9/217,L9/219
9,3,L9/219,L9/3
9,4,L9/766,L9/745
9,4,L9/745,L8/372
9,4,L8/372,L8/248
9,4,L8/248,L9/497
9,4,L9/497,L9/501
9,4,L9/501,L9/502
9,4,L9/502,L9/503
9,4,L9/503,L9/488
9,4,L9/488,L9/490
9,4,L9/490,L9/491
9,4,L9/491,L9/476
9,4,L9/476,L9/478
9,4,L9/478,L9/479
9,4,L9/479,L9/464
9,4,L9/464,L8/232
9,4,L8/232,L7/116
9,4,L7/116,L6/58
9,4,L6/58,L7/117
9,4,L7/117,L8/235
9,4,L8/235,L9/471
9,4,L9/471,L9/205
9,4,L9/205,L9/192
9,4,L9/192,L9/195
9,4,L9/195,L9/197
9,4,L9/197,L9/214
9,4,L9/214,L9/213
9,4,L9/213,L9/221
9,4,L9/221,L9/220
9,4,L9/220,L9/222
9,4,L9/222,L9/223
9,4,L9/223,L9/4
9,5,L9/766,L9/745
9,5,L9/745,L8/372
9,5,L8/372,L8/248
9,5,L8/248,L9/497
9,5,L9/497,L9/501
9,5,L9/501,L9/502
9,5,L9/502,L9/503
9,5,L9/503,L9/488
9,5,L9/488,L9/490
9,5,L9/490,L9/491
9,5,L9/491,L9/476
9,5,L9/476,L9/478
9,5,L9/478,L9/479
9,5,L9/479,L9/464
9,5,L9/464,L8/232
9,5,L8/232,L7/116
9,5,L7/116,L6/58
9,5,L6/58,L7/117
9,5,L7/117,L8/235
9,5,L8/235,L9/471
9,5,L9/471,L9/205
9,5,L9/205,L9/192
9,5,L9/192,L9/195
9,5,L9/195,L9/197
9,5,L9/197,L9/214
9,5,L9/214,L9/213
9,5,L9/213,L9/221
9,5,L9/221,L9/220
9,5,L9/220,L9/222
9,5,L9/222,L9/2
9,5,L9/2,L9/5
9,6,L9/766,L9/745
9,6,L9/745,L8/372
9,6,L8/372,L8/248
9,6,L8/248,L9/497
9,6,L9/497,L9/501
9,6,L9/501,L9/502
9,6,L9/502,L9/503
9,6,L9/503,L9/488
9,6,L9/488,L9/490
9,6,L9/490,L9/491
9,6,L9/491,L9/476
9,6,L9/476,L9/478
9,6,L9/478,L9/479
9,6,L9/479,L9/464
9,6,L9/464,L8/232
9,6,L8/232,L7/116
9,6,L7/116,L6/58
9,6,L6/58,L7/117
9,6,L7/117,L8/235
9,6,L8/235,L9/471
9,6,L9/471,L9/205
9,6,L9/205,L9/192
9,6,L9/192,L9/195
9,6,L9/195,L9/197
9,6,L9/197,L9/214
9,6,L9/214,L9/213
9,6,L9/213,L9/221
9,6,L9/221,L9/217
9,6,L9/217,L9/219
9,6,L9/219,L9/0
9,6,L9/0,L9/109
9,6,L9/109,L9/6
9,7,L9/766,L9/745
9,7,L9/745,L8/372
9,7,L8/372,L8/248
9,7,L8/248,L9/497
9,7,L9/497,L9/501
9,7,L9/501,L9/502
9,7,L9/502,L9/503
9,7,L9/503,L9/488
9,7,L9/488,L9/490
9,7,L9/490,L9/491
9,7,L9/491,L9/476
9,7,L9/476,L9/478
9,7,L9/478,L9/479
9,7,L9/479,L9/464
9,7,L9/464,L8/232
9,7,L8/232,L7/116
9,7,L7/116,L6/58
9,7,L6/58,L7/117
9,7,L7/117,L8/235
9,7,L8/235,L9/471
9,7,L9/471,L9/205
9,7,L9/205,L9/192
9,7,L9/192,L9/195
9,7,L9/195,L9/197
9,7,L9/197,L9/214
9,7,L9/214,L9/213
9,7,L9/213,L9/221
9,7,L9/221,L9/220
9,7,L9/220,L9/222
9,7,L9/222,L9/2
9,7,L9/2,L9/1
9,7,L9/1,L9/7
9,8,L9/766,L9/745
9,8,L9/745,L8/372
9,8,L8/372,L8/248
9,8,L8/248,L9/497
9,8,L9/497,L9/501
9,8,L9/501,L9/502
9,8,L9/502,L9/503
9,8,L9/503,L9/488
9,8,L9/488,L9/490
9,8,L9/490,L9/491
9,8,L9/491,L9/476
9,8,L9/476,L9/478
9,8,L9/478,L9/479
9,8,L9/479,L9/464
9,8,L9/464,L8/232
9,8,L8/232,L7/116
9,8,L7/116,L6/58
9,8,L6/58,L7/117
9,8,L7/117,L8/235
9,8,L8/235,L9/471
9,8,L9/471,L9/205
9,8,L9/205,L9/192
9,8,L9/192,L9/195
9,8,L9/195,L9/197
9,8,L9/197,L9/214
9,8,L9/214,L9/215
9,8,L9/215,L9/209
9,8,L9/209,L9/210
9,8,L9/210,L9/216
9,8,L9/216,L9/9
9,8,L9/9,L9/8
9,9,L9/766,L9/745
9,9,L9/745,L8/372
9,9,L8/372,L8/248
9,9,L8/248,L9/497
9,9,L9/497,L9/501
9,9,L9/501,L9/502
9,9,L9/502,L9/503
9,9,L9/503,L9/488
9,9,L9/488,L9/490
9,9,L9/490,L9/491
9,9,L9/491,L9/476
9,9,L9/476,L9/478
9,9,L9/478,L9/479
9,9,L9/479,L9/464
9,9,L9/464,L8/232
9,9,L8/232,L7/116
9,9,L7/116,L6/58
9,9,L6/58,L7/117
9,9,L7/117,L8/235
9,9,L8/235,L9/471
9,9,L9/471,L9/205
9,9,L9/205,L9/192
9,9,L9/192,L9/195
9,9,L9/195,L9/197
9,9,L9/197,L9/214
9,9,L9/214,L9/215
9,9,L9/215,L9/209
9,9,L9/209,L9/210
9,9,L9/210,L9/216
9,9,L9/216,L9/9
9,10,L9/766,L9/745
9,10,L9/745,L8/372
9,10,L8/372,L8/248
9,10,L8/248,L9/497
9,10,L9/497,L9/501
9,10,L9/501,L9/502
9,10,L9/502,L9/503
9,10,L9/503,L9/488
9,10,L9/488,L9/490
9,10,L9/490,L9/491
9,10,L9/491,L9/476
9,10,L9/476,L9/478
9,10,L9/478,L9/479
9,10,L9/479,L9/464
9,10,L9/464,L8/232
9,10,L8/232,L7/116
9,10,L7/116,L6/58
9,10,L6/58,L7/117
9,10,L7/117,L8/235
9,10,L8/235,L9/471
9,10,L9/471,L9/205
9,10,L9/205,L9/192
9,10,L9/192,L9/195
9,10,L9/195,L9/197
9,10,L9/197,L9/214
9,10,L9/214,L9/213
9,10,L9/213,L9/221
9,10,L9/221,L9/220
9,10,L9/220,L9/222
9,10,L9/222,L9/223
9,10,L9/223,L9/15
9,10,L9/15,L9/10
9,11,L9/766,L9/745
9,11,L9/745,L8/372
9,11,L8/372,L8/248
9,11,L8/248,L9/497
9,11,L9/497,L9/501
9,11,L9/501,L9/502
9,11,L9/502,L9/503
9,11,L9/503,L9/488
9,11,L9/488,L9/490
9,11,L9/490,L9/491
9,11,L9/491,L9/476
9,11,L9/476,L9/478
9,11,L9/478,L9/479
9,11,L9/479,L9/464
9,11,L9/464,L8/232
9,11,L8/232,L7/116
9,11,L7/116,L6/58
9,11,L6/58,L7/117
9,11,L7/117,L8/235
9,11,L8/235,L9/471
9,11,L9/471,L9/205
9,11,L9/205,L9/192
9,11,L9/192,L9/195
9,11,L9/195,L9/197
9,11,L9/197,L9/214
9,11,L9/214,L9/213
9,11,L9/213,L9/221
9,11,L9/221,L9/220
9,11,L9/220,L9/222
9,11,L9/222,L9/223
9,11,L9/223,L9/15
9,11,L9/15,L9/11
9,12,L9/766,L9/745
9,12,L9/745,L8/372
9,12,L8/372,L8/248
9,12,L8/248,L9/497
9,12,L9/497,L9/501
9,12,L9/501,L9/502
9,12,L9/502,L9/503
9,12,L9/503,L9/488
9,12,L9/488,L9/490
9,12,L9/490,L9/491
9,12,L9/491,L9/476
9,12,L9/476,L9/478
9,12,L9/478,L9/479
9,12,L9/479,L9/464
9,12,L9/464,L8/232
9,12,L8/232,L7/116
9,12,L7/116,L6/58
9,12,L6/58,L7/117
9,12,L7/117,L8/235
9,12,L8/235,L9/471
9,12,L9/471,L9/205
9,12,L9/205,L9/192
9,12,L9/192,L9/195
9,12,L9/195,L9/197
9,12,L9/197,L9/214
9,12,L9/214,L9/213
9,12,L9/213,L9/221
9,12,L9/221,L9/220
9,12,L9/220,L9/222
9,12,L9/222,L9/2
9,12,L9/2,L9/5
9,12,L9/5,L9/12
9,13,L9/766,L9/745
9,13,L9/745,L8/372
9,13,L8/372,L8/248
9,13,L8/248,L9/497
9,13,L9/497,L9/501
9,13,L9/501,L9/502
9,13,L9/502,L9/503
9,13,L9/503,L9/488
9,13,L9/488,L9/490
9,13,L9/490,L9/491
9,13,L9/491,L9/476
9,13,L9/476,L9/478
9,13,L9/478,L9/479
9,13,L9/479,L9/464
9,13,L9/464,L8/232
9,13,L8/232,L7/116
9,13,L7/116,L6/58
9,13,L6/58,L7/117
9,13,L7/117,L8/235
9,13,L8/235,L9/471
9,13,L9/471,L9/205
9,13,L9/205,L9/192
9,13,L9/192,L9/195
9,13,L9/195,L9/197
9,13,L9/197,L9/214
9,13,L9/214,L9/213
9,13,L9/213,L9/221
9,13,L9/221,L9/217
9,13,L9/217,L9/219
9,13,L9/219,L9/0
9,13,L9/0,L9/13
9,14,L9/766,L9/745
9,14,L9/745,L8/372
9,14,L8/372,L8/248
9,14,L8/248,L9/497
9,14,L9/497,L9/501
9,14,L9/501,L9/502
9,14,L9/502,L9/503
9,14,L9/503,L9/488
9,14,L9/488,L9/490
9,14,L9/490,L9/491
9,14,L9/491,L9/476
9,14,L9/476,L9/478
9,14,L9/478,L9/479
9,14,L9/479,L9/464
9,14,L9/464,L8/232
9,14,L8/232,L7/116
9,14,L7/116,L6/58
9,14,L6/58,L7/117
9,14,L7/117,L8/235
9,14,L8/235,L9/471
9,14,L9/471,L9/205
9,14,L9/205,L9/192
9,14,L9/192,L9/195
9,14,L9/195,L9/197
9,14,L9/197,L9/214
9,14,L9/214,L9/213
9,14,L9/213,L9/221
9,14,L9/221,L9/220
9,14,L9/220,L9/222
9,14,L9/222,L9/223
9,14,L9/223,L9/14
9,15,L9/766,L9/745
9,15,L9/745,L8/372
9,15,L8/372,L8/248
9,15,L8/248,L9/497
9,15,L9/497,L9/501
9,15,L9/501,L9/502
9,15,L9/502,L9/503
9,15,L9/503,L9/488
9,15,L9/488,L9/490
9,15,L9/490,L9/491
9,15,L9/491,L9/476
9,15,L9/476,L9/478
9,15,L9/478,L9/479
9,15,L9/479,L9/464
9,15,L9/464,L8/232
9,15,L8/232,L7/116
9,15,L7/116,L6/58
9,15,L6/58,L7/117
9,15,L7/117,L8/235
9,15,L8/235,L9/471
9,15,L9/471,L9/205
9,15,L9/205,L9/192
9,15,L9/192,L9/195
9,15,L9/195,L9/197
9,15,L9/197,L9/214
9,15,L9/214,L9/213
9,15,L9/213,L9/221
9,15,L9/221,L9/220
9,15,L9/220,L9/222
9,15,L9/222,L9/223
9,15,L9/223,L9/15
9,16,L9/766,L9/1022
9,16,L9/1022,L8/511
9,16,L8/511,L8/510
9,16,L8/510,L9/1020
9,16,L9/1020,L9/910
9,16,L9/910,L9/908
9,16,L9/908,L9/896
9,16,L9/896,L9/897
9,16,L9/897,L9/899
9,16,L9/899,L9/917
9,16,L9/917,L9/916
9,16,L9/916,L9/919
9,16,L9/919,L9/927
9,16,L9/927,L9/924
9,16,L9/924,L9/832
9,16,L9/832,L8/416
9,16,L8/416,L7/208
9,16,L7/208,L6/104
9,16,L6/104,L6/107
9,16,L6/107,L7/215
9,16,L7/215,L7/212
9,16,L7/212,L8/424
9,16,L8/424,L9/849
9,16,L9/849,L9/893
9,16,L9/893,L9/892
9,16,L9/892,L9/889
9,16,L9/889,L8/444
9,16,L8/444,L8/432
9,16,L8/432,L9/865
9,16,L9/865,L9/867
9,16,L9/867,L9/876
9,16,L9/876,L8/438
9,16,L8/438,L7/219
9,16,L7/219,L6/109
9,16,L6/109,L6/10
9,16,L6/10,L7/20
9,16,L7/20,L8/41
9,16,L8/41,L9/82
9,16,L9/82,L9/95
9,16,L9/95,L9/92
9,16,L9/92,L9/93
9,16,L9/93,L9/78
9,16,L9/78,L9/75
9,16,L9/75,L9/69
9,16,L9/69,L9/68
9,16,L9/68,L9/71
9,16,L9/71,L9/66
9,16,L9/66,L9/57
9,16,L9/57,L9/58
9,16,L9/58,L9/62
9,16,L9/62,L9/63
9,16,L9/63,L9/39
9,16,L9/39,L8/19
9,16,L8/19,L7/9
9,16,L7/9,L6/4
9,16,L6/4,L6/2
9,16,L6/2,L7/4
9,16,L7/4,L8/8
9,16,L8/8,L9/16
9,17,L9/766,L9/1022
9,17,L9/1022,L8/511
9,17,L8/511,L8/510
9,17,L8/510,L9/1020
9,17,L9/1020,L9/910
9,17,L9/910,L9/908
9,17,L9/908,L9/896
9,17,L9/896,L9/897
9,17,L9/897,L9/899
9,17,L9/899,L9/917
9,17,L9/917,L9/916
9,17,L9/916,L9/919
9,17,L9/919,L9/927
9,17,L9/927,L9/924
9,17,L9/924,L9/832
9,17,L9/832,L8/416
9,17,L8/416,L7/208
9,17,L7/208,L6/104
9,17,L6/104,L6/107
9,17,L6/107,L7/215
9,17,L7/215,L7/212
9,17,L7/212,L8/424
9,17,L8/424,L9/849
9,17,L9/849,L9/893
9,17,L9/893,L9/892
9,17,L9/892,L9/889
9,17,L9/889,L8/444
9,17,L8/444,L8/432
9,17,L8/432,L9/865
9,17,L9/865,L9/867
9,17,L9/867,L9/876
9,17,L9/876,L8/438
9,17,L8/438,L7/219
9,17,L7/219,L6/109
9,17,L6/109,L6/10
9,17,L6/10,L7/20
9,17,L7/20,L8/41
9,17,L8/41,L9/82
9,17,L9/82,L9/95
9,17,L9/95,L9/92
9,17,L9/92,L9/93
9,17,L9/93,L9/78
9,17,L9/78,L9/75
9,17,L9/75,L9/69
9,17,L9/69,L9/68
9,17,L9/68,L9/71
9,17,L9/71,L9/66
9,17,L9/66,L9/57
9,17,L9/57,L9/58
9,17,L9/58,L9/62
9,17,L9/62,L9/63
9,17,L9/63,L9/39
9,17,L9/39,L8/19
9,17,L8/19,L7/9
9,17,L7/9,L6/4
9,17,L6/4,L6/2
9,17,L6/2,L7/4
9,17,L7/4,L8/8
9,17,L8/8,L9/17
9,18,L9/766,L9/1022
9,18,L9/1022,L8/511
9,18,L8/511,L8/510
9,18,L8/510,L9/1020
9,18,L9/1020,L9/910
9,18,L9/910,L9/908
9,18,L9/908,L9/896
9,18,L9/896,L9/897
9,18,L9/897,L9/899
9,18,L9/899,L9/917
9,18,L9/917,L9/916
9,18,L9/916,L9/919
9,18,L9/919,L9/927
9,18,L9/927,L9/924
9,18,L9/924,L9/832
9,18,L9/832,L8/416
9,18,L8/416,L7/208
9,18,L7/208,L6/104
9,18,L6/104,L6/107
9,18,L6/107,L7/215
9,18,L7/215,L7/212
9,18,L7/212,L8/424
9,18,L8/424,L9/849
9,18,L9/849,L9/893
9,18,L9/893,L9/892
9,18,L9/892,L9/889
9,18,L9/889,L8/444
9,18,L8/444,L8/432
9,18,L8/432,L9/865
9,18,L9/865,L9/867
9,18,L9/867,L9/876
9,18,L9/876,L8/438
9,18,L8/438,L7/219
9,18,L7/219,L6/109
9,18,L6/109,L6/10
9,18,L6/10,L7/20
9,18,L7/20,L8/41
9,18,L8/41,L9/82
9,18,L9/82,L9/95
9,18,L9/95,L9/92
9,18,L9/92,L9/93
9,18,L9/93,L9/78
9,18,L9/78,L9/75
9,18,L9/75,L9/69
9,18,L9/69,L9/68
9,18,L9/68,L9/71
9,18,L9/71,L9/66
9,18,L9/66,L9/57
9,18,L9/57,L9/58
9,18,L9/58,L9/62
9,18,L9/62,L9/63
9,18,L9/63,L9/39
9,18,L9/39,L8/19
9,18,L8/19,L7/9
9,18,L7/9,L6/4
9,18,L6/4,L6/2
9,18,L6/2,L7/4
9,18,L7/4,L8/9
9,18,L8/9,L9/18
9,19,L9/766,L9/1022
9,19,L9/1022,L8/511
9,19,L8/511,L8/510
9,19,L8/510,L9/1020
9,19,L9/1020,L9/910
9,19,L9/910,L9/908
9,19,L9/908,L9/896
9,19,L9/896,L9/897
9,19,L9/897,L9/899
9,19,L9/899,L9/917
9,19,L9/917,L9/916
9,19,L9/916,L9/919
9,19,L9/919,L9/927
9,19,L9/927,L9/924
9,19,L9/924,L9/832
9,19,L9/832,L8/416
9,19,L8/416,L7/208
9,19,L7/208,L6/104
9,19,L6/104,L6/107
9,19,L6/107,L7/215
9,19,L7/215,L7/212
9,19,L7/212,L8/424
9,19,L8/424,L9/849
9,19,L9/849,L9/893
9,19,L9/893,L9/892
9,19,L9/892,L9/889
9,19,L9/889,L8/444
9,19,L8/444,L8/432
9,19,L8/432,L9/865
9,19,L9/865,L9/867
9,19,L9/867,L9/876
9,19,L9/876,L8/438
9,19,L8/438,L7/219
9,19,L7/219,L6/109
9,19,L6/109,L6/10
9,19,L6/10,L7/20
9,19,L7/20,L8/41
9,19,L8/41,L9/82
9,19,L9/82,L9/95
9,19,L9/95,L9/92
9,19,L9/92,L9/93
9,19,L9/93,L9/78
9,19,L9/78,L9/75
9,19,L9/75,L9/69
9,19,L9/69,L9/68
9,19,L9/68,L9/71
9,19,L9/71,L9/66
9,19,L9/66,L9/57
9,19,L9/57,L9/58
9,19,L9/58,L9/62
9,19,L9/62,L9/63
9,19,L9/63,L9/39
9,19,L9/39,L8/19
9,19,L8/19,L7/9
9,19,L7/9,L6/4
9,19,L6/4,L6/2
9,19,L6/2,L7/4
9,19,L7/4,L8/9
9,19,L8/9,L9/19
9,20,L9/766,L9/1022
9,20,L9/1022,L8/511
9,20,L8/511,L8/510
9,20,L8/510,L9/1020
9,20,L9/1020,L9/910
9,20,L9/910,L9/908
9,20,L9/908,L9/896
9,20,L9/896,L9/897
9,20,L9/897,L9/899
9,20,L9/899,L9/917
9,20,L9/917,L9/916
9,20,L9/916,L9/919
9,20,L9/919,L9/927
9,20,L9/927,L9/924
9,20,L9/924,L9/832
9,20,L9/832,L8/416
9,20,L8/416,L7/208
9,20,L7/208,L6/104
9,20,L6/104,L6/107
9,20,L6/107,L7/215
9,20,L7/215,L7/212
9,20,L7/212,L8/424
9,20,L8/424,L9/849
9,20,L9/849,L9/893
9,20,L9/893,L9/892
9,20,L9/892,L9/889
9,20,L9/889,L8/444
9,20,L8/444,L8/432
9,20,L8/432,L9/865
9,20,L9/865,L9/867
9,20,L9/867,L9/876
9,20,L9/876,L8/438
9,20,L8/438,L7/219
9,20,L7/219,L6/109
9,20,L6/109,L6/10
9,20,L6/10,L7/20
9,20,L7/20,L8/41
9,20,L8/41,L9/82
9,20,L9/82,L9/95
9,20,L9/95,L9/92
9,20,L9/92,L9/93
9,20,L9/93,L9/78
9,20,L9/78,L9/75
9,20,L9/75,L9/69
9,20,L9/69,L9/68
9,20,L9/68,L9/71
9,20,L9/71,L9/66
9,20,L9/66,L9/57
9,20,L9/57,L9/58
9,20,L9/58,L9/62
9,20,L9/62,L9/63
9,20,L9/63,L9/39
9,20,L9/39,L8/19
9,20,L8/19,L7/9
9,20,L7/9,L6/4
9,20,L6/4,L6/2
9,20,L6/2,L7/5
9,20,L7/5,L8/10
9,20,L8/10,L9/20
9,21,L9/766,L9/1022
9,21,L9/1022,L8/511
9,21,L8/511,L8/510
9,21,L8/510,L9/1020
9,21,L9/1020,L9/910
9,21,L9/910,L9/908
9,21,L9/908,L9/896
9,21,L9/896,L9/897
9,21,L9/897,L9/899
9,21,L9/899,L9/917
9,21,L9/917,L9/916
9,21,L9/916,L9/919
9,21,L9/919,L9/927
9,21,L9/927,L9/924
9,21,L9/924,L9/832
9,21,L9/832,L8/416
9,21,L8/416,L7/208
9,21,L7/208,L6/104
9,21,L6/104,L6/107
9,21,L6/107,L7/215
9,21,L7/215,L7/212
9,21,L7/212,L8/424
9,21,L8/424,L9/849
9,21,L9/849,L9/893
9,21,L9/893,L9/892
9,21,L9/892,L9/889
9,21,L9/889,L8/444
9,21,L8/444,L8/432
9,21,L8/432,L9/865
9,21,L9/865,L9/867
9,21,L9/867,L9/876
9,21,L9/876,L8/438
9,21,L8/438,L7/219
9,21,L7/219,L6/109
9,21,L6/109,L6/10
9,21,L6/10,L7/20
9,21,L7/20,L8/41
9,21,L8/41,L9/82
9,21,L9/82,L9/95
9,21,L9/95,L9/92
9,21,L9/92,L9/93
9,21,L9/93,L9/78
9,21,L9/78,L9/75
9,21,L9/75,L9/69
9,21,L9/69,L9/68
9,21,L9/68,L9/71
9,21,L9/71,L9/66
9,21,L9/66,L9/57
9,21,L9/57,L9/58
9,21,L9/58,L9/62
9,21,L9/62,L9/63
9,21,L9/63,L9/39
9,21,L9/39,L8/19
9,21,L8/19,L7/9
9,21,L7/9,L6/4
9,21,L6/4,L6/2
9,21,L6/2,L7/5
9,21,L7/5,L8/10
9,21,L8/10,L9/21
9,22,L9/766,L9/1022
9,22,L9/1022,L8/511
9,22,L8/511,L8/510
9,22,L8/510,L9/1020
9,22,L9/1020,L9/910
9,22,L9/910,L9/908
9,22,L9/908,L9/896
9,22,L9/896,L9/897
9,22,L9/897,L9/899
9,22,L9/899,L9/917
9,22,L9/917,L9/916
9,22,L9/916,L9/919
9,22,L9/919,L9/927
9,22,L9/927,L9/924
9,22,L9/924,L9/832
9,22,L9/832,L8/416
9,22,L8/416,L7/208
9,22,L7/208,L6/104
9,22,L6/104,L6/107
9,22,L6/107,L7/215
9,22,L7/215,L7/212
9,22,L7/212,L8/424
9,22,L8/424,L9/849
9,22,L9/849,L9/893
9,22,L9/893,L9/892
9,22,L9/892,L9/889
9,22,L9/889,L8/444
9,22,L8/444,L8/432
9,22,L8/432,L9/865
9,22,L9/865,L9/867
9,22,L9/867,L9/876
9,22,L9/876,L8/438
9,22,L8/438,L7/219
9,22,L7/219,L6/109
9,22,L6/109,L6/10
9,22,L6/10,L7/20
9,22,L7/20,L8/41
9,22,L8/41,L9/82
9,22,L9/82,L9/95
9,22,L9/95,L9/92
9,22,L9/92,L9/93
9,22,L9/93,L9/78
9,22,L9/78,L9/75
9,22,L9/75,L9/69
9,22,L9/69,L9/68
9,22,L9/68,L9/71
9,22,L9/71,L9/66
9,22,L9/66,L9/57
9,22,L9/57,L9/58
9,22,L9/58,L9/62
9,22,L9/62,L9/63
9,22,L9/63,L9/39
9,22,L9/39,L8/19
9,22,L8/19,L7/9
9,22,L7/9,L6/4
9,22,L6/4,L6/2
9,22,L6/2,L7/5
9,22,L7/5,L8/11
9,22,L8/11,L9/22
9,23,L9/766,L9/1022
9,23,L9/1022,L8/511
9,23,L8/511,L8/510
9,23,L8/510,L9/1020
9,23,L9/1020,L9/910
9,23,L9/910,L9/908
9,23,L9/908,L9/896
9,23,L9/896,L9/897
9,23,L9/897,L9/899
9,23,L9/899,L9/917
9,23,L9/917,L9/916
9,23,L9/916,L9/919
9,23,L9/919,L9/927
9,23,L9/927,L9/924
9,23,L9/924,L9/832
9,23,L9/832,L8/416
9,23,L8/416,L7/208
9,23,L7/208,L6/104
9,23,L6/104,L6/107
9,23,L6/107,L7/215
9,23,L7/215,L7/212
9,23,L7/212,L8/424
9,23,L8/424,L9/849
9,23,L9/849,L9/893
9,23,L9/893,L9/892
9,23,L9/892,L9/889
9,23,L9/889,L8/444
9,23,L8/444,L8/432
9,23,L8/432,L9/865
9,23,L9/865,L9/867
9,23,L9/867,L9/876
9,23,L9/876,L8/438
9,23,L8/438,L7/219
9,23,L7/219,L6/109
9,23,L6/109,L6/10
9,23,L6/10,L7/20
9,23,L7/20,L8/41
9,23,L8/41,L9/82
9,23,L9/82,L9/95
9,23,L9/95,L9/92
9,23,L9/92,L9/93
9,23,L9/93,L9/78
9,23,L9/78,L9/75
9,23,L9/75,L9/69
9,23,L9/69,L9/68
9,23,L9/68,L9/71
9,23,L9/71,L9/66
9,23,L9/66,L9/57
9,23,L9/57,L9/58
9,23,L9/58,L9/62
9,23,L9/62,L9/63
9,23,L9/63,L9/39
9,23,L9/39,L8/19
9,23,L8/19,L7/9
9,23,L7/9,L6/4
9,23,L6/4,L6/2
9,23,L6/2,L7/5
9,23,L7/5,L8/11
9,23,L8/11,L9/23
9,24,L9/766,L9/1022
9,24,L9/1022,L8/511
9,24,L8/511,L8/510
9,24,L8/510,L9/1020
9,24,L9/1020,L9/910
9,24,L9/910,L9/908
9,24,L9/908,L9/896
9,24,L9/896,L9/897
9,24,L9/897,L9/899
9,24,L9/899,L9/917
9,24,L9/917,L9/916
9,24,L9/916,L9/919
9,24,L9/919,L9/927
9,24,L9/927,L9/924
9,24,L9/924,L9/832
9,24,L9/832,L8/416
9,24,L8/416,L7/208
9,24,L7/208,L6/104
9,24,L6/104,L6/107
9,24,L6/107,L7/215
9,24,L7/215,L7/212
9,24,L7/212,L8/424
9,24,L8/424,L9/849
9,24,L9/849,L9/893
9,24,L9/893,L9/892
9,24,L9/892,L9/889
9,24,L9/889,L8/444
9,24,L8/444,L8/432
9,24,L8/432,L9/865
9,24,L9/865,L9/867
9,24,L9/867,L9/876
9,24,L9/876,L8/438
9,24,L8/438,L7/219
9,24,L7/219,L6/109
9,24,L6/109,L6/10
9,24,L6/10,L7/20
9,24,L7/20,L8/41
9,24,L8/41,L9/82
9,24,L9/82,L9/95
9,24,L9/95,L9/92
9,24,L9/92,L9/93
9,24,L9/93,L9/78
9,24,L9/78,L9/75
9,24,L9/75,L9/69
9,24,L9/69,L9/68
9,24,L9/68,L9/71
9,24,L9/71,L9/66
9,24,L9/66,L9/57
9,24,L9/57,L9/58
9,24,L9/58,L9/62
9,24,L9/62,L9/63
9,24,L9/63,L9/39
9,24,L9/39,L8/19
9,24,L8/19,L7/9
9,24,L7/9,L6/4
9,24,L6/4,L6/3
9,24,L6/3,L7/6
9,24,L7/6,L8/12
9,24,L8/12,L9/24
9,25,L9/766,L9/1022
9,25,L9/1022,L8/511
9,25,L8/511,L8/510
9,25,L8/510,L9/1020
9,25,L9/1020,L9/910
9,25,L9/910,L9/908
9,25,L9/908,L9/896
9,25,L9/896,L9/897
9,25,L9/897,L9/899
9,25,L9/899,L9/917
9,25,L9/917,L9/916
9,25,L9/916,L9/919
9,25,L9/919,L9/927
9,25,L9/927,L9/924
9,25,L9/924,L9/832
9,25,L9/832,L8/416
9,25,L8/416,L7/208
9,25,L7/208,L6/104
9,25,L6/104,L6/107
9,25,L6/107,L7/215
9,25,L7/215,L7/212
9,25,L7/212,L8/424
9,25,L8/424,L9/849
9,25,L9/849,L9/893
9,25,L9/893,L9/892
9,25,L9/892,L9/889
9,25,L9/889,L8/444
9,25,L8/444,L8/432
9,25,L8/432,L9/865
9,25,L9/865,L9/867
9,25,L9/867,L9/876
9,25,L9/876,L8/438
9,25,L8/438,L7/219
9,25,L7/219,L6/109
9,25,L6/109,L6/10
9,25,L6/10,L7/20
9,25,L7/20,L8/41
9,25,L8/41,L9/82
9,25,L9/82,L9/95
9,25,L9/95,L9/92
9,25,L9/92,L9/93
9,25,L9/93,L9/78
9,25,L9/78,L9/75
9,25,L9/75,L9/69
9,25,L9/69,L9/68
9,25,L9/68,L9/71
9,25,L9/71,L9/66
9,25,L9/66,L9/57
9,25,L9/57,L9/58
9,25,L9/58,L9/62
9,25,L9/62,L9/63
9,25,L9/63,L9/39
9,25,L9/39,L8/19
9,25,L8/19,L7/9
9,25,L7/9,L6/4
9,25,L6/4,L6/3
9,25,L6/3,L7/6
9,25,L7/6,L8/12
9,25,L8/12,L9/25
9,26,L9/766,L9/1022
9,26,L9/1022,L8/511
9,26,L8/511,L8/510
9,26,L8/510,L9/1020
9,26,L9/1020,L9/910
9,26,L9/910,L9/908
9,26,L9/908,L9/896
9,26,L9/896,L9/897
9,26,L9/897,L9/899
9,26,L9/899,L9/917
9,26,L9/917,L9/916
9,26,L9/916,L9/919
9,26,L9/919,L9/927
9,26,L9/927,L9/924
9,26,L9/924,L9/832
9,26,L9/832,L8/416
9,26,L8/416,L7/208
9,26,L7/208,L6/104
9,26,L6/104,L6/107
9,26,L6/107,L7/215
9,26,L7/215,L7/212
9,26,L7/212,L8/424
9,26,L8/424,L9/849
9,26,L9/849,L9/893
9,26,L9/893,L9/892
9,26,L9/892,L9/889
9,26,L9/889,L8/444
9,26,L8/444,L8/432
9,26,L8/432,L9/865
9,26,L9/865,L9/867
9,26,L9/867,L9/876
9,26,L9/876,L8/438
9,26,L8/438,L7/219
9,26,L7/219,L6/109
9,26,L6/109,L6/10
9,26,L6/10,L7/20
9,26,L7/20,L8/41
9,26,L8/41,L9/82
9,26,L9/82,L9/95
9,26,L9/95,L9/92
9,26,L9/92,L9/93
9,26,L9/93,L9/78
9,26,L9/78,L9/75
9,26,L9/75,L9/69
9,26,L9/69,L9/68
9,26,L9/68,L9/71
9,26,L9/71,L9/66
9,26,L9/66,L9/57
9,26,L9/57,L9/58
9,26,L9/58,L9/62
9,26,L9/62,L9/63
9,26,L9/63,L9/39
9,26,L9/39,L8/19
9,26,L8/19,L7/9
9,26,L7/9,L6/4
9,26,L6/4,L6/3
9,26,L6/3,L7/6
9,26,L7/6,L8/13
9,26,L8/13,L9/26
9,27,L9/766,L9/1022
9,27,L9/1022,L8/511
9,27,L8/511,L8/510
9,27,L8/510,L9/1020
9,27,L9/1020,L9/910
9,27,L9/910,L9/908
9,27,L9/908,L9/896
9,27,L9/896,L9/897
9,27,L9/897,L9/899
9,27,L9/899,L9/917
9,27,L9/917,L9/916
9,27,L9/916,L9/919
9,27,L9/919,L9/927
9,27,L9/927,L9/924
9,27,L9/924,L9/832
9,27,L9/832,L8/416
9,27,L8/416,L7/208
9,27,L7/208,L6/104
9,27,L6/104,L6/107
9,27,L6/107,L7/215
9,27,L7/215,L7/212
9,27,L7/212,L8/424
9,27,L8/424,L9/849
9,27,L9/849,L9/893
9,27,L9/893,L9/892
9,27,L9/892,L9/889
9,27,L9/889,L8/444
9,27,L8/444,L8/432
9,27,L8/432,L9/865
9,27,L9/865,L9/867
9,27,L9/867,L9/876
9,27,L9/876,L8/438
9,27,L8/438,L7/219
9,27,L7/219,L6/109
9,27,L6/109,L6/10
9,27,L6/10,L7/20
9,27,L7/20,L8/41
9,27,L8/41,L9/82
9,27,L9/82,L9/95
9,27,L9/95,L9/92
9,27,L9/92,L9/93
9,27,L9/93,L9/78
9,27,L9/78,L9/75
9,27,L9/75,L9/69
9,27,L9/69,L9/68
9,27,L9/68,L9/71
9,27,L9/71,L9/66
9,27,L9/66,L9/57
9,27,L9/57,L9/58
9,27,L9/58,L9/62
9,27,L9/62,L9/63
9,27,L9/63,L9/39
9,27,L9/39,L8/19
9,27,L8/19,L7/9
9,27,L7/9,L6/4
9,27,L6/4,L6/3
9,27,L6/3,L7/6
9,27,L7/6,L8/13
9,27,L8/13,L9/27
9,28,L9/766,L9/1022
9,28,L9/1022,L8/511
9,28,L8/511,L8/510
9,28,L8/510,L9/1020
9,28,L9/1020,L9/910
9,28,L9/910,L9/908
9,28,L9/908,L9/896
9,28,L9/896,L9/897
9,28,L9/897,L9/899
9,28,L9/899,L9/917
9,28,L9/917,L9/916
9,28,L9/916,L9/919
9,28,L9/919,L9/927
9,28,L9/927,L9/924
9,28,L9/924,L9/832
9,28,L9/832,L8/416
9,28,L8/416,L7/208
9,28,L7/208,L6/104
9,28,L6/104,L6/107
9,28,L6/107,L7/215
9,28,L7/215,L7/212
9,28,L7/212,L8/424
9,28,L8/424,L9/849
9,28,L9/849,L9/893
9,28,L9/893,L9/892
9,28,L9/892,L9/889
9,28,L9/889,L8/444
9,28,L8/444,L8/432
9,28,L8/432,L9/865
9,28,L9/865,L9/867
9,28,L9/867,L9/876
9,28,L9/876,L8/438
9,28,L8/438,L7/219
9,28,L7/219,L6/109
9,28,L6/109,L6/10
9,28,L6/10,L7/20
9,28,L7/20,L8/41
9,28,L8/41,L9/82
9,28,L9/82,L9/95
9,28,L9/95,L9/92
9,28,L9/92,L9/93
9,28,L9/93,L9/78
9,28,L9/78,L9/75
9,28,L9/75,L9/69
9,28,L9/69,L9/68
9,28,L9/68,L9/71
9,28,L9/71,L9/66
9,28,L9/66,L9/57
9,28,L9/57,L9/58
9,28,L9/58,L9/62
9,28,L9/62,L9/63
9,28,L9/63,L9/39
9,28,L9/39,L8/19
9,28,L8/19,L7/9
9,28,L7/9,L6/4
9,28,L6/4,L6/3
9,28,L6/3,L7/7
9,28,L7/7,L8/14
9,28,L8/14,L9/28
9,29,L9/766,L9/1022
9,29,L9/1022,L8/511
9,29,L8/511,L8/510
9,29,L8/510,L9/1020
9,29,L9/1020,L9/910
9,29,L9/910,L9/908
9,29,L9/908,L9/896
9,29,L9/896,L9/897
9,29,L9/897,L9/899
9,29,L9/899,L9/917
9,29,L9/917,L9/916
9,29,L9/916,L9/919
9,29,L9/919,L9/927
9,29,L9/927,L9/924
9,29,L9/924,L9/832
9,29,L9/832,L8/416
9,29,L8/416,L7/208
9,29,L7/208,L6/104
9,29,L6/104,L6/107
9,29,L6/107,L7/215
9,29,L7/215,L7/212
9,29,L7/212,L8/424
9,29,L8/424,L9/849
9,29,L9/849,L9/893
9,29,L9/893,L9/892
9,29,L9/892,L9/889
9,29,L9/889,L8/444
9,29,L8/444,L8/432
9,29,L8/432,L9/865
9,29,L9/865,L9/867
9,29,L9/867,L9/876
9,29,L9/876,L8/438
9,29,L8/438,L7/219
9,29,L7/219,L6/109
9,29,L6/109,L6/10
9,29,L6/10,L7/20
9,29,L7/20,L8/41
9,29,L8/41,L9/82
9,29,L9/82,L9/95
9,29,L9/95,L9/92
9,29,L9/92,L9/93
9,29,L9/93,L9/78
9,29,L9/78,L9/75
9,29,L9/75,L9/69
9,29,L9/69,L9/68
9,29,L9/68,L9/71
9,29,L9/71,L9/66
9,29,L9/66,L9/57
9,29,L9/57,L9/58
9,29,L9/58,L9/62
9,29,L9/62,L9/63
9,29,L9/63,L9/39
9,29,L9/39,L8/19
9,29,L8/19,L7/9
9,29,L7/9,L6/4
9,29,L6/4,L6/3
9,29,L6/3,L7/7
9,29,L7/7,L8/14
9,29,L8/14,L9/29
9,30,L9/766,L9/1022
9,30,L9/1022,L8/511
9,30,L8/511,L8/510
9,30,L8/510,L9/1020
9,30,L9/1020,L9/910
9,30,L9/910,L9/908
9,30,L9/908,L9/896
9,30,L9/896,L9/897
9,30,L9/897,L9/899
9,30,L9/899,L9/917
9,30,L9/917,L9/916
9,30,L9/916,L9/919
9,30,L9/919,L9/927
9,30,L9/927,L9/924
9,30,L9/924,L9/832
9,30,L9/832,L8/416
9,30,L8/416,L7/208
9,30,L7/208,L6/104
9,30,L6/104,L6/107
9,30,L6/107,L7/215
9,30,L7/215,L7/212
9,30,L7/212,L8/424
9,30,L8/424,L9/849
9,30,L9/849,L9/893
9,30,L9/893,L9/892
9,30,L9/892,L9/889
9,30,L9/889,L8/444
9,30,L8/444,L8/432
9,30,L8/432,L9/865
9,30,L9/865,L9/867
9,30,L9/867,L9/876
9,30,L9/876,L8/438
9,30,L8/438,L7/219
9,30,L7/219,L6/109
9,30,L6/109,L6/10
9,30,L6/10,L7/20
9,30,L7/20,L8/41
9,30,L8/41,L9/82
9,30,L9/82,L9/95
9,30,L9/95,L9/92
9,30,L9/92,L9/93
9,30,L9/93,L9/78
9,30,L9/78,L9/75
9,30,L9/75,L9/69
9,30,L9/69,L9/68
9,30,L9/68,L9/71
9,30,L9/71,L9/66
9,30,L9/66,L9/57
9,30,L9/57,L9/58
9,30,L9/58,L9/62
9,30,L9/62,L9/63
9,30,L9/63,L9/39
9,30,L9/39,L8/19
9,30,L8/19,L7/9
9,30,L7/9,L6/4
9,30,L6/4,L6/3
9,30,L6/3,L7/7
9,30,L7/7,L8/15
9,30,L8/15,L9/30
9,31,L9/766,L9/1022
9,31,L9/1022,L8/511
9,31,L8/511,L8/510
9,31,L8/510,L9/1020
9,31,L9/1020,L9/910
9,31,L9/910,L9/908
9,31,L9/908,L9/896
9,31,L9/896,L9/897
9,31,L9/897,L9/899
9,31,L9/899,L9/917
9,31,L9/917,L9/916
9,31,L9/916,L9/919
9,31,L9/919,L9/927
9,31,L9/927,L9/924
9,31,L9/924,L9/832
9,31,L9/832,L8/416
9,31,L8/416,L7/208
9,31,L7/208,L6/104
9,31,L6/104,L6/107
9,31,L6/107,L7/215
9,31,L7/215,L7/212
9,31,L7/212,L8/424
9,31,L8/424,L9/849
9,31,L9/849,L9/893
9,31,L9/893,L9/892
9,31,L9/892,L9/889
9,31,L9/889,L8/444
9,31,L8/444,L8/432
9,31,L8/432,L9/865
9,31,L9/865,L9/867
9,31,L9/867,L9/876
9,31,L9/876,L8/438
9,31,L8/438,L7/219
9,31,L7/219,L6/109
9,31,L6/109,L6/10
9,31,L6/10,L7/20
9,31,L7/20,L8/41
9,31,L8/41,L9/82
9,31,L9/82,L9/95
9,31,L9/95,L9/92
9,31,L9/92,L9/93
9,31,L9/93,L9/78
9,31,L9/78,L9/75
9,31,L9/75,L9/69
9,31,L9/69,L9/68
9,31,L9/68,L9/71
9,31,L9/71,L9/66
9,31,L9/66,L9/57
9,31,L9/57,L9/58
9,31,L9/58,L9/62
9,31,L9/62,L9/63
9,31,L9/63,L9/39
9,31,L9/39,L8/19
9,31,L8/19,L7/9
9,31,L7/9,L6/4
9,31,L6/4,L6/3
9,31,L6/3,L7/7
9,31,L7/7,L8/15
9,31,L8/15,L9/31
9,32,L9/766,L9/1022
9,32,L9/1022,L8/511
9,32,L8/511,L8/510
9,32,L8/510,L9/1020
9,32,L9/1020,L9/910
9,32,L9/910,L9/908
9,32,L9/908,L9/896
9,32,L9/896,L9/897
9,32,L9/897,L9/899
9,32,L9/899,L9/917
9,32,L9/917,L9/916
9,32,L9/916,L9/919
9,32,L9/919,L9/927
9,32,L9/927,L9/924
9,32,L9/924,L9/832
9,32,L9/832,L8/416
9,32,L8/416,L7/208
9,32,L7/208,L6/104
9,32,L6/104,L6/107
9,32,L6/107,L7/215
9,32,L7/215,L7/212
9,32,L7/212,L8/424
9,32,L8/424,L9/849
9,32,L9/849,L9/893
9,32,L9/893,L9/892
9,32,L9/892,L9/889
9,32,L9/889,L8/444
9,32,L8/444,L8/432
9,32,L8/432,L9/865
9,32,L9/865,L9/867
9,32,L9/867,L9/876
9,32,L9/876,L8/438
9,32,L8/438,L7/219
9,32,L7/219,L6/109
9,32,L6/109,L6/10
9,32,L6/10,L7/20
9,32,L7/20,L8/41
9,32,L8/41,L9/82
9,32,L9/82,L9/95
9,32,L9/95,L9/92
9,32,L9/92,L9/93
9,32,L9/93,L9/78
9,32,L9/78,L9/75
9,32,L9/75,L9/69
9,32,L9/69,L9/68
9,32,L9/68,L9/71
9,32,L9/71,L9/66
9,32,L9/66,L9/57
9,32,L9/57,L9/58
9,32,L9/58,L9/62
9,32,L9/62,L9/63
9,32,L9/63,L9/39
9,32,L9/39,L9/38
9,32,L9/38,L9/33
9,32,L9/33,L9/32
9,33,L9/766,L9/1022
9,33,L9/1022,L8/511
9,33,L8/511,L8/510
9,33,L8/510,L9/1020
9,33,L9/1020,L9/910
9,33,L9/910,L9/908
9,33,L9/908,L9/896
9,33,L9/896,L9/897
9,33,L9/897,L9/899
9,33,L9/899,L9/917
9,33,L9/917,L9/916
9,33,L9/916,L9/919
9,33,L9/919,L9/927
9,33,L9/927,L9/924
9,33,L9/924,L9/832
9,33,L9/832,L8/416
9,33,L8/416,L7/208
9,33,L7/208,L6/104
9,33,L6/104,L6/107
9,33,L6/107,L7/215
9,33,L7/215,L7/212
9,33,L7/212,L8/424
9,33,L8/424,L9/849
9,33,L9/849,L9/893
9,33,L9/893,L9/892
9,33,L9/892,L9/889
9,33,L9/889,L8/444
9,33,L8/444,L8/432
9,33,L8/432,L9/865
9,33,L9/865,L9/867
9,33,L9/867,L9/876
9,33,L9/876,L8/438
9,33,L8/438,L7/219
9,33,L7/219,L6/109
9,33,L6/109,L6/10
9,33,L6/10,L7/20
9,33,L7/20,L8/41
9,33,L8/41,L9/82
9,33,L9/82,L9/95
9,33,L9/95,L9/92
9,33,L9/92,L9/93
9,33,L9/93,L9/78
9,33,L9/78,L9/75
9,33,L9/75,L9/69
9,33,L9/69,L9/68
9,33,L9/68,L9/71
9,33,L9/71,L9/66
9,33,L9/66,L9/57
9,33,L9/57,L9/58
9,33,L9/58,L9/62
9,33,L9/62,L9/63
9,33,L9/63,L9/39
9,33,L9/39,L9/38
9,33,L9/38,L9/33
9,34,L9/766,L9/1022
9,34,L9/1022,L8/511
9,34,L8/511,L8/510
9,34,L8/510,L9/1020
9,34,L9/1020,L9/910
9,34,L9/910,L9/908
9,34,L9/908,L9/896
9,34,L9/896,L9/897
9,34,L9/897,L9/899
9,34,L9/899,L9/917
9,34,L9/917,L9/916
9,34,L9/916,L9/919
9,34,L9/919,L9/927
9,34,L9/927,L9/924
9,34,L9/924,L9/832
9,34,L9/832,L8/416
9,34,L8/416,L7/208
9,34,L7/208,L6/104
9,34,L6/104,L6/107
9,34,L6/107,L7/215
9,34,L7/215,L7/212
9,34,L7/212,L8/424
9,34,L8/424,L9/849
9,34,L9/849,L9/893
9,34,L9/893,L9/892
9,34,L9/892,L9/889
9,34,L9/889,L8/444
9,34,L8/444,L8/432
9,34,L8/432,L9/865
9,34,L9/865,L9/867
9,34,L9/867,L9/876
9,34,L9/876,L8/438
9,34,L8/438,L7/219
9,34,L7/219,L6/109
9,34,L6/109,L6/10
9,34,L6/10,L7/20
9,34,L7/20,L8/41
9,34,L8/41,L9/82
9,34,L9/82,L9/95
9,34,L9/95,L9/92
9,34,L9/92,L9/93
9,34,L9/93,L9/78
9,34,L9/78,L9/75
9,34,L9/75,L9/69
9,34,L9/69,L9/68
9,34,L9/68,L9/71
9,34,L9/71,L9/66
9,34,L9/66,L9/57
9,34,L9/57,L9/58
9,34,L9/58,L9/62
9,34,L9/62,L9/63
9,34,L9/63,L9/39
9,34,L9/39,L9/38
9,34,L9/38,L9/34
9,35,L9/766,L9/1022
9,35,L9/1022,L8/511
9,35,L8/511,L8/510
9,35,L8/510,L9/1020
9,35,L9/1020,L9/910
9,35,L9/910,L9/908
9,35,L9/908,L9/896
9,35,L9/896,L9/897
9,35,L9/897,L9/899
9,35,L9/899,L9/917
9,35,L9/917,L9/916
9,35,L9/916,L9/919
9,35,L9/919,L9/927
9,35,L9/927,L9/924
9,35,L9/924,L9/832
9,35,L9/832,L8/416
9,35,L8/416,L7/208
9,35,L7/208,L6/104
9,35,L6/104,L6/107
9,35,L6/107,L7/215
9,35,L7/215,L7/212
9,35,L7/212,L8/424
9,35,L8/424,L9/849
9,35,L9/849,L9/893
9,35,L9/893,L9/892
9,35,L9/892,L9/889
9,35,L9/889,L8/444
9,35,L8/444,L8/432
9,35,L8/432,L9/865
9,35,L9/865,L9/867
9,35,L9/867,L9/876
9,35,L9/876,L8/438
9,35,L8/438,L7/219
9,35,L7/219,L6/109
9,35,L6/109,L6/10
9,35,L6/10,L7/20
9,35,L7/20,L8/41
9,35,L8/41,L9/82
9,35,L9/82,L9/95
9,35,L9/95,L9/92
9,35,L9/92,L9/93
9,35,L9/93,L9/78
9,35,L9/78,L9/75
9,35,L9/75,L9/69
9,35,L9/69,L9/68
9,35,L9/68,L9/71
9,35,L9/71,L9/66
9,35,L9/66,L9/57
9,35,L9/57,L9/58
9,35,L9/58,L9/62
9,35,L9/62,L9/63
9,35,L9/63,L9/39
9,35,L9/39,L9/38
9,35,L9/38,L9/34
9,35,L9/34,L9/35
9,36,L9/766,L9/1022
9,36,L9/1022,L8/511
9,36,L8/511,L8/510
9,36,L8/510,L9/1020
9,36,L9/1020,L9/910
9,36,L9/910,L9/908
9,36,L9/908,L9/896
9,36,L9/896,L9/897
9,36,L9/897,L9/899
9,36,L9/899,L9/917
9,36,L9/917,L9/916
9,36,L9/916,L9/919
9,36,L9/919,L9/927
9,36,L9/927,L9/924
9,36,L9/924,L9/832
9,36,L9/832,L8/416
9,36,L8/416,L7/208
9,36,L7/208,L6/104
9,36,L6/104,L6/107
9,36,L6/107,L7/215
9,36,L7/215,L7/212
9,36,L7/212,L8/424
9,36,L8/424,L9/849
9,36,L9/849,L9/893
9,36,L9/893,L9/892
9,36,L9/892,L9/889
9,36,L9/889,L8/444
9,36,L8/444,L8/432
9,36,L8/432,L9/865
9,36,L9/865,L9/867
9,36,L9/867,L9/876
9,36,L9/876,L8/438
9,36,L8/438,L7/219
9,36,L7/219,L6/109
9,36,L6/109,L6/10
9,36,L6/10,L7/20
9,36,L7/20,L8/41
9,36,L8/41,L9/82
9,36,L9/82,L9/95
9,36,L9/95,L9/92
9,36,L9/92,L9/93
9,36,L9/93,L9/78
9,36,L9/78,L9/75
9,36,L9/75,L9/69
9,36,L9/69,L9/68
9,36,L9/68,L9/71
9,36,L9/71,L9/66
9,36,L9/66,L9/57
9,36,L9/57,L9/58
9,36,L9/58,L9/62
9,36,L9/62,L9/63
9,36,L9/63,L9/39
9,36,L9/39,L9/37
9,36,L9/37,L9/36
9,37,L9/766,L9/1022
9,37,L9/1022,L8/511
9,37,L8/511,L8/510
9,37,L8/510,L9/1020
9,37,L9/1020,L9/910
9,37,L9/910,L9/908
9,37,L9/908,L9/896
9,37,L9/896,L9/897
9,37,L9/897,L9/899
9,37,L9/899,L9/917
9,37,L9/917,L9/916
9,37,L9/916,L9/919
9,37,L9/919,L9/927
9,37,L9/927,L9/924
9,37,L9/924,L9/832
9,37,L9/832,L8/416
9,37,L8/416,L7/208
9,37,L7/208,L6/104
9,37,L6/104,L6/107
9,37,L6/107,L7/215
9,37,L7/215,L7/212
9,37,L7/212,L8/424
9,37,L8/424,L9/849
9,37,L9/849,L9/893
9,37,L9/893,L9/892
9,37,L9/892,L9/889
9,37,L9/889,L8/444
9,37,L8/444,L8/432
9,37,L8/432,L9/865
9,37,L9/865,L9/867
9,37,L9/867,L9/876
9,37,L9/876,L8/438
9,37,L8/438,L7/219
9,37,L7/219,L6/109
9,37,L6/109,L6/10
9,37,L6/10,L7/20
9,37,L7/20,L8/41
9,37,L8/41,L9/82
9,37,L9/82,L9/95
9,37,L9/95,L9/92
9,37,L9/92,L9/93
9,37,L9/93,L9/78
9,37,L9/78,L9/75
9,37,L9/75,L9/69
9,37,L9/69,L9/68
9,37,L9/68,L9/71
9,37,L9/71,L9/66
9,37,L9/66,L9/57
9,37,L9/57,L9/58
9,37,L9/58,L9/62
9,37,L9/62,L9/63
9,37,L9/63,L9/39
9,37,L9/39,L9/37
9,38,L9/766,L9/1022
9,38,L9/1022,L8/511
9,38,L8/511,L8/510
9,38,L8/510,L9/1020
9,38,L9/1020,L9/910
9,38,L9/910,L9/908
9,38,L9/908,L9/896
9,38,L9/896,L9/897
9,38,L9/897,L9/899
9,38,L9/899,L9/917
9,38,L9/917,L9/916
9,38,L9/916,L9/919
9,38,L9/919,L9/927
9,38,L9/927,L9/924
9,38,L9/924,L9/832
9,38,L9/832,L8/416
9,38,L8/416,L7/208
9,38,L7/208,L6/104
9,38,L6/104,L6/107
9,38,L6/107,L7/215
9,38,L7/215,L7/212
9,38,L7/212,L8/424
9,38,L8/424,L9/849
9,38,L9/849,L9/893
9,38,L9/893,L9/892
9,38,L9/892,L9/889
9,38,L9/889,L8/444
9,38,L8/444,L8/432
9,38,L8/432,L9/865
9,38,L9/865,L9/867
9,38,L9/867,L9/876
9,38,L9/876,L8/438
9,38,L8/438,L7/219
9,38,L7/219,L6/109
9,38,L6/109,L6/10
9,38,L6/10,L7/20
9,38,L7/20,L8/41
9,38,L8/41,L9/82
9,38,L9/82,L9/95
9,38,L9/95,L9/92
9,38,L9/92,L9/93
9,38,L9/93,L9/78
9,38,L9/78,L9/75
9,38,L9/75,L9/69
9,38,L9/69,L9/68
9,38,L9/68,L9/71
9,38,L9/71,L9/66
9,38,L9/66,L9/57
9,38,L9/57,L9/58
9,38,L9/58,L9/62
9,38,L9/62,L9/63
9,38,L9/63,L9/39
9,38,L9/39,L9/38
9,39,L9/766,L9/1022
9,39,L9/1022,L8/511
9,39,L8/511,L8/510
9,39,L8/510,L9/1020
9,39,L9/1020,L9/910
9,39,L9/910,L9/908
9,39,L9/908,L9/896
9,39,L9/896,L9/897
9,39,L9/897,L9/899
9,39,L9/899,L9/917
9,39,L9/917,L9/916
9,39,L9/916,L9/919
9,39,L9/919,L9/927
9,39,L9/927,L9/924
9,39,L9/924,L9/832
9,39,L9/832,L8/416
9,39,L8/416,L7/208
9,39,L7/208,L6/104
9,39,L6/104,L6/107
9,39,L6/107,L7/215
9,39,L7/215,L7/212
9,39,L7/212,L8/424
9,39,L8/424,L9/849
9,39,L9/849,L9/893
9,39,L9/893,L9/892
9,39,L9/892,L9/889
9,39,L9/889,L8/444
9,39,L8/444,L8/432
9,39,L8/432,L9/865
9,39,L9/865,L9/867
9,39,L9/867,L9/876
9,39,L9/876,L8/438
9,39,L8/438,L7/219
9,39,L7/219,L6/109
9,39,L6/109,L6/10
9,39,L6/10,L7/20
9,39,L7/20,L8/41
9,39,L8/41,L9/82
9,39,L9/82,L9/95
9,39,L9/95,L9/92
9,39,L9/92,L9/93
9,39,L9/93,L9/78
9,39,L9/78,L9/75
9,39,L9/75,L9/69
9,39,L9/69,L9/68
9,39,L9/68,L9/71
9,39,L9/71,L9/66
9,39,L9/66,L9/57
9,39,L9/57,L9/58
9,39,L9/58,L9/62
9,39,L9/62,L9/63
9,39,L9/63,L9/39
9,40,L9/766,L9/1022
9,40,L9/1022,L8/511
9,40,L8/511,L8/510
9,40,L8/510,L9/1020
9,40,L9/1020,L9/910
9,40,L9/910,L9/908
9,40,L9/908,L9/896
9,40,L9/896,L9/897
9,40,L9/897,L9/899
9,40,L9/899,L9/917
9,40,L9/917,L9/916
9,40,L9/916,L9/919
9,40,L9/919,L9/927
9,40,L9/927,L9/924
9,40,L9/924,L9/832
9,40,L9/832,L8/416
9,40,L8/416,L7/208
9,40,L7/208,L6/104
9,40,L6/104,L6/107
9,40,L6/107,L7/215
9,40,L7/215,L7/212
9,40,L7/212,L8/424
9,40,L8/424,L9/849
9,40,L9/849,L9/893
9,40,L9/893,L9/892
9,40,L9/892,L9/889
9,40,L9/889,L8/444
9,40,L8/444,L8/432
9,40,L8/432,L9/865
9,40,L9/865,L9/867
9,40,L9/867,L9/876
9,40,L9/876,L8/438
9,40,L8/438,L7/219
9,40,L7/219,L6/109
9,40,L6/109,L6/10
9,40,L6/10,L7/20
9,40,L7/20,L8/41
9,40,L8/41,L9/82
9,40,L9/82,L9/95
9,40,L9/95,L9/92
9,40,L9/92,L9/93
9,40,L9/93,L9/78
9,40,L9/78,L9/75
9,40,L9/75,L9/69
9,40,L9/69,L9/68
9,40,L9/68,L9/71
9,40,L9/71,L9/66
9,40,L9/66,L9/57
9,40,L9/57,L9/58
9,40,L9/58,L9/62
9,40,L9/62,L9/63
9,40,L9/63,L9/39
9,40,L9/39,L9/45
9,40,L9/45,L9/44
9,40,L9/44,L9/40
9,41,L9/766,L9/1022
9,41,L9/1022,L8/511
9,41,L8/511,L8/510
9,41,L8/510,L9/1020
9,41,L9/1020,L9/910
9,41,L9/910,L9/908
9,41,L9/908,L9/896
9,41,L9/896,L9/897
9,41,L9/897,L9/899
9,41,L9/899,L9/917
9,41,L9/917,L9/916
9,41,L9/916,L9/919
9,41,L9/919,L9/927
9,41,L9/927,L9/924
9,41,L9/924,L9/832
9,41,L9/832,L8/416
9,41,L8/416,L7/208
9,41,L7/208,L6/104
9,41,L6/104,L6/107
9,41,L6/107,L7/215
9,41,L7/215,L7/212
9,41,L7/212,L8/424
9,41,L8/424,L9/849
9,41,L9/849,L9/893
9,41,L9/893,L9/892
9,41,L9/892,L9/889
9,41,L9/889,L8/444
9,41,L8/444,L8/432
9,41,L8/432,L9/865
9,41,L9/865,L9/867
9,41,L9/867,L9/876
9,41,L9/876,L8/438
9,41,L8/438,L7/219
9,41,L7/219,L6/109
9,41,L6/109,L6/10
9,41,L6/10,L7/20
9,41,L7/20,L8/41
9,41,L8/41,L9/82
9,41,L9/82,L9/95
9,41,L9/95,L9/92
9,41,L9/92,L9/93
9,41,L9/93,L9/78
9,41,L9/78,L9/75
9,41,L9/75,L9/69
9,41,L9/69,L9/68
9,41,L9/68,L9/71
9,41,L9/71,L9/66
9,41,L9/66,L9/57
9,41,L9/57,L9/58
9,41,L9/58,L9/62
9,41,L9/62,L9/63
9,41,L9/63,L9/39
9,41,L9/39,L9/45
9,41,L9/45,L9/44
9,41,L9/44,L9/40
9,41,L9/40,L9/41
9,42,L9/766,L9/1022
9,42,L9/1022,L8/511
9,42,L8/511,L8/510
9,42,L8/510,L9/1020
9,42,L9/1020,L9/910
9,42,L9/910,L9/908
9,42,L9/908,L9/896
9,42,L9/896,L9/897
9,42,L9/897,L9/899
9,42,L9/899,L9/917
9,42,L9/917,L9/916
9,42,L9/916,L9/919
9,42,L9/919,L9/927
9,42,L9/927,L9/924
9,42,L9/924,L9/832
9,42,L9/832,L8/416
9,42,L8/416,L7/208
9,42,L7/208,L6/104
9,42,L6/104,L6/107
9,42,L6/107,L7/215
9,42,L7/215,L7/212
9,42,L7/212,L8/424
9,42,L8/424,L9/849
9,42,L9/849,L9/893
9,42,L9/893,L9/892
9,42,L9/892,L9/889
9,42,L9/889,L8/444
9,42,L8/444,L8/432
9,42,L8/432,L9/865
9,42,L9/865,L9/867
9,42,L9/867,L9/876
9,42,L9/876,L8/438
9,42,L8/438,L7/219
9,42,L7/219,L6/109
9,42,L6/109,L6/10
9,42,L6/10,L7/20
9,42,L7/20,L8/41
9,42,L8/41,L9/82
9,42,L9/82,L9/95
9,42,L9/95,L9/92
9,42,L9/92,L9/93
9,42,L9/93,L9/78
9,42,L9/78,L9/75
9,42,L9/75,L9/69
9,42,L9/69,L9/68
9,42,L9/68,L9/71
9,42,L9/71,L9/66
9,42,L9/66,L9/57
9,42,L9/57,L9/59
9,42,L9/59,L9/52
9,42,L9/52,L9/48
9,42,L9/48,L9/49
9,42,L9/49,L9/47
9,42,L9/47,L9/42
9,43,L9/766,L9/1022
9,43,L9/1022,L8/511
9,43,L8/511,L8/510
9,43,L8/510,L9/1020
9,43,L9/1020,L9/910
9,43,L9/910,L9/908
9,43,L9/908,L9/896
9,43,L9/896,L9/897
9,43,L9/897,L9/899
9,43,L9/899,L9/917
9,43,L9/917,L9/916
9,43,L9/916,L9/919
9,43,L9/919,L9/927
9,43,L9/927,L9/924
9,43,L9/924,L9/832
9,43,L9/832,L8/416
9,43,L8/416,L7/208
9,43,L7/208,L6/104
9,43,L6/104,L6/107
9,43,L6/107,L7/215
9,43,L7/215,L7/212
9,43,L7/212,L8/424
9,43,L8/424,L9/849
9,43,L9/849,L9/893
9,43,L9/893,L9/892
9,43,L9/892,L9/889
9,43,L9/889,L8/444
9,43,L8/444,L8/432
9,43,L8/432,L9/865
9,43,L9/865,L9/867
9,43,L9/867,L9/876
9,43,L9/876,L8/438
9,43,L8/438,L7/219
9,43,L7/219,L6/109
9,43,L6/109,L6/10
9,43,L6/10,L7/20
9,43,L7/20,L8/41
9,43,L8/41,L9/82
9,43,L9/82,L9/95
9,43,L9/95,L9/92
9,43,L9/92,L9/93
9,43,L9/93,L9/78
9,43,L9/78,L9/75
9,43,L9/75,L9/69
9,43,L9/69,L9/68
9,43,L9/68,L9/71
9,43,L9/71,L9/66
9,43,L9/66,L9/57
9,43,L9/57,L9/59
9,43,L9/59,L9/52
9,43,L9/52,L9/48
9,43,L9/48,L9/49
9,43,L9/49,L9/47
9,43,L9/47,L9/42
9,43,L9/42,L9/43
9,44,L9/766,L9/1022
9,44,L9/1022,L8/511
9,44,L8/511,L8/510
9,44,L8/510,L9/1020
9,44,L9/1020,L9/910
9,44,L9/910,L9/908
9,44,L9/908,L9/896
9,44,L9/896,L9/897
9,44,L9/897,L9/899
9,44,L9/899,L9/917
9,44,L9/917,L9/916
9,44,L9/916,L9/919
9,44,L9/919,L9/927
9,44,L9/927,L9/924
9,44,L9/924,L9/832
9,44,L9/832,L8/416
9,44,L8/416,L7/208
9,44,L7/208,L6/104
9,44,L6/104,L6/107
9,44,L6/107,L7/215
9,44,L7/215,L7/212
9,44,L7/212,L8/424
9,44,L8/424,L9/849
9,44,L9/849,L9/893
9,44,L9/893,L9/892
9,44,L9/892,L9/889
9,44,L9/889,L8/444
9,44,L8/444,L8/432
9,44,L8/432,L9/865
9,44,L9/865,L9/867
9,44,L9/867,L9/876
9,44,L9/876,L8/438
9,44,L8/438,L7/219
9,44,L7/219,L6/109
9,44,L6/109,L6/10
9,44,L6/10,L7/20
9,44,L7/20,L8/41
9,44,L8/41,L9/82
9,44,L9/82,L9/95
9,44,L9/95,L9/92
9,44,L9/92,L9/93
9,44,L9/93,L9/78
9,44,L9/78,L9/75
9,44,L9/75,L9/69
9,44,L9/69,L9/68
9,44,L9/68,L9/71
9,44,L9/71,L9/66
9,44,L9/66,L9/57
9,44,L9/57,L9/58
9,44,L9/58,L9/62
9,44,L9/62,L9/63
9,44,L9/63,L9/39
9,44,L9/39,L9/45
9,44,L9/45,L9/44
9,45,L9/766,L9/1022
9,45,L9/1022,L8/511
9,45,L8/511,L8/510
9,45,L8/510,L9/1020
9,45,L9/1020,L9/910
9,45,L9/910,L9/908
9,45,L9/908,L9/896
9,45,L9/896,L9/897
9,45,L9/897,L9/899
9,45,L9/899,L9/917
9,45,L9/917,L9/916
9,45,L9/916,L9/919
9,45,L9/919,L9/927
9,45,L9/927,L9/924
9,45,L9/924,L9/832
9,45,L9/832,L8/416
9,45,L8/416,L7/208
9,45,L7/208,L6/104
9,45,L6/104,L6/107
9,45,L6/107,L7/215
9,45,L7/215,L7/212
9,45,L7/212,L8/424
9,45,L8/424,L9/849
9,45,L9/849,L9/893
9,45,L9/893,L9/892
9,45,L9/892,L9/889
9,45,L9/889,L8/444
9,45,L8/444,L8/432
9,45,L8/432,L9/865
9,45,L9/865,L9/867
9,45,L9/867,L9/876
9,45,L9/876,L8/438
9,45,L8/438,L7/219
9,45,L7/219,L6/109
9,45,L6/109,L6/10
9,45,L6/10,L7/20
9,45,L7/20,L8/41
9,45,L8/41,L9/82
9,45,L9/82,L9/95
9,45,L9/95,L9/92
9,45,L9/92,L9/93
9,45,L9/93,L9/78
9,45,L9/78,L9/75
9,45,L9/75,L9/69
9,45,L9/69,L9/68
9,45,L9/68,L9/71
9,45,L9/71,L9/66
9,45,L9/66,L9/57
9,45,L9/57,L9/58
9,45,L9/58,L9/62
9,45,L9/62,L9/63
9,45,L9/63,L9/39
9,45,L9/39,L9/45
9,46,L9/766,L9/1022
9,46,L9/1022,L8/511
9,46,L8/511,L8/510
9,46,L8/510,L9/1020
9,46,L9/1020,L9/910
9,46,L9/910,L9/908
9,46,L9/908,L9/896
9,46,L9/896,L9/897
9,46,L9/897,L9/899
9,46,L9/899,L9/917
9,46,L9/917,L9/916
9,46,L9/916,L9/919
9,46,L9/919,L9/927
9,46,L9/927,L9/924
9,46,L9/924,L9/832
9,46,L9/832,L8/416
9,46,L8/416,L7/208
9,46,L7/208,L6/104
9,46,L6/104,L6/107
9,46,L6/107,L7/215
9,46,L7/215,L7/212
9,46,L7/212,L8/424
9,46,L8/424,L9/849
9,46,L9/849,L9/893
9,46,L9/893,L9/892
9,46,L9/892,L9/889
9,46,L9/889,L8/444
9,46,L8/444,L8/432
9,46,L8/432,L9/865
9,46,L9/865,L9/867
9,46,L9/867,L9/876
9,46,L9/876,L8/438
9,46,L8/438,L7/219
9,46,L7/219,L6/109
9,46,L6/109,L6/10
9,46,L6/10,L7/20
9,46,L7/20,L8/41
9,46,L8/41,L9/82
9,46,L9/82,L9/95
9,46,L9/95,L9/92
9,46,L9/92,L9/93
9,46,L9/93,L9/78
9,46,L9/78,L9/75
9,46,L9/75,L9/69
9,46,L9/69,L9/68
9,46,L9/68,L9/71
9,46,L9/71,L9/66
9,46,L9/66,L9/57
9,46,L9/57,L9/59
9,46,L9/59,L9/52
9,46,L9/52,L9/48
9,46,L9/48,L9/49
9,46,L9/49,L9/46
9,47,L9/766,L9/1022
9,47,L9/1022,L8/511
9,47,L8/511,L8/510
9,47,L8/510,L9/1020
9,47,L9/1020,L9/910
9,47,L9/910,L9/908
9,47,L9/908,L9/896
9,47,L9/896,L9/897
9,47,L9/897,L9/899
9,47,L9/899,L9/917
9,47,L9/917,L9/916
9,47,L9/916,L9/919
9,47,L9/919,L9/927
9,47,L9/927,L9/924
9,47,L9/924,L9/832
9,47,L9/832,L8/416
9,47,L8/416,L7/208
9,47,L7/208,L6/104
9,47,L6/104,L6/107
9,47,L6/107,L7/215
9,47,L7/215,L7/212
9,47,L7/212,L8/424
9,47,L8/424,L9/849
9,47,L9/849,L9/893
9,47,L9/893,L9/892
9,47,L9/892,L9/889
9,47,L9/889,L8/444
9,47,L8/444,L8/432
9,47,L8/432,L9/865
9,47,L9/865,L9/867
9,47,L9/867,L9/876
9,47,L9/876,L8/438
9,47,L8/438,L7/219
9,47,L7/219,L6/109
9,47,L6/109,L6/10
9,47,L6/10,L7/20
9,47,L7/20,L8/41
9,47,L8/41,L9/82
9,47,L9/82,L9/95
9,47,L9/95,L9/92
9,47,L9/92,L9/93
9,47,L9/93,L9/78
9,47,L9/78,L9/75
9,47,L9/75,L9/69
9,47,L9/69,L9/68
9,47,L9/68,L9/71
9,47,L9/71,L9/66
9,47,L9/66,L9/57
9,47,L9/57,L9/59
9,47,L9/59,L9/52
9,47,L9/52,L9/48
9,47,L9/48,L9/49
9,47,L9/49,L9/47
9,48,L9/766,L9/1022
9,48,L9/1022,L8/511
9,48,L8/511,L8/510
9,48,L8/510,L9/1020
9,48,L9/1020,L9/910
9,48,L9/910,L9/908
9,48,L9/908,L9/896
9,48,L9/896,L9/897
9,48,L9/897,L9/899
9,48,L9/899,L9/917
9,48,L9/917,L9/916
9,48,L9/916,L9/919
9,48,L9/919,L9/927
9,48,L9/927,L9/924
9,48,L9/924,L9/832
9,48,L9/832,L8/416
9,48,L8/416,L7/208
9,48,L7/208,L6/104
9,48,L6/104,L6/107
9,48,L6/107,L7/215
9,48,L7/215,L7/212
9,48,L7/212,L8/424
9,48,L8/424,L9/849
9,48,L9/849,L9/893
9,48,L9/893,L9/892
9,48,L9/892,L9/889
9,48,L9/889,L8/444
9,48,L8/444,L8/432
9,48,L8/432,L9/865
9,48,L9/865,L9/867
9,48,L9/867,L9/876
9,48,L9/876,L8/438
9,48,L8/438,L7/219
9,48,L7/219,L6/109
9,48,L6/109,L6/10
9,48,L6/10,L7/20
9,48,L7/20,L8/41
9,48,L8/41,L9/82
9,48,L9/82,L9/95
9,48,L9/95,L9/92
9,48,L9/92,L9/93
9,48,L9/93,L9/78
9,48,L9/78,L9/75
9,48,L9/75,L9/69
9,48,L9/69,L9/68
9,48,L9/68,L9/71
9,48,L9/71,L9/66
9,48,L9/66,L9/57
9,48,L9/57,L9/59
9,48,L9/59,L9/52
9,48,L9/52,L9/48
9,49,L9/766,L9/1022
9,49,L9/1022,L8/511
9,49,L8/511,L8/510
9,49,L8/510,L9/1020
9,49,L9/1020,L9/910
9,49,L9/910,L9/908
9,49,L9/908,L9/896
9,49,L9/896,L9/897
9,49,L9/897,L9/899
9,49,L9/899,L9/917
9,49,L9/917,L9/916
9,49,L9/916,L9/919
9,49,L9/919,L9/927
9,49,L9/927,L9/924
9,49,L9/924,L9/832
9,49,L9/832,L8/416
9,49,L8/416,L7/208
9,49,L7/208,L6/104
9,49,L6/104,L6/107
9,49,L6/107,L7/215
9,49,L7/215,L7/212
9,49,L7/212,L8/424
9,49,L8/424,L9/849
9,49,L9/849,L9/893
9,49,L9/893,L9/892
9,49,L9/892,L9/889
9,49,L9/889,L8/444
9,49,L8/444,L8/432
9,49,L8/432,L9/865
9,49,L9/865,L9/867
9,49,L9/867,L9/876
9,49,L9/876,L8/438
9,49,L8/438,L7/219
9,49,L7/219,L6/109
9,49,L6/109,L6/10
9,49,L6/10,L7/20
9,49,L7/20,L8/41
9,49,L8/41,L9/82
9,49,L9/82,L9/95
9,49,L9/95,L9/92
9,49,L9/92,L9/93
9,49,L9/93,L9/78
9,49,L9/78,L9/75
9,49,L9/75,L9/69
9,49,L9/69,L9/68
9,49,L9/68,L9/71
9,49,L9/71,L9/66
9,49,L9/66,L9/57
9,49,L9/57,L9/59
9,49,L9/59,L9/52
9,49,L9/52,L9/48
9,49,L9/48,L9/49
9,50,L9/766,L9/1022
9,50,L9/1022,L8/511
9,50,L8/511,L8/510
9,50,L8/510,L9/1020
9,50,L9/1020,L9/910
9,50,L9/910,L9/908
9,50,L9/908,L9/896
9,50,L9/896,L9/897
9,50,L9/897,L9/899
9,50,L9/899,L9/917
9,50,L9/917,L9/916
9,50,L9/916,L9/919
9,50,L9/919,L9/927
9,50,L9/927,L9/924
9,50,L9/924,L9/832
9,50,L9/832,L8/416
9,50,L8/416,L7/208
9,50,L7/208,L6/104
9,50,L6/104,L6/107
9,50,L6/107,L7/215
9,50,L7/215,L7/212
9,50,L7/212,L8/424
9,50,L8/424,L9/849
9,50,L9/849,L9/893
9,50,L9/893,L9/892
9,50,L9/892,L9/889
9,50,L9/889,L8/444
9,50,L8/444,L8/432
9,50,L8/432,L9/865
9,50,L9/865,L9/867
9,50,L9/867,L9/876
9,50,L9/876,L8/438
9,50,L8/438,L7/219
9,50,L7/219,L6/109
9,50,L6/109,L6/10
9,50,L6/10,L7/20
9,50,L7/20,L8/41
9,50,L8/41,L9/82
9,50,L9/82,L9/95
9,50,L9/95,L9/92
9,50,L9/92,L9/93
9,50,L9/93,L9/78
9,50,L9/78,L9/75
9,50,L9/75,L9/69
9,50,L9/69,L9/68
9,50,L9/68,L9/71
9,50,L9/71,L9/66
9,50,L9/66,L9/57
9,50,L9/57,L9/59
9,50,L9/59,L9/52
9,50,L9/52,L9/51
9,50,L9/51,L9/50
9,51,L9/766,L9/1022
9,51,L9/1022,L8/511
9,51,L8/511,L8/510
9,51,L8/510,L9/1020
9,51,L9/1020,L9/910
9,51,L9/910,L9/908
9,51,L9/908,L9/896
9,51,L9/896,L9/897
9,51,L9/897,L9/899
9,51,L9/899,L9/917
9,51,L9/917,L9/916
9,51,L9/916,L9/919
9,51,L9/919,L9/927
9,51,L9/927,L9/924
9,51,L9/924,L9/832
9,51,L9/832,L8/416
9,51,L8/416,L7/208
9,51,L7/208,L6/104
9,51,L6/104,L6/107
9,51,L6/107,L7/215
9,51,L7/215,L7/212
9,51,L7/212,L8/424
9,51,L8/424,L9/849
9,51,L9/849,L9/893
9,51,L9/893,L9/892
9,51,L9/892,L9/889
9,51,L9/889,L8/444
9,51,L8/444,L8/432
9,51,L8/432,L9/865
9,51,L9/865,L9/867
9,51,L9/867,L9/876
9,51,L9/876,L8/438
9,51,L8/438,L7/219
9,51,L7/219,L6/109
9,51,L6/109,L6/10
9,51,L6/10,L7/20
9,51,L7/20,L8/41
9,51,L8/41,L9/82
9,51,L9/82,L9/95
9,51,L9/95,L9/92
9,51,L9/92,L9/93
9,51,L9/93,L9/78
9,51,L9/78,L9/75
9,51,L9/75,L9/69
9,51,L9/69,L9/68
9,51,L9/68,L9/71
9,51,L9/71,L9/66
9,51,L9/66,L9/57
9,51,L9/57,L9/59
9,51,L9/59,L9/52
9,51,L9/52,L9/51
9,52,L9/766,L9/1022
9,52,L9/1022,L8/511
9,52,L8/511,L8/510
9,52,L8/510,L9/1020
9,52,L9/1020,L9/910
9,52,L9/910,L9/908
9,52,L9/908,L9/896
9,52,L9/896,L9/897
9,52,L9/897,L9/899
9,52,L9/899,L9/917
9,52,L9/917,L9/916
9,52,L9/916,L9/919
9,52,L9/919,L9/927
9,52,L9/927,L9/924
9,52,L9/924,L9/832
9,52,L9/832,L8/416
9,52,L8/416,L7/208
9,52,L7/208,L6/104
9,52,L6/104,L6/107
9,52,L6/107,L7/215
9,52,L7/215,L7/212
9,52,L7/212,L8/424
9,52,L8/424,L9/849
9,52,L9/849,L9/893
9,52,L9/893,L9/892
9,52,L9/892,L9/889
9,52,L9/889,L8/444
9,52,L8/444,L8/432
9,52,L8/432,L9/865
9,52,L9/865,L9/867
9,52,L9/867,L9/876
9,52,L9/876,L8/438
9,52,L8/438,L7/219
9,52,L7/219,L6/109
9,52,L6/109,L6/10
9,52,L6/10,L7/20
9,52,L7/20,L8/41
9,52,L8/41,L9/82
9,52,L9/82,L9/95
9,52,L9/95,L9/92
9,52,L9/92,L9/93
9,52,L9/93,L9/78
9,52,L9/78,L9/75
9,52,L9/75,L9/69
9,52,L9/69,L9/68
9,52,L9/68,L9/71
9,52,L9/71,L9/66
9,52,L9/66,L9/57
9,52,L9/57,L9/59
9,52,L9/59,L9/52
9,53,L9/766,L9/1022
9,53,L9/1022,L8/511
9,53,L8/511,L8/510
9,53,L8/510,L9/1020
9,53,L9/1020,L9/910
9,53,L9/910,L9/908
9,53,L9/908,L9/896
9,53,L9/896,L9/897
9,53,L9/897,L9/899
9,53,L9/899,L9/917
9,53,L9/917,L9/916
9,53,L9/916,L9/919
9,53,L9/919,L9/927
9,53,L9/927,L9/924
9,53,L9/924,L9/832
9,53,L9/832,L8/416
9,53,L8/416,L7/208
9,53,L7/208,L6/104
9,53,L6/104,L6/107
9,53,L6/107,L7/215
9,53,L7/215,L7/212
9,53,L7/212,L8/424
9,53,L8/424,L9/849
9,53,L9/849,L9/893
9,53,L9/893,L9/892
9,53,L9/892,L9/889
9,53,L9/889,L8/444
9,53,L8/444,L8/432
9,53,L8/432,L9/865
9,53,L9/865,L9/867
9,53,L9/867,L9/876
9,53,L9/876,L8/438
9,53,L8/438,L7/219
9,53,L7/219,L6/109
9,53,L6/109,L6/10
9,53,L6/10,L7/20
9,53,L7/20,L8/41
9,53,L8/41,L9/82
9,53,L9/82,L9/95
9,53,L9/95,L9/92
9,53,L9/92,L9/93
9,53,L9/93,L9/78
9,53,L9/78,L9/75
9,53,L9/75,L9/69
9,53,L9/69,L9/68
9,53,L9/68,L9/71
9,53,L9/71,L9/66
9,53,L9/66,L9/57
9,53,L9/57,L9/59
9,53,L9/59,L9/53
9,54,L9/766,L9/1022
9,54,L9/1022,L8/511
9,54,L8/511,L8/510
9,54,L8/510,L9/1020
9,54,L9/1020,L9/910
9,54,L9/910,L9/908
9,54,L9/908,L9/896
9,54,L9/896,L9/897
9,54,L9/897,L9/899
9,54,L9/899,L9/917
9,54,L9/917,L9/916
9,54,L9/916,L9/919
9,54,L9/919,L9/927
9,54,L9/927,L9/924
9,54,L9/924,L9/832
9,54,L9/832,L8/416
9,54,L8/416,L7/208
9,54,L7/208,L6/104
9,54,L6/104,L6/107
9,54,L6/107,L7/215
9,54,L7/215,L7/212
9,54,L7/212,L8/424
9,54,L8/424,L9/849
9,54,L9/849,L9/893
9,54,L9/893,L9/892
9,54,L9/892,L9/889
9,54,L9/889,L8/444
9,54,L8/444,L8/432
9,54,L8/432,L9/865
9,54,L9/865,L9/867
9,54,L9/867,L9/876
9,54,L9/876,L8/438
9,54,L8/438,L7/219
9,54,L7/219,L6/109
9,54,L6/109,L6/10
9,54,L6/10,L7/20
9,54,L7/20,L8/41
9,54,L8/41,L9/82
9,54,L9/82,L9/95
9,54,L9/95,L9/92
9,54,L9/92,L9/93
9,54,L9/93,L9/78
9,54,L9/78,L9/75
9,54,L9/75,L9/69
9,54,L9/69,L9/68
9,54,L9/68,L9/71
9,54,L9/71,L9/66
9,54,L9/66,L9/57
9,54,L9/57,L9/59
9,54,L9/59,L9/53
9,54,L9/53,L9/54
9,55,L9/766,L9/1022
9,55,L9/1022,L8/511
9,55,L8/511,L8/510
9,55,L8/510,L9/1020
9,55,L9/1020,L9/910
9,55,L9/910,L9/908
9,55,L9/908,L9/896
9,55,L9/896,L9/897
9,55,L9/897,L9/899
9,55,L9/899,L9/917
9,55,L9/917,L9/916
9,55,L9/916,L9/919
9,55,L9/919,L9/927
9,55,L9/927,L9/924
9,55,L9/924,L9/832
9,55,L9/832,L8/416
9,55,L8/416,L7/208
9,55,L7/208,L6/104
9,55,L6/104,L6/107
9,55,L6/107,L7/215
9,55,L7/215,L7/212
9,55,L7/212,L8/424
9,55,L8/424,L9/849
9,55,L9/849,L9/893
9,55,L9/893,L9/892
9,55,L9/892,L9/889
9,55,L9/889,L8/444
9,55,L8/444,L8/432
9,55,L8/432,L9/865
9,55,L9/865,L9/867
9,55,L9/867,L9/876
9,55,L9/876,L8/438
9,55,L8/438,L7/219
9,55,L7/219,L6/109
9,55,L6/109,L6/10
9,55,L6/10,L7/20
9,55,L7/20,L8/41
9,55,L8/41,L9/82
9,55,L9/82,L9/95
9,55,L9/95,L9/92
9,55,L9/92,L9/93
9,55,L9/93,L9/78
9,55,L9/78,L9/75
9,55,L9/75,L9/69
9,55,L9/69,L9/68
9,55,L9/68,L9/71
9,55,L9/71,L9/66
9,55,L9/66,L9/57
9,55,L9/57,L9/59
9,55,L9/59,L9/53
9,55,L9/53,L9/55
9,56,L9/766,L9/1022
9,56,L9/1022,L8/511
9,56,L8/511,L8/510
9,56,L8/510,L9/1020
9,56,L9/1020,L9/910
9,56,L9/910,L9/908
9,56,L9/908,L9/896
9,56,L9/896,L9/897
9,56,L9/897,L9/899
9,56,L9/899,L9/917
9,56,L9/917,L9/916
9,56,L9/916,L9/919
9,56,L9/919,L9/927
9,56,L9/927,L9/924
9,56,L9/924,L9/832
9,56,L9/832,L8/416
9,56,L8/416,L7/208
9,56,L7/208,L6/104
9,56,L6/104,L6/107
9,56,L6/107,L7/215
9,56,L7/215,L7/212
9,56,L7/212,L8/424
9,56,L8/424,L9/849
9,56,L9/849,L9/893
9,56,L9/893,L9/892
9,56,L9/892,L9/889
9,56,L9/889,L8/444
9,56,L8/444,L8/432
9,56,L8/432,L9/865
9,56,L9/865,L9/867
9,56,L9/867,L9/876
9,56,L9/876,L8/438
9,56,L8/438,L7/219
9,56,L7/219,L6/109
9,56,L6/109,L6/10
9,56,L6/10,L7/20
9,56,L7/20,L8/41
9,56,L8/41,L9/82
9,56,L9/82,L9/95
9,56,L9/95,L9/92
9,56,L9/92,L9/93
9,56,L9/93,L9/78
9,56,L9/78,L9/75
9,56,L9/75,L9/69
9,56,L9/69,L9/68
9,56,L9/68,L9/71
9,56,L9/71,L9/66
9,56,L9/66,L9/57
9,56,L9/57,L9/56
9,57,L9/766,L9/1022
9,57,L9/1022,L8/511
9,57,L8/511,L8/510
9,57,L8/510,L9/1020
9,57,L9/1020,L9/910
9,57,L9/910,L9/908
9,57,L9/908,L9/896
9,57,L9/896,L9/897
9,57,L9/897,L9/899
9,57,L9/899,L9/917
9,57,L9/917,L9/916
9,57,L9/916,L9/919
9,57,L9/919,L9/927
9,57,L9/927,L9/924
9,57,L9/924,L9/832
9,57,L9/832,L8/416
9,57,L8/416,L7/208
9,57,L7/208,L6/104
9,57,L6/104,L6/107
9,57,L6/107,L7/215
9,57,L7/215,L7/212
9,57,L7/212,L8/424
9,57,L8/424,L9/849
9,57,L9/849,L9/893
9,57,L9/893,L9/892
9,57,L9/892,L9/889
9,57,L9/889,L8/444
9,57,L8/444,L8/432
9,57,L8/432,L9/865
9,57,L9/865,L9/867
9,57,L9/867,L9/876
9,57,L9/876,L8/438
9,57,L8/438,L7/219
9,57,L7/219,L6/109
9,57,L6/109,L6/10
9,57,L6/10,L7/20
9,57,L7/20,L8/41
9,57,L8/41,L9/82
9,57,L9/82,L9/95
9,57,L9/95,L9/92
9,57,L9/92,L9/93
9,57,L9/93,L9/78
9,57,L9/78,L9/75
9,57,L9/75,L9/69
9,57,L9/69,L9/68
9,57,L9/68,L9/71
9,57,L9/71,L9/66
9,57,L9/66,L9/57
9,58,L9/766,L9/1022
9,58,L9/1022,L8/511
9,58,L8/511,L8/510
9,58,L8/510,L9/1020
9,58,L9/1020,L9/910
9,58,L9/910,L9/908
9,58,L9/908,L9/896
9,58,L9/896,L9/897
9,58,L9/897,L9/899
9,58,L9/899,L9/917
9,58,L9/917,L9/916
9,58,L9/916,L9/919
9,58,L9/919,L9/927
9,58,L9/927,L9/924
9,58,L9/924,L9/832
9,58,L9/832,L8/416
9,58,L8/416,L7/208
9,58,L7/208,L6/104
9,58,L6/104,L6/107
9,58,L6/107,L7/215
9,58,L7/215,L7/212
9,58,L7/212,L8/424
9,58,L8/424,L9/849
9,58,L9/849,L9/893
9,58,L9/893,L9/892
9,58,L9/892,L9/889
9,58,L9/889,L8/444
9,58,L8/444,L8/432
9,58,L8/432,L9/865
9,58,L9/865,L9/867
9,58,L9/867,L9/876
9,58,L9/876,L8/438
9,58,L8/438,L7/219
9,58,L7/219,L6/109
9,58,L6/109,L6/10
9,58,L6/10,L7/20
9,58,L7/20,L8/41
9,58,L8/41,L9/82
9,58,L9/82,L9/95
9,58,L9/95,L9/92
9,58,L9/92,L9/93
9,58,L9/93,L9/78
9,58,L9/78,L9/75
9,58,L9/75,L9/69
9,58,L9/69,L9/68
9,58,L9/68,L9/71
9,58,L9/71,L9/66
9,58,L9/66,L9/57
9,58,L9/57,L9/58
9,59,L9/766,L9/1022
9,59,L9/1022,L8/511
9,59,L8/511,L8/510
9,59,L8/510,L9/1020
9,59,L9/1020,L9/910
9,59,L9/910,L9/908
9,59,L9/908,L9/896
9,59,L9/896,L9/897
9,59,L9/897,L9/899
9,59,L9/899,L9/917
9,59,L9/917,L9/916
9,59,L9/916,L9/919
9,59,L9/919,L9/927
9,59,L9/927,L9/924
9,59,L9/924,L9/832
9,59,L9/832,L8/416
9,59,L8/416,L7/208
9,59,L7/208,L6/104
9,59,L6/104,L6/107
9,59,L6/107,L7/215
9,59,L7/215,L7/212
9,59,L7/212,L8/424
9,59,L8/424,L9/849
9,59,L9/849,L9/893
9,59,L9/893,L9/892
9,59,L9/892,L9/889
9,59,L9/889,L8/444
9,59,L8/444,L8/432
9,59,L8/432,L9/865
9,59,L9/865,L9/867
9,59,L9/867,L9/876
9,59,L9/876,L8/438
9,59,L8/438,L7/219
9,59,L7/219,L6/109
9,59,L6/109,L6/10
9,59,L6/10,L7/20
9,59,L7/20,L8/41
9,59,L8/41,L9/82
9,59,L9/82,L9/95
9,59,L9/95,L9/92
9,59,L9/92,L9/93
9,59,L9/93,L9/78
9,59,L9/78,L9/75
9,59,L9/75,L9/69
9,59,L9/69,L9/68
9,59,L9/68,L9/71
9,59,L9/71,L9/66
9,59,L9/66,L9/57
9,59,L9/57,L9/59
9,60,L9/766,L9/1022
9,60,L9/1022,L8/511
9,60,L8/511,L8/510
9,60,L8/510,L9/1020
9,60,L9/1020,L9/910
9,60,L9/910,L9/908
9,60,L9/908,L9/896
9,60,L9/896,L9/897
9,60,L9/897,L9/899
9,60,L9/899,L9/917
9,60,L9/917,L9/916
9,60,L9/916,L9/919
9,60,L9/919,L9/927
9,60,L9/927,L9/924
9,60,L9/924,L9/832
9,60,L9/832,L8/416
9,60,L8/416,L7/208
9,60,L7/208,L6/104
9,60,L6/104,L6/107
9,60,L6/107,L7/215
9,60,L7/215,L7/212
9,60,L7/212,L8/424
9,60,L8/424,L9/849
9,60,L9/849,L9/893
9,60,L9/893,L9/892
9,60,L9/892,L9/889
9,60,L9/889,L8/444
9,60,L8/444,L8/432
9,60,L8/432,L9/865
9,60,L9/865,L9/867
9,60,L9/867,L9/876
9,60,L9/876,L8/438
9,60,L8/438,L7/219
9,60,L7/219,L6/109
9,60,L6/109,L6/10
9,60,L6/10,L7/20
9,60,L7/20,L8/41
9,60,L8/41,L9/82
9,60,L9/82,L9/95
9,60,L9/95,L9/92
9,60,L9/92,L9/93
9,60,L9/93,L9/78
9,60,L9/78,L9/75
9,60,L9/75,L9/69
9,60,L9/69,L9/68
9,60,L9/68,L9/71
9,60,L9/71,L9/66
9,60,L9/66,L9/57
9,60,L9/57,L9/58
9,60,L9/58,L9/60
9,61,L9/766,L9/1022
9,61,L9/1022,L8/511
9,61,L8/511,L8/510
9,61,L8/510,L9/1020
9,61,L9/1020,L9/910
9,61,L9/910,L9/908
9,61,L9/908,L9/896
9,61,L9/896,L9/897
9,61,L9/897,L9/899
9,61,L9/899,L9/917
9,61,L9/917,L9/916
9,61,L9/916,L9/919
9,61,L9/919,L9/927
9,61,L9/927,L9/924
9,61,L9/924,L9/832
9,61,L9/832,L8/416
9,61,L8/416,L7/208
9,61,L7/208,L6/104
9,61,L6/104,L6/107
9,61,L6/107,L7/215
9,61,L7/215,L7/212
9,61,L7/212,L8/424
9,61,L8/424,L9/849
9,61,L9/849,L9/893
9,61,L9/893,L9/892
9,61,L9/892,L9/889
9,61,L9/889,L8/444
9,61,L8/444,L8/432
9,61,L8/432,L9/865
9,61,L9/865,L9/867
9,61,L9/867,L9/876
9,61,L9/876,L8/438
9,61,L8/438,L7/219
9,61,L7/219,L6/109
9,61,L6/109,L6/10
9,61,L6/10,L7/20
9,61,L7/20,L8/41
9,61,L8/41,L9/82
9,61,L9/82,L9/95
9,61,L9/95,L9/92
9,61,L9/92,L9/93
9,61,L9/93,L9/78
9,61,L9/78,L9/75
9,61,L9/75,L9/69
9,61,L9/69,L9/68
9,61,L9/68,L9/71
9,61,L9/71,L9/66
9,61,L9/66,L9/57
9,61,L9/57,L9/58
9,61,L9/58,L9/60
9,61,L9/60,L9/61
9,62,L9/766,L9/1022
9,62,L9/1022,L8/511
9,62,L8/511,L8/510
9,62,L8/510,L9/1020
9,62,L9/1020,L9/910
9,62,L9/910,L9/908
9,62,L9/908,L9/896
9,62,L9/896,L9/897
9,62,L9/897,L9/899
9,62,L9/899,L9/917
9,62,L9/917,L9/916
9,62,L9/916,L9/919
9,62,L9/919,L9/927
9,62,L9/927,L9/924
9,62,L9/924,L9/832
9,62,L9/832,L8/416
9,62,L8/416,L7/208
9,62,L7/208,L6/104
9,62,L6/104,L6/107
9,62,L6/107,L7/215
9,62,L7/215,L7/212
9,62,L7/212,L8/424
9,62,L8/424,L9/849
9,62,L9/849,L9/893
9,62,L9/893,L9/892
9,62,L9/892,L9/889
9,62,L9/889,L8/444
9,62,L8/444,L8/432
9,62,L8/432,L9/865
9,62,L9/865,L9/867
9,62,L9/867,L9/876
9,62,L9/876,L8/438
9,62,L8/438,L7/219
9,62,L7/219,L6/109
9,62,L6/109,L6/10
9,62,L6/10,L7/20
9,62,L7/20,L8/41
9,62,L8/41,L9/82
9,62,L9/82,L9/95
9,62,L9/95,L9/92
9,62,L9/92,L9/93
9,62,L9/93,L9/78
9,62,L9/78,L9/75
9,62,L9/75,L9/69
9,62,L9/69,L9/68
9,62,L9/68,L9/71
9,62,L9/71,L9/66
9,62,L9/66,L9/57
9,62,L9/57,L9/58
9,62,L9/58,L9/62
9,63,L9/766,L9/1022
9,63,L9/1022,L8/511
9,63,L8/511,L8/510
9,63,L8/510,L9/1020
9,63,L9/1020,L9/910
9,63,L9/910,L9/908
9,63,L9/908,L9/896
9,63,L9/896,L9/897
9,63,L9/897,L9/899
9,63,L9/899,L9/917
9,63,L9/917,L9/916
9,63,L9/916,L9/919
9,63,L9/919,L9/927
9,63,L9/927,L9/924
9,63,L9/924,L9/832
9,63,L9/832,L8/416
9,63,L8/416,L7/208
9,63,L7/208,L6/104
9,63,L6/104,L6/107
9,63,L6/107,L7/215
9,63,L7/215,L7/212
9,63,L7/212,L8/424
9,63,L8/424,L9/849
9,63,L9/849,L9/893
9,63,L9/893,L9/892
9,63,L9/892,L9/889
9,63,L9/889,L8/444
9,63,L8/444,L8/432
9,63,L8/432,L9/865
9,63,L9/865,L9/867
9,63,L9/867,L9/876
9,63,L9/876,L8/438
9,63,L8/438,L7/219
9,63,L7/219,L6/109
9,63,L6/109,L6/10
9,63,L6/10,L7/20
9,63,L7/20,L8/41
9,63,L8/41,L9/82
9,63,L9/82,L9/95
9,63,L9/95,L9/92
9,63,L9/92,L9/93
9,63,L9/93,L9/78
9,63,L9/78,L9/75
9,63,L9/75,L9/69
9,63,L9/69,L9/68
9,63,L9/68,L9/71
9,63,L9/71,L9/66
9,63,L9/66,L9/57
9,63,L9/57,L9/58
9,63,L9/58,L9/62
9,63,L9/62,L9/63
9,64,L9/766,L9/1022
9,64,L9/1022,L8/511
9,64,L8/511,L8/510
9,64,L8/510,L9/1020
9,64,L9/1020,L9/910
9,64,L9/910,L9/908
9,64,L9/908,L9/896
9,64,L9/896,L9/897
9,64,L9/897,L9/899
9,64,L9/899,L9/917
9,64,L9/917,L9/916
9,64,L9/916,L9/919
9,64,L9/919,L9/927
9,64,L9/927,L9/924
9,64,L9/924,L9/832
9,64,L9/832,L8/416
9,64,L8/416,L7/208
9,64,L7/208,L6/104
9,64,L6/104,L6/107
9,64,L6/107,L7/215
9,64,L7/215,L7/212
9,64,L7/212,L8/424
9,64,L8/424,L9/849
9,64,L9/849,L9/893
9,64,L9/893,L9/892
9,64,L9/892,L9/889
9,64,L9/889,L8/444
9,64,L8/444,L8/432
9,64,L8/432,L9/865
9,64,L9/865,L9/867
9,64,L9/867,L9/876
9,64,L9/876,L8/438
9,64,L8/438,L7/219
9,64,L7/219,L6/109
9,64,L6/109,L6/10
9,64,L6/10,L7/20
9,64,L7/20,L8/41
9,64,L8/41,L9/82
9,64,L9/82,L9/95
9,64,L9/95,L9/92
9,64,L9/92,L9/93
9,64,L9/93,L9/78
9,64,L9/78,L9/75
9,64,L9/75,L9/74
9,64,L9/74,L9/73
9,64,L9/73,L9/64
9,65,L9/766,L9/1022
9,65,L9/1022,L8/511
9,65,L8/511,L8/510
9,65,L8/510,L9/1020
9,65,L9/1020,L9/910
9,65,L9/910,L9/908
9,65,L9/908,L9/896
9,65,L9/896,L9/897
9,65,L9/897,L9/899
9,65,L9/899,L9/917
9,65,L9/917,L9/916
9,65,L9/916,L9/919
9,65,L9/919,L9/927
9,65,L9/927,L9/924
9,65,L9/924,L9/832
9,65,L9/832,L8/416
9,65,L8/416,L7/208
9,65,L7/208,L6/104
9,65,L6/104,L6/107
9,65,L6/107,L7/215
9,65,L7/215,L7/212
9,65,L7/212,L8/424
9,65,L8/424,L9/849
9,65,L9/849,L9/893
9,65,L9/893,L9/892
9,65,L9/892,L9/889
9,65,L9/889,L8/444
9,65,L8/444,L8/432
9,65,L8/432,L9/865
9,65,L9/865,L9/867
9,65,L9/867,L9/876
9,65,L9/876,L8/438
9,65,L8/438,L7/219
9,65,L7/219,L6/109
9,65,L6/109,L6/10
9,65,L6/10,L7/20
9,65,L7/20,L8/41
9,65,L8/41,L9/82
9,65,L9/82,L9/95
9,65,L9/95,L9/92
9,65,L9/92,L9/93
9,65,L9/93,L9/78
9,65,L9/78,L9/75
9,65,L9/75,L9/69
9,65,L9/69,L9/68
9,65,L9/68,L9/65
9,66,L9/766,L9/1022
9,66,L9/1022,L8/511
9,66,L8/511,L8/510
9,66,L8/510,L9/1020
9,66,L9/1020,L9/910
9,66,L9/910,L9/908
9,66,L9/908,L9/896
9,66,L9/896,L9/897
9,66,L9/897,L9/899
9,66,L9/899,L9/917
9,66,L9/917,L9/916
9,66,L9/916,L9/919
9,66,L9/919,L9/927
9,66,L9/927,L9/924
9,66,L9/924,L9/832
9,66,L9/832,L8/416
9,66,L8/416,L7/208
9,66,L7/208,L6/104
9,66,L6/104,L6/107
9,66,L6/107,L7/215
9,66,L7/215,L7/212
9,66,L7/212,L8/424
9,66,L8/424,L9/849
9,66,L9/849,L9/893
9,66,L9/893,L9/892
9,66,L9/892,L9/889
9,66,L9/889,L8/444
9,66,L8/444,L8/432
9,66,L8/432,L9/865
9,66,L9/865,L9/867
9,66,L9/867,L9/876
9,66,L9/876,L8/438
9,66,L8/438,L7/219
9,66,L7/219,L6/109
9,66,L6/109,L6/10
9,66,L6/10,L7/20
9,66,L7/20,L8/41
9,66,L8/41,L9/82
9,66,L9/82,L9/95
9,66,L9/95,L9/92
9,66,L9/92,L9/93
9,66,L9/93,L9/78
9,66,L9/78,L9/75
9,66,L9/75,L9/69
9,66,L9/69,L9/68
9,66,L9/68,L9/71
9,66,L9/71,L9/66
9,67,L9/766,L9/1022
9,67,L9/1022,L8/511
9,67,L8/511,L8/510
9,67,L8/510,L9/1020
9,67,L9/1020,L9/910
9,67,L9/910,L9/908
9,67,L9/908,L9/896
9,67,L9/896,L9/897
9,67,L9/897,L9/899
9,67,L9/899,L9/917
9,67,L9/917,L9/916
9,67,L9/916,L9/919
9,67,L9/919,L9/927
9,67,L9/927,L9/924
9,67,L9/924,L9/832
9,67,L9/832,L8/416
9,67,L8/416,L7/208
9,67,L7/208,L6/104
9,67,L6/104,L6/107
9,67,L6/107,L7/215
9,67,L7/215,L7/212
9,67,L7/212,L8/424
9,67,L8/424,L9/849
9,67,L9/849,L9/893
9,67,L9/893,L9/892
9,67,L9/892,L9/889
9,67,L9/889,L8/444
9,67,L8/444,L8/432
9,67,L8/432,L9/865
9,67,L9/865,L9/867
9,67,L9/867,L9/876
9,67,L9/876,L8/438
9,67,L8/438,L7/219
9,67,L7/219,L6/109
9,67,L6/109,L6/10
9,67,L6/10,L7/20
9,67,L7/20,L8/41
9,67,L8/41,L9/82
9,67,L9/82,L9/95
9,67,L9/95,L9/92
9,67,L9/92,L9/93
9,67,L9/93,L9/78
9,67,L9/78,L9/75
9,67,L9/75,L9/69
9,67,L9/69,L9/68
9,67,L9/68,L9/65
9,67,L9/65,L9/67
9,68,L9/766,L9/1022
9,68,L9/1022,L8/511
9,68,L8/511,L8/510
9,68,L8/510,L9/1020
9,68,L9/1020,L9/910
9,68,L9/910,L9/908
9,68,L9/908,L9/896
9,68,L9/896,L9/897
9,68,L9/897,L9/899
9,68,L9/899,L9/917
9,68,L9/917,L9/916
9,68,L9/916,L9/919
9,68,L9/919,L9/927
9,68,L9/927,L9/924
9,68,L9/924,L9/832
9,68,L9/832,L8/416
9,68,L8/416,L7/208
9,68,L7/208,L6/104
9,68,L6/104,L6/107
9,68,L6/107,L7/215
9,68,L7/215,L7/212
9,68,L7/212,L8/424
9,68,L8/424,L9/849
9,68,L9/849,L9/893
9,68,L9/893,L9/892
9,68,L9/892,L9/889
9,68,L9/889,L8/444
9,68,L8/444,L8/432
9,68,L8/432,L9/865
9,68,L9/865,L9/867
9,68,L9/867,L9/876
9,68,L9/876,L8/438
9,68,L8/438,L7/219
9,68,L7/219,L6/109
9,68,L6/109,L6/10
9,68,L6/10,L7/20
9,68,L7/20,L8/41
9,68,L8/41,L9/82
9,68,L9/82,L9/95
9,68,L9/95,L9/92
9,68,L9/92,L9/93
9,68,L9/93,L9/78
9,68,L9/78,L9/75
9,68,L9/75,L9/69
9,68,L9/69,L9/68
9,69,L9/766,L9/1022
9,69,L9/1022,L8/511
9,69,L8/511,L8/510
9,69,L8/510,L9/1020
9,69,L9/1020,L9/910
9,69,L9/910,L9/908
9,69,L9/908,L9/896
9,69,L9/896,L9/897
9,69,L9/897,L9/899
9,69,L9/899,L9/917
9,69,L9/917,L9/916
9,69,L9/916,L9/919
9,69,L9/919,L9/927
9,69,L9/927,L9/924
9,69,L9/924,L9/832
9,69,L9/832,L8/416
9,69,L8/416,L7/208
9,69,L7/208,L6/104
9,69,L6/104,L6/107
9,69,L6/107,L7/215
9,69,L7/215,L7/212
9,69,L7/212,L8/424
9,69,L8/424,L9/849
9,69,L9/849,L9/893
9,69,L9/893,L9/892
9,69,L9/892,L9/889
9,69,L9/889,L8/444
9,69,L8/444,L8/432
9,69,L8/432,L9/865
9,69,L9/865,L9/867
9,69,L9/867,L9/876
9,69,L9/876,L8/438
9,69,L8/438,L7/219
9,69,L7/219,L6/109
9,69,L6/109,L6/10
9,69,L6/10,L7/20
9,69,L7/20,L8/41
9,69,L8/41,L9/82
9,69,L9/82,L9/95
9,69,L9/95,L9/92
9,69,L9/92,L9/93
9,69,L9/93,L9/78
9,69,L9/78,L9/75
9,69,L9/75,L9/69
9,70,L9/766,L9/1022
9,70,L9/1022,L8/511
9,70,L8/511,L8/510
9,70,L8/510,L9/1020
9,70,L9/1020,L9/910
9,70,L9/910,L9/908
9,70,L9/908,L9/896
9,70,L9/896,L9/897
9,70,L9/897,L9/899
9,70,L9/899,L9/917
9,70,L9/917,L9/916
9,70,L9/916,L9/919
9,70,L9/919,L9/927
9,70,L9/927,L9/924
9,70,L9/924,L9/832
9,70,L9/832,L8/416
9,70,L8/416,L7/208
9,70,L7/208,L6/104
9,70,L6/104,L6/107
9,70,L6/107,L7/215
9,70,L7/215,L7/212
9,70,L7/212,L8/424
9,70,L8/424,L9/849
9,70,L9/849,L9/893
9,70,L9/893,L9/892
9,70,L9/892,L9/889
9,70,L9/889,L8/444
9,70,L8/444,L8/432
9,70,L8/432,L9/865
9,70,L9/865,L9/867
9,70,L9/867,L9/876
9,70,L9/876,L8/438
9,70,L8/438,L7/219
9,70,L7/219,L6/109
9,70,L6/109,L6/10
9,70,L6/10,L7/20
9,70,L7/20,L8/41
9,70,L8/41,L9/82
9,70,L9/82,L9/95
9,70,L9/95,L9/92
9,70,L9/92,L9/93
9,70,L9/93,L9/78
9,70,L9/78,L9/75
9,70,L9/75,L9/69
9,70,L9/69,L9/70
9,71,L9/766,L9/1022
9,71,L9/1022,L8/511
9,71,L8/511,L8/510
9,71,L8/510,L9/1020
9,71,L9/1020,L9/910
9,71,L9/910,L9/908
9,71,L9/908,L9/896
9,71,L9/896,L9/897
9,71,L9/897,L9/899
9,71,L9/899,L9/917
9,71,L9/917,L9/916
9,71,L9/916,L9/919
9,71,L9/919,L9/927
9,71,L9/927,L9/924
9,71,L9/924,L9/832
9,71,L9/832,L8/416
9,71,L8/416,L7/208
9,71,L7/208,L6/104
9,71,L6/104,L6/107
9,71,L6/107,L7/215
9,71,L7/215,L7/212
9,71,L7/212,L8/424
9,71,L8/424,L9/849
9,71,L9/849,L9/893
9,71,L9/893,L9/892
9,71,L9/892,L9/889
9,71,L9/889,L8/444
9,71,L8/444,L8/432
9,71,L8/432,L9/865
9,71,L9/865,L9/867
9,71,L9/867,L9/876
9,71,L9/876,L8/438
9,71,L8/438,L7/219
9,71,L7/219,L6/109
9,71,L6/109,L6/10
9,71,L6/10,L7/20
9,71,L7/20,L8/41
9,71,L8/41,L9/82
9,71,L9/82,L9/95
9,71,L9/95,L9/92
9,71,L9/92,L9/93
9,71,L9/93,L9/78
9,71,L9/78,L9/75
9,71,L9/75,L9/69
9,71,L9/69,L9/68
9,71,L9/68,L9/71
9,72,L9/766,L9/1022
9,72,L9/1022,L8/511
9,72,L8/511,L8/510
9,72,L8/510,L9/1020
9,72,L9/1020,L9/910
9,72,L9/910,L9/908
9,72,L9/908,L9/896
9,72,L9/896,L9/897
9,72,L9/897,L9/899
9,72,L9/899,L9/917
9,72,L9/917,L9/916
9,72,L9/916,L9/919
9,72,L9/919,L9/927
9,72,L9/927,L9/924
9,72,L9/924,L9/832
9,72,L9/832,L8/416
9,72,L8/416,L7/208
9,72,L7/208,L6/104
9,72,L6/104,L6/107
9,72,L6/107,L7/215
9,72,L7/215,L7/212
9,72,L7/212,L8/424
9,72,L8/424,L9/849
9,72,L9/849,L9/893
9,72,L9/893,L9/892
9,72,L9/892,L9/889
9,72,L9/889,L8/444
9,72,L8/444,L8/432
9,72,L8/432,L9/865
9,72,L9/865,L9/867
9,72,L9/867,L9/876
9,72,L9/876,L8/438
9,72,L8/438,L7/219
9,72,L7/219,L6/109
9,72,L6/109,L6/10
9,72,L6/10,L7/20
9,72,L7/20,L8/41
9,72,L8/41,L9/82
9,72,L9/82,L9/95
9,72,L9/95,L9/92
9,72,L9/92,L9/93
9,72,L9/93,L9/78
9,72,L9/78,L9/75
9,72,L9/75,L9/74
9,72,L9/74,L9/72
9,73,L9/766,L9/1022
9,73,L9/1022,L8/511
9,73,L8/511,L8/510
9,73,L8/510,L9/1020
9,73,L9/1020,L9/910
9,73,L9/910,L9/908
9,73,L9/908,L9/896
9,73,L9/896,L9/897
9,73,L9/897,L9/899
9,73,L9/899,L9/917
9,73,L9/917,L9/916
9,73,L9/916,L9/919
9,73,L9/919,L9/927
9,73,L9/927,L9/924
9,73,L9/924,L9/832
9,73,L9/832,L8/416
9,73,L8/416,L7/208
9,73,L7/208,L6/104
9,73,L6/104,L6/107
9,73,L6/107,L7/215
9,73,L7/215,L7/212
9,73,L7/212,L8/424
9,73,L8/424,L9/849
9,73,L9/849,L9/893
9,73,L9/893,L9/892
9,73,L9/892,L9/889
9,73,L9/889,L8/444
9,73,L8/444,L8/432
9,73,L8/432,L9/865
9,73,L9/865,L9/867
9,73,L9/867,L9/876
9,73,L9/876,L8/438
9,73,L8/438,L7/219
9,73,L7/219,L6/109
9,73,L6/109,L6/10
9,73,L6/10,L7/20
9,73,L7/20,L8/41
9,73,L8/41,L9/82
9,73,L9/82,L9/95
9,73,L9/95,L9/92
9,73,L9/92,L9/93
9,73,L9/93,L9/78
9,73,L9/78,L9/75
9,73,L9/75,L9/74
9,73,L9/74,L9/73
9,74,L9/766,L9/1022
9,74,L9/1022,L8/511
9,74,L8/511,L8/510
9,74,L8/510,L9/1020
9,74,L9/1020,L9/910
9,74,L9/910,L9/908
9,74,L9/908,L9/896
9,74,L9/896,L9/897
9,74,L9/897,L9/899
9,74,L9/899,L9/917
9,74,L9/917,L9/916
9,74,L9/916,L9/919
9,74,L9/919,L9/927
9,74,L9/927,L9/924
9,74,L9/924,L9/832
9,74,L9/832,L8/416
9,74,L8/416,L7/208
9,74,L7/208,L6/104
9,74,L6/104,L6/107
9,74,L6/107,L7/215
9,74,L7/215,L7/212
9,74,L7/212,L8/424
9,74,L8/424,L9/849
9,74,L9/849,L9/893
9,74,L9/893,L9/892
9,74,L9/892,L9/889
9,74,L9/889,L8/444
9,74,L8/444,L8/432
9,74,L8/432,L9/865
9,74,L9/865,L9/867
9,74,L9/867,L9/876
9,74,L9/876,L8/438
9,74,L8/438,L7/219
9,74,L7/219,L6/109
9,74,L6/109,L6/10
9,74,L6/10,L7/20
9,74,L7/20,L8/41
9,74,L8/41,L9/82
9,74,L9/82,L9/95
9,74,L9/95,L9/92
9,74,L9/92,L9/93
9,74,L9/93,L9/78
9,74,L9/78,L9/75
9,74,L9/75,L9/74
9,75,L9/766,L9/1022
9,75,L9/1022,L8/511
9,75,L8/511,L8/510
9,75,L8/510,L9/1020
9,75,L9/1020,L9/910
9,75,L9/910,L9/908
9,75,L9/908,L9/896
9,75,L9/896,L9/897
9,75,L9/897,L9/899
9,75,L9/899,L9/917
9,75,L9/917,L9/916
9,75,L9/916,L9/919
9,75,L9/919,L9/927
9,75,L9/927,L9/924
9,75,L9/924,L9/832
9,75,L9/832,L8/416
9,75,L8/416,L7/208
9,75,L7/208,L6/104
9,75,L6/104,L6/107
9,75,L6/107,L7/215
9,75,L7/215,L7/212
9,75,L7/212,L8/424
9,75,L8/424,L9/849
9,75,L9/849,L9/893
9,75,L9/893,L9/892
9,75,L9/892,L9/889
9,75,L9/889,L8/444
9,75,L8/444,L8/432
9,75,L8/432,L9/865
9,75,L9/865,L9/867
9,75,L9/867,L9/876
9,75,L9/876,L8/438
9,75,L8/438,L7/219
9,75,L7/219,L6/109
9,75,L6/109,L6/10
9,75,L6/10,L7/20
9,75,L7/20,L8/41
9,75,L8/41,L9/82
9,75,L9/82,L9/95
9,75,L9/95,L9/92
9,75,L9/92,L9/93
9,75,L9/93,L9/78
9,75,L9/78,L9/75
9,76,L9/766,L9/1022
9,76,L9/1022,L8/511
9,76,L8/511,L8/510
9,76,L8/510,L9/1020
9,76,L9/1020,L9/910
9,76,L9/910,L9/908
9,76,L9/908,L9/896
9,76,L9/896,L9/897
9,76,L9/897,L9/899
9,76,L9/899,L9/917
9,76,L9/917,L9/916
9,76,L9/916,L9/919
9,76,L9/919,L9/927
9,76,L9/927,L9/924
9,76,L9/924,L9/832
9,76,L9/832,L8/416
9,76,L8/416,L7/208
9,76,L7/208,L6/104
9,76,L6/104,L6/107
9,76,L6/107,L7/215
9,76,L7/215,L7/212
9,76,L7/212,L8/424
9,76,L8/424,L9/849
9,76,L9/849,L9/893
9,76,L9/893,L9/892
9,76,L9/892,L9/889
9,76,L9/889,L8/444
9,76,L8/444,L8/432
9,76,L8/432,L9/865
9,76,L9/865,L9/867
9,76,L9/867,L9/876
9,76,L9/876,L8/438
9,76,L8/438,L7/219
9,76,L7/219,L6/109
9,76,L6/109,L6/10
9,76,L6/10,L7/20
9,76,L7/20,L8/41
9,76,L8/41,L9/82
9,76,L9/82,L9/95
9,76,L9/95,L9/92
9,76,L9/92,L9/93
9,76,L9/93,L9/89
9,76,L9/89,L9/76
9,77,L9/766,L9/1022
9,77,L9/1022,L8/511
9,77,L8/511,L8/510
9,77,L8/510,L9/1020
9,77,L9/1020,L9/910
9,77,L9/910,L9/908
9,77,L9/908,L9/896
9,77,L9/896,L9/897
9,77,L9/897,L9/899
9,77,L9/899,L9/917
9,77,L9/917,L9/916
9,77,L9/916,L9/919
9,77,L9/919,L9/927
9,77,L9/927,L9/924
9,77,L9/924,L9/832
9,77,L9/832,L8/416
9,77,L8/416,L7/208
9,77,L7/208,L6/104
9,77,L6/104,L6/107
9,77,L6/107,L7/215
9,77,L7/215,L7/212
9,77,L7/212,L8/424
9,77,L8/424,L9/849
9,77,L9/849,L9/893
9,77,L9/893,L9/892
9,77,L9/892,L9/889
9,77,L9/889,L8/444
9,77,L8/444,L8/432
9,77,L8/432,L9/865
9,77,L9/865,L9/867
9,77,L9/867,L9/876
9,77,L9/876,L8/438
9,77,L8/438,L7/219
9,77,L7/219,L6/109
9,77,L6/109,L6/10
9,77,L6/10,L7/20
9,77,L7/20,L8/41
9,77,L8/41,L9/82
9,77,L9/82,L9/95
9,77,L9/95,L9/92
9,77,L9/92,L9/93
9,77,L9/93,L9/89
9,77,L9/89,L9/77
9,78,L9/766,L9/1022
9,78,L9/1022,L8/511
9,78,L8/511,L8/510
9,78,L8/510,L9/1020
9,78,L9/1020,L9/910
9,78,L9/910,L9/908
9,78,L9/908,L9/896
9,78,L9/896,L9/897
9,78,L9/897,L9/899
9,78,L9/899,L9/917
9,78,L9/917,L9/916
9,78,L9/916,L9/919
9,78,L9/919,L9/927
9,78,L9/927,L9/924
9,78,L9/924,L9/832
9,78,L9/832,L8/416
9,78,L8/416,L7/208
9,78,L7/208,L6/104
9,78,L6/104,L6/107
9,78,L6/107,L7/215
9,78,L7/215,L7/212
9,78,L7/212,L8/424
9,78,L8/424,L9/849
9,78,L9/849,L9/893
9,78,L9/893,L9/892
9,78,L9/892,L9/889
9,78,L9/889,L8/444
9,78,L8/444,L8/432
9,78,L8/432,L9/865
9,78,L9/865,L9/867
9,78,L9/867,L9/876
9,78,L9/876,L8/438
9,78,L8/438,L7/219
9,78,L7/219,L6/109
9,78,L6/109,L6/10
9,78,L6/10,L7/20
9,78,L7/20,L8/41
9,78,L8/41,L9/82
9,78,L9/82,L9/95
9,78,L9/95,L9/92
9,78,L9/92,L9/93
9,78,L9/93,L9/78
9,79,L9/766,L9/1022
9,79,L9/1022,L8/511
9,79,L8/511,L8/510
9,79,L8/510,L9/1020
9,79,L9/1020,L9/910
9,79,L9/910,L9/908
9,79,L9/908,L9/896
9,79,L9/896,L9/897
9,79,L9/897,L9/899
9,79,L9/899,L9/917
9,79,L9/917,L9/916
9,79,L9/916,L9/919
9,79,L9/919,L9/927
9,79,L9/927,L9/924
9,79,L9/924,L9/832
9,79,L9/832,L8/416
9,79,L8/416,L7/208
9,79,L7/208,L6/104
9,79,L6/104,L6/107
9,79,L6/107,L7/215
9,79,L7/215,L7/212
9,79,L7/212,L8/424
9,79,L8/424,L9/849
9,79,L9/849,L9/893
9,79,L9/893,L9/892
9,79,L9/892,L9/889
9,79,L9/889,L8/444
9,79,L8/444,L8/432
9,79,L8/432,L9/865
9,79,L9/865,L9/867
9,79,L9/867,L9/876
9,79,L9/876,L8/438
9,79,L8/438,L7/219
9,79,L7/219,L6/109
9,79,L6/109,L6/10
9,79,L6/10,L7/20
9,79,L7/20,L8/41
9,79,L8/41,L9/82
9,79,L9/82,L9/95
9,79,L9/95,L9/92
9,79,L9/92,L9/93
9,79,L9/93,L9/78
9,79,L9/78,L9/79
9,80,L9/766,L9/1022
9,80,L9/1022,L8/511
9,80,L8/511,L8/510
9,80,L8/510,L9/1020
9,80,L9/1020,L9/910
9,80,L9/910,L9/908
9,80,L9/908,L9/896
9,80,L9/896,L9/897
9,80,L9/897,L9/899
9,80,L9/899,L9/917
9,80,L9/917,L9/916
9,80,L9/916,L9/919
9,80,L9/919,L9/927
9,80,L9/927,L9/924
9,80,L9/924,L9/832
9,80,L9/832,L8/416
9,80,L8/416,L7/208
9,80,L7/208,L6/104
9,80,L6/104,L6/107
9,80,L6/107,L7/215
9,80,L7/215,L7/212
9,80,L7/212,L8/424
9,80,L8/424,L9/849
9,80,L9/849,L9/893
9,80,L9/893,L9/892
9,80,L9/892,L9/889
9,80,L9/889,L8/444
9,80,L8/444,L8/432
9,80,L8/432,L9/865
9,80,L9/865,L9/867
9,80,L9/867,L9/876
9,80,L9/876,L8/438
9,80,L8/438,L7/219
9,80,L7/219,L6/109
9,80,L6/109,L6/10
9,80,L6/10,L7/20
9,80,L7/20,L8/40
9,80,L8/40,L9/80
9,81,L9/766,L9/1022
9,81,L9/1022,L8/511
9,81,L8/511,L8/510
9,81,L8/510,L9/1020
9,81,L9/1020,L9/910
9,81,L9/910,L9/908
9,81,L9/908,L9/896
9,81,L9/896,L9/897
9,81,L9/897,L9/899
9,81,L9/899,L9/917
9,81,L9/917,L9/916
9,81,L9/916,L9/919
9,81,L9/919,L9/927
9,81,L9/927,L9/924
9,81,L9/924,L9/832
9,81,L9/832,L8/416
9,81,L8/416,L7/208
9,81,L7/208,L6/104
9,81,L6/104,L6/107
9,81,L6/107,L7/215
9,81,L7/215,L7/212
9,81,L7/212,L8/424
9,81,L8/424,L9/849
9,81,L9/849,L9/893
9,81,L9/893,L9/892
9,81,L9/892,L9/889
9,81,L9/889,L8/444
9,81,L8/444,L8/432
9,81,L8/432,L9/865
9,81,L9/865,L9/867
9,81,L9/867,L9/876
9,81,L9/876,L8/438
9,81,L8/438,L7/219
9,81,L7/219,L6/109
9,81,L6/109,L6/10
9,81,L6/10,L7/20
9,81,L7/20,L8/40
9,81,L8/40,L9/81
9,82,L9/766,L9/1022
9,82,L9/1022,L8/511
9,82,L8/511,L8/510
9,82,L8/510,L9/1020
9,82,L9/1020,L9/910
9,82,L9/910,L9/908
9,82,L9/908,L9/896
9,82,L9/896,L9/897
9,82,L9/897,L9/899
9,82,L9/899,L9/917
9,82,L9/917,L9/916
9,82,L9/916,L9/919
9,82,L9/919,L9/927
9,82,L9/927,L9/924
9,82,L9/924,L9/832
9,82,L9/832,L8/416
9,82,L8/416,L7/208
9,82,L7/208,L6/104
9,82,L6/104,L6/107
9,82,L6/107,L7/215
9,82,L7/215,L7/212
9,82,L7/212,L8/424
9,82,L8/424,L9/849
9,82,L9/849,L9/893
9,82,L9/893,L9/892
9,82,L9/892,L9/889
9,82,L9/889,L8/444
9,82,L8/444,L8/432
9,82,L8/432,L9/865
9,82,L9/865,L9/867
9,82,L9/867,L9/876
9,82,L9/876,L8/438
9,82,L8/438,L7/219
9,82,L7/219,L6/109
9,82,L6/109,L6/10
9,82,L6/10,L7/20
9,82,L7/20,L8/41
9,82,L8/41,L9/82
9,83,L9/766,L9/1022
9,83,L9/1022,L8/511
9,83,L8/511,L8/510
9,83,L8/510,L9/1020
9,83,L9/1020,L9/910
9,83,L9/910,L9/908
9,83,L9/908,L9/896
9,83,L9/896,L9/897
9,83,L9/897,L9/899
9,83,L9/899,L9/917
9,83,L9/917,L9/916
9,83,L9/916,L9/919
9,83,L9/919,L9/927
9,83,L9/927,L9/924
9,83,L9/924,L9/832
9,83,L9/832,L8/416
9,83,L8/416,L7/208
9,83,L7/208,L6/104
9,83,L6/104,L6/107
9,83,L6/107,L7/215
9,83,L7/215,L7/212
9,83,L7/212,L8/424
9,83,L8/424,L9/849
9,83,L9/849,L9/893
9,83,L9/893,L9/892
9,83,L9/892,L9/889
9,83,L9/889,L8/444
9,83,L8/444,L8/432
9,83,L8/432,L9/865
9,83,L9/865,L9/867
9,83,L9/867,L9/876
9,83,L9/876,L8/438
9,83,L8/438,L7/219
9,83,L7/219,L6/109
9,83,L6/109,L6/10
9,83,L6/10,L7/20
9,83,L7/20,L8/41
9,83,L8/41,L9/83
9,84,L9/766,L9/1022
9,84,L9/1022,L8/511
9,84,L8/511,L8/510
9,84,L8/510,L9/1020
9,84,L9/1020,L9/910
9,84,L9/910,L9/908
9,84,L9/908,L9/896
9,84,L9/896,L9/897
9,84,L9/897,L9/899
9,84,L9/899,L9/917
9,84,L9/917,L9/916
9,84,L9/916,L9/919
9,84,L9/919,L9/927
9,84,L9/927,L9/924
9,84,L9/924,L9/832
9,84,L9/832,L8/416
9,84,L8/416,L7/208
9,84,L7/208,L6/104
9,84,L6/104,L6/107
9,84,L6/107,L7/215
9,84,L7/215,L7/212
9,84,L7/212,L8/424
9,84,L8/424,L9/849
9,84,L9/849,L9/893
9,84,L9/893,L9/892
9,84,L9/892,L9/889
9,84,L9/889,L8/444
9,84,L8/444,L8/432
9,84,L8/432,L9/865
9,84,L9/865,L9/867
9,84,L9/867,L9/876
9,84,L9/876,L8/438
9,84,L8/438,L7/219
9,84,L7/219,L6/109
9,84,L6/109,L6/10
9,84,L6/10,L7/21
9,84,L7/21,L8/42
9,84,L8/42,L9/84
9,85,L9/766,L9/1022
9,85,L9/1022,L8/511
9,85,L8/511,L8/510
9,85,L8/510,L9/1020
9,85,L9/1020,L9/910
9,85,L9/910,L9/908
9,85,L9/908,L9/896
9,85,L9/896,L9/897
9,85,L9/897,L9/899
9,85,L9/899,L9/917
9,85,L9/917,L9/916
9,85,L9/916,L9/919
9,85,L9/919,L9/927
9,85,L9/927,L9/924
9,85,L9/924,L9/832
9,85,L9/832,L8/416
9,85,L8/416,L7/208
9,85,L7/208,L6/104
9,85,L6/104,L6/107
9,85,L6/107,L7/215
9,85,L7/215,L7/212
9,85,L7/212,L8/424
9,85,L8/424,L9/849
9,85,L9/849,L9/893
9,85,L9/893,L9/892
9,85,L9/892,L9/889
9,85,L9/889,L8/444
9,85,L8/444,L8/432
9,85,L8/432,L9/865
9,85,L9/865,L9/867
9,85,L9/867,L9/876
9,85,L9/876,L8/438
9,85,L8/438,L7/219
9,85,L7/219,L6/109
9,85,L6/109,L6/10
9,85,L6/10,L7/21
9,85,L7/21,L8/42
9,85,L8/42,L9/85
9,86,L9/766,L9/1022
9,86,L9/1022,L8/511
9,86,L8/511,L8/510
9,86,L8/510,L9/1020
9,86,L9/1020,L9/910
9,86,L9/910,L9/908
9,86,L9/908,L9/896
9,86,L9/896,L9/897
9,86,L9/897,L9/899
9,86,L9/899,L9/917
9,86,L9/917,L9/916
9,86,L9/916,L9/919
9,86,L9/919,L9/927
9,86,L9/927,L9/924
9,86,L9/924,L9/832
9,86,L9/832,L8/416
9,86,L8/416,L7/208
9,86,L7/208,L6/104
9,86,L6/104,L6/107
9,86,L6/107,L7/215
9,86,L7/215,L7/212
9,86,L7/212,L8/424
9,86,L8/424,L9/849
9,86,L9/849,L9/893
9,86,L9/893,L9/892
9,86,L9/892,L9/889
9,86,L9/889,L8/444
9,86,L8/444,L8/432
9,86,L8/432,L9/865
9,86,L9/865,L9/867
9,86,L9/867,L9/876
9,86,L9/876,L8/438
9,86,L8/438,L7/219
9,86,L7/219,L6/109
9,86,L6/109,L6/10
9,86,L6/10,L7/21
9,86,L7/21,L8/43
9,86,L8/43,L9/86
9,87,L9/766,L9/1022
9,87,L9/1022,L8/511
9,87,L8/511,L8/510
9,87,L8/510,L9/1020
9,87,L9/1020,L9/910
9,87,L9/910,L9/908
9,87,L9/908,L9/896
9,87,L9/896,L9/897
9,87,L9/897,L9/899
9,87,L9/899,L9/917
9,87,L9/917,L9/916
9,87,L9/916,L9/919
9,87,L9/919,L9/927
9,87,L9/927,L9/924
9,87,L9/924,L9/832
9,87,L9/832,L8/416
9,87,L8/416,L7/208
9,87,L7/208,L6/104
9,87,L6/104,L6/107
9,87,L6/107,L7/215
9,87,L7/215,L7/212
9,87,L7/212,L8/424
9,87,L8/424,L9/849
9,87,L9/849,L9/893
9,87,L9/893,L9/892
9,87,L9/892,L9/889
9,87,L9/889,L8/444
9,87,L8/444,L8/432
9,87,L8/432,L9/865
9,87,L9/865,L9/867
9,87,L9/867,L9/876
9,87,L9/876,L8/438
9,87,L8/438,L7/219
9,87,L7/219,L6/109
9,87,L6/109,L6/10
9,87,L6/10,L7/21
9,87,L7/21,L8/43
9,87,L8/43,L9/87
9,88,L9/766,L9/1022
9,88,L9/1022,L8/511
9,88,L8/511,L8/510
9,88,L8/510,L9/1020
9,88,L9/1020,L9/910
9,88,L9/910,L9/908
9,88,L9/908,L9/896
9,88,L9/896,L9/897
9,88,L9/897,L9/899
9,88,L9/899,L9/917
9,88,L9/917,L9/916
9,88,L9/916,L9/919
9,88,L9/919,L9/927
9,88,L9/927,L9/924
9,88,L9/924,L9/832
9,88,L9/832,L8/416
9,88,L8/416,L7/208
9,88,L7/208,L6/104
9,88,L6/104,L6/107
9,88,L6/107,L7/215
9,88,L7/215,L7/212
9,88,L7/212,L8/424
9,88,L8/424,L9/849
9,88,L9/849,L9/893
9,88,L9/893,L9/892
9,88,L9/892,L9/889
9,88,L9/889,L8/444
9,88,L8/444,L8/432
9,88,L8/432,L9/865
9,88,L9/865,L9/867
9,88,L9/867,L9/876
9,88,L9/876,L8/438
9,88,L8/438,L7/219
9,88,L7/219,L6/109
9,88,L6/109,L6/10
9,88,L6/10,L7/20
9,88,L7/20,L8/41
9,88,L8/41,L9/82
9,88,L9/82,L9/95
9,88,L9/95,L9/92
9,88,L9/92,L9/93
9,88,L9/93,L9/89
9,88,L9/89,L9/88
9,89,L9/766,L9/1022
9,89,L9/1022,L8/511
9,89,L8/511,L8/510
9,89,L8/510,L9/1020
9,89,L9/1020,L9/910
9,89,L9/910,L9/908
9,89,L9/908,L9/896
9,89,L9/896,L9/897
9,89,L9/897,L9/899
9,89,L9/899,L9/917
9,89,L9/917,L9/916
9,89,L9/916,L9/919
9,89,L9/919,L9/927
9,89,L9/927,L9/924
9,89,L9/924,L9/832
9,89,L9/832,L8/416
9,89,L8/416,L7/208
9,89,L7/208,L6/104
9,89,L6/104,L6/107
9,89,L6/107,L7/215
9,89,L7/215,L7/212
9,89,L7/212,L8/424
9,89,L8/424,L9/849
9,89,L9/849,L9/893
9,89,L9/893,L9/892
9,89,L9/892,L9/889
9,89,L9/889,L8/444
9,89,L8/444,L8/432
9,89,L8/432,L9/865
9,89,L9/865,L9/867
9,89,L9/867,L9/876
9,89,L9/876,L8/438
9,89,L8/438,L7/219
9,89,L7/219,L6/109
9,89,L6/109,L6/10
9,89,L6/10,L7/20
9,89,L7/20,L8/41
9,89,L8/41,L9/82
9,89,L9/82,L9/95
9,89,L9/95,L9/92
9,89,L9/92,L9/93
9,89,L9/93,L9/89
9,90,L9/766,L9/1022
9,90,L9/1022,L8/511
9,90,L8/511,L8/510
9,90,L8/510,L9/1020
9,90,L9/1020,L9/910
9,90,L9/910,L9/908
9,90,L9/908,L9/896
9,90,L9/896,L9/897
9,90,L9/897,L9/899
9,90,L9/899,L9/917
9,90,L9/917,L9/916
9,90,L9/916,L9/919
9,90,L9/919,L9/927
9,90,L9/927,L9/924
9,90,L9/924,L9/832
9,90,L9/832,L8/416
9,90,L8/416,L7/208
9,90,L7/208,L6/104
9,90,L6/104,L6/107
9,90,L6/107,L7/215
9,90,L7/215,L7/212
9,90,L7/212,L8/424
9,90,L8/424,L9/849
9,90,L9/849,L9/893
9,90,L9/893,L9/892
9,90,L9/892,L9/889
9,90,L9/889,L8/444
9,90,L8/444,L8/432
9,90,L8/432,L9/865
9,90,L9/865,L9/867
9,90,L9/867,L9/876
9,90,L9/876,L8/438
9,90,L8/438,L7/219
9,90,L7/219,L6/109
9,90,L6/109,L6/10
9,90,L6/10,L7/20
9,90,L7/20,L8/41
9,90,L8/41,L9/82
9,90,L9/82,L9/95
9,90,L9/95,L9/94
9,90,L9/94,L9/90
9,91,L9/766,L9/1022
9,91,L9/1022,L8/511
9,91,L8/511,L8/510
9,91,L8/510,L9/1020
9,91,L9/1020,L9/910
9,91,L9/910,L9/908
9,91,L9/908,L9/896
9,91,L9/896,L9/897
9,91,L9/897,L9/899
9,91,L9/899,L9/917
9,91,L9/917,L9/916
9,91,L9/916,L9/919
9,91,L9/919,L9/927
9,91,L9/927,L9/924
9,91,L9/924,L9/832
9,91,L9/832,L8/416
9,91,L8/416,L7/208
9,91,L7/208,L6/104
9,91,L6/104,L6/107
9,91,L6/107,L7/215
9,91,L7/215,L7/212
9,91,L7/212,L8/424
9,91,L8/424,L9/849
9,91,L9/849,L9/893
9,91,L9/893,L9/892
9,91,L9/892,L9/889
9,91,L9/889,L8/444
9,91,L8/444,L8/432
9,91,L8/432,L9/865
9,91,L9/865,L9/867
9,91,L9/867,L9/876
9,91,L9/876,L8/438
9,91,L8/438,L7/219
9,91,L7/219,L6/109
9,91,L6/109,L6/10
9,91,L6/10,L7/20
9,91,L7/20,L8/41
9,91,L8/41,L9/82
9,91,L9/82,L9/95
9,91,L9/95,L9/94
9,91,L9/94,L9/90
9,91,L9/90,L9/91
9,92,L9/766,L9/1022
9,92,L9/1022,L8/511
9,92,L8/511,L8/510
9,92,L8/510,L9/1020
9,92,L9/1020,L9/910
9,92,L9/910,L9/908
9,92,L9/908,L9/896
9,92,L9/896,L9/897
9,92,L9/897,L9/899
9,92,L9/899,L9/917
9,92,L9/917,L9/916
9,92,L9/916,L9/919
9,92,L9/919,L9/927
9,92,L9/927,L9/924
9,92,L9/924,L9/832
9,92,L9/832,L8/416
9,92,L8/416,L7/208
9,92,L7/208,L6/104
9,92,L6/104,L6/107
9,92,L6/107,L7/215
9,92,L7/215,L7/212
9,92,L7/212,L8/424
9,92,L8/424,L9/849
9,92,L9/849,L9/893
9,92,L9/893,L9/892
9,92,L9/892,L9/889
9,92,L9/889,L8/444
9,92,L8/444,L8/432
9,92,L8/432,L9/865
9,92,L9/865,L9/867
9,92,L9/867,L9/876
9,92,L9/876,L8/438
9,92,L8/438,L7/219
9,92,L7/219,L6/109
9,92,L6/109,L6/10
9,92,L6/10,L7/20
9,92,L7/20,L8/41
9,92,L8/41,L9/82
9,92,L9/82,L9/95
9,92,L9/95,L9/92
9,93,L9/766,L9/1022
9,93,L9/1022,L8/511
9,93,L8/511,L8/510
9,93,L8/510,L9/1020
9,93,L9/1020,L9/910
9,93,L9/910,L9/908
9,93,L9/908,L9/896
9,93,L9/896,L9/897
9,93,L9/897,L9/899
9,93,L9/899,L9/917
9,93,L9/917,L9/916
9,93,L9/916,L9/919
9,93,L9/919,L9/927
9,93,L9/927,L9/924
9,93,L9/924,L9/832
9,93,L9/832,L8/416
9,93,L8/416,L7/208
9,93,L7/208,L6/104
9,93,L6/104,L6/107
9,93,L6/107,L7/215
9,93,L7/215,L7/212
9,93,L7/212,L8/424
9,93,L8/424,L9/849
9,93,L9/849,L9/893
9,93,L9/893,L9/892
9,93,L9/892,L9/889
9,93,L9/889,L8/444
9,93,L8/444,L8/432
9,93,L8/432,L9/865
9,93,L9/865,L9/867
9,93,L9/867,L9/876
9,93,L9/876,L8/438
9,93,L8/438,L7/219
9,93,L7/219,L6/109
9,93,L6/109,L6/10
9,93,L6/10,L7/20
9,93,L7/20,L8/41
9,93,L8/41,L9/82
9,93,L9/82,L9/95
9,93,L9/95,L9/92
9,93,L9/92,L9/93
9,94,L9/766,L9/1022
9,94,L9/1022,L8/511
9,94,L8/511,L8/510
9,94,L8/510,L9/1020
9,94,L9/1020,L9/910
9,94,L9/910,L9/908
9,94,L9/908,L9/896
9,94,L9/896,L9/897
9,94,L9/897,L9/899
9,94,L9/899,L9/917
9,94,L9/917,L9/916
9,94,L9/916,L9/919
9,94,L9/919,L9/927
9,94,L9/927,L9/924
9,94,L9/924,L9/832
9,94,L9/832,L8/416
9,94,L8/416,L7/208
9,94,L7/208,L6/104
9,94,L6/104,L6/107
9,94,L6/107,L7/215
9,94,L7/215,L7/212
9,94,L7/212,L8/424
9,94,L8/424,L9/849
9,94,L9/849,L9/893
9,94,L9/893,L9/892
9,94,L9/892,L9/889
9,94,L9/889,L8/444
9,94,L8/444,L8/432
9,94,L8/432,L9/865
9,94,L9/865,L9/867
9,94,L9/867,L9/876
9,94,L9/876,L8/438
9,94,L8/438,L7/219
9,94,L7/219,L6/109
9,94,L6/109,L6/10
9,94,L6/10,L7/20
9,94,L7/20,L8/41
9,94,L8/41,L9/82
9,94,L9/82,L9/95
9,94,L9/95,L9/94
9,95,L9/766,L9/1022
9,95,L9/1022,L8/511
9,95,L8/511,L8/510
9,95,L8/510,L9/1020
9,95,L9/1020,L9/910
9,95,L9/910,L9/908
9,95,L9/908,L9/896
9,95,L9/896,L9/897
9,95,L9/897,L9/899
9,95,L9/899,L9/917
9,95,L9/917,L9/916
9,95,L9/916,L9/919
9,95,L9/919,L9/927
9,95,L9/927,L9/924
9,95,L9/924,L9/832
9,95,L9/832,L8/416
9,95,L8/416,L7/208
9,95,L7/208,L6/104
9,95,L6/104,L6/107
9,95,L6/107,L7/215
9,95,L7/215,L7/212
9,95,L7/212,L8/424
9,95,L8/424,L9/849
9,95,L9/849,L9/893
9,95,L9/893,L9/892
9,95,L9/892,L9/889
9,95,L9/889,L8/444
9,95,L8/444,L8/432
9,95,L8/432,L9/865
9,95,L9/865,L9/867
9,95,L9/867,L9/876
9,95,L9/876,L8/438
9,95,L8/438,L7/219
9,95,L7/219,L6/109
9,95,L6/109,L6/10
9,95,L6/10,L7/20
9,95,L7/20,L8/41
9,95,L8/41,L9/82
9,95,L9/82,L9/95
9,96,L9/766,L9/745
9,96,L9/745,L9/237
9,96,L9/237,L8/118
9,96,L8/118,L7/59
9,96,L7/59,L8/119
9,96,L8/119,L9/238
9,96,L9/238,L9/232
9,96,L9/232,L9/100
9,96,L9/100,L8/50
9,96,L8/50,L9/101
9,96,L9/101,L9/103
9,96,L9/103,L9/99
9,96,L9/99,L9/97
9,96,L9/97,L9/96
9,97,L9/766,L9/745
9,97,L9/745,L9/237
9,97,L9/237,L8/118
9,97,L8/118,L7/59
9,97,L7/59,L8/119
9,97,L8/119,L9/238
9,97,L9/238,L9/232
9,97,L9/232,L9/100
9,97,L9/100,L8/50
9,97,L8/50,L9/101
9,97,L9/101,L9/103
9,97,L9/103,L9/99
9,97,L9/99,L9/97
9,98,L9/766,L9/745
9,98,L9/745,L9/237
9,98,L9/237,L8/118
9,98,L8/118,L7/59
9,98,L7/59,L8/119
9,98,L8/119,L9/238
9,98,L9/238,L9/232
9,98,L9/232,L9/100
9,98,L9/100,L8/50
9,98,L8/50,L9/101
9,98,L9/101,L9/102
9,98,L9/102,L9/98
9,99,L9/766,L9/745
9,99,L9/745,L9/237
9,99,L9/237,L8/118
9,99,L8/118,L7/59
9,99,L7/59,L8/119
9,99,L8/119,L9/238
9,99,L9/238,L9/232
9,99,L9/232,L9/100
9,99,L9/100,L8/50
9,99,L8/50,L9/101
9,99,L9/101,L9/103
9,99,L9/103,L9/99
9,100,L9/766,L9/745
9,100,L9/745,L9/237
9,100,L9/237,L8/118
9,100,L8/118,L7/59
9,100,L7/59,L8/119
9,100,L8/119,L9/238
9,100,L9/238,L9/232
9,100,L9/232,L9/100
9,101,L9/766,L9/745
9,101,L9/745,L9/237
9,101,L9/237,L8/118
9,101,L8/118,L7/59
9,101,L7/59,L8/119
9,101,L8/119,L9/238
9,101,L9/238,L9/232
9,101,L9/232,L9/100
9,101,L9/100,L8/50
9,101,L8/50,L9/101
9,102,L9/766,L9/745
9,102,L9/745,L9/237
9,102,L9/237,L8/118
9,102,L8/118,L7/59
9,102,L7/59,L8/119
9,102,L8/119,L9/238
9,102,L9/238,L9/232
9,102,L9/232,L9/100
9,102,L9/100,L8/50
9,102,L8/50,L9/101
9,102,L9/101,L9/102
9,103,L9/766,L9/745
9,103,L9/745,L9/237
9,103,L9/237,L8/118
9,103,L8/118,L7/59
9,103,L7/59,L8/119
9,103,L8/119,L9/238
9,103,L9/238,L9/232
9,103,L9/232,L9/100
9,103,L9/100,L8/50
9,103,L8/50,L9/101
9,103,L9/101,L9/103
9,104,L9/766,L9/745
9,104,L9/745,L8/372
9,104,L8/372,L8/248
9,104,L8/248,L9/497
9,104,L9/497,L9/501
9,104,L9/501,L9/502
9,104,L9/502,L9/503
9,104,L9/503,L9/488
9,104,L9/488,L9/490
9,104,L9/490,L9/491
9,104,L9/491,L9/476
9,104,L9/476,L9/478
9,104,L9/478,L9/479
9,104,L9/479,L9/464
9,104,L9/464,L8/232
9,104,L8/232,L7/116
9,104,L7/116,L6/58
9,104,L6/58,L7/117
9,104,L7/117,L8/235
9,104,L8/235,L9/471
9,104,L9/471,L9/205
9,104,L9/205,L9/192
9,104,L9/192,L9/195
9,104,L9/195,L9/197
9,104,L9/197,L9/214
9,104,L9/214,L9/215
9,104,L9/215,L9/209
9,104,L9/209,L9/210
9,104,L9/210,L9/216
9,104,L9/216,L9/9
9,104,L9/9,L9/104
9,105,L9/766,L9/745
9,105,L9/745,L8/372
9,105,L8/372,L8/248
9,105,L8/248,L9/497
9,105,L9/497,L9/501
9,105,L9/501,L9/502
9,105,L9/502,L9/503
9,105,L9/503,L9/488
9,105,L9/488,L9/490
9,105,L9/490,L9/491
9,105,L9/491,L9/476
9,105,L9/476,L9/478
9,105,L9/478,L9/479
9,105,L9/479,L9/464
9,105,L9/464,L8/232
9,105,L8/232,L7/116
9,105,L7/116,L6/58
9,105,L6/58,L7/117
9,105,L7/117,L8/235
9,105,L8/235,L9/471
9,105,L9/471,L9/205
9,105,L9/205,L9/192
9,105,L9/192,L9/195
9,105,L9/195,L9/197
9,105,L9/197,L9/214
9,105,L9/214,L9/215
9,105,L9/215,L9/209
9,105,L9/209,L9/210
9,105,L9/210,L9/216
9,105,L9/216,L9/9
9,105,L9/9,L9/105
9,106,L9/766,L9/745
9,106,L9/745,L8/372
9,106,L8/372,L8/248
9,106,L8/248,L9/497
9,106,L9/497,L9/501
9,106,L9/501,L9/502
9,106,L9/502,L9/503
9,106,L9/503,L9/488
9,106,L9/488,L9/490
9,106,L9/490,L9/491
9,106,L9/491,L9/476
9,106,L9/476,L9/478
9,106,L9/478,L9/479
9,106,L9/479,L9/464
9,106,L9/464,L8/232
9,106,L8/232,L7/116
9,106,L7/116,L6/58
9,106,L6/58,L7/117
9,106,L7/117,L8/235
9,106,L8/235,L9/471
9,106,L9/471,L9/205
9,106,L9/205,L9/192
9,106,L9/192,L9/195
9,106,L9/195,L9/197
9,106,L9/197,L9/214
9,106,L9/214,L9/213
9,106,L9/213,L9/221
9,106,L9/221,L9/217
9,106,L9/217,L9/219
9,106,L9/219,L9/107
9,106,L9/107,L9/106
9,107,L9/766,L9/745
9,107,L9/745,L8/372
9,107,L8/372,L8/248
9,107,L8/248,L9/497
9,107,L9/497,L9/501
9,107,L9/501,L9/502
9,107,L9/502,L9/503
9,107,L9/503,L9/488
9,107,L9/488,L9/490
9,107,L9/490,L9/491
9,107,L9/491,L9/476
9,107,L9/476,L9/478
9,107,L9/478,L9/479
9,107,L9/479,L9/464
9,107,L9/464,L8/232
9,107,L8/232,L7/116
9,107,L7/116,L6/58
9,107,L6/58,L7/117
9,107,L7/117,L8/235
9,107,L8/235,L9/471
9,107,L9/471,L9/205
9,107,L9/205,L9/192
9,107,L9/192,L9/195
9,107,L9/195,L9/197
9,107,L9/197,L9/214
9,107,L9/214,L9/213
9,107,L9/213,L9/221
9,107,L9/221,L9/217
9,107,L9/217,L9/219
9,107,L9/219,L9/107
9,108,L9/766,L9/745
9,108,L9/745,L8/372
9,108,L8/372,L8/248
9,108,L8/248,L9/497
9,108,L9/497,L9/501
9,108,L9/501,L9/502
9,108,L9/502,L9/503
9,108,L9/503,L9/488
9,108,L9/488,L9/490
9,108,L9/490,L9/491
9,108,L9/491,L9/476
9,108,L9/476,L9/478
9,108,L9/478,L9/479
9,108,L9/479,L9/464
9,108,L9/464,L8/232
9,108,L8/232,L7/116
9,108,L7/116,L6/58
9,108,L6/58,L7/117
9,108,L7/117,L8/235
9,108,L8/235,L9/471
9,108,L9/471,L9/205
9,108,L9/205,L9/192
9,108,L9/192,L9/195
9,108,L9/195,L9/197
9,108,L9/197,L9/214
9,108,L9/214,L9/213
9,108,L9/213,L9/221
9,108,L9/221,L9/217
9,108,L9/217,L9/219
9,108,L9/219,L9/0
9,108,L9/0,L9/108
9,109,L9/766,L9/745
9,109,L9/745,L8/372
9,109,L8/372,L8/248
9,109,L8/248,L9/497
9,109,L9/497,L9/501
9,109,L9/501,L9/502
9,109,L9/502,L9/503
9,109,L9/503,L9/488
9,109,L9/488,L9/490
9,109,L9/490,L9/491
9,109,L9/491,L9/476
9,109,L9/476,L9/478
9,109,L9/478,L9/479
9,109,L9/479,L9/464
9,109,L9/464,L8/232
9,109,L8/232,L7/116
9,109,L7/116,L6/58
9,109,L6/58,L7/117
9,109,L7/117,L8/235
9,109,L8/235,L9/471
9,109,L9/471,L9/205
9,109,L9/205,L9/192
9,109,L9/192,L9/195
9,109,L9/195,L9/197
9,109,L9/197,L9/214
9,109,L9/214,L9/213
9,109,L9/213,L9/221
9,109,L9/221,L9/217
9,109,L9/217,L9/219
9,109,L9/219,L9/0
9,109,L9/0,L9/109
9,110,L9/766,L9/745
9,110,L9/745,L8/372
9,110,L8/372,L8/248
9,110,L8/248,L9/497
9,110,L9/497,L9/501
9,110,L9/501,L9/502
9,110,L9/502,L9/503
9,110,L9/503,L9/488
9,110,L9/488,L9/490
9,110,L9/490,L9/491
9,110,L9/491,L9/476
9,110,L9/476,L9/478
9,110,L9/478,L9/479
9,110,L9/479,L9/464
9,110,L9/464,L8/232
9,110,L8/232,L7/116
9,110,L7/116,L6/58
9,110,L6/58,L7/117
9,110,L7/117,L8/235
9,110,L8/235,L9/471
9,110,L9/471,L9/205
9,110,L9/205,L9/192
9,110,L9/192,L9/195
9,110,L9/195,L9/197
9,110,L9/197,L9/214
9,110,L9/214,L9/213
9,110,L9/213,L9/221
9,110,L9/221,L9/217
9,110,L9/217,L9/219
9,110,L9/219,L9/0
9,110,L9/0,L9/109
9,110,L9/109,L9/110
9,111,L9/766,L9/745
9,111,L9/745,L8/372
9,111,L8/372,L8/248
9,111,L8/248,L9/497
9,111,L9/497,L9/501
9,111,L9/501,L9/502
9,111,L9/502,L9/503
9,111,L9/503,L9/488
9,111,L9/488,L9/490
9,111,L9/490,L9/491
9,111,L9/491,L9/476
9,111,L9/476,L9/478
9,111,L9/478,L9/479
9,111,L9/479,L9/464
9,111,L9/464,L8/232
9,111,L8/232,L7/116
9,111,L7/116,L6/58
9,111,L6/58,L7/117
9,111,L7/117,L8/235
9,111,L8/235,L9/471
9,111,L9/471,L9/205
9,111,L9/205,L9/192
9,111,L9/192,L9/195
9,111,L9/195,L9/197
9,111,L9/197,L9/214
9,111,L9/214,L9/213
9,111,L9/213,L9/221
9,111,L9/221,L9/217
9,111,L9/217,L9/219
9,111,L9/219,L9/107
9,111,L9/107,L9/106
9,111,L9/106,L9/111
9,112,L9/766,L9/745
9,112,L9/745,L9/237
9,112,L9/237,L8/118
9,112,L8/118,L7/59
9,112,L7/59,L8/119
9,112,L8/119,L9/238
9,112,L9/238,L9/232
9,112,L9/232,L9/100
9,112,L9/100,L8/50
9,112,L8/50,L9/101
9,112,L9/101,L9/116
9,112,L9/116,L9/112
9,113,L9/766,L9/745
9,113,L9/745,L9/237
9,113,L9/237,L8/118
9,113,L8/118,L7/59
9,113,L7/59,L8/119
9,113,L8/119,L9/238
9,113,L9/238,L9/232
9,113,L9/232,L9/119
9,113,L9/119,L8/59
9,113,L8/59,L9/118
9,113,L9/118,L9/113
9,114,L9/766,L9/745
9,114,L9/745,L9/237
9,114,L9/237,L8/118
9,114,L8/118,L7/59
9,114,L7/59,L8/119
9,114,L8/119,L9/238
9,114,L9/238,L9/232
9,114,L9/232,L9/119
9,114,L9/119,L8/59
9,114,L8/59,L9/118
9,114,L9/118,L9/113
9,114,L9/113,L9/114
9,115,L9/766,L9/745
9,115,L9/745,L9/237
9,115,L9/237,L8/118
9,115,L8/118,L7/59
9,115,L7/59,L8/119
9,115,L8/119,L9/238
9,115,L9/238,L9/232
9,115,L9/232,L9/119
9,115,L9/119,L8/59
9,115,L8/59,L9/118
9,115,L9/118,L9/113
9,115,L9/113,L9/115
9,116,L9/766,L9/745
9,116,L9/745,L9/237
9,116,L9/237,L8/118
9,116,L8/118,L7/59
9,116,L7/59,L8/119
9,116,L8/119,L9/238
9,116,L9/238,L9/232
9,116,L9/232,L9/100
9,116,L9/100,L8/50
9,116,L8/50,L9/101
9,116,L9/101,L9/116
9,117,L9/766,L9/745
9,117,L9/745,L9/237
9,117,L9/237,L8/118
9,117,L8/118,L7/59
9,117,L7/59,L8/119
9,117,L8/119,L9/238
9,117,L9/238,L9/232
9,117,L9/232,L9/119
9,117,L9/119,L8/59
9,117,L8/59,L9/118
9,117,L9/118,L9/117
9,118,L9/766,L9/745
9,118,L9/745,L9/237
9,118,L9/237,L8/118
9,118,L8/118,L7/59
9,118,L7/59,L8/119
9,118,L8/119,L9/238
9,118,L9/238,L9/232
9,118,L9/232,L9/119
9,118,L9/119,L8/59
9,118,L8/59,L9/118
9,119,L9/766,L9/745
9,119,L9/745,L9/237
9,119,L9/237,L8/118
9,119,L8/118,L7/59
9,119,L7/59,L8/119
9,119,L8/119,L9/238
9,119,L9/238,L9/232
9,119,L9/232,L9/119
9,120,L9/766,L9/745
9,120,L9/745,L9/237
9,120,L9/237,L8/118
9,120,L8/118,L7/59
9,120,L7/59,L8/119
9,120,L8/119,L9/238
9,120,L9/238,L9/232
9,120,L9/232,L9/100
9,120,L9/100,L8/50
9,120,L8/50,L9/101
9,120,L9/101,L9/116
9,120,L9/116,L9/112
9,120,L9/112,L9/123
9,120,L9/123,L9/120
9,121,L9/766,L9/745
9,121,L9/745,L9/237
9,121,L9/237,L8/118
9,121,L8/118,L7/59
9,121,L7/59,L8/119
9,121,L8/119,L9/238
9,121,L9/238,L9/232
9,121,L9/232,L9/100
9,121,L9/100,L8/50
9,121,L8/50,L9/101
9,121,L9/101,L9/116
9,121,L9/116,L9/112
9,121,L9/112,L9/122
9,121,L9/122,L9/121
9,122,L9/766,L9/745
9,122,L9/745,L9/237
9,122,L9/237,L8/118
9,122,L8/118,L7/59
9,122,L7/59,L8/119
9,122,L8/119,L9/238
9,122,L9/238,L9/232
9,122,L9/232,L9/100
9,122,L9/100,L8/50
9,122,L8/50,L9/101
9,122,L9/101,L9/116
9,122,L9/116,L9/112
9,122,L9/112,L9/122
9,123,L9/766,L9/745
9,123,L9/745,L9/237
9,123,L9/237,L8/118
9,123,L8/118,L7/59
9,123,L7/59,L8/119
9,123,L8/119,L9/238
9,123,L9/238,L9/232
9,123,L9/232,L9/100
9,123,L9/100,L8/50
9,123,L8/50,L9/101
9,123,L9/101,L9/116
9,123,L9/116,L9/112
9,123,L9/112,L9/123
9,124,L9/766,L9/745
9,124,L9/745,L9/237
9,124,L9/237,L8/118
9,124,L8/118,L7/59
9,124,L7/59,L8/119
9,124,L8/119,L9/238
9,124,L9/238,L9/232
9,124,L9/232,L9/119
9,124,L9/119,L8/59
9,124,L8/59,L9/118
9,124,L9/118,L9/113
9,124,L9/113,L9/114
9,124,L9/114,L9/127
9,124,L9/127,L9/124
9,125,L9/766,L9/745
9,125,L9/745,L9/237
9,125,L9/237,L8/118
9,125,L8/118,L7/59
9,125,L7/59,L8/119
9,125,L8/119,L9/238
9,125,L9/238,L9/232
9,125,L9/232,L9/119
9,125,L9/119,L8/59
9,125,L8/59,L9/118
9,125,L9/118,L9/113
9,125,L9/113,L9/114
9,125,L9/114,L9/126
9,125,L9/126,L9/125
9,126,L9/766,L9/745
9,126,L9/745,L9/237
9,126,L9/237,L8/118
9,126,L8/118,L7/59
9,126,L7/59,L8/119
9,126,L8/119,L9/238
9,126,L9/238,L9/232
9,126,L9/232,L9/119
9,126,L9/119,L8/59
9,126,L8/59,L9/118
9,126,L9/118,L9/113
9,126,L9/113,L9/114
9,126,L9/114,L9/126
9,127,L9/766,L9/745
9,127,L9/745,L9/237
9,127,L9/237,L8/118
9,127,L8/118,L7/59
9,127,L7/59,L8/119
9,127,L8/119,L9/238
9,127,L9/238,L9/232
9,127,L9/232,L9/119
9,127,L9/119,L8/59
9,127,L8/59,L9/118
9,127,L9/118,L9/113
9,127,L9/113,L9/114
9,127,L9/114,L9/127
9,128,L9/766,L9/745
9,128,L9/745,L8/372
9,128,L8/372,L8/248
9,128,L8/248,L9/497
9,128,L9/497,L9/501
9,128,L9/501,L9/502
9,128,L9/502,L9/503
9,128,L9/503,L9/488
9,128,L9/488,L9/490
9,128,L9/490,L9/491
9,128,L9/491,L9/476
9,128,L9/476,L9/478
9,128,L9/478,L9/479
9,128,L9/479,L9/464
9,128,L9/464,L8/232
9,128,L8/232,L7/116
9,128,L7/116,L6/58
9,128,L6/58,L7/117
9,128,L7/117,L8/234
9,128,L8/234,L9/468
9,128,L9/468,L9/421
9,128,L9/421,L9/420
9,128,L9/420,L9/422
9,128,L9/422,L9/419
9,128,L9/419,L9/431
9,128,L9/431,L9/430
9,128,L9/430,L9/183
9,128,L9/183,L9/182
9,128,L9/182,L9/185
9,128,L9/185,L9/187
9,128,L9/187,L9/189
9,128,L9/189,L9/191
9,128,L9/191,L8/95
9,128,L8/95,L8/87
9,128,L8/87,L9/175
9,128,L9/175,L9/172
9,128,L9/172,L9/170
9,128,L9/170,L9/152
9,128,L9/152,L9/153
9,128,L9/153,L9/159
9,128,L9/159,L9/139
9,128,L9/139,L9/128
9,129,L9/766,L9/745
9,129,L9/745,L8/372
9,129,L8/372,L8/248
9,129,L8/248,L9/497
9,129,L9/497,L9/501
9,129,L9/501,L9/502
9,129,L9/502,L9/503
9,129,L9/503,L9/488
9,129,L9/488,L9/490
9,129,L9/490,L9/491
9,129,L9/491,L9/476
9,129,L9/476,L9/478
9,129,L9/478,L9/479
9,129,L9/479,L9/464
9,129,L9/464,L8/232
9,129,L8/232,L7/116
9,129,L7/116,L6/58
9,129,L6/58,L7/117
9,129,L7/117,L8/234
9,129,L8/234,L9/468
9,129,L9/468,L9/421
9,129,L9/421,L9/420
9,129,L9/420,L9/422
9,129,L9/422,L9/419
9,129,L9/419,L9/431
9,129,L9/431,L9/430
9,129,L9/430,L9/183
9,129,L9/183,L9/182
9,129,L9/182,L9/185
9,129,L9/185,L9/187
9,129,L9/187,L9/189
9,129,L9/189,L9/191
9,129,L9/191,L8/95
9,129,L8/95,L8/87
9,129,L8/87,L9/175
9,129,L9/175,L9/169
9,129,L9/169,L9/168
9,129,L9/168,L9/160
9,129,L9/160,L9/161
9,129,L9/161,L9/167
9,129,L9/167,L9/130
9,129,L9/130,L9/131
9,129,L9/131,L9/129
9,130,L9/766,L9/745
9,130,L9/745,L8/372
9,130,L8/372,L8/248
9,130,L8/248,L9/497
9,130,L9/497,L9/501
9,130,L9/501,L9/502
9,130,L9/502,L9/503
9,130,L9/503,L9/488
9,130,L9/488,L9/490
9,130,L9/490,L9/491
9,130,L9/491,L9/476
9,130,L9/476,L9/478
9,130,L9/478,L9/479
9,130,L9/479,L9/464
9,130,L9/464,L8/232
9,130,L8/232,L7/116
9,130,L7/116,L6/58
9,130,L6/58,L7/117
9,130,L7/117,L8/234
9,130,L8/234,L9/468
9,130,L9/468,L9/421
9,130,L9/421,L9/420
9,130,L9/420,L9/422
9,130,L9/422,L9/419
9,130,L9/419,L9/431
9,130,L9/431,L9/430
9,130,L9/430,L9/183
9,130,L9/183,L9/182
9,130,L9/182,L9/185
9,130,L9/185,L9/187
9,130,L9/187,L9/189
9,130,L9/189,L9/191
9,130,L9/191,L8/95
9,130,L8/95,L8/87
9,130,L8/87,L9/175
9,130,L9/175,L9/169
9,130,L9/169,L9/168
9,130,L9/168,L9/160
9,130,L9/160,L9/161
9,130,L9/161,L9/167
9,130,L9/167,L9/130
9,131,L9/766,L9/745
9,131,L9/745,L8/372
9,131,L8/372,L8/248
9,131,L8/248,L9/497
9,131,L9/497,L9/501
9,131,L9/501,L9/502
9,131,L9/502,L9/503
9,131,L9/503,L9/488
9,131,L9/488,L9/490
9,131,L9/490,L9/491
9,131,L9/491,L9/476
9,131,L9/476,L9/478
9,131,L9/478,L9/479
9,131,L9/479,L9/464
9,131,L9/464,L8/232
9,131,L8/232,L7/116
9,131,L7/116,L6/58
9,131,L6/58,L7/117
9,131,L7/117,L8/234
9,131,L8/234,L9/468
9,131,L9/468,L9/421
9,131,L9/421,L9/420
9,131,L9/420,L9/422
9,131,L9/422,L9/419
9,131,L9/419,L9/431
9,131,L9/431,L9/430
9,131,L9/430,L9/183
9,131,L9/183,L9/182
9,131,L9/182,L9/185
9,131,L9/185,L9/187
9,131,L9/187,L9/189
9,131,L9/189,L9/191
9,131,L9/191,L8/95
9,131,L8/95,L8/87
9,131,L8/87,L9/175
9,131,L9/175,L9/169
9,131,L9/169,L9/168
9,131,L9/168,L9/160
9,131,L9/160,L9/161
9,131,L9/161,L9/167
9,131,L9/167,L9/130
9,131,L9/130,L9/131
9,132,L9/766,L9/745
9,132,L9/745,L8/372
9,132,L8/372,L8/248
9,132,L8/248,L9/497
9,132,L9/497,L9/501
9,132,L9/501,L9/502
9,132,L9/502,L9/503
9,132,L9/503,L9/488
9,132,L9/488,L9/490
9,132,L9/490,L9/491
9,132,L9/491,L9/476
9,132,L9/476,L9/478
9,132,L9/478,L9/479
9,132,L9/479,L9/464
9,132,L9/464,L8/232
9,132,L8/232,L7/116
9,132,L7/116,L6/58
9,132,L6/58,L7/117
9,132,L7/117,L8/234
9,132,L8/234,L9/468
9,132,L9/468,L9/421
9,132,L9/421,L9/420
9,132,L9/420,L9/422
9,132,L9/422,L9/419
9,132,L9/419,L9/431
9,132,L9/431,L9/430
9,132,L9/430,L9/183
9,132,L9/183,L9/182
9,132,L9/182,L9/185
9,132,L9/185,L9/187
9,132,L9/187,L9/189
9,132,L9/189,L9/191
9,132,L9/191,L8/95
9,132,L8/95,L8/87
9,132,L8/87,L9/175
9,132,L9/175,L9/169
9,132,L9/169,L9/168
9,132,L9/168,L9/160
9,132,L9/160,L9/161
9,132,L9/161,L9/167
9,132,L9/167,L9/130
9,132,L9/130,L9/132
9,133,L9/766,L9/745
9,133,L9/745,L8/372
9,133,L8/372,L8/248
9,133,L8/248,L9/497
9,133,L9/497,L9/501
9,133,L9/501,L9/502
9,133,L9/502,L9/503
9,133,L9/503,L9/488
9,133,L9/488,L9/490
9,133,L9/490,L9/491
9,133,L9/491,L9/476
9,133,L9/476,L9/478
9,133,L9/478,L9/479
9,133,L9/479,L9/464
9,133,L9/464,L8/232
9,133,L8/232,L7/116
9,133,L7/116,L6/58
9,133,L6/58,L7/117
9,133,L7/117,L8/234
9,133,L8/234,L9/468
9,133,L9/468,L9/421
9,133,L9/421,L9/420
9,133,L9/420,L9/422
9,133,L9/422,L9/419
9,133,L9/419,L9/431
9,133,L9/431,L9/430
9,133,L9/430,L9/183
9,133,L9/183,L9/182
9,133,L9/182,L9/185
9,133,L9/185,L9/187
9,133,L9/187,L9/189
9,133,L9/189,L9/191
9,133,L9/191,L8/95
9,133,L8/95,L8/87
9,133,L8/87,L9/175
9,133,L9/175,L9/169
9,133,L9/169,L9/168
9,133,L9/168,L9/160
9,133,L9/160,L9/161
9,133,L9/161,L9/167
9,133,L9/167,L9/130
9,133,L9/130,L9/132
9,133,L9/132,L9/133
9,134,L9/766,L9/745
9,134,L9/745,L8/372
9,134,L8/372,L8/248
9,134,L8/248,L9/497
9,134,L9/497,L9/501
9,134,L9/501,L9/502
9,134,L9/502,L9/503
9,134,L9/503,L9/488
9,134,L9/488,L9/490
9,134,L9/490,L9/491
9,134,L9/491,L9/476
9,134,L9/476,L9/478
9,134,L9/478,L9/479
9,134,L9/479,L9/464
9,134,L9/464,L8/232
9,134,L8/232,L7/116
9,134,L7/116,L6/58
9,134,L6/58,L7/117
9,134,L7/117,L8/234
9,134,L8/234,L9/468
9,134,L9/468,L9/421
9,134,L9/421,L9/420
9,134,L9/420,L9/422
9,134,L9/422,L9/419
9,134,L9/419,L9/431
9,134,L9/431,L9/430
9,134,L9/430,L9/183
9,134,L9/183,L9/182
9,134,L9/182,L9/185
9,134,L9/185,L9/187
9,134,L9/187,L9/189
9,134,L9/189,L9/191
9,134,L9/191,L8/95
9,134,L8/95,L8/87
9,134,L8/87,L9/175
9,134,L9/175,L9/169
9,134,L9/169,L9/168
9,134,L9/168,L9/160
9,134,L9/160,L9/161
9,134,L9/161,L9/167
9,134,L9/167,L9/130
9,134,L9/130,L9/131
9,134,L9/131,L9/134
9,135,L9/766,L9/745
9,135,L9/745,L8/372
9,135,L8/372,L8/248
9,135,L8/248,L9/497
9,135,L9/497,L9/501
9,135,L9/501,L9/502
9,135,L9/502,L9/503
9,135,L9/503,L9/488
9,135,L9/488,L9/490
9,135,L9/490,L9/491
9,135,L9/491,L9/476
9,135,L9/476,L9/478
9,135,L9/478,L9/479
9,135,L9/479,L9/464
9,135,L9/464,L8/232
9,135,L8/232,L7/116
9,135,L7/116,L6/58
9,135,L6/58,L7/117
9,135,L7/117,L8/234
9,135,L8/234,L9/468
9,135,L9/468,L9/421
9,135,L9/421,L9/420
9,135,L9/420,L9/422
9,135,L9/422,L9/419
9,135,L9/419,L9/431
9,135,L9/431,L9/430
9,135,L9/430,L9/183
9,135,L9/183,L9/182
9,135,L9/182,L9/185
9,135,L9/185,L9/187
9,135,L9/187,L9/189
9,135,L9/189,L9/191
9,135,L9/191,L8/95
9,135,L8/95,L8/87
9,135,L8/87,L9/175
9,135,L9/175,L9/169
9,135,L9/169,L9/168
9,135,L9/168,L9/160
9,135,L9/160,L9/161
9,135,L9/161,L9/167
9,135,L9/167,L9/130
9,135,L9/130,L9/131
9,135,L9/131,L9/134
9,135,L9/134,L9/135
9,136,L9/766,L9/745
9,136,L9/745,L8/372
9,136,L8/372,L8/248
9,136,L8/248,L9/497
9,136,L9/497,L9/501
9,136,L9/501,L9/502
9,136,L9/502,L9/503
9,136,L9/503,L9/488
9,136,L9/488,L9/490
9,136,L9/490,L9/491
9,136,L9/491,L9/476
9,136,L9/476,L9/478
9,136,L9/478,L9/479
9,136,L9/479,L9/464
9,136,L9/464,L8/232
9,136,L8/232,L7/116
9,136,L7/116,L6/58
9,136,L6/58,L7/117
9,136,L7/117,L8/234
9,136,L8/234,L9/468
9,136,L9/468,L9/421
9,136,L9/421,L9/420
9,136,L9/420,L9/422
9,136,L9/422,L9/419
9,136,L9/419,L9/431
9,136,L9/431,L9/430
9,136,L9/430,L9/183
9,136,L9/183,L9/182
9,136,L9/182,L9/185
9,136,L9/185,L9/187
9,136,L9/187,L9/189
9,136,L9/189,L9/191
9,136,L9/191,L8/95
9,136,L8/95,L8/87
9,136,L8/87,L9/175
9,136,L9/175,L9/172
9,136,L9/172,L9/170
9,136,L9/170,L9/152
9,136,L9/152,L9/153
9,136,L9/153,L9/159
9,136,L9/159,L9/157
9,136,L9/157,L9/156
9,136,L9/156,L9/136
9,137,L9/766,L9/745
9,137,L9/745,L8/372
9,137,L8/372,L8/248
9,137,L8/248,L9/497
9,137,L9/497,L9/501
9,137,L9/501,L9/502
9,137,L9/502,L9/503
9,137,L9/503,L9/488
9,137,L9/488,L9/490
9,137,L9/490,L9/491
9,137,L9/491,L9/476
9,137,L9/476,L9/478
9,137,L9/478,L9/479
9,137,L9/479,L9/464
9,137,L9/464,L8/232
9,137,L8/232,L7/116
9,137,L7/116,L6/58
9,137,L6/58,L7/117
9,137,L7/117,L8/234
9,137,L8/234,L9/468
9,137,L9/468,L9/421
9,137,L9/421,L9/420
9,137,L9/420,L9/422
9,137,L9/422,L9/419
9,137,L9/419,L9/431
9,137,L9/431,L9/430
9,137,L9/430,L9/183
9,137,L9/183,L9/182
9,137,L9/182,L9/185
9,137,L9/185,L9/187
9,137,L9/187,L9/189
9,137,L9/189,L9/191
9,137,L9/191,L8/95
9,137,L8/95,L8/87
9,137,L8/87,L9/175
9,137,L9/175,L9/172
9,137,L9/172,L9/170
9,137,L9/170,L9/152
9,137,L9/152,L9/153
9,137,L9/153,L9/159
9,137,L9/159,L9/139
9,137,L9/139,L9/138
9,137,L9/138,L9/137
9,138,L9/766,L9/745
9,138,L9/745,L8/372
9,138,L8/372,L8/248
9,138,L8/248,L9/497
9,138,L9/497,L9/501
9,138,L9/501,L9/502
9,138,L9/502,L9/503
9,138,L9/503,L9/488
9,138,L9/488,L9/490
9,138,L9/490,L9/491
9,138,L9/491,L9/476
9,138,L9/476,L9/478
9,138,L9/478,L9/479
9,138,L9/479,L9/464
9,138,L9/464,L8/232
9,138,L8/232,L7/116
9,138,L7/116,L6/58
9,138,L6/58,L7/117
9,138,L7/117,L8/234
9,138,L8/234,L9/468
9,138,L9/468,L9/421
9,138,L9/421,L9/420
9,138,L9/420,L9/422
9,138,L9/422,L9/419
9,138,L9/419,L9/431
9,138,L9/431,L9/430
9,138,L9/430,L9/183
9,138,L9/183,L9/182
9,138,L9/182,L9/185
9,138,L9/185,L9/187
9,138,L9/187,L9/189
9,138,L9/189,L9/191
9,138,L9/191,L8/95
9,138,L8/95,L8/87
9,138,L8/87,L9/175
9,138,L9/175,L9/172
9,138,L9/172,L9/170
9,138,L9/170,L9/152
9,138,L9/152,L9/153
9,138,L9/153,L9/159
9,138,L9/159,L9/139
9,138,L9/139,L9/138
9,139,L9/766,L9/745
9,139,L9/745,L8/372
9,139,L8/372,L8/248
9,139,L8/248,L9/497
9,139,L9/497,L9/501
9,139,L9/501,L9/502
9,139,L9/502,L9/503
9,139,L9/503,L9/488
9,139,L9/488,L9/490
9,139,L9/490,L9/491
9,139,L9/491,L9/476
9,139,L9/476,L9/478
9,139,L9/478,L9/479
9,139,L9/479,L9/464
9,139,L9/464,L8/232
9,139,L8/232,L7/116
9,139,L7/116,L6/58
9,139,L6/58,L7/117
9,139,L7/117,L8/234
9,139,L8/234,L9/468
9,139,L9/468,L9/421
9,139,L9/421,L9/420
9,139,L9/420,L9/422
9,139,L9/422,L9/419
9,139,L9/419,L9/431
9,139,L9/431,L9/430
9,139,L9/430,L9/183
9,139,L9/183,L9/182
9,139,L9/182,L9/185
9,139,L9/185,L9/187
9,139,L9/187,L9/189
9,139,L9/189,L9/191
9,139,L9/191,L8/95
9,139,L8/95,L8/87
9,139,L8/87,L9/175
9,139,L9/175,L9/172
9,139,L9/172,L9/170
9,139,L9/170,L9/152
9,139,L9/152,L9/153
9,139,L9/153,L9/159
9,139,L9/159,L9/139
9,140,L9/766,L9/745
9,140,L9/745,L8/372
9,140,L8/372,L8/248
9,140,L8/248,L9/497
9,140,L9/497,L9/501
9,140,L9/501,L9/502
9,140,L9/502,L9/503
9,140,L9/503,L9/488
9,140,L9/488,L9/490
9,140,L9/490,L9/491
9,140,L9/491,L9/476
9,140,L9/476,L9/478
9,140,L9/478,L9/479
9,140,L9/479,L9/464
9,140,L9/464,L8/232
9,140,L8/232,L7/116
9,140,L7/116,L6/58
9,140,L6/58,L7/117
9,140,L7/117,L8/234
9,140,L8/234,L9/468
9,140,L9/468,L9/421
9,140,L9/421,L9/420
9,140,L9/420,L9/422
9,140,L9/422,L9/419
9,140,L9/419,L9/431
9,140,L9/431,L9/430
9,140,L9/430,L9/183
9,140,L9/183,L9/182
9,140,L9/182,L9/185
9,140,L9/185,L9/187
9,140,L9/187,L9/189
9,140,L9/189,L9/191
9,140,L9/191,L8/95
9,140,L8/95,L8/87
9,140,L8/87,L9/175
9,140,L9/175,L9/172
9,140,L9/172,L9/170
9,140,L9/170,L9/152
9,140,L9/152,L9/153
9,140,L9/153,L9/159
9,140,L9/159,L9/139
9,140,L9/139,L9/138
9,140,L9/138,L9/142
9,140,L9/142,L9/140
9,141,L9/766,L9/745
9,141,L9/745,L8/372
9,141,L8/372,L8/248
9,141,L8/248,L9/497
9,141,L9/497,L9/501
9,141,L9/501,L9/502
9,141,L9/502,L9/503
9,141,L9/503,L9/488
9,141,L9/488,L9/490
9,141,L9/490,L9/491
9,141,L9/491,L9/476
9,141,L9/476,L9/478
9,141,L9/478,L9/479
9,141,L9/479,L9/464
9,141,L9/464,L8/232
9,141,L8/232,L7/116
9,141,L7/116,L6/58
9,141,L6/58,L7/117
9,141,L7/117,L8/234
9,141,L8/234,L9/468
9,141,L9/468,L9/421
9,141,L9/421,L9/420
9,141,L9/420,L9/422
9,141,L9/422,L9/419
9,141,L9/419,L9/431
9,141,L9/431,L9/430
9,141,L9/430,L9/183
9,141,L9/183,L9/182
9,141,L9/182,L9/185
9,141,L9/185,L9/187
9,141,L9/187,L9/189
9,141,L9/189,L9/191
9,141,L9/191,L8/95
9,141,L8/95,L8/87
9,141,L8/87,L9/175
9,141,L9/175,L9/172
9,141,L9/172,L9/170
9,141,L9/170,L9/152
9,141,L9/152,L9/153
9,141,L9/153,L9/159
9,141,L9/159,L9/139
9,141,L9/139,L9/138
9,141,L9/138,L9/142
9,141,L9/142,L9/141
9,142,L9/766,L9/745
9,142,L9/745,L8/372
9,142,L8/372,L8/248
9,142,L8/248,L9/497
9,142,L9/497,L9/501
9,142,L9/501,L9/502
9,142,L9/502,L9/503
9,142,L9/503,L9/488
9,142,L9/488,L9/490
9,142,L9/490,L9/491
9,142,L9/491,L9/476
9,142,L9/476,L9/478
9,142,L9/478,L9/479
9,142,L9/479,L9/464
9,142,L9/464,L8/232
9,142,L8/232,L7/116
9,142,L7/116,L6/58
9,142,L6/58,L7/117
9,142,L7/117,L8/234
9,142,L8/234,L9/468
9,142,L9/468,L9/421
9,142,L9/421,L9/420
9,142,L9/420,L9/422
9,142,L9/422,L9/419
9,142,L9/419,L9/431
9,142,L9/431,L9/430
9,142,L9/430,L9/183
9,142,L9/183,L9/182
9,142,L9/182,L9/185
9,142,L9/185,L9/187
9,142,L9/187,L9/189
9,142,L9/189,L9/191
9,142,L9/191,L8/95
9,142,L8/95,L8/87
9,142,L8/87,L9/175
9,142,L9/175,L9/172
9,142,L9/172,L9/170
9,142,L9/170,L9/152
9,142,L9/152,L9/153
9,142,L9/153,L9/159
9,142,L9/159,L9/139
9,142,L9/139,L9/138
9,142,L9/138,L9/142
9,143,L9/766,L9/745
9,143,L9/745,L8/372
9,143,L8/372,L8/248
9,143,L8/248,L9/497
9,143,L9/497,L9/501
9,143,L9/501,L9/502
9,143,L9/502,L9/503
9,143,L9/503,L9/488
9,143,L9/488,L9/490
9,143,L9/490,L9/491
9,143,L9/491,L9/476
9,143,L9/476,L9/478
9,143,L9/478,L9/479
9,143,L9/479,L9/464
9,143,L9/464,L8/232
9,143,L8/232,L7/116
9,143,L7/116,L6/58
9,143,L6/58,L7/117
9,143,L7/117,L8/234
9,143,L8/234,L9/468
9,143,L9/468,L9/421
9,143,L9/421,L9/420
9,143,L9/420,L9/422
9,143,L9/422,L9/419
9,143,L9/419,L9/431
9,143,L9/431,L9/430
9,143,L9/430,L9/183
9,143,L9/183,L9/182
9,143,L9/182,L9/185
9,143,L9/185,L9/187
9,143,L9/187,L9/189
9,143,L9/189,L9/191
9,143,L9/191,L8/95
9,143,L8/95,L8/87
9,143,L8/87,L9/175
9,143,L9/175,L9/172
9,143,L9/172,L9/170
9,143,L9/170,L9/152
9,143,L9/152,L9/153
9,143,L9/153,L9/159
9,143,L9/159,L9/139
9,143,L9/139,L9/138
9,143,L9/138,L9/142
9,143,L9/142,L9/143
9,144,L9/766,L9/745
9,144,L9/745,L8/372
9,144,L8/372,L8/248
9,144,L8/248,L9/497
9,144,L9/497,L9/501
9,144,L9/501,L9/502
9,144,L9/502,L9/503
9,144,L9/503,L9/488
9,144,L9/488,L9/490
9,144,L9/490,L9/491
9,144,L9/491,L9/476
9,144,L9/476,L9/478
9,144,L9/478,L9/479
9,144,L9/479,L9/464
9,144,L9/464,L8/232
9,144,L8/232,L7/116
9,144,L7/116,L6/58
9,144,L6/58,L7/117
9,144,L7/117,L8/234
9,144,L8/234,L9/468
9,144,L9/468,L9/421
9,144,L9/421,L9/420
9,144,L9/420,L9/422
9,144,L9/422,L9/419
9,144,L9/419,L9/431
9,144,L9/431,L9/430
9,144,L9/430,L9/183
9,144,L9/183,L9/182
9,144,L9/182,L9/185
9,144,L9/185,L9/187
9,144,L9/187,L9/189
9,144,L9/189,L9/191
9,144,L9/191,L8/95
9,144,L8/95,L8/87
9,144,L8/87,L9/175
9,144,L9/175,L9/172
9,144,L9/172,L9/154
9,144,L9/154,L9/148
9,144,L9/148,L9/149
9,144,L9/149,L9/144
9,145,L9/766,L9/745
9,145,L9/745,L8/372
9,145,L8/372,L8/248
9,145,L8/248,L9/497
9,145,L9/497,L9/501
9,145,L9/501,L9/502
9,145,L9/502,L9/503
9,145,L9/503,L9/488
9,145,L9/488,L9/490
9,145,L9/490,L9/491
9,145,L9/491,L9/476
9,145,L9/476,L9/478
9,145,L9/478,L9/479
9,145,L9/479,L9/464
9,145,L9/464,L8/232
9,145,L8/232,L7/116
9,145,L7/116,L6/58
9,145,L6/58,L7/117
9,145,L7/117,L8/234
9,145,L8/234,L9/468
9,145,L9/468,L9/421
9,145,L9/421,L9/420
9,145,L9/420,L9/422
9,145,L9/422,L9/419
9,145,L9/419,L9/431
9,145,L9/431,L9/430
9,145,L9/430,L9/183
9,145,L9/183,L9/182
9,145,L9/182,L9/185
9,145,L9/185,L9/187
9,145,L9/187,L9/189
9,145,L9/189,L9/191
9,145,L9/191,L8/95
9,145,L8/95,L8/87
9,145,L8/87,L9/175
9,145,L9/175,L9/172
9,145,L9/172,L9/154
9,145,L9/154,L9/148
9,145,L9/148,L9/149
9,145,L9/149,L9/145
9,146,L9/766,L9/745
9,146,L9/745,L8/372
9,146,L8/372,L8/248
9,146,L8/248,L9/497
9,146,L9/497,L9/501
9,146,L9/501,L9/502
9,146,L9/502,L9/503
9,146,L9/503,L9/488
9,146,L9/488,L9/490
9,146,L9/490,L9/491
9,146,L9/491,L9/476
9,146,L9/476,L9/478
9,146,L9/478,L9/479
9,146,L9/479,L9/464
9,146,L9/464,L8/232
9,146,L8/232,L7/116
9,146,L7/116,L6/58
9,146,L6/58,L7/117
9,146,L7/117,L8/234
9,146,L8/234,L9/468
9,146,L9/468,L9/421
9,146,L9/421,L9/420
9,146,L9/420,L9/422
9,146,L9/422,L9/419
9,146,L9/419,L9/431
9,146,L9/431,L9/430
9,146,L9/430,L9/183
9,146,L9/183,L9/182
9,146,L9/182,L9/185
9,146,L9/185,L9/187
9,146,L9/187,L9/189
9,146,L9/189,L9/191
9,146,L9/191,L8/95
9,146,L8/95,L8/87
9,146,L8/87,L9/175
9,146,L9/175,L9/172
9,146,L9/172,L9/154
9,146,L9/154,L9/148
9,146,L9/148,L9/149
9,146,L9/149,L9/145
9,146,L9/145,L9/146
9,147,L9/766,L9/745
9,147,L9/745,L8/372
9,147,L8/372,L8/248
9,147,L8/248,L9/497
9,147,L9/497,L9/501
9,147,L9/501,L9/502
9,147,L9/502,L9/503
9,147,L9/503,L9/488
9,147,L9/488,L9/490
9,147,L9/490,L9/491
9,147,L9/491,L9/476
9,147,L9/476,L9/478
9,147,L9/478,L9/479
9,147,L9/479,L9/464
9,147,L9/464,L8/232
9,147,L8/232,L7/116
9,147,L7/116,L6/58
9,147,L6/58,L7/117
9,147,L7/117,L8/234
9,147,L8/234,L9/468
9,147,L9/468,L9/421
9,147,L9/421,L9/420
9,147,L9/420,L9/422
9,147,L9/422,L9/419
9,147,L9/419,L9/431
9,147,L9/431,L9/430
9,147,L9/430,L9/183
9,147,L9/183,L9/182
9,147,L9/182,L9/185
9,147,L9/185,L9/187
9,147,L9/187,L9/189
9,147,L9/189,L9/191
9,147,L9/191,L8/95
9,147,L8/95,L8/87
9,147,L8/87,L9/175
9,147,L9/175,L9/172
9,147,L9/172,L9/154
9,147,L9/154,L9/148
9,147,L9/148,L9/149
9,147,L9/149,L9/144
9,147,L9/144,L9/147
9,148,L9/766,L9/745
9,148,L9/745,L8/372
9,148,L8/372,L8/248
9,148,L8/248,L9/497
9,148,L9/497,L9/501
9,148,L9/501,L9/502
9,148,L9/502,L9/503
9,148,L9/503,L9/488
9,148,L9/488,L9/490
9,148,L9/490,L9/491
9,148,L9/491,L9/476
9,148,L9/476,L9/478
9,148,L9/478,L9/479
9,148,L9/479,L9/464
9,148,L9/464,L8/232
9,148,L8/232,L7/116
9,148,L7/116,L6/58
9,148,L6/58,L7/117
9,148,L7/117,L8/234
9,148,L8/234,L9/468
9,148,L9/468,L9/421
9,148,L9/421,L9/420
9,148,L9/420,L9/422
9,148,L9/422,L9/419
9,148,L9/419,L9/431
9,148,L9/431,L9/430
9,148,L9/430,L9/183
9,148,L9/183,L9/182
9,148,L9/182,L9/185
9,148,L9/185,L9/187
9,148,L9/187,L9/189
9,148,L9/189,L9/191
9,148,L9/191,L8/95
9,148,L8/95,L8/87
9,148,L8/87,L9/175
9,148,L9/175,L9/172
9,148,L9/172,L9/154
9,148,L9/154,L9/148
9,149,L9/766,L9/745
9,149,L9/745,L8/372
9,149,L8/372,L8/248
9,149,L8/248,L9/497
9,149,L9/497,L9/501
9,149,L9/501,L9/502
9,149,L9/502,L9/503
9,149,L9/503,L9/488
9,149,L9/488,L9/490
9,149,L9/490,L9/491
9,149,L9/491,L9/476
9,149,L9/476,L9/478
9,149,L9/478,L9/479
9,149,L9/479,L9/464
9,149,L9/464,L8/232
9,149,L8/232,L7/116
9,149,L7/116,L6/58
9,149,L6/58,L7/117
9,149,L7/117,L8/234
9,149,L8/234,L9/468
9,149,L9/468,L9/421
9,149,L9/421,L9/420
9,149,L9/420,L9/422
9,149,L9/422,L9/419
9,149,L9/419,L9/431
9,149,L9/431,L9/430
9,149,L9/430,L9/183
9,149,L9/183,L9/182
9,149,L9/182,L9/185
9,149,L9/185,L9/187
9,149,L9/187,L9/189
9,149,L9/189,L9/191
9,149,L9/191,L8/95
9,149,L8/95,L8/87
9,149,L8/87,L9/175
9,149,L9/175,L9/172
9,149,L9/172,L9/154
9,149,L9/154,L9/148
9,149,L9/148,L9/149
9,150,L9/766,L9/745
9,150,L9/745,L8/372
9,150,L8/372,L8/248
9,150,L8/248,L9/497
9,150,L9/497,L9/501
9,150,L9/501,L9/502
9,150,L9/502,L9/503
9,150,L9/503,L9/488
9,150,L9/488,L9/490
9,150,L9/490,L9/491
9,150,L9/491,L9/476
9,150,L9/476,L9/478
9,150,L9/478,L9/479
9,150,L9/479,L9/464
9,150,L9/464,L8/232
9,150,L8/232,L7/116
9,150,L7/116,L6/58
9,150,L6/58,L7/117
9,150,L7/117,L8/234
9,150,L8/234,L9/468
9,150,L9/468,L9/421
9,150,L9/421,L9/420
9,150,L9/420,L9/422
9,150,L9/422,L9/419
9,150,L9/419,L9/431
9,150,L9/431,L9/430
9,150,L9/430,L9/183
9,150,L9/183,L9/182
9,150,L9/182,L9/185
9,150,L9/185,L9/187
9,150,L9/187,L9/189
9,150,L9/189,L9/191
9,150,L9/191,L8/95
9,150,L8/95,L8/87
9,150,L8/87,L9/175
9,150,L9/175,L9/172
9,150,L9/172,L9/154
9,150,L9/154,L9/148
9,150,L9/148,L9/150
9,151,L9/766,L9/745
9,151,L9/745,L8/372
9,151,L8/372,L8/248
9,151,L8/248,L9/497
9,151,L9/497,L9/501
9,151,L9/501,L9/502
9,151,L9/502,L9/503
9,151,L9/503,L9/488
9,151,L9/488,L9/490
9,151,L9/490,L9/491
9,151,L9/491,L9/476
9,151,L9/476,L9/478
9,151,L9/478,L9/479
9,151,L9/479,L9/464
9,151,L9/464,L8/232
9,151,L8/232,L7/116
9,151,L7/116,L6/58
9,151,L6/58,L7/117
9,151,L7/117,L8/234
9,151,L8/234,L9/468
9,151,L9/468,L9/421
9,151,L9/421,L9/420
9,151,L9/420,L9/422
9,151,L9/422,L9/419
9,151,L9/419,L9/431
9,151,L9/431,L9/430
9,151,L9/430,L9/183
9,151,L9/183,L9/182
9,151,L9/182,L9/185
9,151,L9/185,L9/187
9,151,L9/187,L9/189
9,151,L9/189,L9/191
9,151,L9/191,L8/95
9,151,L8/95,L8/87
9,151,L8/87,L9/175
9,151,L9/175,L9/172
9,151,L9/172,L9/154
9,151,L9/154,L9/148
9,151,L9/148,L9/149
9,151,L9/149,L9/151
9,152,L9/766,L9/745
9,152,L9/745,L8/372
9,152,L8/372,L8/248
9,152,L8/248,L9/497
9,152,L9/497,L9/501
9,152,L9/501,L9/502
9,152,L9/502,L9/503
9,152,L9/503,L9/488
9,152,L9/488,L9/490
9,152,L9/490,L9/491
9,152,L9/491,L9/476
9,152,L9/476,L9/478
9,152,L9/478,L9/479
9,152,L9/479,L9/464
9,152,L9/464,L8/232
9,152,L8/232,L7/116
9,152,L7/116,L6/58
9,152,L6/58,L7/117
9,152,L7/117,L8/234
9,152,L8/234,L9/468
9,152,L9/468,L9/421
9,152,L9/421,L9/420
9,152,L9/420,L9/422
9,152,L9/422,L9/419
9,152,L9/419,L9/431
9,152,L9/431,L9/430
9,152,L9/430,L9/183
9,152,L9/183,L9/182
9,152,L9/182,L9/185
9,152,L9/185,L9/187
9,152,L9/187,L9/189
9,152,L9/189,L9/191
9,152,L9/191,L8/95
9,152,L8/95,L8/87
9,152,L8/87,L9/175
9,152,L9/175,L9/172
9,152,L9/172,L9/170
9,152,L9/170,L9/152
9,153,L9/766,L9/745
9,153,L9/745,L8/372
9,153,L8/372,L8/248
9,153,L8/248,L9/497
9,153,L9/497,L9/501
9,153,L9/501,L9/502
9,153,L9/502,L9/503
9,153,L9/503,L9/488
9,153,L9/488,L9/490
9,153,L9/490,L9/491
9,153,L9/491,L9/476
9,153,L9/476,L9/478
9,153,L9/478,L9/479
9,153,L9/479,L9/464
9,153,L9/464,L8/232
9,153,L8/232,L7/116
9,153,L7/116,L6/58
9,153,L6/58,L7/117
9,153,L7/117,L8/234
9,153,L8/234,L9/468
9,153,L9/468,L9/421
9,153,L9/421,L9/420
9,153,L9/420,L9/422
9,153,L9/422,L9/419
9,153,L9/419,L9/431
9,153,L9/431,L9/430
9,153,L9/430,L9/183
9,153,L9/183,L9/182
9,153,L9/182,L9/185
9,153,L9/185,L9/187
9,153,L9/187,L9/189
9,153,L9/189,L9/191
9,153,L9/191,L8/95
9,153,L8/95,L8/87
9,153,L8/87,L9/175
9,153,L9/175,L9/172
9,153,L9/172,L9/170
9,153,L9/170,L9/152
9,153,L9/152,L9/153
9,154,L9/766,L9/745
9,154,L9/745,L8/372
9,154,L8/372,L8/248
9,154,L8/248,L9/497
9,154,L9/497,L9/501
9,154,L9/501,L9/502
9,154,L9/502,L9/503
9,154,L9/503,L9/488
9,154,L9/488,L9/490
9,154,L9/490,L9/491
9,154,L9/491,L9/476
9,154,L9/476,L9/478
9,154,L9/478,L9/479
9,154,L9/479,L9/464
9,154,L9/464,L8/232
9,154,L8/232,L7/116
9,154,L7/116,L6/58
9,154,L6/58,L7/117
9,154,L7/117,L8/234
9,154,L8/234,L9/468
9,154,L9/468,L9/421
9,154,L9/421,L9/420
9,154,L9/420,L9/422
9,154,L9/422,L9/419
9,154,L9/419,L9/431
9,154,L9/431,L9/430
9,154,L9/430,L9/183
9,154,L9/183,L9/182
9,154,L9/182,L9/185
9,154,L9/185,L9/187
9,154,L9/187,L9/189
9,154,L9/189,L9/191
9,154,L9/191,L8/95
9,154,L8/95,L8/87
9,154,L8/87,L9/175
9,154,L9/175,L9/172
9,154,L9/172,L9/154
9,155,L9/766,L9/745
9,155,L9/745,L8/372
9,155,L8/372,L8/248
9,155,L8/248,L9/497
9,155,L9/497,L9/501
9,155,L9/501,L9/502
9,155,L9/502,L9/503
9,155,L9/503,L9/488
9,155,L9/488,L9/490
9,155,L9/490,L9/491
9,155,L9/491,L9/476
9,155,L9/476,L9/478
9,155,L9/478,L9/479
9,155,L9/479,L9/464
9,155,L9/464,L8/232
9,155,L8/232,L7/116
9,155,L7/116,L6/58
9,155,L6/58,L7/117
9,155,L7/117,L8/234
9,155,L8/234,L9/468
9,155,L9/468,L9/421
9,155,L9/421,L9/420
9,155,L9/420,L9/422
9,155,L9/422,L9/419
9,155,L9/419,L9/431
9,155,L9/431,L9/430
9,155,L9/430,L9/183
9,155,L9/183,L9/182
9,155,L9/182,L9/185
9,155,L9/185,L9/187
9,155,L9/187,L9/189
9,155,L9/189,L9/191
9,155,L9/191,L8/95
9,155,L8/95,L8/87
9,155,L8/87,L9/175
9,155,L9/175,L9/172
9,155,L9/172,L9/154
9,155,L9/154,L9/155
9,156,L9/766,L9/745
9,156,L9/745,L8/372
9,156,L8/372,L8/248
9,156,L8/248,L9/497
9,156,L9/497,L9/501
9,156,L9/501,L9/502
9,156,L9/502,L9/503
9,156,L9/503,L9/488
9,156,L9/488,L9/490
9,156,L9/490,L9/491
9,156,L9/491,L9/476
9,156,L9/476,L9/478
9,156,L9/478,L9/479
9,156,L9/479,L9/464
9,156,L9/464,L8/232
9,156,L8/232,L7/116
9,156,L7/116,L6/58
9,156,L6/58,L7/117
9,156,L7/117,L8/234
9,156,L8/234,L9/468
9,156,L9/468,L9/421
9,156,L9/421,L9/420
9,156,L9/420,L9/422
9,156,L9/422,L9/419
9,156,L9/419,L9/431
9,156,L9/431,L9/430
9,156,L9/430,L9/183
9,156,L9/183,L9/182
9,156,L9/182,L9/185
9,156,L9/185,L9/187
9,156,L9/187,L9/189
9,156,L9/189,L9/191
9,156,L9/191,L8/95
9,156,L8/95,L8/87
9,156,L8/87,L9/175
9,156,L9/175,L9/172
9,156,L9/172,L9/170
9,156,L9/170,L9/152
9,156,L9/152,L9/153
9,156,L9/153,L9/159
9,156,L9/159,L9/157
9,156,L9/157,L9/156
9,157,L9/766,L9/745
9,157,L9/745,L8/372
9,157,L8/372,L8/248
9,157,L8/248,L9/497
9,157,L9/497,L9/501
9,157,L9/501,L9/502
9,157,L9/502,L9/503
9,157,L9/503,L9/488
9,157,L9/488,L9/490
9,157,L9/490,L9/491
9,157,L9/491,L9/476
9,157,L9/476,L9/478
9,157,L9/478,L9/479
9,157,L9/479,L9/464
9,157,L9/464,L8/232
9,157,L8/232,L7/116
9,157,L7/116,L6/58
9,157,L6/58,L7/117
9,157,L7/117,L8/234
9,157,L8/234,L9/468
9,157,L9/468,L9/421
9,157,L9/421,L9/420
9,157,L9/420,L9/422
9,157,L9/422,L9/419
9,157,L9/419,L9/431
9,157,L9/431,L9/430
9,157,L9/430,L9/183
9,157,L9/183,L9/182
9,157,L9/182,L9/185
9,157,L9/185,L9/187
9,157,L9/187,L9/189
9,157,L9/189,L9/191
9,157,L9/191,L8/95
9,157,L8/95,L8/87
9,157,L8/87,L9/175
9,157,L9/175,L9/172
9,157,L9/172,L9/170
9,157,L9/170,L9/152
9,157,L9/152,L9/153
9,157,L9/153,L9/159
9,157,L9/159,L9/157
9,158,L9/766,L9/745
9,158,L9/745,L8/372
9,158,L8/372,L8/248
9,158,L8/248,L9/497
9,158,L9/497,L9/501
9,158,L9/501,L9/502
9,158,L9/502,L9/503
9,158,L9/503,L9/488
9,158,L9/488,L9/490
9,158,L9/490,L9/491
9,158,L9/491,L9/476
9,158,L9/476,L9/478
9,158,L9/478,L9/479
9,158,L9/479,L9/464
9,158,L9/464,L8/232
9,158,L8/232,L7/116
9,158,L7/116,L6/58
9,158,L6/58,L7/117
9,158,L7/117,L8/234
9,158,L8/234,L9/468
9,158,L9/468,L9/421
9,158,L9/421,L9/420
9,158,L9/420,L9/422
9,158,L9/422,L9/419
9,158,L9/419,L9/431
9,158,L9/431,L9/430
9,158,L9/430,L9/183
9,158,L9/183,L9/182
9,158,L9/182,L9/185
9,158,L9/185,L9/187
9,158,L9/187,L9/189
9,158,L9/189,L9/191
9,158,L9/191,L8/95
9,158,L8/95,L8/87
9,158,L8/87,L9/175
9,158,L9/175,L9/172
9,158,L9/172,L9/170
9,158,L9/170,L9/152
9,158,L9/152,L9/153
9,158,L9/153,L9/159
9,158,L9/159,L9/158
9,159,L9/766,L9/745
9,159,L9/745,L8/372
9,159,L8/372,L8/248
9,159,L8/248,L9/497
9,159,L9/497,L9/501
9,159,L9/501,L9/502
9,159,L9/502,L9/503
9,159,L9/503,L9/488
9,159,L9/488,L9/490
9,159,L9/490,L9/491
9,159,L9/491,L9/476
9,159,L9/476,L9/478
9,159,L9/478,L9/479
9,159,L9/479,L9/464
9,159,L9/464,L8/232
9,159,L8/232,L7/116
9,159,L7/116,L6/58
9,159,L6/58,L7/117
9,159,L7/117,L8/234
9,159,L8/234,L9/468
9,159,L9/468,L9/421
9,159,L9/421,L9/420
9,159,L9/420,L9/422
9,159,L9/422,L9/419
9,159,L9/419,L9/431
9,159,L9/431,L9/430
9,159,L9/430,L9/183
9,159,L9/183,L9/182
9,159,L9/182,L9/185
9,159,L9/185,L9/187
9,159,L9/187,L9/189
9,159,L9/189,L9/191
9,159,L9/191,L8/95
9,159,L8/95,L8/87
9,159,L8/87,L9/175
9,159,L9/175,L9/172
9,159,L9/172,L9/170
9,159,L9/170,L9/152
9,159,L9/152,L9/153
9,159,L9/153,L9/159
9,160,L9/766,L9/745
9,160,L9/745,L8/372
9,160,L8/372,L8/248
9,160,L8/248,L9/497
9,160,L9/497,L9/501
9,160,L9/501,L9/502
9,160,L9/502,L9/503
9,160,L9/503,L9/488
9,160,L9/488,L9/490
9,160,L9/490,L9/491
9,160,L9/491,L9/476
9,160,L9/476,L9/478
9,160,L9/478,L9/479
9,160,L9/479,L9/464
9,160,L9/464,L8/232
9,160,L8/232,L7/116
9,160,L7/116,L6/58
9,160,L6/58,L7/117
9,160,L7/117,L8/234
9,160,L8/234,L9/468
9,160,L9/468,L9/421
9,160,L9/421,L9/420
9,160,L9/420,L9/422
9,160,L9/422,L9/419
9,160,L9/419,L9/431
9,160,L9/431,L9/430
9,160,L9/430,L9/183
9,160,L9/183,L9/182
9,160,L9/182,L9/185
9,160,L9/185,L9/187
9,160,L9/187,L9/189
9,160,L9/189,L9/191
9,160,L9/191,L8/95
9,160,L8/95,L8/87
9,160,L8/87,L9/175
9,160,L9/175,L9/169
9,160,L9/169,L9/168
9,160,L9/168,L9/160
9,161,L9/766,L9/745
9,161,L9/745,L8/372
9,161,L8/372,L8/248
9,161,L8/248,L9/497
9,161,L9/497,L9/501
9,161,L9/501,L9/502
9,161,L9/502,L9/503
9,161,L9/503,L9/488
9,161,L9/488,L9/490
9,161,L9/490,L9/491
9,161,L9/491,L9/476
9,161,L9/476,L9/478
9,161,L9/478,L9/479
9,161,L9/479,L9/464
9,161,L9/464,L8/232
9,161,L8/232,L7/116
9,161,L7/116,L6/58
9,161,L6/58,L7/117
9,161,L7/117,L8/234
9,161,L8/234,L9/468
9,161,L9/468,L9/421
9,161,L9/421,L9/420
9,161,L9/420,L9/422
9,161,L9/422,L9/419
9,161,L9/419,L9/431
9,161,L9/431,L9/430
9,161,L9/430,L9/183
9,161,L9/183,L9/182
9,161,L9/182,L9/185
9,161,L9/185,L9/187
9,161,L9/187,L9/189
9,161,L9/189,L9/191
9,161,L9/191,L8/95
9,161,L8/95,L8/87
9,161,L8/87,L9/175
9,161,L9/175,L9/169
9,161,L9/169,L9/168
9,161,L9/168,L9/160
9,161,L9/160,L9/161
9,162,L9/766,L9/745
9,162,L9/745,L8/372
9,162,L8/372,L8/248
9,162,L8/248,L9/497
9,162,L9/497,L9/501
9,162,L9/501,L9/502
9,162,L9/502,L9/503
9,162,L9/503,L9/488
9,162,L9/488,L9/490
9,162,L9/490,L9/491
9,162,L9/491,L9/476
9,162,L9/476,L9/478
9,162,L9/478,L9/479
9,162,L9/479,L9/464
9,162,L9/464,L8/232
9,162,L8/232,L7/116
9,162,L7/116,L6/58
9,162,L6/58,L7/117
9,162,L7/117,L8/234
9,162,L8/234,L9/468
9,162,L9/468,L9/421
9,162,L9/421,L9/420
9,162,L9/420,L9/422
9,162,L9/422,L9/419
9,162,L9/419,L9/431
9,162,L9/431,L9/430
9,162,L9/430,L9/183
9,162,L9/183,L9/182
9,162,L9/182,L9/185
9,162,L9/185,L9/187
9,162,L9/187,L9/189
9,162,L9/189,L9/191
9,162,L9/191,L8/95
9,162,L8/95,L8/87
9,162,L8/87,L9/175
9,162,L9/175,L9/169
9,162,L9/169,L9/168
9,162,L9/168,L9/162
9,163,L9/766,L9/745
9,163,L9/745,L8/372
9,163,L8/372,L8/248
9,163,L8/248,L9/497
9,163,L9/497,L9/501
9,163,L9/501,L9/502
9,163,L9/502,L9/503
9,163,L9/503,L9/488
9,163,L9/488,L9/490
9,163,L9/490,L9/491
9,163,L9/491,L9/476
9,163,L9/476,L9/478
9,163,L9/478,L9/479
9,163,L9/479,L9/464
9,163,L9/464,L8/232
9,163,L8/232,L7/116
9,163,L7/116,L6/58
9,163,L6/58,L7/117
9,163,L7/117,L8/234
9,163,L8/234,L9/468
9,163,L9/468,L9/421
9,163,L9/421,L9/420
9,163,L9/420,L9/422
9,163,L9/422,L9/419
9,163,L9/419,L9/431
9,163,L9/431,L9/430
9,163,L9/430,L9/183
9,163,L9/183,L9/182
9,163,L9/182,L9/185
9,163,L9/185,L9/187
9,163,L9/187,L9/189
9,163,L9/189,L9/191
9,163,L9/191,L8/95
9,163,L8/95,L8/87
9,163,L8/87,L9/175
9,163,L9/175,L9/169
9,163,L9/169,L9/168
9,163,L9/168,L9/162
9,163,L9/162,L9/163
9,164,L9/766,L9/745
9,164,L9/745,L8/372
9,164,L8/372,L8/248
9,164,L8/248,L9/497
9,164,L9/497,L9/501
9,164,L9/501,L9/502
9,164,L9/502,L9/503
9,164,L9/503,L9/488
9,164,L9/488,L9/490
9,164,L9/490,L9/491
9,164,L9/491,L9/476
9,164,L9/476,L9/478
9,164,L9/478,L9/479
9,164,L9/479,L9/464
9,164,L9/464,L8/232
9,164,L8/232,L7/116
9,164,L7/116,L6/58
9,164,L6/58,L7/117
9,164,L7/117,L8/234
9,164,L8/234,L9/468
9,164,L9/468,L9/421
9,164,L9/421,L9/420
9,164,L9/420,L9/422
9,164,L9/422,L9/419
9,164,L9/419,L9/431
9,164,L9/431,L9/430
9,164,L9/430,L9/183
9,164,L9/183,L9/182
9,164,L9/182,L9/185
9,164,L9/185,L9/187
9,164,L9/187,L9/189
9,164,L9/189,L9/191
9,164,L9/191,L8/95
9,164,L8/95,L8/87
9,164,L8/87,L9/175
9,164,L9/175,L9/169
9,164,L9/169,L9/168
9,164,L9/168,L9/162
9,164,L9/162,L9/163
9,164,L9/163,L9/164
9,165,L9/766,L9/745
9,165,L9/745,L8/372
9,165,L8/372,L8/248
9,165,L8/248,L9/497
9,165,L9/497,L9/501
9,165,L9/501,L9/502
9,165,L9/502,L9/503
9,165,L9/503,L9/488
9,165,L9/488,L9/490
9,165,L9/490,L9/491
9,165,L9/491,L9/476
9,165,L9/476,L9/478
9,165,L9/478,L9/479
9,165,L9/479,L9/464
9,165,L9/464,L8/232
9,165,L8/232,L7/116
9,165,L7/116,L6/58
9,165,L6/58,L7/117
9,165,L7/117,L8/234
9,165,L8/234,L9/468
9,165,L9/468,L9/421
9,165,L9/421,L9/420
9,165,L9/420,L9/422
9,165,L9/422,L9/419
9,165,L9/419,L9/431
9,165,L9/431,L9/430
9,165,L9/430,L9/183
9,165,L9/183,L9/182
9,165,L9/182,L9/185
9,165,L9/185,L9/187
9,165,L9/187,L9/189
9,165,L9/189,L9/191
9,165,L9/191,L8/95
9,165,L8/95,L8/87
9,165,L8/87,L9/175
9,165,L9/175,L9/169
9,165,L9/169,L9/168
9,165,L9/168,L9/160
9,165,L9/160,L9/161
9,165,L9/161,L9/165
9,166,L9/766,L9/745
9,166,L9/745,L8/372
9,166,L8/372,L8/248
9,166,L8/248,L9/497
9,166,L9/497,L9/501
9,166,L9/501,L9/502
9,166,L9/502,L9/503
9,166,L9/503,L9/488
9,166,L9/488,L9/490
9,166,L9/490,L9/491
9,166,L9/491,L9/476
9,166,L9/476,L9/478
9,166,L9/478,L9/479
9,166,L9/479,L9/464
9,166,L9/464,L8/232
9,166,L8/232,L7/116
9,166,L7/116,L6/58
9,166,L6/58,L7/117
9,166,L7/117,L8/234
9,166,L8/234,L9/468
9,166,L9/468,L9/421
9,166,L9/421,L9/420
9,166,L9/420,L9/422
9,166,L9/422,L9/419
9,166,L9/419,L9/431
9,166,L9/431,L9/430
9,166,L9/430,L9/183
9,166,L9/183,L9/182
9,166,L9/182,L9/185
9,166,L9/185,L9/187
9,166,L9/187,L9/189
9,166,L9/189,L9/191
9,166,L9/191,L8/95
9,166,L8/95,L8/87
9,166,L8/87,L9/175
9,166,L9/175,L9/169
9,166,L9/169,L9/168
9,166,L9/168,L9/160
9,166,L9/160,L9/161
9,166,L9/161,L9/167
9,166,L9/167,L9/166
9,167,L9/766,L9/745
9,167,L9/745,L8/372
9,167,L8/372,L8/248
9,167,L8/248,L9/497
9,167,L9/497,L9/501
9,167,L9/501,L9/502
9,167,L9/502,L9/503
9,167,L9/503,L9/488
9,167,L9/488,L9/490
9,167,L9/490,L9/491
9,167,L9/491,L9/476
9,167,L9/476,L9/478
9,167,L9/478,L9/479
9,167,L9/479,L9/464
9,167,L9/464,L8/232
9,167,L8/232,L7/116
9,167,L7/116,L6/58
9,167,L6/58,L7/117
9,167,L7/117,L8/234
9,167,L8/234,L9/468
9,167,L9/468,L9/421
9,167,L9/421,L9/420
9,167,L9/420,L9/422
9,167,L9/422,L9/419
9,167,L9/419,L9/431
9,167,L9/431,L9/430
9,167,L9/430,L9/183
9,167,L9/183,L9/182
9,167,L9/182,L9/185
9,167,L9/185,L9/187
9,167,L9/187,L9/189
9,167,L9/189,L9/191
9,167,L9/191,L8/95
9,167,L8/95,L8/87
9,167,L8/87,L9/175
9,167,L9/175,L9/169
9,167,L9/169,L9/168
9,167,L9/168,L9/160
9,167,L9/160,L9/161
9,167,L9/161,L9/167
9,168,L9/766,L9/745
9,168,L9/745,L8/372
9,168,L8/372,L8/248
9,168,L8/248,L9/497
9,168,L9/497,L9/501
9,168,L9/501,L9/502
9,168,L9/502,L9/503
9,168,L9/503,L9/488
9,168,L9/488,L9/490
9,168,L9/490,L9/491
9,168,L9/491,L9/476
9,168,L9/476,L9/478
9,168,L9/478,L9/479
9,168,L9/479,L9/464
9,168,L9/464,L8/232
9,168,L8/232,L7/116
9,168,L7/116,L6/58
9,168,L6/58,L7/117
9,168,L7/117,L8/234
9,168,L8/234,L9/468
9,168,L9/468,L9/421
9,168,L9/421,L9/420
9,168,L9/420,L9/422
9,168,L9/422,L9/419
9,168,L9/419,L9/431
9,168,L9/431,L9/430
9,168,L9/430,L9/183
9,168,L9/183,L9/182
9,168,L9/182,L9/185
9,168,L9/185,L9/187
9,168,L9/187,L9/189
9,168,L9/189,L9/191
9,168,L9/191,L8/95
9,168,L8/95,L8/87
9,168,L8/87,L9/175
9,168,L9/175,L9/169
9,168,L9/169,L9/168
9,169,L9/766,L9/745
9,169,L9/745,L8/372
9,169,L8/372,L8/248
9,169,L8/248,L9/497
9,169,L9/497,L9/501
9,169,L9/501,L9/502
9,169,L9/502,L9/503
9,169,L9/503,L9/488
9,169,L9/488,L9/490
9,169,L9/490,L9/491
9,169,L9/491,L9/476
9,169,L9/476,L9/478
9,169,L9/478,L9/479
9,169,L9/479,L9/464
9,169,L9/464,L8/232
9,169,L8/232,L7/116
9,169,L7/116,L6/58
9,169,L6/58,L7/117
9,169,L7/117,L8/234
9,169,L8/234,L9/468
9,169,L9/468,L9/421
9,169,L9/421,L9/420
9,169,L9/420,L9/422
9,169,L9/422,L9/419
9,169,L9/419,L9/431
9,169,L9/431,L9/430
9,169,L9/430,L9/183
9,169,L9/183,L9/182
9,169,L9/182,L9/185
9,169,L9/185,L9/187
9,169,L9/187,L9/189
9,169,L9/189,L9/191
9,169,L9/191,L8/95
9,169,L8/95,L8/87
9,169,L8/87,L9/175
9,169,L9/175,L9/169
9,170,L9/766,L9/745
9,170,L9/745,L8/372
9,170,L8/372,L8/248
9,170,L8/248,L9/497
9,170,L9/497,L9/501
9,170,L9/501,L9/502
9,170,L9/502,L9/503
9,170,L9/503,L9/488
9,170,L9/488,L9/490
9,170,L9/490,L9/491
9,170,L9/491,L9/476
9,170,L9/476,L9/478
9,170,L9/478,L9/479
9,170,L9/479,L9/464
9,170,L9/464,L8/232
9,170,L8/232,L7/116
9,170,L7/116,L6/58
9,170,L6/58,L7/117
9,170,L7/117,L8/234
9,170,L8/234,L9/468
9,170,L9/468,L9/421
9,170,L9/421,L9/420
9,170,L9/420,L9/422
9,170,L9/422,L9/419
9,170,L9/419,L9/431
9,170,L9/431,L9/430
9,170,L9/430,L9/183
9,170,L9/183,L9/182
9,170,L9/182,L9/185
9,170,L9/185,L9/187
9,170,L9/187,L9/189
9,170,L9/189,L9/191
9,170,L9/191,L8/95
9,170,L8/95,L8/87
9,170,L8/87,L9/175
9,170,L9/175,L9/172
9,170,L9/172,L9/170
9,171,L9/766,L9/745
9,171,L9/745,L8/372
9,171,L8/372,L8/248
9,171,L8/248,L9/497
9,171,L9/497,L9/501
9,171,L9/501,L9/502
9,171,L9/502,L9/503
9,171,L9/503,L9/488
9,171,L9/488,L9/490
9,171,L9/490,L9/491
9,171,L9/491,L9/476
9,171,L9/476,L9/478
9,171,L9/478,L9/479
9,171,L9/479,L9/464
9,171,L9/464,L8/232
9,171,L8/232,L7/116
9,171,L7/116,L6/58
9,171,L6/58,L7/117
9,171,L7/117,L8/234
9,171,L8/234,L9/468
9,171,L9/468,L9/421
9,171,L9/421,L9/420
9,171,L9/420,L9/422
9,171,L9/422,L9/419
9,171,L9/419,L9/431
9,171,L9/431,L9/430
9,171,L9/430,L9/183
9,171,L9/183,L9/182
9,171,L9/182,L9/185
9,171,L9/185,L9/187
9,171,L9/187,L9/189
9,171,L9/189,L9/191
9,171,L9/191,L8/95
9,171,L8/95,L8/87
9,171,L8/87,L9/175
9,171,L9/175,L9/172
9,171,L9/172,L9/170
9,171,L9/170,L9/171
9,172,L9/766,L9/745
9,172,L9/745,L8/372
9,172,L8/372,L8/248
9,172,L8/248,L9/497
9,172,L9/497,L9/501
9,172,L9/501,L9/502
9,172,L9/502,L9/503
9,172,L9/503,L9/488
9,172,L9/488,L9/490
9,172,L9/490,L9/491
9,172,L9/491,L9/476
9,172,L9/476,L9/478
9,172,L9/478,L9/479
9,172,L9/479,L9/464
9,172,L9/464,L8/232
9,172,L8/232,L7/116
9,172,L7/116,L6/58
9,172,L6/58,L7/117
9,172,L7/117,L8/234
9,172,L8/234,L9/468
9,172,L9/468,L9/421
9,172,L9/421,L9/420
9,172,L9/420,L9/422
9,172,L9/422,L9/419
9,172,L9/419,L9/431
9,172,L9/431,L9/430
9,172,L9/430,L9/183
9,172,L9/183,L9/182
9,172,L9/182,L9/185
9,172,L9/185,L9/187
9,172,L9/187,L9/189
9,172,L9/189,L9/191
9,172,L9/191,L8/95
9,172,L8/95,L8/87
9,172,L8/87,L9/175
9,172,L9/175,L9/172
9,173,L9/766,L9/745
9,173,L9/745,L8/372
9,173,L8/372,L8/248
9,173,L8/248,L9/497
9,173,L9/497,L9/501
9,173,L9/501,L9/502
9,173,L9/502,L9/503
9,173,L9/503,L9/488
9,173,L9/488,L9/490
9,173,L9/490,L9/491
9,173,L9/491,L9/476
9,173,L9/476,L9/478
9,173,L9/478,L9/479
9,173,L9/479,L9/464
9,173,L9/464,L8/232
9,173,L8/232,L7/116
9,173,L7/116,L6/58
9,173,L6/58,L7/117
9,173,L7/117,L8/234
9,173,L8/234,L9/468
9,173,L9/468,L9/421
9,173,L9/421,L9/420
9,173,L9/420,L9/422
9,173,L9/422,L9/419
9,173,L9/419,L9/431
9,173,L9/431,L9/430
9,173,L9/430,L9/183
9,173,L9/183,L9/182
9,173,L9/182,L9/185
9,173,L9/185,L9/187
9,173,L9/187,L9/189
9,173,L9/189,L9/191
9,173,L9/191,L8/95
9,173,L8/95,L8/87
9,173,L8/87,L9/174
9,173,L9/174,L9/173
9,174,L9/766,L9/745
9,174,L9/745,L8/372
9,174,L8/372,L8/248
9,174,L8/248,L9/497
9,174,L9/497,L9/501
9,174,L9/501,L9/502
9,174,L9/502,L9/503
9,174,L9/503,L9/488
9,174,L9/488,L9/490
9,174,L9/490,L9/491
9,174,L9/491,L9/476
9,174,L9/476,L9/478
9,174,L9/478,L9/479
9,174,L9/479,L9/464
9,174,L9/464,L8/232
9,174,L8/232,L7/116
9,174,L7/116,L6/58
9,174,L6/58,L7/117
9,174,L7/117,L8/234
9,174,L8/234,L9/468
9,174,L9/468,L9/421
9,174,L9/421,L9/420
9,174,L9/420,L9/422
9,174,L9/422,L9/419
9,174,L9/419,L9/431
9,174,L9/431,L9/430
9,174,L9/430,L9/183
9,174,L9/183,L9/182
9,174,L9/182,L9/185
9,174,L9/185,L9/187
9,174,L9/187,L9/189
9,174,L9/189,L9/191
9,174,L9/191,L8/95
9,174,L8/95,L8/87
9,174,L8/87,L9/174
9,175,L9/766,L9/745
9,175,L9/745,L8/372
9,175,L8/372,L8/248
9,175,L8/248,L9/497
9,175,L9/497,L9/501
9,175,L9/501,L9/502
9,175,L9/502,L9/503
9,175,L9/503,L9/488
9,175,L9/488,L9/490
9,175,L9/490,L9/491
9,175,L9/491,L9/476
9,175,L9/476,L9/478
9,175,L9/478,L9/479
9,175,L9/479,L9/464
9,175,L9/464,L8/232
9,175,L8/232,L7/116
9,175,L7/116,L6/58
9,175,L6/58,L7/117
9,175,L7/117,L8/234
9,175,L8/234,L9/468
9,175,L9/468,L9/421
9,175,L9/421,L9/420
9,175,L9/420,L9/422
9,175,L9/422,L9/419
9,175,L9/419,L9/431
9,175,L9/431,L9/430
9,175,L9/430,L9/183
9,175,L9/183,L9/182
9,175,L9/182,L9/185
9,175,L9/185,L9/187
9,175,L9/187,L9/189
9,175,L9/189,L9/191
9,175,L9/191,L8/95
9,175,L8/95,L8/87
9,175,L8/87,L9/175
9,176,L9/766,L9/745
9,176,L9/745,L8/372
9,176,L8/372,L8/248
9,176,L8/248,L9/497
9,176,L9/497,L9/501
9,176,L9/501,L9/502
9,176,L9/502,L9/503
9,176,L9/503,L9/488
9,176,L9/488,L9/490
9,176,L9/490,L9/491
9,176,L9/491,L9/476
9,176,L9/476,L9/478
9,176,L9/478,L9/479
9,176,L9/479,L9/464
9,176,L9/464,L8/232
9,176,L8/232,L7/116
9,176,L7/116,L6/58
9,176,L6/58,L7/117
9,176,L7/117,L8/234
9,176,L8/234,L9/468
9,176,L9/468,L9/421
9,176,L9/421,L9/420
9,176,L9/420,L9/422
9,176,L9/422,L9/419
9,176,L9/419,L9/431
9,176,L9/431,L9/424
9,176,L9/424,L9/426
9,176,L9/426,L9/181
9,176,L9/181,L9/178
9,176,L9/178,L9/176
9,177,L9/766,L9/745
9,177,L9/745,L8/372
9,177,L8/372,L8/248
9,177,L8/248,L9/497
9,177,L9/497,L9/501
9,177,L9/501,L9/502
9,177,L9/502,L9/503
9,177,L9/503,L9/488
9,177,L9/488,L9/490
9,177,L9/490,L9/491
9,177,L9/491,L9/476
9,177,L9/476,L9/478
9,177,L9/478,L9/479
9,177,L9/479,L9/464
9,177,L9/464,L8/232
9,177,L8/232,L7/116
9,177,L7/116,L6/58
9,177,L6/58,L7/117
9,177,L7/117,L8/234
9,177,L8/234,L9/468
9,177,L9/468,L9/421
9,177,L9/421,L9/420
9,177,L9/420,L9/422
9,177,L9/422,L9/419
9,177,L9/419,L9/431
9,177,L9/431,L9/430
9,177,L9/430,L9/183
9,177,L9/183,L9/182
9,177,L9/182,L9/180
9,177,L9/180,L9/179
9,177,L9/179,L9/177
9,178,L9/766,L9/745
9,178,L9/745,L8/372
9,178,L8/372,L8/248
9,178,L8/248,L9/497
9,178,L9/497,L9/501
9,178,L9/501,L9/502
9,178,L9/502,L9/503
9,178,L9/503,L9/488
9,178,L9/488,L9/490
9,178,L9/490,L9/491
9,178,L9/491,L9/476
9,178,L9/476,L9/478
9,178,L9/478,L9/479
9,178,L9/479,L9/464
9,178,L9/464,L8/232
9,178,L8/232,L7/116
9,178,L7/116,L6/58
9,178,L6/58,L7/117
9,178,L7/117,L8/234
9,178,L8/234,L9/468
9,178,L9/468,L9/421
9,178,L9/421,L9/420
9,178,L9/420,L9/422
9,178,L9/422,L9/419
9,178,L9/419,L9/431
9,178,L9/431,L9/424
9,178,L9/424,L9/426
9,178,L9/426,L9/181
9,178,L9/181,L9/178
9,179,L9/766,L9/745
9,179,L9/745,L8/372
9,179,L8/372,L8/248
9,179,L8/248,L9/497
9,179,L9/497,L9/501
9,179,L9/501,L9/502
9,179,L9/502,L9/503
9,179,L9/503,L9/488
9,179,L9/488,L9/490
9,179,L9/490,L9/491
9,179,L9/491,L9/476
9,179,L9/476,L9/478
9,179,L9/478,L9/479
9,179,L9/479,L9/464
9,179,L9/464,L8/232
9,179,L8/232,L7/116
9,179,L7/116,L6/58
9,179,L6/58,L7/117
9,179,L7/117,L8/234
9,179,L8/234,L9/468
9,179,L9/468,L9/421
9,179,L9/421,L9/420
9,179,L9/420,L9/422
9,179,L9/422,L9/419
9,179,L9/419,L9/431
9,179,L9/431,L9/430
9,179,L9/430,L9/183
9,179,L9/183,L9/182
9,179,L9/182,L9/180
9,179,L9/180,L9/179
9,180,L9/766,L9/745
9,180,L9/745,L8/372
9,180,L8/372,L8/248
9,180,L8/248,L9/497
9,180,L9/497,L9/501
9,180,L9/501,L9/502
9,180,L9/502,L9/503
9,180,L9/503,L9/488
9,180,L9/488,L9/490
9,180,L9/490,L9/491
9,180,L9/491,L9/476
9,180,L9/476,L9/478
9,180,L9/478,L9/479
9,180,L9/479,L9/464
9,180,L9/464,L8/232
9,180,L8/232,L7/116
9,180,L7/116,L6/58
9,180,L6/58,L7/117
9,180,L7/117,L8/234
9,180,L8/234,L9/468
9,180,L9/468,L9/421
9,180,L9/421,L9/420
9,180,L9/420,L9/422
9,180,L9/422,L9/419
9,180,L9/419,L9/431
9,180,L9/431,L9/430
9,180,L9/430,L9/183
9,180,L9/183,L9/182
9,180,L9/182,L9/180
9,181,L9/766,L9/745
9,181,L9/745,L8/372
9,181,L8/372,L8/248
9,181,L8/248,L9/497
9,181,L9/497,L9/501
9,181,L9/501,L9/502
9,181,L9/502,L9/503
9,181,L9/503,L9/488
9,181,L9/488,L9/490
9,181,L9/490,L9/491
9,181,L9/491,L9/476
9,181,L9/476,L9/478
9,181,L9/478,L9/479
9,181,L9/479,L9/464
9,181,L9/464,L8/232
9,181,L8/232,L7/116
9,181,L7/116,L6/58
9,181,L6/58,L7/117
9,181,L7/117,L8/234
9,181,L8/234,L9/468
9,181,L9/468,L9/421
9,181,L9/421,L9/420
9,181,L9/420,L9/422
9,181,L9/422,L9/419
9,181,L9/419,L9/431
9,181,L9/431,L9/424
9,181,L9/424,L9/426
9,181,L9/426,L9/181
9,182,L9/766,L9/745
9,182,L9/745,L8/372
9,182,L8/372,L8/248
9,182,L8/248,L9/497
9,182,L9/497,L9/501
9,182,L9/501,L9/502
9,182,L9/502,L9/503
9,182,L9/503,L9/488
9,182,L9/488,L9/490
9,182,L9/490,L9/491
9,182,L9/491,L9/476
9,182,L9/476,L9/478
9,182,L9/478,L9/479
9,182,L9/479,L9/464
9,182,L9/464,L8/232
9,182,L8/232,L7/116
9,182,L7/116,L6/58
9,182,L6/58,L7/117
9,182,L7/117,L8/234
9,182,L8/234,L9/468
9,182,L9/468,L9/421
9,182,L9/421,L9/420
9,182,L9/420,L9/422
9,182,L9/422,L9/419
9,182,L9/419,L9/431
9,182,L9/431,L9/430
9,182,L9/430,L9/183
9,182,L9/183,L9/182
9,183,L9/766,L9/745
9,183,L9/745,L8/372
9,183,L8/372,L8/248
9,183,L8/248,L9/497
9,183,L9/497,L9/501
9,183,L9/501,L9/502
9,183,L9/502,L9/503
9,183,L9/503,L9/488
9,183,L9/488,L9/490
9,183,L9/490,L9/491
9,183,L9/491,L9/476
9,183,L9/476,L9/478
9,183,L9/478,L9/479
9,183,L9/479,L9/464
9,183,L9/464,L8/232
9,183,L8/232,L7/116
9,183,L7/116,L6/58
9,183,L6/58,L7/117
9,183,L7/117,L8/234
9,183,L8/234,L9/468
9,183,L9/468,L9/421
9,183,L9/421,L9/420
9,183,L9/420,L9/422
9,183,L9/422,L9/419
9,183,L9/419,L9/431
9,183,L9/431,L9/430
9,183,L9/430,L9/183
9,184,L9/766,L9/745
9,184,L9/745,L8/372
9,184,L8/372,L8/248
9,184,L8/248,L9/497
9,184,L9/497,L9/501
9,184,L9/501,L9/502
9,184,L9/502,L9/503
9,184,L9/503,L9/488
9,184,L9/488,L9/490
9,184,L9/490,L9/491
9,184,L9/491,L9/476
9,184,L9/476,L9/478
9,184,L9/478,L9/479
9,184,L9/479,L9/464
9,184,L9/464,L8/232
9,184,L8/232,L7/116
9,184,L7/116,L6/58
9,184,L6/58,L7/117
9,184,L7/117,L8/234
9,184,L8/234,L9/468
9,184,L9/468,L9/421
9,184,L9/421,L9/420
9,184,L9/420,L9/422
9,184,L9/422,L9/419
9,184,L9/419,L9/431
9,184,L9/431,L9/430
9,184,L9/430,L9/183
9,184,L9/183,L9/182
9,184,L9/182,L9/185
9,184,L9/185,L9/184
9,185,L9/766,L9/745
9,185,L9/745,L8/372
9,185,L8/372,L8/248
9,185,L8/248,L9/497
9,185,L9/497,L9/501
9,185,L9/501,L9/502
9,185,L9/502,L9/503
9,185,L9/503,L9/488
9,185,L9/488,L9/490
9,185,L9/490,L9/491
9,185,L9/491,L9/476
9,185,L9/476,L9/478
9,185,L9/478,L9/479
9,185,L9/479,L9/464
9,185,L9/464,L8/232
9,185,L8/232,L7/116
9,185,L7/116,L6/58
9,185,L6/58,L7/117
9,185,L7/117,L8/234
9,185,L8/234,L9/468
9,185,L9/468,L9/421
9,185,L9/421,L9/420
9,185,L9/420,L9/422
9,185,L9/422,L9/419
9,185,L9/419,L9/431
9,185,L9/431,L9/430
9,185,L9/430,L9/183
9,185,L9/183,L9/182
9,185,L9/182,L9/185
9,186,L9/766,L9/745
9,186,L9/745,L8/372
9,186,L8/372,L8/248
9,186,L8/248,L9/497
9,186,L9/497,L9/501
9,186,L9/501,L9/502
9,186,L9/502,L9/503
9,186,L9/503,L9/488
9,186,L9/488,L9/490
9,186,L9/490,L9/491
9,186,L9/491,L9/476
9,186,L9/476,L9/478
9,186,L9/478,L9/479
9,186,L9/479,L9/464
9,186,L9/464,L8/232
9,186,L8/232,L7/116
9,186,L7/116,L6/58
9,186,L6/58,L7/117
9,186,L7/117,L8/234
9,186,L8/234,L9/468
9,186,L9/468,L9/421
9,186,L9/421,L9/420
9,186,L9/420,L9/422
9,186,L9/422,L9/419
9,186,L9/419,L9/431
9,186,L9/431,L9/430
9,186,L9/430,L9/183
9,186,L9/183,L9/182
9,186,L9/182,L9/185
9,186,L9/185,L9/186
9,187,L9/766,L9/745
9,187,L9/745,L8/372
9,187,L8/372,L8/248
9,187,L8/248,L9/497
9,187,L9/497,L9/501
9,187,L9/501,L9/502
9,187,L9/502,L9/503
9,187,L9/503,L9/488
9,187,L9/488,L9/490
9,187,L9/490,L9/491
9,187,L9/491,L9/476
9,187,L9/476,L9/478
9,187,L9/478,L9/479
9,187,L9/479,L9/464
9,187,L9/464,L8/232
9,187,L8/232,L7/116
9,187,L7/116,L6/58
9,187,L6/58,L7/117
9,187,L7/117,L8/234
9,187,L8/234,L9/468
9,187,L9/468,L9/421
9,187,L9/421,L9/420
9,187,L9/420,L9/422
9,187,L9/422,L9/419
9,187,L9/419,L9/431
9,187,L9/431,L9/430
9,187,L9/430,L9/183
9,187,L9/183,L9/182
9,187,L9/182,L9/185
9,187,L9/185,L9/187
9,188,L9/766,L9/745
9,188,L9/745,L8/372
9,188,L8/372,L8/248
9,188,L8/248,L9/497
9,188,L9/497,L9/501
9,188,L9/501,L9/502
9,188,L9/502,L9/503
9,188,L9/503,L9/488
9,188,L9/488,L9/490
9,188,L9/490,L9/491
9,188,L9/491,L9/476
9,188,L9/476,L9/478
9,188,L9/478,L9/479
9,188,L9/479,L9/464
9,188,L9/464,L8/232
9,188,L8/232,L7/116
9,188,L7/116,L6/58
9,188,L6/58,L7/117
9,188,L7/117,L8/234
9,188,L8/234,L9/468
9,188,L9/468,L9/421
9,188,L9/421,L9/420
9,188,L9/420,L9/422
9,188,L9/422,L9/419
9,188,L9/419,L9/431
9,188,L9/431,L9/430
9,188,L9/430,L9/183
9,188,L9/183,L9/182
9,188,L9/182,L9/185
9,188,L9/185,L9/187
9,188,L9/187,L9/189
9,188,L9/189,L9/188
9,189,L9/766,L9/745
9,189,L9/745,L8/372
9,189,L8/372,L8/248
9,189,L8/248,L9/497
9,189,L9/497,L9/501
9,189,L9/501,L9/502
9,189,L9/502,L9/503
9,189,L9/503,L9/488
9,189,L9/488,L9/490
9,189,L9/490,L9/491
9,189,L9/491,L9/476
9,189,L9/476,L9/478
9,189,L9/478,L9/479
9,189,L9/479,L9/464
9,189,L9/464,L8/232
9,189,L8/232,L7/116
9,189,L7/116,L6/58
9,189,L6/58,L7/117
9,189,L7/117,L8/234
9,189,L8/234,L9/468
9,189,L9/468,L9/421
9,189,L9/421,L9/420
9,189,L9/420,L9/422
9,189,L9/422,L9/419
9,189,L9/419,L9/431
9,189,L9/431,L9/430
9,189,L9/430,L9/183
9,189,L9/183,L9/182
9,189,L9/182,L9/185
9,189,L9/185,L9/187
9,189,L9/187,L9/189
9,190,L9/766,L9/745
9,190,L9/745,L8/372
9,190,L8/372,L8/248
9,190,L8/248,L9/497
9,190,L9/497,L9/501
9,190,L9/501,L9/502
9,190,L9/502,L9/503
9,190,L9/503,L9/488
9,190,L9/488,L9/490
9,190,L9/490,L9/491
9,190,L9/491,L9/476
9,190,L9/476,L9/478
9,190,L9/478,L9/479
9,190,L9/479,L9/464
9,190,L9/464,L8/232
9,190,L8/232,L7/116
9,190,L7/116,L6/58
9,190,L6/58,L7/117
9,190,L7/117,L8/234
9,190,L8/234,L9/468
9,190,L9/468,L9/421
9,190,L9/421,L9/420
9,190,L9/420,L9/422
9,190,L9/422,L9/419
9,190,L9/419,L9/431
9,190,L9/431,L9/430
9,190,L9/430,L9/183
9,190,L9/183,L9/182
9,190,L9/182,L9/185
9,190,L9/185,L9/187
9,190,L9/187,L9/189
9,190,L9/189,L9/190
9,191,L9/766,L9/745
9,191,L9/745,L8/372
9,191,L8/372,L8/248
9,191,L8/248,L9/497
9,191,L9/497,L9/501
9,191,L9/501,L9/502
9,191,L9/502,L9/503
9,191,L9/503,L9/488
9,191,L9/488,L9/490
9,191,L9/490,L9/491
9,191,L9/491,L9/476
9,191,L9/476,L9/478
9,191,L9/478,L9/479
9,191,L9/479,L9/464
9,191,L9/464,L8/232
9,191,L8/232,L7/116
9,191,L7/116,L6/58
9,191,L6/58,L7/117
9,191,L7/117,L8/234
9,191,L8/234,L9/468
9,191,L9/468,L9/421
9,191,L9/421,L9/420
9,191,L9/420,L9/422
9,191,L9/422,L9/419
9,191,L9/419,L9/431
9,191,L9/431,L9/430
9,191,L9/430,L9/183
9,191,L9/183,L9/182
9,191,L9/182,L9/185
9,191,L9/185,L9/187
9,191,L9/187,L9/189
9,191,L9/189,L9/191
9,192,L9/766,L9/745
9,192,L9/745,L8/372
9,192,L8/372,L8/248
9,192,L8/248,L9/497
9,192,L9/497,L9/501
9,192,L9/501,L9/502
9,192,L9/502,L9/503
9,192,L9/503,L9/488
9,192,L9/488,L9/490
9,192,L9/490,L9/491
9,192,L9/491,L9/476
9,192,L9/476,L9/478
9,192,L9/478,L9/479
9,192,L9/479,L9/464
9,192,L9/464,L8/232
9,192,L8/232,L7/116
9,192,L7/116,L6/58
9,192,L6/58,L7/117
9,192,L7/117,L8/235
9,192,L8/235,L9/471
9,192,L9/471,L9/205
9,192,L9/205,L9/192
9,193,L9/766,L9/745
9,193,L9/745,L8/372
9,193,L8/372,L8/248
9,193,L8/248,L9/497
9,193,L9/497,L9/501
9,193,L9/501,L9/502
9,193,L9/502,L9/503
9,193,L9/503,L9/488
9,193,L9/488,L9/490
9,193,L9/490,L9/491
9,193,L9/491,L9/476
9,193,L9/476,L9/478
9,193,L9/478,L9/479
9,193,L9/479,L9/464
9,193,L9/464,L8/232
9,193,L8/232,L7/116
9,193,L7/116,L6/58
9,193,L6/58,L7/117
9,193,L7/117,L8/235
9,193,L8/235,L9/471
9,193,L9/471,L9/205
9,193,L9/205,L9/192
9,193,L9/192,L9/193
9,194,L9/766,L9/745
9,194,L9/745,L8/372
9,194,L8/372,L8/248
9,194,L8/248,L9/497
9,194,L9/497,L9/501
9,194,L9/501,L9/502
9,194,L9/502,L9/503
9,194,L9/503,L9/488
9,194,L9/488,L9/490
9,194,L9/490,L9/491
9,194,L9/491,L9/476
9,194,L9/476,L9/478
9,194,L9/478,L9/479
9,194,L9/479,L9/464
9,194,L9/464,L8/232
9,194,L8/232,L7/116
9,194,L7/116,L6/58
9,194,L6/58,L7/117
9,194,L7/117,L8/235
9,194,L8/235,L9/471
9,194,L9/471,L9/205
9,194,L9/205,L9/192
9,194,L9/192,L9/194
9,195,L9/766,L9/745
9,195,L9/745,L8/372
9,195,L8/372,L8/248
9,195,L8/248,L9/497
9,195,L9/497,L9/501
9,195,L9/501,L9/502
9,195,L9/502,L9/503
9,195,L9/503,L9/488
9,195,L9/488,L9/490
9,195,L9/490,L9/491
9,195,L9/491,L9/476
9,195,L9/476,L9/478
9,195,L9/478,L9/479
9,195,L9/479,L9/464
9,195,L9/464,L8/232
9,195,L8/232,L7/116
9,195,L7/116,L6/58
9,195,L6/58,L7/117
9,195,L7/117,L8/235
9,195,L8/235,L9/471
9,195,L9/471,L9/205
9,195,L9/205,L9/192
9,195,L9/192,L9/195
9,196,L9/766,L9/745
9,196,L9/745,L8/372
9,196,L8/372,L8/248
9,196,L8/248,L9/497
9,196,L9/497,L9/501
9,196,L9/501,L9/502
9,196,L9/502,L9/503
9,196,L9/503,L9/488
9,196,L9/488,L9/490
9,196,L9/490,L9/491
9,196,L9/491,L9/476
9,196,L9/476,L9/478
9,196,L9/478,L9/479
9,196,L9/479,L9/464
9,196,L9/464,L8/232
9,196,L8/232,L7/116
9,196,L7/116,L6/58
9,196,L6/58,L7/117
9,196,L7/117,L8/235
9,196,L8/235,L9/471
9,196,L9/471,L9/205
9,196,L9/205,L9/192
9,196,L9/192,L9/193
9,196,L9/193,L9/199
9,196,L9/199,L9/196
9,197,L9/766,L9/745
9,197,L9/745,L8/372
9,197,L8/372,L8/248
9,197,L8/248,L9/497
9,197,L9/497,L9/501
9,197,L9/501,L9/502
9,197,L9/502,L9/503
9,197,L9/503,L9/488
9,197,L9/488,L9/490
9,197,L9/490,L9/491
9,197,L9/491,L9/476
9,197,L9/476,L9/478
9,197,L9/478,L9/479
9,197,L9/479,L9/464
9,197,L9/464,L8/232
9,197,L8/232,L7/116
9,197,L7/116,L6/58
9,197,L6/58,L7/117
9,197,L7/117,L8/235
9,197,L8/235,L9/471
9,197,L9/471,L9/205
9,197,L9/205,L9/192
9,197,L9/192,L9/195
9,197,L9/195,L9/197
9,198,L9/766,L9/745
9,198,L9/745,L8/372
9,198,L8/372,L8/248
9,198,L8/248,L9/497
9,198,L9/497,L9/501
9,198,L9/501,L9/502
9,198,L9/502,L9/503
9,198,L9/503,L9/488
9,198,L9/488,L9/490
9,198,L9/490,L9/491
9,198,L9/491,L9/476
9,198,L9/476,L9/478
9,198,L9/478,L9/479
9,198,L9/479,L9/464
9,198,L9/464,L8/232
9,198,L8/232,L7/116
9,198,L7/116,L6/58
9,198,L6/58,L7/117
9,198,L7/117,L8/235
9,198,L8/235,L9/471
9,198,L9/471,L9/206
9,198,L9/206,L9/207
9,198,L9/207,L9/202
9,198,L9/202,L9/203
9,198,L9/203,L9/198
9,199,L9/766,L9/745
9,199,L9/745,L8/372
9,199,L8/372,L8/248
9,199,L8/248,L9/497
9,199,L9/497,L9/501
9,199,L9/501,L9/502
9,199,L9/502,L9/503
9,199,L9/503,L9/488
9,199,L9/488,L9/490
9,199,L9/490,L9/491
9,199,L9/491,L9/476
9,199,L9/476,L9/478
9,199,L9/478,L9/479
9,199,L9/479,L9/464
9,199,L9/464,L8/232
9,199,L8/232,L7/116
9,199,L7/116,L6/58
9,199,L6/58,L7/117
9,199,L7/117,L8/235
9,199,L8/235,L9/471
9,199,L9/471,L9/205
9,199,L9/205,L9/192
9,199,L9/192,L9/193
9,199,L9/193,L9/199
9,200,L9/766,L9/745
9,200,L9/745,L8/372
9,200,L8/372,L8/248
9,200,L8/248,L9/497
9,200,L9/497,L9/501
9,200,L9/501,L9/502
9,200,L9/502,L9/503
9,200,L9/503,L9/488
9,200,L9/488,L9/490
9,200,L9/490,L9/491
9,200,L9/491,L9/476
9,200,L9/476,L9/478
9,200,L9/478,L9/479
9,200,L9/479,L9/464
9,200,L9/464,L8/232
9,200,L8/232,L7/116
9,200,L7/116,L6/58
9,200,L6/58,L7/117
9,200,L7/117,L8/235
9,200,L8/235,L9/471
9,200,L9/471,L9/206
9,200,L9/206,L9/200
9,201,L9/766,L9/745
9,201,L9/745,L8/372
9,201,L8/372,L8/248
9,201,L8/248,L9/497
9,201,L9/497,L9/501
9,201,L9/501,L9/502
9,201,L9/502,L9/503
9,201,L9/503,L9/488
9,201,L9/488,L9/490
9,201,L9/490,L9/491
9,201,L9/491,L9/476
9,201,L9/476,L9/478
9,201,L9/478,L9/479
9,201,L9/479,L9/464
9,201,L9/464,L8/232
9,201,L8/232,L7/116
9,201,L7/116,L6/58
9,201,L6/58,L7/117
9,201,L7/117,L8/235
9,201,L8/235,L9/471
9,201,L9/471,L9/206
9,201,L9/206,L9/200
9,201,L9/200,L9/201
9,202,L9/766,L9/745
9,202,L9/745,L8/372
9,202,L8/372,L8/248
9,202,L8/248,L9/497
9,202,L9/497,L9/501
9,202,L9/501,L9/502
9,202,L9/502,L9/503
9,202,L9/503,L9/488
9,202,L9/488,L9/490
9,202,L9/490,L9/491
9,202,L9/491,L9/476
9,202,L9/476,L9/478
9,202,L9/478,L9/479
9,202,L9/479,L9/464
9,202,L9/464,L8/232
9,202,L8/232,L7/116
9,202,L7/116,L6/58
9,202,L6/58,L7/117
9,202,L7/117,L8/235
9,202,L8/235,L9/471
9,202,L9/471,L9/206
9,202,L9/206,L9/207
9,202,L9/207,L9/202
9,203,L9/766,L9/745
9,203,L9/745,L8/372
9,203,L8/372,L8/248
9,203,L8/248,L9/497
9,203,L9/497,L9/501
9,203,L9/501,L9/502
9,203,L9/502,L9/503
9,203,L9/503,L9/488
9,203,L9/488,L9/490
9,203,L9/490,L9/491
9,203,L9/491,L9/476
9,203,L9/476,L9/478
9,203,L9/478,L9/479
9,203,L9/479,L9/464
9,203,L9/464,L8/232
9,203,L8/232,L7/116
9,203,L7/116,L6/58
9,203,L6/58,L7/117
9,203,L7/117,L8/235
9,203,L8/235,L9/471
9,203,L9/471,L9/206
9,203,L9/206,L9/207
9,203,L9/207,L9/202
9,203,L9/202,L9/203
9,204,L9/766,L9/745
9,204,L9/745,L8/372
9,204,L8/372,L8/248
9,204,L8/248,L9/497
9,204,L9/497,L9/501
9,204,L9/501,L9/502
9,204,L9/502,L9/503
9,204,L9/503,L9/488
9,204,L9/488,L9/490
9,204,L9/490,L9/491
9,204,L9/491,L9/476
9,204,L9/476,L9/478
9,204,L9/478,L9/479
9,204,L9/479,L9/464
9,204,L9/464,L8/232
9,204,L8/232,L7/116
9,204,L7/116,L6/58
9,204,L6/58,L7/117
9,204,L7/117,L8/235
9,204,L8/235,L9/471
9,204,L9/471,L9/205
9,204,L9/205,L9/204
9,205,L9/766,L9/745
9,205,L9/745,L8/372
9,205,L8/372,L8/248
9,205,L8/248,L9/497
9,205,L9/497,L9/501
9,205,L9/501,L9/502
9,205,L9/502,L9/503
9,205,L9/503,L9/488
9,205,L9/488,L9/490
9,205,L9/490,L9/491
9,205,L9/491,L9/476
9,205,L9/476,L9/478
9,205,L9/478,L9/479
9,205,L9/479,L9/464
9,205,L9/464,L8/232
9,205,L8/232,L7/116
9,205,L7/116,L6/58
9,205,L6/58,L7/117
9,205,L7/117,L8/235
9,205,L8/235,L9/471
9,205,L9/471,L9/205
9,206,L9/766,L9/745
9,206,L9/745,L8/372
9,206,L8/372,L8/248
9,206,L8/248,L9/497
9,206,L9/497,L9/501
9,206,L9/501,L9/502
9,206,L9/502,L9/503
9,206,L9/503,L9/488
9,206,L9/488,L9/490
9,206,L9/490,L9/491
9,206,L9/491,L9/476
9,206,L9/476,L9/478
9,206,L9/478,L9/479
9,206,L9/479,L9/464
9,206,L9/464,L8/232
9,206,L8/232,L7/116
9,206,L7/116,L6/58
9,206,L6/58,L7/117
9,206,L7/117,L8/235
9,206,L8/235,L9/471
9,206,L9/471,L9/206
9,207,L9/766,L9/745
9,207,L9/745,L8/372
9,207,L8/372,L8/248
9,207,L8/248,L9/497
9,207,L9/497,L9/501
9,207,L9/501,L9/502
9,207,L9/502,L9/503
9,207,L9/503,L9/488
9,207,L9/488,L9/490
9,207,L9/490,L9/491
9,207,L9/491,L9/476
9,207,L9/476,L9/478
9,207,L9/478,L9/479
9,207,L9/479,L9/464
9,207,L9/464,L8/232
9,207,L8/232,L7/116
9,207,L7/116,L6/58
9,207,L6/58,L7/117
9,207,L7/117,L8/235
9,207,L8/235,L9/471
9,207,L9/471,L9/206
9,207,L9/206,L9/207
9,208,L9/766,L9/745
9,208,L9/745,L8/372
9,208,L8/372,L8/248
9,208,L8/248,L9/497
9,208,L9/497,L9/501
9,208,L9/501,L9/502
9,208,L9/502,L9/503
9,208,L9/503,L9/488
9,208,L9/488,L9/490
9,208,L9/490,L9/491
9,208,L9/491,L9/476
9,208,L9/476,L9/478
9,208,L9/478,L9/479
9,208,L9/479,L9/464
9,208,L9/464,L8/232
9,208,L8/232,L7/116
9,208,L7/116,L6/58
9,208,L6/58,L7/117
9,208,L7/117,L8/235
9,208,L8/235,L9/471
9,208,L9/471,L9/205
9,208,L9/205,L9/192
9,208,L9/192,L9/195
9,208,L9/195,L9/197
9,208,L9/197,L9/214
9,208,L9/214,L9/215
9,208,L9/215,L9/208
9,209,L9/766,L9/745
9,209,L9/745,L8/372
9,209,L8/372,L8/248
9,209,L8/248,L9/497
9,209,L9/497,L9/501
9,209,L9/501,L9/502
9,209,L9/502,L9/503
9,209,L9/503,L9/488
9,209,L9/488,L9/490
9,209,L9/490,L9/491
9,209,L9/491,L9/476
9,209,L9/476,L9/478
9,209,L9/478,L9/479
9,209,L9/479,L9/464
9,209,L9/464,L8/232
9,209,L8/232,L7/116
9,209,L7/116,L6/58
9,209,L6/58,L7/117
9,209,L7/117,L8/235
9,209,L8/235,L9/471
9,209,L9/471,L9/205
9,209,L9/205,L9/192
9,209,L9/192,L9/195
9,209,L9/195,L9/197
9,209,L9/197,L9/214
9,209,L9/214,L9/215
9,209,L9/215,L9/209
9,210,L9/766,L9/745
9,210,L9/745,L8/372
9,210,L8/372,L8/248
9,210,L8/248,L9/497
9,210,L9/497,L9/501
9,210,L9/501,L9/502
9,210,L9/502,L9/503
9,210,L9/503,L9/488
9,210,L9/488,L9/490
9,210,L9/490,L9/491
9,210,L9/491,L9/476
9,210,L9/476,L9/478
9,210,L9/478,L9/479
9,210,L9/479,L9/464
9,210,L9/464,L8/232
9,210,L8/232,L7/116
9,210,L7/116,L6/58
9,210,L6/58,L7/117
9,210,L7/117,L8/235
9,210,L8/235,L9/471
9,210,L9/471,L9/205
9,210,L9/205,L9/192
9,210,L9/192,L9/195
9,210,L9/195,L9/197
9,210,L9/197,L9/214
9,210,L9/214,L9/215
9,210,L9/215,L9/209
9,210,L9/209,L9/210
9,211,L9/766,L9/745
9,211,L9/745,L8/372
9,211,L8/372,L8/248
9,211,L8/248,L9/497
9,211,L9/497,L9/501
9,211,L9/501,L9/502
9,211,L9/502,L9/503
9,211,L9/503,L9/488
9,211,L9/488,L9/490
9,211,L9/490,L9/491
9,211,L9/491,L9/476
9,211,L9/476,L9/478
9,211,L9/478,L9/479
9,211,L9/479,L9/464
9,211,L9/464,L8/232
9,211,L8/232,L7/116
9,211,L7/116,L6/58
9,211,L6/58,L7/117
9,211,L7/117,L8/235
9,211,L8/235,L9/471
9,211,L9/471,L9/205
9,211,L9/205,L9/192
9,211,L9/192,L9/195
9,211,L9/195,L9/197
9,211,L9/197,L9/214
9,211,L9/214,L9/213
9,211,L9/213,L9/211
9,212,L9/766,L9/745
9,212,L9/745,L8/372
9,212,L8/372,L8/248
9,212,L8/248,L9/497
9,212,L9/497,L9/501
9,212,L9/501,L9/502
9,212,L9/502,L9/503
9,212,L9/503,L9/488
9,212,L9/488,L9/490
9,212,L9/490,L9/491
9,212,L9/491,L9/476
9,212,L9/476,L9/478
9,212,L9/478,L9/479
9,212,L9/479,L9/464
9,212,L9/464,L8/232
9,212,L8/232,L7/116
9,212,L7/116,L6/58
9,212,L6/58,L7/117
9,212,L7/117,L8/235
9,212,L8/235,L9/471
9,212,L9/471,L9/205
9,212,L9/205,L9/192
9,212,L9/192,L9/195
9,212,L9/195,L9/197
9,212,L9/197,L9/214
9,212,L9/214,L9/212
9,213,L9/766,L9/745
9,213,L9/745,L8/372
9,213,L8/372,L8/248
9,213,L8/248,L9/497
9,213,L9/497,L9/501
9,213,L9/501,L9/502
9,213,L9/502,L9/503
9,213,L9/503,L9/488
9,213,L9/488,L9/490
9,213,L9/490,L9/491
9,213,L9/491,L9/476
9,213,L9/476,L9/478
9,213,L9/478,L9/479
9,213,L9/479,L9/464
9,213,L9/464,L8/232
9,213,L8/232,L7/116
9,213,L7/116,L6/58
9,213,L6/58,L7/117
9,213,L7/117,L8/235
9,213,L8/235,L9/471
9,213,L9/471,L9/205
9,213,L9/205,L9/192
9,213,L9/192,L9/195
9,213,L9/195,L9/197
9,213,L9/197,L9/214
9,213,L9/214,L9/213
9,214,L9/766,L9/745
9,214,L9/745,L8/372
9,214,L8/372,L8/248
9,214,L8/248,L9/497
9,214,L9/497,L9/501
9,214,L9/501,L9/502
9,214,L9/502,L9/503
9,214,L9/503,L9/488
9,214,L9/488,L9/490
9,214,L9/490,L9/491
9,214,L9/491,L9/476
9,214,L9/476,L9/478
9,214,L9/478,L9/479
9,214,L9/479,L9/464
9,214,L9/464,L8/232
9,214,L8/232,L7/116
9,214,L7/116,L6/58
9,214,L6/58,L7/117
9,214,L7/117,L8/235
9,214,L8/235,L9/471
9,214,L9/471,L9/205
9,214,L9/205,L9/192
9,214,L9/192,L9/195
9,214,L9/195,L9/197
9,214,L9/197,L9/214
9,215,L9/766,L9/745
9,215,L9/745,L8/372
9,215,L8/372,L8/248
9,215,L8/248,L9/497
9,215,L9/497,L9/501
9,215,L9/501,L9/502
9,215,L9/502,L9/503
9,215,L9/503,L9/488
9,215,L9/488,L9/490
9,215,L9/490,L9/491
9,215,L9/491,L9/476
9,215,L9/476,L9/478
9,215,L9/478,L9/479
9,215,L9/479,L9/464
9,215,L9/464,L8/232
9,215,L8/232,L7/116
9,215,L7/116,L6/58
9,215,L6/58,L7/117
9,215,L7/117,L8/235
9,215,L8/235,L9/471
9,215,L9/471,L9/205
9,215,L9/205,L9/192
9,215,L9/192,L9/195
9,215,L9/195,L9/197
9,215,L9/197,L9/214
9,215,L9/214,L9/215
9,216,L9/766,L9/745
9,216,L9/745,L8/372
9,216,L8/372,L8/248
9,216,L8/248,L9/497
9,216,L9/497,L9/501
9,216,L9/501,L9/502
9,216,L9/502,L9/503
9,216,L9/503,L9/488
9,216,L9/488,L9/490
9,216,L9/490,L9/491
9,216,L9/491,L9/476
9,216,L9/476,L9/478
9,216,L9/478,L9/479
9,216,L9/479,L9/464
9,216,L9/464,L8/232
9,216,L8/232,L7/116
9,216,L7/116,L6/58
9,216,L6/58,L7/117
9,216,L7/117,L8/235
9,216,L8/235,L9/471
9,216,L9/471,L9/205
9,216,L9/205,L9/192
9,216,L9/192,L9/195
9,216,L9/195,L9/197
9,216,L9/197,L9/214
9,216,L9/214,L9/215
9,216,L9/215,L9/209
9,216,L9/209,L9/210
9,216,L9/210,L9/216
9,217,L9/766,L9/745
9,217,L9/745,L8/372
9,217,L8/372,L8/248
9,217,L8/248,L9/497
9,217,L9/497,L9/501
9,217,L9/501,L9/502
9,217,L9/502,L9/503
9,217,L9/503,L9/488
9,217,L9/488,L9/490
9,217,L9/490,L9/491
9,217,L9/491,L9/476
9,217,L9/476,L9/478
9,217,L9/478,L9/479
9,217,L9/479,L9/464
9,217,L9/464,L8/232
9,217,L8/232,L7/116
9,217,L7/116,L6/58
9,217,L6/58,L7/117
9,217,L7/117,L8/235
9,217,L8/235,L9/471
9,217,L9/471,L9/205
9,217,L9/205,L9/192
9,217,L9/192,L9/195
9,217,L9/195,L9/197
9,217,L9/197,L9/214
9,217,L9/214,L9/213
9,217,L9/213,L9/221
9,217,L9/221,L9/217
9,218,L9/766,L9/745
9,218,L9/745,L8/372
9,218,L8/372,L8/248
9,218,L8/248,L9/497
9,218,L9/497,L9/501
9,218,L9/501,L9/502
9,218,L9/502,L9/503
9,218,L9/503,L9/488
9,218,L9/488,L9/490
9,218,L9/490,L9/491
9,218,L9/491,L9/476
9,218,L9/476,L9/478
9,218,L9/478,L9/479
9,218,L9/479,L9/464
9,218,L9/464,L8/232
9,218,L8/232,L7/116
9,218,L7/116,L6/58
9,218,L6/58,L7/117
9,218,L7/117,L8/235
9,218,L8/235,L9/471
9,218,L9/471,L9/205
9,218,L9/205,L9/192
9,218,L9/192,L9/195
9,218,L9/195,L9/197
9,218,L9/197,L9/214
9,218,L9/214,L9/215
9,218,L9/215,L9/209
9,218,L9/209,L9/210
9,218,L9/210,L9/216
9,218,L9/216,L9/218
9,219,L9/766,L9/745
9,219,L9/745,L8/372
9,219,L8/372,L8/248
9,219,L8/248,L9/497
9,219,L9/497,L9/501
9,219,L9/501,L9/502
9,219,L9/502,L9/503
9,219,L9/503,L9/488
9,219,L9/488,L9/490
9,219,L9/490,L9/491
9,219,L9/491,L9/476
9,219,L9/476,L9/478
9,219,L9/478,L9/479
9,219,L9/479,L9/464
9,219,L9/464,L8/232
9,219,L8/232,L7/116
9,219,L7/116,L6/58
9,219,L6/58,L7/117
9,219,L7/117,L8/235
9,219,L8/235,L9/471
9,219,L9/471,L9/205
9,219,L9/205,L9/192
9,219,L9/192,L9/195
9,219,L9/195,L9/197
9,219,L9/197,L9/214
9,219,L9/214,L9/213
9,219,L9/213,L9/221
9,219,L9/221,L9/217
9,219,L9/217,L9/219
9,220,L9/766,L9/745
9,220,L9/745,L8/372
9,220,L8/372,L8/248
9,220,L8/248,L9/497
9,220,L9/497,L9/501
9,220,L9/501,L9/502
9,220,L9/502,L9/503
9,220,L9/503,L9/488
9,220,L9/488,L9/490
9,220,L9/490,L9/491
9,220,L9/491,L9/476
9,220,L9/476,L9/478
9,220,L9/478,L9/479
9,220,L9/479,L9/464
9,220,L9/464,L8/232
9,220,L8/232,L7/116
9,220,L7/116,L6/58
9,220,L6/58,L7/117
9,220,L7/117,L8/235
9,220,L8/235,L9/471
9,220,L9/471,L9/205
9,220,L9/205,L9/192
9,220,L9/192,L9/195
9,220,L9/195,L9/197
9,220,L9/197,L9/214
9,220,L9/214,L9/213
9,220,L9/213,L9/221
9,220,L9/221,L9/220
9,221,L9/766,L9/745
9,221,L9/745,L8/372
9,221,L8/372,L8/248
9,221,L8/248,L9/497
9,221,L9/497,L9/501
9,221,L9/501,L9/502
9,221,L9/502,L9/503
9,221,L9/503,L9/488
9,221,L9/488,L9/490
9,221,L9/490,L9/491
9,221,L9/491,L9/476
9,221,L9/476,L9/478
9,221,L9/478,L9/479
9,221,L9/479,L9/464
9,221,L9/464,L8/232
9,221,L8/232,L7/116
9,221,L7/116,L6/58
9,221,L6/58,L7/117
9,221,L7/117,L8/235
9,221,L8/235,L9/471
9,221,L9/471,L9/205
9,221,L9/205,L9/192
9,221,L9/192,L9/195
9,221,L9/195,L9/197
9,221,L9/197,L9/214
9,221,L9/214,L9/213
9,221,L9/213,L9/221
9,222,L9/766,L9/745
9,222,L9/745,L8/372
9,222,L8/372,L8/248
9,222,L8/248,L9/497
9,222,L9/497,L9/501
9,222,L9/501,L9/502
9,222,L9/502,L9/503
9,222,L9/503,L9/488
9,222,L9/488,L9/490
9,222,L9/490,L9/491
9,222,L9/491,L9/476
9,222,L9/476,L9/478
9,222,L9/478,L9/479
9,222,L9/479,L9/464
9,222,L9/464,L8/232
9,222,L8/232,L7/116
9,222,L7/116,L6/58
9,222,L6/58,L7/117
9,222,L7/117,L8/235
9,222,L8/235,L9/471
9,222,L9/471,L9/205
9,222,L9/205,L9/192
9,222,L9/192,L9/195
9,222,L9/195,L9/197
9,222,L9/197,L9/214
9,222,L9/214,L9/213
9,222,L9/213,L9/221
9,222,L9/221,L9/220
9,222,L9/220,L9/222
9,223,L9/766,L9/745
9,223,L9/745,L8/372
9,223,L8/372,L8/248
9,223,L8/248,L9/497
9,223,L9/497,L9/501
9,223,L9/501,L9/502
9,223,L9/502,L9/503
9,223,L9/503,L9/488
9,223,L9/488,L9/490
9,223,L9/490,L9/491
9,223,L9/491,L9/476
9,223,L9/476,L9/478
9,223,L9/478,L9/479
9,223,L9/479,L9/464
9,223,L9/464,L8/232
9,223,L8/232,L7/116
9,223,L7/116,L6/58
9,223,L6/58,L7/117
9,223,L7/117,L8/235
9,223,L8/235,L9/471
9,223,L9/471,L9/205
9,223,L9/205,L9/192
9,223,L9/192,L9/195
9,223,L9/195,L9/197
9,223,L9/197,L9/214
9,223,L9/214,L9/213
9,223,L9/213,L9/221
9,223,L9/221,L9/220
9,223,L9/220,L9/222
9,223,L9/222,L9/223
9,224,L9/766,L9/745
9,224,L9/745,L8/372
9,224,L8/372,L8/248
9,224,L8/248,L9/496
9,224,L9/496,L9/499
9,224,L9/499,L9/504
9,224,L9/504,L9/505
9,224,L9/505,L9/452
9,224,L9/452,L9/454
9,224,L9/454,L9/449
9,224,L9/449,L9/255
9,224,L9/255,L9/253
9,224,L9/253,L9/250
9,224,L9/250,L9/251
9,224,L9/251,L9/241
9,224,L9/241,L9/240
9,224,L9/240,L9/224
9,225,L9/766,L9/745
9,225,L9/745,L8/372
9,225,L8/372,L8/248
9,225,L8/248,L9/496
9,225,L9/496,L9/499
9,225,L9/499,L9/504
9,225,L9/504,L9/505
9,225,L9/505,L9/452
9,225,L9/452,L9/454
9,225,L9/454,L9/449
9,225,L9/449,L9/255
9,225,L9/255,L9/253
9,225,L9/253,L9/250
9,225,L9/250,L9/251
9,225,L9/251,L9/241
9,225,L9/241,L9/225
9,226,L9/766,L9/745
9,226,L9/745,L8/372
9,226,L8/372,L8/248
9,226,L8/248,L9/496
9,226,L9/496,L9/499
9,226,L9/499,L9/504
9,226,L9/504,L9/505
9,226,L9/505,L9/452
9,226,L9/452,L9/454
9,226,L9/454,L9/449
9,226,L9/449,L9/255
9,226,L9/255,L9/253
9,226,L9/253,L9/250
9,226,L9/250,L9/251
9,226,L9/251,L9/241
9,226,L9/241,L9/226
9,227,L9/766,L9/745
9,227,L9/745,L9/237
9,227,L9/237,L8/118
9,227,L8/118,L7/59
9,227,L7/59,L8/119
9,227,L8/119,L9/239
9,227,L9/239,L9/235
9,227,L9/235,L9/227
9,228,L9/766,L9/745
9,228,L9/745,L8/372
9,228,L8/372,L8/248
9,228,L8/248,L9/496
9,228,L9/496,L9/499
9,228,L9/499,L9/504
9,228,L9/504,L9/505
9,228,L9/505,L9/452
9,228,L9/452,L9/454
9,228,L9/454,L9/449
9,228,L9/449,L9/255
9,228,L9/255,L9/253
9,228,L9/253,L9/250
9,228,L9/250,L9/251
9,228,L9/251,L9/241
9,228,L9/241,L9/240
9,228,L9/240,L9/224
9,228,L9/224,L9/228
9,229,L9/766,L9/745
9,229,L9/745,L8/372
9,229,L8/372,L8/248
9,229,L8/248,L9/496
9,229,L9/496,L9/499
9,229,L9/499,L9/504
9,229,L9/504,L9/505
9,229,L9/505,L9/452
9,229,L9/452,L9/454
9,229,L9/454,L9/449
9,229,L9/449,L9/255
9,229,L9/255,L9/253
9,229,L9/253,L9/250
9,229,L9/250,L9/251
9,229,L9/251,L9/241
9,229,L9/241,L9/225
9,229,L9/225,L9/229
9,230,L9/766,L9/745
9,230,L9/745,L8/372
9,230,L8/372,L8/248
9,230,L8/248,L9/496
9,230,L9/496,L9/499
9,230,L9/499,L9/504
9,230,L9/504,L9/505
9,230,L9/505,L9/452
9,230,L9/452,L9/454
9,230,L9/454,L9/449
9,230,L9/449,L9/255
9,230,L9/255,L9/253
9,230,L9/253,L9/250
9,230,L9/250,L9/251
9,230,L9/251,L9/241
9,230,L9/241,L9/225
9,230,L9/225,L9/229
9,230,L9/229,L9/230
9,231,L9/766,L9/745
9,231,L9/745,L9/237
9,231,L9/237,L8/118
9,231,L8/118,L7/59
9,231,L7/59,L8/119
9,231,L8/119,L9/239
9,231,L9/239,L9/235
9,231,L9/235,L9/227
9,231,L9/227,L9/231
9,232,L9/766,L9/745
9,232,L9/745,L9/237
9,232,L9/237,L8/118
9,232,L8/118,L7/59
9,232,L7/59,L8/119
9,232,L8/119,L9/238
9,232,L9/238,L9/232
9,233,L9/766,L9/745
9,233,L9/745,L9/237
9,233,L9/237,L8/118
9,233,L8/118,L7/59
9,233,L7/59,L8/119
9,233,L8/119,L9/238
9,233,L9/238,L9/232
9,233,L9/232,L9/233
9,234,L9/766,L9/745
9,234,L9/745,L9/237
9,234,L9/237,L8/118
9,234,L8/118,L7/59
9,234,L7/59,L8/119
9,234,L8/119,L9/238
9,234,L9/238,L9/234
9,235,L9/766,L9/745
9,235,L9/745,L9/237
9,235,L9/237,L8/118
9,235,L8/118,L7/59
9,235,L7/59,L8/119
9,235,L8/119,L9/239
9,235,L9/239,L9/235
9,236,L9/766,L9/745
9,236,L9/745,L9/236
9,237,L9/766,L9/745
9,237,L9/745,L9/237
9,238,L9/766,L9/745
9,238,L9/745,L9/237
9,238,L9/237,L8/118
9,238,L8/118,L7/59
9,238,L7/59,L8/119
9,238,L8/119,L9/238
9,239,L9/766,L9/745
9,239,L9/745,L9/237
9,239,L9/237,L8/118
9,239,L8/118,L7/59
9,239,L7/59,L8/119
9,239,L8/119,L9/239
9,240,L9/766,L9/745
9,240,L9/745,L8/372
9,240,L8/372,L8/248
9,240,L8/248,L9/496
9,240,L9/496,L9/499
9,240,L9/499,L9/504
9,240,L9/504,L9/505
9,240,L9/505,L9/452
9,240,L9/452,L9/454
9,240,L9/454,L9/449
9,240,L9/449,L9/255
9,240,L9/255,L9/253
9,240,L9/253,L9/250
9,240,L9/250,L9/251
9,240,L9/251,L9/241
9,240,L9/241,L9/240
9,241,L9/766,L9/745
9,241,L9/745,L8/372
9,241,L8/372,L8/248
9,241,L8/248,L9/496
9,241,L9/496,L9/499
9,241,L9/499,L9/504
9,241,L9/504,L9/505
9,241,L9/505,L9/452
9,241,L9/452,L9/454
9,241,L9/454,L9/449
9,241,L9/449,L9/255
9,241,L9/255,L9/253
9,241,L9/253,L9/250
9,241,L9/250,L9/251
9,241,L9/251,L9/241
9,242,L9/766,L9/745
9,242,L9/745,L8/372
9,242,L8/372,L8/248
9,242,L8/248,L9/496
9,242,L9/496,L9/499
9,242,L9/499,L9/504
9,242,L9/504,L9/505
9,242,L9/505,L9/452
9,242,L9/452,L9/454
9,242,L9/454,L9/449
9,242,L9/449,L9/255
9,242,L9/255,L9/253
9,242,L9/253,L9/250
9,242,L9/250,L9/249
9,242,L9/249,L9/242
9,243,L9/766,L9/745
9,243,L9/745,L8/372
9,243,L8/372,L8/248
9,243,L8/248,L9/496
9,243,L9/496,L9/499
9,243,L9/499,L9/504
9,243,L9/504,L9/505
9,243,L9/505,L9/452
9,243,L9/452,L9/454
9,243,L9/454,L9/449
9,243,L9/449,L9/255
9,243,L9/255,L9/253
9,243,L9/253,L9/250
9,243,L9/250,L9/251
9,243,L9/251,L9/243
9,244,L9/766,L9/745
9,244,L9/745,L8/372
9,244,L8/372,L8/248
9,244,L8/248,L9/496
9,244,L9/496,L9/499
9,244,L9/499,L9/504
9,244,L9/504,L9/505
9,244,L9/505,L9/452
9,244,L9/452,L9/454
9,244,L9/454,L9/449
9,244,L9/449,L9/255
9,244,L9/255,L9/253
9,244,L9/253,L9/250
9,244,L9/250,L9/251
9,244,L9/251,L9/243
9,244,L9/243,L9/244
9,245,L9/766,L9/745
9,245,L9/745,L8/372
9,245,L8/372,L8/248
9,245,L8/248,L9/497
9,245,L9/497,L9/501
9,245,L9/501,L9/502
9,245,L9/502,L9/503
9,245,L9/503,L9/488
9,245,L9/488,L9/490
9,245,L9/490,L9/491
9,245,L9/491,L9/476
9,245,L9/476,L9/478
9,245,L9/478,L9/479
9,245,L9/479,L9/464
9,245,L9/464,L9/465
9,245,L9/465,L9/245
9,246,L9/766,L9/745
9,246,L9/745,L8/372
9,246,L8/372,L8/248
9,246,L8/248,L9/497
9,246,L9/497,L9/501
9,246,L9/501,L9/502
9,246,L9/502,L9/503
9,246,L9/503,L9/488
9,246,L9/488,L9/490
9,246,L9/490,L9/491
9,246,L9/491,L9/476
9,246,L9/476,L9/478
9,246,L9/478,L9/479
9,246,L9/479,L9/464
9,246,L9/464,L9/465
9,246,L9/465,L9/246
9,247,L9/766,L9/745
9,247,L9/745,L8/372
9,247,L8/372,L8/248
9,247,L8/248,L9/497
9,247,L9/497,L9/501
9,247,L9/501,L9/502
9,247,L9/502,L9/503
9,247,L9/503,L9/488
9,247,L9/488,L9/490
9,247,L9/490,L9/491
9,247,L9/491,L9/476
9,247,L9/476,L9/478
9,247,L9/478,L9/479
9,247,L9/479,L9/464
9,247,L9/464,L9/465
9,247,L9/465,L9/247
9,248,L9/766,L9/745
9,248,L9/745,L8/372
9,248,L8/372,L8/248
9,248,L8/248,L9/496
9,248,L9/496,L9/499
9,248,L9/499,L9/504
9,248,L9/504,L9/505
9,248,L9/505,L9/452
9,248,L9/452,L9/454
9,248,L9/454,L9/449
9,248,L9/449,L9/255
9,248,L9/255,L9/253
9,248,L9/253,L9/248
9,249,L9/766,L9/745
9,249,L9/745,L8/372
9,249,L8/372,L8/248
9,249,L8/248,L9/496
9,249,L9/496,L9/499
9,249,L9/499,L9/504
9,249,L9/504,L9/505
9,249,L9/505,L9/452
9,249,L9/452,L9/454
9,249,L9/454,L9/449
9,249,L9/449,L9/255
9,249,L9/255,L9/253
9,249,L9/253,L9/250
9,249,L9/250,L9/249
9,250,L9/766,L9/745
9,250,L9/745,L8/372
9,250,L8/372,L8/248
9,250,L8/248,L9/496
9,250,L9/496,L9/499
9,250,L9/499,L9/504
9,250,L9/504,L9/505
9,250,L9/505,L9/452
9,250,L9/452,L9/454
9,250,L9/454,L9/449
9,250,L9/449,L9/255
9,250,L9/255,L9/253
9,250,L9/253,L9/250
9,251,L9/766,L9/745
9,251,L9/745,L8/372
9,251,L8/372,L8/248
9,251,L8/248,L9/496
9,251,L9/496,L9/499
9,251,L9/499,L9/504
9,251,L9/504,L9/505
9,251,L9/505,L9/452
9,251,L9/452,L9/454
9,251,L9/454,L9/449
9,251,L9/449,L9/255
9,251,L9/255,L9/253
9,251,L9/253,L9/250
9,251,L9/250,L9/251
9,252,L9/766,L9/745
9,252,L9/745,L8/372
9,252,L8/372,L8/248
9,252,L8/248,L9/496
9,252,L9/496,L9/499
9,252,L9/499,L9/504
9,252,L9/504,L9/505
9,252,L9/505,L9/452
9,252,L9/452,L9/454
9,252,L9/454,L9/449
9,252,L9/449,L9/255
9,252,L9/255,L9/253
9,252,L9/253,L9/252
9,253,L9/766,L9/745
9,253,L9/745,L8/372
9,253,L8/372,L8/248
9,253,L8/248,L9/496
9,253,L9/496,L9/499
9,253,L9/499,L9/504
9,253,L9/504,L9/505
9,253,L9/505,L9/452
9,253,L9/452,L9/454
9,253,L9/454,L9/449
9,253,L9/449,L9/255
9,253,L9/255,L9/253
9,254,L9/766,L9/745
9,254,L9/745,L8/372
9,254,L8/372,L8/248
9,254,L8/248,L9/496
9,254,L9/496,L9/499
9,254,L9/499,L9/504
9,254,L9/504,L9/505
9,254,L9/505,L9/452
9,254,L9/452,L9/454
9,254,L9/454,L9/449
9,254,L9/449,L9/254
9,255,L9/766,L9/745
9,255,L9/745,L8/372
9,255,L8/372,L8/248
9,255,L8/248,L9/496
9,255,L9/496,L9/499
9,255,L9/499,L9/504
9,255,L9/504,L9/505
9,255,L9/505,L9/452
9,255,L9/452,L9/454
9,255,L9/454,L9/449
9,255,L9/449,L9/255
9,256,L9/766,L9/745
9,256,L9/745,L8/372
9,256,L8/372,L8/248
9,256,L8/248,L9/497
9,256,L9/497,L9/501
9,256,L9/501,L9/502
9,256,L9/502,L9/503
9,256,L9/503,L9/488
9,256,L9/488,L9/490
9,256,L9/490,L9/491
9,256,L9/491,L9/476
9,256,L9/476,L9/478
9,256,L9/478,L9/479
9,256,L9/479,L9/464
9,256,L9/464,L8/232
9,256,L8/232,L7/116
9,256,L7/116,L6/58
9,256,L6/58,L7/117
9,256,L7/117,L8/234
9,256,L8/234,L9/468
9,256,L9/468,L9/421
9,256,L9/421,L8/210
9,256,L8/210,L7/105
9,256,L7/105,L6/52
9,256,L6/52,L6/55
9,256,L6/55,L7/111
9,256,L7/111,L8/222
9,256,L8/222,L9/445
9,256,L9/445,L9/402
9,256,L9/402,L9/400
9,256,L9/400,L9/401
9,256,L9/401,L9/406
9,256,L9/406,L9/405
9,256,L9/405,L9/408
9,256,L9/408,L8/204
9,256,L8/204,L8/207
9,256,L8/207,L9/414
9,256,L9/414,L9/398
9,256,L9/398,L9/399
9,256,L9/399,L9/394
9,256,L9/394,L8/197
9,256,L8/197,L8/196
9,256,L8/196,L9/393
9,256,L9/393,L9/256
9,257,L9/766,L9/745
9,257,L9/745,L8/372
9,257,L8/372,L8/248
9,257,L8/248,L9/497
9,257,L9/497,L9/501
9,257,L9/501,L9/502
9,257,L9/502,L9/503
9,257,L9/503,L9/488
9,257,L9/488,L9/490
9,257,L9/490,L9/491
9,257,L9/491,L9/476
9,257,L9/476,L9/478
9,257,L9/478,L9/479
9,257,L9/479,L9/464
9,257,L9/464,L8/232
9,257,L8/232,L7/116
9,257,L7/116,L6/58
9,257,L6/58,L7/117
9,257,L7/117,L8/234
9,257,L8/234,L9/468
9,257,L9/468,L9/421
9,257,L9/421,L8/210
9,257,L8/210,L7/105
9,257,L7/105,L6/52
9,257,L6/52,L6/55
9,257,L6/55,L7/111
9,257,L7/111,L8/222
9,257,L8/222,L9/445
9,257,L9/445,L9/402
9,257,L9/402,L9/400
9,257,L9/400,L9/401
9,257,L9/401,L9/406
9,257,L9/406,L9/405
9,257,L9/405,L9/408
9,257,L9/408,L8/204
9,257,L8/204,L8/207
9,257,L8/207,L9/414
9,257,L9/414,L9/398
9,257,L9/398,L9/399
9,257,L9/399,L9/394
9,257,L9/394,L8/197
9,257,L8/197,L8/196
9,257,L8/196,L9/393
9,257,L9/393,L9/257
9,258,L9/766,L9/745
9,258,L9/745,L8/372
9,258,L8/372,L8/248
9,258,L8/248,L9/497
9,258,L9/497,L9/501
9,258,L9/501,L9/502
9,258,L9/502,L9/503
9,258,L9/503,L9/488
9,258,L9/488,L9/490
9,258,L9/490,L9/491
9,258,L9/491,L9/476
9,258,L9/476,L9/478
9,258,L9/478,L9/479
9,258,L9/479,L9/464
9,258,L9/464,L8/232
9,258,L8/232,L7/116
9,258,L7/116,L6/58
9,258,L6/58,L7/117
9,258,L7/117,L8/234
9,258,L8/234,L9/468
9,258,L9/468,L9/421
9,258,L9/421,L8/210
9,258,L8/210,L7/105
9,258,L7/105,L6/52
9,258,L6/52,L6/55
9,258,L6/55,L7/111
9,258,L7/111,L8/222
9,258,L8/222,L9/445
9,258,L9/445,L9/402
9,258,L9/402,L9/400
9,258,L9/400,L9/401
9,258,L9/401,L9/406
9,258,L9/406,L9/405
9,258,L9/405,L9/408
9,258,L9/408,L8/204
9,258,L8/204,L8/207
9,258,L8/207,L9/414
9,258,L9/414,L9/398
9,258,L9/398,L9/399
9,258,L9/399,L9/394
9,258,L9/394,L8/197
9,258,L8/197,L8/196
9,258,L8/196,L9/393
9,258,L9/393,L9/257
9,258,L9/257,L9/258
9,259,L9/766,L9/745
9,259,L9/745,L8/372
9,259,L8/372,L8/248
9,259,L8/248,L9/497
9,259,L9/497,L9/501
9,259,L9/501,L9/502
9,259,L9/502,L9/503
9,259,L9/503,L9/488
9,259,L9/488,L9/490
9,259,L9/490,L9/491
9,259,L9/491,L9/476
9,259,L9/476,L9/478
9,259,L9/478,L9/479
9,259,L9/479,L9/464
9,259,L9/464,L8/232
9,259,L8/232,L7/116
9,259,L7/116,L6/58
9,259,L6/58,L7/117
9,259,L7/117,L8/234
9,259,L8/234,L9/468
9,259,L9/468,L9/421
9,259,L9/421,L8/210
9,259,L8/210,L7/105
9,259,L7/105,L6/52
9,259,L6/52,L6/55
9,259,L6/55,L7/111
9,259,L7/111,L8/222
9,259,L8/222,L9/445
9,259,L9/445,L9/402
9,259,L9/402,L9/400
9,259,L9/400,L9/401
9,259,L9/401,L9/406
9,259,L9/406,L9/405
9,259,L9/405,L9/408
9,259,L9/408,L8/204
9,259,L8/204,L8/207
9,259,L8/207,L9/414
9,259,L9/414,L9/398
9,259,L9/398,L9/399
9,259,L9/399,L9/394
9,259,L9/394,L8/197
9,259,L8/197,L8/196
9,259,L8/196,L9/393
9,259,L9/393,L9/256
9,259,L9/256,L9/259
9,260,L9/766,L9/745
9,260,L9/745,L8/372
9,260,L8/372,L8/248
9,260,L8/248,L9/497
9,260,L9/497,L9/501
9,260,L9/501,L9/502
9,260,L9/502,L9/503
9,260,L9/503,L9/488
9,260,L9/488,L9/490
9,260,L9/490,L9/491
9,260,L9/491,L9/476
9,260,L9/476,L9/478
9,260,L9/478,L9/479
9,260,L9/479,L9/464
9,260,L9/464,L8/232
9,260,L8/232,L7/116
9,260,L7/116,L6/58
9,260,L6/58,L7/117
9,260,L7/117,L8/234
9,260,L8/234,L9/468
9,260,L9/468,L9/421
9,260,L9/421,L8/210
9,260,L8/210,L7/105
9,260,L7/105,L6/52
9,260,L6/52,L6/55
9,260,L6/55,L7/111
9,260,L7/111,L8/222
9,260,L8/222,L9/445
9,260,L9/445,L9/402
9,260,L9/402,L9/400
9,260,L9/400,L9/401
9,260,L9/401,L9/406
9,260,L9/406,L9/405
9,260,L9/405,L9/408
9,260,L9/408,L8/204
9,260,L8/204,L8/207
9,260,L8/207,L9/414
9,260,L9/414,L9/396
9,260,L9/396,L8/198
9,260,L8/198,L8/132
9,260,L8/132,L9/265
9,260,L9/265,L9/268
9,260,L9/268,L9/262
9,260,L9/262,L9/263
9,260,L9/263,L9/260
9,261,L9/766,L9/745
9,261,L9/745,L8/372
9,261,L8/372,L8/248
9,261,L8/248,L9/497
9,261,L9/497,L9/501
9,261,L9/501,L9/502
9,261,L9/502,L9/503
9,261,L9/503,L9/488
9,261,L9/488,L9/490
9,261,L9/490,L9/491
9,261,L9/491,L9/476
9,261,L9/476,L9/478
9,261,L9/478,L9/479
9,261,L9/479,L9/464
9,261,L9/464,L8/232
9,261,L8/232,L7/116
9,261,L7/116,L6/58
9,261,L6/58,L7/117
9,261,L7/117,L8/234
9,261,L8/234,L9/468
9,261,L9/468,L9/421
9,261,L9/421,L8/210
9,261,L8/210,L7/105
9,261,L7/105,L6/52
9,261,L6/52,L6/55
9,261,L6/55,L7/111
9,261,L7/111,L8/222
9,261,L8/222,L9/445
9,261,L9/445,L9/402
9,261,L9/402,L9/400
9,261,L9/400,L9/401
9,261,L9/401,L9/406
9,261,L9/406,L9/405
9,261,L9/405,L9/408
9,261,L9/408,L8/204
9,261,L8/204,L8/207
9,261,L8/207,L9/414
9,261,L9/414,L9/396
9,261,L9/396,L8/198
9,261,L8/198,L8/132
9,261,L8/132,L9/265
9,261,L9/265,L9/268
9,261,L9/268,L9/262
9,261,L9/262,L9/263
9,261,L9/263,L9/261
9,262,L9/766,L9/745
9,262,L9/745,L8/372
9,262,L8/372,L8/248
9,262,L8/248,L9/497
9,262,L9/497,L9/501
9,262,L9/501,L9/502
9,262,L9/502,L9/503
9,262,L9/503,L9/488
9,262,L9/488,L9/490
9,262,L9/490,L9/491
9,262,L9/491,L9/476
9,262,L9/476,L9/478
9,262,L9/478,L9/479
9,262,L9/479,L9/464
9,262,L9/464,L8/232
9,262,L8/232,L7/116
9,262,L7/116,L6/58
9,262,L6/58,L7/117
9,262,L7/117,L8/234
9,262,L8/234,L9/468
9,262,L9/468,L9/421
9,262,L9/421,L8/210
9,262,L8/210,L7/105
9,262,L7/105,L6/52
9,262,L6/52,L6/55
9,262,L6/55,L7/111
9,262,L7/111,L8/222
9,262,L8/222,L9/445
9,262,L9/445,L9/402
9,262,L9/402,L9/400
9,262,L9/400,L9/401
9,262,L9/401,L9/406
9,262,L9/406,L9/405
9,262,L9/405,L9/408
9,262,L9/408,L8/204
9,262,L8/204,L8/207
9,262,L8/207,L9/414
9,262,L9/414,L9/396
9,262,L9/396,L8/198
9,262,L8/198,L8/132
9,262,L8/132,L9/265
9,262,L9/265,L9/268
9,262,L9/268,L9/262
9,263,L9/766,L9/745
9,263,L9/745,L8/372
9,263,L8/372,L8/248
9,263,L8/248,L9/497
9,263,L9/497,L9/501
9,263,L9/501,L9/502
9,263,L9/502,L9/503
9,263,L9/503,L9/488
9,263,L9/488,L9/490
9,263,L9/490,L9/491
9,263,L9/491,L9/476
9,263,L9/476,L9/478
9,263,L9/478,L9/479
9,263,L9/479,L9/464
9,263,L9/464,L8/232
9,263,L8/232,L7/116
9,263,L7/116,L6/58
9,263,L6/58,L7/117
9,263,L7/117,L8/234
9,263,L8/234,L9/468
9,263,L9/468,L9/421
9,263,L9/421,L8/210
9,263,L8/210,L7/105
9,263,L7/105,L6/52
9,263,L6/52,L6/55
9,263,L6/55,L7/111
9,263,L7/111,L8/222
9,263,L8/222,L9/445
9,263,L9/445,L9/402
9,263,L9/402,L9/400
9,263,L9/400,L9/401
9,263,L9/401,L9/406
9,263,L9/406,L9/405
9,263,L9/405,L9/408
9,263,L9/408,L8/204
9,263,L8/204,L8/207
9,263,L8/207,L9/414
9,263,L9/414,L9/396
9,263,L9/396,L8/198
9,263,L8/198,L8/132
9,263,L8/132,L9/265
9,263,L9/265,L9/268
9,263,L9/268,L9/262
9,263,L9/262,L9/263
9,264,L9/766,L9/745
9,264,L9/745,L8/372
9,264,L8/372,L8/248
9,264,L8/248,L9/497
9,264,L9/497,L9/501
9,264,L9/501,L9/502
9,264,L9/502,L9/503
9,264,L9/503,L9/488
9,264,L9/488,L9/490
9,264,L9/490,L9/491
9,264,L9/491,L9/476
9,264,L9/476,L9/478
9,264,L9/478,L9/479
9,264,L9/479,L9/464
9,264,L9/464,L8/232
9,264,L8/232,L7/116
9,264,L7/116,L6/58
9,264,L6/58,L7/117
9,264,L7/117,L8/234
9,264,L8/234,L9/468
9,264,L9/468,L9/421
9,264,L9/421,L8/210
9,264,L8/210,L7/105
9,264,L7/105,L6/52
9,264,L6/52,L6/55
9,264,L6/55,L7/111
9,264,L7/111,L8/222
9,264,L8/222,L9/445
9,264,L9/445,L9/402
9,264,L9/402,L9/400
9,264,L9/400,L9/401
9,264,L9/401,L9/406
9,264,L9/406,L9/405
9,264,L9/405,L9/408
9,264,L9/408,L8/204
9,264,L8/204,L8/207
9,264,L8/207,L9/414
9,264,L9/414,L9/396
9,264,L9/396,L8/198
9,264,L8/198,L8/132
9,264,L8/132,L9/264
9,265,L9/766,L9/745
9,265,L9/745,L8/372
9,265,L8/372,L8/248
9,265,L8/248,L9/497
9,265,L9/497,L9/501
9,265,L9/501,L9/502
9,265,L9/502,L9/503
9,265,L9/503,L9/488
9,265,L9/488,L9/490
9,265,L9/490,L9/491
9,265,L9/491,L9/476
9,265,L9/476,L9/478
9,265,L9/478,L9/479
9,265,L9/479,L9/464
9,265,L9/464,L8/232
9,265,L8/232,L7/116
9,265,L7/116,L6/58
9,265,L6/58,L7/117
9,265,L7/117,L8/234
9,265,L8/234,L9/468
9,265,L9/468,L9/421
9,265,L9/421,L8/210
9,265,L8/210,L7/105
9,265,L7/105,L6/52
9,265,L6/52,L6/55
9,265,L6/55,L7/111
9,265,L7/111,L8/222
9,265,L8/222,L9/445
9,265,L9/445,L9/402
9,265,L9/402,L9/400
9,265,L9/400,L9/401
9,265,L9/401,L9/406
9,265,L9/406,L9/405
9,265,L9/405,L9/408
9,265,L9/408,L8/204
9,265,L8/204,L8/207
9,265,L8/207,L9/414
9,265,L9/414,L9/396
9,265,L9/396,L8/198
9,265,L8/198,L8/132
9,265,L8/132,L9/265
9,266,L9/766,L9/745
9,266,L9/745,L8/372
9,266,L8/372,L8/248
9,266,L8/248,L9/497
9,266,L9/497,L9/501
9,266,L9/501,L9/502
9,266,L9/502,L9/503
9,266,L9/503,L9/488
9,266,L9/488,L9/490
9,266,L9/490,L9/491
9,266,L9/491,L9/476
9,266,L9/476,L9/478
9,266,L9/478,L9/479
9,266,L9/479,L9/464
9,266,L9/464,L8/232
9,266,L8/232,L7/116
9,266,L7/116,L6/58
9,266,L6/58,L7/117
9,266,L7/117,L8/234
9,266,L8/234,L9/468
9,266,L9/468,L9/421
9,266,L9/421,L8/210
9,266,L8/210,L7/105
9,266,L7/105,L6/52
9,266,L6/52,L6/55
9,266,L6/55,L7/111
9,266,L7/111,L8/222
9,266,L8/222,L9/445
9,266,L9/445,L9/402
9,266,L9/402,L9/400
9,266,L9/400,L9/401
9,266,L9/401,L9/406
9,266,L9/406,L9/405
9,266,L9/405,L9/408
9,266,L9/408,L8/204
9,266,L8/204,L8/207
9,266,L8/207,L9/414
9,266,L9/414,L9/396
9,266,L9/396,L8/198
9,266,L8/198,L8/132
9,266,L8/132,L9/265
9,266,L9/265,L9/266
9,267,L9/766,L9/745
9,267,L9/745,L8/372
9,267,L8/372,L8/248
9,267,L8/248,L9/497
9,267,L9/497,L9/501
9,267,L9/501,L9/502
9,267,L9/502,L9/503
9,267,L9/503,L9/488
9,267,L9/488,L9/490
9,267,L9/490,L9/491
9,267,L9/491,L9/476
9,267,L9/476,L9/478
9,267,L9/478,L9/479
9,267,L9/479,L9/464
9,267,L9/464,L8/232
9,267,L8/232,L7/116
9,267,L7/116,L6/58
9,267,L6/58,L7/117
9,267,L7/117,L8/234
9,267,L8/234,L9/468
9,267,L9/468,L9/421
9,267,L9/421,L8/210
9,267,L8/210,L7/105
9,267,L7/105,L6/52
9,267,L6/52,L6/55
9,267,L6/55,L7/111
9,267,L7/111,L8/222
9,267,L8/222,L9/445
9,267,L9/445,L9/402
9,267,L9/402,L9/400
9,267,L9/400,L9/401
9,267,L9/401,L9/406
9,267,L9/406,L9/405
9,267,L9/405,L9/408
9,267,L9/408,L8/204
9,267,L8/204,L8/207
9,267,L8/207,L9/414
9,267,L9/414,L9/396
9,267,L9/396,L8/198
9,267,L8/198,L8/132
9,267,L8/132,L9/264
9,267,L9/264,L9/267
9,268,L9/766,L9/745
9,268,L9/745,L8/372
9,268,L8/372,L8/248
9,268,L8/248,L9/497
9,268,L9/497,L9/501
9,268,L9/501,L9/502
9,268,L9/502,L9/503
9,268,L9/503,L9/488
9,268,L9/488,L9/490
9,268,L9/490,L9/491
9,268,L9/491,L9/476
9,268,L9/476,L9/478
9,268,L9/478,L9/479
9,268,L9/479,L9/464
9,268,L9/464,L8/232
9,268,L8/232,L7/116
9,268,L7/116,L6/58
9,268,L6/58,L7/117
9,268,L7/117,L8/234
9,268,L8/234,L9/468
9,268,L9/468,L9/421
9,268,L9/421,L8/210
9,268,L8/210,L7/105
9,268,L7/105,L6/52
9,268,L6/52,L6/55
9,268,L6/55,L7/111
9,268,L7/111,L8/222
9,268,L8/222,L9/445
9,268,L9/445,L9/402
9,268,L9/402,L9/400
9,268,L9/400,L9/401
9,268,L9/401,L9/406
9,268,L9/406,L9/405
9,268,L9/405,L9/408
9,268,L9/408,L8/204
9,268,L8/204,L8/207
9,268,L8/207,L9/414
9,268,L9/414,L9/396
9,268,L9/396,L8/198
9,268,L8/198,L8/132
9,268,L8/132,L9/265
9,268,L9/265,L9/268
9,269,L9/766,L9/745
9,269,L9/745,L8/372
9,269,L8/372,L8/248
9,269,L8/248,L9/497
9,269,L9/497,L9/501
9,269,L9/501,L9/502
9,269,L9/502,L9/503
9,269,L9/503,L9/488
9,269,L9/488,L9/490
9,269,L9/490,L9/491
9,269,L9/491,L9/476
9,269,L9/476,L9/478
9,269,L9/478,L9/479
9,269,L9/479,L9/464
9,269,L9/464,L8/232
9,269,L8/232,L7/116
9,269,L7/116,L6/58
9,269,L6/58,L7/117
9,269,L7/117,L8/234
9,269,L8/234,L9/468
9,269,L9/468,L9/421
9,269,L9/421,L8/210
9,269,L8/210,L7/105
9,269,L7/105,L6/52
9,269,L6/52,L6/55
9,269,L6/55,L7/111
9,269,L7/111,L8/222
9,269,L8/222,L9/445
9,269,L9/445,L9/402
9,269,L9/402,L9/400
9,269,L9/400,L9/401
9,269,L9/401,L9/406
9,269,L9/406,L9/405
9,269,L9/405,L9/408
9,269,L9/408,L8/204
9,269,L8/204,L8/207
9,269,L8/207,L9/414
9,269,L9/414,L9/396
9,269,L9/396,L8/198
9,269,L8/198,L8/132
9,269,L8/132,L9/265
9,269,L9/265,L9/268
9,269,L9/268,L9/269
9,270,L9/766,L9/745
9,270,L9/745,L8/372
9,270,L8/372,L8/248
9,270,L8/248,L9/497
9,270,L9/497,L9/501
9,270,L9/501,L9/502
9,270,L9/502,L9/503
9,270,L9/503,L9/488
9,270,L9/488,L9/490
9,270,L9/490,L9/491
9,270,L9/491,L9/476
9,270,L9/476,L9/478
9,270,L9/478,L9/479
9,270,L9/479,L9/464
9,270,L9/464,L8/232
9,270,L8/232,L7/116
9,270,L7/116,L6/58
9,270,L6/58,L7/117
9,270,L7/117,L8/234
9,270,L8/234,L9/468
9,270,L9/468,L9/421
9,270,L9/421,L8/210
9,270,L8/210,L7/105
9,270,L7/105,L6/52
9,270,L6/52,L6/55
9,270,L6/55,L7/111
9,270,L7/111,L8/222
9,270,L8/222,L9/445
9,270,L9/445,L9/402
9,270,L9/402,L9/400
9,270,L9/400,L9/401
9,270,L9/401,L9/406
9,270,L9/406,L9/405
9,270,L9/405,L9/408
9,270,L9/408,L8/204
9,270,L8/204,L8/207
9,270,L8/207,L9/414
9,270,L9/414,L9/396
9,270,L9/396,L8/198
9,270,L8/198,L8/132
9,270,L8/132,L9/265
9,270,L9/265,L9/266
9,270,L9/266,L9/270
9,271,L9/766,L9/745
9,271,L9/745,L8/372
9,271,L8/372,L8/248
9,271,L8/248,L9/497
9,271,L9/497,L9/501
9,271,L9/501,L9/502
9,271,L9/502,L9/503
9,271,L9/503,L9/488
9,271,L9/488,L9/490
9,271,L9/490,L9/491
9,271,L9/491,L9/476
9,271,L9/476,L9/478
9,271,L9/478,L9/479
9,271,L9/479,L9/464
9,271,L9/464,L8/232
9,271,L8/232,L7/116
9,271,L7/116,L6/58
9,271,L6/58,L7/117
9,271,L7/117,L8/234
9,271,L8/234,L9/468
9,271,L9/468,L9/421
9,271,L9/421,L8/210
9,271,L8/210,L7/105
9,271,L7/105,L6/52
9,271,L6/52,L6/55
9,271,L6/55,L7/111
9,271,L7/111,L8/222
9,271,L8/222,L9/445
9,271,L9/445,L9/402
9,271,L9/402,L9/400
9,271,L9/400,L9/401
9,271,L9/401,L9/406
9,271,L9/406,L9/405
9,271,L9/405,L9/408
9,271,L9/408,L8/204
9,271,L8/204,L8/207
9,271,L8/207,L9/414
9,271,L9/414,L9/396
9,271,L9/396,L8/198
9,271,L8/198,L8/132
9,271,L8/132,L9/265
9,271,L9/265,L9/266
9,271,L9/266,L9/270
9,271,L9/270,L9/271
9,272,L9/766,L9/745
9,272,L9/745,L8/372
9,272,L8/372,L8/248
9,272,L8/248,L9/497
9,272,L9/497,L9/501
9,272,L9/501,L9/502
9,272,L9/502,L9/503
9,272,L9/503,L9/488
9,272,L9/488,L9/490
9,272,L9/490,L9/491
9,272,L9/491,L9/476
9,272,L9/476,L9/478
9,272,L9/478,L9/479
9,272,L9/479,L9/464
9,272,L9/464,L8/232
9,272,L8/232,L7/116
9,272,L7/116,L6/58
9,272,L6/58,L7/117
9,272,L7/117,L8/234
9,272,L8/234,L9/468
9,272,L9/468,L9/421
9,272,L9/421,L8/210
9,272,L8/210,L7/105
9,272,L7/105,L6/52
9,272,L6/52,L6/55
9,272,L6/55,L7/111
9,272,L7/111,L8/222
9,272,L8/222,L9/445
9,272,L9/445,L9/402
9,272,L9/402,L9/400
9,272,L9/400,L9/401
9,272,L9/401,L9/406
9,272,L9/406,L9/405
9,272,L9/405,L9/408
9,272,L9/408,L8/204
9,272,L8/204,L8/207
9,272,L8/207,L9/414
9,272,L9/414,L9/396
9,272,L9/396,L8/198
9,272,L8/198,L8/132
9,272,L8/132,L9/265
9,272,L9/265,L9/266
9,272,L9/266,L9/270
9,272,L9/270,L9/271
9,272,L9/271,L9/284
9,272,L9/284,L9/286
9,272,L9/286,L9/279
9,272,L9/279,L9/276
9,272,L9/276,L9/272
9,273,L9/766,L9/745
9,273,L9/745,L8/372
9,273,L8/372,L8/248
9,273,L8/248,L9/497
9,273,L9/497,L9/501
9,273,L9/501,L9/502
9,273,L9/502,L9/503
9,273,L9/503,L9/488
9,273,L9/488,L9/490
9,273,L9/490,L9/491
9,273,L9/491,L9/476
9,273,L9/476,L9/478
9,273,L9/478,L9/479
9,273,L9/479,L9/464
9,273,L9/464,L8/232
9,273,L8/232,L7/116
9,273,L7/116,L6/58
9,273,L6/58,L7/117
9,273,L7/117,L8/234
9,273,L8/234,L9/468
9,273,L9/468,L9/421
9,273,L9/421,L8/210
9,273,L8/210,L7/105
9,273,L7/105,L6/52
9,273,L6/52,L6/55
9,273,L6/55,L7/111
9,273,L7/111,L8/222
9,273,L8/222,L9/445
9,273,L9/445,L9/402
9,273,L9/402,L9/400
9,273,L9/400,L9/401
9,273,L9/401,L9/406
9,273,L9/406,L9/405
9,273,L9/405,L9/408
9,273,L9/408,L8/204
9,273,L8/204,L8/207
9,273,L8/207,L9/414
9,273,L9/414,L9/398
9,273,L9/398,L9/399
9,273,L9/399,L9/394
9,273,L9/394,L8/197
9,273,L8/197,L8/196
9,273,L8/196,L9/393
9,273,L9/393,L9/256
9,273,L9/256,L9/259
9,273,L9/259,L9/283
9,273,L9/283,L9/275
9,273,L9/275,L9/273
9,274,L9/766,L9/745
9,274,L9/745,L8/372
9,274,L8/372,L8/248
9,274,L8/248,L9/497
9,274,L9/497,L9/501
9,274,L9/501,L9/502
9,274,L9/502,L9/503
9,274,L9/503,L9/488
9,274,L9/488,L9/490
9,274,L9/490,L9/491
9,274,L9/491,L9/476
9,274,L9/476,L9/478
9,274,L9/478,L9/479
9,274,L9/479,L9/464
9,274,L9/464,L8/232
9,274,L8/232,L7/116
9,274,L7/116,L6/58
9,274,L6/58,L7/117
9,274,L7/117,L8/234
9,274,L8/234,L9/468
9,274,L9/468,L9/421
9,274,L9/421,L8/210
9,274,L8/210,L7/105
9,274,L7/105,L6/52
9,274,L6/52,L6/55
9,274,L6/55,L7/111
9,274,L7/111,L8/222
9,274,L8/222,L9/445
9,274,L9/445,L9/402
9,274,L9/402,L9/400
9,274,L9/400,L9/401
9,274,L9/401,L9/406
9,274,L9/406,L9/405
9,274,L9/405,L9/408
9,274,L9/408,L8/204
9,274,L8/204,L8/207
9,274,L8/207,L9/414
9,274,L9/414,L9/398
9,274,L9/398,L9/399
9,274,L9/399,L9/394
9,274,L9/394,L8/197
9,274,L8/197,L8/196
9,274,L8/196,L9/393
9,274,L9/393,L9/256
9,274,L9/256,L9/259
9,274,L9/259,L9/283
9,274,L9/283,L9/275
9,274,L9/275,L9/274
9,275,L9/766,L9/745
9,275,L9/745,L8/372
9,275,L8/372,L8/248
9,275,L8/248,L9/497
9,275,L9/497,L9/501
9,275,L9/501,L9/502
9,275,L9/502,L9/503
9,275,L9/503,L9/488
9,275,L9/488,L9/490
9,275,L9/490,L9/491
9,275,L9/491,L9/476
9,275,L9/476,L9/478
9,275,L9/478,L9/479
9,275,L9/479,L9/464
9,275,L9/464,L8/232
9,275,L8/232,L7/116
9,275,L7/116,L6/58
9,275,L6/58,L7/117
9,275,L7/117,L8/234
9,275,L8/234,L9/468
9,275,L9/468,L9/421
9,275,L9/421,L8/210
9,275,L8/210,L7/105
9,275,L7/105,L6/52
9,275,L6/52,L6/55
9,275,L6/55,L7/111
9,275,L7/111,L8/222
9,275,L8/222,L9/445
9,275,L9/445,L9/402
9,275,L9/402,L9/400
9,275,L9/400,L9/401
9,275,L9/401,L9/406
9,275,L9/406,L9/405
9,275,L9/405,L9/408
9,275,L9/408,L8/204
9,275,L8/204,L8/207
9,275,L8/207,L9/414
9,275,L9/414,L9/398
9,275,L9/398,L9/399
9,275,L9/399,L9/394
9,275,L9/394,L8/197
9,275,L8/197,L8/196
9,275,L8/196,L9/393
9,275,L9/393,L9/256
9,275,L9/256,L9/259
9,275,L9/259,L9/283
9,275,L9/283,L9/275
9,276,L9/766,L9/745
9,276,L9/745,L8/372
9,276,L8/372,L8/248
9,276,L8/248,L9/497
9,276,L9/497,L9/501
9,276,L9/501,L9/502
9,276,L9/502,L9/503
9,276,L9/503,L9/488
9,276,L9/488,L9/490
9,276,L9/490,L9/491
9,276,L9/491,L9/476
9,276,L9/476,L9/478
9,276,L9/478,L9/479
9,276,L9/479,L9/464
9,276,L9/464,L8/232
9,276,L8/232,L7/116
9,276,L7/116,L6/58
9,276,L6/58,L7/117
9,276,L7/117,L8/234
9,276,L8/234,L9/468
9,276,L9/468,L9/421
9,276,L9/421,L8/210
9,276,L8/210,L7/105
9,276,L7/105,L6/52
9,276,L6/52,L6/55
9,276,L6/55,L7/111
9,276,L7/111,L8/222
9,276,L8/222,L9/445
9,276,L9/445,L9/402
9,276,L9/402,L9/400
9,276,L9/400,L9/401
9,276,L9/401,L9/406
9,276,L9/406,L9/405
9,276,L9/405,L9/408
9,276,L9/408,L8/204
9,276,L8/204,L8/207
9,276,L8/207,L9/414
9,276,L9/414,L9/396
9,276,L9/396,L8/198
9,276,L8/198,L8/132
9,276,L8/132,L9/265
9,276,L9/265,L9/266
9,276,L9/266,L9/270
9,276,L9/270,L9/271
9,276,L9/271,L9/284
9,276,L9/284,L9/286
9,276,L9/286,L9/279
9,276,L9/279,L9/276
9,277,L9/766,L9/745
9,277,L9/745,L8/372
9,277,L8/372,L8/248
9,277,L8/248,L9/497
9,277,L9/497,L9/501
9,277,L9/501,L9/502
9,277,L9/502,L9/503
9,277,L9/503,L9/488
9,277,L9/488,L9/490
9,277,L9/490,L9/491
9,277,L9/491,L9/476
9,277,L9/476,L9/478
9,277,L9/478,L9/479
9,277,L9/479,L9/464
9,277,L9/464,L8/232
9,277,L8/232,L7/116
9,277,L7/116,L6/58
9,277,L6/58,L7/117
9,277,L7/117,L8/234
9,277,L8/234,L9/468
9,277,L9/468,L9/421
9,277,L9/421,L8/210
9,277,L8/210,L7/105
9,277,L7/105,L6/52
9,277,L6/52,L6/55
9,277,L6/55,L7/111
9,277,L7/111,L8/222
9,277,L8/222,L9/445
9,277,L9/445,L9/402
9,277,L9/402,L9/400
9,277,L9/400,L9/401
9,277,L9/401,L9/406
9,277,L9/406,L9/405
9,277,L9/405,L9/408
9,277,L9/408,L8/204
9,277,L8/204,L8/207
9,277,L8/207,L9/414
9,277,L9/414,L9/396
9,277,L9/396,L8/198
9,277,L8/198,L8/132
9,277,L8/132,L9/265
9,277,L9/265,L9/266
9,277,L9/266,L9/270
9,277,L9/270,L9/271
9,277,L9/271,L9/284
9,277,L9/284,L9/286
9,277,L9/286,L9/279
9,277,L9/279,L9/277
9,278,L9/766,L9/745
9,278,L9/745,L8/372
9,278,L8/372,L8/248
9,278,L8/248,L9/497
9,278,L9/497,L9/501
9,278,L9/501,L9/502
9,278,L9/502,L9/503
9,278,L9/503,L9/488
9,278,L9/488,L9/490
9,278,L9/490,L9/491
9,278,L9/491,L9/476
9,278,L9/476,L9/478
9,278,L9/478,L9/479
9,278,L9/479,L9/464
9,278,L9/464,L8/232
9,278,L8/232,L7/116
9,278,L7/116,L6/58
9,278,L6/58,L7/117
9,278,L7/117,L8/234
9,278,L8/234,L9/468
9,278,L9/468,L9/421
9,278,L9/421,L8/210
9,278,L8/210,L7/105
9,278,L7/105,L6/52
9,278,L6/52,L6/55
9,278,L6/55,L7/111
9,278,L7/111,L8/222
9,278,L8/222,L9/445
9,278,L9/445,L9/402
9,278,L9/402,L9/400
9,278,L9/400,L9/401
9,278,L9/401,L9/406
9,278,L9/406,L9/405
9,278,L9/405,L9/408
9,278,L9/408,L8/204
9,278,L8/204,L8/207
9,278,L8/207,L9/414
9,278,L9/414,L9/396
9,278,L9/396,L8/198
9,278,L8/198,L8/132
9,278,L8/132,L9/265
9,278,L9/265,L9/266
9,278,L9/266,L9/270
9,278,L9/270,L9/271
9,278,L9/271,L9/284
9,278,L9/284,L9/286
9,278,L9/286,L9/279
9,278,L9/279,L9/278
9,279,L9/766,L9/745
9,279,L9/745,L8/372
9,279,L8/372,L8/248
9,279,L8/248,L9/497
9,279,L9/497,L9/501
9,279,L9/501,L9/502
9,279,L9/502,L9/503
9,279,L9/503,L9/488
9,279,L9/488,L9/490
9,279,L9/490,L9/491
9,279,L9/491,L9/476
9,279,L9/476,L9/478
9,279,L9/478,L9/479
9,279,L9/479,L9/464
9,279,L9/464,L8/232
9,279,L8/232,L7/116
9,279,L7/116,L6/58
9,279,L6/58,L7/117
9,279,L7/117,L8/234
9,279,L8/234,L9/468
9,279,L9/468,L9/421
9,279,L9/421,L8/210
9,279,L8/210,L7/105
9,279,L7/105,L6/52
9,279,L6/52,L6/55
9,279,L6/55,L7/111
9,279,L7/111,L8/222
9,279,L8/222,L9/445
9,279,L9/445,L9/402
9,279,L9/402,L9/400
9,279,L9/400,L9/401
9,279,L9/401,L9/406
9,279,L9/406,L9/405
9,279,L9/405,L9/408
9,279,L9/408,L8/204
9,279,L8/204,L8/207
9,279,L8/207,L9/414
9,279,L9/414,L9/396
9,279,L9/396,L8/198
9,279,L8/198,L8/132
9,279,L8/132,L9/265
9,279,L9/265,L9/266
9,279,L9/266,L9/270
9,279,L9/270,L9/271
9,279,L9/271,L9/284
9,279,L9/284,L9/286
9,279,L9/286,L9/279
9,280,L9/766,L9/745
9,280,L9/745,L8/372
9,280,L8/372,L8/248
9,280,L8/248,L9/497
9,280,L9/497,L9/501
9,280,L9/501,L9/502
9,280,L9/502,L9/503
9,280,L9/503,L9/488
9,280,L9/488,L9/490
9,280,L9/490,L9/491
9,280,L9/491,L9/476
9,280,L9/476,L9/478
9,280,L9/478,L9/479
9,280,L9/479,L9/464
9,280,L9/464,L8/232
9,280,L8/232,L7/116
9,280,L7/116,L6/58
9,280,L6/58,L7/117
9,280,L7/117,L8/234
9,280,L8/234,L9/468
9,280,L9/468,L9/421
9,280,L9/421,L8/210
9,280,L8/210,L7/105
9,280,L7/105,L6/52
9,280,L6/52,L6/55
9,280,L6/55,L7/111
9,280,L7/111,L8/222
9,280,L8/222,L9/445
9,280,L9/445,L9/402
9,280,L9/402,L9/400
9,280,L9/400,L9/401
9,280,L9/401,L9/406
9,280,L9/406,L9/405
9,280,L9/405,L9/408
9,280,L9/408,L8/204
9,280,L8/204,L8/207
9,280,L8/207,L9/414
9,280,L9/414,L9/396
9,280,L9/396,L8/198
9,280,L8/198,L8/132
9,280,L8/132,L9/265
9,280,L9/265,L9/268
9,280,L9/268,L9/262
9,280,L9/262,L9/263
9,280,L9/263,L9/260
9,280,L9/260,L9/281
9,280,L9/281,L9/280
9,281,L9/766,L9/745
9,281,L9/745,L8/372
9,281,L8/372,L8/248
9,281,L8/248,L9/497
9,281,L9/497,L9/501
9,281,L9/501,L9/502
9,281,L9/502,L9/503
9,281,L9/503,L9/488
9,281,L9/488,L9/490
9,281,L9/490,L9/491
9,281,L9/491,L9/476
9,281,L9/476,L9/478
9,281,L9/478,L9/479
9,281,L9/479,L9/464
9,281,L9/464,L8/232
9,281,L8/232,L7/116
9,281,L7/116,L6/58
9,281,L6/58,L7/117
9,281,L7/117,L8/234
9,281,L8/234,L9/468
9,281,L9/468,L9/421
9,281,L9/421,L8/210
9,281,L8/210,L7/105
9,281,L7/105,L6/52
9,281,L6/52,L6/55
9,281,L6/55,L7/111
9,281,L7/111,L8/222
9,281,L8/222,L9/445
9,281,L9/445,L9/402
9,281,L9/402,L9/400
9,281,L9/400,L9/401
9,281,L9/401,L9/406
9,281,L9/406,L9/405
9,281,L9/405,L9/408
9,281,L9/408,L8/204
9,281,L8/204,L8/207
9,281,L8/207,L9/414
9,281,L9/414,L9/396
9,281,L9/396,L8/198
9,281,L8/198,L8/132
9,281,L8/132,L9/265
9,281,L9/265,L9/268
9,281,L9/268,L9/262
9,281,L9/262,L9/263
9,281,L9/263,L9/260
9,281,L9/260,L9/281
9,282,L9/766,L9/745
9,282,L9/745,L8/372
9,282,L8/372,L8/248
9,282,L8/248,L9/497
9,282,L9/497,L9/501
9,282,L9/501,L9/502
9,282,L9/502,L9/503
9,282,L9/503,L9/488
9,282,L9/488,L9/490
9,282,L9/490,L9/491
9,282,L9/491,L9/476
9,282,L9/476,L9/478
9,282,L9/478,L9/479
9,282,L9/479,L9/464
9,282,L9/464,L8/232
9,282,L8/232,L7/116
9,282,L7/116,L6/58
9,282,L6/58,L7/117
9,282,L7/117,L8/234
9,282,L8/234,L9/468
9,282,L9/468,L9/421
9,282,L9/421,L8/210
9,282,L8/210,L7/105
9,282,L7/105,L6/52
9,282,L6/52,L6/55
9,282,L6/55,L7/111
9,282,L7/111,L8/222
9,282,L8/222,L9/445
9,282,L9/445,L9/402
9,282,L9/402,L9/400
9,282,L9/400,L9/401
9,282,L9/401,L9/406
9,282,L9/406,L9/405
9,282,L9/405,L9/408
9,282,L9/408,L8/204
9,282,L8/204,L8/207
9,282,L8/207,L9/414
9,282,L9/414,L9/396
9,282,L9/396,L8/198
9,282,L8/198,L8/132
9,282,L8/132,L9/265
9,282,L9/265,L9/268
9,282,L9/268,L9/262
9,282,L9/262,L9/263
9,282,L9/263,L9/261
9,282,L9/261,L9/282
9,283,L9/766,L9/745
9,283,L9/745,L8/372
9,283,L8/372,L8/248
9,283,L8/248,L9/497
9,283,L9/497,L9/501
9,283,L9/501,L9/502
9,283,L9/502,L9/503
9,283,L9/503,L9/488
9,283,L9/488,L9/490
9,283,L9/490,L9/491
9,283,L9/491,L9/476
9,283,L9/476,L9/478
9,283,L9/478,L9/479
9,283,L9/479,L9/464
9,283,L9/464,L8/232
9,283,L8/232,L7/116
9,283,L7/116,L6/58
9,283,L6/58,L7/117
9,283,L7/117,L8/234
9,283,L8/234,L9/468
9,283,L9/468,L9/421
9,283,L9/421,L8/210
9,283,L8/210,L7/105
9,283,L7/105,L6/52
9,283,L6/52,L6/55
9,283,L6/55,L7/111
9,283,L7/111,L8/222
9,283,L8/222,L9/445
9,283,L9/445,L9/402
9,283,L9/402,L9/400
9,283,L9/400,L9/401
9,283,L9/401,L9/406
9,283,L9/406,L9/405
9,283,L9/405,L9/408
9,283,L9/408,L8/204
9,283,L8/204,L8/207
9,283,L8/207,L9/414
9,283,L9/414,L9/398
9,283,L9/398,L9/399
9,283,L9/399,L9/394
9,283,L9/394,L8/197
9,283,L8/197,L8/196
9,283,L8/196,L9/393
9,283,L9/393,L9/256
9,283,L9/256,L9/259
9,283,L9/259,L9/283
9,284,L9/766,L9/745
9,284,L9/745,L8/372
9,284,L8/372,L8/248
9,284,L8/248,L9/497
9,284,L9/497,L9/501
9,284,L9/501,L9/502
9,284,L9/502,L9/503
9,284,L9/503,L9/488
9,284,L9/488,L9/490
9,284,L9/490,L9/491
9,284,L9/491,L9/476
9,284,L9/476,L9/478
9,284,L9/478,L9/479
9,284,L9/479,L9/464
9,284,L9/464,L8/232
9,284,L8/232,L7/116
9,284,L7/116,L6/58
9,284,L6/58,L7/117
9,284,L7/117,L8/234
9,284,L8/234,L9/468
9,284,L9/468,L9/421
9,284,L9/421,L8/210
9,284,L8/210,L7/105
9,284,L7/105,L6/52
9,284,L6/52,L6/55
9,284,L6/55,L7/111
9,284,L7/111,L8/222
9,284,L8/222,L9/445
9,284,L9/445,L9/402
9,284,L9/402,L9/400
9,284,L9/400,L9/401
9,284,L9/401,L9/406
9,284,L9/406,L9/405
9,284,L9/405,L9/408
9,284,L9/408,L8/204
9,284,L8/204,L8/207
9,284,L8/207,L9/414
9,284,L9/414,L9/396
9,284,L9/396,L8/198
9,284,L8/198,L8/132
9,284,L8/132,L9/265
9,284,L9/265,L9/266
9,284,L9/266,L9/270
9,284,L9/270,L9/271
9,284,L9/271,L9/284
9,285,L9/766,L9/745
9,285,L9/745,L8/372
9,285,L8/372,L8/248
9,285,L8/248,L9/497
9,285,L9/497,L9/501
9,285,L9/501,L9/502
9,285,L9/502,L9/503
9,285,L9/503,L9/488
9,285,L9/488,L9/490
9,285,L9/490,L9/491
9,285,L9/491,L9/476
9,285,L9/476,L9/478
9,285,L9/478,L9/479
9,285,L9/479,L9/464
9,285,L9/464,L8/232
9,285,L8/232,L7/116
9,285,L7/116,L6/58
9,285,L6/58,L7/117
9,285,L7/117,L8/234
9,285,L8/234,L9/468
9,285,L9/468,L9/421
9,285,L9/421,L8/210
9,285,L8/210,L7/105
9,285,L7/105,L6/52
9,285,L6/52,L6/55
9,285,L6/55,L7/111
9,285,L7/111,L8/222
9,285,L8/222,L9/445
9,285,L9/445,L9/402
9,285,L9/402,L9/400
9,285,L9/400,L9/401
9,285,L9/401,L9/406
9,285,L9/406,L9/405
9,285,L9/405,L9/408
9,285,L9/408,L8/204
9,285,L8/204,L8/207
9,285,L8/207,L9/414
9,285,L9/414,L9/396
9,285,L9/396,L8/198
9,285,L8/198,L8/132
9,285,L8/132,L9/265
9,285,L9/265,L9/266
9,285,L9/266,L9/270
9,285,L9/270,L9/271
9,285,L9/271,L9/285
9,286,L9/766,L9/745
9,286,L9/745,L8/372
9,286,L8/372,L8/248
9,286,L8/248,L9/497
9,286,L9/497,L9/501
9,286,L9/501,L9/502
9,286,L9/502,L9/503
9,286,L9/503,L9/488
9,286,L9/488,L9/490
9,286,L9/490,L9/491
9,286,L9/491,L9/476
9,286,L9/476,L9/478
9,286,L9/478,L9/479
9,286,L9/479,L9/464
9,286,L9/464,L8/232
9,286,L8/232,L7/116
9,286,L7/116,L6/58
9,286,L6/58,L7/117
9,286,L7/117,L8/234
9,286,L8/234,L9/468
9,286,L9/468,L9/421
9,286,L9/421,L8/210
9,286,L8/210,L7/105
9,286,L7/105,L6/52
9,286,L6/52,L6/55
9,286,L6/55,L7/111
9,286,L7/111,L8/222
9,286,L8/222,L9/445
9,286,L9/445,L9/402
9,286,L9/402,L9/400
9,286,L9/400,L9/401
9,286,L9/401,L9/406
9,286,L9/406,L9/405
9,286,L9/405,L9/408
9,286,L9/408,L8/204
9,286,L8/204,L8/207
9,286,L8/207,L9/414
9,286,L9/414,L9/396
9,286,L9/396,L8/198
9,286,L8/198,L8/132
9,286,L8/132,L9/265
9,286,L9/265,L9/266
9,286,L9/266,L9/270
9,286,L9/270,L9/271
9,286,L9/271,L9/284
9,286,L9/284,L9/286
9,287,L9/766,L9/745
9,287,L9/745,L8/372
9,287,L8/372,L8/248
9,287,L8/248,L9/497
9,287,L9/497,L9/501
9,287,L9/501,L9/502
9,287,L9/502,L9/503
9,287,L9/503,L9/488
9,287,L9/488,L9/490
9,287,L9/490,L9/491
9,287,L9/491,L9/476
9,287,L9/476,L9/478
9,287,L9/478,L9/479
9,287,L9/479,L9/464
9,287,L9/464,L8/232
9,287,L8/232,L7/116
9,287,L7/116,L6/58
9,287,L6/58,L7/117
9,287,L7/117,L8/234
9,287,L8/234,L9/468
9,287,L9/468,L9/421
9,287,L9/421,L8/210
9,287,L8/210,L7/105
9,287,L7/105,L6/52
9,287,L6/52,L6/55
9,287,L6/55,L7/111
9,287,L7/111,L8/222
9,287,L8/222,L9/445
9,287,L9/445,L9/402
9,287,L9/402,L9/400
9,287,L9/400,L9/401
9,287,L9/401,L9/406
9,287,L9/406,L9/405
9,287,L9/405,L9/408
9,287,L9/408,L8/204
9,287,L8/204,L8/207
9,287,L8/207,L9/414
9,287,L9/414,L9/396
9,287,L9/396,L8/198
9,287,L8/198,L8/132
9,287,L8/132,L9/265
9,287,L9/265,L9/266
9,287,L9/266,L9/270
9,287,L9/270,L9/271
9,287,L9/271,L9/284
9,287,L9/284,L9/287
9,288,L9/766,L9/745
9,288,L9/745,L8/372
9,288,L8/372,L8/248
9,288,L8/248,L9/497
9,288,L9/497,L9/501
9,288,L9/501,L9/502
9,288,L9/502,L9/503
9,288,L9/503,L9/488
9,288,L9/488,L9/490
9,288,L9/490,L9/491
9,288,L9/491,L9/476
9,288,L9/476,L9/478
9,288,L9/478,L9/479
9,288,L9/479,L9/464
9,288,L9/464,L8/232
9,288,L8/232,L7/116
9,288,L7/116,L6/58
9,288,L6/58,L7/117
9,288,L7/117,L8/234
9,288,L8/234,L9/468
9,288,L9/468,L9/421
9,288,L9/421,L8/210
9,288,L8/210,L7/105
9,288,L7/105,L6/52
9,288,L6/52,L6/55
9,288,L6/55,L7/111
9,288,L7/111,L8/222
9,288,L8/222,L9/445
9,288,L9/445,L9/402
9,288,L9/402,L9/400
9,288,L9/400,L9/401
9,288,L9/401,L9/406
9,288,L9/406,L9/405
9,288,L9/405,L9/408
9,288,L9/408,L8/204
9,288,L8/204,L8/207
9,288,L8/207,L9/414
9,288,L9/414,L9/396
9,288,L9/396,L8/198
9,288,L8/198,L8/132
9,288,L8/132,L9/264
9,288,L9/264,L9/296
9,288,L9/296,L9/298
9,288,L9/298,L9/288
9,289,L9/766,L9/745
9,289,L9/745,L8/372
9,289,L8/372,L8/248
9,289,L8/248,L9/497
9,289,L9/497,L9/501
9,289,L9/501,L9/502
9,289,L9/502,L9/503
9,289,L9/503,L9/488
9,289,L9/488,L9/490
9,289,L9/490,L9/491
9,289,L9/491,L9/476
9,289,L9/476,L9/478
9,289,L9/478,L9/479
9,289,L9/479,L9/464
9,289,L9/464,L8/232
9,289,L8/232,L7/116
9,289,L7/116,L6/58
9,289,L6/58,L7/117
9,289,L7/117,L8/234
9,289,L8/234,L9/468
9,289,L9/468,L9/421
9,289,L9/421,L8/210
9,289,L8/210,L7/105
9,289,L7/105,L6/52
9,289,L6/52,L6/55
9,289,L6/55,L7/111
9,289,L7/111,L8/222
9,289,L8/222,L9/445
9,289,L9/445,L9/402
9,289,L9/402,L9/400
9,289,L9/400,L9/401
9,289,L9/401,L9/406
9,289,L9/406,L9/405
9,289,L9/405,L9/408
9,289,L9/408,L8/204
9,289,L8/204,L8/207
9,289,L8/207,L9/414
9,289,L9/414,L9/396
9,289,L9/396,L8/198
9,289,L8/198,L8/132
9,289,L8/132,L9/264
9,289,L9/264,L9/296
9,289,L9/296,L9/298
9,289,L9/298,L9/289
9,290,L9/766,L9/745
9,290,L9/745,L8/372
9,290,L8/372,L8/248
9,290,L8/248,L9/497
9,290,L9/497,L9/501
9,290,L9/501,L9/502
9,290,L9/502,L9/503
9,290,L9/503,L9/488
9,290,L9/488,L9/490
9,290,L9/490,L9/491
9,290,L9/491,L9/476
9,290,L9/476,L9/478
9,290,L9/478,L9/479
9,290,L9/479,L9/464
9,290,L9/464,L8/232
9,290,L8/232,L7/116
9,290,L7/116,L6/58
9,290,L6/58,L7/117
9,290,L7/117,L8/234
9,290,L8/234,L9/468
9,290,L9/468,L9/421
9,290,L9/421,L8/210
9,290,L8/210,L7/105
9,290,L7/105,L6/52
9,290,L6/52,L6/55
9,290,L6/55,L7/111
9,290,L7/111,L8/222
9,290,L8/222,L9/445
9,290,L9/445,L9/402
9,290,L9/402,L9/400
9,290,L9/400,L9/401
9,290,L9/401,L9/406
9,290,L9/406,L9/405
9,290,L9/405,L9/408
9,290,L9/408,L8/204
9,290,L8/204,L8/207
9,290,L8/207,L9/414
9,290,L9/414,L9/396
9,290,L9/396,L8/198
9,290,L8/198,L8/132
9,290,L8/132,L9/264
9,290,L9/264,L9/296
9,290,L9/296,L9/298
9,290,L9/298,L9/299
9,290,L9/299,L9/290
9,291,L9/766,L9/745
9,291,L9/745,L8/372
9,291,L8/372,L8/248
9,291,L8/248,L9/497
9,291,L9/497,L9/501
9,291,L9/501,L9/502
9,291,L9/502,L9/503
9,291,L9/503,L9/488
9,291,L9/488,L9/490
9,291,L9/490,L9/491
9,291,L9/491,L9/476
9,291,L9/476,L9/478
9,291,L9/478,L9/479
9,291,L9/479,L9/464
9,291,L9/464,L8/232
9,291,L8/232,L7/116
9,291,L7/116,L6/58
9,291,L6/58,L7/117
9,291,L7/117,L8/234
9,291,L8/234,L9/468
9,291,L9/468,L9/421
9,291,L9/421,L8/210
9,291,L8/210,L7/105
9,291,L7/105,L6/52
9,291,L6/52,L6/55
9,291,L6/55,L7/111
9,291,L7/111,L8/222
9,291,L8/222,L9/445
9,291,L9/445,L9/402
9,291,L9/402,L9/400
9,291,L9/400,L9/401
9,291,L9/401,L9/406
9,291,L9/406,L9/405
9,291,L9/405,L9/408
9,291,L9/408,L8/204
9,291,L8/204,L8/207
9,291,L8/207,L9/414
9,291,L9/414,L9/396
9,291,L9/396,L8/198
9,291,L8/198,L8/132
9,291,L8/132,L9/264
9,291,L9/264,L9/296
9,291,L9/296,L9/298
9,291,L9/298,L9/299
9,291,L9/299,L9/290
9,291,L9/290,L9/291
9,292,L9/766,L9/745
9,292,L9/745,L8/372
9,292,L8/372,L8/248
9,292,L8/248,L9/497
9,292,L9/497,L9/501
9,292,L9/501,L9/502
9,292,L9/502,L9/503
9,292,L9/503,L9/488
9,292,L9/488,L9/490
9,292,L9/490,L9/491
9,292,L9/491,L9/476
9,292,L9/476,L9/478
9,292,L9/478,L9/479
9,292,L9/479,L9/464
9,292,L9/464,L8/232
9,292,L8/232,L7/116
9,292,L7/116,L6/58
9,292,L6/58,L7/117
9,292,L7/117,L8/234
9,292,L8/234,L9/468
9,292,L9/468,L9/421
9,292,L9/421,L8/210
9,292,L8/210,L7/105
9,292,L7/105,L6/52
9,292,L6/52,L6/55
9,292,L6/55,L7/111
9,292,L7/111,L8/222
9,292,L8/222,L9/445
9,292,L9/445,L9/402
9,292,L9/402,L9/400
9,292,L9/400,L9/401
9,292,L9/401,L9/406
9,292,L9/406,L9/405
9,292,L9/405,L9/408
9,292,L9/408,L8/204
9,292,L8/204,L8/207
9,292,L8/207,L9/414
9,292,L9/414,L9/396
9,292,L9/396,L8/198
9,292,L8/198,L8/132
9,292,L8/132,L9/264
9,292,L9/264,L9/296
9,292,L9/296,L9/298
9,292,L9/298,L9/289
9,292,L9/289,L9/292
9,293,L9/766,L9/745
9,293,L9/745,L8/372
9,293,L8/372,L8/248
9,293,L8/248,L9/497
9,293,L9/497,L9/501
9,293,L9/501,L9/502
9,293,L9/502,L9/503
9,293,L9/503,L9/488
9,293,L9/488,L9/490
9,293,L9/490,L9/491
9,293,L9/491,L9/476
9,293,L9/476,L9/478
9,293,L9/478,L9/479
9,293,L9/479,L9/464
9,293,L9/464,L8/232
9,293,L8/232,L7/116
9,293,L7/116,L6/58
9,293,L6/58,L7/117
9,293,L7/117,L8/234
9,293,L8/234,L9/468
9,293,L9/468,L9/421
9,293,L9/421,L8/210
9,293,L8/210,L7/105
9,293,L7/105,L6/52
9,293,L6/52,L6/55
9,293,L6/55,L7/111
9,293,L7/111,L8/222
9,293,L8/222,L9/445
9,293,L9/445,L9/402
9,293,L9/402,L9/400
9,293,L9/400,L9/401
9,293,L9/401,L9/406
9,293,L9/406,L9/405
9,293,L9/405,L9/408
9,293,L9/408,L8/204
9,293,L8/204,L8/207
9,293,L8/207,L9/414
9,293,L9/414,L9/396
9,293,L9/396,L8/198
9,293,L8/198,L8/132
9,293,L8/132,L9/264
9,293,L9/264,L9/296
9,293,L9/296,L9/298
9,293,L9/298,L9/288
9,293,L9/288,L9/293
9,294,L9/766,L9/745
9,294,L9/745,L8/372
9,294,L8/372,L8/248
9,294,L8/248,L9/497
9,294,L9/497,L9/501
9,294,L9/501,L9/502
9,294,L9/502,L9/503
9,294,L9/503,L9/488
9,294,L9/488,L9/490
9,294,L9/490,L9/491
9,294,L9/491,L9/476
9,294,L9/476,L9/478
9,294,L9/478,L9/479
9,294,L9/479,L9/464
9,294,L9/464,L8/232
9,294,L8/232,L7/116
9,294,L7/116,L6/58
9,294,L6/58,L7/117
9,294,L7/117,L8/234
9,294,L8/234,L9/468
9,294,L9/468,L9/421
9,294,L9/421,L8/210
9,294,L8/210,L7/105
9,294,L7/105,L6/52
9,294,L6/52,L6/55
9,294,L6/55,L7/111
9,294,L7/111,L8/222
9,294,L8/222,L9/445
9,294,L9/445,L9/402
9,294,L9/402,L9/400
9,294,L9/400,L9/401
9,294,L9/401,L9/406
9,294,L9/406,L9/405
9,294,L9/405,L9/408
9,294,L9/408,L8/204
9,294,L8/204,L8/207
9,294,L8/207,L9/414
9,294,L9/414,L9/396
9,294,L9/396,L8/198
9,294,L8/198,L8/132
9,294,L8/132,L9/264
9,294,L9/264,L9/296
9,294,L9/296,L9/298
9,294,L9/298,L9/289
9,294,L9/289,L9/295
9,294,L9/295,L9/294
9,295,L9/766,L9/745
9,295,L9/745,L8/372
9,295,L8/372,L8/248
9,295,L8/248,L9/497
9,295,L9/497,L9/501
9,295,L9/501,L9/502
9,295,L9/502,L9/503
9,295,L9/503,L9/488
9,295,L9/488,L9/490
9,295,L9/490,L9/491
9,295,L9/491,L9/476
9,295,L9/476,L9/478
9,295,L9/478,L9/479
9,295,L9/479,L9/464
9,295,L9/464,L8/232
9,295,L8/232,L7/116
9,295,L7/116,L6/58
9,295,L6/58,L7/117
9,295,L7/117,L8/234
9,295,L8/234,L9/468
9,295,L9/468,L9/421
9,295,L9/421,L8/210
9,295,L8/210,L7/105
9,295,L7/105,L6/52
9,295,L6/52,L6/55
9,295,L6/55,L7/111
9,295,L7/111,L8/222
9,295,L8/222,L9/445
9,295,L9/445,L9/402
9,295,L9/402,L9/400
9,295,L9/400,L9/401
9,295,L9/401,L9/406
9,295,L9/406,L9/405
9,295,L9/405,L9/408
9,295,L9/408,L8/204
9,295,L8/204,L8/207
9,295,L8/207,L9/414
9,295,L9/414,L9/396
9,295,L9/396,L8/198
9,295,L8/198,L8/132
9,295,L8/132,L9/264
9,295,L9/264,L9/296
9,295,L9/296,L9/298
9,295,L9/298,L9/289
9,295,L9/289,L9/295
9,296,L9/766,L9/745
9,296,L9/745,L8/372
9,296,L8/372,L8/248
9,296,L8/248,L9/497
9,296,L9/497,L9/501
9,296,L9/501,L9/502
9,296,L9/502,L9/503
9,296,L9/503,L9/488
9,296,L9/488,L9/490
9,296,L9/490,L9/491
9,296,L9/491,L9/476
9,296,L9/476,L9/478
9,296,L9/478,L9/479
9,296,L9/479,L9/464
9,296,L9/464,L8/232
9,296,L8/232,L7/116
9,296,L7/116,L6/58
9,296,L6/58,L7/117
9,296,L7/117,L8/234
9,296,L8/234,L9/468
9,296,L9/468,L9/421
9,296,L9/421,L8/210
9,296,L8/210,L7/105
9,296,L7/105,L6/52
9,296,L6/52,L6/55
9,296,L6/55,L7/111
9,296,L7/111,L8/222
9,296,L8/222,L9/445
9,296,L9/445,L9/402
9,296,L9/402,L9/400
9,296,L9/400,L9/401
9,296,L9/401,L9/406
9,296,L9/406,L9/405
9,296,L9/405,L9/408
9,296,L9/408,L8/204
9,296,L8/204,L8/207
9,296,L8/207,L9/414
9,296,L9/414,L9/396
9,296,L9/396,L8/198
9,296,L8/198,L8/132
9,296,L8/132,L9/264
9,296,L9/264,L9/296
9,297,L9/766,L9/745
9,297,L9/745,L8/372
9,297,L8/372,L8/248
9,297,L8/248,L9/497
9,297,L9/497,L9/501
9,297,L9/501,L9/502
9,297,L9/502,L9/503
9,297,L9/503,L9/488
9,297,L9/488,L9/490
9,297,L9/490,L9/491
9,297,L9/491,L9/476
9,297,L9/476,L9/478
9,297,L9/478,L9/479
9,297,L9/479,L9/464
9,297,L9/464,L8/232
9,297,L8/232,L7/116
9,297,L7/116,L6/58
9,297,L6/58,L7/117
9,297,L7/117,L8/234
9,297,L8/234,L9/468
9,297,L9/468,L9/421
9,297,L9/421,L8/210
9,297,L8/210,L7/105
9,297,L7/105,L6/52
9,297,L6/52,L6/55
9,297,L6/55,L7/111
9,297,L7/111,L8/222
9,297,L8/222,L9/445
9,297,L9/445,L9/402
9,297,L9/402,L9/400
9,297,L9/400,L9/401
9,297,L9/401,L9/406
9,297,L9/406,L9/405
9,297,L9/405,L9/408
9,297,L9/408,L8/204
9,297,L8/204,L8/207
9,297,L8/207,L9/414
9,297,L9/414,L9/396
9,297,L9/396,L8/198
9,297,L8/198,L8/132
9,297,L8/132,L9/265
9,297,L9/265,L9/266
9,297,L9/266,L9/297
9,298,L9/766,L9/745
9,298,L9/745,L8/372
9,298,L8/372,L8/248
9,298,L8/248,L9/497
9,298,L9/497,L9/501
9,298,L9/501,L9/502
9,298,L9/502,L9/503
9,298,L9/503,L9/488
9,298,L9/488,L9/490
9,298,L9/490,L9/491
9,298,L9/491,L9/476
9,298,L9/476,L9/478
9,298,L9/478,L9/479
9,298,L9/479,L9/464
9,298,L9/464,L8/232
9,298,L8/232,L7/116
9,298,L7/116,L6/58
9,298,L6/58,L7/117
9,298,L7/117,L8/234
9,298,L8/234,L9/468
9,298,L9/468,L9/421
9,298,L9/421,L8/210
9,298,L8/210,L7/105
9,298,L7/105,L6/52
9,298,L6/52,L6/55
9,298,L6/55,L7/111
9,298,L7/111,L8/222
9,298,L8/222,L9/445
9,298,L9/445,L9/402
9,298,L9/402,L9/400
9,298,L9/400,L9/401
9,298,L9/401,L9/406
9,298,L9/406,L9/405
9,298,L9/405,L9/408
9,298,L9/408,L8/204
9,298,L8/204,L8/207
9,298,L8/207,L9/414
9,298,L9/414,L9/396
9,298,L9/396,L8/198
9,298,L8/198,L8/132
9,298,L8/132,L9/264
9,298,L9/264,L9/296
9,298,L9/296,L9/298
9,299,L9/766,L9/745
9,299,L9/745,L8/372
9,299,L8/372,L8/248
9,299,L8/248,L9/497
9,299,L9/497,L9/501
9,299,L9/501,L9/502
9,299,L9/502,L9/503
9,299,L9/503,L9/488
9,299,L9/488,L9/490
9,299,L9/490,L9/491
9,299,L9/491,L9/476
9,299,L9/476,L9/478
9,299,L9/478,L9/479
9,299,L9/479,L9/464
9,299,L9/464,L8/232
9,299,L8/232,L7/116
9,299,L7/116,L6/58
9,299,L6/58,L7/117
9,299,L7/117,L8/234
9,299,L8/234,L9/468
9,299,L9/468,L9/421
9,299,L9/421,L8/210
9,299,L8/210,L7/105
9,299,L7/105,L6/52
9,299,L6/52,L6/55
9,299,L6/55,L7/111
9,299,L7/111,L8/222
9,299,L8/222,L9/445
9,299,L9/445,L9/402
9,299,L9/402,L9/400
9,299,L9/400,L9/401
9,299,L9/401,L9/406
9,299,L9/406,L9/405
9,299,L9/405,L9/408
9,299,L9/408,L8/204
9,299,L8/204,L8/207
9,299,L8/207,L9/414
9,299,L9/414,L9/396
9,299,L9/396,L8/198
9,299,L8/198,L8/132
9,299,L8/132,L9/264
9,299,L9/264,L9/296
9,299,L9/296,L9/298
9,299,L9/298,L9/299
9,300,L9/766,L9/745
9,300,L9/745,L8/372
9,300,L8/372,L8/248
9,300,L8/248,L9/497
9,300,L9/497,L9/501
9,300,L9/501,L9/502
9,300,L9/502,L9/503
9,300,L9/503,L9/488
9,300,L9/488,L9/490
9,300,L9/490,L9/491
9,300,L9/491,L9/476
9,300,L9/476,L9/478
9,300,L9/478,L9/479
9,300,L9/479,L9/464
9,300,L9/464,L8/232
9,300,L8/232,L7/116
9,300,L7/116,L6/58
9,300,L6/58,L7/117
9,300,L7/117,L8/234
9,300,L8/234,L9/468
9,300,L9/468,L9/421
9,300,L9/421,L8/210
9,300,L8/210,L7/105
9,300,L7/105,L6/52
9,300,L6/52,L6/55
9,300,L6/55,L7/111
9,300,L7/111,L8/222
9,300,L8/222,L9/445
9,300,L9/445,L9/402
9,300,L9/402,L9/400
9,300,L9/400,L9/401
9,300,L9/401,L9/406
9,300,L9/406,L9/405
9,300,L9/405,L9/408
9,300,L9/408,L8/204
9,300,L8/204,L8/207
9,300,L8/207,L9/414
9,300,L9/414,L9/396
9,300,L9/396,L8/198
9,300,L8/198,L8/132
9,300,L8/132,L9/264
9,300,L9/264,L9/296
9,300,L9/296,L9/298
9,300,L9/298,L9/299
9,300,L9/299,L9/300
9,301,L9/766,L9/745
9,301,L9/745,L8/372
9,301,L8/372,L8/248
9,301,L8/248,L9/497
9,301,L9/497,L9/501
9,301,L9/501,L9/502
9,301,L9/502,L9/503
9,301,L9/503,L9/488
9,301,L9/488,L9/490
9,301,L9/490,L9/491
9,301,L9/491,L9/476
9,301,L9/476,L9/478
9,301,L9/478,L9/479
9,301,L9/479,L9/464
9,301,L9/464,L8/232
9,301,L8/232,L7/116
9,301,L7/116,L6/58
9,301,L6/58,L7/117
9,301,L7/117,L8/234
9,301,L8/234,L9/468
9,301,L9/468,L9/421
9,301,L9/421,L8/210
9,301,L8/210,L7/105
9,301,L7/105,L6/52
9,301,L6/52,L6/55
9,301,L6/55,L7/111
9,301,L7/111,L8/222
9,301,L8/222,L9/445
9,301,L9/445,L9/402
9,301,L9/402,L9/400
9,301,L9/400,L9/401
9,301,L9/401,L9/406
9,301,L9/406,L9/405
9,301,L9/405,L9/408
9,301,L9/408,L8/204
9,301,L8/204,L8/207
9,301,L8/207,L9/414
9,301,L9/414,L9/396
9,301,L9/396,L8/198
9,301,L8/198,L8/132
9,301,L8/132,L9/264
9,301,L9/264,L9/296
9,301,L9/296,L9/298
9,301,L9/298,L9/299
9,301,L9/299,L9/300
9,301,L9/300,L9/301
9,302,L9/766,L9/745
9,302,L9/745,L8/372
9,302,L8/372,L8/248
9,302,L8/248,L9/497
9,302,L9/497,L9/501
9,302,L9/501,L9/502
9,302,L9/502,L9/503
9,302,L9/503,L9/488
9,302,L9/488,L9/490
9,302,L9/490,L9/491
9,302,L9/491,L9/476
9,302,L9/476,L9/478
9,302,L9/478,L9/479
9,302,L9/479,L9/464
9,302,L9/464,L8/232
9,302,L8/232,L7/116
9,302,L7/116,L6/58
9,302,L6/58,L7/117
9,302,L7/117,L8/234
9,302,L8/234,L9/468
9,302,L9/468,L9/421
9,302,L9/421,L8/210
9,302,L8/210,L7/105
9,302,L7/105,L6/52
9,302,L6/52,L6/55
9,302,L6/55,L7/111
9,302,L7/111,L8/222
9,302,L8/222,L9/445
9,302,L9/445,L9/402
9,302,L9/402,L9/400
9,302,L9/400,L9/401
9,302,L9/401,L9/406
9,302,L9/406,L9/405
9,302,L9/405,L9/408
9,302,L9/408,L8/204
9,302,L8/204,L8/207
9,302,L8/207,L9/414
9,302,L9/414,L9/396
9,302,L9/396,L8/198
9,302,L8/198,L8/132
9,302,L8/132,L9/264
9,302,L9/264,L9/296
9,302,L9/296,L9/298
9,302,L9/298,L9/299
9,302,L9/299,L9/300
9,302,L9/300,L9/302
9,303,L9/766,L9/745
9,303,L9/745,L8/372
9,303,L8/372,L8/248
9,303,L8/248,L9/497
9,303,L9/497,L9/501
9,303,L9/501,L9/502
9,303,L9/502,L9/503
9,303,L9/503,L9/488
9,303,L9/488,L9/490
9,303,L9/490,L9/491
9,303,L9/491,L9/476
9,303,L9/476,L9/478
9,303,L9/478,L9/479
9,303,L9/479,L9/464
9,303,L9/464,L8/232
9,303,L8/232,L7/116
9,303,L7/116,L6/58
9,303,L6/58,L7/117
9,303,L7/117,L8/234
9,303,L8/234,L9/468
9,303,L9/468,L9/421
9,303,L9/421,L8/210
9,303,L8/210,L7/105
9,303,L7/105,L6/52
9,303,L6/52,L6/55
9,303,L6/55,L7/111
9,303,L7/111,L8/222
9,303,L8/222,L9/445
9,303,L9/445,L9/402
9,303,L9/402,L9/400
9,303,L9/400,L9/401
9,303,L9/401,L9/406
9,303,L9/406,L9/405
9,303,L9/405,L9/408
9,303,L9/408,L8/204
9,303,L8/204,L8/207
9,303,L8/207,L9/414
9,303,L9/414,L9/396
9,303,L9/396,L8/198
9,303,L8/198,L8/132
9,303,L8/132,L9/265
9,303,L9/265,L9/266
9,303,L9/266,L9/270
9,303,L9/270,L9/271
9,303,L9/271,L9/285
9,303,L9/285,L9/303
9,304,L9/766,L9/745
9,304,L9/745,L8/372
9,304,L8/372,L8/248
9,304,L8/248,L9/497
9,304,L9/497,L9/501
9,304,L9/501,L9/502
9,304,L9/502,L9/503
9,304,L9/503,L9/488
9,304,L9/488,L9/490
9,304,L9/490,L9/491
9,304,L9/491,L9/476
9,304,L9/476,L9/478
9,304,L9/478,L9/479
9,304,L9/479,L9/464
9,304,L9/464,L8/232
9,304,L8/232,L7/116
9,304,L7/116,L6/58
9,304,L6/58,L7/117
9,304,L7/117,L8/234
9,304,L8/234,L9/468
9,304,L9/468,L9/421
9,304,L9/421,L8/210
9,304,L8/210,L7/105
9,304,L7/105,L6/52
9,304,L6/52,L6/55
9,304,L6/55,L7/111
9,304,L7/111,L8/222
9,304,L8/222,L9/445
9,304,L9/445,L9/402
9,304,L9/402,L9/400
9,304,L9/400,L9/401
9,304,L9/401,L9/406
9,304,L9/406,L9/405
9,304,L9/405,L9/408
9,304,L9/408,L8/204
9,304,L8/204,L8/207
9,304,L8/207,L9/414
9,304,L9/414,L9/396
9,304,L9/396,L8/198
9,304,L8/198,L8/132
9,304,L8/132,L9/264
9,304,L9/264,L9/296
9,304,L9/296,L9/298
9,304,L9/298,L9/299
9,304,L9/299,L9/300
9,304,L9/300,L9/301
9,304,L9/301,L9/317
9,304,L9/317,L9/316
9,304,L9/316,L9/306
9,304,L9/306,L9/307
9,304,L9/307,L9/304
9,305,L9/766,L9/745
9,305,L9/745,L8/372
9,305,L8/372,L8/248
9,305,L8/248,L9/497
9,305,L9/497,L9/501
9,305,L9/501,L9/502
9,305,L9/502,L9/503
9,305,L9/503,L9/488
9,305,L9/488,L9/490
9,305,L9/490,L9/491
9,305,L9/491,L9/476
9,305,L9/476,L9/478
9,305,L9/478,L9/479
9,305,L9/479,L9/464
9,305,L9/464,L8/232
9,305,L8/232,L7/116
9,305,L7/116,L6/58
9,305,L6/58,L7/117
9,305,L7/117,L8/234
9,305,L8/234,L9/468
9,305,L9/468,L9/421
9,305,L9/421,L8/210
9,305,L8/210,L7/105
9,305,L7/105,L6/52
9,305,L6/52,L6/55
9,305,L6/55,L7/111
9,305,L7/111,L8/222
9,305,L8/222,L9/445
9,305,L9/445,L9/402
9,305,L9/402,L9/400
9,305,L9/400,L9/401
9,305,L9/401,L9/406
9,305,L9/406,L9/405
9,305,L9/405,L9/408
9,305,L9/408,L8/204
9,305,L8/204,L8/207
9,305,L8/207,L9/414
9,305,L9/414,L9/396
9,305,L9/396,L8/198
9,305,L8/198,L8/132
9,305,L8/132,L9/264
9,305,L9/264,L9/296
9,305,L9/296,L9/298
9,305,L9/298,L9/299
9,305,L9/299,L9/300
9,305,L9/300,L9/301
9,305,L9/301,L9/317
9,305,L9/317,L9/316
9,305,L9/316,L9/306
9,305,L9/306,L9/310
9,305,L9/310,L9/305
9,306,L9/766,L9/745
9,306,L9/745,L8/372
9,306,L8/372,L8/248
9,306,L8/248,L9/497
9,306,L9/497,L9/501
9,306,L9/501,L9/502
9,306,L9/502,L9/503
9,306,L9/503,L9/488
9,306,L9/488,L9/490
9,306,L9/490,L9/491
9,306,L9/491,L9/476
9,306,L9/476,L9/478
9,306,L9/478,L9/479
9,306,L9/479,L9/464
9,306,L9/464,L8/232
9,306,L8/232,L7/116
9,306,L7/116,L6/58
9,306,L6/58,L7/117
9,306,L7/117,L8/234
9,306,L8/234,L9/468
9,306,L9/468,L9/421
9,306,L9/421,L8/210
9,306,L8/210,L7/105
9,306,L7/105,L6/52
9,306,L6/52,L6/55
9,306,L6/55,L7/111
9,306,L7/111,L8/222
9,306,L8/222,L9/445
9,306,L9/445,L9/402
9,306,L9/402,L9/400
9,306,L9/400,L9/401
9,306,L9/401,L9/406
9,306,L9/406,L9/405
9,306,L9/405,L9/408
9,306,L9/408,L8/204
9,306,L8/204,L8/207
9,306,L8/207,L9/414
9,306,L9/414,L9/396
9,306,L9/396,L8/198
9,306,L8/198,L8/132
9,306,L8/132,L9/264
9,306,L9/264,L9/296
9,306,L9/296,L9/298
9,306,L9/298,L9/299
9,306,L9/299,L9/300
9,306,L9/300,L9/301
9,306,L9/301,L9/317
9,306,L9/317,L9/316
9,306,L9/316,L9/306
9,307,L9/766,L9/745
9,307,L9/745,L8/372
9,307,L8/372,L8/248
9,307,L8/248,L9/497
9,307,L9/497,L9/501
9,307,L9/501,L9/502
9,307,L9/502,L9/503
9,307,L9/503,L9/488
9,307,L9/488,L9/490
9,307,L9/490,L9/491
9,307,L9/491,L9/476
9,307,L9/476,L9/478
9,307,L9/478,L9/479
9,307,L9/479,L9/464
9,307,L9/464,L8/232
9,307,L8/232,L7/116
9,307,L7/116,L6/58
9,307,L6/58,L7/117
9,307,L7/117,L8/234
9,307,L8/234,L9/468
9,307,L9/468,L9/421
9,307,L9/421,L8/210
9,307,L8/210,L7/105
9,307,L7/105,L6/52
9,307,L6/52,L6/55
9,307,L6/55,L7/111
9,307,L7/111,L8/222
9,307,L8/222,L9/445
9,307,L9/445,L9/402
9,307,L9/402,L9/400
9,307,L9/400,L9/401
9,307,L9/401,L9/406
9,307,L9/406,L9/405
9,307,L9/405,L9/408
9,307,L9/408,L8/204
9,307,L8/204,L8/207
9,307,L8/207,L9/414
9,307,L9/414,L9/396
9,307,L9/396,L8/198
9,307,L8/198,L8/132
9,307,L8/132,L9/264
9,307,L9/264,L9/296
9,307,L9/296,L9/298
9,307,L9/298,L9/299
9,307,L9/299,L9/300
9,307,L9/300,L9/301
9,307,L9/301,L9/317
9,307,L9/317,L9/316
9,307,L9/316,L9/306
9,307,L9/306,L9/307
9,308,L9/766,L9/745
9,308,L9/745,L8/372
9,308,L8/372,L8/248
9,308,L8/248,L9/497
9,308,L9/497,L9/501
9,308,L9/501,L9/502
9,308,L9/502,L9/503
9,308,L9/503,L9/488
9,308,L9/488,L9/490
9,308,L9/490,L9/491
9,308,L9/491,L9/476
9,308,L9/476,L9/478
9,308,L9/478,L9/479
9,308,L9/479,L9/464
9,308,L9/464,L8/232
9,308,L8/232,L7/116
9,308,L7/116,L6/58
9,308,L6/58,L7/117
9,308,L7/117,L8/234
9,308,L8/234,L9/468
9,308,L9/468,L9/421
9,308,L9/421,L8/210
9,308,L8/210,L7/105
9,308,L7/105,L6/52
9,308,L6/52,L6/55
9,308,L6/55,L7/111
9,308,L7/111,L8/222
9,308,L8/222,L9/445
9,308,L9/445,L9/402
9,308,L9/402,L9/400
9,308,L9/400,L9/401
9,308,L9/401,L9/406
9,308,L9/406,L9/405
9,308,L9/405,L9/408
9,308,L9/408,L8/204
9,308,L8/204,L8/207
9,308,L8/207,L9/414
9,308,L9/414,L9/396
9,308,L9/396,L8/198
9,308,L8/198,L8/132
9,308,L8/132,L9/264
9,308,L9/264,L9/296
9,308,L9/296,L9/298
9,308,L9/298,L9/299
9,308,L9/299,L9/300
9,308,L9/300,L9/301
9,308,L9/301,L9/317
9,308,L9/317,L9/316
9,308,L9/316,L9/313
9,308,L9/313,L9/308
9,309,L9/766,L9/745
9,309,L9/745,L8/372
9,309,L8/372,L8/248
9,309,L8/248,L9/497
9,309,L9/497,L9/501
9,309,L9/501,L9/502
9,309,L9/502,L9/503
9,309,L9/503,L9/488
9,309,L9/488,L9/490
9,309,L9/490,L9/491
9,309,L9/491,L9/476
9,309,L9/476,L9/478
9,309,L9/478,L9/479
9,309,L9/479,L9/464
9,309,L9/464,L8/232
9,309,L8/232,L7/116
9,309,L7/116,L6/58
9,309,L6/58,L7/117
9,309,L7/117,L8/234
9,309,L8/234,L9/468
9,309,L9/468,L9/421
9,309,L9/421,L8/210
9,309,L8/210,L7/105
9,309,L7/105,L6/52
9,309,L6/52,L6/55
9,309,L6/55,L7/111
9,309,L7/111,L8/222
9,309,L8/222,L9/445
9,309,L9/445,L9/402
9,309,L9/402,L9/400
9,309,L9/400,L9/401
9,309,L9/401,L9/406
9,309,L9/406,L9/405
9,309,L9/405,L9/408
9,309,L9/408,L8/204
9,309,L8/204,L8/207
9,309,L8/207,L9/414
9,309,L9/414,L9/396
9,309,L9/396,L8/198
9,309,L8/198,L8/132
9,309,L8/132,L9/264
9,309,L9/264,L9/296
9,309,L9/296,L9/298
9,309,L9/298,L9/299
9,309,L9/299,L9/300
9,309,L9/300,L9/301
9,309,L9/301,L9/317
9,309,L9/317,L9/316
9,309,L9/316,L9/313
9,309,L9/313,L9/308
9,309,L9/308,L9/309
9,310,L9/766,L9/745
9,310,L9/745,L8/372
9,310,L8/372,L8/248
9,310,L8/248,L9/497
9,310,L9/497,L9/501
9,310,L9/501,L9/502
9,310,L9/502,L9/503
9,310,L9/503,L9/488
9,310,L9/488,L9/490
9,310,L9/490,L9/491
9,310,L9/491,L9/476
9,310,L9/476,L9/478
9,310,L9/478,L9/479
9,310,L9/479,L9/464
9,310,L9/464,L8/232
9,310,L8/232,L7/116
9,310,L7/116,L6/58
9,310,L6/58,L7/117
9,310,L7/117,L8/234
9,310,L8/234,L9/468
9,310,L9/468,L9/421
9,310,L9/421,L8/210
9,310,L8/210,L7/105
9,310,L7/105,L6/52
9,310,L6/52,L6/55
9,310,L6/55,L7/111
9,310,L7/111,L8/222
9,310,L8/222,L9/445
9,310,L9/445,L9/402
9,310,L9/402,L9/400
9,310,L9/400,L9/401
9,310,L9/401,L9/406
9,310,L9/406,L9/405
9,310,L9/405,L9/408
9,310,L9/408,L8/204
9,310,L8/204,L8/207
9,310,L8/207,L9/414
9,310,L9/414,L9/396
9,310,L9/396,L8/198
9,310,L8/198,L8/132
9,310,L8/132,L9/264
9,310,L9/264,L9/296
9,310,L9/296,L9/298
9,310,L9/298,L9/299
9,310,L9/299,L9/300
9,310,L9/300,L9/301
9,310,L9/301,L9/317
9,310,L9/317,L9/316
9,310,L9/316,L9/306
9,310,L9/306,L9/310
9,311,L9/766,L9/745
9,311,L9/745,L8/372
9,311,L8/372,L8/248
9,311,L8/248,L9/497
9,311,L9/497,L9/501
9,311,L9/501,L9/502
9,311,L9/502,L9/503
9,311,L9/503,L9/488
9,311,L9/488,L9/490
9,311,L9/490,L9/491
9,311,L9/491,L9/476
9,311,L9/476,L9/478
9,311,L9/478,L9/479
9,311,L9/479,L9/464
9,311,L9/464,L8/232
9,311,L8/232,L7/116
9,311,L7/116,L6/58
9,311,L6/58,L7/117
9,311,L7/117,L8/234
9,311,L8/234,L9/468
9,311,L9/468,L9/421
9,311,L9/421,L8/210
9,311,L8/210,L7/105
9,311,L7/105,L6/52
9,311,L6/52,L6/55
9,311,L6/55,L7/111
9,311,L7/111,L8/222
9,311,L8/222,L9/445
9,311,L9/445,L9/402
9,311,L9/402,L9/400
9,311,L9/400,L9/401
9,311,L9/401,L9/406
9,311,L9/406,L9/405
9,311,L9/405,L9/408
9,311,L9/408,L8/204
9,311,L8/204,L8/207
9,311,L8/207,L9/414
9,311,L9/414,L9/396
9,311,L9/396,L8/198
9,311,L8/198,L8/132
9,311,L8/132,L9/264
9,311,L9/264,L9/296
9,311,L9/296,L9/298
9,311,L9/298,L9/299
9,311,L9/299,L9/300
9,311,L9/300,L9/301
9,311,L9/301,L9/317
9,311,L9/317,L9/316
9,311,L9/316,L9/306
9,311,L9/306,L9/310
9,311,L9/310,L9/311
9,312,L9/766,L9/745
9,312,L9/745,L8/372
9,312,L8/372,L8/248
9,312,L8/248,L9/497
9,312,L9/497,L9/501
9,312,L9/501,L9/502
9,312,L9/502,L9/503
9,312,L9/503,L9/488
9,312,L9/488,L9/490
9,312,L9/490,L9/491
9,312,L9/491,L9/476
9,312,L9/476,L9/478
9,312,L9/478,L9/479
9,312,L9/479,L9/464
9,312,L9/464,L8/232
9,312,L8/232,L7/116
9,312,L7/116,L6/58
9,312,L6/58,L7/117
9,312,L7/117,L8/234
9,312,L8/234,L9/468
9,312,L9/468,L9/421
9,312,L9/421,L8/210
9,312,L8/210,L7/105
9,312,L7/105,L6/52
9,312,L6/52,L6/55
9,312,L6/55,L7/111
9,312,L7/111,L8/222
9,312,L8/222,L9/445
9,312,L9/445,L9/402
9,312,L9/402,L9/400
9,312,L9/400,L9/401
9,312,L9/401,L9/406
9,312,L9/406,L9/405
9,312,L9/405,L9/408
9,312,L9/408,L8/204
9,312,L8/204,L8/207
9,312,L8/207,L9/414
9,312,L9/414,L9/396
9,312,L9/396,L8/198
9,312,L8/198,L8/132
9,312,L8/132,L9/264
9,312,L9/264,L9/296
9,312,L9/296,L9/298
9,312,L9/298,L9/299
9,312,L9/299,L9/300
9,312,L9/300,L9/301
9,312,L9/301,L9/317
9,312,L9/317,L9/316
9,312,L9/316,L9/313
9,312,L9/313,L9/312
9,313,L9/766,L9/745
9,313,L9/745,L8/372
9,313,L8/372,L8/248
9,313,L8/248,L9/497
9,313,L9/497,L9/501
9,313,L9/501,L9/502
9,313,L9/502,L9/503
9,313,L9/503,L9/488
9,313,L9/488,L9/490
9,313,L9/490,L9/491
9,313,L9/491,L9/476
9,313,L9/476,L9/478
9,313,L9/478,L9/479
9,313,L9/479,L9/464
9,313,L9/464,L8/232
9,313,L8/232,L7/116
9,313,L7/116,L6/58
9,313,L6/58,L7/117
9,313,L7/117,L8/234
9,313,L8/234,L9/468
9,313,L9/468,L9/421
9,313,L9/421,L8/210
9,313,L8/210,L7/105
9,313,L7/105,L6/52
9,313,L6/52,L6/55
9,313,L6/55,L7/111
9,313,L7/111,L8/222
9,313,L8/222,L9/445
9,313,L9/445,L9/402
9,313,L9/402,L9/400
9,313,L9/400,L9/401
9,313,L9/401,L9/406
9,313,L9/406,L9/405
9,313,L9/405,L9/408
9,313,L9/408,L8/204
9,313,L8/204,L8/207
9,313,L8/207,L9/414
9,313,L9/414,L9/396
9,313,L9/396,L8/198
9,313,L8/198,L8/132
9,313,L8/132,L9/264
9,313,L9/264,L9/296
9,313,L9/296,L9/298
9,313,L9/298,L9/299
9,313,L9/299,L9/300
9,313,L9/300,L9/301
9,313,L9/301,L9/317
9,313,L9/317,L9/316
9,313,L9/316,L9/313
9,314,L9/766,L9/745
9,314,L9/745,L8/372
9,314,L8/372,L8/248
9,314,L8/248,L9/497
9,314,L9/497,L9/501
9,314,L9/501,L9/502
9,314,L9/502,L9/503
9,314,L9/503,L9/488
9,314,L9/488,L9/490
9,314,L9/490,L9/491
9,314,L9/491,L9/476
9,314,L9/476,L9/478
9,314,L9/478,L9/479
9,314,L9/479,L9/464
9,314,L9/464,L8/232
9,314,L8/232,L7/116
9,314,L7/116,L6/58
9,314,L6/58,L7/117
9,314,L7/117,L8/234
9,314,L8/234,L9/468
9,314,L9/468,L9/421
9,314,L9/421,L8/210
9,314,L8/210,L7/105
9,314,L7/105,L6/52
9,314,L6/52,L6/55
9,314,L6/55,L7/111
9,314,L7/111,L8/222
9,314,L8/222,L9/445
9,314,L9/445,L9/402
9,314,L9/402,L9/400
9,314,L9/400,L9/401
9,314,L9/401,L9/406
9,314,L9/406,L9/405
9,314,L9/405,L9/408
9,314,L9/408,L8/204
9,314,L8/204,L8/207
9,314,L8/207,L9/414
9,314,L9/414,L9/396
9,314,L9/396,L8/198
9,314,L8/198,L8/132
9,314,L8/132,L9/265
9,314,L9/265,L9/266
9,314,L9/266,L9/270
9,314,L9/270,L9/271
9,314,L9/271,L9/285
9,314,L9/285,L9/303
9,314,L9/303,L9/319
9,314,L9/319,L9/314
9,315,L9/766,L9/745
9,315,L9/745,L8/372
9,315,L8/372,L8/248
9,315,L8/248,L9/497
9,315,L9/497,L9/501
9,315,L9/501,L9/502
9,315,L9/502,L9/503
9,315,L9/503,L9/488
9,315,L9/488,L9/490
9,315,L9/490,L9/491
9,315,L9/491,L9/476
9,315,L9/476,L9/478
9,315,L9/478,L9/479
9,315,L9/479,L9/464
9,315,L9/464,L8/232
9,315,L8/232,L7/116
9,315,L7/116,L6/58
9,315,L6/58,L7/117
9,315,L7/117,L8/234
9,315,L8/234,L9/468
9,315,L9/468,L9/421
9,315,L9/421,L8/210
9,315,L8/210,L7/105
9,315,L7/105,L6/52
9,315,L6/52,L6/55
9,315,L6/55,L7/111
9,315,L7/111,L8/222
9,315,L8/222,L9/445
9,315,L9/445,L9/402
9,315,L9/402,L9/400
9,315,L9/400,L9/401
9,315,L9/401,L9/406
9,315,L9/406,L9/405
9,315,L9/405,L9/408
9,315,L9/408,L8/204
9,315,L8/204,L8/207
9,315,L8/207,L9/414
9,315,L9/414,L9/396
9,315,L9/396,L8/198
9,315,L8/198,L8/132
9,315,L8/132,L9/265
9,315,L9/265,L9/266
9,315,L9/266,L9/270
9,315,L9/270,L9/271
9,315,L9/271,L9/285
9,315,L9/285,L9/303
9,315,L9/303,L9/319
9,315,L9/319,L9/314
9,315,L9/314,L9/315
9,316,L9/766,L9/745
9,316,L9/745,L8/372
9,316,L8/372,L8/248
9,316,L8/248,L9/497
9,316,L9/497,L9/501
9,316,L9/501,L9/502
9,316,L9/502,L9/503
9,316,L9/503,L9/488
9,316,L9/488,L9/490
9,316,L9/490,L9/491
9,316,L9/491,L9/476
9,316,L9/476,L9/478
9,316,L9/478,L9/479
9,316,L9/479,L9/464
9,316,L9/464,L8/232
9,316,L8/232,L7/116
9,316,L7/116,L6/58
9,316,L6/58,L7/117
9,316,L7/117,L8/234
9,316,L8/234,L9/468
9,316,L9/468,L9/421
9,316,L9/421,L8/210
9,316,L8/210,L7/105
9,316,L7/105,L6/52
9,316,L6/52,L6/55
9,316,L6/55,L7/111
9,316,L7/111,L8/222
9,316,L8/222,L9/445
9,316,L9/445,L9/402
9,316,L9/402,L9/400
9,316,L9/400,L9/401
9,316,L9/401,L9/406
9,316,L9/406,L9/405
9,316,L9/405,L9/408
9,316,L9/408,L8/204
9,316,L8/204,L8/207
9,316,L8/207,L9/414
9,316,L9/414,L9/396
9,316,L9/396,L8/198
9,316,L8/198,L8/132
9,316,L8/132,L9/264
9,316,L9/264,L9/296
9,316,L9/296,L9/298
9,316,L9/298,L9/299
9,316,L9/299,L9/300
9,316,L9/300,L9/301
9,316,L9/301,L9/317
9,316,L9/317,L9/316
9,317,L9/766,L9/745
9,317,L9/745,L8/372
9,317,L8/372,L8/248
9,317,L8/248,L9/497
9,317,L9/497,L9/501
9,317,L9/501,L9/502
9,317,L9/502,L9/503
9,317,L9/503,L9/488
9,317,L9/488,L9/490
9,317,L9/490,L9/491
9,317,L9/491,L9/476
9,317,L9/476,L9/478
9,317,L9/478,L9/479
9,317,L9/479,L9/464
9,317,L9/464,L8/232
9,317,L8/232,L7/116
9,317,L7/116,L6/58
9,317,L6/58,L7/117
9,317,L7/117,L8/234
9,317,L8/234,L9/468
9,317,L9/468,L9/421
9,317,L9/421,L8/210
9,317,L8/210,L7/105
9,317,L7/105,L6/52
9,317,L6/52,L6/55
9,317,L6/55,L7/111
9,317,L7/111,L8/222
9,317,L8/222,L9/445
9,317,L9/445,L9/402
9,317,L9/402,L9/400
9,317,L9/400,L9/401
9,317,L9/401,L9/406
9,317,L9/406,L9/405
9,317,L9/405,L9/408
9,317,L9/408,L8/204
9,317,L8/204,L8/207
9,317,L8/207,L9/414
9,317,L9/414,L9/396
9,317,L9/396,L8/198
9,317,L8/198,L8/132
9,317,L8/132,L9/264
9,317,L9/264,L9/296
9,317,L9/296,L9/298
9,317,L9/298,L9/299
9,317,L9/299,L9/300
9,317,L9/300,L9/301
9,317,L9/301,L9/317
9,318,L9/766,L9/745
9,318,L9/745,L8/372
9,318,L8/372,L8/248
9,318,L8/248,L9/497
9,318,L9/497,L9/501
9,318,L9/501,L9/502
9,318,L9/502,L9/503
9,318,L9/503,L9/488
9,318,L9/488,L9/490
9,318,L9/490,L9/491
9,318,L9/491,L9/476
9,318,L9/476,L9/478
9,318,L9/478,L9/479
9,318,L9/479,L9/464
9,318,L9/464,L8/232
9,318,L8/232,L7/116
9,318,L7/116,L6/58
9,318,L6/58,L7/117
9,318,L7/117,L8/234
9,318,L8/234,L9/468
9,318,L9/468,L9/421
9,318,L9/421,L8/210
9,318,L8/210,L7/105
9,318,L7/105,L6/52
9,318,L6/52,L6/55
9,318,L6/55,L7/111
9,318,L7/111,L8/222
9,318,L8/222,L9/445
9,318,L9/445,L9/402
9,318,L9/402,L9/400
9,318,L9/400,L9/401
9,318,L9/401,L9/406
9,318,L9/406,L9/405
9,318,L9/405,L9/408
9,318,L9/408,L8/204
9,318,L8/204,L8/207
9,318,L8/207,L9/414
9,318,L9/414,L9/396
9,318,L9/396,L8/198
9,318,L8/198,L8/132
9,318,L8/132,L9/264
9,318,L9/264,L9/296
9,318,L9/296,L9/298
9,318,L9/298,L9/299
9,318,L9/299,L9/300
9,318,L9/300,L9/301
9,318,L9/301,L9/317
9,318,L9/317,L9/318
9,319,L9/766,L9/745
9,319,L9/745,L8/372
9,319,L8/372,L8/248
9,319,L8/248,L9/497
9,319,L9/497,L9/501
9,319,L9/501,L9/502
9,319,L9/502,L9/503
9,319,L9/503,L9/488
9,319,L9/488,L9/490
9,319,L9/490,L9/491
9,319,L9/491,L9/476
9,319,L9/476,L9/478
9,319,L9/478,L9/479
9,319,L9/479,L9/464
9,319,L9/464,L8/232
9,319,L8/232,L7/116
9,319,L7/116,L6/58
9,319,L6/58,L7/117
9,319,L7/117,L8/234
9,319,L8/234,L9/468
9,319,L9/468,L9/421
9,319,L9/421,L8/210
9,319,L8/210,L7/105
9,319,L7/105,L6/52
9,319,L6/52,L6/55
9,319,L6/55,L7/111
9,319,L7/111,L8/222
9,319,L8/222,L9/445
9,319,L9/445,L9/402
9,319,L9/402,L9/400
9,319,L9/400,L9/401
9,319,L9/401,L9/406
9,319,L9/406,L9/405
9,319,L9/405,L9/408
9,319,L9/408,L8/204
9,319,L8/204,L8/207
9,319,L8/207,L9/414
9,319,L9/414,L9/396
9,319,L9/396,L8/198
9,319,L8/198,L8/132
9,319,L8/132,L9/265
9,319,L9/265,L9/266
9,319,L9/266,L9/270
9,319,L9/270,L9/271
9,319,L9/271,L9/285
9,319,L9/285,L9/303
9,319,L9/303,L9/319
9,320,L9/766,L8/383
9,320,L8/383,L8/374
9,320,L8/374,L9/749
9,320,L9/749,L9/643
9,320,L9/643,L8/321
9,320,L8/321,L7/160
9,320,L7/160,L6/80
9,320,L6/80,L5/40
9,320,L5/40,L5/22
9,320,L5/22,L6/45
9,320,L6/45,L7/90
9,320,L7/90,L8/181
9,320,L8/181,L9/363
9,320,L9/363,L9/346
9,320,L9/346,L9/345
9,320,L9/345,L9/325
9,320,L9/325,L9/320
9,321,L9/766,L8/383
9,321,L8/383,L8/374
9,321,L8/374,L9/749
9,321,L9/749,L9/643
9,321,L9/643,L8/321
9,321,L8/321,L7/160
9,321,L7/160,L6/80
9,321,L6/80,L5/40
9,321,L5/40,L5/22
9,321,L5/22,L6/45
9,321,L6/45,L7/90
9,321,L7/90,L8/181
9,321,L8/181,L9/363
9,321,L9/363,L9/346
9,321,L9/346,L9/345
9,321,L9/345,L9/325
9,321,L9/325,L9/320
9,321,L9/320,L9/321
9,322,L9/766,L8/383
9,322,L8/383,L8/374
9,322,L8/374,L9/749
9,322,L9/749,L9/643
9,322,L9/643,L8/321
9,322,L8/321,L7/160
9,322,L7/160,L6/80
9,322,L6/80,L5/40
9,322,L5/40,L5/22
9,322,L5/22,L6/45
9,322,L6/45,L7/90
9,322,L7/90,L8/181
9,322,L8/181,L9/363
9,322,L9/363,L9/346
9,322,L9/346,L9/345
9,322,L9/345,L9/325
9,322,L9/325,L9/322
9,323,L9/766,L8/383
9,323,L8/383,L8/374
9,323,L8/374,L9/749
9,323,L9/749,L9/643
9,323,L9/643,L8/321
9,323,L8/321,L7/160
9,323,L7/160,L6/80
9,323,L6/80,L5/40
9,323,L5/40,L5/22
9,323,L5/22,L6/45
9,323,L6/45,L7/90
9,323,L7/90,L8/181
9,323,L8/181,L9/363
9,323,L9/363,L9/346
9,323,L9/346,L9/345
9,323,L9/345,L9/325
9,323,L9/325,L9/322
9,323,L9/322,L9/323
9,324,L9/766,L8/383
9,324,L8/383,L8/374
9,324,L8/374,L9/749
9,324,L9/749,L9/643
9,324,L9/643,L8/321
9,324,L8/321,L7/160
9,324,L7/160,L6/80
9,324,L6/80,L5/40
9,324,L5/40,L5/22
9,324,L5/22,L6/45
9,324,L6/45,L7/90
9,324,L7/90,L8/181
9,324,L8/181,L9/363
9,324,L9/363,L9/346
9,324,L9/346,L9/345
9,324,L9/345,L9/325
9,324,L9/325,L9/324
9,325,L9/766,L8/383
9,325,L8/383,L8/374
9,325,L8/374,L9/749
9,325,L9/749,L9/643
9,325,L9/643,L8/321
9,325,L8/321,L7/160
9,325,L7/160,L6/80
9,325,L6/80,L5/40
9,325,L5/40,L5/22
9,325,L5/22,L6/45
9,325,L6/45,L7/90
9,325,L7/90,L8/181
9,325,L8/181,L9/363
9,325,L9/363,L9/346
9,325,L9/346,L9/345
9,325,L9/345,L9/325
9,326,L9/766,L8/383
9,326,L8/383,L8/374
9,326,L8/374,L9/749
9,326,L9/749,L9/643
9,326,L9/643,L8/321
9,326,L8/321,L7/160
9,326,L7/160,L6/80
9,326,L6/80,L5/40
9,326,L5/40,L5/22
9,326,L5/22,L6/45
9,326,L6/45,L7/91
9,326,L7/91,L8/182
9,326,L8/182,L9/365
9,326,L9/365,L9/349
9,326,L9/349,L9/351
9,326,L9/351,L9/339
9,326,L9/339,L9/343
9,326,L9/343,L9/342
9,326,L9/342,L9/326
9,327,L9/766,L8/383
9,327,L8/383,L8/374
9,327,L8/374,L9/749
9,327,L9/749,L9/643
9,327,L9/643,L8/321
9,327,L8/321,L7/160
9,327,L7/160,L6/80
9,327,L6/80,L5/40
9,327,L5/40,L5/22
9,327,L5/22,L6/45
9,327,L6/45,L7/91
9,327,L7/91,L8/182
9,327,L8/182,L9/365
9,327,L9/365,L9/349
9,327,L9/349,L9/351
9,327,L9/351,L9/339
9,327,L9/339,L9/343
9,327,L9/343,L9/342
9,327,L9/342,L9/327
9,328,L9/766,L8/383
9,328,L8/383,L8/374
9,328,L8/374,L9/749
9,328,L9/749,L9/643
9,328,L9/643,L8/321
9,328,L8/321,L7/160
9,328,L7/160,L6/80
9,328,L6/80,L5/40
9,328,L5/40,L5/22
9,328,L5/22,L6/45
9,328,L6/45,L7/90
9,328,L7/90,L8/181
9,328,L8/181,L9/363
9,328,L9/363,L9/346
9,328,L9/346,L9/345
9,328,L9/345,L9/325
9,328,L9/325,L9/320
9,328,L9/320,L9/321
9,328,L9/321,L9/329
9,328,L9/329,L9/328
9,329,L9/766,L8/383
9,329,L8/383,L8/374
9,329,L8/374,L9/749
9,329,L9/749,L9/643
9,329,L9/643,L8/321
9,329,L8/321,L7/160
9,329,L7/160,L6/80
9,329,L6/80,L5/40
9,329,L5/40,L5/22
9,329,L5/22,L6/45
9,329,L6/45,L7/90
9,329,L7/90,L8/181
9,329,L8/181,L9/363
9,329,L9/363,L9/346
9,329,L9/346,L9/345
9,329,L9/345,L9/325
9,329,L9/325,L9/320
9,329,L9/320,L9/321
9,329,L9/321,L9/329
9,330,L9/766,L8/383
9,330,L8/383,L8/374
9,330,L8/374,L9/749
9,330,L9/749,L9/643
9,330,L9/643,L8/321
9,330,L8/321,L7/160
9,330,L7/160,L6/80
9,330,L6/80,L5/40
9,330,L5/40,L5/22
9,330,L5/22,L6/45
9,330,L6/45,L7/91
9,330,L7/91,L8/182
9,330,L8/182,L9/365
9,330,L9/365,L9/349
9,330,L9/349,L9/351
9,330,L9/351,L9/339
9,330,L9/339,L9/343
9,330,L9/343,L9/342
9,330,L9/342,L9/333
9,330,L9/333,L9/330
9,331,L9/766,L8/383
9,331,L8/383,L8/374
9,331,L8/374,L9/749
9,331,L9/749,L9/643
9,331,L9/643,L8/321
9,331,L8/321,L7/160
9,331,L7/160,L6/80
9,331,L6/80,L5/40
9,331,L5/40,L5/22
9,331,L5/22,L6/45
9,331,L6/45,L7/90
9,331,L7/90,L8/181
9,331,L8/181,L9/363
9,331,L9/363,L9/346
9,331,L9/346,L9/345
9,331,L9/345,L9/325
9,331,L9/325,L9/320
9,331,L9/320,L9/321
9,331,L9/321,L9/329
9,331,L9/329,L9/331
9,332,L9/766,L8/383
9,332,L8/383,L8/374
9,332,L8/374,L9/749
9,332,L9/749,L9/643
9,332,L9/643,L8/321
9,332,L8/321,L7/160
9,332,L7/160,L6/80
9,332,L6/80,L5/40
9,332,L5/40,L5/22
9,332,L5/22,L6/45
9,332,L6/45,L7/91
9,332,L7/91,L8/182
9,332,L8/182,L9/365
9,332,L9/365,L9/349
9,332,L9/349,L9/351
9,332,L9/351,L9/339
9,332,L9/339,L9/343
9,332,L9/343,L9/342
9,332,L9/342,L9/333
9,332,L9/333,L9/332
9,333,L9/766,L8/383
9,333,L8/383,L8/374
9,333,L8/374,L9/749
9,333,L9/749,L9/643
9,333,L9/643,L8/321
9,333,L8/321,L7/160
9,333,L7/160,L6/80
9,333,L6/80,L5/40
9,333,L5/40,L5/22
9,333,L5/22,L6/45
9,333,L6/45,L7/91
9,333,L7/91,L8/182
9,333,L8/182,L9/365
9,333,L9/365,L9/349
9,333,L9/349,L9/351
9,333,L9/351,L9/339
9,333,L9/339,L9/343
9,333,L9/343,L9/342
9,333,L9/342,L9/333
9,334,L9/766,L8/383
9,334,L8/383,L8/374
9,334,L8/374,L9/749
9,334,L9/749,L9/643
9,334,L9/643,L8/321
9,334,L8/321,L7/160
9,334,L7/160,L6/80
9,334,L6/80,L5/40
9,334,L5/40,L5/22
9,334,L5/22,L6/45
9,334,L6/45,L7/91
9,334,L7/91,L8/182
9,334,L8/182,L9/365
9,334,L9/365,L9/349
9,334,L9/349,L9/351
9,334,L9/351,L9/339
9,334,L9/339,L9/343
9,334,L9/343,L9/342
9,334,L9/342,L9/327
9,334,L9/327,L9/334
9,335,L9/766,L8/383
9,335,L8/383,L8/374
9,335,L8/374,L9/749
9,335,L9/749,L9/643
9,335,L9/643,L8/321
9,335,L8/321,L7/160
9,335,L7/160,L6/80
9,335,L6/80,L5/40
9,335,L5/40,L5/22
9,335,L5/22,L6/45
9,335,L6/45,L7/90
9,335,L7/90,L8/181
9,335,L8/181,L9/363
9,335,L9/363,L9/346
9,335,L9/346,L9/345
9,335,L9/345,L9/325
9,335,L9/325,L9/320
9,335,L9/320,L9/321
9,335,L9/321,L9/329
9,335,L9/329,L9/335
9,336,L9/766,L8/383
9,336,L8/383,L8/374
9,336,L8/374,L9/749
9,336,L9/749,L9/643
9,336,L9/643,L8/321
9,336,L8/321,L7/160
9,336,L7/160,L6/80
9,336,L6/80,L5/40
9,336,L5/40,L5/22
9,336,L5/22,L6/45
9,336,L6/45,L7/90
9,336,L7/90,L8/181
9,336,L8/181,L9/363
9,336,L9/363,L9/346
9,336,L9/346,L9/350
9,336,L9/350,L9/338
9,336,L9/338,L9/336
9,337,L9/766,L8/383
9,337,L8/383,L8/374
9,337,L8/374,L9/749
9,337,L9/749,L9/643
9,337,L9/643,L8/321
9,337,L8/321,L7/160
9,337,L7/160,L6/80
9,337,L6/80,L5/40
9,337,L5/40,L5/22
9,337,L5/22,L6/45
9,337,L6/45,L7/90
9,337,L7/90,L8/181
9,337,L8/181,L9/363
9,337,L9/363,L9/346
9,337,L9/346,L9/350
9,337,L9/350,L9/338
9,337,L9/338,L9/337
9,338,L9/766,L8/383
9,338,L8/383,L8/374
9,338,L8/374,L9/749
9,338,L9/749,L9/643
9,338,L9/643,L8/321
9,338,L8/321,L7/160
9,338,L7/160,L6/80
9,338,L6/80,L5/40
9,338,L5/40,L5/22
9,338,L5/22,L6/45
9,338,L6/45,L7/90
9,338,L7/90,L8/181
9,338,L8/181,L9/363
9,338,L9/363,L9/346
9,338,L9/346,L9/350
9,338,L9/350,L9/338
9,339,L9/766,L8/383
9,339,L8/383,L8/374
9,339,L8/374,L9/749
9,339,L9/749,L9/643
9,339,L9/643,L8/321
9,339,L8/321,L7/160
9,339,L7/160,L6/80
9,339,L6/80,L5/40
9,339,L5/40,L5/22
9,339,L5/22,L6/45
9,339,L6/45,L7/91
9,339,L7/91,L8/182
9,339,L8/182,L9/365
9,339,L9/365,L9/349
9,339,L9/349,L9/351
9,339,L9/351,L9/339
9,340,L9/766,L8/383
9,340,L8/383,L8/374
9,340,L8/374,L9/749
9,340,L9/749,L9/643
9,340,L9/643,L8/321
9,340,L8/321,L7/160
9,340,L7/160,L6/80
9,340,L6/80,L5/40
9,340,L5/40,L5/22
9,340,L5/22,L6/45
9,340,L6/45,L7/91
9,340,L7/91,L8/182
9,340,L8/182,L9/365
9,340,L9/365,L9/349
9,340,L9/349,L9/351
9,340,L9/351,L9/339
9,340,L9/339,L9/343
9,340,L9/343,L9/340
9,341,L9/766,L8/383
9,341,L8/383,L8/374
9,341,L8/374,L9/749
9,341,L9/749,L9/643
9,341,L9/643,L8/321
9,341,L8/321,L7/160
9,341,L7/160,L6/80
9,341,L6/80,L5/40
9,341,L5/40,L5/22
9,341,L5/22,L6/45
9,341,L6/45,L7/90
9,341,L7/90,L8/181
9,341,L8/181,L9/363
9,341,L9/363,L9/346
9,341,L9/346,L9/350
9,341,L9/350,L9/338
9,341,L9/338,L9/337
9,341,L9/337,L9/341
9,342,L9/766,L8/383
9,342,L8/383,L8/374
9,342,L8/374,L9/749
9,342,L9/749,L9/643
9,342,L9/643,L8/321
9,342,L8/321,L7/160
9,342,L7/160,L6/80
9,342,L6/80,L5/40
9,342,L5/40,L5/22
9,342,L5/22,L6/45
9,342,L6/45,L7/91
9,342,L7/91,L8/182
9,342,L8/182,L9/365
9,342,L9/365,L9/349
9,342,L9/349,L9/351
9,342,L9/351,L9/339
9,342,L9/339,L9/343
9,342,L9/343,L9/342
9,343,L9/766,L8/383
9,343,L8/383,L8/374
9,343,L8/374,L9/749
9,343,L9/749,L9/643
9,343,L9/643,L8/321
9,343,L8/321,L7/160
9,343,L7/160,L6/80
9,343,L6/80,L5/40
9,343,L5/40,L5/22
9,343,L5/22,L6/45
9,343,L6/45,L7/91
9,343,L7/91,L8/182
9,343,L8/182,L9/365
9,343,L9/365,L9/349
9,343,L9/349,L9/351
9,343,L9/351,L9/339
9,343,L9/339,L9/343
9,344,L9/766,L8/383
9,344,L8/383,L8/374
9,344,L8/374,L9/749
9,344,L9/749,L9/643
9,344,L9/643,L8/321
9,344,L8/321,L7/160
9,344,L7/160,L6/80
9,344,L6/80,L5/40
9,344,L5/40,L5/22
9,344,L5/22,L6/45
9,344,L6/45,L7/90
9,344,L7/90,L8/181
9,344,L8/181,L9/363
9,344,L9/363,L9/346
9,344,L9/346,L9/347
9,344,L9/347,L9/344
9,345,L9/766,L8/383
9,345,L8/383,L8/374
9,345,L8/374,L9/749
9,345,L9/749,L9/643
9,345,L9/643,L8/321
9,345,L8/321,L7/160
9,345,L7/160,L6/80
9,345,L6/80,L5/40
9,345,L5/40,L5/22
9,345,L5/22,L6/45
9,345,L6/45,L7/90
9,345,L7/90,L8/181
9,345,L8/181,L9/363
9,345,L9/363,L9/346
9,345,L9/346,L9/345
9,346,L9/766,L8/383
9,346,L8/383,L8/374
9,346,L8/374,L9/749
9,346,L9/749,L9/643
9,346,L9/643,L8/321
9,346,L8/321,L7/160
9,346,L7/160,L6/80
9,346,L6/80,L5/40
9,346,L5/40,L5/22
9,346,L5/22,L6/45
9,346,L6/45,L7/90
9,346,L7/90,L8/181
9,346,L8/181,L9/363
9,346,L9/363,L9/346
9,347,L9/766,L8/383
9,347,L8/383,L8/374
9,347,L8/374,L9/749
9,347,L9/749,L9/643
9,347,L9/643,L8/321
9,347,L8/321,L7/160
9,347,L7/160,L6/80
9,347,L6/80,L5/40
9,347,L5/40,L5/22
9,347,L5/22,L6/45
9,347,L6/45,L7/90
9,347,L7/90,L8/181
9,347,L8/181,L9/363
9,347,L9/363,L9/346
9,347,L9/346,L9/347
9,348,L9/766,L8/383
9,348,L8/383,L8/374
9,348,L8/374,L9/749
9,348,L9/749,L9/643
9,348,L9/643,L8/321
9,348,L8/321,L7/160
9,348,L7/160,L6/80
9,348,L6/80,L5/40
9,348,L5/40,L5/22
9,348,L5/22,L6/45
9,348,L6/45,L7/91
9,348,L7/91,L8/182
9,348,L8/182,L9/365
9,348,L9/365,L9/348
9,349,L9/766,L8/383
9,349,L8/383,L8/374
9,349,L8/374,L9/749
9,349,L9/749,L9/643
9,349,L9/643,L8/321
9,349,L8/321,L7/160
9,349,L7/160,L6/80
9,349,L6/80,L5/40
9,349,L5/40,L5/22
9,349,L5/22,L6/45
9,349,L6/45,L7/91
9,349,L7/91,L8/182
9,349,L8/182,L9/365
9,349,L9/365,L9/349
9,350,L9/766,L8/383
9,350,L8/383,L8/374
9,350,L8/374,L9/749
9,350,L9/749,L9/643
9,350,L9/643,L8/321
9,350,L8/321,L7/160
9,350,L7/160,L6/80
9,350,L6/80,L5/40
9,350,L5/40,L5/22
9,350,L5/22,L6/45
9,350,L6/45,L7/90
9,350,L7/90,L8/181
9,350,L8/181,L9/363
9,350,L9/363,L9/346
9,350,L9/346,L9/350
9,351,L9/766,L8/383
9,351,L8/383,L8/374
9,351,L8/374,L9/749
9,351,L9/749,L9/643
9,351,L9/643,L8/321
9,351,L8/321,L7/160
9,351,L7/160,L6/80
9,351,L6/80,L5/40
9,351,L5/40,L5/22
9,351,L5/22,L6/45
9,351,L6/45,L7/91
9,351,L7/91,L8/182
9,351,L8/182,L9/365
9,351,L9/365,L9/349
9,351,L9/349,L9/351
9,352,L9/766,L8/383
9,352,L8/383,L8/374
9,352,L8/374,L9/749
9,352,L9/749,L9/643
9,352,L9/643,L8/321
9,352,L8/321,L7/160
9,352,L7/160,L6/80
9,352,L6/80,L5/40
9,352,L5/40,L5/22
9,352,L5/22,L6/44
9,352,L6/44,L7/88
9,352,L7/88,L8/176
9,352,L8/176,L9/352
9,353,L9/766,L8/383
9,353,L8/383,L8/374
9,353,L8/374,L9/749
9,353,L9/749,L9/643
9,353,L9/643,L8/321
9,353,L8/321,L7/160
9,353,L7/160,L6/80
9,353,L6/80,L5/40
9,353,L5/40,L5/22
9,353,L5/22,L6/44
9,353,L6/44,L7/88
9,353,L7/88,L8/176
9,353,L8/176,L9/353
9,354,L9/766,L8/383
9,354,L8/383,L8/374
9,354,L8/374,L9/749
9,354,L9/749,L9/643
9,354,L9/643,L8/321
9,354,L8/321,L7/160
9,354,L7/160,L6/80
9,354,L6/80,L5/40
9,354,L5/40,L5/22
9,354,L5/22,L6/44
9,354,L6/44,L7/88
9,354,L7/88,L8/177
9,354,L8/177,L9/354
9,355,L9/766,L8/383
9,355,L8/383,L8/374
9,355,L8/374,L9/749
9,355,L9/749,L9/643
9,355,L9/643,L8/321
9,355,L8/321,L7/160
9,355,L7/160,L6/80
9,355,L6/80,L5/40
9,355,L5/40,L5/22
9,355,L5/22,L6/44
9,355,L6/44,L7/88
9,355,L7/88,L8/177
9,355,L8/177,L9/355
9,356,L9/766,L8/383
9,356,L8/383,L8/374
9,356,L8/374,L9/749
9,356,L9/749,L9/643
9,356,L9/643,L8/321
9,356,L8/321,L7/160
9,356,L7/160,L6/80
9,356,L6/80,L5/40
9,356,L5/40,L5/22
9,356,L5/22,L6/44
9,356,L6/44,L7/89
9,356,L7/89,L8/178
9,356,L8/178,L9/356
9,357,L9/766,L8/383
9,357,L8/383,L8/374
9,357,L8/374,L9/749
9,357,L9/749,L9/643
9,357,L9/643,L8/321
9,357,L8/321,L7/160
9,357,L7/160,L6/80
9,357,L6/80,L5/40
9,357,L5/40,L5/22
9,357,L5/22,L6/44
9,357,L6/44,L7/89
9,357,L7/89,L8/178
9,357,L8/178,L9/357
9,358,L9/766,L8/383
9,358,L8/383,L8/374
9,358,L8/374,L9/749
9,358,L9/749,L9/643
9,358,L9/643,L8/321
9,358,L8/321,L7/160
9,358,L7/160,L6/80
9,358,L6/80,L5/40
9,358,L5/40,L5/22
9,358,L5/22,L6/44
9,358,L6/44,L7/89
9,358,L7/89,L8/179
9,358,L8/179,L9/358
9,359,L9/766,L8/383
9,359,L8/383,L8/374
9,359,L8/374,L9/749
9,359,L9/749,L9/643
9,359,L9/643,L8/321
9,359,L8/321,L7/160
9,359,L7/160,L6/80
9,359,L6/80,L5/40
9,359,L5/40,L5/22
9,359,L5/22,L6/44
9,359,L6/44,L7/89
9,359,L7/89,L8/179
9,359,L8/179,L9/359
9,360,L9/766,L8/383
9,360,L8/383,L8/374
9,360,L8/374,L9/749
9,360,L9/749,L9/643
9,360,L9/643,L8/321
9,360,L8/321,L7/160
9,360,L7/160,L6/80
9,360,L6/80,L5/40
9,360,L5/40,L5/22
9,360,L5/22,L6/45
9,360,L6/45,L7/90
9,360,L7/90,L8/180
9,360,L8/180,L9/360
9,361,L9/766,L8/383
9,361,L8/383,L8/374
9,361,L8/374,L9/749
9,361,L9/749,L9/643
9,361,L9/643,L8/321
9,361,L8/321,L7/160
9,361,L7/160,L6/80
9,361,L6/80,L5/40
9,361,L5/40,L5/22
9,361,L5/22,L6/45
9,361,L6/45,L7/90
9,361,L7/90,L8/180
9,361,L8/180,L9/361
9,362,L9/766,L8/383
9,362,L8/383,L8/374
9,362,L8/374,L9/749
9,362,L9/749,L9/643
9,362,L9/643,L8/321
9,362,L8/321,L7/160
9,362,L7/160,L6/80
9,362,L6/80,L5/40
9,362,L5/40,L5/22
9,362,L5/22,L6/45
9,362,L6/45,L7/90
9,362,L7/90,L8/181
9,362,L8/181,L9/362
9,363,L9/766,L8/383
9,363,L8/383,L8/374
9,363,L8/374,L9/749
9,363,L9/749,L9/643
9,363,L9/643,L8/321
9,363,L8/321,L7/160
9,363,L7/160,L6/80
9,363,L6/80,L5/40
9,363,L5/40,L5/22
9,363,L5/22,L6/45
9,363,L6/45,L7/90
9,363,L7/90,L8/181
9,363,L8/181,L9/363
9,364,L9/766,L8/383
9,364,L8/383,L8/374
9,364,L8/374,L9/749
9,364,L9/749,L9/643
9,364,L9/643,L8/321
9,364,L8/321,L7/160
9,364,L7/160,L6/80
9,364,L6/80,L5/40
9,364,L5/40,L5/22
9,364,L5/22,L6/45
9,364,L6/45,L7/91
9,364,L7/91,L8/182
9,364,L8/182,L9/364
9,365,L9/766,L8/383
9,365,L8/383,L8/374
9,365,L8/374,L9/749
9,365,L9/749,L9/643
9,365,L9/643,L8/321
9,365,L8/321,L7/160
9,365,L7/160,L6/80
9,365,L6/80,L5/40
9,365,L5/40,L5/22
9,365,L5/22,L6/45
9,365,L6/45,L7/91
9,365,L7/91,L8/182
9,365,L8/182,L9/365
9,366,L9/766,L8/383
9,366,L8/383,L8/374
9,366,L8/374,L9/749
9,366,L9/749,L9/643
9,366,L9/643,L8/321
9,366,L8/321,L7/160
9,366,L7/160,L6/80
9,366,L6/80,L5/40
9,366,L5/40,L5/22
9,366,L5/22,L6/45
9,366,L6/45,L7/91
9,366,L7/91,L8/183
9,366,L8/183,L9/366
9,367,L9/766,L8/383
9,367,L8/383,L8/374
9,367,L8/374,L9/749
9,367,L9/749,L9/643
9,367,L9/643,L8/321
9,367,L8/321,L7/160
9,367,L7/160,L6/80
9,367,L6/80,L5/40
9,367,L5/40,L5/22
9,367,L5/22,L6/45
9,367,L6/45,L7/91
9,367,L7/91,L8/183
9,367,L8/183,L9/367
9,368,L9/766,L8/383
9,368,L8/383,L8/374
9,368,L8/374,L9/749
9,368,L9/749,L9/643
9,368,L9/643,L8/321
9,368,L8/321,L7/160
9,368,L7/160,L6/80
9,368,L6/80,L5/40
9,368,L5/40,L5/22
9,368,L5/22,L6/45
9,368,L6/45,L7/90
9,368,L7/90,L8/180
9,368,L8/180,L9/360
9,368,L9/360,L9/370
9,368,L9/370,L9/368
9,369,L9/766,L8/383
9,369,L8/383,L8/374
9,369,L8/374,L9/749
9,369,L9/749,L9/643
9,369,L9/643,L8/321
9,369,L8/321,L7/160
9,369,L7/160,L6/80
9,369,L6/80,L5/40
9,369,L5/40,L5/22
9,369,L5/22,L6/45
9,369,L6/45,L7/90
9,369,L7/90,L8/180
9,369,L8/180,L9/360
9,369,L9/360,L9/370
9,369,L9/370,L9/368
9,369,L9/368,L9/369
9,370,L9/766,L8/383
9,370,L8/383,L8/374
9,370,L8/374,L9/749
9,370,L9/749,L9/643
9,370,L9/643,L8/321
9,370,L8/321,L7/160
9,370,L7/160,L6/80
9,370,L6/80,L5/40
9,370,L5/40,L5/22
9,370,L5/22,L6/45
9,370,L6/45,L7/90
9,370,L7/90,L8/180
9,370,L8/180,L9/360
9,370,L9/360,L9/370
9,371,L9/766,L8/383
9,371,L8/383,L8/374
9,371,L8/374,L9/749
9,371,L9/749,L9/643
9,371,L9/643,L8/321
9,371,L8/321,L7/160
9,371,L7/160,L6/80
9,371,L6/80,L5/40
9,371,L5/40,L5/22
9,371,L5/22,L6/45
9,371,L6/45,L7/90
9,371,L7/90,L8/180
9,371,L8/180,L9/360
9,371,L9/360,L9/370
9,371,L9/370,L9/371
9,372,L9/766,L8/383
9,372,L8/383,L8/374
9,372,L8/374,L9/749
9,372,L9/749,L9/643
9,372,L9/643,L8/321
9,372,L8/321,L7/160
9,372,L7/160,L6/80
9,372,L6/80,L5/40
9,372,L5/40,L5/22
9,372,L5/22,L6/45
9,372,L6/45,L7/90
9,372,L7/90,L8/180
9,372,L8/180,L9/360
9,372,L9/360,L9/370
9,372,L9/370,L9/368
9,372,L9/368,L9/372
9,373,L9/766,L8/383
9,373,L8/383,L8/374
9,373,L8/374,L9/749
9,373,L9/749,L9/643
9,373,L9/643,L8/321
9,373,L8/321,L7/160
9,373,L7/160,L6/80
9,373,L6/80,L5/40
9,373,L5/40,L5/22
9,373,L5/22,L6/44
9,373,L6/44,L7/88
9,373,L7/88,L8/176
9,373,L8/176,L9/352
9,373,L9/352,L9/374
9,373,L9/374,L9/373
9,374,L9/766,L8/383
9,374,L8/383,L8/374
9,374,L8/374,L9/749
9,374,L9/749,L9/643
9,374,L9/643,L8/321
9,374,L8/321,L7/160
9,374,L7/160,L6/80
9,374,L6/80,L5/40
9,374,L5/40,L5/22
9,374,L5/22,L6/44
9,374,L6/44,L7/88
9,374,L7/88,L8/176
9,374,L8/176,L9/352
9,374,L9/352,L9/374
9,375,L9/766,L8/383
9,375,L8/383,L8/374
9,375,L8/374,L9/749
9,375,L9/749,L9/643
9,375,L9/643,L8/321
9,375,L8/321,L7/160
9,375,L7/160,L6/80
9,375,L6/80,L5/40
9,375,L5/40,L5/22
9,375,L5/22,L6/44
9,375,L6/44,L7/88
9,375,L7/88,L8/176
9,375,L8/176,L9/352
9,375,L9/352,L9/374
9,375,L9/374,L9/375
9,376,L9/766,L8/383
9,376,L8/383,L8/374
9,376,L8/374,L9/749
9,376,L9/749,L9/643
9,376,L9/643,L8/321
9,376,L8/321,L7/160
9,376,L7/160,L6/80
9,376,L6/80,L5/40
9,376,L5/40,L5/22
9,376,L5/22,L6/45
9,376,L6/45,L7/90
9,376,L7/90,L8/180
9,376,L8/180,L9/360
9,376,L9/360,L9/370
9,376,L9/370,L9/382
9,376,L9/382,L9/383
9,376,L9/383,L9/378
9,376,L9/378,L9/376
9,377,L9/766,L8/383
9,377,L8/383,L8/374
9,377,L8/374,L9/749
9,377,L9/749,L9/643
9,377,L9/643,L8/321
9,377,L8/321,L7/160
9,377,L7/160,L6/80
9,377,L6/80,L5/40
9,377,L5/40,L5/22
9,377,L5/22,L6/45
9,377,L6/45,L7/90
9,377,L7/90,L8/180
9,377,L8/180,L9/360
9,377,L9/360,L9/370
9,377,L9/370,L9/382
9,377,L9/382,L9/381
9,377,L9/381,L9/379
9,377,L9/379,L9/377
9,378,L9/766,L8/383
9,378,L8/383,L8/374
9,378,L8/374,L9/749
9,378,L9/749,L9/643
9,378,L9/643,L8/321
9,378,L8/321,L7/160
9,378,L7/160,L6/80
9,378,L6/80,L5/40
9,378,L5/40,L5/22
9,378,L5/22,L6/45
9,378,L6/45,L7/90
9,378,L7/90,L8/180
9,378,L8/180,L9/360
9,378,L9/360,L9/370
9,378,L9/370,L9/382
9,378,L9/382,L9/383
9,378,L9/383,L9/378
9,379,L9/766,L8/383
9,379,L8/383,L8/374
9,379,L8/374,L9/749
9,379,L9/749,L9/643
9,379,L9/643,L8/321
9,379,L8/321,L7/160
9,379,L7/160,L6/80
9,379,L6/80,L5/40
9,379,L5/40,L5/22
9,379,L5/22,L6/45
9,379,L6/45,L7/90
9,379,L7/90,L8/180
9,379,L8/180,L9/360
9,379,L9/360,L9/370
9,379,L9/370,L9/382
9,379,L9/382,L9/381
9,379,L9/381,L9/379
9,380,L9/766,L8/383
9,380,L8/383,L8/374
9,380,L8/374,L9/749
9,380,L9/749,L9/643
9,380,L9/643,L8/321
9,380,L8/321,L7/160
9,380,L7/160,L6/80
9,380,L6/80,L5/40
9,380,L5/40,L5/22
9,380,L5/22,L6/45
9,380,L6/45,L7/90
9,380,L7/90,L8/180
9,380,L8/180,L9/360
9,380,L9/360,L9/370
9,380,L9/370,L9/382
9,380,L9/382,L9/381
9,380,L9/381,L9/380
9,381,L9/766,L8/383
9,381,L8/383,L8/374
9,381,L8/374,L9/749
9,381,L9/749,L9/643
9,381,L9/643,L8/321
9,381,L8/321,L7/160
9,381,L7/160,L6/80
9,381,L6/80,L5/40
9,381,L5/40,L5/22
9,381,L5/22,L6/45
9,381,L6/45,L7/90
9,381,L7/90,L8/180
9,381,L8/180,L9/360
9,381,L9/360,L9/370
9,381,L9/370,L9/382
9,381,L9/382,L9/381
9,382,L9/766,L8/383
9,382,L8/383,L8/374
9,382,L8/374,L9/749
9,382,L9/749,L9/643
9,382,L9/643,L8/321
9,382,L8/321,L7/160
9,382,L7/160,L6/80
9,382,L6/80,L5/40
9,382,L5/40,L5/22
9,382,L5/22,L6/45
9,382,L6/45,L7/90
9,382,L7/90,L8/180
9,382,L8/180,L9/360
9,382,L9/360,L9/370
9,382,L9/370,L9/382
9,383,L9/766,L8/383
9,383,L8/383,L8/374
9,383,L8/374,L9/749
9,383,L9/749,L9/643
9,383,L9/643,L8/321
9,383,L8/321,L7/160
9,383,L7/160,L6/80
9,383,L6/80,L5/40
9,383,L5/40,L5/22
9,383,L5/22,L6/45
9,383,L6/45,L7/90
9,383,L7/90,L8/180
9,383,L8/180,L9/360
9,383,L9/360,L9/370
9,383,L9/370,L9/382
9,383,L9/382,L9/383
9,384,L9/766,L9/745
9,384,L9/745,L8/372
9,384,L8/372,L8/248
9,384,L8/248,L9/497
9,384,L9/497,L9/501
9,384,L9/501,L9/502
9,384,L9/502,L9/503
9,384,L9/503,L9/488
9,384,L9/488,L9/490
9,384,L9/490,L9/491
9,384,L9/491,L9/476
9,384,L9/476,L9/478
9,384,L9/478,L9/479
9,384,L9/479,L9/464
9,384,L9/464,L8/232
9,384,L8/232,L7/116
9,384,L7/116,L6/58
9,384,L6/58,L7/117
9,384,L7/117,L8/234
9,384,L8/234,L9/468
9,384,L9/468,L9/421
9,384,L9/421,L8/210
9,384,L8/210,L7/105
9,384,L7/105,L6/52
9,384,L6/52,L6/55
9,384,L6/55,L7/111
9,384,L7/111,L8/222
9,384,L8/222,L9/445
9,384,L9/445,L9/402
9,384,L9/402,L9/400
9,384,L9/400,L9/401
9,384,L9/401,L9/406
9,384,L9/406,L9/405
9,384,L9/405,L9/408
9,384,L9/408,L9/410
9,384,L9/410,L8/205
9,384,L8/205,L8/206
9,384,L8/206,L9/412
9,384,L9/412,L9/384
9,385,L9/766,L9/745
9,385,L9/745,L8/372
9,385,L8/372,L8/248
9,385,L8/248,L9/497
9,385,L9/497,L9/501
9,385,L9/501,L9/502
9,385,L9/502,L9/503
9,385,L9/503,L9/488
9,385,L9/488,L9/490
9,385,L9/490,L9/491
9,385,L9/491,L9/476
9,385,L9/476,L9/478
9,385,L9/478,L9/479
9,385,L9/479,L9/464
9,385,L9/464,L8/232
9,385,L8/232,L7/116
9,385,L7/116,L6/58
9,385,L6/58,L7/117
9,385,L7/117,L8/234
9,385,L8/234,L9/468
9,385,L9/468,L9/421
9,385,L9/421,L8/210
9,385,L8/210,L7/105
9,385,L7/105,L6/52
9,385,L6/52,L6/55
9,385,L6/55,L7/111
9,385,L7/111,L8/222
9,385,L8/222,L9/445
9,385,L9/445,L9/402
9,385,L9/402,L9/400
9,385,L9/400,L9/401
9,385,L9/401,L9/406
9,385,L9/406,L9/405
9,385,L9/405,L9/408
9,385,L9/408,L9/410
9,385,L9/410,L8/205
9,385,L8/205,L8/206
9,385,L8/206,L9/412
9,385,L9/412,L9/384
9,385,L9/384,L9/385
9,386,L9/766,L9/745
9,386,L9/745,L8/372
9,386,L8/372,L8/248
9,386,L8/248,L9/497
9,386,L9/497,L9/501
9,386,L9/501,L9/502
9,386,L9/502,L9/503
9,386,L9/503,L9/488
9,386,L9/488,L9/490
9,386,L9/490,L9/491
9,386,L9/491,L9/476
9,386,L9/476,L9/478
9,386,L9/478,L9/479
9,386,L9/479,L9/464
9,386,L9/464,L8/232
9,386,L8/232,L7/116
9,386,L7/116,L6/58
9,386,L6/58,L7/117
9,386,L7/117,L8/234
9,386,L8/234,L9/468
9,386,L9/468,L9/421
9,386,L9/421,L8/210
9,386,L8/210,L7/105
9,386,L7/105,L6/52
9,386,L6/52,L6/55
9,386,L6/55,L7/111
9,386,L7/111,L8/222
9,386,L8/222,L9/445
9,386,L9/445,L9/402
9,386,L9/402,L9/400
9,386,L9/400,L9/401
9,386,L9/401,L9/406
9,386,L9/406,L9/405
9,386,L9/405,L9/408
9,386,L9/408,L9/410
9,386,L9/410,L8/205
9,386,L8/205,L8/206
9,386,L8/206,L9/412
9,386,L9/412,L9/386
9,387,L9/766,L9/745
9,387,L9/745,L8/372
9,387,L8/372,L8/248
9,387,L8/248,L9/497
9,387,L9/497,L9/501
9,387,L9/501,L9/502
9,387,L9/502,L9/503
9,387,L9/503,L9/488
9,387,L9/488,L9/490
9,387,L9/490,L9/491
9,387,L9/491,L9/476
9,387,L9/476,L9/478
9,387,L9/478,L9/479
9,387,L9/479,L9/464
9,387,L9/464,L8/232
9,387,L8/232,L7/116
9,387,L7/116,L6/58
9,387,L6/58,L7/117
9,387,L7/117,L8/234
9,387,L8/234,L9/468
9,387,L9/468,L9/421
9,387,L9/421,L8/210
9,387,L8/210,L7/105
9,387,L7/105,L6/52
9,387,L6/52,L6/55
9,387,L6/55,L7/111
9,387,L7/111,L8/222
9,387,L8/222,L9/445
9,387,L9/445,L9/402
9,387,L9/402,L9/400
9,387,L9/400,L9/401
9,387,L9/401,L9/406
9,387,L9/406,L9/405
9,387,L9/405,L9/408
9,387,L9/408,L9/410
9,387,L9/410,L8/205
9,387,L8/205,L8/206
9,387,L8/206,L9/412
9,387,L9/412,L9/386
9,387,L9/386,L9/387
9,388,L9/766,L9/745
9,388,L9/745,L8/372
9,388,L8/372,L8/248
9,388,L8/248,L9/497
9,388,L9/497,L9/501
9,388,L9/501,L9/502
9,388,L9/502,L9/503
9,388,L9/503,L9/488
9,388,L9/488,L9/490
9,388,L9/490,L9/491
9,388,L9/491,L9/476
9,388,L9/476,L9/478
9,388,L9/478,L9/479
9,388,L9/479,L9/464
9,388,L9/464,L8/232
9,388,L8/232,L7/116
9,388,L7/116,L6/58
9,388,L6/58,L7/117
9,388,L7/117,L8/234
9,388,L8/234,L9/468
9,388,L9/468,L9/421
9,388,L9/421,L8/210
9,388,L8/210,L7/105
9,388,L7/105,L6/52
9,388,L6/52,L6/55
9,388,L6/55,L7/111
9,388,L7/111,L8/222
9,388,L8/222,L9/445
9,388,L9/445,L9/402
9,388,L9/402,L9/400
9,388,L9/400,L9/401
9,388,L9/401,L9/406
9,388,L9/406,L9/405
9,388,L9/405,L9/408
9,388,L9/408,L9/410
9,388,L9/410,L8/205
9,388,L8/205,L8/206
9,388,L8/206,L9/412
9,388,L9/412,L9/386
9,388,L9/386,L9/387
9,388,L9/387,L9/388
9,389,L9/766,L9/745
9,389,L9/745,L8/372
9,389,L8/372,L8/248
9,389,L8/248,L9/497
9,389,L9/497,L9/501
9,389,L9/501,L9/502
9,389,L9/502,L9/503
9,389,L9/503,L9/488
9,389,L9/488,L9/490
9,389,L9/490,L9/491
9,389,L9/491,L9/476
9,389,L9/476,L9/478
9,389,L9/478,L9/479
9,389,L9/479,L9/464
9,389,L9/464,L8/232
9,389,L8/232,L7/116
9,389,L7/116,L6/58
9,389,L6/58,L7/117
9,389,L7/117,L8/234
9,389,L8/234,L9/468
9,389,L9/468,L9/421
9,389,L9/421,L8/210
9,389,L8/210,L7/105
9,389,L7/105,L6/52
9,389,L6/52,L6/55
9,389,L6/55,L7/111
9,389,L7/111,L8/222
9,389,L8/222,L9/445
9,389,L9/445,L9/402
9,389,L9/402,L9/400
9,389,L9/400,L9/401
9,389,L9/401,L9/406
9,389,L9/406,L9/405
9,389,L9/405,L9/408
9,389,L9/408,L9/410
9,389,L9/410,L8/205
9,389,L8/205,L8/206
9,389,L8/206,L9/412
9,389,L9/412,L9/386
9,389,L9/386,L9/387
9,389,L9/387,L9/388
9,389,L9/388,L9/389
9,390,L9/766,L9/745
9,390,L9/745,L8/372
9,390,L8/372,L8/248
9,390,L8/248,L9/497
9,390,L9/497,L9/501
9,390,L9/501,L9/502
9,390,L9/502,L9/503
9,390,L9/503,L9/488
9,390,L9/488,L9/490
9,390,L9/490,L9/491
9,390,L9/491,L9/476
9,390,L9/476,L9/478
9,390,L9/478,L9/479
9,390,L9/479,L9/464
9,390,L9/464,L8/232
9,390,L8/232,L7/116
9,390,L7/116,L6/58
9,390,L6/58,L7/117
9,390,L7/117,L8/234
9,390,L8/234,L9/468
9,390,L9/468,L9/421
9,390,L9/421,L8/210
9,390,L8/210,L7/105
9,390,L7/105,L6/52
9,390,L6/52,L6/55
9,390,L6/55,L7/111
9,390,L7/111,L8/222
9,390,L8/222,L9/445
9,390,L9/445,L9/402
9,390,L9/402,L9/400
9,390,L9/400,L9/401
9,390,L9/401,L9/406
9,390,L9/406,L9/405
9,390,L9/405,L9/408
9,390,L9/408,L9/410
9,390,L9/410,L8/205
9,390,L8/205,L8/206
9,390,L8/206,L9/412
9,390,L9/412,L9/384
9,390,L9/384,L9/385
9,390,L9/385,L9/390
9,391,L9/766,L9/745
9,391,L9/745,L8/372
9,391,L8/372,L8/248
9,391,L8/248,L9/497
9,391,L9/497,L9/501
9,391,L9/501,L9/502
9,391,L9/502,L9/503
9,391,L9/503,L9/488
9,391,L9/488,L9/490
9,391,L9/490,L9/491
9,391,L9/491,L9/476
9,391,L9/476,L9/478
9,391,L9/478,L9/479
9,391,L9/479,L9/464
9,391,L9/464,L8/232
9,391,L8/232,L7/116
9,391,L7/116,L6/58
9,391,L6/58,L7/117
9,391,L7/117,L8/234
9,391,L8/234,L9/468
9,391,L9/468,L9/421
9,391,L9/421,L8/210
9,391,L8/210,L7/105
9,391,L7/105,L6/52
9,391,L6/52,L6/55
9,391,L6/55,L7/111
9,391,L7/111,L8/222
9,391,L8/222,L9/445
9,391,L9/445,L9/402
9,391,L9/402,L9/400
9,391,L9/400,L9/401
9,391,L9/401,L9/406
9,391,L9/406,L9/405
9,391,L9/405,L9/408
9,391,L9/408,L9/410
9,391,L9/410,L8/205
9,391,L8/205,L8/206
9,391,L8/206,L9/412
9,391,L9/412,L9/386
9,391,L9/386,L9/387
9,391,L9/387,L9/391
9,392,L9/766,L9/745
9,392,L9/745,L8/372
9,392,L8/372,L8/248
9,392,L8/248,L9/497
9,392,L9/497,L9/501
9,392,L9/501,L9/502
9,392,L9/502,L9/503
9,392,L9/503,L9/488
9,392,L9/488,L9/490
9,392,L9/490,L9/491
9,392,L9/491,L9/476
9,392,L9/476,L9/478
9,392,L9/478,L9/479
9,392,L9/479,L9/464
9,392,L9/464,L8/232
9,392,L8/232,L7/116
9,392,L7/116,L6/58
9,392,L6/58,L7/117
9,392,L7/117,L8/234
9,392,L8/234,L9/468
9,392,L9/468,L9/421
9,392,L9/421,L8/210
9,392,L8/210,L7/105
9,392,L7/105,L6/52
9,392,L6/52,L6/55
9,392,L6/55,L7/111
9,392,L7/111,L8/222
9,392,L8/222,L9/445
9,392,L9/445,L9/402
9,392,L9/402,L9/400
9,392,L9/400,L9/401
9,392,L9/401,L9/406
9,392,L9/406,L9/405
9,392,L9/405,L9/408
9,392,L9/408,L8/204
9,392,L8/204,L8/207
9,392,L8/207,L9/414
9,392,L9/414,L9/396
9,392,L9/396,L8/198
9,392,L8/198,L8/132
9,392,L8/132,L9/265
9,392,L9/265,L9/268
9,392,L9/268,L9/392
9,393,L9/766,L9/745
9,393,L9/745,L8/372
9,393,L8/372,L8/248
9,393,L8/248,L9/497
9,393,L9/497,L9/501
9,393,L9/501,L9/502
9,393,L9/502,L9/503
9,393,L9/503,L9/488
9,393,L9/488,L9/490
9,393,L9/490,L9/491
9,393,L9/491,L9/476
9,393,L9/476,L9/478
9,393,L9/478,L9/479
9,393,L9/479,L9/464
9,393,L9/464,L8/232
9,393,L8/232,L7/116
9,393,L7/116,L6/58
9,393,L6/58,L7/117
9,393,L7/117,L8/234
9,393,L8/234,L9/468
9,393,L9/468,L9/421
9,393,L9/421,L8/210
9,393,L8/210,L7/105
9,393,L7/105,L6/52
9,393,L6/52,L6/55
9,393,L6/55,L7/111
9,393,L7/111,L8/222
9,393,L8/222,L9/445
9,393,L9/445,L9/402
9,393,L9/402,L9/400
9,393,L9/400,L9/401
9,393,L9/401,L9/406
9,393,L9/406,L9/405
9,393,L9/405,L9/408
9,393,L9/408,L8/204
9,393,L8/204,L8/207
9,393,L8/207,L9/414
9,393,L9/414,L9/398
9,393,L9/398,L9/399
9,393,L9/399,L9/394
9,393,L9/394,L8/197
9,393,L8/197,L8/196
9,393,L8/196,L9/393
9,394,L9/766,L9/745
9,394,L9/745,L8/372
9,394,L8/372,L8/248
9,394,L8/248,L9/497
9,394,L9/497,L9/501
9,394,L9/501,L9/502
9,394,L9/502,L9/503
9,394,L9/503,L9/488
9,394,L9/488,L9/490
9,394,L9/490,L9/491
9,394,L9/491,L9/476
9,394,L9/476,L9/478
9,394,L9/478,L9/479
9,394,L9/479,L9/464
9,394,L9/464,L8/232
9,394,L8/232,L7/116
9,394,L7/116,L6/58
9,394,L6/58,L7/117
9,394,L7/117,L8/234
9,394,L8/234,L9/468
9,394,L9/468,L9/421
9,394,L9/421,L8/210
9,394,L8/210,L7/105
9,394,L7/105,L6/52
9,394,L6/52,L6/55
9,394,L6/55,L7/111
9,394,L7/111,L8/222
9,394,L8/222,L9/445
9,394,L9/445,L9/402
9,394,L9/402,L9/400
9,394,L9/400,L9/401
9,394,L9/401,L9/406
9,394,L9/406,L9/405
9,394,L9/405,L9/408
9,394,L9/408,L8/204
9,394,L8/204,L8/207
9,394,L8/207,L9/414
9,394,L9/414,L9/398
9,394,L9/398,L9/399
9,394,L9/399,L9/394
9,395,L9/766,L9/745
9,395,L9/745,L8/372
9,395,L8/372,L8/248
9,395,L8/248,L9/497
9,395,L9/497,L9/501
9,395,L9/501,L9/502
9,395,L9/502,L9/503
9,395,L9/503,L9/488
9,395,L9/488,L9/490
9,395,L9/490,L9/491
9,395,L9/491,L9/476
9,395,L9/476,L9/478
9,395,L9/478,L9/479
9,395,L9/479,L9/464
9,395,L9/464,L8/232
9,395,L8/232,L7/116
9,395,L7/116,L6/58
9,395,L6/58,L7/117
9,395,L7/117,L8/234
9,395,L8/234,L9/468
9,395,L9/468,L9/421
9,395,L9/421,L8/210
9,395,L8/210,L7/105
9,395,L7/105,L6/52
9,395,L6/52,L6/55
9,395,L6/55,L7/111
9,395,L7/111,L8/222
9,395,L8/222,L9/445
9,395,L9/445,L9/402
9,395,L9/402,L9/400
9,395,L9/400,L9/401
9,395,L9/401,L9/406
9,395,L9/406,L9/405
9,395,L9/405,L9/408
9,395,L9/408,L8/204
9,395,L8/204,L8/207
9,395,L8/207,L9/414
9,395,L9/414,L9/398
9,395,L9/398,L9/399
9,395,L9/399,L9/394
9,395,L9/394,L9/395
9,396,L9/766,L9/745
9,396,L9/745,L8/372
9,396,L8/372,L8/248
9,396,L8/248,L9/497
9,396,L9/497,L9/501
9,396,L9/501,L9/502
9,396,L9/502,L9/503
9,396,L9/503,L9/488
9,396,L9/488,L9/490
9,396,L9/490,L9/491
9,396,L9/491,L9/476
9,396,L9/476,L9/478
9,396,L9/478,L9/479
9,396,L9/479,L9/464
9,396,L9/464,L8/232
9,396,L8/232,L7/116
9,396,L7/116,L6/58
9,396,L6/58,L7/117
9,396,L7/117,L8/234
9,396,L8/234,L9/468
9,396,L9/468,L9/421
9,396,L9/421,L8/210
9,396,L8/210,L7/105
9,396,L7/105,L6/52
9,396,L6/52,L6/55
9,396,L6/55,L7/111
9,396,L7/111,L8/222
9,396,L8/222,L9/445
9,396,L9/445,L9/402
9,396,L9/402,L9/400
9,396,L9/400,L9/401
9,396,L9/401,L9/406
9,396,L9/406,L9/405
9,396,L9/405,L9/408
9,396,L9/408,L8/204
9,396,L8/204,L8/207
9,396,L8/207,L9/414
9,396,L9/414,L9/396
9,397,L9/766,L9/745
9,397,L9/745,L8/372
9,397,L8/372,L8/248
9,397,L8/248,L9/497
9,397,L9/497,L9/501
9,397,L9/501,L9/502
9,397,L9/502,L9/503
9,397,L9/503,L9/488
9,397,L9/488,L9/490
9,397,L9/490,L9/491
9,397,L9/491,L9/476
9,397,L9/476,L9/478
9,397,L9/478,L9/479
9,397,L9/479,L9/464
9,397,L9/464,L8/232
9,397,L8/232,L7/116
9,397,L7/116,L6/58
9,397,L6/58,L7/117
9,397,L7/117,L8/234
9,397,L8/234,L9/468
9,397,L9/468,L9/421
9,397,L9/421,L8/210
9,397,L8/210,L7/105
9,397,L7/105,L6/52
9,397,L6/52,L6/55
9,397,L6/55,L7/111
9,397,L7/111,L8/222
9,397,L8/222,L9/445
9,397,L9/445,L9/402
9,397,L9/402,L9/400
9,397,L9/400,L9/401
9,397,L9/401,L9/406
9,397,L9/406,L9/405
9,397,L9/405,L9/408
9,397,L9/408,L8/204
9,397,L8/204,L8/207
9,397,L8/207,L9/414
9,397,L9/414,L9/396
9,397,L9/396,L9/397
9,398,L9/766,L9/745
9,398,L9/745,L8/372
9,398,L8/372,L8/248
9,398,L8/248,L9/497
9,398,L9/497,L9/501
9,398,L9/501,L9/502
9,398,L9/502,L9/503
9,398,L9/503,L9/488
9,398,L9/488,L9/490
9,398,L9/490,L9/491
9,398,L9/491,L9/476
9,398,L9/476,L9/478
9,398,L9/478,L9/479
9,398,L9/479,L9/464
9,398,L9/464,L8/232
9,398,L8/232,L7/116
9,398,L7/116,L6/58
9,398,L6/58,L7/117
9,398,L7/117,L8/234
9,398,L8/234,L9/468
9,398,L9/468,L9/421
9,398,L9/421,L8/210
9,398,L8/210,L7/105
9,398,L7/105,L6/52
9,398,L6/52,L6/55
9,398,L6/55,L7/111
9,398,L7/111,L8/222
9,398,L8/222,L9/445
9,398,L9/445,L9/402
9,398,L9/402,L9/400
9,398,L9/400,L9/401
9,398,L9/401,L9/406
9,398,L9/406,L9/405
9,398,L9/405,L9/408
9,398,L9/408,L8/204
9,398,L8/204,L8/207
9,398,L8/207,L9/414
9,398,L9/414,L9/398
9,399,L9/766,L9/745
9,399,L9/745,L8/372
9,399,L8/372,L8/248
9,399,L8/248,L9/497
9,399,L9/497,L9/501
9,399,L9/501,L9/502
9,399,L9/502,L9/503
9,399,L9/503,L9/488
9,399,L9/488,L9/490
9,399,L9/490,L9/491
9,399,L9/491,L9/476
9,399,L9/476,L9/478
9,399,L9/478,L9/479
9,399,L9/479,L9/464
9,399,L9/464,L8/232
9,399,L8/232,L7/116
9,399,L7/116,L6/58
9,399,L6/58,L7/117
9,399,L7/117,L8/234
9,399,L8/234,L9/468
9,399,L9/468,L9/421
9,399,L9/421,L8/210
9,399,L8/210,L7/105
9,399,L7/105,L6/52
9,399,L6/52,L6/55
9,399,L6/55,L7/111
9,399,L7/111,L8/222
9,399,L8/222,L9/445
9,399,L9/445,L9/402
9,399,L9/402,L9/400
9,399,L9/400,L9/401
9,399,L9/401,L9/406
9,399,L9/406,L9/405
9,399,L9/405,L9/408
9,399,L9/408,L8/204
9,399,L8/204,L8/207
9,399,L8/207,L9/414
9,399,L9/414,L9/398
9,399,L9/398,L9/399
9,400,L9/766,L9/745
9,400,L9/745,L8/372
9,400,L8/372,L8/248
9,400,L8/248,L9/497
9,400,L9/497,L9/501
9,400,L9/501,L9/502
9,400,L9/502,L9/503
9,400,L9/503,L9/488
9,400,L9/488,L9/490
9,400,L9/490,L9/491
9,400,L9/491,L9/476
9,400,L9/476,L9/478
9,400,L9/478,L9/479
9,400,L9/479,L9/464
9,400,L9/464,L8/232
9,400,L8/232,L7/116
9,400,L7/116,L6/58
9,400,L6/58,L7/117
9,400,L7/117,L8/234
9,400,L8/234,L9/468
9,400,L9/468,L9/421
9,400,L9/421,L8/210
9,400,L8/210,L7/105
9,400,L7/105,L6/52
9,400,L6/52,L6/55
9,400,L6/55,L7/111
9,400,L7/111,L8/222
9,400,L8/222,L9/445
9,400,L9/445,L9/402
9,400,L9/402,L9/400
9,401,L9/766,L9/745
9,401,L9/745,L8/372
9,401,L8/372,L8/248
9,401,L8/248,L9/497
9,401,L9/497,L9/501
9,401,L9/501,L9/502
9,401,L9/502,L9/503
9,401,L9/503,L9/488
9,401,L9/488,L9/490
9,401,L9/490,L9/491
9,401,L9/491,L9/476
9,401,L9/476,L9/478
9,401,L9/478,L9/479
9,401,L9/479,L9/464
9,401,L9/464,L8/232
9,401,L8/232,L7/116
9,401,L7/116,L6/58
9,401,L6/58,L7/117
9,401,L7/117,L8/234
9,401,L8/234,L9/468
9,401,L9/468,L9/421
9,401,L9/421,L8/210
9,401,L8/210,L7/105
9,401,L7/105,L6/52
9,401,L6/52,L6/55
9,401,L6/55,L7/111
9,401,L7/111,L8/222
9,401,L8/222,L9/445
9,401,L9/445,L9/402
9,401,L9/402,L9/400
9,401,L9/400,L9/401
9,402,L9/766,L9/745
9,402,L9/745,L8/372
9,402,L8/372,L8/248
9,402,L8/248,L9/497
9,402,L9/497,L9/501
9,402,L9/501,L9/502
9,402,L9/502,L9/503
9,402,L9/503,L9/488
9,402,L9/488,L9/490
9,402,L9/490,L9/491
9,402,L9/491,L9/476
9,402,L9/476,L9/478
9,402,L9/478,L9/479
9,402,L9/479,L9/464
9,402,L9/464,L8/232
9,402,L8/232,L7/116
9,402,L7/116,L6/58
9,402,L6/58,L7/117
9,402,L7/117,L8/234
9,402,L8/234,L9/468
9,402,L9/468,L9/421
9,402,L9/421,L8/210
9,402,L8/210,L7/105
9,402,L7/105,L6/52
9,402,L6/52,L6/55
9,402,L6/55,L7/111
9,402,L7/111,L8/222
9,402,L8/222,L9/445
9,402,L9/445,L9/402
9,403,L9/766,L9/745
9,403,L9/745,L8/372
9,403,L8/372,L8/248
9,403,L8/248,L9/497
9,403,L9/497,L9/501
9,403,L9/501,L9/502
9,403,L9/502,L9/503
9,403,L9/503,L9/488
9,403,L9/488,L9/490
9,403,L9/490,L9/491
9,403,L9/491,L9/476
9,403,L9/476,L9/478
9,403,L9/478,L9/479
9,403,L9/479,L9/464
9,403,L9/464,L8/232
9,403,L8/232,L7/116
9,403,L7/116,L6/58
9,403,L6/58,L7/117
9,403,L7/117,L8/234
9,403,L8/234,L9/468
9,403,L9/468,L9/421
9,403,L9/421,L8/210
9,403,L8/210,L7/105
9,403,L7/105,L6/52
9,403,L6/52,L6/55
9,403,L6/55,L7/111
9,403,L7/111,L8/222
9,403,L8/222,L9/445
9,403,L9/445,L9/402
9,403,L9/402,L9/403
9,404,L9/766,L9/745
9,404,L9/745,L8/372
9,404,L8/372,L8/248
9,404,L8/248,L9/497
9,404,L9/497,L9/501
9,404,L9/501,L9/502
9,404,L9/502,L9/503
9,404,L9/503,L9/488
9,404,L9/488,L9/490
9,404,L9/490,L9/491
9,404,L9/491,L9/476
9,404,L9/476,L9/478
9,404,L9/478,L9/479
9,404,L9/479,L9/464
9,404,L9/464,L8/232
9,404,L8/232,L7/116
9,404,L7/116,L6/58
9,404,L6/58,L7/117
9,404,L7/117,L8/234
9,404,L8/234,L9/468
9,404,L9/468,L9/421
9,404,L9/421,L8/210
9,404,L8/210,L7/105
9,404,L7/105,L6/52
9,404,L6/52,L6/55
9,404,L6/55,L7/111
9,404,L7/111,L8/222
9,404,L8/222,L9/445
9,404,L9/445,L9/402
9,404,L9/402,L9/400
9,404,L9/400,L9/401
9,404,L9/401,L9/406
9,404,L9/406,L9/404
9,405,L9/766,L9/745
9,405,L9/745,L8/372
9,405,L8/372,L8/248
9,405,L8/248,L9/497
9,405,L9/497,L9/501
9,405,L9/501,L9/502
9,405,L9/502,L9/503
9,405,L9/503,L9/488
9,405,L9/488,L9/490
9,405,L9/490,L9/491
9,405,L9/491,L9/476
9,405,L9/476,L9/478
9,405,L9/478,L9/479
9,405,L9/479,L9/464
9,405,L9/464,L8/232
9,405,L8/232,L7/116
9,405,L7/116,L6/58
9,405,L6/58,L7/117
9,405,L7/117,L8/234
9,405,L8/234,L9/468
9,405,L9/468,L9/421
9,405,L9/421,L8/210
9,405,L8/210,L7/105
9,405,L7/105,L6/52
9,405,L6/52,L6/55
9,405,L6/55,L7/111
9,405,L7/111,L8/222
9,405,L8/222,L9/445
9,405,L9/445,L9/402
9,405,L9/402,L9/400
9,405,L9/400,L9/401
9,405,L9/401,L9/406
9,405,L9/406,L9/405
9,406,L9/766,L9/745
9,406,L9/745,L8/372
9,406,L8/372,L8/248
9,406,L8/248,L9/497
9,406,L9/497,L9/501
9,406,L9/501,L9/502
9,406,L9/502,L9/503
9,406,L9/503,L9/488
9,406,L9/488,L9/490
9,406,L9/490,L9/491
9,406,L9/491,L9/476
9,406,L9/476,L9/478
9,406,L9/478,L9/479
9,406,L9/479,L9/464
9,406,L9/464,L8/232
9,406,L8/232,L7/116
9,406,L7/116,L6/58
9,406,L6/58,L7/117
9,406,L7/117,L8/234
9,406,L8/234,L9/468
9,406,L9/468,L9/421
9,406,L9/421,L8/210
9,406,L8/210,L7/105
9,406,L7/105,L6/52
9,406,L6/52,L6/55
9,406,L6/55,L7/111
9,406,L7/111,L8/222
9,406,L8/222,L9/445
9,406,L9/445,L9/402
9,406,L9/402,L9/400
9,406,L9/400,L9/401
9,406,L9/401,L9/406
9,407,L9/766,L9/745
9,407,L9/745,L8/372
9,407,L8/372,L8/248
9,407,L8/248,L9/497
9,407,L9/497,L9/501
9,407,L9/501,L9/502
9,407,L9/502,L9/503
9,407,L9/503,L9/488
9,407,L9/488,L9/490
9,407,L9/490,L9/491
9,407,L9/491,L9/476
9,407,L9/476,L9/478
9,407,L9/478,L9/479
9,407,L9/479,L9/464
9,407,L9/464,L8/232
9,407,L8/232,L7/116
9,407,L7/116,L6/58
9,407,L6/58,L7/117
9,407,L7/117,L8/234
9,407,L8/234,L9/468
9,407,L9/468,L9/421
9,407,L9/421,L8/210
9,407,L8/210,L7/105
9,407,L7/105,L6/52
9,407,L6/52,L6/55
9,407,L6/55,L7/111
9,407,L7/111,L8/222
9,407,L8/222,L9/445
9,407,L9/445,L9/402
9,407,L9/402,L9/400
9,407,L9/400,L9/401
9,407,L9/401,L9/407
9,408,L9/766,L9/745
9,408,L9/745,L8/372
9,408,L8/372,L8/248
9,408,L8/248,L9/497
9,408,L9/497,L9/501
9,408,L9/501,L9/502
9,408,L9/502,L9/503
9,408,L9/503,L9/488
9,408,L9/488,L9/490
9,408,L9/490,L9/491
9,408,L9/491,L9/476
9,408,L9/476,L9/478
9,408,L9/478,L9/479
9,408,L9/479,L9/464
9,408,L9/464,L8/232
9,408,L8/232,L7/116
9,408,L7/116,L6/58
9,408,L6/58,L7/117
9,408,L7/117,L8/234
9,408,L8/234,L9/468
9,408,L9/468,L9/421
9,408,L9/421,L8/210
9,408,L8/210,L7/105
9,408,L7/105,L6/52
9,408,L6/52,L6/55
9,408,L6/55,L7/111
9,408,L7/111,L8/222
9,408,L8/222,L9/445
9,408,L9/445,L9/402
9,408,L9/402,L9/400
9,408,L9/400,L9/401
9,408,L9/401,L9/406
9,408,L9/406,L9/405
9,408,L9/405,L9/408
9,409,L9/766,L9/745
9,409,L9/745,L8/372
9,409,L8/372,L8/248
9,409,L8/248,L9/497
9,409,L9/497,L9/501
9,409,L9/501,L9/502
9,409,L9/502,L9/503
9,409,L9/503,L9/488
9,409,L9/488,L9/490
9,409,L9/490,L9/491
9,409,L9/491,L9/476
9,409,L9/476,L9/478
9,409,L9/478,L9/479
9,409,L9/479,L9/464
9,409,L9/464,L8/232
9,409,L8/232,L7/116
9,409,L7/116,L6/58
9,409,L6/58,L7/117
9,409,L7/117,L8/234
9,409,L8/234,L9/468
9,409,L9/468,L9/421
9,409,L9/421,L8/210
9,409,L8/210,L7/105
9,409,L7/105,L6/52
9,409,L6/52,L6/55
9,409,L6/55,L7/111
9,409,L7/111,L8/222
9,409,L8/222,L9/445
9,409,L9/445,L9/402
9,409,L9/402,L9/400
9,409,L9/400,L9/401
9,409,L9/401,L9/406
9,409,L9/406,L9/405
9,409,L9/405,L9/408
9,409,L9/408,L9/409
9,410,L9/766,L9/745
9,410,L9/745,L8/372
9,410,L8/372,L8/248
9,410,L8/248,L9/497
9,410,L9/497,L9/501
9,410,L9/501,L9/502
9,410,L9/502,L9/503
9,410,L9/503,L9/488
9,410,L9/488,L9/490
9,410,L9/490,L9/491
9,410,L9/491,L9/476
9,410,L9/476,L9/478
9,410,L9/478,L9/479
9,410,L9/479,L9/464
9,410,L9/464,L8/232
9,410,L8/232,L7/116
9,410,L7/116,L6/58
9,410,L6/58,L7/117
9,410,L7/117,L8/234
9,410,L8/234,L9/468
9,410,L9/468,L9/421
9,410,L9/421,L8/210
9,410,L8/210,L7/105
9,410,L7/105,L6/52
9,410,L6/52,L6/55
9,410,L6/55,L7/111
9,410,L7/111,L8/222
9,410,L8/222,L9/445
9,410,L9/445,L9/402
9,410,L9/402,L9/400
9,410,L9/400,L9/401
9,410,L9/401,L9/406
9,410,L9/406,L9/405
9,410,L9/405,L9/408
9,410,L9/408,L9/410
9,411,L9/766,L9/745
9,411,L9/745,L8/372
9,411,L8/372,L8/248
9,411,L8/248,L9/497
9,411,L9/497,L9/501
9,411,L9/501,L9/502
9,411,L9/502,L9/503
9,411,L9/503,L9/488
9,411,L9/488,L9/490
9,411,L9/490,L9/491
9,411,L9/491,L9/476
9,411,L9/476,L9/478
9,411,L9/478,L9/479
9,411,L9/479,L9/464
9,411,L9/464,L8/232
9,411,L8/232,L7/116
9,411,L7/116,L6/58
9,411,L6/58,L7/117
9,411,L7/117,L8/234
9,411,L8/234,L9/468
9,411,L9/468,L9/421
9,411,L9/421,L8/210
9,411,L8/210,L7/105
9,411,L7/105,L6/52
9,411,L6/52,L6/55
9,411,L6/55,L7/111
9,411,L7/111,L8/222
9,411,L8/222,L9/445
9,411,L9/445,L9/402
9,411,L9/402,L9/400
9,411,L9/400,L9/401
9,411,L9/401,L9/406
9,411,L9/406,L9/405
9,411,L9/405,L9/408
9,411,L9/408,L9/411
9,412,L9/766,L9/745
9,412,L9/745,L8/372
9,412,L8/372,L8/248
9,412,L8/248,L9/497
9,412,L9/497,L9/501
9,412,L9/501,L9/502
9,412,L9/502,L9/503
9,412,L9/503,L9/488
9,412,L9/488,L9/490
9,412,L9/490,L9/491
9,412,L9/491,L9/476
9,412,L9/476,L9/478
9,412,L9/478,L9/479
9,412,L9/479,L9/464
9,412,L9/464,L8/232
9,412,L8/232,L7/116
9,412,L7/116,L6/58
9,412,L6/58,L7/117
9,412,L7/117,L8/234
9,412,L8/234,L9/468
9,412,L9/468,L9/421
9,412,L9/421,L8/210
9,412,L8/210,L7/105
9,412,L7/105,L6/52
9,412,L6/52,L6/55
9,412,L6/55,L7/111
9,412,L7/111,L8/222
9,412,L8/222,L9/445
9,412,L9/445,L9/402
9,412,L9/402,L9/400
9,412,L9/400,L9/401
9,412,L9/401,L9/406
9,412,L9/406,L9/405
9,412,L9/405,L9/408
9,412,L9/408,L9/410
9,412,L9/410,L8/205
9,412,L8/205,L8/206
9,412,L8/206,L9/412
9,413,L9/766,L9/745
9,413,L9/745,L8/372
9,413,L8/372,L8/248
9,413,L8/248,L9/497
9,413,L9/497,L9/501
9,413,L9/501,L9/502
9,413,L9/502,L9/503
9,413,L9/503,L9/488
9,413,L9/488,L9/490
9,413,L9/490,L9/491
9,413,L9/491,L9/476
9,413,L9/476,L9/478
9,413,L9/478,L9/479
9,413,L9/479,L9/464
9,413,L9/464,L8/232
9,413,L8/232,L7/116
9,413,L7/116,L6/58
9,413,L6/58,L7/117
9,413,L7/117,L8/234
9,413,L8/234,L9/468
9,413,L9/468,L9/421
9,413,L9/421,L8/210
9,413,L8/210,L7/105
9,413,L7/105,L6/52
9,413,L6/52,L6/55
9,413,L6/55,L7/111
9,413,L7/111,L8/222
9,413,L8/222,L9/445
9,413,L9/445,L9/402
9,413,L9/402,L9/400
9,413,L9/400,L9/401
9,413,L9/401,L9/406
9,413,L9/406,L9/405
9,413,L9/405,L9/408
9,413,L9/408,L9/410
9,413,L9/410,L8/205
9,413,L8/205,L8/206
9,413,L8/206,L9/413
9,414,L9/766,L9/745
9,414,L9/745,L8/372
9,414,L8/372,L8/248
9,414,L8/248,L9/497
9,414,L9/497,L9/501
9,414,L9/501,L9/502
9,414,L9/502,L9/503
9,414,L9/503,L9/488
9,414,L9/488,L9/490
9,414,L9/490,L9/491
9,414,L9/491,L9/476
9,414,L9/476,L9/478
9,414,L9/478,L9/479
9,414,L9/479,L9/464
9,414,L9/464,L8/232
9,414,L8/232,L7/116
9,414,L7/116,L6/58
9,414,L6/58,L7/117
9,414,L7/117,L8/234
9,414,L8/234,L9/468
9,414,L9/468,L9/421
9,414,L9/421,L8/210
9,414,L8/210,L7/105
9,414,L7/105,L6/52
9,414,L6/52,L6/55
9,414,L6/55,L7/111
9,414,L7/111,L8/222
9,414,L8/222,L9/445
9,414,L9/445,L9/402
9,414,L9/402,L9/400
9,414,L9/400,L9/401
9,414,L9/401,L9/406
9,414,L9/406,L9/405
9,414,L9/405,L9/408
9,414,L9/408,L8/204
9,414,L8/204,L8/207
9,414,L8/207,L9/414
9,415,L9/766,L9/745
9,415,L9/745,L8/372
9,415,L8/372,L8/248
9,415,L8/248,L9/497
9,415,L9/497,L9/501
9,415,L9/501,L9/502
9,415,L9/502,L9/503
9,415,L9/503,L9/488
9,415,L9/488,L9/490
9,415,L9/490,L9/491
9,415,L9/491,L9/476
9,415,L9/476,L9/478
9,415,L9/478,L9/479
9,415,L9/479,L9/464
9,415,L9/464,L8/232
9,415,L8/232,L7/116
9,415,L7/116,L6/58
9,415,L6/58,L7/117
9,415,L7/117,L8/234
9,415,L8/234,L9/468
9,415,L9/468,L9/421
9,415,L9/421,L8/210
9,415,L8/210,L7/105
9,415,L7/105,L6/52
9,415,L6/52,L6/55
9,415,L6/55,L7/111
9,415,L7/111,L8/222
9,415,L8/222,L9/445
9,415,L9/445,L9/402
9,415,L9/402,L9/400
9,415,L9/400,L9/401
9,415,L9/401,L9/406
9,415,L9/406,L9/405
9,415,L9/405,L9/408
9,415,L9/408,L8/204
9,415,L8/204,L8/207
9,415,L8/207,L9/415
9,416,L9/766,L9/745
9,416,L9/745,L8/372
9,416,L8/372,L8/248
9,416,L8/248,L9/497
9,416,L9/497,L9/501
9,416,L9/501,L9/502
9,416,L9/502,L9/503
9,416,L9/503,L9/488
9,416,L9/488,L9/490
9,416,L9/490,L9/491
9,416,L9/491,L9/476
9,416,L9/476,L9/478
9,416,L9/478,L9/479
9,416,L9/479,L9/464
9,416,L9/464,L8/232
9,416,L8/232,L7/116
9,416,L7/116,L6/58
9,416,L6/58,L7/117
9,416,L7/117,L8/235
9,416,L8/235,L9/470
9,416,L9/470,L9/416
9,417,L9/766,L9/745
9,417,L9/745,L8/372
9,417,L8/372,L8/248
9,417,L8/248,L9/497
9,417,L9/497,L9/501
9,417,L9/501,L9/502
9,417,L9/502,L9/503
9,417,L9/503,L9/488
9,417,L9/488,L9/490
9,417,L9/490,L9/491
9,417,L9/491,L9/476
9,417,L9/476,L9/478
9,417,L9/478,L9/479
9,417,L9/479,L9/464
9,417,L9/464,L8/232
9,417,L8/232,L7/116
9,417,L7/116,L6/58
9,417,L6/58,L7/117
9,417,L7/117,L8/235
9,417,L8/235,L9/470
9,417,L9/470,L9/416
9,417,L9/416,L9/417
9,418,L9/766,L9/745
9,418,L9/745,L8/372
9,418,L8/372,L8/248
9,418,L8/248,L9/497
9,418,L9/497,L9/501
9,418,L9/501,L9/502
9,418,L9/502,L9/503
9,418,L9/503,L9/488
9,418,L9/488,L9/490
9,418,L9/490,L9/491
9,418,L9/491,L9/476
9,418,L9/476,L9/478
9,418,L9/478,L9/479
9,418,L9/479,L9/464
9,418,L9/464,L8/232
9,418,L8/232,L7/116
9,418,L7/116,L6/58
9,418,L6/58,L7/117
9,418,L7/117,L8/235
9,418,L8/235,L9/470
9,418,L9/470,L9/416
9,418,L9/416,L9/417
9,418,L9/417,L9/418
9,419,L9/766,L9/745
9,419,L9/745,L8/372
9,419,L8/372,L8/248
9,419,L8/248,L9/497
9,419,L9/497,L9/501
9,419,L9/501,L9/502
9,419,L9/502,L9/503
9,419,L9/503,L9/488
9,419,L9/488,L9/490
9,419,L9/490,L9/491
9,419,L9/491,L9/476
9,419,L9/476,L9/478
9,419,L9/478,L9/479
9,419,L9/479,L9/464
9,419,L9/464,L8/232
9,419,L8/232,L7/116
9,419,L7/116,L6/58
9,419,L6/58,L7/117
9,419,L7/117,L8/234
9,419,L8/234,L9/468
9,419,L9/468,L9/421
9,419,L9/421,L9/420
9,419,L9/420,L9/422
9,419,L9/422,L9/419
9,420,L9/766,L9/745
9,420,L9/745,L8/372
9,420,L8/372,L8/248
9,420,L8/248,L9/497
9,420,L9/497,L9/501
9,420,L9/501,L9/502
9,420,L9/502,L9/503
9,420,L9/503,L9/488
9,420,L9/488,L9/490
9,420,L9/490,L9/491
9,420,L9/491,L9/476
9,420,L9/476,L9/478
9,420,L9/478,L9/479
9,420,L9/479,L9/464
9,420,L9/464,L8/232
9,420,L8/232,L7/116
9,420,L7/116,L6/58
9,420,L6/58,L7/117
9,420,L7/117,L8/234
9,420,L8/234,L9/468
9,420,L9/468,L9/421
9,420,L9/421,L9/420
9,421,L9/766,L9/745
9,421,L9/745,L8/372
9,421,L8/372,L8/248
9,421,L8/248,L9/497
9,421,L9/497,L9/501
9,421,L9/501,L9/502
9,421,L9/502,L9/503
9,421,L9/503,L9/488
9,421,L9/488,L9/490
9,421,L9/490,L9/491
9,421,L9/491,L9/476
9,421,L9/476,L9/478
9,421,L9/478,L9/479
9,421,L9/479,L9/464
9,421,L9/464,L8/232
9,421,L8/232,L7/116
9,421,L7/116,L6/58
9,421,L6/58,L7/117
9,421,L7/117,L8/234
9,421,L8/234,L9/468
9,421,L9/468,L9/421
9,422,L9/766,L9/745
9,422,L9/745,L8/372
9,422,L8/372,L8/248
9,422,L8/248,L9/497
9,422,L9/497,L9/501
9,422,L9/501,L9/502
9,422,L9/502,L9/503
9,422,L9/503,L9/488
9,422,L9/488,L9/490
9,422,L9/490,L9/491
9,422,L9/491,L9/476
9,422,L9/476,L9/478
9,422,L9/478,L9/479
9,422,L9/479,L9/464
9,422,L9/464,L8/232
9,422,L8/232,L7/116
9,422,L7/116,L6/58
9,422,L6/58,L7/117
9,422,L7/117,L8/234
9,422,L8/234,L9/468
9,422,L9/468,L9/421
9,422,L9/421,L9/420
9,422,L9/420,L9/422
9,423,L9/766,L9/745
9,423,L9/745,L8/372
9,423,L8/372,L8/248
9,423,L8/248,L9/497
9,423,L9/497,L9/501
9,423,L9/501,L9/502
9,423,L9/502,L9/503
9,423,L9/503,L9/488
9,423,L9/488,L9/490
9,423,L9/490,L9/491
9,423,L9/491,L9/476
9,423,L9/476,L9/478
9,423,L9/478,L9/479
9,423,L9/479,L9/464
9,423,L9/464,L8/232
9,423,L8/232,L7/116
9,423,L7/116,L6/58
9,423,L6/58,L7/117
9,423,L7/117,L8/234
9,423,L8/234,L9/468
9,423,L9/468,L9/421
9,423,L9/421,L9/423
9,424,L9/766,L9/745
9,424,L9/745,L8/372
9,424,L8/372,L8/248
9,424,L8/248,L9/497
9,424,L9/497,L9/501
9,424,L9/501,L9/502
9,424,L9/502,L9/503
9,424,L9/503,L9/488
9,424,L9/488,L9/490
9,424,L9/490,L9/491
9,424,L9/491,L9/476
9,424,L9/476,L9/478
9,424,L9/478,L9/479
9,424,L9/479,L9/464
9,424,L9/464,L8/232
9,424,L8/232,L7/116
9,424,L7/116,L6/58
9,424,L6/58,L7/117
9,424,L7/117,L8/234
9,424,L8/234,L9/468
9,424,L9/468,L9/421
9,424,L9/421,L9/420
9,424,L9/420,L9/422
9,424,L9/422,L9/419
9,424,L9/419,L9/431
9,424,L9/431,L9/424
9,425,L9/766,L9/745
9,425,L9/745,L8/372
9,425,L8/372,L8/248
9,425,L8/248,L9/497
9,425,L9/497,L9/501
9,425,L9/501,L9/502
9,425,L9/502,L9/503
9,425,L9/503,L9/488
9,425,L9/488,L9/490
9,425,L9/490,L9/491
9,425,L9/491,L9/476
9,425,L9/476,L9/478
9,425,L9/478,L9/479
9,425,L9/479,L9/464
9,425,L9/464,L8/232
9,425,L8/232,L7/116
9,425,L7/116,L6/58
9,425,L6/58,L7/117
9,425,L7/117,L8/234
9,425,L8/234,L9/468
9,425,L9/468,L9/421
9,425,L9/421,L9/420
9,425,L9/420,L9/422
9,425,L9/422,L9/419
9,425,L9/419,L9/431
9,425,L9/431,L9/425
9,426,L9/766,L9/745
9,426,L9/745,L8/372
9,426,L8/372,L8/248
9,426,L8/248,L9/497
9,426,L9/497,L9/501
9,426,L9/501,L9/502
9,426,L9/502,L9/503
9,426,L9/503,L9/488
9,426,L9/488,L9/490
9,426,L9/490,L9/491
9,426,L9/491,L9/476
9,426,L9/476,L9/478
9,426,L9/478,L9/479
9,426,L9/479,L9/464
9,426,L9/464,L8/232
9,426,L8/232,L7/116
9,426,L7/116,L6/58
9,426,L6/58,L7/117
9,426,L7/117,L8/234
9,426,L8/234,L9/468
9,426,L9/468,L9/421
9,426,L9/421,L9/420
9,426,L9/420,L9/422
9,426,L9/422,L9/419
9,426,L9/419,L9/431
9,426,L9/431,L9/424
9,426,L9/424,L9/426
9,427,L9/766,L9/745
9,427,L9/745,L8/372
9,427,L8/372,L8/248
9,427,L8/248,L9/497
9,427,L9/497,L9/501
9,427,L9/501,L9/502
9,427,L9/502,L9/503
9,427,L9/503,L9/488
9,427,L9/488,L9/490
9,427,L9/490,L9/491
9,427,L9/491,L9/476
9,427,L9/476,L9/478
9,427,L9/478,L9/479
9,427,L9/479,L9/464
9,427,L9/464,L8/232
9,427,L8/232,L7/116
9,427,L7/116,L6/58
9,427,L6/58,L7/117
9,427,L7/117,L8/234
9,427,L8/234,L9/468
9,427,L9/468,L9/421
9,427,L9/421,L9/420
9,427,L9/420,L9/422
9,427,L9/422,L9/419
9,427,L9/419,L9/431
9,427,L9/431,L9/425
9,427,L9/425,L9/427
9,428,L9/766,L9/745
9,428,L9/745,L8/372
9,428,L8/372,L8/248
9,428,L8/248,L9/497
9,428,L9/497,L9/501
9,428,L9/501,L9/502
9,428,L9/502,L9/503
9,428,L9/503,L9/488
9,428,L9/488,L9/490
9,428,L9/490,L9/491
9,428,L9/491,L9/476
9,428,L9/476,L9/478
9,428,L9/478,L9/479
9,428,L9/479,L9/464
9,428,L9/464,L8/232
9,428,L8/232,L7/116
9,428,L7/116,L6/58
9,428,L6/58,L7/117
9,428,L7/117,L8/235
9,428,L8/235,L9/470
9,428,L9/470,L9/416
9,428,L9/416,L9/428
9,429,L9/766,L9/745
9,429,L9/745,L8/372
9,429,L8/372,L8/248
9,429,L8/248,L9/497
9,429,L9/497,L9/501
9,429,L9/501,L9/502
9,429,L9/502,L9/503
9,429,L9/503,L9/488
9,429,L9/488,L9/490
9,429,L9/490,L9/491
9,429,L9/491,L9/476
9,429,L9/476,L9/478
9,429,L9/478,L9/479
9,429,L9/479,L9/464
9,429,L9/464,L8/232
9,429,L8/232,L7/116
9,429,L7/116,L6/58
9,429,L6/58,L7/117
9,429,L7/117,L8/235
9,429,L8/235,L9/470
9,429,L9/470,L9/416
9,429,L9/416,L9/428
9,429,L9/428,L9/429
9,430,L9/766,L9/745
9,430,L9/745,L8/372
9,430,L8/372,L8/248
9,430,L8/248,L9/497
9,430,L9/497,L9/501
9,430,L9/501,L9/502
9,430,L9/502,L9/503
9,430,L9/503,L9/488
9,430,L9/488,L9/490
9,430,L9/490,L9/491
9,430,L9/491,L9/476
9,430,L9/476,L9/478
9,430,L9/478,L9/479
9,430,L9/479,L9/464
9,430,L9/464,L8/232
9,430,L8/232,L7/116
9,430,L7/116,L6/58
9,430,L6/58,L7/117
9,430,L7/117,L8/234
9,430,L8/234,L9/468
9,430,L9/468,L9/421
9,430,L9/421,L9/420
9,430,L9/420,L9/422
9,430,L9/422,L9/419
9,430,L9/419,L9/431
9,430,L9/431,L9/430
9,431,L9/766,L9/745
9,431,L9/745,L8/372
9,431,L8/372,L8/248
9,431,L8/248,L9/497
9,431,L9/497,L9/501
9,431,L9/501,L9/502
9,431,L9/502,L9/503
9,431,L9/503,L9/488
9,431,L9/488,L9/490
9,431,L9/490,L9/491
9,431,L9/491,L9/476
9,431,L9/476,L9/478
9,431,L9/478,L9/479
9,431,L9/479,L9/464
9,431,L9/464,L8/232
9,431,L8/232,L7/116
9,431,L7/116,L6/58
9,431,L6/58,L7/117
9,431,L7/117,L8/234
9,431,L8/234,L9/468
9,431,L9/468,L9/421
9,431,L9/421,L9/420
9,431,L9/420,L9/422
9,431,L9/422,L9/419
9,431,L9/419,L9/431
9,432,L9/766,L9/745
9,432,L9/745,L8/372
9,432,L8/372,L8/248
9,432,L8/248,L9/497
9,432,L9/497,L9/501
9,432,L9/501,L9/502
9,432,L9/502,L9/503
9,432,L9/503,L9/488
9,432,L9/488,L9/490
9,432,L9/490,L9/491
9,432,L9/491,L9/476
9,432,L9/476,L9/478
9,432,L9/478,L9/479
9,432,L9/479,L9/464
9,432,L9/464,L8/232
9,432,L8/232,L7/116
9,432,L7/116,L6/58
9,432,L6/58,L7/117
9,432,L7/117,L8/234
9,432,L8/234,L9/468
9,432,L9/468,L9/421
9,432,L9/421,L8/210
9,432,L8/210,L7/105
9,432,L7/105,L6/52
9,432,L6/52,L6/55
9,432,L6/55,L7/110
9,432,L7/110,L8/221
9,432,L8/221,L9/442
9,432,L9/442,L9/432
9,433,L9/766,L9/745
9,433,L9/745,L8/372
9,433,L8/372,L8/248
9,433,L8/248,L9/497
9,433,L9/497,L9/501
9,433,L9/501,L9/502
9,433,L9/502,L9/503
9,433,L9/503,L9/488
9,433,L9/488,L9/490
9,433,L9/490,L9/491
9,433,L9/491,L9/476
9,433,L9/476,L9/478
9,433,L9/478,L9/479
9,433,L9/479,L9/464
9,433,L9/464,L8/232
9,433,L8/232,L7/116
9,433,L7/116,L6/58
9,433,L6/58,L7/117
9,433,L7/117,L8/234
9,433,L8/234,L9/468
9,433,L9/468,L9/421
9,433,L9/421,L8/210
9,433,L8/210,L7/105
9,433,L7/105,L6/52
9,433,L6/52,L6/55
9,433,L6/55,L7/110
9,433,L7/110,L8/221
9,433,L8/221,L9/442
9,433,L9/442,L9/433
9,434,L9/766,L9/745
9,434,L9/745,L8/372
9,434,L8/372,L8/248
9,434,L8/248,L9/497
9,434,L9/497,L9/501
9,434,L9/501,L9/502
9,434,L9/502,L9/503
9,434,L9/503,L9/488
9,434,L9/488,L9/490
9,434,L9/490,L9/491
9,434,L9/491,L9/476
9,434,L9/476,L9/478
9,434,L9/478,L9/479
9,434,L9/479,L9/464
9,434,L9/464,L8/232
9,434,L8/232,L7/116
9,434,L7/116,L6/58
9,434,L6/58,L7/117
9,434,L7/117,L8/234
9,434,L8/234,L9/468
9,434,L9/468,L9/421
9,434,L9/421,L8/210
9,434,L8/210,L7/105
9,434,L7/105,L6/52
9,434,L6/52,L6/55
9,434,L6/55,L7/110
9,434,L7/110,L8/221
9,434,L8/221,L9/442
9,434,L9/442,L9/433
9,434,L9/433,L9/434
9,435,L9/766,L9/745
9,435,L9/745,L8/372
9,435,L8/372,L8/248
9,435,L8/248,L9/497
9,435,L9/497,L9/501
9,435,L9/501,L9/502
9,435,L9/502,L9/503
9,435,L9/503,L9/488
9,435,L9/488,L9/490
9,435,L9/490,L9/491
9,435,L9/491,L9/476
9,435,L9/476,L9/478
9,435,L9/478,L9/479
9,435,L9/479,L9/464
9,435,L9/464,L8/232
9,435,L8/232,L7/116
9,435,L7/116,L6/58
9,435,L6/58,L7/117
9,435,L7/117,L8/234
9,435,L8/234,L9/468
9,435,L9/468,L9/421
9,435,L9/421,L8/210
9,435,L8/210,L7/105
9,435,L7/105,L6/52
9,435,L6/52,L6/55
9,435,L6/55,L7/110
9,435,L7/110,L8/221
9,435,L8/221,L9/442
9,435,L9/442,L9/432
9,435,L9/432,L9/435
9,436,L9/766,L9/745
9,436,L9/745,L8/372
9,436,L8/372,L8/248
9,436,L8/248,L9/497
9,436,L9/497,L9/501
9,436,L9/501,L9/502
9,436,L9/502,L9/503
9,436,L9/503,L9/488
9,436,L9/488,L9/490
9,436,L9/490,L9/491
9,436,L9/491,L9/476
9,436,L9/476,L9/478
9,436,L9/478,L9/479
9,436,L9/479,L9/464
9,436,L9/464,L8/232
9,436,L8/232,L7/116
9,436,L7/116,L6/58
9,436,L6/58,L7/117
9,436,L7/117,L8/234
9,436,L8/234,L9/468
9,436,L9/468,L9/421
9,436,L9/421,L8/210
9,436,L8/210,L7/105
9,436,L7/105,L6/52
9,436,L6/52,L6/55
9,436,L6/55,L7/111
9,436,L7/111,L8/222
9,436,L8/222,L9/444
9,436,L9/444,L9/439
9,436,L9/439,L9/437
9,436,L9/437,L9/436
9,437,L9/766,L9/745
9,437,L9/745,L8/372
9,437,L8/372,L8/248
9,437,L8/248,L9/497
9,437,L9/497,L9/501
9,437,L9/501,L9/502
9,437,L9/502,L9/503
9,437,L9/503,L9/488
9,437,L9/488,L9/490
9,437,L9/490,L9/491
9,437,L9/491,L9/476
9,437,L9/476,L9/478
9,437,L9/478,L9/479
9,437,L9/479,L9/464
9,437,L9/464,L8/232
9,437,L8/232,L7/116
9,437,L7/116,L6/58
9,437,L6/58,L7/117
9,437,L7/117,L8/234
9,437,L8/234,L9/468
9,437,L9/468,L9/421
9,437,L9/421,L8/210
9,437,L8/210,L7/105
9,437,L7/105,L6/52
9,437,L6/52,L6/55
9,437,L6/55,L7/111
9,437,L7/111,L8/222
9,437,L8/222,L9/444
9,437,L9/444,L9/439
9,437,L9/439,L9/437
9,438,L9/766,L9/745
9,438,L9/745,L8/372
9,438,L8/372,L8/248
9,438,L8/248,L9/497
9,438,L9/497,L9/501
9,438,L9/501,L9/502
9,438,L9/502,L9/503
9,438,L9/503,L9/488
9,438,L9/488,L9/490
9,438,L9/490,L9/491
9,438,L9/491,L9/476
9,438,L9/476,L9/478
9,438,L9/478,L9/479
9,438,L9/479,L9/464
9,438,L9/464,L8/232
9,438,L8/232,L7/116
9,438,L7/116,L6/58
9,438,L6/58,L7/117
9,438,L7/117,L8/234
9,438,L8/234,L9/468
9,438,L9/468,L9/421
9,438,L9/421,L8/210
9,438,L8/210,L7/105
9,438,L7/105,L6/52
9,438,L6/52,L6/55
9,438,L6/55,L7/111
9,438,L7/111,L8/222
9,438,L8/222,L9/444
9,438,L9/444,L9/439
9,438,L9/439,L9/438
9,439,L9/766,L9/745
9,439,L9/745,L8/372
9,439,L8/372,L8/248
9,439,L8/248,L9/497
9,439,L9/497,L9/501
9,439,L9/501,L9/502
9,439,L9/502,L9/503
9,439,L9/503,L9/488
9,439,L9/488,L9/490
9,439,L9/490,L9/491
9,439,L9/491,L9/476
9,439,L9/476,L9/478
9,439,L9/478,L9/479
9,439,L9/479,L9/464
9,439,L9/464,L8/232
9,439,L8/232,L7/116
9,439,L7/116,L6/58
9,439,L6/58,L7/117
9,439,L7/117,L8/234
9,439,L8/234,L9/468
9,439,L9/468,L9/421
9,439,L9/421,L8/210
9,439,L8/210,L7/105
9,439,L7/105,L6/52
9,439,L6/52,L6/55
9,439,L6/55,L7/111
9,439,L7/111,L8/222
9,439,L8/222,L9/444
9,439,L9/444,L9/439
9,440,L9/766,L9/745
9,440,L9/745,L8/372
9,440,L8/372,L8/248
9,440,L8/248,L9/497
9,440,L9/497,L9/501
9,440,L9/501,L9/502
9,440,L9/502,L9/503
9,440,L9/503,L9/488
9,440,L9/488,L9/490
9,440,L9/490,L9/491
9,440,L9/491,L9/476
9,440,L9/476,L9/478
9,440,L9/478,L9/479
9,440,L9/479,L9/464
9,440,L9/464,L8/232
9,440,L8/232,L7/116
9,440,L7/116,L6/58
9,440,L6/58,L7/117
9,440,L7/117,L8/234
9,440,L8/234,L9/468
9,440,L9/468,L9/421
9,440,L9/421,L8/210
9,440,L8/210,L7/105
9,440,L7/105,L6/52
9,440,L6/52,L6/55
9,440,L6/55,L7/110
9,440,L7/110,L8/220
9,440,L8/220,L9/440
9,441,L9/766,L9/745
9,441,L9/745,L8/372
9,441,L8/372,L8/248
9,441,L8/248,L9/497
9,441,L9/497,L9/501
9,441,L9/501,L9/502
9,441,L9/502,L9/503
9,441,L9/503,L9/488
9,441,L9/488,L9/490
9,441,L9/490,L9/491
9,441,L9/491,L9/476
9,441,L9/476,L9/478
9,441,L9/478,L9/479
9,441,L9/479,L9/464
9,441,L9/464,L8/232
9,441,L8/232,L7/116
9,441,L7/116,L6/58
9,441,L6/58,L7/117
9,441,L7/117,L8/234
9,441,L8/234,L9/468
9,441,L9/468,L9/421
9,441,L9/421,L8/210
9,441,L8/210,L7/105
9,441,L7/105,L6/52
9,441,L6/52,L6/55
9,441,L6/55,L7/110
9,441,L7/110,L8/220
9,441,L8/220,L9/441
9,442,L9/766,L9/745
9,442,L9/745,L8/372
9,442,L8/372,L8/248
9,442,L8/248,L9/497
9,442,L9/497,L9/501
9,442,L9/501,L9/502
9,442,L9/502,L9/503
9,442,L9/503,L9/488
9,442,L9/488,L9/490
9,442,L9/490,L9/491
9,442,L9/491,L9/476
9,442,L9/476,L9/478
9,442,L9/478,L9/479
9,442,L9/479,L9/464
9,442,L9/464,L8/232
9,442,L8/232,L7/116
9,442,L7/116,L6/58
9,442,L6/58,L7/117
9,442,L7/117,L8/234
9,442,L8/234,L9/468
9,442,L9/468,L9/421
9,442,L9/421,L8/210
9,442,L8/210,L7/105
9,442,L7/105,L6/52
9,442,L6/52,L6/55
9,442,L6/55,L7/110
9,442,L7/110,L8/221
9,442,L8/221,L9/442
9,443,L9/766,L9/745
9,443,L9/745,L8/372
9,443,L8/372,L8/248
9,443,L8/248,L9/497
9,443,L9/497,L9/501
9,443,L9/501,L9/502
9,443,L9/502,L9/503
9,443,L9/503,L9/488
9,443,L9/488,L9/490
9,443,L9/490,L9/491
9,443,L9/491,L9/476
9,443,L9/476,L9/478
9,443,L9/478,L9/479
9,443,L9/479,L9/464
9,443,L9/464,L8/232
9,443,L8/232,L7/116
9,443,L7/116,L6/58
9,443,L6/58,L7/117
9,443,L7/117,L8/234
9,443,L8/234,L9/468
9,443,L9/468,L9/421
9,443,L9/421,L8/210
9,443,L8/210,L7/105
9,443,L7/105,L6/52
9,443,L6/52,L6/55
9,443,L6/55,L7/110
9,443,L7/110,L8/221
9,443,L8/221,L9/443
9,444,L9/766,L9/745
9,444,L9/745,L8/372
9,444,L8/372,L8/248
9,444,L8/248,L9/497
9,444,L9/497,L9/501
9,444,L9/501,L9/502
9,444,L9/502,L9/503
9,444,L9/503,L9/488
9,444,L9/488,L9/490
9,444,L9/490,L9/491
9,444,L9/491,L9/476
9,444,L9/476,L9/478
9,444,L9/478,L9/479
9,444,L9/479,L9/464
9,444,L9/464,L8/232
9,444,L8/232,L7/116
9,444,L7/116,L6/58
9,444,L6/58,L7/117
9,444,L7/117,L8/234
9,444,L8/234,L9/468
9,444,L9/468,L9/421
9,444,L9/421,L8/210
9,444,L8/210,L7/105
9,444,L7/105,L6/52
9,444,L6/52,L6/55
9,444,L6/55,L7/111
9,444,L7/111,L8/222
9,444,L8/222,L9/444
9,445,L9/766,L9/745
9,445,L9/745,L8/372
9,445,L8/372,L8/248
9,445,L8/248,L9/497
9,445,L9/497,L9/501
9,445,L9/501,L9/502
9,445,L9/502,L9/503
9,445,L9/503,L9/488
9,445,L9/488,L9/490
9,445,L9/490,L9/491
9,445,L9/491,L9/476
9,445,L9/476,L9/478
9,445,L9/478,L9/479
9,445,L9/479,L9/464
9,445,L9/464,L8/232
9,445,L8/232,L7/116
9,445,L7/116,L6/58
9,445,L6/58,L7/117
9,445,L7/117,L8/234
9,445,L8/234,L9/468
9,445,L9/468,L9/421
9,445,L9/421,L8/210
9,445,L8/210,L7/105
9,445,L7/105,L6/52
9,445,L6/52,L6/55
9,445,L6/55,L7/111
9,445,L7/111,L8/222
9,445,L8/222,L9/445
9,446,L9/766,L9/745
9,446,L9/745,L8/372
9,446,L8/372,L8/248
9,446,L8/248,L9/497
9,446,L9/497,L9/501
9,446,L9/501,L9/502
9,446,L9/502,L9/503
9,446,L9/503,L9/488
9,446,L9/488,L9/490
9,446,L9/490,L9/491
9,446,L9/491,L9/476
9,446,L9/476,L9/478
9,446,L9/478,L9/479
9,446,L9/479,L9/464
9,446,L9/464,L8/232
9,446,L8/232,L7/116
9,446,L7/116,L6/58
9,446,L6/58,L7/117
9,446,L7/117,L8/234
9,446,L8/234,L9/468
9,446,L9/468,L9/421
9,446,L9/421,L8/210
9,446,L8/210,L7/105
9,446,L7/105,L6/52
9,446,L6/52,L6/55
9,446,L6/55,L7/111
9,446,L7/111,L8/223
9,446,L8/223,L9/446
9,447,L9/766,L9/745
9,447,L9/745,L8/372
9,447,L8/372,L8/248
9,447,L8/248,L9/497
9,447,L9/497,L9/501
9,447,L9/501,L9/502
9,447,L9/502,L9/503
9,447,L9/503,L9/488
9,447,L9/488,L9/490
9,447,L9/490,L9/491
9,447,L9/491,L9/476
9,447,L9/476,L9/478
9,447,L9/478,L9/479
9,447,L9/479,L9/464
9,447,L9/464,L8/232
9,447,L8/232,L7/116
9,447,L7/116,L6/58
9,447,L6/58,L7/117
9,447,L7/117,L8/234
9,447,L8/234,L9/468
9,447,L9/468,L9/421
9,447,L9/421,L8/210
9,447,L8/210,L7/105
9,447,L7/105,L6/52
9,447,L6/52,L6/55
9,447,L6/55,L7/111
9,447,L7/111,L8/223
9,447,L8/223,L9/447
9,448,L9/766,L9/745
9,448,L9/745,L8/372
9,448,L8/372,L8/248
9,448,L8/248,L9/496
9,448,L9/496,L9/499
9,448,L9/499,L9/504
9,448,L9/504,L9/505
9,448,L9/505,L9/452
9,448,L9/452,L9/454
9,448,L9/454,L9/448
9,449,L9/766,L9/745
9,449,L9/745,L8/372
9,449,L8/372,L8/248
9,449,L8/248,L9/496
9,449,L9/496,L9/499
9,449,L9/499,L9/504
9,449,L9/504,L9/505
9,449,L9/505,L9/452
9,449,L9/452,L9/454
9,449,L9/454,L9/449
9,450,L9/766,L8/383
9,450,L8/383,L8/371
9,450,L8/371,L9/742
9,450,L9/742,L9/450
9,451,L9/766,L8/383
9,451,L8/383,L8/371
9,451,L8/371,L9/742
9,451,L9/742,L9/451
9,452,L9/766,L9/745
9,452,L9/745,L8/372
9,452,L8/372,L8/248
9,452,L8/248,L9/496
9,452,L9/496,L9/499
9,452,L9/499,L9/504
9,452,L9/504,L9/505
9,452,L9/505,L9/452
9,453,L9/766,L9/745
9,453,L9/745,L8/372
9,453,L8/372,L8/248
9,453,L8/248,L9/496
9,453,L9/496,L9/499
9,453,L9/499,L9/504
9,453,L9/504,L9/505
9,453,L9/505,L9/452
9,453,L9/452,L9/453
9,454,L9/766,L9/745
9,454,L9/745,L8/372
9,454,L8/372,L8/248
9,454,L8/248,L9/496
9,454,L9/496,L9/499
9,454,L9/499,L9/504
9,454,L9/504,L9/505
9,454,L9/505,L9/452
9,454,L9/452,L9/454
9,455,L9/766,L9/745
9,455,L9/745,L8/372
9,455,L8/372,L8/248
9,455,L8/248,L9/496
9,455,L9/496,L9/499
9,455,L9/499,L9/504
9,455,L9/504,L9/505
9,455,L9/505,L9/452
9,455,L9/452,L9/455
9,456,L9/766,L9/745
9,456,L9/745,L8/372
9,456,L8/372,L8/248
9,456,L8/248,L9/496
9,456,L9/496,L9/499
9,456,L9/499,L9/504
9,456,L9/504,L9/511
9,456,L9/511,L9/510
9,456,L9/510,L9/457
9,456,L9/457,L9/456
9,457,L9/766,L9/745
9,457,L9/745,L8/372
9,457,L8/372,L8/248
9,457,L8/248,L9/496
9,457,L9/496,L9/499
9,457,L9/499,L9/504
9,457,L9/504,L9/511
9,457,L9/511,L9/510
9,457,L9/510,L9/457
9,458,L9/766,L9/745
9,458,L9/745,L8/372
9,458,L8/372,L8/248
9,458,L8/248,L9/496
9,458,L9/496,L9/499
9,458,L9/499,L9/504
9,458,L9/504,L9/511
9,458,L9/511,L9/509
9,458,L9/509,L9/459
9,458,L9/459,L9/458
9,459,L9/766,L9/745
9,459,L9/745,L8/372
9,459,L8/372,L8/248
9,459,L8/248,L9/496
9,459,L9/496,L9/499
9,459,L9/499,L9/504
9,459,L9/504,L9/511
9,459,L9/511,L9/509
9,459,L9/509,L9/459
9,460,L9/766,L9/745
9,460,L9/745,L8/372
9,460,L8/372,L8/248
9,460,L8/248,L9/496
9,460,L9/496,L9/499
9,460,L9/499,L9/504
9,460,L9/504,L9/505
9,460,L9/505,L9/452
9,460,L9/452,L9/454
9,460,L9/454,L9/449
9,460,L9/449,L9/255
9,460,L9/255,L9/253
9,460,L9/253,L9/252
9,460,L9/252,L9/460
9,461,L9/766,L9/745
9,461,L9/745,L8/372
9,461,L8/372,L8/248
9,461,L8/248,L9/496
9,461,L9/496,L9/499
9,461,L9/499,L9/504
9,461,L9/504,L9/505
9,461,L9/505,L9/452
9,461,L9/452,L9/454
9,461,L9/454,L9/449
9,461,L9/449,L9/255
9,461,L9/255,L9/253
9,461,L9/253,L9/252
9,461,L9/252,L9/461
9,462,L9/766,L9/745
9,462,L9/745,L8/372
9,462,L8/372,L8/248
9,462,L8/248,L9/497
9,462,L9/497,L9/501
9,462,L9/501,L9/502
9,462,L9/502,L9/503
9,462,L9/503,L9/488
9,462,L9/488,L9/490
9,462,L9/490,L9/491
9,462,L9/491,L9/476
9,462,L9/476,L9/474
9,462,L9/474,L9/475
9,462,L9/475,L9/462
9,463,L9/766,L9/745
9,463,L9/745,L8/372
9,463,L8/372,L8/248
9,463,L8/248,L9/496
9,463,L9/496,L9/499
9,463,L9/499,L9/504
9,463,L9/504,L9/505
9,463,L9/505,L9/452
9,463,L9/452,L9/454
9,463,L9/454,L9/449
9,463,L9/449,L9/255
9,463,L9/255,L9/253
9,463,L9/253,L9/248
9,463,L9/248,L9/463
9,464,L9/766,L9/745
9,464,L9/745,L8/372
9,464,L8/372,L8/248
9,464,L8/248,L9/497
9,464,L9/497,L9/501
9,464,L9/501,L9/502
9,464,L9/502,L9/503
9,464,L9/503,L9/488
9,464,L9/488,L9/490
9,464,L9/490,L9/491
9,464,L9/491,L9/476
9,464,L9/476,L9/478
9,464,L9/478,L9/479
9,464,L9/479,L9/464
9,465,L9/766,L9/745
9,465,L9/745,L8/372
9,465,L8/372,L8/248
9,465,L8/248,L9/497
9,465,L9/497,L9/501
9,465,L9/501,L9/502
9,465,L9/502,L9/503
9,465,L9/503,L9/488
9,465,L9/488,L9/490
9,465,L9/490,L9/491
9,465,L9/491,L9/476
9,465,L9/476,L9/478
9,465,L9/478,L9/479
9,465,L9/479,L9/464
9,465,L9/464,L9/465
9,466,L9/766,L9/745
9,466,L9/745,L8/372
9,466,L8/372,L8/248
9,466,L8/248,L9/497
9,466,L9/497,L9/501
9,466,L9/501,L9/502
9,466,L9/502,L9/503
9,466,L9/503,L9/488
9,466,L9/488,L9/490
9,466,L9/490,L9/491
9,466,L9/491,L9/476
9,466,L9/476,L9/474
9,466,L9/474,L9/475
9,466,L9/475,L9/462
9,466,L9/462,L9/467
9,466,L9/467,L9/466
9,467,L9/766,L9/745
9,467,L9/745,L8/372
9,467,L8/372,L8/248
9,467,L8/248,L9/497
9,467,L9/497,L9/501
9,467,L9/501,L9/502
9,467,L9/502,L9/503
9,467,L9/503,L9/488
9,467,L9/488,L9/490
9,467,L9/490,L9/491
9,467,L9/491,L9/476
9,467,L9/476,L9/474
9,467,L9/474,L9/475
9,467,L9/475,L9/462
9,467,L9/462,L9/467
9,468,L9/766,L9/745
9,468,L9/745,L8/372
9,468,L8/372,L8/248
9,468,L8/248,L9/497
9,468,L9/497,L9/501
9,468,L9/501,L9/502
9,468,L9/502,L9/503
9,468,L9/503,L9/488
9,468,L9/488,L9/490
9,468,L9/490,L9/491
9,468,L9/491,L9/476
9,468,L9/476,L9/478
9,468,L9/478,L9/479
9,468,L9/479,L9/464
9,468,L9/464,L8/232
9,468,L8/232,L7/116
9,468,L7/116,L6/58
9,468,L6/58,L7/117
9,468,L7/117,L8/234
9,468,L8/234,L9/468
9,469,L9/766,L9/745
9,469,L9/745,L8/372
9,469,L8/372,L8/248
9,469,L8/248,L9/497
9,469,L9/497,L9/501
9,469,L9/501,L9/502
9,469,L9/502,L9/503
9,469,L9/503,L9/488
9,469,L9/488,L9/490
9,469,L9/490,L9/491
9,469,L9/491,L9/476
9,469,L9/476,L9/478
9,469,L9/478,L9/479
9,469,L9/479,L9/464
9,469,L9/464,L8/232
9,469,L8/232,L7/116
9,469,L7/116,L6/58
9,469,L6/58,L7/117
9,469,L7/117,L8/234
9,469,L8/234,L9/469
9,470,L9/766,L9/745
9,470,L9/745,L8/372
9,470,L8/372,L8/248
9,470,L8/248,L9/497
9,470,L9/497,L9/501
9,470,L9/501,L9/502
9,470,L9/502,L9/503
9,470,L9/503,L9/488
9,470,L9/488,L9/490
9,470,L9/490,L9/491
9,470,L9/491,L9/476
9,470,L9/476,L9/478
9,470,L9/478,L9/479
9,470,L9/479,L9/464
9,470,L9/464,L8/232
9,470,L8/232,L7/116
9,470,L7/116,L6/58
9,470,L6/58,L7/117
9,470,L7/117,L8/235
9,470,L8/235,L9/470
9,471,L9/766,L9/745
9,471,L9/745,L8/372
9,471,L8/372,L8/248
9,471,L8/248,L9/497
9,471,L9/497,L9/501
9,471,L9/501,L9/502
9,471,L9/502,L9/503
9,471,L9/503,L9/488
9,471,L9/488,L9/490
9,471,L9/490,L9/491
9,471,L9/491,L9/476
9,471,L9/476,L9/478
9,471,L9/478,L9/479
9,471,L9/479,L9/464
9,471,L9/464,L8/232
9,471,L8/232,L7/116
9,471,L7/116,L6/58
9,471,L6/58,L7/117
9,471,L7/117,L8/235
9,471,L8/235,L9/471
9,472,L9/766,L9/745
9,472,L9/745,L8/372
9,472,L8/372,L8/248
9,472,L8/248,L9/497
9,472,L9/497,L9/501
9,472,L9/501,L9/502
9,472,L9/502,L9/503
9,472,L9/503,L9/488
9,472,L9/488,L9/490
9,472,L9/490,L9/491
9,472,L9/491,L9/476
9,472,L9/476,L9/474
9,472,L9/474,L9/472
9,473,L9/766,L9/745
9,473,L9/745,L8/372
9,473,L8/372,L8/248
9,473,L8/248,L9/497
9,473,L9/497,L9/501
9,473,L9/501,L9/502
9,473,L9/502,L9/503
9,473,L9/503,L9/488
9,473,L9/488,L9/490
9,473,L9/490,L9/491
9,473,L9/491,L9/476
9,473,L9/476,L9/474
9,473,L9/474,L9/472
9,473,L9/472,L9/473
9,474,L9/766,L9/745
9,474,L9/745,L8/372
9,474,L8/372,L8/248
9,474,L8/248,L9/497
9,474,L9/497,L9/501
9,474,L9/501,L9/502
9,474,L9/502,L9/503
9,474,L9/503,L9/488
9,474,L9/488,L9/490
9,474,L9/490,L9/491
9,474,L9/491,L9/476
9,474,L9/476,L9/474
9,475,L9/766,L9/745
9,475,L9/745,L8/372
9,475,L8/372,L8/248
9,475,L8/248,L9/497
9,475,L9/497,L9/501
9,475,L9/501,L9/502
9,475,L9/502,L9/503
9,475,L9/503,L9/488
9,475,L9/488,L9/490
9,475,L9/490,L9/491
9,475,L9/491,L9/476
9,475,L9/476,L9/474
9,475,L9/474,L9/475
9,476,L9/766,L9/745
9,476,L9/745,L8/372
9,476,L8/372,L8/248
9,476,L8/248,L9/497
9,476,L9/497,L9/501
9,476,L9/501,L9/502
9,476,L9/502,L9/503
9,476,L9/503,L9/488
9,476,L9/488,L9/490
9,476,L9/490,L9/491
9,476,L9/491,L9/476
9,477,L9/766,L9/745
9,477,L9/745,L8/372
9,477,L8/372,L8/248
9,477,L8/248,L9/497
9,477,L9/497,L9/501
9,477,L9/501,L9/502
9,477,L9/502,L9/503
9,477,L9/503,L9/488
9,477,L9/488,L9/490
9,477,L9/490,L9/491
9,477,L9/491,L9/482
9,477,L9/482,L9/477
9,478,L9/766,L9/745
9,478,L9/745,L8/372
9,478,L8/372,L8/248
9,478,L8/248,L9/497
9,478,L9/497,L9/501
9,478,L9/501,L9/502
9,478,L9/502,L9/503
9,478,L9/503,L9/488
9,478,L9/488,L9/490
9,478,L9/490,L9/491
9,478,L9/491,L9/476
9,478,L9/476,L9/478
9,479,L9/766,L9/745
9,479,L9/745,L8/372
9,479,L8/372,L8/248
9,479,L8/248,L9/497
9,479,L9/497,L9/501
9,479,L9/501,L9/502
9,479,L9/502,L9/503
9,479,L9/503,L9/488
9,479,L9/488,L9/490
9,479,L9/490,L9/491
9,479,L9/491,L9/476
9,479,L9/476,L9/478
9,479,L9/478,L9/479
9,480,L9/766,L9/745
9,480,L9/745,L8/372
9,480,L8/372,L8/248
9,480,L8/248,L9/497
9,480,L9/497,L9/501
9,480,L9/501,L9/502
9,480,L9/502,L9/503
9,480,L9/503,L9/488
9,480,L9/488,L9/490
9,480,L9/490,L9/483
9,480,L9/483,L9/480
9,481,L9/766,L9/745
9,481,L9/745,L8/372
9,481,L8/372,L8/248
9,481,L8/248,L9/497
9,481,L9/497,L9/501
9,481,L9/501,L9/502
9,481,L9/502,L9/503
9,481,L9/503,L9/488
9,481,L9/488,L9/490
9,481,L9/490,L9/483
9,481,L9/483,L9/481
9,482,L9/766,L9/745
9,482,L9/745,L8/372
9,482,L8/372,L8/248
9,482,L8/248,L9/497
9,482,L9/497,L9/501
9,482,L9/501,L9/502
9,482,L9/502,L9/503
9,482,L9/503,L9/488
9,482,L9/488,L9/490
9,482,L9/490,L9/491
9,482,L9/491,L9/482
9,483,L9/766,L9/745
9,483,L9/745,L8/372
9,483,L8/372,L8/248
9,483,L8/248,L9/497
9,483,L9/497,L9/501
9,483,L9/501,L9/502
9,483,L9/502,L9/503
9,483,L9/503,L9/488
9,483,L9/488,L9/490
9,483,L9/490,L9/483
9,484,L9/766,L9/745
9,484,L9/745,L8/372
9,484,L8/372,L8/248
9,484,L8/248,L9/497
9,484,L9/497,L9/501
9,484,L9/501,L9/495
9,484,L9/495,L9/494
9,484,L9/494,L9/485
9,484,L9/485,L9/484
9,485,L9/766,L9/745
9,485,L9/745,L8/372
9,485,L8/372,L8/248
9,485,L8/248,L9/497
9,485,L9/497,L9/501
9,485,L9/501,L9/495
9,485,L9/495,L9/494
9,485,L9/494,L9/485
9,486,L9/766,L9/745
9,486,L9/745,L8/372
9,486,L8/372,L8/248
9,486,L8/248,L9/497
9,486,L9/497,L9/501
9,486,L9/501,L9/495
9,486,L9/495,L9/494
9,486,L9/494,L9/493
9,486,L9/493,L9/486
9,487,L9/766,L9/745
9,487,L9/745,L8/372
9,487,L8/372,L8/248
9,487,L8/248,L9/497
9,487,L9/497,L9/501
9,487,L9/501,L9/495
9,487,L9/495,L9/494
9,487,L9/494,L9/493
9,487,L9/493,L9/486
9,487,L9/486,L9/487
9,488,L9/766,L9/745
9,488,L9/745,L8/372
9,488,L8/372,L8/248
9,488,L8/248,L9/497
9,488,L9/497,L9/501
9,488,L9/501,L9/502
9,488,L9/502,L9/503
9,488,L9/503,L9/488
9,489,L9/766,L9/745
9,489,L9/745,L8/372
9,489,L8/372,L8/248
9,489,L8/248,L9/497
9,489,L9/497,L9/501
9,489,L9/501,L9/502
9,489,L9/502,L9/503
9,489,L9/503,L9/488
9,489,L9/488,L9/489
9,490,L9/766,L9/745
9,490,L9/745,L8/372
9,490,L8/372,L8/248
9,490,L8/248,L9/497
9,490,L9/497,L9/501
9,490,L9/501,L9/502
9,490,L9/502,L9/503
9,490,L9/503,L9/488
9,490,L9/488,L9/490
9,491,L9/766,L9/745
9,491,L9/745,L8/372
9,491,L8/372,L8/248
9,491,L8/248,L9/497
9,491,L9/497,L9/501
9,491,L9/501,L9/502
9,491,L9/502,L9/503
9,491,L9/503,L9/488
9,491,L9/488,L9/490
9,491,L9/490,L9/491
9,492,L9/766,L9/745
9,492,L9/745,L8/372
9,492,L8/372,L8/248
9,492,L8/248,L9/497
9,492,L9/497,L9/501
9,492,L9/501,L9/502
9,492,L9/502,L9/503
9,492,L9/503,L9/492
9,493,L9/766,L9/745
9,493,L9/745,L8/372
9,493,L8/372,L8/248
9,493,L8/248,L9/497
9,493,L9/497,L9/501
9,493,L9/501,L9/495
9,493,L9/495,L9/494
9,493,L9/494,L9/493
9,494,L9/766,L9/745
9,494,L9/745,L8/372
9,494,L8/372,L8/248
9,494,L8/248,L9/497
9,494,L9/497,L9/501
9,494,L9/501,L9/495
9,494,L9/495,L9/494
9,495,L9/766,L9/745
9,495,L9/745,L8/372
9,495,L8/372,L8/248
9,495,L8/248,L9/497
9,495,L9/497,L9/501
9,495,L9/501,L9/495
9,496,L9/766,L9/745
9,496,L9/745,L8/372
9,496,L8/372,L8/248
9,496,L8/248,L9/496
9,497,L9/766,L9/745
9,497,L9/745,L8/372
9,497,L8/372,L8/248
9,497,L8/248,L9/497
9,498,L9/766,L9/745
9,498,L9/745,L8/372
9,498,L8/372,L8/248
9,498,L8/248,L9/497
9,498,L9/497,L9/498
9,499,L9/766,L9/745
9,499,L9/745,L8/372
9,499,L8/372,L8/248
9,499,L8/248,L9/496
9,499,L9/496,L9/499
9,500,L9/766,L9/745
9,500,L9/745,L8/372
9,500,L8/372,L8/248
9,500,L8/248,L9/497
9,500,L9/497,L9/501
9,500,L9/501,L9/500
9,501,L9/766,L9/745
9,501,L9/745,L8/372
9,501,L8/372,L8/248
9,501,L8/248,L9/497
9,501,L9/497,L9/501
9,502,L9/766,L9/745
9,502,L9/745,L8/372
9,502,L8/372,L8/248
9,502,L8/248,L9/497
9,502,L9/497,L9/501
9,502,L9/501,L9/502
9,503,L9/766,L9/745
9,503,L9/745,L8/372
9,503,L8/372,L8/248
9,503,L8/248,L9/497
9,503,L9/497,L9/501
9,503,L9/501,L9/502
9,503,L9/502,L9/503
9,504,L9/766,L9/745
9,504,L9/745,L8/372
9,504,L8/372,L8/248
9,504,L8/248,L9/496
9,504,L9/496,L9/499
9,504,L9/499,L9/504
9,505,L9/766,L9/745
9,505,L9/745,L8/372
9,505,L8/372,L8/248
9,505,L8/248,L9/496
9,505,L9/496,L9/499
9,505,L9/499,L9/504
9,505,L9/504,L9/505
9,506,L9/766,L8/383
9,506,L8/383,L8/371
9,506,L8/371,L9/742
9,506,L9/742,L9/737
9,506,L9/737,L9/657
9,506,L9/657,L8/328
9,506,L8/328,L9/656
9,506,L9/656,L9/506
9,507,L9/766,L8/383
9,507,L8/383,L8/371
9,507,L8/371,L9/742
9,507,L9/742,L9/737
9,507,L9/737,L9/657
9,507,L9/657,L8/328
9,507,L8/328,L9/656
9,507,L9/656,L9/507
9,508,L9/766,L9/745
9,508,L9/745,L8/372
9,508,L8/372,L8/248
9,508,L8/248,L9/496
9,508,L9/496,L9/499
9,508,L9/499,L9/504
9,508,L9/504,L9/511
9,508,L9/511,L9/508
9,509,L9/766,L9/745
9,509,L9/745,L8/372
9,509,L8/372,L8/248
9,509,L8/248,L9/496
9,509,L9/496,L9/499
9,509,L9/499,L9/504
9,509,L9/504,L9/511
9,509,L9/511,L9/509
9,510,L9/766,L9/745
9,510,L9/745,L8/372
9,510,L8/372,L8/248
9,510,L8/248,L9/496
9,510,L9/496,L9/499
9,510,L9/499,L9/504
9,510,L9/504,L9/511
9,510,L9/511,L9/510
9,511,L9/766,L9/745
9,511,L9/745,L8/372
9,511,L8/372,L8/248
9,511,L8/248,L9/496
9,511,L9/496,L9/499
9,511,L9/499,L9/504
9,511,L9/504,L9/511
9,512,L9/766,L9/745
9,512,L9/745,L9/829
9,512,L9/829,L9/828
9,512,L9/828,L9/824
9,512,L9/824,L9/825
9,512,L9/825,L9/820
9,512,L9/820,L9/821
9,512,L9/821,L9/822
9,512,L9/822,L9/816
9,512,L9/816,L9/818
9,512,L9/818,L9/516
9,512,L9/516,L9/519
9,512,L9/519,L9/525
9,512,L9/525,L9/526
9,512,L9/526,L9/512
9,513,L9/766,L9/745
9,513,L9/745,L9/829
9,513,L9/829,L9/828
9,513,L9/828,L9/824
9,513,L9/824,L9/825
9,513,L9/825,L9/820
9,513,L9/820,L9/821
9,513,L9/821,L9/822
9,513,L9/822,L9/816
9,513,L9/816,L9/818
9,513,L9/818,L9/516
9,513,L9/516,L9/519
9,513,L9/519,L9/525
9,513,L9/525,L9/526
9,513,L9/526,L9/513
9,514,L9/766,L9/745
9,514,L9/745,L9/829
9,514,L9/829,L9/828
9,514,L9/828,L9/824
9,514,L9/824,L9/825
9,514,L9/825,L9/820
9,514,L9/820,L9/821
9,514,L9/821,L9/822
9,514,L9/822,L9/816
9,514,L9/816,L9/818
9,514,L9/818,L9/516
9,514,L9/516,L9/519
9,514,L9/519,L9/525
9,514,L9/525,L9/526
9,514,L9/526,L9/512
9,514,L9/512,L9/515
9,514,L9/515,L9/514
9,515,L9/766,L9/745
9,515,L9/745,L9/829
9,515,L9/829,L9/828
9,515,L9/828,L9/824
9,515,L9/824,L9/825
9,515,L9/825,L9/820
9,515,L9/820,L9/821
9,515,L9/821,L9/822
9,515,L9/822,L9/816
9,515,L9/816,L9/818
9,515,L9/818,L9/516
9,515,L9/516,L9/519
9,515,L9/519,L9/525
9,515,L9/525,L9/526
9,515,L9/526,L9/512
9,515,L9/512,L9/515
9,516,L9/766,L9/745
9,516,L9/745,L9/829
9,516,L9/829,L9/828
9,516,L9/828,L9/824
9,516,L9/824,L9/825
9,516,L9/825,L9/820
9,516,L9/820,L9/821
9,516,L9/821,L9/822
9,516,L9/822,L9/816
9,516,L9/816,L9/818
9,516,L9/818,L9/516
9,517,L9/766,L9/745
9,517,L9/745,L9/829
9,517,L9/829,L9/828
9,517,L9/828,L9/824
9,517,L9/824,L9/825
9,517,L9/825,L9/820
9,517,L9/820,L9/821
9,517,L9/821,L9/822
9,517,L9/822,L9/816
9,517,L9/816,L9/818
9,517,L9/818,L9/517
9,518,L9/766,L9/745
9,518,L9/745,L9/829
9,518,L9/829,L9/828
9,518,L9/828,L9/824
9,518,L9/824,L9/825
9,518,L9/825,L9/820
9,518,L9/820,L9/821
9,518,L9/821,L9/822
9,518,L9/822,L9/816
9,518,L9/816,L9/818
9,518,L9/818,L9/517
9,518,L9/517,L9/518
9,519,L9/766,L9/745
9,519,L9/745,L9/829
9,519,L9/829,L9/828
9,519,L9/828,L9/824
9,519,L9/824,L9/825
9,519,L9/825,L9/820
9,519,L9/820,L9/821
9,519,L9/821,L9/822
9,519,L9/822,L9/816
9,519,L9/816,L9/818
9,519,L9/818,L9/516
9,519,L9/516,L9/519
9,520,L9/766,L9/745
9,520,L9/745,L9/829
9,520,L9/829,L9/828
9,520,L9/828,L9/824
9,520,L9/824,L9/825
9,520,L9/825,L9/820
9,520,L9/820,L9/821
9,520,L9/821,L9/822
9,520,L9/822,L9/816
9,520,L9/816,L9/818
9,520,L9/818,L9/516
9,520,L9/516,L9/519
9,520,L9/519,L9/525
9,520,L9/525,L9/520
9,521,L9/766,L9/745
9,521,L9/745,L9/829
9,521,L9/829,L9/828
9,521,L9/828,L9/824
9,521,L9/824,L9/825
9,521,L9/825,L9/820
9,521,L9/820,L9/821
9,521,L9/821,L9/822
9,521,L9/822,L9/816
9,521,L9/816,L9/818
9,521,L9/818,L9/516
9,521,L9/516,L9/519
9,521,L9/519,L9/525
9,521,L9/525,L9/520
9,521,L9/520,L9/521
9,522,L9/766,L9/745
9,522,L9/745,L9/829
9,522,L9/829,L9/828
9,522,L9/828,L9/824
9,522,L9/824,L9/825
9,522,L9/825,L9/820
9,522,L9/820,L9/821
9,522,L9/821,L9/822
9,522,L9/822,L9/816
9,522,L9/816,L9/818
9,522,L9/818,L9/516
9,522,L9/516,L9/519
9,522,L9/519,L9/525
9,522,L9/525,L9/524
9,522,L9/524,L9/522
9,523,L9/766,L9/745
9,523,L9/745,L9/829
9,523,L9/829,L9/828
9,523,L9/828,L9/824
9,523,L9/824,L9/825
9,523,L9/825,L9/820
9,523,L9/820,L9/821
9,523,L9/821,L9/822
9,523,L9/822,L9/816
9,523,L9/816,L9/818
9,523,L9/818,L9/516
9,523,L9/516,L9/519
9,523,L9/519,L9/525
9,523,L9/525,L9/524
9,523,L9/524,L9/523
9,524,L9/766,L9/745
9,524,L9/745,L9/829
9,524,L9/829,L9/828
9,524,L9/828,L9/824
9,524,L9/824,L9/825
9,524,L9/825,L9/820
9,524,L9/820,L9/821
9,524,L9/821,L9/822
9,524,L9/822,L9/816
9,524,L9/816,L9/818
9,524,L9/818,L9/516
9,524,L9/516,L9/519
9,524,L9/519,L9/525
9,524,L9/525,L9/524
9,525,L9/766,L9/745
9,525,L9/745,L9/829
9,525,L9/829,L9/828
9,525,L9/828,L9/824
9,525,L9/824,L9/825
9,525,L9/825,L9/820
9,525,L9/820,L9/821
9,525,L9/821,L9/822
9,525,L9/822,L9/816
9,525,L9/816,L9/818
9,525,L9/818,L9/516
9,525,L9/516,L9/519
9,525,L9/519,L9/525
9,526,L9/766,L9/745
9,526,L9/745,L9/829
9,526,L9/829,L9/828
9,526,L9/828,L9/824
9,526,L9/824,L9/825
9,526,L9/825,L9/820
9,526,L9/820,L9/821
9,526,L9/821,L9/822
9,526,L9/822,L9/816
9,526,L9/816,L9/818
9,526,L9/818,L9/516
9,526,L9/516,L9/519
9,526,L9/519,L9/525
9,526,L9/525,L9/526
9,527,L9/766,L9/745
9,527,L9/745,L9/829
9,527,L9/829,L9/828
9,527,L9/828,L9/824
9,527,L9/824,L9/825
9,527,L9/825,L9/820
9,527,L9/820,L9/821
9,527,L9/821,L9/822
9,527,L9/822,L9/816
9,527,L9/816,L9/818
9,527,L9/818,L9/516
9,527,L9/516,L9/519
9,527,L9/519,L9/525
9,527,L9/525,L9/526
9,527,L9/526,L9/527
9,528,L9/766,L9/745
9,528,L9/745,L9/829
9,528,L9/829,L9/828
9,528,L9/828,L9/824
9,528,L9/824,L9/825
9,528,L9/825,L9/820
9,528,L9/820,L9/821
9,528,L9/821,L9/822
9,528,L9/822,L9/816
9,528,L9/816,L9/818
9,528,L9/818,L9/516
9,528,L9/516,L9/519
9,528,L9/519,L9/525
9,528,L9/525,L9/524
9,528,L9/524,L9/540
9,528,L9/540,L9/530
9,528,L9/530,L9/531
9,528,L9/531,L9/528
9,529,L9/766,L9/745
9,529,L9/745,L9/829
9,529,L9/829,L9/828
9,529,L9/828,L9/824
9,529,L9/824,L9/825
9,529,L9/825,L9/820
9,529,L9/820,L9/821
9,529,L9/821,L9/822
9,529,L9/822,L9/816
9,529,L9/816,L9/818
9,529,L9/818,L9/516
9,529,L9/516,L9/519
9,529,L9/519,L9/525
9,529,L9/525,L9/524
9,529,L9/524,L9/540
9,529,L9/540,L9/530
9,529,L9/530,L9/531
9,529,L9/531,L9/529
9,530,L9/766,L9/745
9,530,L9/745,L9/829
9,530,L9/829,L9/828
9,530,L9/828,L9/824
9,530,L9/824,L9/825
9,530,L9/825,L9/820
9,530,L9/820,L9/821
9,530,L9/821,L9/822
9,530,L9/822,L9/816
9,530,L9/816,L9/818
9,530,L9/818,L9/516
9,530,L9/516,L9/519
9,530,L9/519,L9/525
9,530,L9/525,L9/524
9,530,L9/524,L9/540
9,530,L9/540,L9/530
9,531,L9/766,L9/745
9,531,L9/745,L9/829
9,531,L9/829,L9/828
9,531,L9/828,L9/824
9,531,L9/824,L9/825
9,531,L9/825,L9/820
9,531,L9/820,L9/821
9,531,L9/821,L9/822
9,531,L9/822,L9/816
9,531,L9/816,L9/818
9,531,L9/818,L9/516
9,531,L9/516,L9/519
9,531,L9/519,L9/525
9,531,L9/525,L9/524
9,531,L9/524,L9/540
9,531,L9/540,L9/530
9,531,L9/530,L9/531
9,532,L9/766,L9/745
9,532,L9/745,L9/829
9,532,L9/829,L9/828
9,532,L9/828,L9/824
9,532,L9/824,L9/825
9,532,L9/825,L9/820
9,532,L9/820,L9/821
9,532,L9/821,L9/822
9,532,L9/822,L9/816
9,532,L9/816,L9/818
9,532,L9/818,L9/516
9,532,L9/516,L9/519
9,532,L9/519,L9/525
9,532,L9/525,L9/524
9,532,L9/524,L9/540
9,532,L9/540,L9/530
9,532,L9/530,L9/534
9,532,L9/534,L9/532
9,533,L9/766,L9/745
9,533,L9/745,L9/829
9,533,L9/829,L9/828
9,533,L9/828,L9/824
9,533,L9/824,L9/825
9,533,L9/825,L9/820
9,533,L9/820,L9/821
9,533,L9/821,L9/822
9,533,L9/822,L9/816
9,533,L9/816,L9/818
9,533,L9/818,L9/516
9,533,L9/516,L9/519
9,533,L9/519,L9/525
9,533,L9/525,L9/524
9,533,L9/524,L9/540
9,533,L9/540,L9/530
9,533,L9/530,L9/531
9,533,L9/531,L9/535
9,533,L9/535,L9/533
9,534,L9/766,L9/745
9,534,L9/745,L9/829
9,534,L9/829,L9/828
9,534,L9/828,L9/824
9,534,L9/824,L9/825
9,534,L9/825,L9/820
9,534,L9/820,L9/821
9,534,L9/821,L9/822
9,534,L9/822,L9/816
9,534,L9/816,L9/818
9,534,L9/818,L9/516
9,534,L9/516,L9/519
9,534,L9/519,L9/525
9,534,L9/525,L9/524
9,534,L9/524,L9/540
9,534,L9/540,L9/530
9,534,L9/530,L9/534
9,535,L9/766,L9/745
9,535,L9/745,L9/829
9,535,L9/829,L9/828
9,535,L9/828,L9/824
9,535,L9/824,L9/825
9,535,L9/825,L9/820
9,535,L9/820,L9/821
9,535,L9/821,L9/822
9,535,L9/822,L9/816
9,535,L9/816,L9/818
9,535,L9/818,L9/516
9,535,L9/516,L9/519
9,535,L9/519,L9/525
9,535,L9/525,L9/524
9,535,L9/524,L9/540
9,535,L9/540,L9/530
9,535,L9/530,L9/531
9,535,L9/531,L9/535
9,536,L9/766,L9/745
9,536,L9/745,L9/829
9,536,L9/829,L9/828
9,536,L9/828,L9/824
9,536,L9/824,L9/825
9,536,L9/825,L9/820
9,536,L9/820,L9/821
9,536,L9/821,L9/822
9,536,L9/822,L9/816
9,536,L9/816,L9/818
9,536,L9/818,L9/516
9,536,L9/516,L9/519
9,536,L9/519,L9/525
9,536,L9/525,L9/524
9,536,L9/524,L9/540
9,536,L9/540,L8/270
9,536,L8/270,L9/541
9,536,L9/541,L9/539
9,536,L9/539,L9/536
9,537,L9/766,L9/745
9,537,L9/745,L9/829
9,537,L9/829,L9/828
9,537,L9/828,L9/824
9,537,L9/824,L9/825
9,537,L9/825,L9/820
9,537,L9/820,L9/821
9,537,L9/821,L9/822
9,537,L9/822,L9/816
9,537,L9/816,L9/818
9,537,L9/818,L9/516
9,537,L9/516,L9/519
9,537,L9/519,L9/525
9,537,L9/525,L9/524
9,537,L9/524,L9/540
9,537,L9/540,L8/270
9,537,L8/270,L9/541
9,537,L9/541,L9/539
9,537,L9/539,L9/537
9,538,L9/766,L9/745
9,538,L9/745,L9/829
9,538,L9/829,L9/828
9,538,L9/828,L9/824
9,538,L9/824,L9/825
9,538,L9/825,L9/820
9,538,L9/820,L9/821
9,538,L9/821,L9/822
9,538,L9/822,L9/816
9,538,L9/816,L9/818
9,538,L9/818,L9/516
9,538,L9/516,L9/519
9,538,L9/519,L9/525
9,538,L9/525,L9/524
9,538,L9/524,L9/540
9,538,L9/540,L8/270
9,538,L8/270,L9/541
9,538,L9/541,L9/538
9,539,L9/766,L9/745
9,539,L9/745,L9/829
9,539,L9/829,L9/828
9,539,L9/828,L9/824
9,539,L9/824,L9/825
9,539,L9/825,L9/820
9,539,L9/820,L9/821
9,539,L9/821,L9/822
9,539,L9/822,L9/816
9,539,L9/816,L9/818
9,539,L9/818,L9/516
9,539,L9/516,L9/519
9,539,L9/519,L9/525
9,539,L9/525,L9/524
9,539,L9/524,L9/540
9,539,L9/540,L8/270
9,539,L8/270,L9/541
9,539,L9/541,L9/539
9,540,L9/766,L9/745
9,540,L9/745,L9/829
9,540,L9/829,L9/828
9,540,L9/828,L9/824
9,540,L9/824,L9/825
9,540,L9/825,L9/820
9,540,L9/820,L9/821
9,540,L9/821,L9/822
9,540,L9/822,L9/816
9,540,L9/816,L9/818
9,540,L9/818,L9/516
9,540,L9/516,L9/519
9,540,L9/519,L9/525
9,540,L9/525,L9/524
9,540,L9/524,L9/540
9,541,L9/766,L9/745
9,541,L9/745,L9/829
9,541,L9/829,L9/828
9,541,L9/828,L9/824
9,541,L9/824,L9/825
9,541,L9/825,L9/820
9,541,L9/820,L9/821
9,541,L9/821,L9/822
9,541,L9/822,L9/816
9,541,L9/816,L9/818
9,541,L9/818,L9/516
9,541,L9/516,L9/519
9,541,L9/519,L9/525
9,541,L9/525,L9/524
9,541,L9/524,L9/540
9,541,L9/540,L8/270
9,541,L8/270,L9/541
9,542,L9/766,L9/745
9,542,L9/745,L9/829
9,542,L9/829,L9/828
9,542,L9/828,L9/824
9,542,L9/824,L9/825
9,542,L9/825,L9/820
9,542,L9/820,L9/821
9,542,L9/821,L9/822
9,542,L9/822,L9/816
9,542,L9/816,L9/818
9,542,L9/818,L9/516
9,542,L9/516,L9/519
9,542,L9/519,L9/525
9,542,L9/525,L9/524
9,542,L9/524,L9/540
9,542,L9/540,L9/542
9,543,L9/766,L9/745
9,543,L9/745,L9/829
9,543,L9/829,L9/828
9,543,L9/828,L9/824
9,543,L9/824,L9/825
9,543,L9/825,L9/820
9,543,L9/820,L9/821
9,543,L9/821,L9/822
9,543,L9/822,L9/816
9,543,L9/816,L9/818
9,543,L9/818,L9/516
9,543,L9/516,L9/519
9,543,L9/519,L9/525
9,543,L9/525,L9/524
9,543,L9/524,L9/540
9,543,L9/540,L9/543
9,544,L9/766,L9/745
9,544,L9/745,L9/829
9,544,L9/829,L9/828
9,544,L9/828,L9/824
9,544,L9/824,L9/825
9,544,L9/825,L9/820
9,544,L9/820,L8/410
9,544,L8/410,L8/272
9,544,L8/272,L9/544
9,545,L9/766,L9/745
9,545,L9/745,L8/372
9,545,L8/372,L8/277
9,545,L8/277,L9/554
9,545,L9/554,L9/552
9,545,L9/552,L9/551
9,545,L9/551,L9/548
9,545,L9/548,L9/545
9,546,L9/766,L9/745
9,546,L9/745,L8/372
9,546,L8/372,L8/277
9,546,L8/277,L9/554
9,546,L9/554,L9/552
9,546,L9/552,L9/551
9,546,L9/551,L9/550
9,546,L9/550,L9/546
9,547,L9/766,L9/745
9,547,L9/745,L8/372
9,547,L8/372,L8/277
9,547,L8/277,L9/554
9,547,L9/554,L9/552
9,547,L9/552,L9/551
9,547,L9/551,L9/550
9,547,L9/550,L9/546
9,547,L9/546,L9/547
9,548,L9/766,L9/745
9,548,L9/745,L8/372
9,548,L8/372,L8/277
9,548,L8/277,L9/554
9,548,L9/554,L9/552
9,548,L9/552,L9/551
9,548,L9/551,L9/548
9,549,L9/766,L9/745
9,549,L9/745,L8/372
9,549,L8/372,L8/277
9,549,L8/277,L9/554
9,549,L9/554,L9/556
9,549,L9/556,L9/557
9,549,L9/557,L9/558
9,549,L9/558,L9/549
9,550,L9/766,L9/745
9,550,L9/745,L8/372
9,550,L8/372,L8/277
9,550,L8/277,L9/554
9,550,L9/554,L9/552
9,550,L9/552,L9/551
9,550,L9/551,L9/550
9,551,L9/766,L9/745
9,551,L9/745,L8/372
9,551,L8/372,L8/277
9,551,L8/277,L9/554
9,551,L9/554,L9/552
9,551,L9/552,L9/551
9,552,L9/766,L9/745
9,552,L9/745,L8/372
9,552,L8/372,L8/277
9,552,L8/277,L9/554
9,552,L9/554,L9/552
9,553,L9/766,L9/745
9,553,L9/745,L8/372
9,553,L8/372,L8/277
9,553,L8/277,L9/555
9,553,L9/555,L9/553
9,554,L9/766,L9/745
9,554,L9/745,L8/372
9,554,L8/372,L8/277
9,554,L8/277,L9/554
9,555,L9/766,L9/745
9,555,L9/745,L8/372
9,555,L8/372,L8/277
9,555,L8/277,L9/555
9,556,L9/766,L9/745
9,556,L9/745,L8/372
9,556,L8/372,L8/277
9,556,L8/277,L9/554
9,556,L9/554,L9/556
9,557,L9/766,L9/745
9,557,L9/745,L8/372
9,557,L8/372,L8/277
9,557,L8/277,L9/554
9,557,L9/554,L9/556
9,557,L9/556,L9/557
9,558,L9/766,L9/745
9,558,L9/745,L8/372
9,558,L8/372,L8/277
9,558,L8/277,L9/554
9,558,L9/554,L9/556
9,558,L9/556,L9/557
9,558,L9/557,L9/558
9,559,L9/766,L9/745
9,559,L9/745,L8/372
9,559,L8/372,L8/277
9,559,L8/277,L9/554
9,559,L9/554,L9/552
9,559,L9/552,L9/559
9,560,L9/766,L9/745
9,560,L9/745,L8/372
9,560,L8/372,L8/277
9,560,L8/277,L9/554
9,560,L9/554,L9/556
9,560,L9/556,L9/557
9,560,L9/557,L9/560
9,561,L9/766,L9/745
9,561,L9/745,L8/372
9,561,L8/372,L8/277
9,561,L8/277,L9/554
9,561,L9/554,L9/556
9,561,L9/556,L9/557
9,561,L9/557,L9/561
9,562,L9/766,L9/745
9,562,L9/745,L8/372
9,562,L8/372,L8/277
9,562,L8/277,L9/554
9,562,L9/554,L9/556
9,562,L9/556,L9/557
9,562,L9/557,L9/561
9,562,L9/561,L9/562
9,563,L9/766,L9/745
9,563,L9/745,L9/738
9,563,L9/738,L8/369
9,563,L8/369,L8/285
9,563,L8/285,L9/570
9,563,L9/570,L9/569
9,563,L9/569,L9/575
9,563,L9/575,L9/563
9,564,L9/766,L9/745
9,564,L9/745,L9/738
9,564,L9/738,L8/369
9,564,L8/369,L8/285
9,564,L8/285,L9/570
9,564,L9/570,L9/569
9,564,L9/569,L9/565
9,564,L9/565,L9/564
9,565,L9/766,L9/745
9,565,L9/745,L9/738
9,565,L9/738,L8/369
9,565,L8/369,L8/285
9,565,L8/285,L9/570
9,565,L9/570,L9/569
9,565,L9/569,L9/565
9,566,L9/766,L9/745
9,566,L9/745,L9/738
9,566,L9/738,L8/369
9,566,L8/369,L8/285
9,566,L8/285,L9/570
9,566,L9/570,L9/569
9,566,L9/569,L9/565
9,566,L9/565,L9/566
9,567,L9/766,L9/745
9,567,L9/745,L9/738
9,567,L9/738,L8/369
9,567,L8/369,L8/285
9,567,L8/285,L9/570
9,567,L9/570,L9/569
9,567,L9/569,L9/565
9,567,L9/565,L9/567
9,568,L9/766,L8/383
9,568,L8/383,L8/371
9,568,L8/371,L9/742
9,568,L9/742,L9/737
9,568,L9/737,L9/657
9,568,L9/657,L9/568
9,569,L9/766,L9/745
9,569,L9/745,L9/738
9,569,L9/738,L8/369
9,569,L8/369,L8/285
9,569,L8/285,L9/570
9,569,L9/570,L9/569
9,570,L9/766,L9/745
9,570,L9/745,L9/738
9,570,L9/738,L8/369
9,570,L8/369,L8/285
9,570,L8/285,L9/570
9,571,L9/766,L9/745
9,571,L9/745,L9/738
9,571,L9/738,L8/369
9,571,L8/369,L8/285
9,571,L8/285,L9/571
9,572,L9/766,L9/745
9,572,L9/745,L9/738
9,572,L9/738,L8/369
9,572,L8/369,L8/285
9,572,L8/285,L9/570
9,572,L9/570,L9/574
9,572,L9/574,L9/572
9,573,L9/766,L9/745
9,573,L9/745,L9/738
9,573,L9/738,L8/369
9,573,L8/369,L8/285
9,573,L8/285,L9/570
9,573,L9/570,L9/574
9,573,L9/574,L9/573
9,574,L9/766,L9/745
9,574,L9/745,L9/738
9,574,L9/738,L8/369
9,574,L8/369,L8/285
9,574,L8/285,L9/570
9,574,L9/570,L9/574
9,575,L9/766,L9/745
9,575,L9/745,L9/738
9,575,L9/738,L8/369
9,575,L8/369,L8/285
9,575,L8/285,L9/570
9,575,L9/570,L9/569
9,575,L9/569,L9/575
9,576,L9/766,L9/745
9,576,L9/745,L9/1019
9,576,L9/1019,L8/509
9,576,L8/509,L8/470
9,576,L8/470,L9/941
9,576,L9/941,L9/973
9,576,L9/973,L8/486
9,576,L8/486,L7/243
9,576,L7/243,L7/247
9,576,L7/247,L8/494
9,576,L8/494,L9/989
9,576,L9/989,L9/985
9,576,L9/985,L9/984
9,576,L9/984,L9/637
9,576,L9/637,L8/318
9,576,L8/318,L7/159
9,576,L7/159,L8/319
9,576,L8/319,L9/639
9,576,L9/639,L9/627
9,576,L9/627,L9/626
9,576,L9/626,L9/631
9,576,L9/631,L9/630
9,576,L9/630,L9/612
9,576,L9/612,L9/584
9,576,L9/584,L9/587
9,576,L9/587,L9/591
9,576,L9/591,L9/590
9,576,L9/590,L9/576
9,577,L9/766,L9/745
9,577,L9/745,L9/1019
9,577,L9/1019,L8/509
9,577,L8/509,L8/470
9,577,L8/470,L9/941
9,577,L9/941,L9/973
9,577,L9/973,L8/486
9,577,L8/486,L7/243
9,577,L7/243,L7/247
9,577,L7/247,L8/494
9,577,L8/494,L9/989
9,577,L9/989,L9/985
9,577,L9/985,L9/984
9,577,L9/984,L9/637
9,577,L9/637,L8/318
9,577,L8/318,L7/159
9,577,L7/159,L8/319
9,577,L8/319,L9/639
9,577,L9/639,L9/627
9,577,L9/627,L9/626
9,577,L9/626,L9/631
9,577,L9/631,L9/630
9,577,L9/630,L9/612
9,577,L9/612,L9/584
9,577,L9/584,L9/587
9,577,L9/587,L9/591
9,577,L9/591,L9/590
9,577,L9/590,L9/576
9,577,L9/576,L9/577
9,578,L9/766,L9/745
9,578,L9/745,L9/1019
9,578,L9/1019,L8/509
9,578,L8/509,L8/470
9,578,L8/470,L9/941
9,578,L9/941,L9/973
9,578,L9/973,L8/486
9,578,L8/486,L7/243
9,578,L7/243,L7/247
9,578,L7/247,L8/494
9,578,L8/494,L9/989
9,578,L9/989,L9/985
9,578,L9/985,L9/984
9,578,L9/984,L9/637
9,578,L9/637,L8/318
9,578,L8/318,L7/159
9,578,L7/159,L8/319
9,578,L8/319,L9/639
9,578,L9/639,L9/627
9,578,L9/627,L9/626
9,578,L9/626,L9/631
9,578,L9/631,L9/630
9,578,L9/630,L9/612
9,578,L9/612,L9/584
9,578,L9/584,L9/587
9,578,L9/587,L9/591
9,578,L9/591,L9/590
9,578,L9/590,L9/576
9,578,L9/576,L9/578
9,579,L9/766,L9/745
9,579,L9/745,L9/1019
9,579,L9/1019,L8/509
9,579,L8/509,L8/470
9,579,L8/470,L9/941
9,579,L9/941,L9/973
9,579,L9/973,L8/486
9,579,L8/486,L7/243
9,579,L7/243,L7/247
9,579,L7/247,L8/494
9,579,L8/494,L9/989
9,579,L9/989,L9/985
9,579,L9/985,L9/984
9,579,L9/984,L9/637
9,579,L9/637,L8/318
9,579,L8/318,L7/159
9,579,L7/159,L8/319
9,579,L8/319,L9/639
9,579,L9/639,L9/627
9,579,L9/627,L9/626
9,579,L9/626,L9/631
9,579,L9/631,L9/630
9,579,L9/630,L9/612
9,579,L9/612,L9/584
9,579,L9/584,L9/587
9,579,L9/587,L9/591
9,579,L9/591,L9/590
9,579,L9/590,L9/576
9,579,L9/576,L9/577
9,579,L9/577,L9/579
9,580,L9/766,L9/745
9,580,L9/745,L9/1019
9,580,L9/1019,L8/509
9,580,L8/509,L8/470
9,580,L8/470,L9/941
9,580,L9/941,L9/973
9,580,L9/973,L8/486
9,580,L8/486,L7/243
9,580,L7/243,L7/247
9,580,L7/247,L8/494
9,580,L8/494,L9/989
9,580,L9/989,L9/985
9,580,L9/985,L9/984
9,580,L9/984,L9/637
9,580,L9/637,L8/318
9,580,L8/318,L7/159
9,580,L7/159,L8/319
9,580,L8/319,L9/639
9,580,L9/639,L9/627
9,580,L9/627,L9/626
9,580,L9/626,L9/631
9,580,L9/631,L9/630
9,580,L9/630,L9/612
9,580,L9/612,L9/584
9,580,L9/584,L9/587
9,580,L9/587,L9/591
9,580,L9/591,L9/590
9,580,L9/590,L9/576
9,580,L9/576,L9/577
9,580,L9/577,L9/579
9,580,L9/579,L9/580
9,581,L9/766,L9/745
9,581,L9/745,L9/1019
9,581,L9/1019,L8/509
9,581,L8/509,L8/470
9,581,L8/470,L9/941
9,581,L9/941,L9/973
9,581,L9/973,L8/486
9,581,L8/486,L7/243
9,581,L7/243,L7/247
9,581,L7/247,L8/494
9,581,L8/494,L9/989
9,581,L9/989,L9/985
9,581,L9/985,L9/984
9,581,L9/984,L9/637
9,581,L9/637,L8/318
9,581,L8/318,L7/159
9,581,L7/159,L8/319
9,581,L8/319,L9/639
9,581,L9/639,L9/627
9,581,L9/627,L9/626
9,581,L9/626,L9/631
9,581,L9/631,L9/630
9,581,L9/630,L9/612
9,581,L9/612,L9/584
9,581,L9/584,L9/587
9,581,L9/587,L9/591
9,581,L9/591,L9/590
9,581,L9/590,L9/576
9,581,L9/576,L9/583
9,581,L9/583,L9/582
9,581,L9/582,L9/581
9,582,L9/766,L9/745
9,582,L9/745,L9/1019
9,582,L9/1019,L8/509
9,582,L8/509,L8/470
9,582,L8/470,L9/941
9,582,L9/941,L9/973
9,582,L9/973,L8/486
9,582,L8/486,L7/243
9,582,L7/243,L7/247
9,582,L7/247,L8/494
9,582,L8/494,L9/989
9,582,L9/989,L9/985
9,582,L9/985,L9/984
9,582,L9/984,L9/637
9,582,L9/637,L8/318
9,582,L8/318,L7/159
9,582,L7/159,L8/319
9,582,L8/319,L9/639
9,582,L9/639,L9/627
9,582,L9/627,L9/626
9,582,L9/626,L9/631
9,582,L9/631,L9/630
9,582,L9/630,L9/612
9,582,L9/612,L9/584
9,582,L9/584,L9/587
9,582,L9/587,L9/591
9,582,L9/591,L9/590
9,582,L9/590,L9/576
9,582,L9/576,L9/583
9,582,L9/583,L9/582
9,583,L9/766,L9/745
9,583,L9/745,L9/1019
9,583,L9/1019,L8/509
9,583,L8/509,L8/470
9,583,L8/470,L9/941
9,583,L9/941,L9/973
9,583,L9/973,L8/486
9,583,L8/486,L7/243
9,583,L7/243,L7/247
9,583,L7/247,L8/494
9,583,L8/494,L9/989
9,583,L9/989,L9/985
9,583,L9/985,L9/984
9,583,L9/984,L9/637
9,583,L9/637,L8/318
9,583,L8/318,L7/159
9,583,L7/159,L8/319
9,583,L8/319,L9/639
9,583,L9/639,L9/627
9,583,L9/627,L9/626
9,583,L9/626,L9/631
9,583,L9/631,L9/630
9,583,L9/630,L9/612
9,583,L9/612,L9/584
9,583,L9/584,L9/587
9,583,L9/587,L9/591
9,583,L9/591,L9/590
9,583,L9/590,L9/576
9,583,L9/576,L9/583
9,584,L9/766,L9/745
9,584,L9/745,L9/1019
9,584,L9/1019,L8/509
9,584,L8/509,L8/470
9,584,L8/470,L9/941
9,584,L9/941,L9/973
9,584,L9/973,L8/486
9,584,L8/486,L7/243
9,584,L7/243,L7/247
9,584,L7/247,L8/494
9,584,L8/494,L9/989
9,584,L9/989,L9/985
9,584,L9/985,L9/984
9,584,L9/984,L9/637
9,584,L9/637,L8/318
9,584,L8/318,L7/159
9,584,L7/159,L8/319
9,584,L8/319,L9/639
9,584,L9/639,L9/627
9,584,L9/627,L9/626
9,584,L9/626,L9/631
9,584,L9/631,L9/630
9,584,L9/630,L9/612
9,584,L9/612,L9/584
9,585,L9/766,L9/745
9,585,L9/745,L9/1019
9,585,L9/1019,L8/509
9,585,L8/509,L8/470
9,585,L8/470,L9/941
9,585,L9/941,L9/973
9,585,L9/973,L8/486
9,585,L8/486,L7/243
9,585,L7/243,L7/247
9,585,L7/247,L8/494
9,585,L8/494,L9/989
9,585,L9/989,L9/985
9,585,L9/985,L9/984
9,585,L9/984,L9/637
9,585,L9/637,L8/318
9,585,L8/318,L7/159
9,585,L7/159,L8/319
9,585,L8/319,L9/639
9,585,L9/639,L9/627
9,585,L9/627,L9/626
9,585,L9/626,L9/631
9,585,L9/631,L9/630
9,585,L9/630,L9/612
9,585,L9/612,L9/613
9,585,L9/613,L9/585
9,586,L9/766,L9/745
9,586,L9/745,L9/1019
9,586,L9/1019,L8/509
9,586,L8/509,L8/470
9,586,L8/470,L9/941
9,586,L9/941,L9/973
9,586,L9/973,L8/486
9,586,L8/486,L7/243
9,586,L7/243,L7/247
9,586,L7/247,L8/494
9,586,L8/494,L9/989
9,586,L9/989,L9/985
9,586,L9/985,L9/984
9,586,L9/984,L9/637
9,586,L9/637,L8/318
9,586,L8/318,L7/159
9,586,L7/159,L8/319
9,586,L8/319,L9/639
9,586,L9/639,L9/627
9,586,L9/627,L9/626
9,586,L9/626,L9/631
9,586,L9/631,L9/630
9,586,L9/630,L9/612
9,586,L9/612,L9/584
9,586,L9/584,L9/586
9,587,L9/766,L9/745
9,587,L9/745,L9/1019
9,587,L9/1019,L8/509
9,587,L8/509,L8/470
9,587,L8/470,L9/941
9,587,L9/941,L9/973
9,587,L9/973,L8/486
9,587,L8/486,L7/243
9,587,L7/243,L7/247
9,587,L7/247,L8/494
9,587,L8/494,L9/989
9,587,L9/989,L9/985
9,587,L9/985,L9/984
9,587,L9/984,L9/637
9,587,L9/637,L8/318
9,587,L8/318,L7/159
9,587,L7/159,L8/319
9,587,L8/319,L9/639
9,587,L9/639,L9/627
9,587,L9/627,L9/626
9,587,L9/626,L9/631
9,587,L9/631,L9/630
9,587,L9/630,L9/612
9,587,L9/612,L9/584
9,587,L9/584,L9/587
9,588,L9/766,L9/745
9,588,L9/745,L9/1019
9,588,L9/1019,L8/509
9,588,L8/509,L8/470
9,588,L8/470,L9/941
9,588,L9/941,L9/973
9,588,L9/973,L8/486
9,588,L8/486,L7/243
9,588,L7/243,L7/247
9,588,L7/247,L8/494
9,588,L8/494,L9/989
9,588,L9/989,L9/985
9,588,L9/985,L9/984
9,588,L9/984,L9/637
9,588,L9/637,L8/318
9,588,L8/318,L7/159
9,588,L7/159,L8/319
9,588,L8/319,L9/639
9,588,L9/639,L9/627
9,588,L9/627,L9/626
9,588,L9/626,L9/631
9,588,L9/631,L9/630
9,588,L9/630,L9/612
9,588,L9/612,L9/584
9,588,L9/584,L9/587
9,588,L9/587,L9/589
9,588,L9/589,L9/588
9,589,L9/766,L9/745
9,589,L9/745,L9/1019
9,589,L9/1019,L8/509
9,589,L8/509,L8/470
9,589,L8/470,L9/941
9,589,L9/941,L9/973
9,589,L9/973,L8/486
9,589,L8/486,L7/243
9,589,L7/243,L7/247
9,589,L7/247,L8/494
9,589,L8/494,L9/989
9,589,L9/989,L9/985
9,589,L9/985,L9/984
9,589,L9/984,L9/637
9,589,L9/637,L8/318
9,589,L8/318,L7/159
9,589,L7/159,L8/319
9,589,L8/319,L9/639
9,589,L9/639,L9/627
9,589,L9/627,L9/626
9,589,L9/626,L9/631
9,589,L9/631,L9/630
9,589,L9/630,L9/612
9,589,L9/612,L9/584
9,589,L9/584,L9/587
9,589,L9/587,L9/589
9,590,L9/766,L9/745
9,590,L9/745,L9/1019
9,590,L9/1019,L8/509
9,590,L8/509,L8/470
9,590,L8/470,L9/941
9,590,L9/941,L9/973
9,590,L9/973,L8/486
9,590,L8/486,L7/243
9,590,L7/243,L7/247
9,590,L7/247,L8/494
9,590,L8/494,L9/989
9,590,L9/989,L9/985
9,590,L9/985,L9/984
9,590,L9/984,L9/637
9,590,L9/637,L8/318
9,590,L8/318,L7/159
9,590,L7/159,L8/319
9,590,L8/319,L9/639
9,590,L9/639,L9/627
9,590,L9/627,L9/626
9,590,L9/626,L9/631
9,590,L9/631,L9/630
9,590,L9/630,L9/612
9,590,L9/612,L9/584
9,590,L9/584,L9/587
9,590,L9/587,L9/591
9,590,L9/591,L9/590
9,591,L9/766,L9/745
9,591,L9/745,L9/1019
9,591,L9/1019,L8/509
9,591,L8/509,L8/470
9,591,L8/470,L9/941
9,591,L9/941,L9/973
9,591,L9/973,L8/486
9,591,L8/486,L7/243
9,591,L7/243,L7/247
9,591,L7/247,L8/494
9,591,L8/494,L9/989
9,591,L9/989,L9/985
9,591,L9/985,L9/984
9,591,L9/984,L9/637
9,591,L9/637,L8/318
9,591,L8/318,L7/159
9,591,L7/159,L8/319
9,591,L8/319,L9/639
9,591,L9/639,L9/627
9,591,L9/627,L9/626
9,591,L9/626,L9/631
9,591,L9/631,L9/630
9,591,L9/630,L9/612
9,591,L9/612,L9/584
9,591,L9/584,L9/587
9,591,L9/587,L9/591
9,592,L9/766,L9/745
9,592,L9/745,L9/1019
9,592,L9/1019,L8/509
9,592,L8/509,L8/470
9,592,L8/470,L9/941
9,592,L9/941,L9/973
9,592,L9/973,L8/486
9,592,L8/486,L7/243
9,592,L7/243,L7/247
9,592,L7/247,L8/494
9,592,L8/494,L9/989
9,592,L9/989,L9/985
9,592,L9/985,L9/984
9,592,L9/984,L9/637
9,592,L9/637,L8/318
9,592,L8/318,L7/159
9,592,L7/159,L8/319
9,592,L8/319,L9/639
9,592,L9/639,L9/627
9,592,L9/627,L9/626
9,592,L9/626,L9/631
9,592,L9/631,L9/630
9,592,L9/630,L9/612
9,592,L9/612,L9/584
9,592,L9/584,L9/587
9,592,L9/587,L9/591
9,592,L9/591,L9/590
9,592,L9/590,L9/576
9,592,L9/576,L9/583
9,592,L9/583,L9/582
9,592,L9/582,L9/592
9,593,L9/766,L9/745
9,593,L9/745,L9/1019
9,593,L9/1019,L8/509
9,593,L8/509,L8/470
9,593,L8/470,L9/941
9,593,L9/941,L9/973
9,593,L9/973,L8/486
9,593,L8/486,L7/243
9,593,L7/243,L7/247
9,593,L7/247,L8/494
9,593,L8/494,L9/989
9,593,L9/989,L9/985
9,593,L9/985,L9/984
9,593,L9/984,L9/637
9,593,L9/637,L8/318
9,593,L8/318,L7/159
9,593,L7/159,L8/319
9,593,L8/319,L9/639
9,593,L9/639,L9/627
9,593,L9/627,L9/626
9,593,L9/626,L9/631
9,593,L9/631,L9/630
9,593,L9/630,L9/612
9,593,L9/612,L9/584
9,593,L9/584,L9/587
9,593,L9/587,L9/591
9,593,L9/591,L9/590
9,593,L9/590,L9/576
9,593,L9/576,L9/583
9,593,L9/583,L9/582
9,593,L9/582,L9/592
9,593,L9/592,L9/593
9,594,L9/766,L9/745
9,594,L9/745,L9/1019
9,594,L9/1019,L8/509
9,594,L8/509,L8/470
9,594,L8/470,L9/941
9,594,L9/941,L9/973
9,594,L9/973,L8/486
9,594,L8/486,L7/243
9,594,L7/243,L7/247
9,594,L7/247,L8/494
9,594,L8/494,L9/989
9,594,L9/989,L9/985
9,594,L9/985,L9/984
9,594,L9/984,L9/637
9,594,L9/637,L8/318
9,594,L8/318,L7/159
9,594,L7/159,L8/319
9,594,L8/319,L9/639
9,594,L9/639,L9/627
9,594,L9/627,L9/626
9,594,L9/626,L9/631
9,594,L9/631,L9/630
9,594,L9/630,L9/612
9,594,L9/612,L9/584
9,594,L9/584,L9/587
9,594,L9/587,L9/591
9,594,L9/591,L9/590
9,594,L9/590,L9/576
9,594,L9/576,L9/583
9,594,L9/583,L9/582
9,594,L9/582,L9/595
9,594,L9/595,L9/594
9,595,L9/766,L9/745
9,595,L9/745,L9/1019
9,595,L9/1019,L8/509
9,595,L8/509,L8/470
9,595,L8/470,L9/941
9,595,L9/941,L9/973
9,595,L9/973,L8/486
9,595,L8/486,L7/243
9,595,L7/243,L7/247
9,595,L7/247,L8/494
9,595,L8/494,L9/989
9,595,L9/989,L9/985
9,595,L9/985,L9/984
9,595,L9/984,L9/637
9,595,L9/637,L8/318
9,595,L8/318,L7/159
9,595,L7/159,L8/319
9,595,L8/319,L9/639
9,595,L9/639,L9/627
9,595,L9/627,L9/626
9,595,L9/626,L9/631
9,595,L9/631,L9/630
9,595,L9/630,L9/612
9,595,L9/612,L9/584
9,595,L9/584,L9/587
9,595,L9/587,L9/591
9,595,L9/591,L9/590
9,595,L9/590,L9/576
9,595,L9/576,L9/583
9,595,L9/583,L9/582
9,595,L9/582,L9/595
9,596,L9/766,L9/745
9,596,L9/745,L9/1019
9,596,L9/1019,L8/509
9,596,L8/509,L8/470
9,596,L8/470,L9/941
9,596,L9/941,L9/973
9,596,L9/973,L8/486
9,596,L8/486,L7/243
9,596,L7/243,L7/247
9,596,L7/247,L8/494
9,596,L8/494,L9/989
9,596,L9/989,L9/985
9,596,L9/985,L9/984
9,596,L9/984,L9/637
9,596,L9/637,L8/318
9,596,L8/318,L7/159
9,596,L7/159,L8/319
9,596,L8/319,L9/639
9,596,L9/639,L9/627
9,596,L9/627,L9/626
9,596,L9/626,L9/631
9,596,L9/631,L9/630
9,596,L9/630,L9/612
9,596,L9/612,L9/584
9,596,L9/584,L9/587
9,596,L9/587,L9/591
9,596,L9/591,L9/590
9,596,L9/590,L9/576
9,596,L9/576,L9/583
9,596,L9/583,L9/582
9,596,L9/582,L9/592
9,596,L9/592,L9/593
9,596,L9/593,L9/596
9,597,L9/766,L9/745
9,597,L9/745,L9/1019
9,597,L9/1019,L8/509
9,597,L8/509,L8/470
9,597,L8/470,L9/941
9,597,L9/941,L9/973
9,597,L9/973,L8/486
9,597,L8/486,L7/243
9,597,L7/243,L7/247
9,597,L7/247,L8/494
9,597,L8/494,L9/989
9,597,L9/989,L9/985
9,597,L9/985,L9/984
9,597,L9/984,L9/637
9,597,L9/637,L8/318
9,597,L8/318,L7/159
9,597,L7/159,L8/319
9,597,L8/319,L9/639
9,597,L9/639,L9/627
9,597,L9/627,L9/626
9,597,L9/626,L9/631
9,597,L9/631,L9/630
9,597,L9/630,L9/612
9,597,L9/612,L9/584
9,597,L9/584,L9/587
9,597,L9/587,L9/591
9,597,L9/591,L9/590
9,597,L9/590,L9/576
9,597,L9/576,L9/583
9,597,L9/583,L9/582
9,597,L9/582,L9/595
9,597,L9/595,L9/594
9,597,L9/594,L9/597
9,598,L9/766,L9/745
9,598,L9/745,L9/1019
9,598,L9/1019,L8/509
9,598,L8/509,L8/470
9,598,L8/470,L9/941
9,598,L9/941,L9/973
9,598,L9/973,L8/486
9,598,L8/486,L7/243
9,598,L7/243,L7/247
9,598,L7/247,L8/494
9,598,L8/494,L9/989
9,598,L9/989,L9/985
9,598,L9/985,L9/984
9,598,L9/984,L9/637
9,598,L9/637,L8/318
9,598,L8/318,L7/159
9,598,L7/159,L8/319
9,598,L8/319,L9/639
9,598,L9/639,L9/627
9,598,L9/627,L9/626
9,598,L9/626,L9/631
9,598,L9/631,L9/630
9,598,L9/630,L9/612
9,598,L9/612,L9/584
9,598,L9/584,L9/587
9,598,L9/587,L9/591
9,598,L9/591,L9/590
9,598,L9/590,L9/576
9,598,L9/576,L9/583
9,598,L9/583,L9/582
9,598,L9/582,L9/595
9,598,L9/595,L9/594
9,598,L9/594,L9/599
9,598,L9/599,L9/598
9,599,L9/766,L9/745
9,599,L9/745,L9/1019
9,599,L9/1019,L8/509
9,599,L8/509,L8/470
9,599,L8/470,L9/941
9,599,L9/941,L9/973
9,599,L9/973,L8/486
9,599,L8/486,L7/243
9,599,L7/243,L7/247
9,599,L7/247,L8/494
9,599,L8/494,L9/989
9,599,L9/989,L9/985
9,599,L9/985,L9/984
9,599,L9/984,L9/637
9,599,L9/637,L8/318
9,599,L8/318,L7/159
9,599,L7/159,L8/319
9,599,L8/319,L9/639
9,599,L9/639,L9/627
9,599,L9/627,L9/626
9,599,L9/626,L9/631
9,599,L9/631,L9/630
9,599,L9/630,L9/612
9,599,L9/612,L9/584
9,599,L9/584,L9/587
9,599,L9/587,L9/591
9,599,L9/591,L9/590
9,599,L9/590,L9/576
9,599,L9/576,L9/583
9,599,L9/583,L9/582
9,599,L9/582,L9/595
9,599,L9/595,L9/594
9,599,L9/594,L9/599
9,600,L9/766,L9/745
9,600,L9/745,L9/1019
9,600,L9/1019,L8/509
9,600,L8/509,L8/470
9,600,L8/470,L9/941
9,600,L9/941,L9/973
9,600,L9/973,L8/486
9,600,L8/486,L7/243
9,600,L7/243,L7/247
9,600,L7/247,L8/494
9,600,L8/494,L9/989
9,600,L9/989,L9/985
9,600,L9/985,L9/984
9,600,L9/984,L9/637
9,600,L9/637,L8/318
9,600,L8/318,L7/159
9,600,L7/159,L8/319
9,600,L8/319,L9/639
9,600,L9/639,L9/627
9,600,L9/627,L9/626
9,600,L9/626,L9/631
9,600,L9/631,L9/630
9,600,L9/630,L9/612
9,600,L9/612,L9/584
9,600,L9/584,L9/587
9,600,L9/587,L9/591
9,600,L9/591,L9/590
9,600,L9/590,L9/576
9,600,L9/576,L9/583
9,600,L9/583,L9/582
9,600,L9/582,L9/592
9,600,L9/592,L9/593
9,600,L9/593,L9/596
9,600,L9/596,L9/600
9,601,L9/766,L9/745
9,601,L9/745,L9/1019
9,601,L9/1019,L8/509
9,601,L8/509,L8/470
9,601,L8/470,L9/941
9,601,L9/941,L9/973
9,601,L9/973,L8/486
9,601,L8/486,L7/243
9,601,L7/243,L7/247
9,601,L7/247,L8/494
9,601,L8/494,L9/989
9,601,L9/989,L9/985
9,601,L9/985,L9/984
9,601,L9/984,L9/637
9,601,L9/637,L8/318
9,601,L8/318,L7/159
9,601,L7/159,L8/319
9,601,L8/319,L9/638
9,601,L9/638,L9/634
9,601,L9/634,L8/317
9,601,L8/317,L8/308
9,601,L8/308,L9/617
9,601,L9/617,L9/622
9,601,L9/622,L9/620
9,601,L9/620,L9/603
9,601,L9/603,L9/601
9,602,L9/766,L9/745
9,602,L9/745,L9/1019
9,602,L9/1019,L8/509
9,602,L8/509,L8/470
9,602,L8/470,L9/941
9,602,L9/941,L9/973
9,602,L9/973,L8/486
9,602,L8/486,L7/243
9,602,L7/243,L7/247
9,602,L7/247,L8/494
9,602,L8/494,L9/989
9,602,L9/989,L9/985
9,602,L9/985,L9/984
9,602,L9/984,L9/637
9,602,L9/637,L8/318
9,602,L8/318,L7/159
9,602,L7/159,L8/319
9,602,L8/319,L9/638
9,602,L9/638,L9/634
9,602,L9/634,L8/317
9,602,L8/317,L8/308
9,602,L8/308,L9/617
9,602,L9/617,L9/622
9,602,L9/622,L9/620
9,602,L9/620,L9/602
9,603,L9/766,L9/745
9,603,L9/745,L9/1019
9,603,L9/1019,L8/509
9,603,L8/509,L8/470
9,603,L8/470,L9/941
9,603,L9/941,L9/973
9,603,L9/973,L8/486
9,603,L8/486,L7/243
9,603,L7/243,L7/247
9,603,L7/247,L8/494
9,603,L8/494,L9/989
9,603,L9/989,L9/985
9,603,L9/985,L9/984
9,603,L9/984,L9/637
9,603,L9/637,L8/318
9,603,L8/318,L7/159
9,603,L7/159,L8/319
9,603,L8/319,L9/638
9,603,L9/638,L9/634
9,603,L9/634,L8/317
9,603,L8/317,L8/308
9,603,L8/308,L9/617
9,603,L9/617,L9/622
9,603,L9/622,L9/620
9,603,L9/620,L9/603
9,604,L9/766,L9/745
9,604,L9/745,L9/1019
9,604,L9/1019,L8/509
9,604,L8/509,L8/470
9,604,L8/470,L9/941
9,604,L9/941,L9/973
9,604,L9/973,L8/486
9,604,L8/486,L7/243
9,604,L7/243,L7/247
9,604,L7/247,L8/494
9,604,L8/494,L9/989
9,604,L9/989,L9/985
9,604,L9/985,L9/984
9,604,L9/984,L9/637
9,604,L9/637,L8/318
9,604,L8/318,L7/159
9,604,L7/159,L8/319
9,604,L8/319,L9/639
9,604,L9/639,L9/627
9,604,L9/627,L9/626
9,604,L9/626,L9/631
9,604,L9/631,L9/630
9,604,L9/630,L9/612
9,604,L9/612,L9/584
9,604,L9/584,L9/587
9,604,L9/587,L9/591
9,604,L9/591,L9/590
9,604,L9/590,L9/576
9,604,L9/576,L9/583
9,604,L9/583,L9/582
9,604,L9/582,L9/592
9,604,L9/592,L9/593
9,604,L9/593,L9/607
9,604,L9/607,L9/605
9,604,L9/605,L9/604
9,605,L9/766,L9/745
9,605,L9/745,L9/1019
9,605,L9/1019,L8/509
9,605,L8/509,L8/470
9,605,L8/470,L9/941
9,605,L9/941,L9/973
9,605,L9/973,L8/486
9,605,L8/486,L7/243
9,605,L7/243,L7/247
9,605,L7/247,L8/494
9,605,L8/494,L9/989
9,605,L9/989,L9/985
9,605,L9/985,L9/984
9,605,L9/984,L9/637
9,605,L9/637,L8/318
9,605,L8/318,L7/159
9,605,L7/159,L8/319
9,605,L8/319,L9/639
9,605,L9/639,L9/627
9,605,L9/627,L9/626
9,605,L9/626,L9/631
9,605,L9/631,L9/630
9,605,L9/630,L9/612
9,605,L9/612,L9/584
9,605,L9/584,L9/587
9,605,L9/587,L9/591
9,605,L9/591,L9/590
9,605,L9/590,L9/576
9,605,L9/576,L9/583
9,605,L9/583,L9/582
9,605,L9/582,L9/592
9,605,L9/592,L9/593
9,605,L9/593,L9/607
9,605,L9/607,L9/605
9,606,L9/766,L9/745
9,606,L9/745,L9/1019
9,606,L9/1019,L8/509
9,606,L8/509,L8/470
9,606,L8/470,L9/941
9,606,L9/941,L9/973
9,606,L9/973,L8/486
9,606,L8/486,L7/243
9,606,L7/243,L7/247
9,606,L7/247,L8/494
9,606,L8/494,L9/989
9,606,L9/989,L9/985
9,606,L9/985,L9/984
9,606,L9/984,L9/637
9,606,L9/637,L8/318
9,606,L8/318,L7/159
9,606,L7/159,L8/319
9,606,L8/319,L9/639
9,606,L9/639,L9/627
9,606,L9/627,L9/626
9,606,L9/626,L9/631
9,606,L9/631,L9/630
9,606,L9/630,L9/612
9,606,L9/612,L9/584
9,606,L9/584,L9/587
9,606,L9/587,L9/591
9,606,L9/591,L9/590
9,606,L9/590,L9/576
9,606,L9/576,L9/583
9,606,L9/583,L9/582
9,606,L9/582,L9/592
9,606,L9/592,L9/593
9,606,L9/593,L9/607
9,606,L9/607,L9/606
9,607,L9/766,L9/745
9,607,L9/745,L9/1019
9,607,L9/1019,L8/509
9,607,L8/509,L8/470
9,607,L8/470,L9/941
9,607,L9/941,L9/973
9,607,L9/973,L8/486
9,607,L8/486,L7/243
9,607,L7/243,L7/247
9,607,L7/247,L8/494
9,607,L8/494,L9/989
9,607,L9/989,L9/985
9,607,L9/985,L9/984
9,607,L9/984,L9/637
9,607,L9/637,L8/318
9,607,L8/318,L7/159
9,607,L7/159,L8/319
9,607,L8/319,L9/639
9,607,L9/639,L9/627
9,607,L9/627,L9/626
9,607,L9/626,L9/631
9,607,L9/631,L9/630
9,607,L9/630,L9/612
9,607,L9/612,L9/584
9,607,L9/584,L9/587
9,607,L9/587,L9/591
9,607,L9/591,L9/590
9,607,L9/590,L9/576
9,607,L9/576,L9/583
9,607,L9/583,L9/582
9,607,L9/582,L9/592
9,607,L9/592,L9/593
9,607,L9/593,L9/607
9,608,L9/766,L9/745
9,608,L9/745,L9/1019
9,608,L9/1019,L8/509
9,608,L8/509,L8/470
9,608,L8/470,L9/941
9,608,L9/941,L9/973
9,608,L9/973,L8/486
9,608,L8/486,L7/243
9,608,L7/243,L7/247
9,608,L7/247,L8/494
9,608,L8/494,L9/989
9,608,L9/989,L9/985
9,608,L9/985,L9/984
9,608,L9/984,L9/637
9,608,L9/637,L8/318
9,608,L8/318,L7/159
9,608,L7/159,L8/319
9,608,L8/319,L9/639
9,608,L9/639,L9/627
9,608,L9/627,L9/626
9,608,L9/626,L9/631
9,608,L9/631,L9/630
9,608,L9/630,L9/612
9,608,L9/612,L9/584
9,608,L9/584,L9/587
9,608,L9/587,L9/591
9,608,L9/591,L9/590
9,608,L9/590,L9/576
9,608,L9/576,L9/583
9,608,L9/583,L9/582
9,608,L9/582,L9/592
9,608,L9/592,L9/593
9,608,L9/593,L9/607
9,608,L9/607,L9/605
9,608,L9/605,L9/608
9,609,L9/766,L9/745
9,609,L9/745,L9/1019
9,609,L9/1019,L8/509
9,609,L8/509,L8/470
9,609,L8/470,L9/941
9,609,L9/941,L9/973
9,609,L9/973,L8/486
9,609,L8/486,L7/243
9,609,L7/243,L7/247
9,609,L7/247,L8/494
9,609,L8/494,L9/989
9,609,L9/989,L9/985
9,609,L9/985,L9/984
9,609,L9/984,L9/637
9,609,L9/637,L8/318
9,609,L8/318,L7/159
9,609,L7/159,L8/319
9,609,L8/319,L9/639
9,609,L9/639,L9/627
9,609,L9/627,L9/626
9,609,L9/626,L9/631
9,609,L9/631,L9/630
9,609,L9/630,L9/612
9,609,L9/612,L9/614
9,609,L9/614,L8/307
9,609,L8/307,L8/304
9,609,L8/304,L9/609
9,610,L9/766,L9/745
9,610,L9/745,L9/1019
9,610,L9/1019,L8/509
9,610,L8/509,L8/470
9,610,L8/470,L9/941
9,610,L9/941,L9/973
9,610,L9/973,L8/486
9,610,L8/486,L7/243
9,610,L7/243,L7/247
9,610,L7/247,L8/494
9,610,L8/494,L9/989
9,610,L9/989,L9/985
9,610,L9/985,L9/984
9,610,L9/984,L9/637
9,610,L9/637,L8/318
9,610,L8/318,L7/159
9,610,L7/159,L8/319
9,610,L8/319,L9/639
9,610,L9/639,L9/627
9,610,L9/627,L9/626
9,610,L9/626,L9/631
9,610,L9/631,L9/630
9,610,L9/630,L9/612
9,610,L9/612,L9/614
9,610,L9/614,L8/307
9,610,L8/307,L8/305
9,610,L8/305,L9/610
9,611,L9/766,L9/745
9,611,L9/745,L9/1019
9,611,L9/1019,L8/509
9,611,L8/509,L8/470
9,611,L8/470,L9/941
9,611,L9/941,L9/973
9,611,L9/973,L8/486
9,611,L8/486,L7/243
9,611,L7/243,L7/247
9,611,L7/247,L8/494
9,611,L8/494,L9/989
9,611,L9/989,L9/985
9,611,L9/985,L9/984
9,611,L9/984,L9/637
9,611,L9/637,L8/318
9,611,L8/318,L7/159
9,611,L7/159,L8/319
9,611,L8/319,L9/639
9,611,L9/639,L9/627
9,611,L9/627,L9/626
9,611,L9/626,L9/631
9,611,L9/631,L9/630
9,611,L9/630,L9/612
9,611,L9/612,L9/614
9,611,L9/614,L8/307
9,611,L8/307,L8/305
9,611,L8/305,L9/611
9,612,L9/766,L9/745
9,612,L9/745,L9/1019
9,612,L9/1019,L8/509
9,612,L8/509,L8/470
9,612,L8/470,L9/941
9,612,L9/941,L9/973
9,612,L9/973,L8/486
9,612,L8/486,L7/243
9,612,L7/243,L7/247
9,612,L7/247,L8/494
9,612,L8/494,L9/989
9,612,L9/989,L9/985
9,612,L9/985,L9/984
9,612,L9/984,L9/637
9,612,L9/637,L8/318
9,612,L8/318,L7/159
9,612,L7/159,L8/319
9,612,L8/319,L9/639
9,612,L9/639,L9/627
9,612,L9/627,L9/626
9,612,L9/626,L9/631
9,612,L9/631,L9/630
9,612,L9/630,L9/612
9,613,L9/766,L9/745
9,613,L9/745,L9/1019
9,613,L9/1019,L8/509
9,613,L8/509,L8/470
9,613,L8/470,L9/941
9,613,L9/941,L9/973
9,613,L9/973,L8/486
9,613,L8/486,L7/243
9,613,L7/243,L7/247
9,613,L7/247,L8/494
9,613,L8/494,L9/989
9,613,L9/989,L9/985
9,613,L9/985,L9/984
9,613,L9/984,L9/637
9,613,L9/637,L8/318
9,613,L8/318,L7/159
9,613,L7/159,L8/319
9,613,L8/319,L9/639
9,613,L9/639,L9/627
9,613,L9/627,L9/626
9,613,L9/626,L9/631
9,613,L9/631,L9/630
9,613,L9/630,L9/612
9,613,L9/612,L9/613
9,614,L9/766,L9/745
9,614,L9/745,L9/1019
9,614,L9/1019,L8/509
9,614,L8/509,L8/470
9,614,L8/470,L9/941
9,614,L9/941,L9/973
9,614,L9/973,L8/486
9,614,L8/486,L7/243
9,614,L7/243,L7/247
9,614,L7/247,L8/494
9,614,L8/494,L9/989
9,614,L9/989,L9/985
9,614,L9/985,L9/984
9,614,L9/984,L9/637
9,614,L9/637,L8/318
9,614,L8/318,L7/159
9,614,L7/159,L8/319
9,614,L8/319,L9/639
9,614,L9/639,L9/627
9,614,L9/627,L9/626
9,614,L9/626,L9/631
9,614,L9/631,L9/630
9,614,L9/630,L9/612
9,614,L9/612,L9/614
9,615,L9/766,L9/745
9,615,L9/745,L9/1019
9,615,L9/1019,L8/509
9,615,L8/509,L8/470
9,615,L8/470,L9/941
9,615,L9/941,L9/973
9,615,L9/973,L8/486
9,615,L8/486,L7/243
9,615,L7/243,L7/247
9,615,L7/247,L8/494
9,615,L8/494,L9/989
9,615,L9/989,L9/985
9,615,L9/985,L9/984
9,615,L9/984,L9/637
9,615,L9/637,L8/318
9,615,L8/318,L7/159
9,615,L7/159,L8/319
9,615,L8/319,L9/639
9,615,L9/639,L9/627
9,615,L9/627,L9/626
9,615,L9/626,L9/631
9,615,L9/631,L9/630
9,615,L9/630,L9/612
9,615,L9/612,L9/613
9,615,L9/613,L9/615
9,616,L9/766,L9/745
9,616,L9/745,L9/1019
9,616,L9/1019,L8/509
9,616,L8/509,L8/470
9,616,L8/470,L9/941
9,616,L9/941,L9/973
9,616,L9/973,L8/486
9,616,L8/486,L7/243
9,616,L7/243,L7/247
9,616,L7/247,L8/494
9,616,L8/494,L9/989
9,616,L9/989,L9/985
9,616,L9/985,L9/984
9,616,L9/984,L9/637
9,616,L9/637,L8/318
9,616,L8/318,L7/159
9,616,L7/159,L8/319
9,616,L8/319,L9/638
9,616,L9/638,L9/634
9,616,L9/634,L8/317
9,616,L8/317,L8/308
9,616,L8/308,L9/616
9,617,L9/766,L9/745
9,617,L9/745,L9/1019
9,617,L9/1019,L8/509
9,617,L8/509,L8/470
9,617,L8/470,L9/941
9,617,L9/941,L9/973
9,617,L9/973,L8/486
9,617,L8/486,L7/243
9,617,L7/243,L7/247
9,617,L7/247,L8/494
9,617,L8/494,L9/989
9,617,L9/989,L9/985
9,617,L9/985,L9/984
9,617,L9/984,L9/637
9,617,L9/637,L8/318
9,617,L8/318,L7/159
9,617,L7/159,L8/319
9,617,L8/319,L9/638
9,617,L9/638,L9/634
9,617,L9/634,L8/317
9,617,L8/317,L8/308
9,617,L8/308,L9/617
9,618,L9/766,L9/745
9,618,L9/745,L9/1019
9,618,L9/1019,L8/509
9,618,L8/509,L8/470
9,618,L8/470,L9/941
9,618,L9/941,L9/973
9,618,L9/973,L8/486
9,618,L8/486,L7/243
9,618,L7/243,L7/247
9,618,L7/247,L8/494
9,618,L8/494,L9/989
9,618,L9/989,L9/985
9,618,L9/985,L9/984
9,618,L9/984,L9/637
9,618,L9/637,L8/318
9,618,L8/318,L7/159
9,618,L7/159,L8/319
9,618,L8/319,L9/638
9,618,L9/638,L9/634
9,618,L9/634,L8/317
9,618,L8/317,L8/308
9,618,L8/308,L9/616
9,618,L9/616,L9/618
9,619,L9/766,L9/745
9,619,L9/745,L9/1019
9,619,L9/1019,L8/509
9,619,L8/509,L8/470
9,619,L8/470,L9/941
9,619,L9/941,L9/973
9,619,L9/973,L8/486
9,619,L8/486,L7/243
9,619,L7/243,L7/247
9,619,L7/247,L8/494
9,619,L8/494,L9/989
9,619,L9/989,L9/985
9,619,L9/985,L9/984
9,619,L9/984,L9/637
9,619,L9/637,L8/318
9,619,L8/318,L7/159
9,619,L7/159,L8/319
9,619,L8/319,L9/638
9,619,L9/638,L9/634
9,619,L9/634,L8/317
9,619,L8/317,L8/308
9,619,L8/308,L9/617
9,619,L9/617,L9/619
9,620,L9/766,L9/745
9,620,L9/745,L9/1019
9,620,L9/1019,L8/509
9,620,L8/509,L8/470
9,620,L8/470,L9/941
9,620,L9/941,L9/973
9,620,L9/973,L8/486
9,620,L8/486,L7/243
9,620,L7/243,L7/247
9,620,L7/247,L8/494
9,620,L8/494,L9/989
9,620,L9/989,L9/985
9,620,L9/985,L9/984
9,620,L9/984,L9/637
9,620,L9/637,L8/318
9,620,L8/318,L7/159
9,620,L7/159,L8/319
9,620,L8/319,L9/638
9,620,L9/638,L9/634
9,620,L9/634,L8/317
9,620,L8/317,L8/308
9,620,L8/308,L9/617
9,620,L9/617,L9/622
9,620,L9/622,L9/620
9,621,L9/766,L9/745
9,621,L9/745,L9/1019
9,621,L9/1019,L8/509
9,621,L8/509,L8/470
9,621,L8/470,L9/941
9,621,L9/941,L9/973
9,621,L9/973,L8/486
9,621,L8/486,L7/243
9,621,L7/243,L7/247
9,621,L7/247,L8/494
9,621,L8/494,L9/989
9,621,L9/989,L9/985
9,621,L9/985,L9/984
9,621,L9/984,L9/637
9,621,L9/637,L8/318
9,621,L8/318,L7/159
9,621,L7/159,L8/319
9,621,L8/319,L9/638
9,621,L9/638,L9/634
9,621,L9/634,L8/317
9,621,L8/317,L8/308
9,621,L8/308,L9/617
9,621,L9/617,L9/622
9,621,L9/622,L9/621
9,622,L9/766,L9/745
9,622,L9/745,L9/1019
9,622,L9/1019,L8/509
9,622,L8/509,L8/470
9,622,L8/470,L9/941
9,622,L9/941,L9/973
9,622,L9/973,L8/486
9,622,L8/486,L7/243
9,622,L7/243,L7/247
9,622,L7/247,L8/494
9,622,L8/494,L9/989
9,622,L9/989,L9/985
9,622,L9/985,L9/984
9,622,L9/984,L9/637
9,622,L9/637,L8/318
9,622,L8/318,L7/159
9,622,L7/159,L8/319
9,622,L8/319,L9/638
9,622,L9/638,L9/634
9,622,L9/634,L8/317
9,622,L8/317,L8/308
9,622,L8/308,L9/617
9,622,L9/617,L9/622
9,623,L9/766,L9/745
9,623,L9/745,L9/1019
9,623,L9/1019,L8/509
9,623,L8/509,L8/470
9,623,L8/470,L9/941
9,623,L9/941,L9/973
9,623,L9/973,L8/486
9,623,L8/486,L7/243
9,623,L7/243,L7/247
9,623,L7/247,L8/494
9,623,L8/494,L9/989
9,623,L9/989,L9/985
9,623,L9/985,L9/984
9,623,L9/984,L9/637
9,623,L9/637,L8/318
9,623,L8/318,L7/159
9,623,L7/159,L8/319
9,623,L8/319,L9/638
9,623,L9/638,L9/634
9,623,L9/634,L8/317
9,623,L8/317,L8/308
9,623,L8/308,L9/617
9,623,L9/617,L9/622
9,623,L9/622,L9/623
9,624,L9/766,L9/745
9,624,L9/745,L9/1019
9,624,L9/1019,L8/509
9,624,L8/509,L8/470
9,624,L8/470,L9/941
9,624,L9/941,L9/973
9,624,L9/973,L8/486
9,624,L8/486,L7/243
9,624,L7/243,L7/247
9,624,L7/247,L8/494
9,624,L8/494,L9/989
9,624,L9/989,L9/985
9,624,L9/985,L9/984
9,624,L9/984,L9/637
9,624,L9/637,L8/318
9,624,L8/318,L7/159
9,624,L7/159,L8/319
9,624,L8/319,L9/639
9,624,L9/639,L9/625
9,624,L9/625,L9/624
9,625,L9/766,L9/745
9,625,L9/745,L9/1019
9,625,L9/1019,L8/509
9,625,L8/509,L8/470
9,625,L8/470,L9/941
9,625,L9/941,L9/973
9,625,L9/973,L8/486
9,625,L8/486,L7/243
9,625,L7/243,L7/247
9,625,L7/247,L8/494
9,625,L8/494,L9/989
9,625,L9/989,L9/985
9,625,L9/985,L9/984
9,625,L9/984,L9/637
9,625,L9/637,L8/318
9,625,L8/318,L7/159
9,625,L7/159,L8/319
9,625,L8/319,L9/639
9,625,L9/639,L9/625
9,626,L9/766,L9/745
9,626,L9/745,L9/1019
9,626,L9/1019,L8/509
9,626,L8/509,L8/470
9,626,L8/470,L9/941
9,626,L9/941,L9/973
9,626,L9/973,L8/486
9,626,L8/486,L7/243
9,626,L7/243,L7/247
9,626,L7/247,L8/494
9,626,L8/494,L9/989
9,626,L9/989,L9/985
9,626,L9/985,L9/984
9,626,L9/984,L9/637
9,626,L9/637,L8/318
9,626,L8/318,L7/159
9,626,L7/159,L8/319
9,626,L8/319,L9/639
9,626,L9/639,L9/627
9,626,L9/627,L9/626
9,627,L9/766,L9/745
9,627,L9/745,L9/1019
9,627,L9/1019,L8/509
9,627,L8/509,L8/470
9,627,L8/470,L9/941
9,627,L9/941,L9/973
9,627,L9/973,L8/486
9,627,L8/486,L7/243
9,627,L7/243,L7/247
9,627,L7/247,L8/494
9,627,L8/494,L9/989
9,627,L9/989,L9/985
9,627,L9/985,L9/984
9,627,L9/984,L9/637
9,627,L9/637,L8/318
9,627,L8/318,L7/159
9,627,L7/159,L8/319
9,627,L8/319,L9/639
9,627,L9/639,L9/627
9,628,L9/766,L9/745
9,628,L9/745,L9/1019
9,628,L9/1019,L8/509
9,628,L8/509,L8/470
9,628,L8/470,L9/941
9,628,L9/941,L9/973
9,628,L9/973,L8/486
9,628,L8/486,L7/243
9,628,L7/243,L7/247
9,628,L7/247,L8/494
9,628,L8/494,L9/989
9,628,L9/989,L9/985
9,628,L9/985,L9/984
9,628,L9/984,L9/637
9,628,L9/637,L8/318
9,628,L8/318,L7/159
9,628,L7/159,L8/319
9,628,L8/319,L9/639
9,628,L9/639,L9/627
9,628,L9/627,L9/626
9,628,L9/626,L9/631
9,628,L9/631,L9/628
9,629,L9/766,L9/745
9,629,L9/745,L9/1019
9,629,L9/1019,L8/509
9,629,L8/509,L8/470
9,629,L8/470,L9/941
9,629,L9/941,L9/973
9,629,L9/973,L8/486
9,629,L8/486,L7/243
9,629,L7/243,L7/247
9,629,L7/247,L8/494
9,629,L8/494,L9/989
9,629,L9/989,L9/985
9,629,L9/985,L9/984
9,629,L9/984,L9/637
9,629,L9/637,L8/318
9,629,L8/318,L7/159
9,629,L7/159,L8/319
9,629,L8/319,L9/639
9,629,L9/639,L9/625
9,629,L9/625,L9/624
9,629,L9/624,L9/629
9,630,L9/766,L9/745
9,630,L9/745,L9/1019
9,630,L9/1019,L8/509
9,630,L8/509,L8/470
9,630,L8/470,L9/941
9,630,L9/941,L9/973
9,630,L9/973,L8/486
9,630,L8/486,L7/243
9,630,L7/243,L7/247
9,630,L7/247,L8/494
9,630,L8/494,L9/989
9,630,L9/989,L9/985
9,630,L9/985,L9/984
9,630,L9/984,L9/637
9,630,L9/637,L8/318
9,630,L8/318,L7/159
9,630,L7/159,L8/319
9,630,L8/319,L9/639
9,630,L9/639,L9/627
9,630,L9/627,L9/626
9,630,L9/626,L9/631
9,630,L9/631,L9/630
9,631,L9/766,L9/745
9,631,L9/745,L9/1019
9,631,L9/1019,L8/509
9,631,L8/509,L8/470
9,631,L8/470,L9/941
9,631,L9/941,L9/973
9,631,L9/973,L8/486
9,631,L8/486,L7/243
9,631,L7/243,L7/247
9,631,L7/247,L8/494
9,631,L8/494,L9/989
9,631,L9/989,L9/985
9,631,L9/985,L9/984
9,631,L9/984,L9/637
9,631,L9/637,L8/318
9,631,L8/318,L7/159
9,631,L7/159,L8/319
9,631,L8/319,L9/639
9,631,L9/639,L9/627
9,631,L9/627,L9/626
9,631,L9/626,L9/631
9,632,L9/766,L9/745
9,632,L9/745,L9/1019
9,632,L9/1019,L8/509
9,632,L8/509,L8/470
9,632,L8/470,L9/941
9,632,L9/941,L9/973
9,632,L9/973,L8/486
9,632,L8/486,L7/243
9,632,L7/243,L7/247
9,632,L7/247,L8/494
9,632,L8/494,L9/989
9,632,L9/989,L9/985
9,632,L9/985,L9/984
9,632,L9/984,L9/637
9,632,L9/637,L8/318
9,632,L8/318,L7/159
9,632,L7/159,L8/319
9,632,L8/319,L9/639
9,632,L9/639,L9/632
9,633,L9/766,L9/745
9,633,L9/745,L9/1019
9,633,L9/1019,L8/509
9,633,L8/509,L8/470
9,633,L8/470,L9/941
9,633,L9/941,L9/973
9,633,L9/973,L8/486
9,633,L8/486,L7/243
9,633,L7/243,L7/247
9,633,L7/247,L8/494
9,633,L8/494,L9/989
9,633,L9/989,L9/985
9,633,L9/985,L9/984
9,633,L9/984,L9/637
9,633,L9/637,L8/318
9,633,L8/318,L7/159
9,633,L7/159,L8/319
9,633,L8/319,L9/638
9,633,L9/638,L9/633
9,634,L9/766,L9/745
9,634,L9/745,L9/1019
9,634,L9/1019,L8/509
9,634,L8/509,L8/470
9,634,L8/470,L9/941
9,634,L9/941,L9/973
9,634,L9/973,L8/486
9,634,L8/486,L7/243
9,634,L7/243,L7/247
9,634,L7/247,L8/494
9,634,L8/494,L9/989
9,634,L9/989,L9/985
9,634,L9/985,L9/984
9,634,L9/984,L9/637
9,634,L9/637,L8/318
9,634,L8/318,L7/159
9,634,L7/159,L8/319
9,634,L8/319,L9/638
9,634,L9/638,L9/634
9,635,L9/766,L9/745
9,635,L9/745,L9/1019
9,635,L9/1019,L8/509
9,635,L8/509,L8/470
9,635,L8/470,L9/941
9,635,L9/941,L9/973
9,635,L9/973,L8/486
9,635,L8/486,L7/243
9,635,L7/243,L7/247
9,635,L7/247,L8/494
9,635,L8/494,L9/989
9,635,L9/989,L9/985
9,635,L9/985,L9/984
9,635,L9/984,L9/637
9,635,L9/637,L8/318
9,635,L8/318,L7/159
9,635,L7/159,L8/319
9,635,L8/319,L9/638
9,635,L9/638,L9/633
9,635,L9/633,L9/635
9,636,L9/766,L9/745
9,636,L9/745,L9/1019
9,636,L9/1019,L8/509
9,636,L8/509,L8/470
9,636,L8/470,L9/941
9,636,L9/941,L9/973
9,636,L9/973,L8/486
9,636,L8/486,L7/243
9,636,L7/243,L7/247
9,636,L7/247,L8/494
9,636,L8/494,L9/989
9,636,L9/989,L9/985
9,636,L9/985,L9/984
9,636,L9/984,L9/637
9,636,L9/637,L9/636
9,637,L9/766,L9/745
9,637,L9/745,L9/1019
9,637,L9/1019,L8/509
9,637,L8/509,L8/470
9,637,L8/470,L9/941
9,637,L9/941,L9/973
9,637,L9/973,L8/486
9,637,L8/486,L7/243
9,637,L7/243,L7/247
9,637,L7/247,L8/494
9,637,L8/494,L9/989
9,637,L9/989,L9/985
9,637,L9/985,L9/984
9,637,L9/984,L9/637
9,638,L9/766,L9/745
9,638,L9/745,L9/1019
9,638,L9/1019,L8/509
9,638,L8/509,L8/470
9,638,L8/470,L9/941
9,638,L9/941,L9/973
9,638,L9/973,L8/486
9,638,L8/486,L7/243
9,638,L7/243,L7/247
9,638,L7/247,L8/494
9,638,L8/494,L9/989
9,638,L9/989,L9/985
9,638,L9/985,L9/984
9,638,L9/984,L9/637
9,638,L9/637,L8/318
9,638,L8/318,L7/159
9,638,L7/159,L8/319
9,638,L8/319,L9/638
9,639,L9/766,L9/745
9,639,L9/745,L9/1019
9,639,L9/1019,L8/509
9,639,L8/509,L8/470
9,639,L8/470,L9/941
9,639,L9/941,L9/973
9,639,L9/973,L8/486
9,639,L8/486,L7/243
9,639,L7/243,L7/247
9,639,L7/247,L8/494
9,639,L8/494,L9/989
9,639,L9/989,L9/985
9,639,L9/985,L9/984
9,639,L9/984,L9/637
9,639,L9/637,L8/318
9,639,L8/318,L7/159
9,639,L7/159,L8/319
9,639,L8/319,L9/639
9,640,L9/766,L8/383
9,640,L8/383,L8/374
9,640,L8/374,L9/749
9,640,L9/749,L9/643
9,640,L9/643,L8/321
9,640,L8/321,L8/320
9,640,L8/320,L9/640
9,641,L9/766,L8/383
9,641,L8/383,L8/374
9,641,L8/374,L9/749
9,641,L9/749,L9/643
9,641,L9/643,L8/321
9,641,L8/321,L8/320
9,641,L8/320,L9/641
9,642,L9/766,L8/383
9,642,L8/383,L8/375
9,642,L8/375,L9/750
9,642,L9/750,L9/642
9,643,L9/766,L8/383
9,643,L8/383,L8/374
9,643,L8/374,L9/749
9,643,L9/749,L9/643
9,644,L9/766,L8/383
9,644,L8/383,L8/374
9,644,L8/374,L9/749
9,644,L9/749,L9/643
9,644,L9/643,L8/321
9,644,L8/321,L8/322
9,644,L8/322,L9/644
9,645,L9/766,L8/383
9,645,L8/383,L8/374
9,645,L8/374,L9/749
9,645,L9/749,L9/643
9,645,L9/643,L8/321
9,645,L8/321,L8/322
9,645,L8/322,L9/645
9,646,L9/766,L8/383
9,646,L8/383,L8/382
9,646,L8/382,L9/764
9,646,L9/764,L9/762
9,646,L9/762,L9/757
9,646,L9/757,L9/755
9,646,L9/755,L9/727
9,646,L9/727,L9/726
9,646,L9/726,L9/724
9,646,L9/724,L9/691
9,646,L9/691,L8/345
9,646,L8/345,L9/690
9,646,L9/690,L9/697
9,646,L9/697,L9/702
9,646,L9/702,L9/646
9,647,L9/766,L8/383
9,647,L8/383,L8/382
9,647,L8/382,L9/764
9,647,L9/764,L9/762
9,647,L9/762,L9/757
9,647,L9/757,L9/755
9,647,L9/755,L9/727
9,647,L9/727,L9/726
9,647,L9/726,L9/724
9,647,L9/724,L9/691
9,647,L9/691,L8/345
9,647,L8/345,L9/690
9,647,L9/690,L9/697
9,647,L9/697,L9/702
9,647,L9/702,L9/647
9,648,L9/766,L8/383
9,648,L8/383,L8/374
9,648,L8/374,L9/749
9,648,L9/749,L9/648
9,649,L9/766,L8/383
9,649,L8/383,L8/374
9,649,L8/374,L9/748
9,649,L9/748,L9/649
9,650,L9/766,L8/383
9,650,L8/383,L8/374
9,650,L8/374,L9/748
9,650,L9/748,L9/649
9,650,L9/649,L8/324
9,650,L8/324,L8/325
9,650,L8/325,L9/650
9,651,L9/766,L8/383
9,651,L8/383,L8/374
9,651,L8/374,L9/748
9,651,L9/748,L9/649
9,651,L9/649,L8/324
9,651,L8/324,L8/325
9,651,L8/325,L9/651
9,652,L9/766,L8/383
9,652,L8/383,L8/374
9,652,L8/374,L9/748
9,652,L9/748,L9/649
9,652,L9/649,L8/324
9,652,L8/324,L8/326
9,652,L8/326,L9/652
9,653,L9/766,L8/383
9,653,L8/383,L8/374
9,653,L8/374,L9/748
9,653,L9/748,L9/649
9,653,L9/649,L8/324
9,653,L8/324,L8/326
9,653,L8/326,L9/653
9,654,L9/766,L8/383
9,654,L8/383,L8/382
9,654,L8/382,L9/764
9,654,L9/764,L9/762
9,654,L9/762,L9/757
9,654,L9/757,L9/755
9,654,L9/755,L9/727
9,654,L9/727,L9/726
9,654,L9/726,L9/724
9,654,L9/724,L9/691
9,654,L9/691,L8/345
9,654,L8/345,L9/690
9,654,L9/690,L9/697
9,654,L9/697,L9/702
9,654,L9/702,L9/646
9,654,L9/646,L9/654
9,655,L9/766,L8/383
9,655,L8/383,L8/382
9,655,L8/382,L9/764
9,655,L9/764,L9/762
9,655,L9/762,L9/757
9,655,L9/757,L9/755
9,655,L9/755,L9/727
9,655,L9/727,L9/726
9,655,L9/726,L9/724
9,655,L9/724,L9/691
9,655,L9/691,L8/345
9,655,L8/345,L9/690
9,655,L9/690,L9/697
9,655,L9/697,L9/702
9,655,L9/702,L9/646
9,655,L9/646,L9/655
9,656,L9/766,L8/383
9,656,L8/383,L8/371
9,656,L8/371,L9/742
9,656,L9/742,L9/737
9,656,L9/737,L9/657
9,656,L9/657,L8/328
9,656,L8/328,L9/656
9,657,L9/766,L8/383
9,657,L8/383,L8/371
9,657,L8/371,L9/742
9,657,L9/742,L9/737
9,657,L9/737,L9/657
9,658,L9/766,L8/383
9,658,L8/383,L8/371
9,658,L8/371,L9/742
9,658,L9/742,L9/737
9,658,L9/737,L9/657
9,658,L9/657,L8/328
9,658,L8/328,L8/329
9,658,L8/329,L9/658
9,659,L9/766,L8/383
9,659,L8/383,L8/371
9,659,L8/371,L9/742
9,659,L9/742,L9/737
9,659,L9/737,L9/657
9,659,L9/657,L8/328
9,659,L8/328,L8/329
9,659,L8/329,L9/659
9,660,L9/766,L8/383
9,660,L8/383,L8/374
9,660,L8/374,L9/749
9,660,L9/749,L9/643
9,660,L9/643,L8/321
9,660,L8/321,L8/322
9,660,L8/322,L9/644
9,660,L9/644,L9/660
9,661,L9/766,L8/383
9,661,L8/383,L8/374
9,661,L8/374,L9/748
9,661,L9/748,L9/649
9,661,L9/649,L8/324
9,661,L8/324,L8/325
9,661,L8/325,L9/651
9,661,L9/651,L9/661
9,662,L9/766,L8/383
9,662,L8/383,L8/374
9,662,L8/374,L9/748
9,662,L9/748,L9/649
9,662,L9/649,L8/324
9,662,L8/324,L8/325
9,662,L8/325,L9/651
9,662,L9/651,L9/662
9,663,L9/766,L8/383
9,663,L8/383,L8/371
9,663,L8/371,L9/742
9,663,L9/742,L9/737
9,663,L9/737,L9/657
9,663,L9/657,L8/328
9,663,L8/328,L8/329
9,663,L8/329,L9/658
9,663,L9/658,L9/663
9,664,L9/766,L8/383
9,664,L8/383,L8/374
9,664,L8/374,L9/749
9,664,L9/749,L9/643
9,664,L9/643,L8/321
9,664,L8/321,L8/320
9,664,L8/320,L9/640
9,664,L9/640,L9/664
9,665,L9/766,L9/745
9,665,L9/745,L8/372
9,665,L8/372,L8/277
9,665,L8/277,L9/554
9,665,L9/554,L9/671
9,665,L9/671,L8/335
9,665,L8/335,L8/332
9,665,L8/332,L9/665
9,666,L9/766,L8/383
9,666,L8/383,L8/374
9,666,L8/374,L9/749
9,666,L9/749,L9/643
9,666,L9/643,L8/321
9,666,L8/321,L8/320
9,666,L8/320,L9/640
9,666,L9/640,L9/666
9,667,L9/766,L9/745
9,667,L9/745,L8/372
9,667,L8/372,L8/277
9,667,L8/277,L9/554
9,667,L9/554,L9/671
9,667,L9/671,L8/335
9,667,L8/335,L8/333
9,667,L8/333,L9/667
9,668,L9/766,L9/745
9,668,L9/745,L8/372
9,668,L8/372,L8/277
9,668,L8/277,L9/554
9,668,L9/554,L9/671
9,668,L9/671,L8/335
9,668,L8/335,L8/334
9,668,L8/334,L9/668
9,669,L9/766,L9/745
9,669,L9/745,L8/372
9,669,L8/372,L8/277
9,669,L8/277,L9/554
9,669,L9/554,L9/671
9,669,L9/671,L8/335
9,669,L8/335,L8/334
9,669,L8/334,L9/669
9,670,L9/766,L9/745
9,670,L9/745,L8/372
9,670,L8/372,L8/373
9,670,L8/373,L9/747
9,670,L9/747,L9/719
9,670,L9/719,L9/670
9,671,L9/766,L9/745
9,671,L9/745,L8/372
9,671,L8/372,L8/277
9,671,L8/277,L9/554
9,671,L9/554,L9/671
9,672,L9/766,L8/383
9,672,L8/383,L8/371
9,672,L8/371,L9/743
9,672,L9/743,L9/676
9,672,L9/676,L8/338
9,672,L8/338,L8/339
9,672,L8/339,L9/678
9,672,L9/678,L9/672
9,673,L9/766,L8/383
9,673,L8/383,L8/382
9,673,L8/382,L9/764
9,673,L9/764,L9/762
9,673,L9/762,L9/757
9,673,L9/757,L9/755
9,673,L9/755,L9/727
9,673,L9/727,L9/726
9,673,L9/726,L9/724
9,673,L9/724,L9/691
9,673,L9/691,L8/345
9,673,L8/345,L9/690
9,673,L9/690,L9/675
9,673,L9/675,L9/674
9,673,L9/674,L9/679
9,673,L9/679,L9/673
9,674,L9/766,L8/383
9,674,L8/383,L8/382
9,674,L8/382,L9/764
9,674,L9/764,L9/762
9,674,L9/762,L9/757
9,674,L9/757,L9/755
9,674,L9/755,L9/727
9,674,L9/727,L9/726
9,674,L9/726,L9/724
9,674,L9/724,L9/691
9,674,L9/691,L8/345
9,674,L8/345,L9/690
9,674,L9/690,L9/675
9,674,L9/675,L9/674
9,675,L9/766,L8/383
9,675,L8/383,L8/382
9,675,L8/382,L9/764
9,675,L9/764,L9/762
9,675,L9/762,L9/757
9,675,L9/757,L9/755
9,675,L9/755,L9/727
9,675,L9/727,L9/726
9,675,L9/726,L9/724
9,675,L9/724,L9/691
9,675,L9/691,L8/345
9,675,L8/345,L9/690
9,675,L9/690,L9/675
9,676,L9/766,L8/383
9,676,L8/383,L8/371
9,676,L8/371,L9/743
9,676,L9/743,L9/676
9,677,L9/766,L8/383
9,677,L8/383,L8/371
9,677,L8/371,L9/743
9,677,L9/743,L9/677
9,678,L9/766,L8/383
9,678,L8/383,L8/371
9,678,L8/371,L9/743
9,678,L9/743,L9/676
9,678,L9/676,L8/338
9,678,L8/338,L8/339
9,678,L8/339,L9/678
9,679,L9/766,L8/383
9,679,L8/383,L8/382
9,679,L8/382,L9/764
9,679,L9/764,L9/762
9,679,L9/762,L9/757
9,679,L9/757,L9/755
9,679,L9/755,L9/727
9,679,L9/727,L9/726
9,679,L9/726,L9/724
9,679,L9/724,L9/691
9,679,L9/691,L8/345
9,679,L8/345,L9/690
9,679,L9/690,L9/675
9,679,L9/675,L9/674
9,679,L9/674,L9/679
9,680,L9/766,L8/383
9,680,L8/383,L8/382
9,680,L8/382,L9/764
9,680,L9/764,L9/762
9,680,L9/762,L9/757
9,680,L9/757,L9/755
9,680,L9/755,L9/727
9,680,L9/727,L9/726
9,680,L9/726,L9/724
9,680,L9/724,L9/691
9,680,L9/691,L8/345
9,680,L8/345,L9/690
9,680,L9/690,L9/675
9,680,L9/675,L9/700
9,680,L9/700,L9/701
9,680,L9/701,L9/680
9,681,L9/766,L8/383
9,681,L8/383,L8/382
9,681,L8/382,L9/764
9,681,L9/764,L9/762
9,681,L9/762,L9/757
9,681,L9/757,L9/755
9,681,L9/755,L9/727
9,681,L9/727,L9/726
9,681,L9/726,L9/724
9,681,L9/724,L9/691
9,681,L9/691,L8/345
9,681,L8/345,L9/690
9,681,L9/690,L9/675
9,681,L9/675,L9/700
9,681,L9/700,L9/701
9,681,L9/701,L9/680
9,681,L9/680,L9/681
9,682,L9/766,L8/383
9,682,L8/383,L8/382
9,682,L8/382,L9/764
9,682,L9/764,L9/762
9,682,L9/762,L9/757
9,682,L9/757,L9/755
9,682,L9/755,L9/727
9,682,L9/727,L9/726
9,682,L9/726,L9/724
9,682,L9/724,L9/691
9,682,L9/691,L8/345
9,682,L8/345,L9/690
9,682,L9/690,L9/675
9,682,L9/675,L9/700
9,682,L9/700,L9/701
9,682,L9/701,L9/680
9,682,L9/680,L9/682
9,683,L9/766,L9/745
9,683,L9/745,L8/372
9,683,L8/372,L8/277
9,683,L8/277,L9/554
9,683,L9/554,L9/671
9,683,L9/671,L8/335
9,683,L8/335,L8/341
9,683,L8/341,L9/683
9,684,L9/766,L8/383
9,684,L8/383,L8/382
9,684,L8/382,L9/764
9,684,L9/764,L9/762
9,684,L9/762,L9/757
9,684,L9/757,L9/755
9,684,L9/755,L9/727
9,684,L9/727,L9/726
9,684,L9/726,L9/724
9,684,L9/724,L9/691
9,684,L9/691,L8/345
9,684,L8/345,L9/690
9,684,L9/690,L9/675
9,684,L9/675,L9/700
9,684,L9/700,L9/701
9,684,L9/701,L9/680
9,684,L9/680,L9/681
9,684,L9/681,L9/684
9,685,L9/766,L8/383
9,685,L8/383,L8/371
9,685,L8/371,L9/743
9,685,L9/743,L9/676
9,685,L9/676,L8/338
9,685,L8/338,L8/339
9,685,L8/339,L9/678
9,685,L9/678,L9/672
9,685,L9/672,L9/685
9,686,L9/766,L9/745
9,686,L9/745,L8/372
9,686,L8/372,L8/277
9,686,L8/277,L9/554
9,686,L9/554,L9/671
9,686,L9/671,L8/335
9,686,L8/335,L8/343
9,686,L8/343,L9/686
9,687,L9/766,L9/745
9,687,L9/745,L8/372
9,687,L8/372,L8/277
9,687,L8/277,L9/554
9,687,L9/554,L9/671
9,687,L9/671,L8/335
9,687,L8/335,L8/343
9,687,L8/343,L9/687
9,688,L9/766,L8/383
9,688,L8/383,L8/382
9,688,L8/382,L9/764
9,688,L9/764,L9/762
9,688,L9/762,L9/757
9,688,L9/757,L9/755
9,688,L9/755,L9/727
9,688,L9/727,L9/726
9,688,L9/726,L9/724
9,688,L9/724,L9/691
9,688,L9/691,L8/345
9,688,L8/345,L9/690
9,688,L9/690,L9/692
9,688,L9/692,L9/688
9,689,L9/766,L8/383
9,689,L8/383,L8/382
9,689,L8/382,L9/764
9,689,L9/764,L9/762
9,689,L9/762,L9/757
9,689,L9/757,L9/755
9,689,L9/755,L9/727
9,689,L9/727,L9/726
9,689,L9/726,L9/724
9,689,L9/724,L9/691
9,689,L9/691,L8/345
9,689,L8/345,L9/690
9,689,L9/690,L9/689
9,690,L9/766,L8/383
9,690,L8/383,L8/382
9,690,L8/382,L9/764
9,690,L9/764,L9/762
9,690,L9/762,L9/757
9,690,L9/757,L9/755
9,690,L9/755,L9/727
9,690,L9/727,L9/726
9,690,L9/726,L9/724
9,690,L9/724,L9/691
9,690,L9/691,L8/345
9,690,L8/345,L9/690
9,691,L9/766,L8/383
9,691,L8/383,L8/382
9,691,L8/382,L9/764
9,691,L9/764,L9/762
9,691,L9/762,L9/757
9,691,L9/757,L9/755
9,691,L9/755,L9/727
9,691,L9/727,L9/726
9,691,L9/726,L9/724
9,691,L9/724,L9/691
9,692,L9/766,L8/383
9,692,L8/383,L8/382
9,692,L8/382,L9/764
9,692,L9/764,L9/762
9,692,L9/762,L9/757
9,692,L9/757,L9/755
9,692,L9/755,L9/727
9,692,L9/727,L9/726
9,692,L9/726,L9/724
9,692,L9/724,L9/691
9,692,L9/691,L8/345
9,692,L8/345,L9/690
9,692,L9/690,L9/692
9,693,L9/766,L8/383
9,693,L8/383,L8/382
9,693,L8/382,L9/764
9,693,L9/764,L9/762
9,693,L9/762,L9/757
9,693,L9/757,L9/755
9,693,L9/755,L9/727
9,693,L9/727,L9/726
9,693,L9/726,L9/724
9,693,L9/724,L9/691
9,693,L9/691,L8/345
9,693,L8/345,L9/690
9,693,L9/690,L9/693
9,694,L9/766,L8/383
9,694,L8/383,L8/382
9,694,L8/382,L9/764
9,694,L9/764,L9/694
9,695,L9/766,L8/383
9,695,L8/383,L8/382
9,695,L8/382,L9/764
9,695,L9/764,L9/694
9,695,L9/694,L8/347
9,695,L8/347,L9/695
9,696,L9/766,L8/383
9,696,L8/383,L8/382
9,696,L8/382,L9/764
9,696,L9/764,L9/762
9,696,L9/762,L9/757
9,696,L9/757,L9/755
9,696,L9/755,L9/727
9,696,L9/727,L9/726
9,696,L9/726,L9/724
9,696,L9/724,L9/691
9,696,L9/691,L8/345
9,696,L8/345,L9/690
9,696,L9/690,L9/697
9,696,L9/697,L9/696
9,697,L9/766,L8/383
9,697,L8/383,L8/382
9,697,L8/382,L9/764
9,697,L9/764,L9/762
9,697,L9/762,L9/757
9,697,L9/757,L9/755
9,697,L9/755,L9/727
9,697,L9/727,L9/726
9,697,L9/726,L9/724
9,697,L9/724,L9/691
9,697,L9/691,L8/345
9,697,L8/345,L9/690
9,697,L9/690,L9/697
9,698,L9/766,L8/383
9,698,L8/383,L8/374
9,698,L8/374,L9/748
9,698,L9/748,L9/698
9,699,L9/766,L8/383
9,699,L8/383,L8/374
9,699,L8/374,L9/748
9,699,L9/748,L9/698
9,699,L9/698,L8/349
9,699,L8/349,L9/699
9,700,L9/766,L8/383
9,700,L8/383,L8/382
9,700,L8/382,L9/764
9,700,L9/764,L9/762
9,700,L9/762,L9/757
9,700,L9/757,L9/755
9,700,L9/755,L9/727
9,700,L9/727,L9/726
9,700,L9/726,L9/724
9,700,L9/724,L9/691
9,700,L9/691,L8/345
9,700,L8/345,L9/690
9,700,L9/690,L9/675
9,700,L9/675,L9/700
9,701,L9/766,L8/383
9,701,L8/383,L8/382
9,701,L8/382,L9/764
9,701,L9/764,L9/762
9,701,L9/762,L9/757
9,701,L9/757,L9/755
9,701,L9/755,L9/727
9,701,L9/727,L9/726
9,701,L9/726,L9/724
9,701,L9/724,L9/691
9,701,L9/691,L8/345
9,701,L8/345,L9/690
9,701,L9/690,L9/675
9,701,L9/675,L9/700
9,701,L9/700,L9/701
9,702,L9/766,L8/383
9,702,L8/383,L8/382
9,702,L8/382,L9/764
9,702,L9/764,L9/762
9,702,L9/762,L9/757
9,702,L9/757,L9/755
9,702,L9/755,L9/727
9,702,L9/727,L9/726
9,702,L9/726,L9/724
9,702,L9/724,L9/691
9,702,L9/691,L8/345
9,702,L8/345,L9/690
9,702,L9/690,L9/697
9,702,L9/697,L9/702
9,703,L9/766,L8/383
9,703,L8/383,L8/382
9,703,L8/382,L9/764
9,703,L9/764,L9/762
9,703,L9/762,L9/757
9,703,L9/757,L9/755
9,703,L9/755,L9/727
9,703,L9/727,L9/726
9,703,L9/726,L9/724
9,703,L9/724,L9/691
9,703,L9/691,L8/345
9,703,L8/345,L9/690
9,703,L9/690,L9/697
9,703,L9/697,L9/703
9,704,L9/766,L8/383
9,704,L8/383,L8/382
9,704,L8/382,L9/764
9,704,L9/764,L9/762
9,704,L9/762,L9/757
9,704,L9/757,L9/755
9,704,L9/755,L9/727
9,704,L9/727,L9/726
9,704,L9/726,L9/725
9,704,L9/725,L9/721
9,704,L9/721,L9/711
9,704,L9/711,L9/705
9,704,L9/705,L9/704
9,705,L9/766,L8/383
9,705,L8/383,L8/382
9,705,L8/382,L9/764
9,705,L9/764,L9/762
9,705,L9/762,L9/757
9,705,L9/757,L9/755
9,705,L9/755,L9/727
9,705,L9/727,L9/726
9,705,L9/726,L9/725
9,705,L9/725,L9/721
9,705,L9/721,L9/711
9,705,L9/711,L9/705
9,706,L9/766,L8/383
9,706,L8/383,L8/382
9,706,L8/382,L9/764
9,706,L9/764,L9/694
9,706,L9/694,L8/347
9,706,L8/347,L9/695
9,706,L9/695,L9/733
9,706,L9/733,L9/728
9,706,L9/728,L9/729
9,706,L9/729,L9/706
9,707,L9/766,L8/383
9,707,L8/383,L8/382
9,707,L8/382,L9/764
9,707,L9/764,L9/694
9,707,L9/694,L8/347
9,707,L8/347,L9/695
9,707,L9/695,L9/733
9,707,L9/733,L9/728
9,707,L9/728,L9/729
9,707,L9/729,L9/706
9,707,L9/706,L8/353
9,707,L8/353,L9/707
9,708,L9/766,L8/383
9,708,L8/383,L8/382
9,708,L8/382,L9/764
9,708,L9/764,L9/762
9,708,L9/762,L9/757
9,708,L9/757,L9/755
9,708,L9/755,L9/727
9,708,L9/727,L9/726
9,708,L9/726,L9/725
9,708,L9/725,L9/708
9,709,L9/766,L8/383
9,709,L8/383,L8/382
9,709,L8/382,L9/764
9,709,L9/764,L9/694
9,709,L9/694,L8/347
9,709,L8/347,L9/695
9,709,L9/695,L9/735
9,709,L9/735,L9/722
9,709,L9/722,L9/709
9,710,L9/766,L8/383
9,710,L8/383,L8/382
9,710,L8/382,L9/764
9,710,L9/764,L9/762
9,710,L9/762,L9/757
9,710,L9/757,L9/755
9,710,L9/755,L9/727
9,710,L9/727,L9/726
9,710,L9/726,L9/725
9,710,L9/725,L9/721
9,710,L9/721,L9/711
9,710,L9/711,L9/710
9,711,L9/766,L8/383
9,711,L8/383,L8/382
9,711,L8/382,L9/764
9,711,L9/764,L9/762
9,711,L9/762,L9/757
9,711,L9/757,L9/755
9,711,L9/755,L9/727
9,711,L9/727,L9/726
9,711,L9/726,L9/725
9,711,L9/725,L9/721
9,711,L9/721,L9/711
9,712,L9/766,L8/383
9,712,L8/383,L8/382
9,712,L8/382,L9/764
9,712,L9/764,L9/694
9,712,L9/694,L8/347
9,712,L8/347,L9/695
9,712,L9/695,L9/733
9,712,L9/733,L9/728
9,712,L9/728,L9/729
9,712,L9/729,L9/706
9,712,L9/706,L8/353
9,712,L8/353,L9/707
9,712,L9/707,L9/712
9,713,L9/766,L8/383
9,713,L8/383,L8/382
9,713,L8/382,L9/764
9,713,L9/764,L9/694
9,713,L9/694,L8/347
9,713,L8/347,L9/695
9,713,L9/695,L9/733
9,713,L9/733,L9/728
9,713,L9/728,L9/729
9,713,L9/729,L9/715
9,713,L9/715,L8/357
9,713,L8/357,L9/714
9,713,L9/714,L9/713
9,714,L9/766,L8/383
9,714,L8/383,L8/382
9,714,L8/382,L9/764
9,714,L9/764,L9/694
9,714,L9/694,L8/347
9,714,L8/347,L9/695
9,714,L9/695,L9/733
9,714,L9/733,L9/728
9,714,L9/728,L9/729
9,714,L9/729,L9/715
9,714,L9/715,L8/357
9,714,L8/357,L9/714
9,715,L9/766,L8/383
9,715,L8/383,L8/382
9,715,L8/382,L9/764
9,715,L9/764,L9/694
9,715,L9/694,L8/347
9,715,L8/347,L9/695
9,715,L9/695,L9/733
9,715,L9/733,L9/728
9,715,L9/728,L9/729
9,715,L9/729,L9/715
9,716,L9/766,L8/383
9,716,L8/383,L8/382
9,716,L8/382,L9/764
9,716,L9/764,L9/694
9,716,L9/694,L8/347
9,716,L8/347,L9/695
9,716,L9/695,L9/733
9,716,L9/733,L9/728
9,716,L9/728,L9/729
9,716,L9/729,L9/715
9,716,L9/715,L9/716
9,717,L9/766,L8/383
9,717,L8/383,L8/382
9,717,L8/382,L9/764
9,717,L9/764,L9/694
9,717,L9/694,L8/347
9,717,L8/347,L9/695
9,717,L9/695,L9/733
9,717,L9/733,L9/728
9,717,L9/728,L9/729
9,717,L9/729,L9/715
9,717,L9/715,L8/357
9,717,L8/357,L9/714
9,717,L9/714,L9/717
9,718,L9/766,L9/745
9,718,L9/745,L8/372
9,718,L8/372,L8/373
9,718,L8/373,L9/747
9,718,L9/747,L9/718
9,719,L9/766,L9/745
9,719,L9/745,L8/372
9,719,L8/372,L8/373
9,719,L8/373,L9/747
9,719,L9/747,L9/719
9,720,L9/766,L8/383
9,720,L8/383,L8/382
9,720,L8/382,L9/764
9,720,L9/764,L9/762
9,720,L9/762,L9/757
9,720,L9/757,L9/755
9,720,L9/755,L9/727
9,720,L9/727,L9/726
9,720,L9/726,L9/725
9,720,L9/725,L9/721
9,720,L9/721,L9/720
9,721,L9/766,L8/383
9,721,L8/383,L8/382
9,721,L8/382,L9/764
9,721,L9/764,L9/762
9,721,L9/762,L9/757
9,721,L9/757,L9/755
9,721,L9/755,L9/727
9,721,L9/727,L9/726
9,721,L9/726,L9/725
9,721,L9/725,L9/721
9,722,L9/766,L8/383
9,722,L8/383,L8/382
9,722,L8/382,L9/764
9,722,L9/764,L9/694
9,722,L9/694,L8/347
9,722,L8/347,L9/695
9,722,L9/695,L9/735
9,722,L9/735,L9/722
9,723,L9/766,L8/383
9,723,L8/383,L8/382
9,723,L8/382,L9/764
9,723,L9/764,L9/694
9,723,L9/694,L8/347
9,723,L8/347,L9/695
9,723,L9/695,L9/735
9,723,L9/735,L9/722
9,723,L9/722,L9/723
9,724,L9/766,L8/383
9,724,L8/383,L8/382
9,724,L8/382,L9/764
9,724,L9/764,L9/762
9,724,L9/762,L9/757
9,724,L9/757,L9/755
9,724,L9/755,L9/727
9,724,L9/727,L9/726
9,724,L9/726,L9/724
9,725,L9/766,L8/383
9,725,L8/383,L8/382
9,725,L8/382,L9/764
9,725,L9/764,L9/762
9,725,L9/762,L9/757
9,725,L9/757,L9/755
9,725,L9/755,L9/727
9,725,L9/727,L9/726
9,725,L9/726,L9/725
9,726,L9/766,L8/383
9,726,L8/383,L8/382
9,726,L8/382,L9/764
9,726,L9/764,L9/762
9,726,L9/762,L9/757
9,726,L9/757,L9/755
9,726,L9/755,L9/727
9,726,L9/727,L9/726
9,727,L9/766,L8/383
9,727,L8/383,L8/382
9,727,L8/382,L9/764
9,727,L9/764,L9/762
9,727,L9/762,L9/757
9,727,L9/757,L9/755
9,727,L9/755,L9/727
9,728,L9/766,L8/383
9,728,L8/383,L8/382
9,728,L8/382,L9/764
9,728,L9/764,L9/694
9,728,L9/694,L8/347
9,728,L8/347,L9/695
9,728,L9/695,L9/733
9,728,L9/733,L9/728
9,729,L9/766,L8/383
9,729,L8/383,L8/382
9,729,L8/382,L9/764
9,729,L9/764,L9/694
9,729,L9/694,L8/347
9,729,L8/347,L9/695
9,729,L9/695,L9/733
9,729,L9/733,L9/728
9,729,L9/728,L9/729
9,730,L9/766,L8/383
9,730,L8/383,L8/382
9,730,L8/382,L9/764
9,730,L9/764,L9/730
9,731,L9/766,L8/383
9,731,L8/383,L8/382
9,731,L8/382,L9/765
9,731,L9/765,L9/731
9,732,L9/766,L8/383
9,732,L8/383,L8/382
9,732,L8/382,L9/764
9,732,L9/764,L9/694
9,732,L9/694,L8/347
9,732,L8/347,L9/695
9,732,L9/695,L9/732
9,733,L9/766,L8/383
9,733,L8/383,L8/382
9,733,L8/382,L9/764
9,733,L9/764,L9/694
9,733,L9/694,L8/347
9,733,L8/347,L9/695
9,733,L9/695,L9/733
9,734,L9/766,L8/383
9,734,L8/383,L8/382
9,734,L8/382,L9/764
9,734,L9/764,L9/694
9,734,L9/694,L8/347
9,734,L8/347,L9/695
9,734,L9/695,L9/735
9,734,L9/735,L9/734
9,735,L9/766,L8/383
9,735,L8/383,L8/382
9,735,L8/382,L9/764
9,735,L9/764,L9/694
9,735,L9/694,L8/347
9,735,L8/347,L9/695
9,735,L9/695,L9/735
9,736,L9/766,L9/745
9,736,L9/745,L9/738
9,736,L9/738,L8/369
9,736,L8/369,L8/368
9,736,L8/368,L9/736
9,737,L9/766,L8/383
9,737,L8/383,L8/371
9,737,L8/371,L9/742
9,737,L9/742,L9/737
9,738,L9/766,L9/745
9,738,L9/745,L9/738
9,739,L9/766,L9/1022
9,739,L9/1022,L9/739
9,740,L9/766,L8/383
9,740,L8/383,L8/374
9,740,L8/374,L9/748
9,740,L9/748,L9/698
9,740,L9/698,L9/740
9,741,L9/766,L8/383
9,741,L8/383,L8/374
9,741,L8/374,L9/748
9,741,L9/748,L9/698
9,741,L9/698,L9/741
9,742,L9/766,L8/383
9,742,L8/383,L8/371
9,742,L8/371,L9/742
9,743,L9/766,L8/383
9,743,L8/383,L8/371
9,743,L8/371,L9/743
9,744,L9/766,L9/745
9,744,L9/745,L9/744
9,745,L9/766,L9/745
9,746,L9/766,L9/745
9,746,L9/745,L8/372
9,746,L8/372,L8/373
9,746,L8/373,L9/746
9,747,L9/766,L9/745
9,747,L9/745,L8/372
9,747,L8/372,L8/373
9,747,L8/373,L9/747
9,748,L9/766,L8/383
9,748,L8/383,L8/374
9,748,L8/374,L9/748
9,749,L9/766,L8/383
9,749,L8/383,L8/374
9,749,L8/374,L9/749
9,750,L9/766,L8/383
9,750,L8/383,L8/375
9,750,L8/375,L9/750
9,751,L9/766,L8/383
9,751,L8/383,L8/375
9,751,L8/375,L9/751
9,752,L9/766,L8/383
9,752,L8/383,L8/382
9,752,L8/382,L9/764
9,752,L9/764,L9/762
9,752,L9/762,L9/757
9,752,L9/757,L9/755
9,752,L9/755,L9/752
9,753,L9/766,L8/383
9,753,L8/383,L8/374
9,753,L8/374,L9/748
9,753,L9/748,L9/698
9,753,L9/698,L8/349
9,753,L8/349,L9/699
9,753,L9/699,L9/753
9,754,L9/766,L8/383
9,754,L8/383,L8/382
9,754,L8/382,L9/764
9,754,L9/764,L9/762
9,754,L9/762,L9/757
9,754,L9/757,L9/755
9,754,L9/755,L9/754
9,755,L9/766,L8/383
9,755,L8/383,L8/382
9,755,L8/382,L9/764
9,755,L9/764,L9/762
9,755,L9/762,L9/757
9,755,L9/757,L9/755
9,756,L9/766,L8/383
9,756,L8/383,L8/382
9,756,L8/382,L9/764
9,756,L9/764,L9/694
9,756,L9/694,L9/756
9,757,L9/766,L8/383
9,757,L8/383,L8/382
9,757,L8/382,L9/764
9,757,L9/764,L9/762
9,757,L9/762,L9/757
9,758,L9/766,L8/383
9,758,L8/383,L8/374
9,758,L8/374,L9/748
9,758,L9/748,L9/698
9,758,L9/698,L9/740
9,758,L9/740,L9/758
9,759,L9/766,L8/383
9,759,L8/383,L8/382
9,759,L8/382,L9/764
9,759,L9/764,L9/694
9,759,L9/694,L9/756
9,759,L9/756,L9/759
9,760,L9/766,L8/383
9,760,L8/383,L8/371
9,760,L8/371,L9/743
9,760,L9/743,L9/676
9,760,L9/676,L9/760
9,761,L9/766,L8/383
9,761,L8/383,L8/371
9,761,L8/371,L9/743
9,761,L9/743,L9/676
9,761,L9/676,L9/761
9,762,L9/766,L8/383
9,762,L8/383,L8/382
9,762,L8/382,L9/764
9,762,L9/764,L9/762
9,763,L9/766,L8/383
9,763,L8/383,L8/382
9,763,L8/382,L9/764
9,763,L9/764,L9/763
9,764,L9/766,L8/383
9,764,L8/383,L8/382
9,764,L8/382,L9/764
9,765,L9/766,L8/383
9,765,L8/383,L8/382
9,765,L8/382,L9/765
9,767,L9/766,L9/767
9,768,L9/766,L9/745
9,768,L9/745,L9/829
9,768,L9/829,L9/828
9,768,L9/828,L9/824
9,768,L9/824,L9/825
9,768,L9/825,L9/820
9,768,L9/820,L9/821
9,768,L9/821,L9/822
9,768,L9/822,L9/816
9,768,L9/816,L9/818
9,768,L9/818,L9/517
9,768,L9/517,L9/790
9,768,L9/790,L9/791
9,768,L9/791,L9/789
9,768,L9/789,L9/785
9,768,L9/785,L8/392
9,768,L8/392,L9/784
9,768,L9/784,L9/768
9,769,L9/766,L9/745
9,769,L9/745,L9/829
9,769,L9/829,L9/828
9,769,L9/828,L9/824
9,769,L9/824,L9/825
9,769,L9/825,L9/820
9,769,L9/820,L9/821
9,769,L9/821,L9/822
9,769,L9/822,L9/816
9,769,L9/816,L9/818
9,769,L9/818,L9/517
9,769,L9/517,L9/790
9,769,L9/790,L9/791
9,769,L9/791,L9/789
9,769,L9/789,L9/785
9,769,L9/785,L8/392
9,769,L8/392,L9/784
9,769,L9/784,L9/768
9,769,L9/768,L9/769
9,770,L9/766,L9/745
9,770,L9/745,L9/829
9,770,L9/829,L9/828
9,770,L9/828,L9/824
9,770,L9/824,L9/825
9,770,L9/825,L9/820
9,770,L9/820,L9/821
9,770,L9/821,L9/822
9,770,L9/822,L9/816
9,770,L9/816,L9/818
9,770,L9/818,L9/517
9,770,L9/517,L9/790
9,770,L9/790,L9/791
9,770,L9/791,L9/789
9,770,L9/789,L9/785
9,770,L9/785,L8/392
9,770,L8/392,L9/784
9,770,L9/784,L9/768
9,770,L9/768,L9/769
9,770,L9/769,L9/770
9,771,L9/766,L9/745
9,771,L9/745,L9/829
9,771,L9/829,L9/828
9,771,L9/828,L9/824
9,771,L9/824,L9/825
9,771,L9/825,L9/820
9,771,L9/820,L9/821
9,771,L9/821,L9/822
9,771,L9/822,L9/816
9,771,L9/816,L9/818
9,771,L9/818,L9/517
9,771,L9/517,L9/790
9,771,L9/790,L9/791
9,771,L9/791,L9/789
9,771,L9/789,L9/785
9,771,L9/785,L8/392
9,771,L8/392,L9/784
9,771,L9/784,L9/768
9,771,L9/768,L9/769
9,771,L9/769,L9/771
9,772,L9/766,L9/745
9,772,L9/745,L9/829
9,772,L9/829,L9/828
9,772,L9/828,L9/824
9,772,L9/824,L9/825
9,772,L9/825,L9/820
9,772,L9/820,L9/821
9,772,L9/821,L9/822
9,772,L9/822,L9/816
9,772,L9/816,L9/818
9,772,L9/818,L9/517
9,772,L9/517,L9/790
9,772,L9/790,L9/791
9,772,L9/791,L9/789
9,772,L9/789,L9/785
9,772,L9/785,L9/787
9,772,L9/787,L9/786
9,772,L9/786,L9/774
9,772,L9/774,L9/775
9,772,L9/775,L9/773
9,772,L9/773,L9/772
9,773,L9/766,L9/745
9,773,L9/745,L9/829
9,773,L9/829,L9/828
9,773,L9/828,L9/824
9,773,L9/824,L9/825
9,773,L9/825,L9/820
9,773,L9/820,L9/821
9,773,L9/821,L9/822
9,773,L9/822,L9/816
9,773,L9/816,L9/818
9,773,L9/818,L9/517
9,773,L9/517,L9/790
9,773,L9/790,L9/791
9,773,L9/791,L9/789
9,773,L9/789,L9/785
9,773,L9/785,L9/787
9,773,L9/787,L9/786
9,773,L9/786,L9/774
9,773,L9/774,L9/775
9,773,L9/775,L9/773
9,774,L9/766,L9/745
9,774,L9/745,L9/829
9,774,L9/829,L9/828
9,774,L9/828,L9/824
9,774,L9/824,L9/825
9,774,L9/825,L9/820
9,774,L9/820,L9/821
9,774,L9/821,L9/822
9,774,L9/822,L9/816
9,774,L9/816,L9/818
9,774,L9/818,L9/517
9,774,L9/517,L9/790
9,774,L9/790,L9/791
9,774,L9/791,L9/789
9,774,L9/789,L9/785
9,774,L9/785,L9/787
9,774,L9/787,L9/786
9,774,L9/786,L9/774
9,775,L9/766,L9/745
9,775,L9/745,L9/829
9,775,L9/829,L9/828
9,775,L9/828,L9/824
9,775,L9/824,L9/825
9,775,L9/825,L9/820
9,775,L9/820,L9/821
9,775,L9/821,L9/822
9,775,L9/822,L9/816
9,775,L9/816,L9/818
9,775,L9/818,L9/517
9,775,L9/517,L9/790
9,775,L9/790,L9/791
9,775,L9/791,L9/789
9,775,L9/789,L9/785
9,775,L9/785,L9/787
9,775,L9/787,L9/786
9,775,L9/786,L9/774
9,775,L9/774,L9/775
9,776,L9/766,L9/745
9,776,L9/745,L9/829
9,776,L9/829,L9/828
9,776,L9/828,L9/824
9,776,L9/824,L9/825
9,776,L9/825,L9/820
9,776,L9/820,L9/821
9,776,L9/821,L9/822
9,776,L9/822,L9/816
9,776,L9/816,L9/818
9,776,L9/818,L9/517
9,776,L9/517,L9/790
9,776,L9/790,L9/791
9,776,L9/791,L9/789
9,776,L9/789,L9/785
9,776,L9/785,L9/787
9,776,L9/787,L9/786
9,776,L9/786,L9/774
9,776,L9/774,L9/779
9,776,L9/779,L9/778
9,776,L9/778,L9/776
9,777,L9/766,L9/745
9,777,L9/745,L9/829
9,777,L9/829,L9/828
9,777,L9/828,L9/824
9,777,L9/824,L9/825
9,777,L9/825,L9/820
9,777,L9/820,L9/821
9,777,L9/821,L9/822
9,777,L9/822,L9/816
9,777,L9/816,L9/818
9,777,L9/818,L9/517
9,777,L9/517,L9/790
9,777,L9/790,L9/791
9,777,L9/791,L9/789
9,777,L9/789,L9/785
9,777,L9/785,L9/787
9,777,L9/787,L9/786
9,777,L9/786,L9/774
9,777,L9/774,L9/779
9,777,L9/779,L9/778
9,777,L9/778,L9/777
9,778,L9/766,L9/745
9,778,L9/745,L9/829
9,778,L9/829,L9/828
9,778,L9/828,L9/824
9,778,L9/824,L9/825
9,778,L9/825,L9/820
9,778,L9/820,L9/821
9,778,L9/821,L9/822
9,778,L9/822,L9/816
9,778,L9/816,L9/818
9,778,L9/818,L9/517
9,778,L9/517,L9/790
9,778,L9/790,L9/791
9,778,L9/791,L9/789
9,778,L9/789,L9/785
9,778,L9/785,L9/787
9,778,L9/787,L9/786
9,778,L9/786,L9/774
9,778,L9/774,L9/779
9,778,L9/779,L9/778
9,779,L9/766,L9/745
9,779,L9/745,L9/829
9,779,L9/829,L9/828
9,779,L9/828,L9/824
9,779,L9/824,L9/825
9,779,L9/825,L9/820
9,779,L9/820,L9/821
9,779,L9/821,L9/822
9,779,L9/822,L9/816
9,779,L9/816,L9/818
9,779,L9/818,L9/517
9,779,L9/517,L9/790
9,779,L9/790,L9/791
9,779,L9/791,L9/789
9,779,L9/789,L9/785
9,779,L9/785,L9/787
9,779,L9/787,L9/786
9,779,L9/786,L9/774
9,779,L9/774,L9/779
9,780,L9/766,L9/745
9,780,L9/745,L9/1019
9,780,L9/1019,L8/509
9,780,L8/509,L8/477
9,780,L8/477,L9/954
9,780,L9/954,L9/957
9,780,L9/957,L9/956
9,780,L9/956,L9/793
9,780,L9/793,L9/794
9,780,L9/794,L9/798
9,780,L9/798,L9/799
9,780,L9/799,L9/780
9,781,L9/766,L9/745
9,781,L9/745,L9/829
9,781,L9/829,L9/828
9,781,L9/828,L9/824
9,781,L9/824,L9/825
9,781,L9/825,L9/820
9,781,L9/820,L9/821
9,781,L9/821,L9/822
9,781,L9/822,L9/816
9,781,L9/816,L9/818
9,781,L9/818,L9/517
9,781,L9/517,L9/790
9,781,L9/790,L9/791
9,781,L9/791,L9/789
9,781,L9/789,L9/785
9,781,L9/785,L9/787
9,781,L9/787,L9/797
9,781,L9/797,L9/796
9,781,L9/796,L9/783
9,781,L9/783,L9/782
9,781,L9/782,L9/781
9,782,L9/766,L9/745
9,782,L9/745,L9/829
9,782,L9/829,L9/828
9,782,L9/828,L9/824
9,782,L9/824,L9/825
9,782,L9/825,L9/820
9,782,L9/820,L9/821
9,782,L9/821,L9/822
9,782,L9/822,L9/816
9,782,L9/816,L9/818
9,782,L9/818,L9/517
9,782,L9/517,L9/790
9,782,L9/790,L9/791
9,782,L9/791,L9/789
9,782,L9/789,L9/785
9,782,L9/785,L9/787
9,782,L9/787,L9/797
9,782,L9/797,L9/796
9,782,L9/796,L9/783
9,782,L9/783,L9/782
9,783,L9/766,L9/745
9,783,L9/745,L9/829
9,783,L9/829,L9/828
9,783,L9/828,L9/824
9,783,L9/824,L9/825
9,783,L9/825,L9/820
9,783,L9/820,L9/821
9,783,L9/821,L9/822
9,783,L9/822,L9/816
9,783,L9/816,L9/818
9,783,L9/818,L9/517
9,783,L9/517,L9/790
9,783,L9/790,L9/791
9,783,L9/791,L9/789
9,783,L9/789,L9/785
9,783,L9/785,L9/787
9,783,L9/787,L9/797
9,783,L9/797,L9/796
9,783,L9/796,L9/783
9,784,L9/766,L9/745
9,784,L9/745,L9/829
9,784,L9/829,L9/828
9,784,L9/828,L9/824
9,784,L9/824,L9/825
9,784,L9/825,L9/820
9,784,L9/820,L9/821
9,784,L9/821,L9/822
9,784,L9/822,L9/816
9,784,L9/816,L9/818
9,784,L9/818,L9/517
9,784,L9/517,L9/790
9,784,L9/790,L9/791
9,784,L9/791,L9/789
9,784,L9/789,L9/785
9,784,L9/785,L8/392
9,784,L8/392,L9/784
9,785,L9/766,L9/745
9,785,L9/745,L9/829
9,785,L9/829,L9/828
9,785,L9/828,L9/824
9,785,L9/824,L9/825
9,785,L9/825,L9/820
9,785,L9/820,L9/821
9,785,L9/821,L9/822
9,785,L9/822,L9/816
9,785,L9/816,L9/818
9,785,L9/818,L9/517
9,785,L9/517,L9/790
9,785,L9/790,L9/791
9,785,L9/791,L9/789
9,785,L9/789,L9/785
9,786,L9/766,L9/745
9,786,L9/745,L9/829
9,786,L9/829,L9/828
9,786,L9/828,L9/824
9,786,L9/824,L9/825
9,786,L9/825,L9/820
9,786,L9/820,L9/821
9,786,L9/821,L9/822
9,786,L9/822,L9/816
9,786,L9/816,L9/818
9,786,L9/818,L9/517
9,786,L9/517,L9/790
9,786,L9/790,L9/791
9,786,L9/791,L9/789
9,786,L9/789,L9/785
9,786,L9/785,L9/787
9,786,L9/787,L9/786
9,787,L9/766,L9/745
9,787,L9/745,L9/829
9,787,L9/829,L9/828
9,787,L9/828,L9/824
9,787,L9/824,L9/825
9,787,L9/825,L9/820
9,787,L9/820,L9/821
9,787,L9/821,L9/822
9,787,L9/822,L9/816
9,787,L9/816,L9/818
9,787,L9/818,L9/517
9,787,L9/517,L9/790
9,787,L9/790,L9/791
9,787,L9/791,L9/789
9,787,L9/789,L9/785
9,787,L9/785,L9/787
9,788,L9/766,L9/745
9,788,L9/745,L9/829
9,788,L9/829,L9/828
9,788,L9/828,L9/824
9,788,L9/824,L9/825
9,788,L9/825,L9/820
9,788,L9/820,L9/821
9,788,L9/821,L9/822
9,788,L9/822,L9/816
9,788,L9/816,L9/818
9,788,L9/818,L9/517
9,788,L9/517,L9/790
9,788,L9/790,L9/791
9,788,L9/791,L9/788
9,789,L9/766,L9/745
9,789,L9/745,L9/829
9,789,L9/829,L9/828
9,789,L9/828,L9/824
9,789,L9/824,L9/825
9,789,L9/825,L9/820
9,789,L9/820,L9/821
9,789,L9/821,L9/822
9,789,L9/822,L9/816
9,789,L9/816,L9/818
9,789,L9/818,L9/517
9,789,L9/517,L9/790
9,789,L9/790,L9/791
9,789,L9/791,L9/789
9,790,L9/766,L9/745
9,790,L9/745,L9/829
9,790,L9/829,L9/828
9,790,L9/828,L9/824
9,790,L9/824,L9/825
9,790,L9/825,L9/820
9,790,L9/820,L9/821
9,790,L9/821,L9/822
9,790,L9/822,L9/816
9,790,L9/816,L9/818
9,790,L9/818,L9/517
9,790,L9/517,L9/790
9,791,L9/766,L9/745
9,791,L9/745,L9/829
9,791,L9/829,L9/828
9,791,L9/828,L9/824
9,791,L9/824,L9/825
9,791,L9/825,L9/820
9,791,L9/820,L9/821
9,791,L9/821,L9/822
9,791,L9/822,L9/816
9,791,L9/816,L9/818
9,791,L9/818,L9/517
9,791,L9/517,L9/790
9,791,L9/790,L9/791
9,792,L9/766,L9/745
9,792,L9/745,L9/1019
9,792,L9/1019,L8/509
9,792,L8/509,L8/477
9,792,L8/477,L9/954
9,792,L9/954,L9/957
9,792,L9/957,L9/956
9,792,L9/956,L9/792
9,793,L9/766,L9/745
9,793,L9/745,L9/1019
9,793,L9/1019,L8/509
9,793,L8/509,L8/477
9,793,L8/477,L9/954
9,793,L9/954,L9/957
9,793,L9/957,L9/956
9,793,L9/956,L9/793
9,794,L9/766,L9/745
9,794,L9/745,L9/1019
9,794,L9/1019,L8/509
9,794,L8/509,L8/477
9,794,L8/477,L9/954
9,794,L9/954,L9/957
9,794,L9/957,L9/956
9,794,L9/956,L9/793
9,794,L9/793,L9/794
9,795,L9/766,L9/745
9,795,L9/745,L9/1019
9,795,L9/1019,L8/509
9,795,L8/509,L8/477
9,795,L8/477,L9/954
9,795,L9/954,L9/957
9,795,L9/957,L9/956
9,795,L9/956,L9/793
9,795,L9/793,L9/795
9,796,L9/766,L9/745
9,796,L9/745,L9/829
9,796,L9/829,L9/828
9,796,L9/828,L9/824
9,796,L9/824,L9/825
9,796,L9/825,L9/820
9,796,L9/820,L9/821
9,796,L9/821,L9/822
9,796,L9/822,L9/816
9,796,L9/816,L9/818
9,796,L9/818,L9/517
9,796,L9/517,L9/790
9,796,L9/790,L9/791
9,796,L9/791,L9/789
9,796,L9/789,L9/785
9,796,L9/785,L9/787
9,796,L9/787,L9/797
9,796,L9/797,L9/796
9,797,L9/766,L9/745
9,797,L9/745,L9/829
9,797,L9/829,L9/828
9,797,L9/828,L9/824
9,797,L9/824,L9/825
9,797,L9/825,L9/820
9,797,L9/820,L9/821
9,797,L9/821,L9/822
9,797,L9/822,L9/816
9,797,L9/816,L9/818
9,797,L9/818,L9/517
9,797,L9/517,L9/790
9,797,L9/790,L9/791
9,797,L9/791,L9/789
9,797,L9/789,L9/785
9,797,L9/785,L9/787
9,797,L9/787,L9/797
9,798,L9/766,L9/745
9,798,L9/745,L9/1019
9,798,L9/1019,L8/509
9,798,L8/509,L8/477
9,798,L8/477,L9/954
9,798,L9/954,L9/957
9,798,L9/957,L9/956
9,798,L9/956,L9/793
9,798,L9/793,L9/794
9,798,L9/794,L9/798
9,799,L9/766,L9/745
9,799,L9/745,L9/1019
9,799,L9/1019,L8/509
9,799,L8/509,L8/477
9,799,L8/477,L9/954
9,799,L9/954,L9/957
9,799,L9/957,L9/956
9,799,L9/956,L9/793
9,799,L9/793,L9/794
9,799,L9/794,L9/798
9,799,L9/798,L9/799
9,800,L9/766,L9/745
9,800,L9/745,L9/829
9,800,L9/829,L9/828
9,800,L9/828,L9/824
9,800,L9/824,L9/825
9,800,L9/825,L9/820
9,800,L9/820,L9/821
9,800,L9/821,L9/822
9,800,L9/822,L9/816
9,800,L9/816,L9/818
9,800,L9/818,L9/517
9,800,L9/517,L9/790
9,800,L9/790,L9/791
9,800,L9/791,L9/789
9,800,L9/789,L9/785
9,800,L9/785,L8/392
9,800,L8/392,L9/784
9,800,L9/784,L9/768
9,800,L9/768,L9/769
9,800,L9/769,L9/771
9,800,L9/771,L9/801
9,800,L9/801,L9/800
9,801,L9/766,L9/745
9,801,L9/745,L9/829
9,801,L9/829,L9/828
9,801,L9/828,L9/824
9,801,L9/824,L9/825
9,801,L9/825,L9/820
9,801,L9/820,L9/821
9,801,L9/821,L9/822
9,801,L9/822,L9/816
9,801,L9/816,L9/818
9,801,L9/818,L9/517
9,801,L9/517,L9/790
9,801,L9/790,L9/791
9,801,L9/791,L9/789
9,801,L9/789,L9/785
9,801,L9/785,L8/392
9,801,L8/392,L9/784
9,801,L9/784,L9/768
9,801,L9/768,L9/769
9,801,L9/769,L9/771
9,801,L9/771,L9/801
9,802,L9/766,L9/745
9,802,L9/745,L9/829
9,802,L9/829,L9/828
9,802,L9/828,L9/824
9,802,L9/824,L9/825
9,802,L9/825,L9/820
9,802,L9/820,L9/821
9,802,L9/821,L9/822
9,802,L9/822,L9/816
9,802,L9/816,L9/818
9,802,L9/818,L9/517
9,802,L9/517,L9/790
9,802,L9/790,L9/791
9,802,L9/791,L9/789
9,802,L9/789,L9/785
9,802,L9/785,L8/392
9,802,L8/392,L9/784
9,802,L9/784,L9/768
9,802,L9/768,L9/769
9,802,L9/769,L9/771
9,802,L9/771,L9/801
9,802,L9/801,L9/802
9,803,L9/766,L9/745
9,803,L9/745,L9/829
9,803,L9/829,L9/828
9,803,L9/828,L9/824
9,803,L9/824,L9/825
9,803,L9/825,L9/820
9,803,L9/820,L9/821
9,803,L9/821,L9/822
9,803,L9/822,L9/816
9,803,L9/816,L9/818
9,803,L9/818,L9/517
9,803,L9/517,L9/790
9,803,L9/790,L9/791
9,803,L9/791,L9/789
9,803,L9/789,L9/785
9,803,L9/785,L8/392
9,803,L8/392,L9/784
9,803,L9/784,L9/768
9,803,L9/768,L9/769
9,803,L9/769,L9/771
9,803,L9/771,L9/801
9,803,L9/801,L9/803
9,804,L9/766,L9/745
9,804,L9/745,L9/829
9,804,L9/829,L9/828
9,804,L9/828,L9/824
9,804,L9/824,L9/825
9,804,L9/825,L9/820
9,804,L9/820,L9/821
9,804,L9/821,L9/822
9,804,L9/822,L9/816
9,804,L9/816,L9/818
9,804,L9/818,L9/517
9,804,L9/517,L9/790
9,804,L9/790,L9/791
9,804,L9/791,L9/789
9,804,L9/789,L9/785
9,804,L9/785,L8/392
9,804,L8/392,L9/784
9,804,L9/784,L9/808
9,804,L9/808,L9/811
9,804,L9/811,L9/810
9,804,L9/810,L9/805
9,804,L9/805,L9/804
9,805,L9/766,L9/745
9,805,L9/745,L9/829
9,805,L9/829,L9/828
9,805,L9/828,L9/824
9,805,L9/824,L9/825
9,805,L9/825,L9/820
9,805,L9/820,L9/821
9,805,L9/821,L9/822
9,805,L9/822,L9/816
9,805,L9/816,L9/818
9,805,L9/818,L9/517
9,805,L9/517,L9/790
9,805,L9/790,L9/791
9,805,L9/791,L9/789
9,805,L9/789,L9/785
9,805,L9/785,L8/392
9,805,L8/392,L9/784
9,805,L9/784,L9/808
9,805,L9/808,L9/811
9,805,L9/811,L9/810
9,805,L9/810,L9/805
9,806,L9/766,L9/745
9,806,L9/745,L9/829
9,806,L9/829,L9/828
9,806,L9/828,L9/824
9,806,L9/824,L9/825
9,806,L9/825,L9/820
9,806,L9/820,L9/821
9,806,L9/821,L9/822
9,806,L9/822,L9/816
9,806,L9/816,L9/818
9,806,L9/818,L9/517
9,806,L9/517,L9/790
9,806,L9/790,L9/791
9,806,L9/791,L9/789
9,806,L9/789,L9/785
9,806,L9/785,L8/392
9,806,L8/392,L9/784
9,806,L9/784,L9/808
9,806,L9/808,L9/811
9,806,L9/811,L9/810
9,806,L9/810,L9/805
9,806,L9/805,L9/804
9,806,L9/804,L9/806
9,807,L9/766,L9/745
9,807,L9/745,L9/829
9,807,L9/829,L9/828
9,807,L9/828,L9/824
9,807,L9/824,L9/825
9,807,L9/825,L9/820
9,807,L9/820,L9/821
9,807,L9/821,L9/822
9,807,L9/822,L9/816
9,807,L9/816,L9/818
9,807,L9/818,L9/517
9,807,L9/517,L9/790
9,807,L9/790,L9/791
9,807,L9/791,L9/789
9,807,L9/789,L9/785
9,807,L9/785,L8/392
9,807,L8/392,L9/784
9,807,L9/784,L9/808
9,807,L9/808,L9/811
9,807,L9/811,L9/810
9,807,L9/810,L9/805
9,807,L9/805,L9/807
9,808,L9/766,L9/745
9,808,L9/745,L9/829
9,808,L9/829,L9/828
9,808,L9/828,L9/824
9,808,L9/824,L9/825
9,808,L9/825,L9/820
9,808,L9/820,L9/821
9,808,L9/821,L9/822
9,808,L9/822,L9/816
9,808,L9/816,L9/818
9,808,L9/818,L9/517
9,808,L9/517,L9/790
9,808,L9/790,L9/791
9,808,L9/791,L9/789
9,808,L9/789,L9/785
9,808,L9/785,L8/392
9,808,L8/392,L9/784
9,808,L9/784,L9/808
9,809,L9/766,L9/745
9,809,L9/745,L9/829
9,809,L9/829,L9/828
9,809,L9/828,L9/824
9,809,L9/824,L9/825
9,809,L9/825,L9/820
9,809,L9/820,L9/821
9,809,L9/821,L9/822
9,809,L9/822,L9/816
9,809,L9/816,L9/818
9,809,L9/818,L9/517
9,809,L9/517,L9/790
9,809,L9/790,L9/791
9,809,L9/791,L9/789
9,809,L9/789,L9/785
9,809,L9/785,L8/392
9,809,L8/392,L9/784
9,809,L9/784,L9/808
9,809,L9/808,L9/809
9,810,L9/766,L9/745
9,810,L9/745,L9/829
9,810,L9/829,L9/828
9,810,L9/828,L9/824
9,810,L9/824,L9/825
9,810,L9/825,L9/820
9,810,L9/820,L9/821
9,810,L9/821,L9/822
9,810,L9/822,L9/816
9,810,L9/816,L9/818
9,810,L9/818,L9/517
9,810,L9/517,L9/790
9,810,L9/790,L9/791
9,810,L9/791,L9/789
9,810,L9/789,L9/785
9,810,L9/785,L8/392
9,810,L8/392,L9/784
9,810,L9/784,L9/808
9,810,L9/808,L9/811
9,810,L9/811,L9/810
9,811,L9/766,L9/745
9,811,L9/745,L9/829
9,811,L9/829,L9/828
9,811,L9/828,L9/824
9,811,L9/824,L9/825
9,811,L9/825,L9/820
9,811,L9/820,L9/821
9,811,L9/821,L9/822
9,811,L9/822,L9/816
9,811,L9/816,L9/818
9,811,L9/818,L9/517
9,811,L9/517,L9/790
9,811,L9/790,L9/791
9,811,L9/791,L9/789
9,811,L9/789,L9/785
9,811,L9/785,L8/392
9,811,L8/392,L9/784
9,811,L9/784,L9/808
9,811,L9/808,L9/811
9,812,L9/766,L9/745
9,812,L9/745,L9/829
9,812,L9/829,L9/828
9,812,L9/828,L9/824
9,812,L9/824,L9/825
9,812,L9/825,L9/820
9,812,L9/820,L9/821
9,812,L9/821,L9/822
9,812,L9/822,L9/816
9,812,L9/816,L9/818
9,812,L9/818,L9/517
9,812,L9/517,L9/790
9,812,L9/790,L9/791
9,812,L9/791,L9/789
9,812,L9/789,L9/785
9,812,L9/785,L8/392
9,812,L8/392,L9/784
9,812,L9/784,L9/815
9,812,L9/815,L9/814
9,812,L9/814,L9/812
9,813,L9/766,L9/745
9,813,L9/745,L9/829
9,813,L9/829,L9/828
9,813,L9/828,L9/824
9,813,L9/824,L9/825
9,813,L9/825,L9/820
9,813,L9/820,L9/821
9,813,L9/821,L9/822
9,813,L9/822,L9/816
9,813,L9/816,L9/818
9,813,L9/818,L9/517
9,813,L9/517,L9/790
9,813,L9/790,L9/791
9,813,L9/791,L9/789
9,813,L9/789,L9/785
9,813,L9/785,L8/392
9,813,L8/392,L9/784
9,813,L9/784,L9/815
9,813,L9/815,L9/813
9,814,L9/766,L9/745
9,814,L9/745,L9/829
9,814,L9/829,L9/828
9,814,L9/828,L9/824
9,814,L9/824,L9/825
9,814,L9/825,L9/820
9,814,L9/820,L9/821
9,814,L9/821,L9/822
9,814,L9/822,L9/816
9,814,L9/816,L9/818
9,814,L9/818,L9/517
9,814,L9/517,L9/790
9,814,L9/790,L9/791
9,814,L9/791,L9/789
9,814,L9/789,L9/785
9,814,L9/785,L8/392
9,814,L8/392,L9/784
9,814,L9/784,L9/815
9,814,L9/815,L9/814
9,815,L9/766,L9/745
9,815,L9/745,L9/829
9,815,L9/829,L9/828
9,815,L9/828,L9/824
9,815,L9/824,L9/825
9,815,L9/825,L9/820
9,815,L9/820,L9/821
9,815,L9/821,L9/822
9,815,L9/822,L9/816
9,815,L9/816,L9/818
9,815,L9/818,L9/517
9,815,L9/517,L9/790
9,815,L9/790,L9/791
9,815,L9/791,L9/789
9,815,L9/789,L9/785
9,815,L9/785,L8/392
9,815,L8/392,L9/784
9,815,L9/784,L9/815
9,816,L9/766,L9/745
9,816,L9/745,L9/829
9,816,L9/829,L9/828
9,816,L9/828,L9/824
9,816,L9/824,L9/825
9,816,L9/825,L9/820
9,816,L9/820,L9/821
9,816,L9/821,L9/822
9,816,L9/822,L9/816
9,817,L9/766,L9/745
9,817,L9/745,L9/829
9,817,L9/829,L9/828
9,817,L9/828,L9/824
9,817,L9/824,L9/825
9,817,L9/825,L9/820
9,817,L9/820,L9/823
9,817,L9/823,L9/817
9,818,L9/766,L9/745
9,818,L9/745,L9/829
9,818,L9/829,L9/828
9,818,L9/828,L9/824
9,818,L9/824,L9/825
9,818,L9/825,L9/820
9,818,L9/820,L9/821
9,818,L9/821,L9/822
9,818,L9/822,L9/816
9,818,L9/816,L9/818
9,819,L9/766,L9/745
9,819,L9/745,L9/829
9,819,L9/829,L9/828
9,819,L9/828,L9/824
9,819,L9/824,L9/825
9,819,L9/825,L9/820
9,819,L9/820,L9/821
9,819,L9/821,L9/822
9,819,L9/822,L9/816
9,819,L9/816,L9/818
9,819,L9/818,L9/819
9,820,L9/766,L9/745
9,820,L9/745,L9/829
9,820,L9/829,L9/828
9,820,L9/828,L9/824
9,820,L9/824,L9/825
9,820,L9/825,L9/820
9,821,L9/766,L9/745
9,821,L9/745,L9/829
9,821,L9/829,L9/828
9,821,L9/828,L9/824
9,821,L9/824,L9/825
9,821,L9/825,L9/820
9,821,L9/820,L9/821
9,822,L9/766,L9/745
9,822,L9/745,L9/829
9,822,L9/829,L9/828
9,822,L9/828,L9/824
9,822,L9/824,L9/825
9,822,L9/825,L9/820
9,822,L9/820,L9/821
9,822,L9/821,L9/822
9,823,L9/766,L9/745
9,823,L9/745,L9/829
9,823,L9/829,L9/828
9,823,L9/828,L9/824
9,823,L9/824,L9/825
9,823,L9/825,L9/820
9,823,L9/820,L9/823
9,824,L9/766,L9/745
9,824,L9/745,L9/829
9,824,L9/829,L9/828
9,824,L9/828,L9/824
9,825,L9/766,L9/745
9,825,L9/745,L9/829
9,825,L9/829,L9/828
9,825,L9/828,L9/824
9,825,L9/824,L9/825
9,826,L9/766,L9/745
9,826,L9/745,L9/829
9,826,L9/829,L9/828
9,826,L9/828,L9/824
9,826,L9/824,L9/826
9,827,L9/766,L9/745
9,827,L9/745,L9/829
9,827,L9/829,L9/831
9,827,L9/831,L9/830
9,827,L9/830,L9/827
9,828,L9/766,L9/745
9,828,L9/745,L9/829
9,828,L9/829,L9/828
9,829,L9/766,L9/745
9,829,L9/745,L9/829
9,830,L9/766,L9/745
9,830,L9/745,L9/829
9,830,L9/829,L9/831
9,830,L9/831,L9/830
9,831,L9/766,L9/745
9,831,L9/745,L9/829
9,831,L9/829,L9/831
9,832,L9/766,L9/1022
9,832,L9/1022,L8/511
9,832,L8/511,L8/510
9,832,L8/510,L9/1020
9,832,L9/1020,L9/910
9,832,L9/910,L9/908
9,832,L9/908,L9/896
9,832,L9/896,L9/897
9,832,L9/897,L9/899
9,832,L9/899,L9/917
9,832,L9/917,L9/916
9,832,L9/916,L9/919
9,832,L9/919,L9/927
9,832,L9/927,L9/924
9,832,L9/924,L9/832
9,833,L9/766,L9/1022
9,833,L9/1022,L8/511
9,833,L8/511,L8/510
9,833,L8/510,L9/1020
9,833,L9/1020,L9/910
9,833,L9/910,L9/908
9,833,L9/908,L9/896
9,833,L9/896,L9/897
9,833,L9/897,L9/899
9,833,L9/899,L9/917
9,833,L9/917,L9/916
9,833,L9/916,L9/919
9,833,L9/919,L9/927
9,833,L9/927,L9/924
9,833,L9/924,L9/833
9,834,L9/766,L9/1022
9,834,L9/1022,L8/511
9,834,L8/511,L8/510
9,834,L8/510,L9/1020
9,834,L9/1020,L9/910
9,834,L9/910,L9/908
9,834,L9/908,L9/896
9,834,L9/896,L9/897
9,834,L9/897,L9/899
9,834,L9/899,L9/917
9,834,L9/917,L9/916
9,834,L9/916,L9/919
9,834,L9/919,L9/927
9,834,L9/927,L9/924
9,834,L9/924,L9/832
9,834,L9/832,L9/834
9,835,L9/766,L9/1022
9,835,L9/1022,L8/511
9,835,L8/511,L8/510
9,835,L8/510,L9/1020
9,835,L9/1020,L9/910
9,835,L9/910,L9/908
9,835,L9/908,L9/896
9,835,L9/896,L9/897
9,835,L9/897,L9/899
9,835,L9/899,L9/917
9,835,L9/917,L9/916
9,835,L9/916,L9/919
9,835,L9/919,L9/927
9,835,L9/927,L9/924
9,835,L9/924,L9/832
9,835,L9/832,L9/835
9,836,L9/766,L9/1022
9,836,L9/1022,L8/511
9,836,L8/511,L8/510
9,836,L8/510,L9/1020
9,836,L9/1020,L9/910
9,836,L9/910,L9/908
9,836,L9/908,L9/896
9,836,L9/896,L9/897
9,836,L9/897,L9/899
9,836,L9/899,L9/917
9,836,L9/917,L9/916
9,836,L9/916,L9/919
9,836,L9/919,L9/927
9,836,L9/927,L9/925
9,836,L9/925,L9/921
9,836,L9/921,L9/836
9,837,L9/766,L9/1022
9,837,L9/1022,L8/511
9,837,L8/511,L8/510
9,837,L8/510,L9/1020
9,837,L9/1020,L9/910
9,837,L9/910,L9/908
9,837,L9/908,L9/896
9,837,L9/896,L9/897
9,837,L9/897,L9/899
9,837,L9/899,L9/917
9,837,L9/917,L9/916
9,837,L9/916,L9/919
9,837,L9/919,L9/927
9,837,L9/927,L9/925
9,837,L9/925,L9/921
9,837,L9/921,L9/837
9,838,L9/766,L9/1022
9,838,L9/1022,L8/511
9,838,L8/511,L8/510
9,838,L8/510,L9/1020
9,838,L9/1020,L9/910
9,838,L9/910,L9/908
9,838,L9/908,L9/896
9,838,L9/896,L9/897
9,838,L9/897,L9/899
9,838,L9/899,L9/917
9,838,L9/917,L9/916
9,838,L9/916,L9/919
9,838,L9/919,L9/927
9,838,L9/927,L9/924
9,838,L9/924,L9/833
9,838,L9/833,L9/838
9,839,L9/766,L9/1022
9,839,L9/1022,L8/511
9,839,L8/511,L8/510
9,839,L8/510,L9/1020
9,839,L9/1020,L9/910
9,839,L9/910,L9/908
9,839,L9/908,L9/896
9,839,L9/896,L9/897
9,839,L9/897,L9/899
9,839,L9/899,L9/917
9,839,L9/917,L9/916
9,839,L9/916,L9/919
9,839,L9/919,L9/927
9,839,L9/927,L9/924
9,839,L9/924,L9/833
9,839,L9/833,L9/839
9,840,L9/766,L9/1022
9,840,L9/1022,L8/511
9,840,L8/511,L8/510
9,840,L8/510,L9/1020
9,840,L9/1020,L9/910
9,840,L9/910,L9/908
9,840,L9/908,L9/896
9,840,L9/896,L9/897
9,840,L9/897,L9/899
9,840,L9/899,L9/917
9,840,L9/917,L9/916
9,840,L9/916,L9/919
9,840,L9/919,L9/927
9,840,L9/927,L9/924
9,840,L9/924,L9/832
9,840,L9/832,L8/416
9,840,L8/416,L7/208
9,840,L7/208,L7/210
9,840,L7/210,L8/420
9,840,L8/420,L9/840
9,841,L9/766,L9/1022
9,841,L9/1022,L8/511
9,841,L8/511,L8/510
9,841,L8/510,L9/1020
9,841,L9/1020,L9/910
9,841,L9/910,L9/908
9,841,L9/908,L9/896
9,841,L9/896,L9/897
9,841,L9/897,L9/899
9,841,L9/899,L9/917
9,841,L9/917,L9/916
9,841,L9/916,L9/919
9,841,L9/919,L9/927
9,841,L9/927,L9/924
9,841,L9/924,L9/832
9,841,L9/832,L8/416
9,841,L8/416,L7/208
9,841,L7/208,L7/210
9,841,L7/210,L8/420
9,841,L8/420,L9/841
9,842,L9/766,L9/1022
9,842,L9/1022,L8/511
9,842,L8/511,L8/510
9,842,L8/510,L9/1020
9,842,L9/1020,L9/910
9,842,L9/910,L9/908
9,842,L9/908,L9/896
9,842,L9/896,L9/897
9,842,L9/897,L9/899
9,842,L9/899,L9/917
9,842,L9/917,L9/916
9,842,L9/916,L9/919
9,842,L9/919,L9/927
9,842,L9/927,L9/924
9,842,L9/924,L9/832
9,842,L9/832,L8/416
9,842,L8/416,L7/208
9,842,L7/208,L7/210
9,842,L7/210,L8/421
9,842,L8/421,L9/842
9,843,L9/766,L9/1022
9,843,L9/1022,L8/511
9,843,L8/511,L8/510
9,843,L8/510,L9/1020
9,843,L9/1020,L9/910
9,843,L9/910,L9/908
9,843,L9/908,L9/896
9,843,L9/896,L9/897
9,843,L9/897,L9/899
9,843,L9/899,L9/917
9,843,L9/917,L9/916
9,843,L9/916,L9/919
9,843,L9/919,L9/927
9,843,L9/927,L9/924
9,843,L9/924,L9/832
9,843,L9/832,L8/416
9,843,L8/416,L7/208
9,843,L7/208,L7/210
9,843,L7/210,L8/421
9,843,L8/421,L9/843
9,844,L9/766,L9/1022
9,844,L9/1022,L8/511
9,844,L8/511,L8/510
9,844,L8/510,L9/1020
9,844,L9/1020,L9/910
9,844,L9/910,L9/908
9,844,L9/908,L9/896
9,844,L9/896,L9/897
9,844,L9/897,L9/899
9,844,L9/899,L9/917
9,844,L9/917,L9/916
9,844,L9/916,L9/919
9,844,L9/919,L9/927
9,844,L9/927,L9/925
9,844,L9/925,L9/921
9,844,L9/921,L8/460
9,844,L8/460,L7/230
9,844,L7/230,L7/211
9,844,L7/211,L8/422
9,844,L8/422,L9/844
9,845,L9/766,L9/1022
9,845,L9/1022,L8/511
9,845,L8/511,L8/510
9,845,L8/510,L9/1020
9,845,L9/1020,L9/910
9,845,L9/910,L9/908
9,845,L9/908,L9/896
9,845,L9/896,L9/897
9,845,L9/897,L9/899
9,845,L9/899,L9/917
9,845,L9/917,L9/916
9,845,L9/916,L9/919
9,845,L9/919,L9/927
9,845,L9/927,L9/925
9,845,L9/925,L9/921
9,845,L9/921,L8/460
9,845,L8/460,L7/230
9,845,L7/230,L7/211
9,845,L7/211,L8/422
9,845,L8/422,L9/845
9,846,L9/766,L9/1022
9,846,L9/1022,L8/511
9,846,L8/511,L8/510
9,846,L8/510,L9/1020
9,846,L9/1020,L9/910
9,846,L9/910,L9/908
9,846,L9/908,L9/896
9,846,L9/896,L9/897
9,846,L9/897,L9/899
9,846,L9/899,L9/917
9,846,L9/917,L9/916
9,846,L9/916,L9/919
9,846,L9/919,L9/927
9,846,L9/927,L9/925
9,846,L9/925,L9/921
9,846,L9/921,L8/460
9,846,L8/460,L7/230
9,846,L7/230,L7/211
9,846,L7/211,L8/423
9,846,L8/423,L9/846
9,847,L9/766,L9/1022
9,847,L9/1022,L8/511
9,847,L8/511,L8/510
9,847,L8/510,L9/1020
9,847,L9/1020,L9/910
9,847,L9/910,L9/908
9,847,L9/908,L9/896
9,847,L9/896,L9/897
9,847,L9/897,L9/899
9,847,L9/899,L9/917
9,847,L9/917,L9/916
9,847,L9/916,L9/919
9,847,L9/919,L9/927
9,847,L9/927,L9/925
9,847,L9/925,L9/921
9,847,L9/921,L8/460
9,847,L8/460,L7/230
9,847,L7/230,L7/211
9,847,L7/211,L8/423
9,847,L8/423,L9/847
9,848,L9/766,L9/1022
9,848,L9/1022,L8/511
9,848,L8/511,L8/510
9,848,L8/510,L9/1020
9,848,L9/1020,L9/910
9,848,L9/910,L9/908
9,848,L9/908,L9/896
9,848,L9/896,L9/897
9,848,L9/897,L9/899
9,848,L9/899,L9/917
9,848,L9/917,L9/916
9,848,L9/916,L9/919
9,848,L9/919,L9/927
9,848,L9/927,L9/924
9,848,L9/924,L9/832
9,848,L9/832,L8/416
9,848,L8/416,L7/208
9,848,L7/208,L6/104
9,848,L6/104,L6/107
9,848,L6/107,L7/215
9,848,L7/215,L7/212
9,848,L7/212,L8/424
9,848,L8/424,L9/848
9,849,L9/766,L9/1022
9,849,L9/1022,L8/511
9,849,L8/511,L8/510
9,849,L8/510,L9/1020
9,849,L9/1020,L9/910
9,849,L9/910,L9/908
9,849,L9/908,L9/896
9,849,L9/896,L9/897
9,849,L9/897,L9/899
9,849,L9/899,L9/917
9,849,L9/917,L9/916
9,849,L9/916,L9/919
9,849,L9/919,L9/927
9,849,L9/927,L9/924
9,849,L9/924,L9/832
9,849,L9/832,L8/416
9,849,L8/416,L7/208
9,849,L7/208,L6/104
9,849,L6/104,L6/107
9,849,L6/107,L7/215
9,849,L7/215,L7/212
9,849,L7/212,L8/424
9,849,L8/424,L9/849
9,850,L9/766,L9/1022
9,850,L9/1022,L8/511
9,850,L8/511,L8/510
9,850,L8/510,L9/1020
9,850,L9/1020,L9/910
9,850,L9/910,L9/908
9,850,L9/908,L9/896
9,850,L9/896,L9/897
9,850,L9/897,L9/899
9,850,L9/899,L9/917
9,850,L9/917,L9/916
9,850,L9/916,L9/919
9,850,L9/919,L9/927
9,850,L9/927,L9/924
9,850,L9/924,L9/832
9,850,L9/832,L8/416
9,850,L8/416,L7/208
9,850,L7/208,L6/104
9,850,L6/104,L6/107
9,850,L6/107,L7/215
9,850,L7/215,L7/212
9,850,L7/212,L8/425
9,850,L8/425,L9/850
9,851,L9/766,L9/1022
9,851,L9/1022,L8/511
9,851,L8/511,L8/510
9,851,L8/510,L9/1020
9,851,L9/1020,L9/910
9,851,L9/910,L9/908
9,851,L9/908,L9/896
9,851,L9/896,L9/897
9,851,L9/897,L9/899
9,851,L9/899,L9/917
9,851,L9/917,L9/916
9,851,L9/916,L9/919
9,851,L9/919,L9/927
9,851,L9/927,L9/924
9,851,L9/924,L9/832
9,851,L9/832,L8/416
9,851,L8/416,L7/208
9,851,L7/208,L6/104
9,851,L6/104,L6/107
9,851,L6/107,L7/215
9,851,L7/215,L7/212
9,851,L7/212,L8/425
9,851,L8/425,L9/851
9,852,L9/766,L9/1022
9,852,L9/1022,L8/511
9,852,L8/511,L8/510
9,852,L8/510,L9/1020
9,852,L9/1020,L9/910
9,852,L9/910,L9/908
9,852,L9/908,L9/896
9,852,L9/896,L9/897
9,852,L9/897,L9/899
9,852,L9/899,L9/917
9,852,L9/917,L9/916
9,852,L9/916,L9/919
9,852,L9/919,L9/927
9,852,L9/927,L9/924
9,852,L9/924,L9/832
9,852,L9/832,L8/416
9,852,L8/416,L7/208
9,852,L7/208,L6/104
9,852,L6/104,L6/107
9,852,L6/107,L7/215
9,852,L7/215,L7/213
9,852,L7/213,L8/426
9,852,L8/426,L9/852
9,853,L9/766,L9/1022
9,853,L9/1022,L8/511
9,853,L8/511,L8/510
9,853,L8/510,L9/1020
9,853,L9/1020,L9/910
9,853,L9/910,L9/908
9,853,L9/908,L9/896
9,853,L9/896,L9/897
9,853,L9/897,L9/899
9,853,L9/899,L9/917
9,853,L9/917,L9/916
9,853,L9/916,L9/919
9,853,L9/919,L9/927
9,853,L9/927,L9/924
9,853,L9/924,L9/832
9,853,L9/832,L8/416
9,853,L8/416,L7/208
9,853,L7/208,L6/104
9,853,L6/104,L6/107
9,853,L6/107,L7/215
9,853,L7/215,L7/213
9,853,L7/213,L8/426
9,853,L8/426,L9/853
9,854,L9/766,L9/1022
9,854,L9/1022,L8/511
9,854,L8/511,L8/510
9,854,L8/510,L9/1020
9,854,L9/1020,L9/910
9,854,L9/910,L9/908
9,854,L9/908,L9/896
9,854,L9/896,L9/897
9,854,L9/897,L9/899
9,854,L9/899,L9/917
9,854,L9/917,L9/916
9,854,L9/916,L9/919
9,854,L9/919,L9/927
9,854,L9/927,L9/924
9,854,L9/924,L9/832
9,854,L9/832,L8/416
9,854,L8/416,L7/208
9,854,L7/208,L6/104
9,854,L6/104,L6/107
9,854,L6/107,L7/215
9,854,L7/215,L7/213
9,854,L7/213,L8/427
9,854,L8/427,L9/854
9,855,L9/766,L9/1022
9,855,L9/1022,L8/511
9,855,L8/511,L8/510
9,855,L8/510,L9/1020
9,855,L9/1020,L9/910
9,855,L9/910,L9/908
9,855,L9/908,L9/896
9,855,L9/896,L9/897
9,855,L9/897,L9/899
9,855,L9/899,L9/917
9,855,L9/917,L9/916
9,855,L9/916,L9/919
9,855,L9/919,L9/927
9,855,L9/927,L9/924
9,855,L9/924,L9/832
9,855,L9/832,L8/416
9,855,L8/416,L7/208
9,855,L7/208,L6/104
9,855,L6/104,L6/107
9,855,L6/107,L7/215
9,855,L7/215,L7/213
9,855,L7/213,L8/427
9,855,L8/427,L9/855
9,856,L9/766,L9/1022
9,856,L9/1022,L8/511
9,856,L8/511,L8/510
9,856,L8/510,L9/1020
9,856,L9/1020,L9/910
9,856,L9/910,L9/908
9,856,L9/908,L9/896
9,856,L9/896,L9/897
9,856,L9/897,L9/899
9,856,L9/899,L9/917
9,856,L9/917,L9/916
9,856,L9/916,L9/919
9,856,L9/919,L9/927
9,856,L9/927,L9/924
9,856,L9/924,L9/832
9,856,L9/832,L8/416
9,856,L8/416,L7/208
9,856,L7/208,L6/104
9,856,L6/104,L6/107
9,856,L6/107,L7/214
9,856,L7/214,L8/428
9,856,L8/428,L9/856
9,857,L9/766,L9/1022
9,857,L9/1022,L8/511
9,857,L8/511,L8/510
9,857,L8/510,L9/1020
9,857,L9/1020,L9/910
9,857,L9/910,L9/908
9,857,L9/908,L9/896
9,857,L9/896,L9/897
9,857,L9/897,L9/899
9,857,L9/899,L9/917
9,857,L9/917,L9/916
9,857,L9/916,L9/919
9,857,L9/919,L9/927
9,857,L9/927,L9/924
9,857,L9/924,L9/832
9,857,L9/832,L8/416
9,857,L8/416,L7/208
9,857,L7/208,L6/104
9,857,L6/104,L6/107
9,857,L6/107,L7/214
9,857,L7/214,L8/428
9,857,L8/428,L9/857
9,858,L9/766,L9/1022
9,858,L9/1022,L8/511
9,858,L8/511,L8/510
9,858,L8/510,L9/1020
9,858,L9/1020,L9/910
9,858,L9/910,L9/908
9,858,L9/908,L9/896
9,858,L9/896,L9/897
9,858,L9/897,L9/899
9,858,L9/899,L9/917
9,858,L9/917,L9/916
9,858,L9/916,L9/919
9,858,L9/919,L9/927
9,858,L9/927,L9/924
9,858,L9/924,L9/832
9,858,L9/832,L8/416
9,858,L8/416,L7/208
9,858,L7/208,L6/104
9,858,L6/104,L6/107
9,858,L6/107,L7/214
9,858,L7/214,L8/429
9,858,L8/429,L9/858
9,859,L9/766,L9/1022
9,859,L9/1022,L8/511
9,859,L8/511,L8/510
9,859,L8/510,L9/1020
9,859,L9/1020,L9/910
9,859,L9/910,L9/908
9,859,L9/908,L9/896
9,859,L9/896,L9/897
9,859,L9/897,L9/899
9,859,L9/899,L9/917
9,859,L9/917,L9/916
9,859,L9/916,L9/919
9,859,L9/919,L9/927
9,859,L9/927,L9/924
9,859,L9/924,L9/832
9,859,L9/832,L8/416
9,859,L8/416,L7/208
9,859,L7/208,L6/104
9,859,L6/104,L6/107
9,859,L6/107,L7/214
9,859,L7/214,L8/429
9,859,L8/429,L9/859
9,860,L9/766,L9/1022
9,860,L9/1022,L8/511
9,860,L8/511,L8/510
9,860,L8/510,L9/1020
9,860,L9/1020,L9/910
9,860,L9/910,L9/908
9,860,L9/908,L9/896
9,860,L9/896,L9/897
9,860,L9/897,L9/899
9,860,L9/899,L9/917
9,860,L9/917,L9/916
9,860,L9/916,L9/919
9,860,L9/919,L9/927
9,860,L9/927,L9/924
9,860,L9/924,L9/832
9,860,L9/832,L8/416
9,860,L8/416,L7/208
9,860,L7/208,L6/104
9,860,L6/104,L6/107
9,860,L6/107,L7/215
9,860,L7/215,L8/430
9,860,L8/430,L9/860
9,861,L9/766,L9/1022
9,861,L9/1022,L8/511
9,861,L8/511,L8/510
9,861,L8/510,L9/1020
9,861,L9/1020,L9/910
9,861,L9/910,L9/908
9,861,L9/908,L9/896
9,861,L9/896,L9/897
9,861,L9/897,L9/899
9,861,L9/899,L9/917
9,861,L9/917,L9/916
9,861,L9/916,L9/919
9,861,L9/919,L9/927
9,861,L9/927,L9/924
9,861,L9/924,L9/832
9,861,L9/832,L8/416
9,861,L8/416,L7/208
9,861,L7/208,L6/104
9,861,L6/104,L6/107
9,861,L6/107,L7/215
9,861,L7/215,L8/430
9,861,L8/430,L9/861
9,862,L9/766,L9/1022
9,862,L9/1022,L8/511
9,862,L8/511,L8/510
9,862,L8/510,L9/1020
9,862,L9/1020,L9/910
9,862,L9/910,L9/908
9,862,L9/908,L9/896
9,862,L9/896,L9/897
9,862,L9/897,L9/899
9,862,L9/899,L9/917
9,862,L9/917,L9/916
9,862,L9/916,L9/919
9,862,L9/919,L9/927
9,862,L9/927,L9/924
9,862,L9/924,L9/832
9,862,L9/832,L8/416
9,862,L8/416,L7/208
9,862,L7/208,L6/104
9,862,L6/104,L6/107
9,862,L6/107,L7/215
9,862,L7/215,L8/431
9,862,L8/431,L9/862
9,863,L9/766,L9/1022
9,863,L9/1022,L8/511
9,863,L8/511,L8/510
9,863,L8/510,L9/1020
9,863,L9/1020,L9/910
9,863,L9/910,L9/908
9,863,L9/908,L9/896
9,863,L9/896,L9/897
9,863,L9/897,L9/899
9,863,L9/899,L9/917
9,863,L9/917,L9/916
9,863,L9/916,L9/919
9,863,L9/919,L9/927
9,863,L9/927,L9/924
9,863,L9/924,L9/832
9,863,L9/832,L8/416
9,863,L8/416,L7/208
9,863,L7/208,L6/104
9,863,L6/104,L6/107
9,863,L6/107,L7/215
9,863,L7/215,L8/431
9,863,L8/431,L9/863
9,864,L9/766,L9/1022
9,864,L9/1022,L8/511
9,864,L8/511,L8/510
9,864,L8/510,L9/1020
9,864,L9/1020,L9/910
9,864,L9/910,L9/908
9,864,L9/908,L9/896
9,864,L9/896,L9/897
9,864,L9/897,L9/899
9,864,L9/899,L9/917
9,864,L9/917,L9/916
9,864,L9/916,L9/919
9,864,L9/919,L9/927
9,864,L9/927,L9/924
9,864,L9/924,L9/832
9,864,L9/832,L8/416
9,864,L8/416,L7/208
9,864,L7/208,L6/104
9,864,L6/104,L6/107
9,864,L6/107,L7/215
9,864,L7/215,L7/212
9,864,L7/212,L8/424
9,864,L8/424,L9/849
9,864,L9/849,L9/893
9,864,L9/893,L9/892
9,864,L9/892,L9/889
9,864,L9/889,L8/444
9,864,L8/444,L8/432
9,864,L8/432,L9/864
9,865,L9/766,L9/1022
9,865,L9/1022,L8/511
9,865,L8/511,L8/510
9,865,L8/510,L9/1020
9,865,L9/1020,L9/910
9,865,L9/910,L9/908
9,865,L9/908,L9/896
9,865,L9/896,L9/897
9,865,L9/897,L9/899
9,865,L9/899,L9/917
9,865,L9/917,L9/916
9,865,L9/916,L9/919
9,865,L9/919,L9/927
9,865,L9/927,L9/924
9,865,L9/924,L9/832
9,865,L9/832,L8/416
9,865,L8/416,L7/208
9,865,L7/208,L6/104
9,865,L6/104,L6/107
9,865,L6/107,L7/215
9,865,L7/215,L7/212
9,865,L7/212,L8/424
9,865,L8/424,L9/849
9,865,L9/849,L9/893
9,865,L9/893,L9/892
9,865,L9/892,L9/889
9,865,L9/889,L8/444
9,865,L8/444,L8/432
9,865,L8/432,L9/865
9,866,L9/766,L9/1022
9,866,L9/1022,L8/511
9,866,L8/511,L8/510
9,866,L8/510,L9/1020
9,866,L9/1020,L9/910
9,866,L9/910,L9/908
9,866,L9/908,L9/896
9,866,L9/896,L9/897
9,866,L9/897,L9/899
9,866,L9/899,L9/917
9,866,L9/917,L9/916
9,866,L9/916,L9/919
9,866,L9/919,L9/927
9,866,L9/927,L9/924
9,866,L9/924,L9/832
9,866,L9/832,L8/416
9,866,L8/416,L7/208
9,866,L7/208,L6/104
9,866,L6/104,L6/107
9,866,L6/107,L7/215
9,866,L7/215,L7/212
9,866,L7/212,L8/424
9,866,L8/424,L9/849
9,866,L9/849,L9/893
9,866,L9/893,L9/892
9,866,L9/892,L9/889
9,866,L9/889,L8/444
9,866,L8/444,L8/432
9,866,L8/432,L9/864
9,866,L9/864,L9/866
9,867,L9/766,L9/1022
9,867,L9/1022,L8/511
9,867,L8/511,L8/510
9,867,L8/510,L9/1020
9,867,L9/1020,L9/910
9,867,L9/910,L9/908
9,867,L9/908,L9/896
9,867,L9/896,L9/897
9,867,L9/897,L9/899
9,867,L9/899,L9/917
9,867,L9/917,L9/916
9,867,L9/916,L9/919
9,867,L9/919,L9/927
9,867,L9/927,L9/924
9,867,L9/924,L9/832
9,867,L9/832,L8/416
9,867,L8/416,L7/208
9,867,L7/208,L6/104
9,867,L6/104,L6/107
9,867,L6/107,L7/215
9,867,L7/215,L7/212
9,867,L7/212,L8/424
9,867,L8/424,L9/849
9,867,L9/849,L9/893
9,867,L9/893,L9/892
9,867,L9/892,L9/889
9,867,L9/889,L8/444
9,867,L8/444,L8/432
9,867,L8/432,L9/865
9,867,L9/865,L9/867
9,868,L9/766,L9/1022
9,868,L9/1022,L8/511
9,868,L8/511,L8/510
9,868,L8/510,L9/1020
9,868,L9/1020,L9/910
9,868,L9/910,L9/908
9,868,L9/908,L9/896
9,868,L9/896,L9/897
9,868,L9/897,L9/899
9,868,L9/899,L9/917
9,868,L9/917,L9/916
9,868,L9/916,L9/919
9,868,L9/919,L9/927
9,868,L9/927,L9/924
9,868,L9/924,L9/832
9,868,L9/832,L8/416
9,868,L8/416,L7/208
9,868,L7/208,L6/104
9,868,L6/104,L6/107
9,868,L6/107,L7/215
9,868,L7/215,L7/212
9,868,L7/212,L8/424
9,868,L8/424,L9/849
9,868,L9/849,L9/893
9,868,L9/893,L9/892
9,868,L9/892,L9/889
9,868,L9/889,L8/444
9,868,L8/444,L8/432
9,868,L8/432,L9/864
9,868,L9/864,L9/869
9,868,L9/869,L9/868
9,869,L9/766,L9/1022
9,869,L9/1022,L8/511
9,869,L8/511,L8/510
9,869,L8/510,L9/1020
9,869,L9/1020,L9/910
9,869,L9/910,L9/908
9,869,L9/908,L9/896
9,869,L9/896,L9/897
9,869,L9/897,L9/899
9,869,L9/899,L9/917
9,869,L9/917,L9/916
9,869,L9/916,L9/919
9,869,L9/919,L9/927
9,869,L9/927,L9/924
9,869,L9/924,L9/832
9,869,L9/832,L8/416
9,869,L8/416,L7/208
9,869,L7/208,L6/104
9,869,L6/104,L6/107
9,869,L6/107,L7/215
9,869,L7/215,L7/212
9,869,L7/212,L8/424
9,869,L8/424,L9/849
9,869,L9/849,L9/893
9,869,L9/893,L9/892
9,869,L9/892,L9/889
9,869,L9/889,L8/444
9,869,L8/444,L8/432
9,869,L8/432,L9/864
9,869,L9/864,L9/869
9,870,L9/766,L9/1022
9,870,L9/1022,L8/511
9,870,L8/511,L8/510
9,870,L8/510,L9/1020
9,870,L9/1020,L9/910
9,870,L9/910,L9/908
9,870,L9/908,L9/896
9,870,L9/896,L9/897
9,870,L9/897,L9/899
9,870,L9/899,L9/917
9,870,L9/917,L9/916
9,870,L9/916,L9/919
9,870,L9/919,L9/927
9,870,L9/927,L9/924
9,870,L9/924,L9/832
9,870,L9/832,L8/416
9,870,L8/416,L7/208
9,870,L7/208,L6/104
9,870,L6/104,L6/107
9,870,L6/107,L7/215
9,870,L7/215,L7/212
9,870,L7/212,L8/424
9,870,L8/424,L9/849
9,870,L9/849,L9/893
9,870,L9/893,L9/892
9,870,L9/892,L9/889
9,870,L9/889,L8/444
9,870,L8/444,L8/432
9,870,L8/432,L9/864
9,870,L9/864,L9/871
9,870,L9/871,L9/870
9,871,L9/766,L9/1022
9,871,L9/1022,L8/511
9,871,L8/511,L8/510
9,871,L8/510,L9/1020
9,871,L9/1020,L9/910
9,871,L9/910,L9/908
9,871,L9/908,L9/896
9,871,L9/896,L9/897
9,871,L9/897,L9/899
9,871,L9/899,L9/917
9,871,L9/917,L9/916
9,871,L9/916,L9/919
9,871,L9/919,L9/927
9,871,L9/927,L9/924
9,871,L9/924,L9/832
9,871,L9/832,L8/416
9,871,L8/416,L7/208
9,871,L7/208,L6/104
9,871,L6/104,L6/107
9,871,L6/107,L7/215
9,871,L7/215,L7/212
9,871,L7/212,L8/424
9,871,L8/424,L9/849
9,871,L9/849,L9/893
9,871,L9/893,L9/892
9,871,L9/892,L9/889
9,871,L9/889,L8/444
9,871,L8/444,L8/432
9,871,L8/432,L9/864
9,871,L9/864,L9/871
9,872,L9/766,L9/1022
9,872,L9/1022,L8/511
9,872,L8/511,L8/510
9,872,L8/510,L9/1020
9,872,L9/1020,L9/910
9,872,L9/910,L9/908
9,872,L9/908,L9/896
9,872,L9/896,L9/897
9,872,L9/897,L9/899
9,872,L9/899,L9/917
9,872,L9/917,L9/916
9,872,L9/916,L9/919
9,872,L9/919,L9/927
9,872,L9/927,L9/924
9,872,L9/924,L9/832
9,872,L9/832,L8/416
9,872,L8/416,L7/208
9,872,L7/208,L6/104
9,872,L6/104,L6/107
9,872,L6/107,L7/215
9,872,L7/215,L7/212
9,872,L7/212,L8/424
9,872,L8/424,L9/849
9,872,L9/849,L9/893
9,872,L9/893,L9/892
9,872,L9/892,L9/889
9,872,L9/889,L8/444
9,872,L8/444,L8/432
9,872,L8/432,L9/865
9,872,L9/865,L9/867
9,872,L9/867,L9/876
9,872,L9/876,L9/875
9,872,L9/875,L9/872
9,873,L9/766,L9/1022
9,873,L9/1022,L8/511
9,873,L8/511,L8/510
9,873,L8/510,L9/1020
9,873,L9/1020,L9/910
9,873,L9/910,L9/908
9,873,L9/908,L9/896
9,873,L9/896,L9/897
9,873,L9/897,L9/899
9,873,L9/899,L9/917
9,873,L9/917,L9/916
9,873,L9/916,L9/919
9,873,L9/919,L9/927
9,873,L9/927,L9/924
9,873,L9/924,L9/832
9,873,L9/832,L8/416
9,873,L8/416,L7/208
9,873,L7/208,L6/104
9,873,L6/104,L6/107
9,873,L6/107,L7/215
9,873,L7/215,L7/212
9,873,L7/212,L8/424
9,873,L8/424,L9/849
9,873,L9/849,L9/893
9,873,L9/893,L9/892
9,873,L9/892,L9/889
9,873,L9/889,L8/444
9,873,L8/444,L8/432
9,873,L8/432,L9/865
9,873,L9/865,L9/867
9,873,L9/867,L9/876
9,873,L9/876,L9/874
9,873,L9/874,L9/873
9,874,L9/766,L9/1022
9,874,L9/1022,L8/511
9,874,L8/511,L8/510
9,874,L8/510,L9/1020
9,874,L9/1020,L9/910
9,874,L9/910,L9/908
9,874,L9/908,L9/896
9,874,L9/896,L9/897
9,874,L9/897,L9/899
9,874,L9/899,L9/917
9,874,L9/917,L9/916
9,874,L9/916,L9/919
9,874,L9/919,L9/927
9,874,L9/927,L9/924
9,874,L9/924,L9/832
9,874,L9/832,L8/416
9,874,L8/416,L7/208
9,874,L7/208,L6/104
9,874,L6/104,L6/107
9,874,L6/107,L7/215
9,874,L7/215,L7/212
9,874,L7/212,L8/424
9,874,L8/424,L9/849
9,874,L9/849,L9/893
9,874,L9/893,L9/892
9,874,L9/892,L9/889
9,874,L9/889,L8/444
9,874,L8/444,L8/432
9,874,L8/432,L9/865
9,874,L9/865,L9/867
9,874,L9/867,L9/876
9,874,L9/876,L9/874
9,875,L9/766,L9/1022
9,875,L9/1022,L8/511
9,875,L8/511,L8/510
9,875,L8/510,L9/1020
9,875,L9/1020,L9/910
9,875,L9/910,L9/908
9,875,L9/908,L9/896
9,875,L9/896,L9/897
9,875,L9/897,L9/899
9,875,L9/899,L9/917
9,875,L9/917,L9/916
9,875,L9/916,L9/919
9,875,L9/919,L9/927
9,875,L9/927,L9/924
9,875,L9/924,L9/832
9,875,L9/832,L8/416
9,875,L8/416,L7/208
9,875,L7/208,L6/104
9,875,L6/104,L6/107
9,875,L6/107,L7/215
9,875,L7/215,L7/212
9,875,L7/212,L8/424
9,875,L8/424,L9/849
9,875,L9/849,L9/893
9,875,L9/893,L9/892
9,875,L9/892,L9/889
9,875,L9/889,L8/444
9,875,L8/444,L8/432
9,875,L8/432,L9/865
9,875,L9/865,L9/867
9,875,L9/867,L9/876
9,875,L9/876,L9/875
9,876,L9/766,L9/1022
9,876,L9/1022,L8/511
9,876,L8/511,L8/510
9,876,L8/510,L9/1020
9,876,L9/1020,L9/910
9,876,L9/910,L9/908
9,876,L9/908,L9/896
9,876,L9/896,L9/897
9,876,L9/897,L9/899
9,876,L9/899,L9/917
9,876,L9/917,L9/916
9,876,L9/916,L9/919
9,876,L9/919,L9/927
9,876,L9/927,L9/924
9,876,L9/924,L9/832
9,876,L9/832,L8/416
9,876,L8/416,L7/208
9,876,L7/208,L6/104
9,876,L6/104,L6/107
9,876,L6/107,L7/215
9,876,L7/215,L7/212
9,876,L7/212,L8/424
9,876,L8/424,L9/849
9,876,L9/849,L9/893
9,876,L9/893,L9/892
9,876,L9/892,L9/889
9,876,L9/889,L8/444
9,876,L8/444,L8/432
9,876,L8/432,L9/865
9,876,L9/865,L9/867
9,876,L9/867,L9/876
9,877,L9/766,L9/1022
9,877,L9/1022,L8/511
9,877,L8/511,L8/510
9,877,L8/510,L9/1020
9,877,L9/1020,L9/910
9,877,L9/910,L9/908
9,877,L9/908,L9/896
9,877,L9/896,L9/897
9,877,L9/897,L9/899
9,877,L9/899,L9/917
9,877,L9/917,L9/916
9,877,L9/916,L9/919
9,877,L9/919,L9/927
9,877,L9/927,L9/924
9,877,L9/924,L9/832
9,877,L9/832,L8/416
9,877,L8/416,L7/208
9,877,L7/208,L6/104
9,877,L6/104,L6/107
9,877,L6/107,L7/215
9,877,L7/215,L7/212
9,877,L7/212,L8/424
9,877,L8/424,L9/849
9,877,L9/849,L9/893
9,877,L9/893,L9/892
9,877,L9/892,L9/889
9,877,L9/889,L8/444
9,877,L8/444,L8/432
9,877,L8/432,L9/865
9,877,L9/865,L9/867
9,877,L9/867,L9/877
9,878,L9/766,L9/1022
9,878,L9/1022,L8/511
9,878,L8/511,L8/510
9,878,L8/510,L9/1020
9,878,L9/1020,L9/910
9,878,L9/910,L9/908
9,878,L9/908,L9/896
9,878,L9/896,L9/897
9,878,L9/897,L9/899
9,878,L9/899,L9/917
9,878,L9/917,L9/916
9,878,L9/916,L9/919
9,878,L9/919,L9/927
9,878,L9/927,L9/924
9,878,L9/924,L9/832
9,878,L9/832,L8/416
9,878,L8/416,L7/208
9,878,L7/208,L6/104
9,878,L6/104,L6/107
9,878,L6/107,L7/215
9,878,L7/215,L7/212
9,878,L7/212,L8/424
9,878,L8/424,L9/849
9,878,L9/849,L9/893
9,878,L9/893,L9/892
9,878,L9/892,L9/889
9,878,L9/889,L8/444
9,878,L8/444,L8/432
9,878,L8/432,L9/864
9,878,L9/864,L9/871
9,878,L9/871,L9/870
9,878,L9/870,L9/878
9,879,L9/766,L9/1022
9,879,L9/1022,L8/511
9,879,L8/511,L8/510
9,879,L8/510,L9/1020
9,879,L9/1020,L9/910
9,879,L9/910,L9/908
9,879,L9/908,L9/896
9,879,L9/896,L9/897
9,879,L9/897,L9/899
9,879,L9/899,L9/917
9,879,L9/917,L9/916
9,879,L9/916,L9/919
9,879,L9/919,L9/927
9,879,L9/927,L9/924
9,879,L9/924,L9/832
9,879,L9/832,L8/416
9,879,L8/416,L7/208
9,879,L7/208,L6/104
9,879,L6/104,L6/107
9,879,L6/107,L7/215
9,879,L7/215,L7/212
9,879,L7/212,L8/424
9,879,L8/424,L9/849
9,879,L9/849,L9/893
9,879,L9/893,L9/892
9,879,L9/892,L9/889
9,879,L9/889,L8/444
9,879,L8/444,L8/432
9,879,L8/432,L9/864
9,879,L9/864,L9/871
9,879,L9/871,L9/870
9,879,L9/870,L9/878
9,879,L9/878,L9/879
9,880,L9/766,L9/1022
9,880,L9/1022,L8/511
9,880,L8/511,L8/510
9,880,L8/510,L9/1020
9,880,L9/1020,L9/910
9,880,L9/910,L9/908
9,880,L9/908,L9/896
9,880,L9/896,L9/897
9,880,L9/897,L9/899
9,880,L9/899,L9/917
9,880,L9/917,L9/916
9,880,L9/916,L9/919
9,880,L9/919,L9/927
9,880,L9/927,L9/924
9,880,L9/924,L9/832
9,880,L9/832,L8/416
9,880,L8/416,L7/208
9,880,L7/208,L6/104
9,880,L6/104,L6/107
9,880,L6/107,L7/215
9,880,L7/215,L7/213
9,880,L7/213,L8/427
9,880,L8/427,L9/854
9,880,L9/854,L9/895
9,880,L9/895,L8/447
9,880,L8/447,L7/223
9,880,L7/223,L7/220
9,880,L7/220,L8/440
9,880,L8/440,L9/880
9,881,L9/766,L9/1022
9,881,L9/1022,L8/511
9,881,L8/511,L8/510
9,881,L8/510,L9/1020
9,881,L9/1020,L9/910
9,881,L9/910,L9/908
9,881,L9/908,L9/896
9,881,L9/896,L9/897
9,881,L9/897,L9/899
9,881,L9/899,L9/917
9,881,L9/917,L9/916
9,881,L9/916,L9/919
9,881,L9/919,L9/927
9,881,L9/927,L9/924
9,881,L9/924,L9/832
9,881,L9/832,L8/416
9,881,L8/416,L7/208
9,881,L7/208,L6/104
9,881,L6/104,L6/107
9,881,L6/107,L7/215
9,881,L7/215,L7/213
9,881,L7/213,L8/427
9,881,L8/427,L9/854
9,881,L9/854,L9/895
9,881,L9/895,L8/447
9,881,L8/447,L7/223
9,881,L7/223,L7/220
9,881,L7/220,L8/440
9,881,L8/440,L9/881
9,882,L9/766,L9/1022
9,882,L9/1022,L8/511
9,882,L8/511,L8/510
9,882,L8/510,L9/1020
9,882,L9/1020,L9/910
9,882,L9/910,L9/908
9,882,L9/908,L9/896
9,882,L9/896,L9/897
9,882,L9/897,L9/899
9,882,L9/899,L9/917
9,882,L9/917,L9/916
9,882,L9/916,L9/919
9,882,L9/919,L9/927
9,882,L9/927,L9/924
9,882,L9/924,L9/832
9,882,L9/832,L8/416
9,882,L8/416,L7/208
9,882,L7/208,L6/104
9,882,L6/104,L6/107
9,882,L6/107,L7/215
9,882,L7/215,L7/213
9,882,L7/213,L8/427
9,882,L8/427,L9/854
9,882,L9/854,L9/895
9,882,L9/895,L8/447
9,882,L8/447,L7/223
9,882,L7/223,L7/220
9,882,L7/220,L8/441
9,882,L8/441,L9/882
9,883,L9/766,L9/1022
9,883,L9/1022,L8/511
9,883,L8/511,L8/510
9,883,L8/510,L9/1020
9,883,L9/1020,L9/910
9,883,L9/910,L9/908
9,883,L9/908,L9/896
9,883,L9/896,L9/897
9,883,L9/897,L9/899
9,883,L9/899,L9/917
9,883,L9/917,L9/916
9,883,L9/916,L9/919
9,883,L9/919,L9/927
9,883,L9/927,L9/924
9,883,L9/924,L9/832
9,883,L9/832,L8/416
9,883,L8/416,L7/208
9,883,L7/208,L6/104
9,883,L6/104,L6/107
9,883,L6/107,L7/215
9,883,L7/215,L7/213
9,883,L7/213,L8/427
9,883,L8/427,L9/854
9,883,L9/854,L9/895
9,883,L9/895,L8/447
9,883,L8/447,L7/223
9,883,L7/223,L7/220
9,883,L7/220,L8/441
9,883,L8/441,L9/883
9,884,L9/766,L9/1022
9,884,L9/1022,L8/511
9,884,L8/511,L8/510
9,884,L8/510,L9/1020
9,884,L9/1020,L9/910
9,884,L9/910,L9/908
9,884,L9/908,L9/896
9,884,L9/896,L9/897
9,884,L9/897,L9/899
9,884,L9/899,L9/917
9,884,L9/917,L9/916
9,884,L9/916,L9/919
9,884,L9/919,L9/927
9,884,L9/927,L9/924
9,884,L9/924,L9/832
9,884,L9/832,L8/416
9,884,L8/416,L7/208
9,884,L7/208,L6/104
9,884,L6/104,L6/107
9,884,L6/107,L7/215
9,884,L7/215,L7/212
9,884,L7/212,L8/424
9,884,L8/424,L9/849
9,884,L9/849,L9/893
9,884,L9/893,L9/892
9,884,L9/892,L9/889
9,884,L9/889,L8/444
9,884,L8/444,L7/222
9,884,L7/222,L7/221
9,884,L7/221,L8/442
9,884,L8/442,L9/884
9,885,L9/766,L9/1022
9,885,L9/1022,L8/511
9,885,L8/511,L8/510
9,885,L8/510,L9/1020
9,885,L9/1020,L9/910
9,885,L9/910,L9/908
9,885,L9/908,L9/896
9,885,L9/896,L9/897
9,885,L9/897,L9/899
9,885,L9/899,L9/917
9,885,L9/917,L9/916
9,885,L9/916,L9/919
9,885,L9/919,L9/927
9,885,L9/927,L9/924
9,885,L9/924,L9/832
9,885,L9/832,L8/416
9,885,L8/416,L7/208
9,885,L7/208,L6/104
9,885,L6/104,L6/107
9,885,L6/107,L7/215
9,885,L7/215,L7/212
9,885,L7/212,L8/424
9,885,L8/424,L9/849
9,885,L9/849,L9/893
9,885,L9/893,L9/892
9,885,L9/892,L9/889
9,885,L9/889,L8/444
9,885,L8/444,L7/222
9,885,L7/222,L7/221
9,885,L7/221,L8/442
9,885,L8/442,L9/885
9,886,L9/766,L9/1022
9,886,L9/1022,L8/511
9,886,L8/511,L8/510
9,886,L8/510,L9/1020
9,886,L9/1020,L9/910
9,886,L9/910,L9/908
9,886,L9/908,L9/896
9,886,L9/896,L9/897
9,886,L9/897,L9/899
9,886,L9/899,L9/917
9,886,L9/917,L9/916
9,886,L9/916,L9/919
9,886,L9/919,L9/927
9,886,L9/927,L9/924
9,886,L9/924,L9/832
9,886,L9/832,L8/416
9,886,L8/416,L7/208
9,886,L7/208,L6/104
9,886,L6/104,L6/107
9,886,L6/107,L7/215
9,886,L7/215,L7/213
9,886,L7/213,L8/427
9,886,L8/427,L9/854
9,886,L9/854,L9/895
9,886,L9/895,L8/447
9,886,L8/447,L7/223
9,886,L7/223,L7/220
9,886,L7/220,L8/441
9,886,L8/441,L9/883
9,886,L9/883,L9/886
9,887,L9/766,L9/1022
9,887,L9/1022,L8/511
9,887,L8/511,L8/510
9,887,L8/510,L9/1020
9,887,L9/1020,L9/910
9,887,L9/910,L9/908
9,887,L9/908,L9/896
9,887,L9/896,L9/897
9,887,L9/897,L9/899
9,887,L9/899,L9/917
9,887,L9/917,L9/916
9,887,L9/916,L9/919
9,887,L9/919,L9/927
9,887,L9/927,L9/924
9,887,L9/924,L9/832
9,887,L9/832,L8/416
9,887,L8/416,L7/208
9,887,L7/208,L6/104
9,887,L6/104,L6/107
9,887,L6/107,L7/215
9,887,L7/215,L7/213
9,887,L7/213,L8/427
9,887,L8/427,L9/854
9,887,L9/854,L9/895
9,887,L9/895,L8/447
9,887,L8/447,L7/223
9,887,L7/223,L7/220
9,887,L7/220,L8/441
9,887,L8/441,L9/882
9,887,L9/882,L9/887
9,888,L9/766,L9/1022
9,888,L9/1022,L8/511
9,888,L8/511,L8/510
9,888,L8/510,L9/1020
9,888,L9/1020,L9/910
9,888,L9/910,L9/908
9,888,L9/908,L9/896
9,888,L9/896,L9/897
9,888,L9/897,L9/899
9,888,L9/899,L9/917
9,888,L9/917,L9/916
9,888,L9/916,L9/919
9,888,L9/919,L9/927
9,888,L9/927,L9/924
9,888,L9/924,L9/832
9,888,L9/832,L8/416
9,888,L8/416,L7/208
9,888,L7/208,L6/104
9,888,L6/104,L6/107
9,888,L6/107,L7/215
9,888,L7/215,L7/212
9,888,L7/212,L8/424
9,888,L8/424,L9/849
9,888,L9/849,L9/893
9,888,L9/893,L9/892
9,888,L9/892,L9/889
9,888,L9/889,L9/888
9,889,L9/766,L9/1022
9,889,L9/1022,L8/511
9,889,L8/511,L8/510
9,889,L8/510,L9/1020
9,889,L9/1020,L9/910
9,889,L9/910,L9/908
9,889,L9/908,L9/896
9,889,L9/896,L9/897
9,889,L9/897,L9/899
9,889,L9/899,L9/917
9,889,L9/917,L9/916
9,889,L9/916,L9/919
9,889,L9/919,L9/927
9,889,L9/927,L9/924
9,889,L9/924,L9/832
9,889,L9/832,L8/416
9,889,L8/416,L7/208
9,889,L7/208,L6/104
9,889,L6/104,L6/107
9,889,L6/107,L7/215
9,889,L7/215,L7/212
9,889,L7/212,L8/424
9,889,L8/424,L9/849
9,889,L9/849,L9/893
9,889,L9/893,L9/892
9,889,L9/892,L9/889
9,890,L9/766,L9/1022
9,890,L9/1022,L8/511
9,890,L8/511,L8/510
9,890,L8/510,L9/1020
9,890,L9/1020,L9/910
9,890,L9/910,L9/908
9,890,L9/908,L9/896
9,890,L9/896,L9/897
9,890,L9/897,L9/899
9,890,L9/899,L9/917
9,890,L9/917,L9/916
9,890,L9/916,L9/919
9,890,L9/919,L9/927
9,890,L9/927,L9/924
9,890,L9/924,L9/832
9,890,L9/832,L8/416
9,890,L8/416,L7/208
9,890,L7/208,L6/104
9,890,L6/104,L6/107
9,890,L6/107,L7/215
9,890,L7/215,L7/212
9,890,L7/212,L8/424
9,890,L8/424,L9/849
9,890,L9/849,L9/893
9,890,L9/893,L9/892
9,890,L9/892,L9/889
9,890,L9/889,L9/890
9,891,L9/766,L9/1022
9,891,L9/1022,L8/511
9,891,L8/511,L8/510
9,891,L8/510,L9/1020
9,891,L9/1020,L9/910
9,891,L9/910,L9/908
9,891,L9/908,L9/896
9,891,L9/896,L9/897
9,891,L9/897,L9/899
9,891,L9/899,L9/917
9,891,L9/917,L9/916
9,891,L9/916,L9/919
9,891,L9/919,L9/927
9,891,L9/927,L9/924
9,891,L9/924,L9/832
9,891,L9/832,L8/416
9,891,L8/416,L7/208
9,891,L7/208,L6/104
9,891,L6/104,L6/107
9,891,L6/107,L7/215
9,891,L7/215,L7/212
9,891,L7/212,L8/424
9,891,L8/424,L9/849
9,891,L9/849,L9/893
9,891,L9/893,L9/892
9,891,L9/892,L9/889
9,891,L9/889,L9/891
9,892,L9/766,L9/1022
9,892,L9/1022,L8/511
9,892,L8/511,L8/510
9,892,L8/510,L9/1020
9,892,L9/1020,L9/910
9,892,L9/910,L9/908
9,892,L9/908,L9/896
9,892,L9/896,L9/897
9,892,L9/897,L9/899
9,892,L9/899,L9/917
9,892,L9/917,L9/916
9,892,L9/916,L9/919
9,892,L9/919,L9/927
9,892,L9/927,L9/924
9,892,L9/924,L9/832
9,892,L9/832,L8/416
9,892,L8/416,L7/208
9,892,L7/208,L6/104
9,892,L6/104,L6/107
9,892,L6/107,L7/215
9,892,L7/215,L7/212
9,892,L7/212,L8/424
9,892,L8/424,L9/849
9,892,L9/849,L9/893
9,892,L9/893,L9/892
9,893,L9/766,L9/1022
9,893,L9/1022,L8/511
9,893,L8/511,L8/510
9,893,L8/510,L9/1020
9,893,L9/1020,L9/910
9,893,L9/910,L9/908
9,893,L9/908,L9/896
9,893,L9/896,L9/897
9,893,L9/897,L9/899
9,893,L9/899,L9/917
9,893,L9/917,L9/916
9,893,L9/916,L9/919
9,893,L9/919,L9/927
9,893,L9/927,L9/924
9,893,L9/924,L9/832
9,893,L9/832,L8/416
9,893,L8/416,L7/208
9,893,L7/208,L6/104
9,893,L6/104,L6/107
9,893,L6/107,L7/215
9,893,L7/215,L7/212
9,893,L7/212,L8/424
9,893,L8/424,L9/849
9,893,L9/849,L9/893
9,894,L9/766,L9/1022
9,894,L9/1022,L8/511
9,894,L8/511,L8/510
9,894,L8/510,L9/1020
9,894,L9/1020,L9/910
9,894,L9/910,L9/908
9,894,L9/908,L9/896
9,894,L9/896,L9/897
9,894,L9/897,L9/899
9,894,L9/899,L9/917
9,894,L9/917,L9/916
9,894,L9/916,L9/919
9,894,L9/919,L9/927
9,894,L9/927,L9/924
9,894,L9/924,L9/832
9,894,L9/832,L8/416
9,894,L8/416,L7/208
9,894,L7/208,L6/104
9,894,L6/104,L6/107
9,894,L6/107,L7/215
9,894,L7/215,L7/213
9,894,L7/213,L8/427
9,894,L8/427,L9/855
9,894,L9/855,L9/894
9,895,L9/766,L9/1022
9,895,L9/1022,L8/511
9,895,L8/511,L8/510
9,895,L8/510,L9/1020
9,895,L9/1020,L9/910
9,895,L9/910,L9/908
9,895,L9/908,L9/896
9,895,L9/896,L9/897
9,895,L9/897,L9/899
9,895,L9/899,L9/917
9,895,L9/917,L9/916
9,895,L9/916,L9/919
9,895,L9/919,L9/927
9,895,L9/927,L9/924
9,895,L9/924,L9/832
9,895,L9/832,L8/416
9,895,L8/416,L7/208
9,895,L7/208,L6/104
9,895,L6/104,L6/107
9,895,L6/107,L7/215
9,895,L7/215,L7/213
9,895,L7/213,L8/427
9,895,L8/427,L9/854
9,895,L9/854,L9/895
9,896,L9/766,L9/1022
9,896,L9/1022,L8/511
9,896,L8/511,L8/510
9,896,L8/510,L9/1020
9,896,L9/1020,L9/910
9,896,L9/910,L9/908
9,896,L9/908,L9/896
9,897,L9/766,L9/1022
9,897,L9/1022,L8/511
9,897,L8/511,L8/510
9,897,L8/510,L9/1020
9,897,L9/1020,L9/910
9,897,L9/910,L9/908
9,897,L9/908,L9/896
9,897,L9/896,L9/897
9,898,L9/766,L9/1022
9,898,L9/1022,L8/511
9,898,L8/511,L8/510
9,898,L8/510,L9/1020
9,898,L9/1020,L9/910
9,898,L9/910,L9/908
9,898,L9/908,L9/896
9,898,L9/896,L9/897
9,898,L9/897,L9/899
9,898,L9/899,L9/898
9,899,L9/766,L9/1022
9,899,L9/1022,L8/511
9,899,L8/511,L8/510
9,899,L8/510,L9/1020
9,899,L9/1020,L9/910
9,899,L9/910,L9/908
9,899,L9/908,L9/896
9,899,L9/896,L9/897
9,899,L9/897,L9/899
9,900,L9/766,L9/1022
9,900,L9/1022,L8/511
9,900,L8/511,L8/510
9,900,L8/510,L9/1020
9,900,L9/1020,L9/911
9,900,L9/911,L9/904
9,900,L9/904,L9/906
9,900,L9/906,L9/900
9,901,L9/766,L9/1022
9,901,L9/1022,L8/511
9,901,L8/511,L8/510
9,901,L8/510,L9/1020
9,901,L9/1020,L9/910
9,901,L9/910,L9/908
9,901,L9/908,L9/896
9,901,L9/896,L9/901
9,902,L9/766,L9/1022
9,902,L9/1022,L8/511
9,902,L8/511,L8/510
9,902,L8/510,L9/1020
9,902,L9/1020,L9/910
9,902,L9/910,L9/908
9,902,L9/908,L9/896
9,902,L9/896,L9/901
9,902,L9/901,L9/903
9,902,L9/903,L9/902
9,903,L9/766,L9/1022
9,903,L9/1022,L8/511
9,903,L8/511,L8/510
9,903,L8/510,L9/1020
9,903,L9/1020,L9/910
9,903,L9/910,L9/908
9,903,L9/908,L9/896
9,903,L9/896,L9/901
9,903,L9/901,L9/903
9,904,L9/766,L9/1022
9,904,L9/1022,L8/511
9,904,L8/511,L8/510
9,904,L8/510,L9/1020
9,904,L9/1020,L9/911
9,904,L9/911,L9/904
9,905,L9/766,L9/1022
9,905,L9/1022,L8/511
9,905,L8/511,L8/510
9,905,L8/510,L9/1020
9,905,L9/1020,L9/911
9,905,L9/911,L9/905
9,906,L9/766,L9/1022
9,906,L9/1022,L8/511
9,906,L8/511,L8/510
9,906,L8/510,L9/1020
9,906,L9/1020,L9/911
9,906,L9/911,L9/904
9,906,L9/904,L9/906
9,907,L9/766,L9/1022
9,907,L9/1022,L8/511
9,907,L8/511,L8/510
9,907,L8/510,L9/1020
9,907,L9/1020,L9/911
9,907,L9/911,L9/904
9,907,L9/904,L9/907
9,908,L9/766,L9/1022
9,908,L9/1022,L8/511
9,908,L8/511,L8/510
9,908,L8/510,L9/1020
9,908,L9/1020,L9/910
9,908,L9/910,L9/908
9,909,L9/766,L9/1022
9,909,L9/1022,L8/511
9,909,L8/511,L8/510
9,909,L8/510,L9/1020
9,909,L9/1020,L9/910
9,909,L9/910,L9/908
9,909,L9/908,L9/909
9,910,L9/766,L9/1022
9,910,L9/1022,L8/511
9,910,L8/511,L8/510
9,910,L8/510,L9/1020
9,910,L9/1020,L9/910
9,911,L9/766,L9/1022
9,911,L9/1022,L8/511
9,911,L8/511,L8/510
9,911,L8/510,L9/1020
9,911,L9/1020,L9/911
9,912,L9/766,L9/1022
9,912,L9/1022,L8/511
9,912,L8/511,L8/510
9,912,L8/510,L9/1020
9,912,L9/1020,L9/910
9,912,L9/910,L9/908
9,912,L9/908,L9/896
9,912,L9/896,L9/897
9,912,L9/897,L9/913
9,912,L9/913,L9/912
9,913,L9/766,L9/1022
9,913,L9/1022,L8/511
9,913,L8/511,L8/510
9,913,L8/510,L9/1020
9,913,L9/1020,L9/910
9,913,L9/910,L9/908
9,913,L9/908,L9/896
9,913,L9/896,L9/897
9,913,L9/897,L9/913
9,914,L9/766,L9/1022
9,914,L9/1022,L8/511
9,914,L8/511,L8/510
9,914,L8/510,L9/1020
9,914,L9/1020,L9/910
9,914,L9/910,L9/908
9,914,L9/908,L9/896
9,914,L9/896,L9/897
9,914,L9/897,L9/913
9,914,L9/913,L9/914
9,915,L9/766,L9/1022
9,915,L9/1022,L8/511
9,915,L8/511,L8/510
9,915,L8/510,L9/1020
9,915,L9/1020,L9/910
9,915,L9/910,L9/908
9,915,L9/908,L9/896
9,915,L9/896,L9/897
9,915,L9/897,L9/913
9,915,L9/913,L9/914
9,915,L9/914,L9/915
9,916,L9/766,L9/1022
9,916,L9/1022,L8/511
9,916,L8/511,L8/510
9,916,L8/510,L9/1020
9,916,L9/1020,L9/910
9,916,L9/910,L9/908
9,916,L9/908,L9/896
9,916,L9/896,L9/897
9,916,L9/897,L9/899
9,916,L9/899,L9/917
9,916,L9/917,L9/916
9,917,L9/766,L9/1022
9,917,L9/1022,L8/511
9,917,L8/511,L8/510
9,917,L8/510,L9/1020
9,917,L9/1020,L9/910
9,917,L9/910,L9/908
9,917,L9/908,L9/896
9,917,L9/896,L9/897
9,917,L9/897,L9/899
9,917,L9/899,L9/917
9,918,L9/766,L9/1022
9,918,L9/1022,L8/511
9,918,L8/511,L8/510
9,918,L8/510,L9/1020
9,918,L9/1020,L9/910
9,918,L9/910,L9/908
9,918,L9/908,L9/896
9,918,L9/896,L9/897
9,918,L9/897,L9/899
9,918,L9/899,L9/917
9,918,L9/917,L9/916
9,918,L9/916,L9/918
9,919,L9/766,L9/1022
9,919,L9/1022,L8/511
9,919,L8/511,L8/510
9,919,L8/510,L9/1020
9,919,L9/1020,L9/910
9,919,L9/910,L9/908
9,919,L9/908,L9/896
9,919,L9/896,L9/897
9,919,L9/897,L9/899
9,919,L9/899,L9/917
9,919,L9/917,L9/916
9,919,L9/916,L9/919
9,920,L9/766,L9/1022
9,920,L9/1022,L8/511
9,920,L8/511,L8/510
9,920,L8/510,L9/1020
9,920,L9/1020,L9/910
9,920,L9/910,L9/908
9,920,L9/908,L9/896
9,920,L9/896,L9/897
9,920,L9/897,L9/899
9,920,L9/899,L9/917
9,920,L9/917,L9/916
9,920,L9/916,L9/919
9,920,L9/919,L9/927
9,920,L9/927,L9/925
9,920,L9/925,L9/921
9,920,L9/921,L9/920
9,921,L9/766,L9/1022
9,921,L9/1022,L8/511
9,921,L8/511,L8/510
9,921,L8/510,L9/1020
9,921,L9/1020,L9/910
9,921,L9/910,L9/908
9,921,L9/908,L9/896
9,921,L9/896,L9/897
9,921,L9/897,L9/899
9,921,L9/899,L9/917
9,921,L9/917,L9/916
9,921,L9/916,L9/919
9,921,L9/919,L9/927
9,921,L9/927,L9/925
9,921,L9/925,L9/921
9,922,L9/766,L9/1022
9,922,L9/1022,L8/511
9,922,L8/511,L8/510
9,922,L8/510,L9/1020
9,922,L9/1020,L9/910
9,922,L9/910,L9/908
9,922,L9/908,L9/896
9,922,L9/896,L9/897
9,922,L9/897,L9/899
9,922,L9/899,L9/917
9,922,L9/917,L9/916
9,922,L9/916,L9/919
9,922,L9/919,L9/927
9,922,L9/927,L9/925
9,922,L9/925,L9/921
9,922,L9/921,L9/922
9,923,L9/766,L9/1022
9,923,L9/1022,L8/511
9,923,L8/511,L8/510
9,923,L8/510,L9/1020
9,923,L9/1020,L9/910
9,923,L9/910,L9/908
9,923,L9/908,L9/896
9,923,L9/896,L9/897
9,923,L9/897,L9/899
9,923,L9/899,L9/917
9,923,L9/917,L9/916
9,923,L9/916,L9/919
9,923,L9/919,L9/927
9,923,L9/927,L9/925
9,923,L9/925,L9/921
9,923,L9/921,L9/920
9,923,L9/920,L9/923
9,924,L9/766,L9/1022
9,924,L9/1022,L8/511
9,924,L8/511,L8/510
9,924,L8/510,L9/1020
9,924,L9/1020,L9/910
9,924,L9/910,L9/908
9,924,L9/908,L9/896
9,924,L9/896,L9/897
9,924,L9/897,L9/899
9,924,L9/899,L9/917
9,924,L9/917,L9/916
9,924,L9/916,L9/919
9,924,L9/919,L9/927
9,924,L9/927,L9/924
9,925,L9/766,L9/1022
9,925,L9/1022,L8/511
9,925,L8/511,L8/510
9,925,L8/510,L9/1020
9,925,L9/1020,L9/910
9,925,L9/910,L9/908
9,925,L9/908,L9/896
9,925,L9/896,L9/897
9,925,L9/897,L9/899
9,925,L9/899,L9/917
9,925,L9/917,L9/916
9,925,L9/916,L9/919
9,925,L9/919,L9/927
9,925,L9/927,L9/925
9,926,L9/766,L9/1022
9,926,L9/1022,L8/511
9,926,L8/511,L8/510
9,926,L8/510,L9/1020
9,926,L9/1020,L9/910
9,926,L9/910,L9/908
9,926,L9/908,L9/896
9,926,L9/896,L9/897
9,926,L9/897,L9/899
9,926,L9/899,L9/917
9,926,L9/917,L9/916
9,926,L9/916,L9/919
9,926,L9/919,L9/927
9,926,L9/927,L9/926
9,927,L9/766,L9/1022
9,927,L9/1022,L8/511
9,927,L8/511,L8/510
9,927,L8/510,L9/1020
9,927,L9/1020,L9/910
9,927,L9/910,L9/908
9,927,L9/908,L9/896
9,927,L9/896,L9/897
9,927,L9/897,L9/899
9,927,L9/899,L9/917
9,927,L9/917,L9/916
9,927,L9/916,L9/919
9,927,L9/919,L9/927
9,928,L9/766,L9/1022
9,928,L9/1022,L8/511
9,928,L8/511,L8/464
9,928,L8/464,L9/928
9,929,L9/766,L9/1022
9,929,L9/1022,L8/511
9,929,L8/511,L8/464
9,929,L8/464,L9/929
9,930,L9/766,L9/1022
9,930,L9/1022,L8/511
9,930,L8/511,L8/464
9,930,L8/464,L9/929
9,930,L9/929,L9/931
9,930,L9/931,L9/930
9,931,L9/766,L9/1022
9,931,L9/1022,L8/511
9,931,L8/511,L8/464
9,931,L8/464,L9/929
9,931,L9/929,L9/931
9,932,L9/766,L9/1022
9,932,L9/1022,L8/511
9,932,L8/511,L8/464
9,932,L8/464,L9/929
9,932,L9/929,L9/931
9,932,L9/931,L9/932
9,933,L9/766,L9/745
9,933,L9/745,L9/1019
9,933,L9/1019,L8/509
9,933,L8/509,L8/508
9,933,L8/508,L9/1017
9,933,L9/1017,L9/933
9,934,L9/766,L9/745
9,934,L9/745,L9/1019
9,934,L9/1019,L8/509
9,934,L8/509,L8/508
9,934,L8/508,L9/1017
9,934,L9/1017,L9/934
9,935,L9/766,L9/745
9,935,L9/745,L9/1019
9,935,L9/1019,L8/509
9,935,L8/509,L8/508
9,935,L8/508,L9/1017
9,935,L9/1017,L9/935
9,936,L9/766,L9/745
9,936,L9/745,L9/1019
9,936,L9/1019,L8/509
9,936,L8/509,L8/471
9,936,L8/471,L9/942
9,936,L9/942,L9/936
9,937,L9/766,L9/745
9,937,L9/745,L9/1019
9,937,L9/1019,L8/509
9,937,L8/509,L8/471
9,937,L8/471,L9/942
9,937,L9/942,L9/936
9,937,L9/936,L9/937
9,938,L9/766,L9/1022
9,938,L9/1022,L8/511
9,938,L8/511,L8/464
9,938,L8/464,L9/929
9,938,L9/929,L9/931
9,938,L9/931,L9/930
9,938,L9/930,L9/938
9,939,L9/766,L9/745
9,939,L9/745,L9/1019
9,939,L9/1019,L8/509
9,939,L8/509,L8/471
9,939,L8/471,L9/942
9,939,L9/942,L9/936
9,939,L9/936,L9/939
9,940,L9/766,L9/745
9,940,L9/745,L9/1019
9,940,L9/1019,L8/509
9,940,L8/509,L8/470
9,940,L8/470,L9/940
9,941,L9/766,L9/745
9,941,L9/745,L9/1019
9,941,L9/1019,L8/509
9,941,L8/509,L8/470
9,941,L8/470,L9/941
9,942,L9/766,L9/745
9,942,L9/745,L9/1019
9,942,L9/1019,L8/509
9,942,L8/509,L8/471
9,942,L8/471,L9/942
9,943,L9/766,L9/745
9,943,L9/745,L9/1019
9,943,L9/1019,L8/509
9,943,L8/509,L8/471
9,943,L8/471,L9/943
9,944,L9/766,L9/745
9,944,L9/745,L9/1019
9,944,L9/1019,L8/509
9,944,L8/509,L8/477
9,944,L8/477,L9/955
9,944,L9/955,L9/952
9,944,L9/952,L9/945
9,944,L9/945,L9/944
9,945,L9/766,L9/745
9,945,L9/745,L9/1019
9,945,L9/1019,L8/509
9,945,L8/509,L8/477
9,945,L8/477,L9/955
9,945,L9/955,L9/952
9,945,L9/952,L9/945
9,946,L9/766,L9/745
9,946,L9/745,L9/1019
9,946,L9/1019,L8/509
9,946,L8/509,L8/477
9,946,L8/477,L9/955
9,946,L9/955,L9/952
9,946,L9/952,L9/945
9,946,L9/945,L9/944
9,946,L9/944,L9/946
9,947,L9/766,L9/745
9,947,L9/745,L9/1019
9,947,L9/1019,L8/509
9,947,L8/509,L8/477
9,947,L8/477,L9/954
9,947,L9/954,L9/957
9,947,L9/957,L9/959
9,947,L9/959,L9/947
9,948,L9/766,L9/745
9,948,L9/745,L9/1019
9,948,L9/1019,L8/509
9,948,L8/509,L8/471
9,948,L8/471,L9/942
9,948,L9/942,L9/936
9,948,L9/936,L9/948
9,949,L9/766,L9/745
9,949,L9/745,L9/1019
9,949,L9/1019,L8/509
9,949,L8/509,L8/471
9,949,L8/471,L9/942
9,949,L9/942,L9/936
9,949,L9/936,L9/948
9,949,L9/948,L9/949
9,950,L9/766,L9/745
9,950,L9/745,L9/1019
9,950,L9/1019,L8/509
9,950,L8/509,L8/471
9,950,L8/471,L9/942
9,950,L9/942,L9/936
9,950,L9/936,L9/948
9,950,L9/948,L9/949
9,950,L9/949,L9/950
9,951,L9/766,L9/745
9,951,L9/745,L9/1019
9,951,L9/1019,L8/509
9,951,L8/509,L8/471
9,951,L8/471,L9/942
9,951,L9/942,L9/936
9,951,L9/936,L9/948
9,951,L9/948,L9/949
9,951,L9/949,L9/951
9,952,L9/766,L9/745
9,952,L9/745,L9/1019
9,952,L9/1019,L8/509
9,952,L8/509,L8/477
9,952,L8/477,L9/955
9,952,L9/955,L9/952
9,953,L9/766,L9/745
9,953,L9/745,L9/1019
9,953,L9/1019,L8/509
9,953,L8/509,L8/477
9,953,L8/477,L9/955
9,953,L9/955,L9/952
9,953,L9/952,L9/953
9,954,L9/766,L9/745
9,954,L9/745,L9/1019
9,954,L9/1019,L8/509
9,954,L8/509,L8/477
9,954,L8/477,L9/954
9,955,L9/766,L9/745
9,955,L9/745,L9/1019
9,955,L9/1019,L8/509
9,955,L8/509,L8/477
9,955,L8/477,L9/955
9,956,L9/766,L9/745
9,956,L9/745,L9/1019
9,956,L9/1019,L8/509
9,956,L8/509,L8/477
9,956,L8/477,L9/954
9,956,L9/954,L9/957
9,956,L9/957,L9/956
9,957,L9/766,L9/745
9,957,L9/745,L9/1019
9,957,L9/1019,L8/509
9,957,L8/509,L8/477
9,957,L8/477,L9/954
9,957,L9/954,L9/957
9,958,L9/766,L9/745
9,958,L9/745,L9/1019
9,958,L9/1019,L8/509
9,958,L8/509,L8/477
9,958,L8/477,L9/954
9,958,L9/954,L9/957
9,958,L9/957,L9/958
9,959,L9/766,L9/745
9,959,L9/745,L9/1019
9,959,L9/1019,L8/509
9,959,L8/509,L8/477
9,959,L8/477,L9/954
9,959,L9/954,L9/957
9,959,L9/957,L9/959
9,960,L9/766,L9/1022
9,960,L9/1022,L8/511
9,960,L8/511,L8/481
9,960,L8/481,L9/963
9,960,L9/963,L9/960
9,961,L9/766,L9/1022
9,961,L9/1022,L8/511
9,961,L8/511,L8/481
9,961,L8/481,L9/963
9,961,L9/963,L9/961
9,962,L9/766,L9/1022
9,962,L9/1022,L8/511
9,962,L8/511,L8/481
9,962,L8/481,L9/962
9,963,L9/766,L9/1022
9,963,L9/1022,L8/511
9,963,L8/511,L8/481
9,963,L8/481,L9/963
9,964,L9/766,L9/1022
9,964,L9/1022,L8/511
9,964,L8/511,L8/481
9,964,L8/481,L9/962
9,964,L9/962,L9/965
9,964,L9/965,L9/964
9,965,L9/766,L9/1022
9,965,L9/1022,L8/511
9,965,L8/511,L8/481
9,965,L8/481,L9/962
9,965,L9/962,L9/965
9,966,L9/766,L9/1022
9,966,L9/1022,L8/511
9,966,L8/511,L8/481
9,966,L8/481,L9/963
9,966,L9/963,L9/961
9,966,L9/961,L9/966
9,967,L9/766,L9/1022
9,967,L9/1022,L8/511
9,967,L8/511,L8/481
9,967,L8/481,L9/962
9,967,L9/962,L9/965
9,967,L9/965,L9/967
9,968,L9/766,L9/1022
9,968,L9/1022,L8/511
9,968,L8/511,L8/464
9,968,L8/464,L9/929
9,968,L9/929,L9/971
9,968,L9/971,L9/968
9,969,L9/766,L9/1022
9,969,L9/1022,L8/511
9,969,L8/511,L8/464
9,969,L8/464,L9/929
9,969,L9/929,L9/971
9,969,L9/971,L9/970
9,969,L9/970,L9/969
9,970,L9/766,L9/1022
9,970,L9/1022,L8/511
9,970,L8/511,L8/464
9,970,L8/464,L9/929
9,970,L9/929,L9/971
9,970,L9/971,L9/970
9,971,L9/766,L9/1022
9,971,L9/1022,L8/511
9,971,L8/511,L8/464
9,971,L8/464,L9/929
9,971,L9/929,L9/971
9,972,L9/766,L9/745
9,972,L9/745,L9/1019
9,972,L9/1019,L8/509
9,972,L8/509,L8/470
9,972,L8/470,L9/941
9,972,L9/941,L9/972
9,973,L9/766,L9/745
9,973,L9/745,L9/1019
9,973,L9/1019,L8/509
9,973,L8/509,L8/470
9,973,L8/470,L9/941
9,973,L9/941,L9/973
9,974,L9/766,L9/745
9,974,L9/745,L9/1019
9,974,L9/1019,L8/509
9,974,L8/509,L8/470
9,974,L8/470,L9/941
9,974,L9/941,L9/972
9,974,L9/972,L9/974
9,975,L9/766,L9/745
9,975,L9/745,L9/1019
9,975,L9/1019,L8/509
9,975,L8/509,L8/508
9,975,L8/508,L9/1017
9,975,L9/1017,L9/934
9,975,L9/934,L9/975
9,976,L9/766,L9/745
9,976,L9/745,L9/1019
9,976,L9/1019,L8/509
9,976,L8/509,L8/470
9,976,L8/470,L9/941
9,976,L9/941,L9/973
9,976,L9/973,L8/486
9,976,L8/486,L7/243
9,976,L7/243,L7/247
9,976,L7/247,L8/494
9,976,L8/494,L9/989
9,976,L9/989,L9/987
9,976,L9/987,L9/986
9,976,L9/986,L9/982
9,976,L9/982,L9/983
9,976,L9/983,L9/976
9,977,L9/766,L9/745
9,977,L9/745,L9/1019
9,977,L9/1019,L8/509
9,977,L8/509,L8/470
9,977,L8/470,L9/941
9,977,L9/941,L9/973
9,977,L9/973,L8/486
9,977,L8/486,L7/243
9,977,L7/243,L7/247
9,977,L7/247,L8/494
9,977,L8/494,L9/989
9,977,L9/989,L9/987
9,977,L9/987,L9/986
9,977,L9/986,L9/982
9,977,L9/982,L9/983
9,977,L9/983,L9/977
9,978,L9/766,L9/745
9,978,L9/745,L9/1019
9,978,L9/1019,L8/509
9,978,L8/509,L8/470
9,978,L8/470,L9/941
9,978,L9/941,L9/973
9,978,L9/973,L8/486
9,978,L8/486,L7/243
9,978,L7/243,L7/247
9,978,L7/247,L8/494
9,978,L8/494,L9/989
9,978,L9/989,L9/985
9,978,L9/985,L9/984
9,978,L9/984,L9/637
9,978,L9/637,L9/636
9,978,L9/636,L9/978
9,979,L9/766,L9/745
9,979,L9/745,L9/1019
9,979,L9/1019,L8/509
9,979,L8/509,L8/470
9,979,L8/470,L9/941
9,979,L9/941,L9/973
9,979,L9/973,L8/486
9,979,L8/486,L7/243
9,979,L7/243,L7/247
9,979,L7/247,L8/494
9,979,L8/494,L9/989
9,979,L9/989,L9/985
9,979,L9/985,L9/984
9,979,L9/984,L9/637
9,979,L9/637,L9/636
9,979,L9/636,L9/979
9,980,L9/766,L9/745
9,980,L9/745,L9/1019
9,980,L9/1019,L8/509
9,980,L8/509,L8/470
9,980,L8/470,L9/941
9,980,L9/941,L9/973
9,980,L9/973,L8/486
9,980,L8/486,L7/243
9,980,L7/243,L7/247
9,980,L7/247,L8/494
9,980,L8/494,L9/989
9,980,L9/989,L9/985
9,980,L9/985,L9/984
9,980,L9/984,L9/980
9,981,L9/766,L9/745
9,981,L9/745,L9/1019
9,981,L9/1019,L8/509
9,981,L8/509,L8/470
9,981,L8/470,L9/941
9,981,L9/941,L9/973
9,981,L9/973,L8/486
9,981,L8/486,L7/243
9,981,L7/243,L7/247
9,981,L7/247,L8/494
9,981,L8/494,L9/989
9,981,L9/989,L9/985
9,981,L9/985,L9/984
9,981,L9/984,L9/981
9,982,L9/766,L9/745
9,982,L9/745,L9/1019
9,982,L9/1019,L8/509
9,982,L8/509,L8/470
9,982,L8/470,L9/941
9,982,L9/941,L9/973
9,982,L9/973,L8/486
9,982,L8/486,L7/243
9,982,L7/243,L7/247
9,982,L7/247,L8/494
9,982,L8/494,L9/989
9,982,L9/989,L9/987
9,982,L9/987,L9/986
9,982,L9/986,L9/982
9,983,L9/766,L9/745
9,983,L9/745,L9/1019
9,983,L9/1019,L8/509
9,983,L8/509,L8/470
9,983,L8/470,L9/941
9,983,L9/941,L9/973
9,983,L9/973,L8/486
9,983,L8/486,L7/243
9,983,L7/243,L7/247
9,983,L7/247,L8/494
9,983,L8/494,L9/989
9,983,L9/989,L9/987
9,983,L9/987,L9/986
9,983,L9/986,L9/982
9,983,L9/982,L9/983
9,984,L9/766,L9/745
9,984,L9/745,L9/1019
9,984,L9/1019,L8/509
9,984,L8/509,L8/470
9,984,L8/470,L9/941
9,984,L9/941,L9/973
9,984,L9/973,L8/486
9,984,L8/486,L7/243
9,984,L7/243,L7/247
9,984,L7/247,L8/494
9,984,L8/494,L9/989
9,984,L9/989,L9/985
9,984,L9/985,L9/984
9,985,L9/766,L9/745
9,985,L9/745,L9/1019
9,985,L9/1019,L8/509
9,985,L8/509,L8/470
9,985,L8/470,L9/941
9,985,L9/941,L9/973
9,985,L9/973,L8/486
9,985,L8/486,L7/243
9,985,L7/243,L7/247
9,985,L7/247,L8/494
9,985,L8/494,L9/989
9,985,L9/989,L9/985
9,986,L9/766,L9/745
9,986,L9/745,L9/1019
9,986,L9/1019,L8/509
9,986,L8/509,L8/470
9,986,L8/470,L9/941
9,986,L9/941,L9/973
9,986,L9/973,L8/486
9,986,L8/486,L7/243
9,986,L7/243,L7/247
9,986,L7/247,L8/494
9,986,L8/494,L9/989
9,986,L9/989,L9/987
9,986,L9/987,L9/986
9,987,L9/766,L9/745
9,987,L9/745,L9/1019
9,987,L9/1019,L8/509
9,987,L8/509,L8/470
9,987,L8/470,L9/941
9,987,L9/941,L9/973
9,987,L9/973,L8/486
9,987,L8/486,L7/243
9,987,L7/243,L7/247
9,987,L7/247,L8/494
9,987,L8/494,L9/989
9,987,L9/989,L9/987
9,988,L9/766,L9/745
9,988,L9/745,L9/1019
9,988,L9/1019,L8/509
9,988,L8/509,L8/470
9,988,L8/470,L9/941
9,988,L9/941,L9/973
9,988,L9/973,L8/486
9,988,L8/486,L7/243
9,988,L7/243,L7/247
9,988,L7/247,L8/494
9,988,L8/494,L9/988
9,989,L9/766,L9/745
9,989,L9/745,L9/1019
9,989,L9/1019,L8/509
9,989,L8/509,L8/470
9,989,L8/470,L9/941
9,989,L9/941,L9/973
9,989,L9/973,L8/486
9,989,L8/486,L7/243
9,989,L7/243,L7/247
9,989,L7/247,L8/494
9,989,L8/494,L9/989
9,990,L9/766,L9/745
9,990,L9/745,L9/1019
9,990,L9/1019,L8/509
9,990,L8/509,L8/470
9,990,L8/470,L9/941
9,990,L9/941,L9/973
9,990,L9/973,L8/486
9,990,L8/486,L7/243
9,990,L7/243,L7/247
9,990,L7/247,L8/495
9,990,L8/495,L9/990
9,991,L9/766,L9/745
9,991,L9/745,L9/1019
9,991,L9/1019,L8/509
9,991,L8/509,L8/470
9,991,L8/470,L9/941
9,991,L9/941,L9/973
9,991,L9/973,L8/486
9,991,L8/486,L7/243
9,991,L7/243,L7/247
9,991,L7/247,L8/495
9,991,L8/495,L9/991
9,992,L9/766,L9/745
9,992,L9/745,L9/1019
9,992,L9/1019,L8/509
9,992,L8/509,L8/470
9,992,L8/470,L9/941
9,992,L9/941,L9/973
9,992,L9/973,L8/486
9,992,L8/486,L7/243
9,992,L7/243,L7/247
9,992,L7/247,L8/494
9,992,L8/494,L9/989
9,992,L9/989,L9/987
9,992,L9/987,L9/986
9,992,L9/986,L9/982
9,992,L9/982,L9/983
9,992,L9/983,L9/977
9,992,L9/977,L8/488
9,992,L8/488,L7/244
9,992,L7/244,L7/253
9,992,L7/253,L8/507
9,992,L8/507,L9/1015
9,992,L9/1015,L9/1005
9,992,L9/1005,L9/993
9,992,L9/993,L9/992
9,993,L9/766,L9/745
9,993,L9/745,L9/1019
9,993,L9/1019,L8/509
9,993,L8/509,L8/470
9,993,L8/470,L9/941
9,993,L9/941,L9/973
9,993,L9/973,L8/486
9,993,L8/486,L7/243
9,993,L7/243,L7/247
9,993,L7/247,L8/494
9,993,L8/494,L9/989
9,993,L9/989,L9/987
9,993,L9/987,L9/986
9,993,L9/986,L9/982
9,993,L9/982,L9/983
9,993,L9/983,L9/977
9,993,L9/977,L8/488
9,993,L8/488,L7/244
9,993,L7/244,L7/253
9,993,L7/253,L8/507
9,993,L8/507,L9/1015
9,993,L9/1015,L9/1005
9,993,L9/1005,L9/993
9,994,L9/766,L9/745
9,994,L9/745,L9/1019
9,994,L9/1019,L8/509
9,994,L8/509,L8/470
9,994,L8/470,L9/941
9,994,L9/941,L9/973
9,994,L9/973,L8/486
9,994,L8/486,L7/243
9,994,L7/243,L7/247
9,994,L7/247,L8/494
9,994,L8/494,L9/989
9,994,L9/989,L9/987
9,994,L9/987,L9/986
9,994,L9/986,L9/982
9,994,L9/982,L9/983
9,994,L9/983,L9/977
9,994,L9/977,L8/488
9,994,L8/488,L7/244
9,994,L7/244,L7/253
9,994,L7/253,L8/507
9,994,L8/507,L9/1015
9,994,L9/1015,L9/1005
9,994,L9/1005,L9/993
9,994,L9/993,L9/994
9,995,L9/766,L9/745
9,995,L9/745,L9/1019
9,995,L9/1019,L8/509
9,995,L8/509,L8/470
9,995,L8/470,L9/941
9,995,L9/941,L9/973
9,995,L9/973,L8/486
9,995,L8/486,L7/243
9,995,L7/243,L7/247
9,995,L7/247,L8/494
9,995,L8/494,L9/989
9,995,L9/989,L9/987
9,995,L9/987,L9/986
9,995,L9/986,L9/982
9,995,L9/982,L9/983
9,995,L9/983,L9/977
9,995,L9/977,L8/488
9,995,L8/488,L7/244
9,995,L7/244,L7/253
9,995,L7/253,L8/507
9,995,L8/507,L9/1015
9,995,L9/1015,L9/1005
9,995,L9/1005,L9/993
9,995,L9/993,L9/992
9,995,L9/992,L9/995
9,996,L9/766,L9/745
9,996,L9/745,L9/1019
9,996,L9/1019,L8/509
9,996,L8/509,L8/470
9,996,L8/470,L9/941
9,996,L9/941,L9/973
9,996,L9/973,L8/486
9,996,L8/486,L7/243
9,996,L7/243,L7/247
9,996,L7/247,L8/494
9,996,L8/494,L9/989
9,996,L9/989,L9/987
9,996,L9/987,L9/986
9,996,L9/986,L9/982
9,996,L9/982,L9/983
9,996,L9/983,L9/977
9,996,L9/977,L8/488
9,996,L8/488,L7/244
9,996,L7/244,L7/253
9,996,L7/253,L8/507
9,996,L8/507,L9/1015
9,996,L9/1015,L9/1005
9,996,L9/1005,L9/993
9,996,L9/993,L9/992
9,996,L9/992,L9/995
9,996,L9/995,L9/996
9,997,L9/766,L9/745
9,997,L9/745,L9/1019
9,997,L9/1019,L8/509
9,997,L8/509,L8/470
9,997,L8/470,L9/941
9,997,L9/941,L9/973
9,997,L9/973,L8/486
9,997,L8/486,L7/243
9,997,L7/243,L7/247
9,997,L7/247,L8/494
9,997,L8/494,L9/989
9,997,L9/989,L9/987
9,997,L9/987,L9/986
9,997,L9/986,L9/982
9,997,L9/982,L9/983
9,997,L9/983,L9/977
9,997,L9/977,L8/488
9,997,L8/488,L7/244
9,997,L7/244,L7/253
9,997,L7/253,L8/507
9,997,L8/507,L9/1015
9,997,L9/1015,L9/1005
9,997,L9/1005,L9/993
9,997,L9/993,L9/992
9,997,L9/992,L9/995
9,997,L9/995,L9/997
9,998,L9/766,L9/745
9,998,L9/745,L9/1019
9,998,L9/1019,L8/509
9,998,L8/509,L8/470
9,998,L8/470,L9/941
9,998,L9/941,L9/973
9,998,L9/973,L8/486
9,998,L8/486,L7/243
9,998,L7/243,L7/247
9,998,L7/247,L8/494
9,998,L8/494,L9/989
9,998,L9/989,L9/987
9,998,L9/987,L9/986
9,998,L9/986,L9/982
9,998,L9/982,L9/983
9,998,L9/983,L9/977
9,998,L9/977,L8/488
9,998,L8/488,L7/244
9,998,L7/244,L7/253
9,998,L7/253,L8/507
9,998,L8/507,L9/1015
9,998,L9/1015,L9/1005
9,998,L9/1005,L9/993
9,998,L9/993,L9/992
9,998,L9/992,L9/998
9,999,L9/766,L9/745
9,999,L9/745,L9/1019
9,999,L9/1019,L8/509
9,999,L8/509,L8/470
9,999,L8/470,L9/941
9,999,L9/941,L9/973
9,999,L9/973,L8/486
9,999,L8/486,L7/243
9,999,L7/243,L7/247
9,999,L7/247,L8/494
9,999,L8/494,L9/989
9,999,L9/989,L9/987
9,999,L9/987,L9/986
9,999,L9/986,L9/982
9,999,L9/982,L9/983
9,999,L9/983,L9/977
9,999,L9/977,L8/488
9,999,L8/488,L7/244
9,999,L7/244,L7/253
9,999,L7/253,L8/507
9,999,L8/507,L9/1015
9,999,L9/1015,L9/1005
9,999,L9/1005,L9/1006
9,999,L9/1006,L9/1007
9,999,L9/1007,L9/999
9,1000,L9/766,L9/745
9,1000,L9/745,L9/1019
9,1000,L9/1019,L8/509
9,1000,L8/509,L8/470
9,1000,L8/470,L9/941
9,1000,L9/941,L9/973
9,1000,L9/973,L8/486
9,1000,L8/486,L7/243
9,1000,L7/243,L7/247
9,1000,L7/247,L8/494
9,1000,L8/494,L9/989
9,1000,L9/989,L9/987
9,1000,L9/987,L9/986
9,1000,L9/986,L9/982
9,1000,L9/982,L9/983
9,1000,L9/983,L9/977
9,1000,L9/977,L8/488
9,1000,L8/488,L7/244
9,1000,L7/244,L7/253
9,1000,L7/253,L8/507
9,1000,L8/507,L9/1014
9,1000,L9/1014,L9/1002
9,1000,L9/1002,L9/1000
9,1001,L9/766,L9/745
9,1001,L9/745,L9/1019
9,1001,L9/1019,L8/509
9,1001,L8/509,L8/470
9,1001,L8/470,L9/941
9,1001,L9/941,L9/973
9,1001,L9/973,L8/486
9,1001,L8/486,L7/243
9,1001,L7/243,L7/247
9,1001,L7/247,L8/494
9,1001,L8/494,L9/989
9,1001,L9/989,L9/987
9,1001,L9/987,L9/986
9,1001,L9/986,L9/982
9,1001,L9/982,L9/983
9,1001,L9/983,L9/977
9,1001,L9/977,L8/488
9,1001,L8/488,L7/244
9,1001,L7/244,L7/253
9,1001,L7/253,L8/507
9,1001,L8/507,L9/1014
9,1001,L9/1014,L9/1003
9,1001,L9/1003,L9/1001
9,1002,L9/766,L9/745
9,1002,L9/745,L9/1019
9,1002,L9/1019,L8/509
9,1002,L8/509,L8/470
9,1002,L8/470,L9/941
9,1002,L9/941,L9/973
9,1002,L9/973,L8/486
9,1002,L8/486,L7/243
9,1002,L7/243,L7/247
9,1002,L7/247,L8/494
9,1002,L8/494,L9/989
9,1002,L9/989,L9/987
9,1002,L9/987,L9/986
9,1002,L9/986,L9/982
9,1002,L9/982,L9/983
9,1002,L9/983,L9/977
9,1002,L9/977,L8/488
9,1002,L8/488,L7/244
9,1002,L7/244,L7/253
9,1002,L7/253,L8/507
9,1002,L8/507,L9/1014
9,1002,L9/1014,L9/1002
9,1003,L9/766,L9/745
9,1003,L9/745,L9/1019
9,1003,L9/1019,L8/509
9,1003,L8/509,L8/470
9,1003,L8/470,L9/941
9,1003,L9/941,L9/973
9,1003,L9/973,L8/486
9,1003,L8/486,L7/243
9,1003,L7/243,L7/247
9,1003,L7/247,L8/494
9,1003,L8/494,L9/989
9,1003,L9/989,L9/987
9,1003,L9/987,L9/986
9,1003,L9/986,L9/982
9,1003,L9/982,L9/983
9,1003,L9/983,L9/977
9,1003,L9/977,L8/488
9,1003,L8/488,L7/244
9,1003,L7/244,L7/253
9,1003,L7/253,L8/507
9,1003,L8/507,L9/1014
9,1003,L9/1014,L9/1003
9,1004,L9/766,L9/745
9,1004,L9/745,L9/1019
9,1004,L9/1019,L8/509
9,1004,L8/509,L8/470
9,1004,L8/470,L9/941
9,1004,L9/941,L9/973
9,1004,L9/973,L8/486
9,1004,L8/486,L7/243
9,1004,L7/243,L7/247
9,1004,L7/247,L8/494
9,1004,L8/494,L9/989
9,1004,L9/989,L9/987
9,1004,L9/987,L9/986
9,1004,L9/986,L9/982
9,1004,L9/982,L9/983
9,1004,L9/983,L9/977
9,1004,L9/977,L8/488
9,1004,L8/488,L7/244
9,1004,L7/244,L7/253
9,1004,L7/253,L8/507
9,1004,L8/507,L9/1015
9,1004,L9/1015,L9/1005
9,1004,L9/1005,L9/1004
9,1005,L9/766,L9/745
9,1005,L9/745,L9/1019
9,1005,L9/1019,L8/509
9,1005,L8/509,L8/470
9,1005,L8/470,L9/941
9,1005,L9/941,L9/973
9,1005,L9/973,L8/486
9,1005,L8/486,L7/243
9,1005,L7/243,L7/247
9,1005,L7/247,L8/494
9,1005,L8/494,L9/989
9,1005,L9/989,L9/987
9,1005,L9/987,L9/986
9,1005,L9/986,L9/982
9,1005,L9/982,L9/983
9,1005,L9/983,L9/977
9,1005,L9/977,L8/488
9,1005,L8/488,L7/244
9,1005,L7/244,L7/253
9,1005,L7/253,L8/507
9,1005,L8/507,L9/1015
9,1005,L9/1015,L9/1005
9,1006,L9/766,L9/745
9,1006,L9/745,L9/1019
9,1006,L9/1019,L8/509
9,1006,L8/509,L8/470
9,1006,L8/470,L9/941
9,1006,L9/941,L9/973
9,1006,L9/973,L8/486
9,1006,L8/486,L7/243
9,1006,L7/243,L7/247
9,1006,L7/247,L8/494
9,1006,L8/494,L9/989
9,1006,L9/989,L9/987
9,1006,L9/987,L9/986
9,1006,L9/986,L9/982
9,1006,L9/982,L9/983
9,1006,L9/983,L9/977
9,1006,L9/977,L8/488
9,1006,L8/488,L7/244
9,1006,L7/244,L7/253
9,1006,L7/253,L8/507
9,1006,L8/507,L9/1015
9,1006,L9/1015,L9/1005
9,1006,L9/1005,L9/1006
9,1007,L9/766,L9/745
9,1007,L9/745,L9/1019
9,1007,L9/1019,L8/509
9,1007,L8/509,L8/470
9,1007,L8/470,L9/941
9,1007,L9/941,L9/973
9,1007,L9/973,L8/486
9,1007,L8/486,L7/243
9,1007,L7/243,L7/247
9,1007,L7/247,L8/494
9,1007,L8/494,L9/989
9,1007,L9/989,L9/987
9,1007,L9/987,L9/986
9,1007,L9/986,L9/982
9,1007,L9/982,L9/983
9,1007,L9/983,L9/977
9,1007,L9/977,L8/488
9,1007,L8/488,L7/244
9,1007,L7/244,L7/253
9,1007,L7/253,L8/507
9,1007,L8/507,L9/1015
9,1007,L9/1015,L9/1005
9,1007,L9/1005,L9/1006
9,1007,L9/1006,L9/1007
9,1008,L9/766,L9/745
9,1008,L9/745,L9/1019
9,1008,L9/1019,L8/509
9,1008,L8/509,L8/470
9,1008,L8/470,L9/941
9,1008,L9/941,L9/973
9,1008,L9/973,L8/486
9,1008,L8/486,L7/243
9,1008,L7/243,L7/247
9,1008,L7/247,L8/494
9,1008,L8/494,L9/989
9,1008,L9/989,L9/987
9,1008,L9/987,L9/986
9,1008,L9/986,L9/982
9,1008,L9/982,L9/983
9,1008,L9/983,L9/977
9,1008,L9/977,L8/488
9,1008,L8/488,L7/244
9,1008,L7/244,L7/253
9,1008,L7/253,L8/506
9,1008,L8/506,L9/1013
9,1008,L9/1013,L9/1011
9,1008,L9/1011,L9/1008
9,1009,L9/766,L9/745
9,1009,L9/745,L9/1019
9,1009,L9/1019,L8/509
9,1009,L8/509,L8/470
9,1009,L8/470,L9/941
9,1009,L9/941,L9/973
9,1009,L9/973,L8/486
9,1009,L8/486,L7/243
9,1009,L7/243,L7/247
9,1009,L7/247,L8/494
9,1009,L8/494,L9/989
9,1009,L9/989,L9/987
9,1009,L9/987,L9/986
9,1009,L9/986,L9/982
9,1009,L9/982,L9/983
9,1009,L9/983,L9/977
9,1009,L9/977,L8/488
9,1009,L8/488,L7/244
9,1009,L7/244,L7/253
9,1009,L7/253,L8/506
9,1009,L8/506,L9/1013
9,1009,L9/1013,L9/1011
9,1009,L9/1011,L9/1008
9,1009,L9/1008,L9/1009
9,1010,L9/766,L9/745
9,1010,L9/745,L9/1019
9,1010,L9/1019,L8/509
9,1010,L8/509,L8/470
9,1010,L8/470,L9/941
9,1010,L9/941,L9/973
9,1010,L9/973,L8/486
9,1010,L8/486,L7/243
9,1010,L7/243,L7/247
9,1010,L7/247,L8/494
9,1010,L8/494,L9/989
9,1010,L9/989,L9/987
9,1010,L9/987,L9/986
9,1010,L9/986,L9/982
9,1010,L9/982,L9/983
9,1010,L9/983,L9/977
9,1010,L9/977,L8/488
9,1010,L8/488,L7/244
9,1010,L7/244,L7/253
9,1010,L7/253,L8/506
9,1010,L8/506,L9/1013
9,1010,L9/1013,L9/1011
9,1010,L9/1011,L9/1010
9,1011,L9/766,L9/745
9,1011,L9/745,L9/1019
9,1011,L9/1019,L8/509
9,1011,L8/509,L8/470
9,1011,L8/470,L9/941
9,1011,L9/941,L9/973
9,1011,L9/973,L8/486
9,1011,L8/486,L7/243
9,1011,L7/243,L7/247
9,1011,L7/247,L8/494
9,1011,L8/494,L9/989
9,1011,L9/989,L9/987
9,1011,L9/987,L9/986
9,1011,L9/986,L9/982
9,1011,L9/982,L9/983
9,1011,L9/983,L9/977
9,1011,L9/977,L8/488
9,1011,L8/488,L7/244
9,1011,L7/244,L7/253
9,1011,L7/253,L8/506
9,1011,L8/506,L9/1013
9,1011,L9/1013,L9/1011
9,1012,L9/766,L9/745
9,1012,L9/745,L9/1019
9,1012,L9/1019,L8/509
9,1012,L8/509,L8/470
9,1012,L8/470,L9/941
9,1012,L9/941,L9/973
9,1012,L9/973,L8/486
9,1012,L8/486,L7/243
9,1012,L7/243,L7/247
9,1012,L7/247,L8/494
9,1012,L8/494,L9/989
9,1012,L9/989,L9/987
9,1012,L9/987,L9/986
9,1012,L9/986,L9/982
9,1012,L9/982,L9/983
9,1012,L9/983,L9/977
9,1012,L9/977,L8/488
9,1012,L8/488,L7/244
9,1012,L7/244,L7/253
9,1012,L7/253,L8/506
9,1012,L8/506,L9/1012
9,1013,L9/766,L9/745
9,1013,L9/745,L9/1019
9,1013,L9/1019,L8/509
9,1013,L8/509,L8/470
9,1013,L8/470,L9/941
9,1013,L9/941,L9/973
9,1013,L9/973,L8/486
9,1013,L8/486,L7/243
9,1013,L7/243,L7/247
9,1013,L7/247,L8/494
9,1013,L8/494,L9/989
9,1013,L9/989,L9/987
9,1013,L9/987,L9/986
9,1013,L9/986,L9/982
9,1013,L9/982,L9/983
9,1013,L9/983,L9/977
9,1013,L9/977,L8/488
9,1013,L8/488,L7/244
9,1013,L7/244,L7/253
9,1013,L7/253,L8/506
9,1013,L8/506,L9/1013
9,1014,L9/766,L9/745
9,1014,L9/745,L9/1019
9,1014,L9/1019,L8/509
9,1014,L8/509,L8/470
9,1014,L8/470,L9/941
9,1014,L9/941,L9/973
9,1014,L9/973,L8/486
9,1014,L8/486,L7/243
9,1014,L7/243,L7/247
9,1014,L7/247,L8/494
9,1014,L8/494,L9/989
9,1014,L9/989,L9/987
9,1014,L9/987,L9/986
9,1014,L9/986,L9/982
9,1014,L9/982,L9/983
9,1014,L9/983,L9/977
9,1014,L9/977,L8/488
9,1014,L8/488,L7/244
9,1014,L7/244,L7/253
9,1014,L7/253,L8/507
9,1014,L8/507,L9/1014
9,1015,L9/766,L9/745
9,1015,L9/745,L9/1019
9,1015,L9/1019,L8/509
9,1015,L8/509,L8/470
9,1015,L8/470,L9/941
9,1015,L9/941,L9/973
9,1015,L9/973,L8/486
9,1015,L8/486,L7/243
9,1015,L7/243,L7/247
9,1015,L7/247,L8/494
9,1015,L8/494,L9/989
9,1015,L9/989,L9/987
9,1015,L9/987,L9/986
9,1015,L9/986,L9/982
9,1015,L9/982,L9/983
9,1015,L9/983,L9/977
9,1015,L9/977,L8/488
9,1015,L8/488,L7/244
9,1015,L7/244,L7/253
9,1015,L7/253,L8/507
9,1015,L8/507,L9/1015
9,1016,L9/766,L9/745
9,1016,L9/745,L9/1019
9,1016,L9/1019,L8/509
9,1016,L8/509,L8/508
9,1016,L8/508,L9/1016
9,1017,L9/766,L9/745
9,1017,L9/745,L9/1019
9,1017,L9/1019,L8/509
9,1017,L8/509,L8/508
9,1017,L8/508,L9/1017
9,1018,L9/766,L9/745
9,1018,L9/745,L9/1018
9,1019,L9/766,L9/745
9,1019,L9/745,L9/1019
9,1020,L9/766,L9/1022
9,1020,L9/1022,L8/511
9,1020,L8/511,L8/510
9,1020,L8/510,L9/1020
9,1021,L9/766,L9/1022
9,1021,L9/1022,L8/511
9,1021,L8/511,L8/510
9,1021,L8/510,L9/1021
9,1022,L9/766,L9/1022
9,1023,L9/766,L9/745
9,1023,L9/745,L9/1023
