cell_index,cell_id,annotation,x,y,time,embedding_index
0,147_104,Cavity,104,-147,1,88
1,147_105,Cavity,105,-147,1,90
2,147_106,Cavity,106,-147,1,95
3,147_107,Cavity,107,-147,1,125
4,147_108,Mesenchyme,108,-147,1,91
5,147_109,Mesenchyme,109,-147,1,43
6,147_110,Mesenchyme,110,-147,1,111
7,147_111,Mesenchyme,111,-147,1,88
8,147_112,Mesenchyme,112,-147,1,91
9,147_113,Mesenchyme,113,-147,1,95
10,147_114,Mesenchyme,114,-147,1,111
11,147_115,Mesenchyme,115,-147,1,111
12,147_116,Mesenchyme,116,-147,1,91
13,147_117,Mesenchyme,117,-147,1,111
14,147_118,Mesenchyme,118,-147,1,90
15,147_119,Mesenchyme,119,-147,1,111
16,147_120,Mesenchyme,120,-147,1,95
17,147_121,Mesenchyme,121,-147,1,90
18,147_122,Mesenchyme,122,-147,1,88
19,147_123,Cavity,123,-147,1,88
20,147_124,Cavity,124,-147,1,90
21,147_125,Cavity,125,-147,1,88
22,147_126,Cavity,126,-147,1,88
23,147_127,Cavity,127,-147,1,88
24,148_100,Mesenchyme,100,-148,1,111
25,148_101,Mesenchyme,101,-148,1,125
26,148_102,Mesenchyme,102,-148,1,106
27,148_103,Mesenchyme,103,-148,1,111
28,148_104,Mesenchyme,104,-148,1,111
29,148_105,Mesenchyme,105,-148,1,106
30,148_106,Mesenchyme,106,-148,1,111
31,148_107,Mesenchyme,107,-148,1,111
32,148_108,Mesenchyme,108,-148,1,106
33,148_109,Mesenchyme,109,-148,1,111
34,148_110,Mesenchyme,110,-148,1,111
35,148_111,Mesenchyme,111,-148,1,111
36,148_112,Mesenchyme,112,-148,1,111
37,148_113,Mesenchyme,113,-148,1,111
38,148_114,Mesenchyme,114,-148,1,111
39,148_115,Mesenchyme,115,-148,1,111
40,148_116,Mesenchyme,116,-148,1,111
41,148_117,Mesenchyme,117,-148,1,111
42,148_118,Mesenchyme,118,-148,1,111
43,148_119,Mesenchyme,119,-148,1,111
44,148_120,Mesenchyme,120,-148,1,111
45,148_121,Mesenchyme,121,-148,1,111
46,148_122,Mesenchyme,122,-148,1,111
47,148_123,Cavity,123,-148,1,90
48,148_124,Mesenchyme,124,-148,1,111
49,148_125,Mesenchyme,125,-148,1,91
50,148_126,Mesenchyme,126,-148,1,111
51,148_127,Mesenchyme,127,-148,1,111
52,148_128,Mesenchyme,128,-148,1,111
53,148_129,Mesenchyme,129,-148,1,90
54,148_130,Cavity,130,-148,1,88
55,148_131,Cavity,131,-148,1,80
56,148_132,Cavity,132,-148,1,81
57,148_95,Cavity,95,-148,1,81
58,148_96,Cavity,96,-148,1,86
59,148_97,Connective tissue,97,-148,1,125
60,148_98,Connective tissue,98,-148,1,125
61,148_99,Connective tissue,99,-148,1,126
62,149_100,Connective tissue,100,-149,1,126
63,149_101,Mesenchyme,101,-149,1,126
64,149_102,Mesenchyme,102,-149,1,113
65,149_103,Mesenchyme,103,-149,1,106
66,149_104,Mesenchyme,104,-149,1,106
67,149_105,Mesenchyme,105,-149,1,106
68,149_106,Mesenchyme,106,-149,1,106
69,149_107,Mesenchyme,107,-149,1,106
70,149_108,Mesenchyme,108,-149,1,106
71,149_109,Mesenchyme,109,-149,1,111
72,149_110,Mesenchyme,110,-149,1,111
73,149_111,Dermomyotome,111,-149,1,106
74,149_112,Dermomyotome,112,-149,1,106
75,149_113,Dermomyotome,113,-149,1,114
76,149_114,Mesenchyme,114,-149,1,111
77,149_115,Mesenchyme,115,-149,1,111
78,149_116,Mesenchyme,116,-149,1,111
79,149_117,Mesenchyme,117,-149,1,111
80,149_118,Mesenchyme,118,-149,1,111
81,149_119,Mesenchyme,119,-149,1,111
82,149_120,Mesenchyme,120,-149,1,91
83,149_121,Mesenchyme,121,-149,1,111
84,149_122,Mesenchyme,122,-149,1,114
85,149_123,Cavity,123,-149,1,88
86,149_124,Mesenchyme,124,-149,1,111
87,149_125,Mesenchyme,125,-149,1,111
88,149_126,Mesenchyme,126,-149,1,111
89,149_127,Mesenchyme,127,-149,1,95
90,149_128,Mesenchyme,128,-149,1,111
91,149_129,Mesenchyme,129,-149,1,111
92,149_130,Mesenchyme,130,-149,1,111
93,149_131,Mesenchyme,131,-149,1,111
94,149_132,Mesenchyme,132,-149,1,111
95,149_133,Cavity,133,-149,1,90
96,149_134,Cavity,134,-149,1,80
97,149_94,Connective tissue,94,-149,1,125
98,149_95,Connective tissue,95,-149,1,126
99,149_96,Connective tissue,96,-149,1,126
100,149_97,Connective tissue,97,-149,1,126
101,149_98,Connective tissue,98,-149,1,126
102,149_99,Connective tissue,99,-149,1,126
103,150_100,Connective tissue,100,-150,1,114
104,150_101,Connective tissue,101,-150,1,114
105,150_102,Dermomyotome,102,-150,1,114
106,150_103,Dermomyotome,103,-150,1,112
107,150_104,Dermomyotome,104,-150,1,114
108,150_105,Dermomyotome,105,-150,1,114
109,150_106,Dermomyotome,106,-150,1,114
110,150_107,Dermomyotome,107,-150,1,114
111,150_108,Dermomyotome,108,-150,1,114
112,150_109,Dermomyotome,109,-150,1,114
113,150_110,Dermomyotome,110,-150,1,114
114,150_111,Dermomyotome,111,-150,1,114
115,150_112,Dermomyotome,112,-150,1,112
116,150_113,Dermomyotome,113,-150,1,114
117,150_114,Dermomyotome,114,-150,1,114
118,150_115,Dermomyotome,115,-150,1,114
119,150_116,Dermomyotome,116,-150,1,115
120,150_117,Dermomyotome,117,-150,1,114
121,150_118,Dermomyotome,118,-150,1,104
122,150_119,Dermomyotome,119,-150,1,104
123,150_120,Dermomyotome,120,-150,1,104
124,150_121,Dermomyotome,121,-150,1,114
125,150_122,Dermomyotome,122,-150,1,114
126,150_123,Mesenchyme,123,-150,1,125
127,150_124,Mesenchyme,124,-150,1,111
128,150_125,Mesenchyme,125,-150,1,111
129,150_126,Mesenchyme,126,-150,1,111
130,150_127,Mesenchyme,127,-150,1,111
131,150_128,Mesenchyme,128,-150,1,106
132,150_129,Mesenchyme,129,-150,1,111
133,150_130,Mesenchyme,130,-150,1,111
134,150_131,Mesenchyme,131,-150,1,111
135,150_132,Mesenchyme,132,-150,1,111
136,150_133,Mesenchyme,133,-150,1,111
137,150_134,Mesenchyme,134,-150,1,111
138,150_135,Cavity,135,-150,1,90
139,150_136,Cavity,136,-150,1,87
140,150_93,Connective tissue,93,-150,1,125
141,150_94,Connective tissue,94,-150,1,126
142,150_95,Connective tissue,95,-150,1,126
143,150_96,Connective tissue,96,-150,1,126
144,150_97,Connective tissue,97,-150,1,126
145,150_98,Connective tissue,98,-150,1,126
146,150_99,Connective tissue,99,-150,1,113
147,151_100,Dermomyotome,100,-151,1,114
148,151_101,Dermomyotome,101,-151,1,112
149,151_102,Dermomyotome,102,-151,1,114
150,151_103,Dermomyotome,103,-151,1,114
151,151_104,Dermomyotome,104,-151,1,114
152,151_105,Dermomyotome,105,-151,1,114
153,151_106,Dermomyotome,106,-151,1,114
154,151_107,Dermomyotome,107,-151,1,114
155,151_108,Dermomyotome,108,-151,1,114
156,151_109,Dermomyotome,109,-151,1,104
157,151_110,Cavity,110,-151,1,89
158,151_111,Cavity,111,-151,1,83
159,151_112,Cavity,112,-151,1,83
160,151_113,Cavity,113,-151,1,82
161,151_114,Cavity,114,-151,1,86
162,151_115,Dermomyotome,115,-151,1,114
163,151_116,Dermomyotome,116,-151,1,114
164,151_117,Dermomyotome,117,-151,1,114
165,151_118,Dermomyotome,118,-151,1,114
166,151_119,Dermomyotome,119,-151,1,114
167,151_120,Dermomyotome,120,-151,1,114
168,151_121,Dermomyotome,121,-151,1,114
169,151_122,Dermomyotome,122,-151,1,114
170,151_123,Dermomyotome,123,-151,1,115
171,151_124,Dermomyotome,124,-151,1,104
172,151_125,Dermomyotome,125,-151,1,114
173,151_126,Dermomyotome,126,-151,1,115
174,151_127,Mesenchyme,127,-151,1,114
175,151_128,Mesenchyme,128,-151,1,111
176,151_129,Mesenchyme,129,-151,1,111
177,151_130,Mesenchyme,130,-151,1,111
178,151_131,Mesenchyme,131,-151,1,111
179,151_132,Mesenchyme,132,-151,1,111
180,151_133,Mesenchyme,133,-151,1,111
181,151_134,Mesenchyme,134,-151,1,111
182,151_135,Mesenchyme,135,-151,1,111
183,151_136,Mesenchyme,136,-151,1,111
184,151_137,Mesenchyme,137,-151,1,111
185,151_138,Cavity,138,-151,1,88
186,151_91,Connective tissue,91,-151,1,125
187,151_92,Connective tissue,92,-151,1,125
188,151_93,Connective tissue,93,-151,1,125
189,151_94,Connective tissue,94,-151,1,126
190,151_95,Connective tissue,95,-151,1,126
191,151_96,Connective tissue,96,-151,1,126
192,151_97,Connective tissue,97,-151,1,112
193,151_98,Dermomyotome,98,-151,1,114
194,151_99,Dermomyotome,99,-151,1,113
195,152_100,Dermomyotome,100,-152,1,114
196,152_101,Dermomyotome,101,-152,1,114
197,152_102,Dermomyotome,102,-152,1,114
198,152_103,Dermomyotome,103,-152,1,114
199,152_104,Dermomyotome,104,-152,1,114
200,152_105,Dermomyotome,105,-152,1,114
201,152_106,Dermomyotome,106,-152,1,114
202,152_107,Dermomyotome,107,-152,1,115
203,152_108,Dermomyotome,108,-152,1,114
204,152_109,Cavity,109,-152,1,85
205,152_110,Cavity,110,-152,1,83
206,152_114,Cavity,114,-152,1,83
207,152_115,Dermomyotome,115,-152,1,114
208,152_116,Dermomyotome,116,-152,1,114
209,152_117,Dermomyotome,117,-152,1,114
210,152_118,Dermomyotome,118,-152,1,114
211,152_119,Dermomyotome,119,-152,1,114
212,152_120,Dermomyotome,120,-152,1,114
213,152_121,Dermomyotome,121,-152,1,114
214,152_122,Dermomyotome,122,-152,1,104
215,152_123,Cavity,123,-152,1,89
216,152_124,Dermomyotome,124,-152,1,114
217,152_125,Dermomyotome,125,-152,1,104
218,152_126,Dermomyotome,126,-152,1,115
219,152_127,Dermomyotome,127,-152,1,105
220,152_128,Dermomyotome,128,-152,1,104
221,152_129,Mesenchyme,129,-152,1,104
222,152_130,Mesenchyme,130,-152,1,104
223,152_131,Mesenchyme,131,-152,1,111
224,152_132,Mesenchyme,132,-152,1,111
225,152_133,Mesenchyme,133,-152,1,111
226,152_134,Mesenchyme,134,-152,1,111
227,152_135,Mesenchyme,135,-152,1,111
228,152_136,Mesenchyme,136,-152,1,111
229,152_137,Mesenchyme,137,-152,1,111
230,152_138,Mesenchyme,138,-152,1,111
231,152_139,Mesenchyme,139,-152,1,111
232,152_140,Mesenchyme,140,-152,1,91
233,152_141,Cavity,141,-152,1,80
234,152_89,Cavity,89,-152,1,82
235,152_90,Connective tissue,90,-152,1,124
236,152_91,Connective tissue,91,-152,1,125
237,152_92,Connective tissue,92,-152,1,126
238,152_93,Connective tissue,93,-152,1,126
239,152_94,Connective tissue,94,-152,1,113
240,152_95,Connective tissue,95,-152,1,113
241,152_96,Connective tissue,96,-152,1,114
242,152_97,Dermomyotome,97,-152,1,114
243,152_98,Dermomyotome,98,-152,1,114
244,152_99,Dermomyotome,99,-152,1,114
245,153_100,Dermomyotome,100,-153,1,114
246,153_101,Dermomyotome,101,-153,1,114
247,153_102,Dermomyotome,102,-153,1,114
248,153_103,Dermomyotome,103,-153,1,114
249,153_104,Dermomyotome,104,-153,1,114
250,153_105,Dermomyotome,105,-153,1,114
251,153_106,Dermomyotome,106,-153,1,114
252,153_107,Dermomyotome,107,-153,1,114
253,153_108,Dermomyotome,108,-153,1,115
254,153_109,Cavity,109,-153,1,85
255,153_115,Cavity,115,-153,1,114
256,153_116,Dermomyotome,116,-153,1,114
257,153_117,Dermomyotome,117,-153,1,114
258,153_118,Dermomyotome,118,-153,1,114
259,153_119,Dermomyotome,119,-153,1,114
260,153_120,Dermomyotome,120,-153,1,114
261,153_121,Dermomyotome,121,-153,1,114
262,153_122,Dermomyotome,122,-153,1,114
263,153_123,Cavity,123,-153,1,86
264,153_124,Dermomyotome,124,-153,1,114
265,153_125,Dermomyotome,125,-153,1,114
266,153_126,Dermomyotome,126,-153,1,114
267,153_127,Dermomyotome,127,-153,1,114
268,153_128,Dermomyotome,128,-153,1,104
269,153_129,Dermomyotome,129,-153,1,114
270,153_130,Dermomyotome,130,-153,1,114
271,153_131,Dermomyotome,131,-153,1,104
272,153_132,Dermomyotome,132,-153,1,104
273,153_133,Mesenchyme,133,-153,1,106
274,153_134,Mesenchyme,134,-153,1,111
275,153_135,Mesenchyme,135,-153,1,104
276,153_136,Mesenchyme,136,-153,1,95
277,153_137,Mesenchyme,137,-153,1,111
278,153_138,Mesenchyme,138,-153,1,111
279,153_139,Mesenchyme,139,-153,1,111
280,153_140,Mesenchyme,140,-153,1,111
281,153_141,Mesenchyme,141,-153,1,111
282,153_142,Cavity,142,-153,1,42
283,153_89,Connective tissue,89,-153,1,125
284,153_90,Connective tissue,90,-153,1,124
285,153_91,Connective tissue,91,-153,1,126
286,153_92,Cavity,92,-153,1,126
287,153_93,Connective tissue,93,-153,1,113
288,153_94,Dermomyotome,94,-153,1,114
289,153_95,Dermomyotome,95,-153,1,114
290,153_96,Dermomyotome,96,-153,1,114
291,153_97,Dermomyotome,97,-153,1,114
292,153_98,Dermomyotome,98,-153,1,114
293,153_99,Dermomyotome,99,-153,1,114
294,154_100,Dermomyotome,100,-154,1,114
295,154_101,Dermomyotome,101,-154,1,114
296,154_102,Dermomyotome,102,-154,1,114
297,154_103,Dermomyotome,103,-154,1,114
298,154_104,Dermomyotome,104,-154,1,112
299,154_105,Dermomyotome,105,-154,1,114
300,154_106,AGM,106,-154,1,117
301,154_107,Dermomyotome,107,-154,1,114
302,154_108,Dermomyotome,108,-154,1,112
303,154_109,Cavity,109,-154,1,85
304,154_115,Cavity,115,-154,1,89
305,154_116,Dermomyotome,116,-154,1,113
306,154_117,AGM,117,-154,1,114
307,154_118,Dermomyotome,118,-154,1,114
308,154_119,Dermomyotome,119,-154,1,114
309,154_120,Dermomyotome,120,-154,1,114
310,154_121,Dermomyotome,121,-154,1,115
311,154_122,Dermomyotome,122,-154,1,114
312,154_123,Cavity,123,-154,1,82
313,154_124,Cavity,124,-154,1,89
314,154_125,Dermomyotome,125,-154,1,115
315,154_126,Dermomyotome,126,-154,1,114
316,154_127,Dermomyotome,127,-154,1,115
317,154_128,Dermomyotome,128,-154,1,115
318,154_129,Dermomyotome,129,-154,1,115
319,154_130,Dermomyotome,130,-154,1,115
320,154_131,Dermomyotome,131,-154,1,115
321,154_132,Dermomyotome,132,-154,1,117
322,154_133,Dermomyotome,133,-154,1,104
323,154_134,Dermomyotome,134,-154,1,104
324,154_135,Dermomyotome,135,-154,1,104
325,154_136,Mesenchyme,136,-154,1,111
326,154_137,Mesenchyme,137,-154,1,111
327,154_138,Mesenchyme,138,-154,1,111
328,154_139,Mesenchyme,139,-154,1,111
329,154_140,Mesenchyme,140,-154,1,95
330,154_141,Mesenchyme,141,-154,1,111
331,154_142,Mesenchyme,142,-154,1,111
332,154_143,Mesenchyme,143,-154,1,111
333,154_144,Cavity,144,-154,1,90
334,154_87,Cavity,87,-154,1,84
335,154_88,Connective tissue,88,-154,1,125
336,154_89,Connective tissue,89,-154,1,126
337,154_90,Connective tissue,90,-154,1,126
338,154_91,Connective tissue,91,-154,1,126
339,154_92,Cavity,92,-154,1,84
340,154_93,Cavity,93,-154,1,88
341,154_94,Dermomyotome,94,-154,1,114
342,154_95,Dermomyotome,95,-154,1,114
343,154_96,Dermomyotome,96,-154,1,114
344,154_97,Dermomyotome,97,-154,1,113
345,154_98,Dermomyotome,98,-154,1,114
346,154_99,Dermomyotome,99,-154,1,114
347,155_100,Dermomyotome,100,-155,1,114
348,155_101,AGM,101,-155,1,114
349,155_102,AGM,102,-155,1,112
350,155_103,AGM,103,-155,1,114
351,155_104,AGM,104,-155,1,113
352,155_105,AGM,105,-155,1,114
353,155_106,AGM,106,-155,1,117
354,155_107,AGM,107,-155,1,114
355,155_108,AGM,108,-155,1,114
356,155_109,Cavity,109,-155,1,88
357,155_115,Dermomyotome,115,-155,1,113
358,155_116,AGM,116,-155,1,114
359,155_117,AGM,117,-155,1,118
360,155_118,AGM,118,-155,1,115
361,155_119,AGM,119,-155,1,117
362,155_120,AGM,120,-155,1,115
363,155_121,Dermomyotome,121,-155,1,115
364,155_122,Dermomyotome,122,-155,1,115
365,155_123,Cavity,123,-155,1,89
366,155_124,Dermomyotome,124,-155,1,104
367,155_125,Dermomyotome,125,-155,1,115
368,155_126,Dermomyotome,126,-155,1,104
369,155_127,Dermomyotome,127,-155,1,115
370,155_128,Dermomyotome,128,-155,1,114
371,155_129,Dermomyotome,129,-155,1,115
372,155_130,Dermomyotome,130,-155,1,115
373,155_131,Dermomyotome,131,-155,1,104
374,155_132,Dermomyotome,132,-155,1,97
375,155_133,Dermomyotome,133,-155,1,115
376,155_134,Dermomyotome,134,-155,1,97
377,155_135,Dermomyotome,135,-155,1,114
378,155_136,Dermomyotome,136,-155,1,114
379,155_137,Dermomyotome,137,-155,1,104
380,155_138,Mesenchyme,138,-155,1,111
381,155_139,Mesenchyme,139,-155,1,111
382,155_140,Mesenchyme,140,-155,1,111
383,155_141,Mesenchyme,141,-155,1,111
384,155_142,Mesenchyme,142,-155,1,111
385,155_143,Mesenchyme,143,-155,1,110
386,155_144,Mesenchyme,144,-155,1,111
387,155_145,Cavity,145,-155,1,90
388,155_86,Cavity,86,-155,1,84
389,155_87,Connective tissue,87,-155,1,124
390,155_88,Connective tissue,88,-155,1,126
391,155_89,Connective tissue,89,-155,1,126
392,155_90,Connective tissue,90,-155,1,113
393,155_91,Dermomyotome,91,-155,1,114
394,155_92,Mesenchyme,92,-155,1,113
395,155_93,Dermomyotome,93,-155,1,112
396,155_94,Dermomyotome,94,-155,1,112
397,155_95,Dermomyotome,95,-155,1,114
398,155_96,Dermomyotome,96,-155,1,114
399,155_97,Dermomyotome,97,-155,1,114
400,155_98,Dermomyotome,98,-155,1,114
401,155_99,Dermomyotome,99,-155,1,114
402,156_100,AGM,100,-156,1,114
403,156_101,AGM,101,-156,1,114
404,156_102,AGM,102,-156,1,114
405,156_103,AGM,103,-156,1,116
406,156_104,AGM,104,-156,1,112
407,156_105,AGM,105,-156,1,113
408,156_106,AGM,106,-156,1,117
409,156_107,AGM,107,-156,1,112
410,156_108,AGM,108,-156,1,117
411,156_109,AGM,109,-156,1,118
412,156_110,Cavity,110,-156,1,83
413,156_114,Cavity,114,-156,1,85
414,156_115,AGM,115,-156,1,118
415,156_116,AGM,116,-156,1,118
416,156_117,AGM,117,-156,1,97
417,156_118,AGM,118,-156,1,118
418,156_119,AGM,119,-156,1,118
419,156_120,AGM,120,-156,1,118
420,156_121,AGM,121,-156,1,118
421,156_122,AGM,122,-156,1,117
422,156_123,Cavity,123,-156,1,115
423,156_124,Dermomyotome,124,-156,1,105
424,156_125,Dermomyotome,125,-156,1,115
425,156_126,Dermomyotome,126,-156,1,104
426,156_127,Dermomyotome,127,-156,1,104
427,156_128,Dermomyotome,128,-156,1,115
428,156_129,Dermomyotome,129,-156,1,104
429,156_130,Dermomyotome,130,-156,1,118
430,156_131,Dermomyotome,131,-156,1,104
431,156_132,Dermomyotome,132,-156,1,104
432,156_133,Dermomyotome,133,-156,1,115
433,156_134,Dermomyotome,134,-156,1,105
434,156_135,Dermomyotome,135,-156,1,104
435,156_136,Dermomyotome,136,-156,1,104
436,156_137,Dermomyotome,137,-156,1,104
437,156_138,Dermomyotome,138,-156,1,105
438,156_139,Mesenchyme,139,-156,1,111
439,156_140,Mesenchyme,140,-156,1,111
440,156_141,Mesenchyme,141,-156,1,111
441,156_142,Mesenchyme,142,-156,1,111
442,156_143,Mesenchyme,143,-156,1,111
443,156_144,Mesenchyme,144,-156,1,108
444,156_145,Mesenchyme,145,-156,1,111
445,156_146,Mesenchyme,146,-156,1,111
446,156_147,Cavity,147,-156,1,81
447,156_85,Cavity,85,-156,1,84
448,156_86,Connective tissue,86,-156,1,126
449,156_87,Connective tissue,87,-156,1,126
450,156_88,Connective tissue,88,-156,1,126
451,156_89,Connective tissue,89,-156,1,113
452,156_90,Connective tissue,90,-156,1,113
453,156_91,Dermomyotome,91,-156,1,112
454,156_92,Dermomyotome,92,-156,1,114
455,156_93,Dermomyotome,93,-156,1,112
456,156_94,Dermomyotome,94,-156,1,114
457,156_95,Dermomyotome,95,-156,1,114
458,156_96,Dermomyotome,96,-156,1,114
459,156_97,Dermomyotome,97,-156,1,112
460,156_98,Dermomyotome,98,-156,1,112
461,156_99,Dermomyotome,99,-156,1,115
462,157_100,AGM,100,-157,1,117
463,157_101,AGM,101,-157,1,117
464,157_102,AGM,102,-157,1,117
465,157_103,AGM,103,-157,1,117
466,157_104,AGM,104,-157,1,117
467,157_105,AGM,105,-157,1,116
468,157_106,AGM,106,-157,1,99
469,157_107,AGM,107,-157,1,116
470,157_108,AGM,108,-157,1,117
471,157_109,AGM,109,-157,1,116
472,157_110,Cavity,110,-157,1,82
473,157_114,Cavity,114,-157,1,82
474,157_115,AGM,115,-157,1,118
475,157_116,Liver,116,-157,1,118
476,157_117,Liver,117,-157,1,118
477,157_118,AGM,118,-157,1,118
478,157_119,AGM,119,-157,1,117
479,157_120,AGM,120,-157,1,117
480,157_121,AGM,121,-157,1,118
481,157_122,AGM,122,-157,1,117
482,157_123,AGM,123,-157,1,89
483,157_124,AGM,124,-157,1,97
484,157_125,AGM,125,-157,1,115
485,157_126,AGM,126,-157,1,118
486,157_127,Dermomyotome,127,-157,1,105
487,157_128,Dermomyotome,128,-157,1,115
488,157_129,Dermomyotome,129,-157,1,105
489,157_130,Dermomyotome,130,-157,1,115
490,157_131,Dermomyotome,131,-157,1,115
491,157_132,Dermomyotome,132,-157,1,114
492,157_133,Dermomyotome,133,-157,1,105
493,157_134,Dermomyotome,134,-157,1,104
494,157_135,Dermomyotome,135,-157,1,104
495,157_136,Dermomyotome,136,-157,1,97
496,157_137,Dermomyotome,137,-157,1,104
497,157_138,Dermomyotome,138,-157,1,104
498,157_139,Dermomyotome,139,-157,1,104
499,157_140,Mesenchyme,140,-157,1,106
500,157_141,Mesenchyme,141,-157,1,111
501,157_142,Mesenchyme,142,-157,1,108
502,157_143,Mesenchyme,143,-157,1,111
503,157_144,Mesenchyme,144,-157,1,111
504,157_145,Mesenchyme,145,-157,1,111
505,157_146,Mesenchyme,146,-157,1,111
506,157_147,Mesenchyme,147,-157,1,108
507,157_148,Cavity,148,-157,1,80
508,157_84,Cavity,84,-157,1,84
509,157_85,Connective tissue,85,-157,1,124
510,157_86,Connective tissue,86,-157,1,126
511,157_87,Connective tissue,87,-157,1,126
512,157_88,Connective tissue,88,-157,1,113
513,157_89,Connective tissue,89,-157,1,113
514,157_90,Connective tissue,90,-157,1,114
515,157_91,Dermomyotome,91,-157,1,114
516,157_92,Dermomyotome,92,-157,1,112
517,157_93,Dermomyotome,93,-157,1,114
518,157_94,Dermomyotome,94,-157,1,112
519,157_95,Dermomyotome,95,-157,1,112
520,157_96,Dermomyotome,96,-157,1,114
521,157_97,AGM,97,-157,1,114
522,157_98,AGM,98,-157,1,112
523,157_99,AGM,99,-157,1,117
524,158_100,AGM,100,-158,1,116
525,158_101,AGM,101,-158,1,116
526,158_102,AGM,102,-158,1,118
527,158_103,AGM,103,-158,1,116
528,158_104,AGM,104,-158,1,117
529,158_105,AGM,105,-158,1,116
530,158_106,AGM,106,-158,1,117
531,158_107,AGM,107,-158,1,117
532,158_108,AGM,108,-158,1,117
533,158_109,AGM,109,-158,1,116
534,158_110,Cavity,110,-158,1,87
535,158_111,Cavity,111,-158,1,82
536,158_113,Cavity,113,-158,1,85
537,158_114,AGM,114,-158,1,91
538,158_115,AGM,115,-158,1,119
539,158_116,AGM,116,-158,1,117
540,158_117,AGM,117,-158,1,117
541,158_118,AGM,118,-158,1,118
542,158_119,AGM,119,-158,1,117
543,158_120,AGM,120,-158,1,118
544,158_121,AGM,121,-158,1,118
545,158_122,AGM,122,-158,1,118
546,158_123,AGM,123,-158,1,79
547,158_124,AGM,124,-158,1,119
548,158_125,AGM,125,-158,1,119
549,158_126,Sclerotome,126,-158,1,118
550,158_127,Sclerotome,127,-158,1,105
551,158_128,Dermomyotome,128,-158,1,104
552,158_129,AGM,129,-158,1,115
553,158_130,Dermomyotome,130,-158,1,118
554,158_131,AGM,131,-158,1,118
555,158_132,Dermomyotome,132,-158,1,105
556,158_133,Sclerotome,133,-158,1,97
557,158_134,Sclerotome,134,-158,1,97
558,158_135,Sclerotome,135,-158,1,97
559,158_136,Dermomyotome,136,-158,1,105
560,158_137,Dermomyotome,137,-158,1,105
561,158_138,Dermomyotome,138,-158,1,104
562,158_139,Dermomyotome,139,-158,1,115
563,158_140,Dermomyotome,140,-158,1,104
564,158_141,Mesenchyme,141,-158,1,108
565,158_142,Mesenchyme,142,-158,1,108
566,158_143,Mesenchyme,143,-158,1,108
567,158_144,Mesenchyme,144,-158,1,108
568,158_145,Mesenchyme,145,-158,1,111
569,158_146,Mesenchyme,146,-158,1,126
570,158_147,Mesenchyme,147,-158,1,108
571,158_148,Mesenchyme,148,-158,1,91
572,158_83,Cavity,83,-158,1,86
573,158_84,Connective tissue,84,-158,1,124
574,158_85,Connective tissue,85,-158,1,124
575,158_86,Connective tissue,86,-158,1,113
576,158_87,Dermomyotome,87,-158,1,113
577,158_88,Dermomyotome,88,-158,1,112
578,158_89,Connective tissue,89,-158,1,113
579,158_90,Connective tissue,90,-158,1,112
580,158_91,Dermomyotome,91,-158,1,112
581,158_92,Dermomyotome,92,-158,1,112
582,158_93,Dermomyotome,93,-158,1,112
583,158_94,AGM,94,-158,1,112
584,158_95,AGM,95,-158,1,116
585,158_96,AGM,96,-158,1,116
586,158_97,AGM,97,-158,1,116
587,158_98,AGM,98,-158,1,114
588,158_99,AGM,99,-158,1,114
589,159_100,AGM,100,-159,1,116
590,159_101,AGM,101,-159,1,116
591,159_102,AGM,102,-159,1,116
592,159_103,AGM,103,-159,1,121
593,159_104,AGM,104,-159,1,123
594,159_105,AGM,105,-159,1,116
595,159_106,AGM,106,-159,1,116
596,159_107,AGM,107,-159,1,121
597,159_108,AGM,108,-159,1,121
598,159_109,AGM,109,-159,1,123
599,159_110,AGM,110,-159,1,123
600,159_111,AGM,111,-159,1,123
601,159_112,Cavity,112,-159,1,78
602,159_113,Cavity,113,-159,1,123
603,159_114,AGM,114,-159,1,123
604,159_115,AGM,115,-159,1,116
605,159_116,AGM,116,-159,1,117
606,159_117,AGM,117,-159,1,118
607,159_118,AGM,118,-159,1,117
608,159_119,AGM,119,-159,1,118
609,159_120,AGM,120,-159,1,118
610,159_121,AGM,121,-159,1,118
611,159_122,AGM,122,-159,1,118
612,159_123,Cavity,123,-159,1,78
613,159_124,AGM,124,-159,1,123
614,159_125,AGM,125,-159,1,119
615,159_126,AGM,126,-159,1,119
616,159_127,AGM,127,-159,1,118
617,159_128,AGM,128,-159,1,115
618,159_129,AGM,129,-159,1,115
619,159_130,AGM,130,-159,1,104
620,159_131,Sclerotome,131,-159,1,97
621,159_132,Sclerotome,132,-159,1,97
622,159_133,Sclerotome,133,-159,1,97
623,159_134,Sclerotome,134,-159,1,97
624,159_135,Sclerotome,135,-159,1,118
625,159_136,Sclerotome,136,-159,1,97
626,159_137,Dermomyotome,137,-159,1,105
627,159_138,Dermomyotome,138,-159,1,105
628,159_139,Dermomyotome,139,-159,1,105
629,159_140,Dermomyotome,140,-159,1,115
630,159_141,Dermomyotome,141,-159,1,104
631,159_142,Mesenchyme,142,-159,1,108
632,159_143,Mesenchyme,143,-159,1,111
633,159_144,Mesenchyme,144,-159,1,108
634,159_145,Mesenchyme,145,-159,1,108
635,159_146,Mesenchyme,146,-159,1,108
636,159_147,Mesenchyme,147,-159,1,111
637,159_148,Mesenchyme,148,-159,1,111
638,159_149,Cavity,149,-159,1,87
639,159_82,Cavity,82,-159,1,85
640,159_83,Connective tissue,83,-159,1,124
641,159_84,Connective tissue,84,-159,1,124
642,159_85,Connective tissue,85,-159,1,124
643,159_86,Connective tissue,86,-159,1,113
644,159_87,Dermomyotome,87,-159,1,112
645,159_88,Dermomyotome,88,-159,1,114
646,159_89,Connective tissue,89,-159,1,113
647,159_90,Connective tissue,90,-159,1,113
648,159_91,Connective tissue,91,-159,1,112
649,159_92,Dermomyotome,92,-159,1,112
650,159_93,AGM,93,-159,1,117
651,159_94,AGM,94,-159,1,123
652,159_95,AGM,95,-159,1,79
653,159_96,AGM,96,-159,1,122
654,159_97,AGM,97,-159,1,122
655,159_98,AGM,98,-159,1,123
656,159_99,AGM,99,-159,1,120
657,160_100,AGM,100,-160,1,120
658,160_101,AGM,101,-160,1,123
659,160_102,AGM,102,-160,1,123
660,160_103,Cavity,103,-160,1,79
661,160_104,AGM,104,-160,1,79
662,160_105,AGM,105,-160,1,122
663,160_106,AGM,106,-160,1,123
664,160_107,Cavity,107,-160,1,79
665,160_108,AGM,108,-160,1,123
666,160_109,AGM,109,-160,1,79
667,160_110,AGM,110,-160,1,123
668,160_111,AGM,111,-160,1,123
669,160_112,AGM,112,-160,1,123
670,160_113,Cavity,113,-160,1,78
671,160_114,AGM,114,-160,1,123
672,160_115,AGM,115,-160,1,123
673,160_116,AGM,116,-160,1,123
674,160_117,AGM,117,-160,1,116
675,160_118,AGM,118,-160,1,117
676,160_119,AGM,119,-160,1,117
677,160_120,AGM,120,-160,1,119
678,160_121,AGM,121,-160,1,117
679,160_122,AGM,122,-160,1,119
680,160_123,AGM,123,-160,1,78
681,160_124,AGM,124,-160,1,119
682,160_125,AGM,125,-160,1,119
683,160_126,AGM,126,-160,1,119
684,160_127,AGM,127,-160,1,117
685,160_128,AGM,128,-160,1,115
686,160_129,AGM,129,-160,1,118
687,160_130,Sclerotome,130,-160,1,97
688,160_131,Sclerotome,131,-160,1,97
689,160_132,Sclerotome,132,-160,1,97
690,160_133,Sclerotome,133,-160,1,97
691,160_134,Sclerotome,134,-160,1,97
692,160_135,Sclerotome,135,-160,1,97
693,160_136,Sclerotome,136,-160,1,97
694,160_137,Sclerotome,137,-160,1,97
695,160_138,Sclerotome,138,-160,1,97
696,160_139,Dermomyotome,139,-160,1,104
697,160_140,Dermomyotome,140,-160,1,105
698,160_141,Dermomyotome,141,-160,1,105
699,160_142,Dermomyotome,142,-160,1,105
700,160_143,Dermomyotome,143,-160,1,108
701,160_144,Mesenchyme,144,-160,1,108
702,160_145,Mesenchyme,145,-160,1,109
703,160_146,Mesenchyme,146,-160,1,108
704,160_147,Mesenchyme,147,-160,1,108
705,160_148,Mesenchyme,148,-160,1,108
706,160_149,Mesenchyme,149,-160,1,77
707,160_150,Cavity,150,-160,1,82
708,160_82,Cavity,82,-160,1,124
709,160_83,Connective tissue,83,-160,1,124
710,160_84,Connective tissue,84,-160,1,124
711,160_85,Connective tissue,85,-160,1,113
712,160_86,Connective tissue,86,-160,1,113
713,160_87,Dermomyotome,87,-160,1,113
714,160_88,Connective tissue,88,-160,1,112
715,160_89,Connective tissue,89,-160,1,113
716,160_90,Connective tissue,90,-160,1,112
717,160_91,Connective tissue,91,-160,1,112
718,160_92,Connective tissue,92,-160,1,113
719,160_93,AGM,93,-160,1,120
720,160_94,AGM,94,-160,1,116
721,160_95,AGM,95,-160,1,120
722,160_96,AGM,96,-160,1,123
723,160_97,AGM,97,-160,1,123
724,160_98,AGM,98,-160,1,123
725,160_99,AGM,99,-160,1,122
726,161_100,Connective tissue,100,-161,1,117
727,161_101,Connective tissue,101,-161,1,120
728,161_102,Connective tissue,102,-161,1,122
729,161_103,Connective tissue,103,-161,1,120
730,161_104,Connective tissue,104,-161,1,122
731,161_105,Connective tissue,105,-161,1,120
732,161_106,Connective tissue,106,-161,1,122
733,161_107,Connective tissue,107,-161,1,122
734,161_108,AGM,108,-161,1,121
735,161_109,AGM,109,-161,1,123
736,161_110,AGM,110,-161,1,123
737,161_111,AGM,111,-161,1,123
738,161_112,AGM,112,-161,1,123
739,161_113,AGM,113,-161,1,122
740,161_114,AGM,114,-161,1,123
741,161_115,AGM,115,-161,1,119
742,161_116,AGM,116,-161,1,123
743,161_117,AGM,117,-161,1,123
744,161_118,AGM,118,-161,1,116
745,161_119,AGM,119,-161,1,119
746,161_120,AGM,120,-161,1,119
747,161_121,AGM,121,-161,1,119
748,161_122,AGM,122,-161,1,119
749,161_123,AGM,123,-161,1,117
750,161_124,AGM,124,-161,1,118
751,161_125,AGM,125,-161,1,119
752,161_126,AGM,126,-161,1,119
753,161_127,AGM,127,-161,1,99
754,161_128,AGM,128,-161,1,119
755,161_129,AGM,129,-161,1,118
756,161_130,AGM,130,-161,1,97
757,161_131,Sclerotome,131,-161,1,97
758,161_132,Sclerotome,132,-161,1,97
759,161_133,Sclerotome,133,-161,1,97
760,161_134,Sclerotome,134,-161,1,97
761,161_135,Sclerotome,135,-161,1,97
762,161_136,Sclerotome,136,-161,1,97
763,161_137,Sclerotome,137,-161,1,97
764,161_138,Sclerotome,138,-161,1,97
765,161_139,Dermomyotome,139,-161,1,105
766,161_140,Dermomyotome,140,-161,1,105
767,161_141,Dermomyotome,141,-161,1,105
768,161_142,Dermomyotome,142,-161,1,105
769,161_143,Dermomyotome,143,-161,1,105
770,161_144,Dermomyotome,144,-161,1,108
771,161_145,Mesenchyme,145,-161,1,108
772,161_146,Mesenchyme,146,-161,1,108
773,161_147,Mesenchyme,147,-161,1,111
774,161_148,Mesenchyme,148,-161,1,108
775,161_149,Mesenchyme,149,-161,1,108
776,161_150,Mesenchyme,150,-161,1,94
777,161_81,Cavity,81,-161,1,84
778,161_82,Mesenchyme,82,-161,1,124
779,161_83,Mesenchyme,83,-161,1,124
780,161_84,Connective tissue,84,-161,1,126
781,161_85,Connective tissue,85,-161,1,113
782,161_86,Connective tissue,86,-161,1,112
783,161_87,Connective tissue,87,-161,1,112
784,161_88,Connective tissue,88,-161,1,112
785,161_89,Connective tissue,89,-161,1,112
786,161_90,Connective tissue,90,-161,1,113
787,161_91,Connective tissue,91,-161,1,113
788,161_92,Connective tissue,92,-161,1,113
789,161_93,Connective tissue,93,-161,1,112
790,161_94,Connective tissue,94,-161,1,116
791,161_95,Connective tissue,95,-161,1,116
792,161_96,Connective tissue,96,-161,1,116
793,161_97,Connective tissue,97,-161,1,113
794,161_98,Connective tissue,98,-161,1,120
795,161_99,Connective tissue,99,-161,1,120
796,162_100,Connective tissue,100,-162,1,123
797,162_101,Connective tissue,101,-162,1,120
798,162_102,Connective tissue,102,-162,1,120
799,162_103,Connective tissue,103,-162,1,123
800,162_104,Connective tissue,104,-162,1,122
801,162_105,Connective tissue,105,-162,1,122
802,162_106,Connective tissue,106,-162,1,122
803,162_107,Connective tissue,107,-162,1,120
804,162_108,Connective tissue,108,-162,1,116
805,162_109,AGM,109,-162,1,117
806,162_110,AGM,110,-162,1,116
807,162_111,AGM,111,-162,1,123
808,162_112,AGM,112,-162,1,119
809,162_113,AGM,113,-162,1,116
810,162_114,AGM,114,-162,1,121
811,162_115,AGM,115,-162,1,119
812,162_116,AGM,116,-162,1,117
813,162_117,AGM,117,-162,1,117
814,162_118,AGM,118,-162,1,118
815,162_119,AGM,119,-162,1,117
816,162_120,AGM,120,-162,1,118
817,162_121,AGM,121,-162,1,119
818,162_122,AGM,122,-162,1,119
819,162_123,AGM,123,-162,1,117
820,162_124,AGM,124,-162,1,118
821,162_125,AGM,125,-162,1,118
822,162_126,AGM,126,-162,1,97
823,162_127,AGM,127,-162,1,118
824,162_128,AGM,128,-162,1,119
825,162_129,AGM,129,-162,1,119
826,162_130,AGM,130,-162,1,78
827,162_131,AGM,131,-162,1,119
828,162_132,Sclerotome,132,-162,1,97
829,162_133,Sclerotome,133,-162,1,97
830,162_134,Sclerotome,134,-162,1,97
831,162_135,Sclerotome,135,-162,1,97
832,162_136,Sclerotome,136,-162,1,97
833,162_137,Sclerotome,137,-162,1,97
834,162_138,Sclerotome,138,-162,1,97
835,162_139,Sclerotome,139,-162,1,97
836,162_140,Dermomyotome,140,-162,1,105
837,162_141,Dermomyotome,141,-162,1,105
838,162_142,Dermomyotome,142,-162,1,105
839,162_143,Dermomyotome,143,-162,1,105
840,162_144,Dermomyotome,144,-162,1,105
841,162_145,Mesenchyme,145,-162,1,108
842,162_146,Mesenchyme,146,-162,1,108
843,162_147,Mesenchyme,147,-162,1,108
844,162_148,Mesenchyme,148,-162,1,108
845,162_149,Mesenchyme,149,-162,1,108
846,162_150,Mesenchyme,150,-162,1,111
847,162_151,Cavity,151,-162,1,90
848,162_81,Cavity,81,-162,1,124
849,162_82,Mesenchyme,82,-162,1,124
850,162_83,Mesenchyme,83,-162,1,124
851,162_84,Connective tissue,84,-162,1,127
852,162_85,Connective tissue,85,-162,1,113
853,162_86,Connective tissue,86,-162,1,113
854,162_87,Connective tissue,87,-162,1,113
855,162_88,Connective tissue,88,-162,1,113
856,162_89,Connective tissue,89,-162,1,112
857,162_90,Connective tissue,90,-162,1,112
858,162_91,Connective tissue,91,-162,1,112
859,162_92,Connective tissue,92,-162,1,112
860,162_93,Connective tissue,93,-162,1,113
861,162_94,Connective tissue,94,-162,1,120
862,162_95,Connective tissue,95,-162,1,120
863,162_96,Connective tissue,96,-162,1,120
864,162_97,Connective tissue,97,-162,1,120
865,162_98,Connective tissue,98,-162,1,120
866,162_99,Connective tissue,99,-162,1,120
867,163_100,Cavity,100,-163,1,122
868,163_101,Connective tissue,101,-163,1,122
869,163_102,Connective tissue,102,-163,1,122
870,163_103,Cavity,103,-163,1,122
871,163_104,Connective tissue,104,-163,1,122
872,163_105,Connective tissue,105,-163,1,120
873,163_106,Connective tissue,106,-163,1,120
874,163_107,Connective tissue,107,-163,1,116
875,163_108,AGM,108,-163,1,117
876,163_109,AGM,109,-163,1,116
877,163_110,AGM,110,-163,1,121
878,163_111,AGM,111,-163,1,116
879,163_112,AGM,112,-163,1,121
880,163_113,AGM,113,-163,1,117
881,163_114,AGM,114,-163,1,117
882,163_115,AGM,115,-163,1,117
883,163_116,AGM,116,-163,1,116
884,163_117,AGM,117,-163,1,117
885,163_118,AGM,118,-163,1,118
886,163_119,AGM,119,-163,1,117
887,163_120,AGM,120,-163,1,118
888,163_121,AGM,121,-163,1,118
889,163_122,AGM,122,-163,1,97
890,163_123,AGM,123,-163,1,119
891,163_124,AGM,124,-163,1,118
892,163_125,AGM,125,-163,1,97
893,163_126,AGM,126,-163,1,118
894,163_127,AGM,127,-163,1,118
895,163_128,AGM,128,-163,1,118
896,163_129,AGM,129,-163,1,119
897,163_130,Cavity,130,-163,1,123
898,163_131,AGM,131,-163,1,123
899,163_132,AGM,132,-163,1,119
900,163_133,Sclerotome,133,-163,1,97
901,163_134,Sclerotome,134,-163,1,118
902,163_135,Sclerotome,135,-163,1,97
903,163_136,Sclerotome,136,-163,1,97
904,163_137,Sclerotome,137,-163,1,97
905,163_138,Sclerotome,138,-163,1,97
906,163_139,Sclerotome,139,-163,1,97
907,163_140,Sclerotome,140,-163,1,97
908,163_141,Sclerotome,141,-163,1,97
909,163_142,Dermomyotome,142,-163,1,97
910,163_143,Dermomyotome,143,-163,1,105
911,163_144,Dermomyotome,144,-163,1,105
912,163_145,Dermomyotome,145,-163,1,96
913,163_146,Mesenchyme,146,-163,1,108
914,163_147,Mesenchyme,147,-163,1,108
915,163_148,Mesenchyme,148,-163,1,108
916,163_149,Mesenchyme,149,-163,1,108
917,163_150,Mesenchyme,150,-163,1,108
918,163_151,Mesenchyme,151,-163,1,111
919,163_80,Cavity,80,-163,1,85
920,163_81,Cavity,81,-163,1,125
921,163_82,Cavity,82,-163,1,124
922,163_83,Mesenchyme,83,-163,1,124
923,163_84,Connective tissue,84,-163,1,124
924,163_85,Connective tissue,85,-163,1,113
925,163_86,Connective tissue,86,-163,1,113
926,163_87,Connective tissue,87,-163,1,113
927,163_88,Connective tissue,88,-163,1,112
928,163_89,Connective tissue,89,-163,1,112
929,163_90,Connective tissue,90,-163,1,112
930,163_91,Connective tissue,91,-163,1,113
931,163_92,Connective tissue,92,-163,1,113
932,163_93,Connective tissue,93,-163,1,113
933,163_94,Connective tissue,94,-163,1,113
934,163_95,Connective tissue,95,-163,1,116
935,163_96,Connective tissue,96,-163,1,120
936,163_97,Connective tissue,97,-163,1,120
937,163_98,Connective tissue,98,-163,1,120
938,163_99,Connective tissue,99,-163,1,123
939,164_100,Connective tissue,100,-164,1,123
940,164_101,Connective tissue,101,-164,1,122
941,164_102,Connective tissue,102,-164,1,122
942,164_103,Connective tissue,103,-164,1,122
943,164_104,Connective tissue,104,-164,1,122
944,164_105,Connective tissue,105,-164,1,121
945,164_106,Connective tissue,106,-164,1,121
946,164_107,Connective tissue,107,-164,1,116
947,164_108,AGM,108,-164,1,121
948,164_109,AGM,109,-164,1,116
949,164_110,AGM,110,-164,1,123
950,164_111,AGM,111,-164,1,123
951,164_112,AGM,112,-164,1,123
952,164_113,AGM,113,-164,1,123
953,164_114,AGM,114,-164,1,116
954,164_115,AGM,115,-164,1,117
955,164_116,AGM,116,-164,1,116
956,164_117,AGM,117,-164,1,116
957,164_118,AGM,118,-164,1,117
958,164_119,AGM,119,-164,1,117
959,164_120,AGM,120,-164,1,118
960,164_121,AGM,121,-164,1,118
961,164_122,AGM,122,-164,1,118
962,164_123,AGM,123,-164,1,91
963,164_124,AGM,124,-164,1,97
964,164_125,AGM,125,-164,1,99
965,164_126,AGM,126,-164,1,97
966,164_127,AGM,127,-164,1,99
967,164_128,AGM,128,-164,1,116
968,164_129,AGM,129,-164,1,119
969,164_130,AGM,130,-164,1,119
970,164_131,Cavity,131,-164,1,78
971,164_132,AGM,132,-164,1,119
972,164_133,Sclerotome,133,-164,1,119
973,164_134,Sclerotome,134,-164,1,97
974,164_135,Sclerotome,135,-164,1,97
975,164_136,Sclerotome,136,-164,1,97
976,164_137,Sclerotome,137,-164,1,97
977,164_138,Sclerotome,138,-164,1,97
978,164_139,Sclerotome,139,-164,1,97
979,164_140,Sclerotome,140,-164,1,96
980,164_141,Sclerotome,141,-164,1,97
981,164_142,Sclerotome,142,-164,1,96
982,164_143,Dermomyotome,143,-164,1,105
983,164_144,Dermomyotome,144,-164,1,105
984,164_145,Dermomyotome,145,-164,1,105
985,164_146,Dermomyotome,146,-164,1,108
986,164_147,Mesenchyme,147,-164,1,108
987,164_148,Mesenchyme,148,-164,1,95
988,164_149,Mesenchyme,149,-164,1,109
989,164_150,Mesenchyme,150,-164,1,109
990,164_151,Mesenchyme,151,-164,1,108
991,164_152,Cavity,152,-164,1,90
992,164_80,Cavity,80,-164,1,85
993,164_81,Cavity,81,-164,1,79
994,164_82,Cavity,82,-164,1,125
995,164_83,Mesenchyme,83,-164,1,124
996,164_84,Connective tissue,84,-164,1,124
997,164_85,Connective tissue,85,-164,1,113
998,164_86,Connective tissue,86,-164,1,113
999,164_87,Connective tissue,87,-164,1,113
1000,164_88,Connective tissue,88,-164,1,112
1001,164_89,Connective tissue,89,-164,1,113
1002,164_90,Connective tissue,90,-164,1,113
1003,164_91,Connective tissue,91,-164,1,113
1004,164_92,Connective tissue,92,-164,1,112
1005,164_93,Connective tissue,93,-164,1,113
1006,164_94,Connective tissue,94,-164,1,113
1007,164_95,Connective tissue,95,-164,1,113
1008,164_96,Connective tissue,96,-164,1,120
1009,164_97,Connective tissue,97,-164,1,120
1010,164_98,Connective tissue,98,-164,1,120
1011,164_99,Connective tissue,99,-164,1,123
1012,165_100,Connective tissue,100,-165,1,122
1013,165_101,Connective tissue,101,-165,1,122
1014,165_102,Connective tissue,102,-165,1,122
1015,165_103,Connective tissue,103,-165,1,122
1016,165_104,Connective tissue,104,-165,1,116
1017,165_105,Connective tissue,105,-165,1,116
1018,165_106,Connective tissue,106,-165,1,123
1019,165_107,Connective tissue,107,-165,1,123
1020,165_108,AGM,108,-165,1,121
1021,165_109,AGM,109,-165,1,123
1022,165_110,AGM,110,-165,1,123
1023,165_111,Cavity,111,-165,1,79
1024,165_112,AGM,112,-165,1,78
1025,165_113,AGM,113,-165,1,122
1026,165_114,AGM,114,-165,1,78
1027,165_115,Connective tissue,115,-165,1,123
1028,165_116,Connective tissue,116,-165,1,116
1029,165_117,Connective tissue,117,-165,1,116
1030,165_118,AGM,118,-165,1,117
1031,165_119,AGM,119,-165,1,119
1032,165_120,AGM,120,-165,1,118
1033,165_121,AGM,121,-165,1,97
1034,165_122,AGM,122,-165,1,97
1035,165_123,AGM,123,-165,1,118
1036,165_124,AGM,124,-165,1,118
1037,165_125,AGM,125,-165,1,97
1038,165_126,AGM,126,-165,1,97
1039,165_127,AGM,127,-165,1,97
1040,165_128,AGM,128,-165,1,97
1041,165_129,AGM,129,-165,1,97
1042,165_130,AGM,130,-165,1,99
1043,165_131,AGM,131,-165,1,119
1044,165_132,AGM,132,-165,1,123
1045,165_133,AGM,133,-165,1,99
1046,165_134,Sclerotome,134,-165,1,97
1047,165_135,Sclerotome,135,-165,1,97
1048,165_136,Sclerotome,136,-165,1,97
1049,165_137,Sclerotome,137,-165,1,97
1050,165_138,Sclerotome,138,-165,1,97
1051,165_139,Sclerotome,139,-165,1,96
1052,165_140,Sclerotome,140,-165,1,97
1053,165_141,Sclerotome,141,-165,1,97
1054,165_142,Sclerotome,142,-165,1,97
1055,165_143,Dermomyotome,143,-165,1,105
1056,165_144,Dermomyotome,144,-165,1,105
1057,165_145,Dermomyotome,145,-165,1,105
1058,165_146,Dermomyotome,146,-165,1,105
1059,165_147,Dermomyotome,147,-165,1,108
1060,165_148,Mesenchyme,148,-165,1,109
1061,165_149,Mesenchyme,149,-165,1,108
1062,165_150,Mesenchyme,150,-165,1,108
1063,165_151,Mesenchyme,151,-165,1,109
1064,165_152,Mesenchyme,152,-165,1,108
1065,165_80,Cavity,80,-165,1,85
1066,165_81,Cavity,81,-165,1,125
1067,165_82,Mesenchyme,82,-165,1,124
1068,165_83,Mesenchyme,83,-165,1,124
1069,165_84,Connective tissue,84,-165,1,113
1070,165_85,Connective tissue,85,-165,1,113
1071,165_86,Connective tissue,86,-165,1,113
1072,165_87,Connective tissue,87,-165,1,112
1073,165_88,Connective tissue,88,-165,1,112
1074,165_89,Connective tissue,89,-165,1,112
1075,165_90,Connective tissue,90,-165,1,113
1076,165_91,Connective tissue,91,-165,1,113
1077,165_92,Connective tissue,92,-165,1,113
1078,165_93,Connective tissue,93,-165,1,113
1079,165_94,Connective tissue,94,-165,1,113
1080,165_95,Connective tissue,95,-165,1,113
1081,165_96,Connective tissue,96,-165,1,113
1082,165_97,Connective tissue,97,-165,1,120
1083,165_98,Connective tissue,98,-165,1,122
1084,165_99,Connective tissue,99,-165,1,122
1085,166_100,Connective tissue,100,-166,1,122
1086,166_101,Connective tissue,101,-166,1,126
1087,166_102,Connective tissue,102,-166,1,122
1088,166_103,Connective tissue,103,-166,1,79
1089,166_104,Connective tissue,104,-166,1,121
1090,166_105,Connective tissue,105,-166,1,122
1091,166_106,Connective tissue,106,-166,1,121
1092,166_107,Connective tissue,107,-166,1,123
1093,166_108,Connective tissue,108,-166,1,123
1094,166_109,AGM,109,-166,1,78
1095,166_110,Cavity,110,-166,1,78
1096,166_111,Cavity,111,-166,1,78
1097,166_112,Cavity,112,-166,1,79
1098,166_113,Cavity,113,-166,1,123
1099,166_114,Cavity,114,-166,1,79
1100,166_115,Cavity,115,-166,1,123
1101,166_116,Connective tissue,116,-166,1,123
1102,166_117,Connective tissue,117,-166,1,123
1103,166_118,Connective tissue,118,-166,1,121
1104,166_119,AGM,119,-166,1,119
1105,166_120,AGM,120,-166,1,119
1106,166_121,AGM,121,-166,1,118
1107,166_122,AGM,122,-166,1,118
1108,166_123,AGM,123,-166,1,118
1109,166_124,AGM,124,-166,1,97
1110,166_125,AGM,125,-166,1,118
1111,166_126,AGM,126,-166,1,118
1112,166_127,AGM,127,-166,1,97
1113,166_128,AGM,128,-166,1,97
1114,166_129,AGM,129,-166,1,99
1115,166_130,AGM,130,-166,1,97
1116,166_131,AGM,131,-166,1,118
1117,166_132,AGM,132,-166,1,119
1118,166_133,AGM,133,-166,1,119
1119,166_134,AGM,134,-166,1,99
1120,166_135,Sclerotome,135,-166,1,99
1121,166_136,Sclerotome,136,-166,1,97
1122,166_137,Sclerotome,137,-166,1,99
1123,166_138,Sclerotome,138,-166,1,97
1124,166_139,Sclerotome,139,-166,1,96
1125,166_140,Sclerotome,140,-166,1,97
1126,166_141,Sclerotome,141,-166,1,97
1127,166_142,Sclerotome,142,-166,1,97
1128,166_143,Sclerotome,143,-166,1,96
1129,166_144,Dermomyotome,144,-166,1,105
1130,166_145,Dermomyotome,145,-166,1,105
1131,166_146,Dermomyotome,146,-166,1,105
1132,166_147,Dermomyotome,147,-166,1,108
1133,166_148,Mesenchyme,148,-166,1,108
1134,166_149,Mesenchyme,149,-166,1,108
1135,166_150,Mesenchyme,150,-166,1,108
1136,166_151,Mesenchyme,151,-166,1,108
1137,166_152,Mesenchyme,152,-166,1,109
1138,166_153,Mesenchyme,153,-166,1,94
1139,166_80,Cavity,80,-166,1,80
1140,166_81,Mesenchyme,81,-166,1,124
1141,166_82,Mesenchyme,82,-166,1,124
1142,166_83,Mesenchyme,83,-166,1,124
1143,166_84,Connective tissue,84,-166,1,113
1144,166_85,Connective tissue,85,-166,1,113
1145,166_86,Connective tissue,86,-166,1,113
1146,166_87,Connective tissue,87,-166,1,113
1147,166_88,Connective tissue,88,-166,1,113
1148,166_89,Connective tissue,89,-166,1,113
1149,166_90,Connective tissue,90,-166,1,113
1150,166_91,Connective tissue,91,-166,1,113
1151,166_92,Connective tissue,92,-166,1,113
1152,166_93,Connective tissue,93,-166,1,126
1153,166_94,Connective tissue,94,-166,1,126
1154,166_95,Connective tissue,95,-166,1,122
1155,166_96,Connective tissue,96,-166,1,126
1156,166_97,Connective tissue,97,-166,1,122
1157,166_98,Connective tissue,98,-166,1,122
1158,166_99,Connective tissue,99,-166,1,122
1159,167_100,Connective tissue,100,-167,1,122
1160,167_101,Connective tissue,101,-167,1,122
1161,167_102,Cavity,102,-167,1,79
1162,167_103,Cavity,103,-167,1,79
1163,167_104,Connective tissue,104,-167,1,122
1164,167_105,Connective tissue,105,-167,1,121
1165,167_106,Connective tissue,106,-167,1,122
1166,167_107,Connective tissue,107,-167,1,122
1167,167_108,Cavity,108,-167,1,78
1168,167_109,Cavity,109,-167,1,79
1169,167_110,Cavity,110,-167,1,78
1170,167_111,Cavity,111,-167,1,79
1171,167_112,Cavity,112,-167,1,79
1172,167_113,Cavity,113,-167,1,79
1173,167_114,Connective tissue,114,-167,1,122
1174,167_115,Connective tissue,115,-167,1,122
1175,167_116,Connective tissue,116,-167,1,122
1176,167_117,Connective tissue,117,-167,1,123
1177,167_118,Connective tissue,118,-167,1,117
1178,167_119,AGM,119,-167,1,117
1179,167_120,Liver,120,-167,1,119
1180,167_121,Liver,121,-167,1,119
1181,167_122,Liver,122,-167,1,119
1182,167_123,Liver,123,-167,1,119
1183,167_124,Liver,124,-167,1,118
1184,167_125,Liver,125,-167,1,118
1185,167_126,Liver,126,-167,1,118
1186,167_127,Liver,127,-167,1,119
1187,167_128,Liver,128,-167,1,97
1188,167_129,Liver,129,-167,1,118
1189,167_130,AGM,130,-167,1,97
1190,167_131,AGM,131,-167,1,97
1191,167_132,AGM,132,-167,1,97
1192,167_133,AGM,133,-167,1,119
1193,167_134,AGM,134,-167,1,99
1194,167_135,AGM,135,-167,1,119
1195,167_136,Sclerotome,136,-167,1,99
1196,167_137,Sclerotome,137,-167,1,97
1197,167_138,Sclerotome,138,-167,1,97
1198,167_139,Sclerotome,139,-167,1,96
1199,167_140,Sclerotome,140,-167,1,97
1200,167_141,Sclerotome,141,-167,1,97
1201,167_142,Sclerotome,142,-167,1,97
1202,167_143,Sclerotome,143,-167,1,97
1203,167_144,Sclerotome,144,-167,1,96
1204,167_145,Sclerotome,145,-167,1,97
1205,167_146,Dermomyotome,146,-167,1,96
1206,167_147,Dermomyotome,147,-167,1,105
1207,167_148,Mesenchyme,148,-167,1,10
1208,167_149,Mesenchyme,149,-167,1,108
1209,167_150,Mesenchyme,150,-167,1,109
1210,167_151,Mesenchyme,151,-167,1,109
1211,167_152,Mesenchyme,152,-167,1,109
1212,167_153,Mesenchyme,153,-167,1,108
1213,167_81,Cavity,81,-167,1,85
1214,167_82,Mesenchyme,82,-167,1,124
1215,167_83,Mesenchyme,83,-167,1,124
1216,167_84,Mesenchyme,84,-167,1,124
1217,167_85,Connective tissue,85,-167,1,113
1218,167_86,Connective tissue,86,-167,1,113
1219,167_87,Connective tissue,87,-167,1,113
1220,167_88,Connective tissue,88,-167,1,113
1221,167_89,Connective tissue,89,-167,1,113
1222,167_90,Connective tissue,90,-167,1,112
1223,167_91,Connective tissue,91,-167,1,126
1224,167_92,Connective tissue,92,-167,1,124
1225,167_93,Connective tissue,93,-167,1,126
1226,167_94,Connective tissue,94,-167,1,126
1227,167_95,Connective tissue,95,-167,1,126
1228,167_96,Connective tissue,96,-167,1,126
1229,167_97,Connective tissue,97,-167,1,126
1230,167_98,Connective tissue,98,-167,1,126
1231,167_99,Connective tissue,99,-167,1,122
1232,168_100,Connective tissue,100,-168,1,79
1233,168_101,Cavity,101,-168,1,79
1234,168_102,Cavity,102,-168,1,79
1235,168_103,Cavity,103,-168,1,78
1236,168_104,Cavity,104,-168,1,79
1237,168_105,Cavity,105,-168,1,79
1238,168_106,Cavity,106,-168,1,79
1239,168_107,Cavity,107,-168,1,79
1240,168_108,Cavity,108,-168,1,79
1241,168_109,Cavity,109,-168,1,79
1242,168_110,Cavity,110,-168,1,79
1243,168_111,Cavity,111,-168,1,79
1244,168_112,Connective tissue,112,-168,1,122
1245,168_113,Connective tissue,113,-168,1,122
1246,168_114,Connective tissue,114,-168,1,122
1247,168_115,Connective tissue,115,-168,1,122
1248,168_116,Connective tissue,116,-168,1,122
1249,168_117,Connective tissue,117,-168,1,122
1250,168_118,Liver,118,-168,1,117
1251,168_119,Liver,119,-168,1,119
1252,168_120,Liver,120,-168,1,119
1253,168_121,Liver,121,-168,1,118
1254,168_122,Liver,122,-168,1,118
1255,168_123,Liver,123,-168,1,117
1256,168_124,Liver,124,-168,1,119
1257,168_125,Liver,125,-168,1,119
1258,168_126,Liver,126,-168,1,118
1259,168_127,Liver,127,-168,1,119
1260,168_128,Liver,128,-168,1,118
1261,168_129,Liver,129,-168,1,119
1262,168_130,Liver,130,-168,1,99
1263,168_131,AGM,131,-168,1,99
1264,168_132,AGM,132,-168,1,97
1265,168_133,AGM,133,-168,1,97
1266,168_134,AGM,134,-168,1,99
1267,168_135,AGM,135,-168,1,119
1268,168_136,AGM,136,-168,1,99
1269,168_137,Brain,137,-168,1,99
1270,168_138,Sclerotome,138,-168,1,118
1271,168_139,Sclerotome,139,-168,1,97
1272,168_140,Sclerotome,140,-168,1,97
1273,168_141,Sclerotome,141,-168,1,96
1274,168_142,Sclerotome,142,-168,1,96
1275,168_143,Sclerotome,143,-168,1,97
1276,168_144,Sclerotome,144,-168,1,96
1277,168_145,Sclerotome,145,-168,1,96
1278,168_146,Dermomyotome,146,-168,1,105
1279,168_147,Dermomyotome,147,-168,1,105
1280,168_148,Dermomyotome,148,-168,1,105
1281,168_149,Mesenchyme,149,-168,1,109
1282,168_150,Mesenchyme,150,-168,1,109
1283,168_151,Mesenchyme,151,-168,1,108
1284,168_152,Mesenchyme,152,-168,1,109
1285,168_153,Mesenchyme,153,-168,1,108
1286,168_154,Cavity,154,-168,1,81
1287,168_82,Mesenchyme,82,-168,1,89
1288,168_83,Mesenchyme,83,-168,1,124
1289,168_84,Mesenchyme,84,-168,1,124
1290,168_85,Mesenchyme,85,-168,1,124
1291,168_86,Connective tissue,86,-168,1,124
1292,168_87,Mesenchyme,87,-168,1,106
1293,168_88,Mesenchyme,88,-168,1,106
1294,168_89,Mesenchyme,89,-168,1,124
1295,168_90,Mesenchyme,90,-168,1,124
1296,168_91,Mesenchyme,91,-168,1,124
1297,168_92,Cavity,92,-168,1,125
1298,168_93,Connective tissue,93,-168,1,126
1299,168_94,Connective tissue,94,-168,1,124
1300,168_95,Connective tissue,95,-168,1,126
1301,168_96,Connective tissue,96,-168,1,126
1302,168_97,Connective tissue,97,-168,1,126
1303,168_98,Connective tissue,98,-168,1,126
1304,168_99,Connective tissue,99,-168,1,122
1305,169_100,Cavity,100,-169,1,79
1306,169_101,Cavity,101,-169,1,79
1307,169_102,Cavity,102,-169,1,79
1308,169_103,Cavity,103,-169,1,79
1309,169_104,Cavity,104,-169,1,78
1310,169_105,Cavity,105,-169,1,78
1311,169_106,Cavity,106,-169,1,79
1312,169_107,Cavity,107,-169,1,79
1313,169_108,Cavity,108,-169,1,79
1314,169_109,Cavity,109,-169,1,79
1315,169_110,Connective tissue,110,-169,1,77
1316,169_111,Connective tissue,111,-169,1,77
1317,169_112,Connective tissue,112,-169,1,77
1318,169_113,Connective tissue,113,-169,1,122
1319,169_114,Connective tissue,114,-169,1,122
1320,169_115,Connective tissue,115,-169,1,122
1321,169_116,Connective tissue,116,-169,1,123
1322,169_117,Liver,117,-169,1,117
1323,169_118,Liver,118,-169,1,119
1324,169_119,Liver,119,-169,1,119
1325,169_120,Liver,120,-169,1,119
1326,169_121,Liver,121,-169,1,119
1327,169_122,Liver,122,-169,1,119
1328,169_123,Liver,123,-169,1,119
1329,169_124,Liver,124,-169,1,119
1330,169_125,Liver,125,-169,1,119
1331,169_126,Liver,126,-169,1,118
1332,169_127,Liver,127,-169,1,118
1333,169_128,Liver,128,-169,1,117
1334,169_129,Liver,129,-169,1,118
1335,169_130,Liver,130,-169,1,119
1336,169_131,Liver,131,-169,1,99
1337,169_132,AGM,132,-169,1,99
1338,169_133,AGM,133,-169,1,97
1339,169_134,AGM,134,-169,1,97
1340,169_135,AGM,135,-169,1,119
1341,169_136,AGM,136,-169,1,99
1342,169_137,Sclerotome,137,-169,1,99
1343,169_138,Sclerotome,138,-169,1,99
1344,169_139,Sclerotome,139,-169,1,97
1345,169_140,Sclerotome,140,-169,1,97
1346,169_141,Sclerotome,141,-169,1,97
1347,169_142,Sclerotome,142,-169,1,96
1348,169_143,Sclerotome,143,-169,1,101
1349,169_144,Sclerotome,144,-169,1,96
1350,169_145,Sclerotome,145,-169,1,100
1351,169_146,Dermomyotome,146,-169,1,105
1352,169_147,Dermomyotome,147,-169,1,105
1353,169_148,Dermomyotome,148,-169,1,105
1354,169_149,Dermomyotome,149,-169,1,105
1355,169_150,Mesenchyme,150,-169,1,108
1356,169_151,Mesenchyme,151,-169,1,109
1357,169_152,Mesenchyme,152,-169,1,109
1358,169_153,Mesenchyme,153,-169,1,109
1359,169_154,Cavity,154,-169,1,90
1360,169_82,Cavity,82,-169,1,80
1361,169_83,Cavity,83,-169,1,84
1362,169_84,Cavity,84,-169,1,89
1363,169_85,Cavity,85,-169,1,86
1364,169_86,Cavity,86,-169,1,89
1365,169_87,Cavity,87,-169,1,86
1366,169_88,Cavity,88,-169,1,81
1367,169_92,Cavity,92,-169,1,81
1368,169_93,Cavity,93,-169,1,125
1369,169_94,Cavity,94,-169,1,125
1370,169_95,Cavity,95,-169,1,125
1371,169_96,Connective tissue,96,-169,1,126
1372,169_97,Connective tissue,97,-169,1,125
1373,169_98,Connective tissue,98,-169,1,126
1374,169_99,Connective tissue,99,-169,1,79
1375,170_100,Cavity,100,-170,1,79
1376,170_101,Cavity,101,-170,1,79
1377,170_102,Cavity,102,-170,1,79
1378,170_103,Cavity,103,-170,1,79
1379,170_104,Cavity,104,-170,1,79
1380,170_105,Cavity,105,-170,1,79
1381,170_106,Cavity,106,-170,1,79
1382,170_107,Cavity,107,-170,1,79
1383,170_108,Cavity,108,-170,1,77
1384,170_109,Cavity,109,-170,1,77
1385,170_110,Cavity,110,-170,1,79
1386,170_111,Cavity,111,-170,1,77
1387,170_112,Cavity,112,-170,1,77
1388,170_113,Cavity,113,-170,1,77
1389,170_114,Connective tissue,114,-170,1,77
1390,170_115,Connective tissue,115,-170,1,126
1391,170_116,Connective tissue,116,-170,1,121
1392,170_117,Liver,117,-170,1,119
1393,170_118,Liver,118,-170,1,119
1394,170_119,Liver,119,-170,1,117
1395,170_120,Liver,120,-170,1,119
1396,170_121,Liver,121,-170,1,119
1397,170_122,Liver,122,-170,1,119
1398,170_123,Liver,123,-170,1,104
1399,170_124,Liver,124,-170,1,119
1400,170_125,Liver,125,-170,1,118
1401,170_126,Liver,126,-170,1,118
1402,170_127,Liver,127,-170,1,118
1403,170_128,Liver,128,-170,1,118
1404,170_129,Liver,129,-170,1,99
1405,170_130,Liver,130,-170,1,118
1406,170_131,Liver,131,-170,1,99
1407,170_132,AGM,132,-170,1,97
1408,170_133,AGM,133,-170,1,97
1409,170_134,AGM,134,-170,1,97
1410,170_135,AGM,135,-170,1,119
1411,170_136,AGM,136,-170,1,99
1412,170_137,Sclerotome,137,-170,1,99
1413,170_138,Sclerotome,138,-170,1,99
1414,170_139,Sclerotome,139,-170,1,99
1415,170_140,Sclerotome,140,-170,1,98
1416,170_141,Sclerotome,141,-170,1,97
1417,170_142,Sclerotome,142,-170,1,97
1418,170_143,Sclerotome,143,-170,1,101
1419,170_144,Sclerotome,144,-170,1,96
1420,170_145,Sclerotome,145,-170,1,96
1421,170_146,Sclerotome,146,-170,1,96
1422,170_147,Dermomyotome,147,-170,1,96
1423,170_148,Dermomyotome,148,-170,1,105
1424,170_149,Sclerotome,149,-170,1,100
1425,170_150,Mesenchyme,150,-170,1,109
1426,170_151,Mesenchyme,151,-170,1,109
1427,170_152,Mesenchyme,152,-170,1,109
1428,170_153,Mesenchyme,153,-170,1,109
1429,170_154,Mesenchyme,154,-170,1,109
1430,170_94,Cavity,94,-170,1,85
1431,170_95,Cavity,95,-170,1,125
1432,170_96,Cavity,96,-170,1,125
1433,170_97,Cavity,97,-170,1,79
1434,170_98,Cavity,98,-170,1,79
1435,170_99,Cavity,99,-170,1,79
1436,171_100,Cavity,100,-171,1,79
1437,171_101,Cavity,101,-171,1,91
1438,171_102,Cavity,102,-171,1,79
1439,171_103,Cavity,103,-171,1,79
1440,171_104,Cavity,104,-171,1,79
1441,171_105,Cavity,105,-171,1,77
1442,171_106,Cavity,106,-171,1,77
1443,171_107,Cavity,107,-171,1,77
1444,171_108,Cavity,108,-171,1,77
1445,171_109,Cavity,109,-171,1,77
1446,171_110,Cavity,110,-171,1,77
1447,171_111,Cavity,111,-171,1,77
1448,171_112,Cavity,112,-171,1,77
1449,171_113,Cavity,113,-171,1,75
1450,171_114,Heart,114,-171,1,77
1451,171_115,Heart,115,-171,1,75
1452,171_116,Connective tissue,116,-171,1,123
1453,171_117,Liver,117,-171,1,117
1454,171_118,Liver,118,-171,1,119
1455,171_119,Liver,119,-171,1,119
1456,171_120,Liver,120,-171,1,119
1457,171_121,Liver,121,-171,1,119
1458,171_122,Liver,122,-171,1,119
1459,171_123,Liver,123,-171,1,115
1460,171_124,Liver,124,-171,1,119
1461,171_125,Liver,125,-171,1,118
1462,171_126,Liver,126,-171,1,119
1463,171_127,Liver,127,-171,1,119
1464,171_128,Liver,128,-171,1,98
1465,171_129,Liver,129,-171,1,118
1466,171_130,Liver,130,-171,1,118
1467,171_131,Liver,131,-171,1,119
1468,171_132,AGM,132,-171,1,97
1469,171_133,AGM,133,-171,1,97
1470,171_134,AGM,134,-171,1,97
1471,171_135,AGM,135,-171,1,119
1472,171_136,AGM,136,-171,1,99
1473,171_137,AGM,137,-171,1,99
1474,171_138,Cavity,138,-171,1,99
1475,171_139,AGM,139,-171,1,99
1476,171_140,AGM,140,-171,1,99
1477,171_141,Sclerotome,141,-171,1,97
1478,171_142,Sclerotome,142,-171,1,96
1479,171_143,Sclerotome,143,-171,1,98
1480,171_144,Sclerotome,144,-171,1,97
1481,171_145,Sclerotome,145,-171,1,96
1482,171_146,Sclerotome,146,-171,1,100
1483,171_147,Sclerotome,147,-171,1,100
1484,171_148,Sclerotome,148,-171,1,96
1485,171_149,Sclerotome,149,-171,1,96
1486,171_150,Mesenchyme,150,-171,1,109
1487,171_151,Mesenchyme,151,-171,1,108
1488,171_152,Mesenchyme,152,-171,1,109
1489,171_153,Mesenchyme,153,-171,1,108
1490,171_154,Mesenchyme,154,-171,1,109
1491,171_155,Cavity,155,-171,1,90
1492,171_96,Cavity,96,-171,1,87
1493,171_97,Cavity,97,-171,1,77
1494,171_98,Cavity,98,-171,1,79
1495,171_99,Cavity,99,-171,1,79
1496,172_100,Cavity,100,-172,1,79
1497,172_101,Cavity,101,-172,1,79
1498,172_102,Cavity,102,-172,1,79
1499,172_103,Cavity,103,-172,1,79
1500,172_104,Cavity,104,-172,1,77
1501,172_105,Cavity,105,-172,1,79
1502,172_106,Cavity,106,-172,1,77
1503,172_107,Cavity,107,-172,1,77
1504,172_108,Cavity,108,-172,1,77
1505,172_109,Cavity,109,-172,1,77
1506,172_110,Cavity,110,-172,1,77
1507,172_111,Cavity,111,-172,1,75
1508,172_112,Heart,112,-172,1,74
1509,172_113,Heart,113,-172,1,75
1510,172_114,Heart,114,-172,1,75
1511,172_115,Heart,115,-172,1,74
1512,172_116,Heart,116,-172,1,72
1513,172_117,Liver,117,-172,1,117
1514,172_118,Liver,118,-172,1,119
1515,172_119,Liver,119,-172,1,119
1516,172_120,Liver,120,-172,1,119
1517,172_121,Liver,121,-172,1,119
1518,172_122,Liver,122,-172,1,119
1519,172_123,Liver,123,-172,1,119
1520,172_124,Liver,124,-172,1,119
1521,172_125,AGM,125,-172,1,118
1522,172_126,Liver,126,-172,1,99
1523,172_127,Liver,127,-172,1,119
1524,172_128,Liver,128,-172,1,99
1525,172_129,Liver,129,-172,1,118
1526,172_130,Liver,130,-172,1,119
1527,172_131,Liver,131,-172,1,99
1528,172_132,AGM,132,-172,1,118
1529,172_133,AGM,133,-172,1,99
1530,172_134,AGM,134,-172,1,97
1531,172_135,AGM,135,-172,1,99
1532,172_136,AGM,136,-172,1,99
1533,172_137,AGM,137,-172,1,99
1534,172_138,Cavity,138,-172,1,78
1535,172_139,Cavity,139,-172,1,78
1536,172_140,AGM,140,-172,1,99
1537,172_141,Sclerotome,141,-172,1,96
1538,172_142,Sclerotome,142,-172,1,96
1539,172_143,Sclerotome,143,-172,1,96
1540,172_144,Sclerotome,144,-172,1,96
1541,172_145,Sclerotome,145,-172,1,96
1542,172_146,Sclerotome,146,-172,1,100
1543,172_147,Sclerotome,147,-172,1,96
1544,172_148,Sclerotome,148,-172,1,100
1545,172_149,Sclerotome,149,-172,1,96
1546,172_150,Mesenchyme,150,-172,1,105
1547,172_151,Mesenchyme,151,-172,1,109
1548,172_152,Mesenchyme,152,-172,1,108
1549,172_153,Mesenchyme,153,-172,1,109
1550,172_154,Mesenchyme,154,-172,1,109
1551,172_155,Cavity,155,-172,1,94
1552,172_97,Cavity,97,-172,1,83
1553,172_98,Cavity,98,-172,1,79
1554,172_99,Cavity,99,-172,1,79
1555,173_100,Cavity,100,-173,1,79
1556,173_101,Cavity,101,-173,1,77
1557,173_102,Cavity,102,-173,1,77
1558,173_103,Cavity,103,-173,1,79
1559,173_104,Cavity,104,-173,1,77
1560,173_105,Cavity,105,-173,1,79
1561,173_106,Cavity,106,-173,1,77
1562,173_107,Cavity,107,-173,1,77
1563,173_108,Cavity,108,-173,1,77
1564,173_109,Cavity,109,-173,1,75
1565,173_110,Heart,110,-173,1,75
1566,173_111,Heart,111,-173,1,74
1567,173_112,Heart,112,-173,1,75
1568,173_113,Heart,113,-173,1,75
1569,173_114,Heart,114,-173,1,75
1570,173_115,Heart,115,-173,1,75
1571,173_116,Heart,116,-173,1,75
1572,173_117,Heart,117,-173,1,75
1573,173_118,Heart,118,-173,1,74
1574,173_119,AGM,119,-173,1,73
1575,173_120,AGM,120,-173,1,73
1576,173_121,Heart,121,-173,1,73
1577,173_122,AGM,122,-173,1,73
1578,173_123,AGM,123,-173,1,73
1579,173_124,AGM,124,-173,1,99
1580,173_125,AGM,125,-173,1,99
1581,173_126,AGM,126,-173,1,99
1582,173_127,AGM,127,-173,1,99
1583,173_128,Liver,128,-173,1,99
1584,173_129,Liver,129,-173,1,99
1585,173_130,Liver,130,-173,1,99
1586,173_131,Liver,131,-173,1,99
1587,173_132,AGM,132,-173,1,99
1588,173_133,AGM,133,-173,1,99
1589,173_134,AGM,134,-173,1,99
1590,173_135,AGM,135,-173,1,99
1591,173_136,AGM,136,-173,1,99
1592,173_137,AGM,137,-173,1,99
1593,173_138,Cavity,138,-173,1,78
1594,173_139,Cavity,139,-173,1,78
1595,173_140,AGM,140,-173,1,99
1596,173_141,Sclerotome,141,-173,1,98
1597,173_142,Sclerotome,142,-173,1,96
1598,173_143,Sclerotome,143,-173,1,96
1599,173_144,Sclerotome,144,-173,1,100
1600,173_145,Sclerotome,145,-173,1,96
1601,173_146,Sclerotome,146,-173,1,96
1602,173_147,Sclerotome,147,-173,1,100
1603,173_148,Sclerotome,148,-173,1,100
1604,173_149,Dermomyotome,149,-173,1,96
1605,173_150,Dermomyotome,150,-173,1,105
1606,173_151,Mesenchyme,151,-173,1,109
1607,173_152,Mesenchyme,152,-173,1,109
1608,173_153,Mesenchyme,153,-173,1,109
1609,173_154,Mesenchyme,154,-173,1,109
1610,173_155,Mesenchyme,155,-173,1,79
1611,173_98,Cavity,98,-173,1,86
1612,173_99,Cavity,99,-173,1,79
1613,174_100,Cavity,100,-174,1,125
1614,174_101,Cavity,101,-174,1,77
1615,174_102,Cavity,102,-174,1,77
1616,174_103,Cavity,103,-174,1,90
1617,174_104,Cavity,104,-174,1,77
1618,174_105,Cavity,105,-174,1,77
1619,174_106,Cavity,106,-174,1,77
1620,174_107,Cavity,107,-174,1,75
1621,174_108,Heart,108,-174,1,75
1622,174_109,Heart,109,-174,1,75
1623,174_110,Heart,110,-174,1,75
1624,174_111,Heart,111,-174,1,75
1625,174_112,Heart,112,-174,1,75
1626,174_113,Heart,113,-174,1,75
1627,174_114,Heart,114,-174,1,75
1628,174_115,Heart,115,-174,1,75
1629,174_116,Heart,116,-174,1,75
1630,174_117,Heart,117,-174,1,75
1631,174_118,Heart,118,-174,1,73
1632,174_119,Heart,119,-174,1,73
1633,174_120,Heart,120,-174,1,73
1634,174_121,Heart,121,-174,1,73
1635,174_122,Heart,122,-174,1,73
1636,174_123,Heart,123,-174,1,73
1637,174_124,Heart,124,-174,1,73
1638,174_125,Heart,125,-174,1,73
1639,174_126,AGM,126,-174,1,119
1640,174_127,AGM,127,-174,1,99
1641,174_128,AGM,128,-174,1,99
1642,174_129,AGM,129,-174,1,99
1643,174_130,AGM,130,-174,1,98
1644,174_131,AGM,131,-174,1,96
1645,174_132,AGM,132,-174,1,97
1646,174_133,AGM,133,-174,1,99
1647,174_134,AGM,134,-174,1,99
1648,174_135,AGM,135,-174,1,99
1649,174_136,AGM,136,-174,1,99
1650,174_137,AGM,137,-174,1,99
1651,174_138,Cavity,138,-174,1,78
1652,174_139,Cavity,139,-174,1,78
1653,174_140,Cavity,140,-174,1,78
1654,174_141,AGM,141,-174,1,99
1655,174_142,Sclerotome,142,-174,1,99
1656,174_143,Sclerotome,143,-174,1,96
1657,174_144,Sclerotome,144,-174,1,96
1658,174_145,Sclerotome,145,-174,1,96
1659,174_146,Sclerotome,146,-174,1,96
1660,174_147,Sclerotome,147,-174,1,100
1661,174_148,Sclerotome,148,-174,1,96
1662,174_149,Sclerotome,149,-174,1,96
1663,174_150,Dermomyotome,150,-174,1,96
1664,174_151,Mesenchyme,151,-174,1,109
1665,174_152,Mesenchyme,152,-174,1,109
1666,174_153,Mesenchyme,153,-174,1,109
1667,174_154,Mesenchyme,154,-174,1,109
1668,174_155,Mesenchyme,155,-174,1,109
1669,174_99,Cavity,99,-174,1,85
1670,175_100,Cavity,100,-175,1,89
1671,175_101,Cavity,101,-175,1,77
1672,175_102,Cavity,102,-175,1,77
1673,175_103,Cavity,103,-175,1,88
1674,175_104,Cavity,104,-175,1,77
1675,175_105,Cavity,105,-175,1,77
1676,175_106,Cavity,106,-175,1,75
1677,175_107,Heart,107,-175,1,75
1678,175_108,Heart,108,-175,1,75
1679,175_109,Heart,109,-175,1,75
1680,175_110,Heart,110,-175,1,75
1681,175_111,Heart,111,-175,1,75
1682,175_112,Heart,112,-175,1,75
1683,175_113,Heart,113,-175,1,75
1684,175_114,Heart,114,-175,1,75
1685,175_115,Heart,115,-175,1,75
1686,175_116,Heart,116,-175,1,75
1687,175_117,Heart,117,-175,1,75
1688,175_118,Heart,118,-175,1,75
1689,175_119,Heart,119,-175,1,73
1690,175_120,Heart,120,-175,1,73
1691,175_121,Heart,121,-175,1,73
1692,175_122,Heart,122,-175,1,73
1693,175_123,Heart,123,-175,1,73
1694,175_124,Heart,124,-175,1,73
1695,175_125,Cavity,125,-175,1,73
1696,175_126,Cavity,126,-175,1,76
1697,175_127,AGM,127,-175,1,99
1698,175_128,AGM,128,-175,1,99
1699,175_129,AGM,129,-175,1,99
1700,175_130,AGM,130,-175,1,99
1701,175_131,AGM,131,-175,1,98
1702,175_132,AGM,132,-175,1,99
1703,175_133,AGM,133,-175,1,99
1704,175_134,AGM,134,-175,1,99
1705,175_135,AGM,135,-175,1,98
1706,175_136,AGM,136,-175,1,99
1707,175_137,AGM,137,-175,1,99
1708,175_138,Cavity,138,-175,1,78
1709,175_139,Cavity,139,-175,1,78
1710,175_140,Cavity,140,-175,1,78
1711,175_141,AGM,141,-175,1,99
1712,175_142,Sclerotome,142,-175,1,29
1713,175_143,Sclerotome,143,-175,1,96
1714,175_144,Sclerotome,144,-175,1,96
1715,175_145,Sclerotome,145,-175,1,96
1716,175_146,Sclerotome,146,-175,1,96
1717,175_147,Sclerotome,147,-175,1,96
1718,175_148,Sclerotome,148,-175,1,96
1719,175_149,Sclerotome,149,-175,1,100
1720,175_150,Sclerotome,150,-175,1,100
1721,175_151,Sclerotome,151,-175,1,100
1722,175_152,Mesenchyme,152,-175,1,109
1723,175_153,Mesenchyme,153,-175,1,109
1724,175_154,Mesenchyme,154,-175,1,109
1725,175_155,Mesenchyme,155,-175,1,109
1726,176_100,Cavity,100,-176,1,81
1727,176_101,Cavity,101,-176,1,87
1728,176_102,Cavity,102,-176,1,77
1729,176_103,Cavity,103,-176,1,77
1730,176_104,Cavity,104,-176,1,77
1731,176_105,Cavity,105,-176,1,77
1732,176_106,Cavity,106,-176,1,75
1733,176_107,Heart,107,-176,1,75
1734,176_108,Heart,108,-176,1,74
1735,176_109,Heart,109,-176,1,75
1736,176_110,Heart,110,-176,1,75
1737,176_111,Heart,111,-176,1,75
1738,176_112,Heart,112,-176,1,75
1739,176_113,Heart,113,-176,1,75
1740,176_114,Heart,114,-176,1,75
1741,176_115,Heart,115,-176,1,75
1742,176_116,Heart,116,-176,1,75
1743,176_117,Heart,117,-176,1,75
1744,176_118,Heart,118,-176,1,75
1745,176_119,Heart,119,-176,1,73
1746,176_120,Heart,120,-176,1,73
1747,176_121,Heart,121,-176,1,73
1748,176_122,Heart,122,-176,1,73
1749,176_123,Cavity,123,-176,1,73
1750,176_124,Cavity,124,-176,1,73
1751,176_125,Cavity,125,-176,1,76
1752,176_126,Cavity,126,-176,1,78
1753,176_127,Cavity,127,-176,1,78
1754,176_128,AGM,128,-176,1,99
1755,176_129,AGM,129,-176,1,99
1756,176_130,AGM,130,-176,1,98
1757,176_131,AGM,131,-176,1,98
1758,176_132,AGM,132,-176,1,99
1759,176_133,AGM,133,-176,1,99
1760,176_134,AGM,134,-176,1,98
1761,176_135,AGM,135,-176,1,119
1762,176_136,AGM,136,-176,1,99
1763,176_137,AGM,137,-176,1,98
1764,176_138,AGM,138,-176,1,99
1765,176_139,Cavity,139,-176,1,78
1766,176_140,Cavity,140,-176,1,78
1767,176_141,Cavity,141,-176,1,99
1768,176_142,Sclerotome,142,-176,1,99
1769,176_143,Sclerotome,143,-176,1,96
1770,176_144,Sclerotome,144,-176,1,98
1771,176_145,Sclerotome,145,-176,1,96
1772,176_146,Sclerotome,146,-176,1,96
1773,176_147,Sclerotome,147,-176,1,96
1774,176_148,Sclerotome,148,-176,1,96
1775,176_149,Sclerotome,149,-176,1,100
1776,176_150,Sclerotome,150,-176,1,96
1777,176_151,Sclerotome,151,-176,1,100
1778,176_152,Mesenchyme,152,-176,1,109
1779,176_153,Mesenchyme,153,-176,1,109
1780,176_154,Mesenchyme,154,-176,1,109
1781,176_155,Mesenchyme,155,-176,1,109
1782,176_156,Cavity,156,-176,1,81
1783,177_102,Cavity,102,-177,1,77
1784,177_103,Cavity,103,-177,1,77
1785,177_104,Cavity,104,-177,1,75
1786,177_105,Cavity,105,-177,1,75
1787,177_106,Heart,106,-177,1,75
1788,177_107,Heart,107,-177,1,75
1789,177_108,Heart,108,-177,1,75
1790,177_109,Heart,109,-177,1,74
1791,177_110,Heart,110,-177,1,75
1792,177_111,Heart,111,-177,1,75
1793,177_112,Heart,112,-177,1,75
1794,177_113,Heart,113,-177,1,75
1795,177_114,Heart,114,-177,1,75
1796,177_115,Heart,115,-177,1,75
1797,177_116,Heart,116,-177,1,75
1798,177_117,Heart,117,-177,1,76
1799,177_118,Heart,118,-177,1,75
1800,177_119,Heart,119,-177,1,73
1801,177_120,Heart,120,-177,1,75
1802,177_121,Heart,121,-177,1,73
1803,177_122,Heart,122,-177,1,73
1804,177_123,Cavity,123,-177,1,73
1805,177_124,Cavity,124,-177,1,76
1806,177_125,Cavity,125,-177,1,78
1807,177_126,Cavity,126,-177,1,78
1808,177_127,Cavity,127,-177,1,76
1809,177_128,Cavity,128,-177,1,73
1810,177_129,AGM,129,-177,1,99
1811,177_130,AGM,130,-177,1,99
1812,177_131,AGM,131,-177,1,98
1813,177_132,AGM,132,-177,1,118
1814,177_133,AGM,133,-177,1,98
1815,177_134,AGM,134,-177,1,97
1816,177_135,AGM,135,-177,1,98
1817,177_136,AGM,136,-177,1,99
1818,177_137,AGM,137,-177,1,98
1819,177_138,AGM,138,-177,1,99
1820,177_139,Cavity,139,-177,1,78
1821,177_140,Cavity,140,-177,1,78
1822,177_141,Cavity,141,-177,1,78
1823,177_142,Sclerotome,142,-177,1,98
1824,177_143,Sclerotome,143,-177,1,98
1825,177_144,Sclerotome,144,-177,1,96
1826,177_145,Sclerotome,145,-177,1,101
1827,177_146,Sclerotome,146,-177,1,96
1828,177_147,Sclerotome,147,-177,1,101
1829,177_148,Sclerotome,148,-177,1,96
1830,177_149,Sclerotome,149,-177,1,100
1831,177_150,Sclerotome,150,-177,1,100
1832,177_151,Sclerotome,151,-177,1,100
1833,177_152,Mesenchyme,152,-177,1,96
1834,177_153,Mesenchyme,153,-177,1,109
1835,177_154,Mesenchyme,154,-177,1,109
1836,177_155,Mesenchyme,155,-177,1,109
1837,177_156,Cavity,156,-177,1,90
1838,178_102,Cavity,102,-178,1,84
1839,178_103,Cavity,103,-178,1,77
1840,178_104,Cavity,104,-178,1,75
1841,178_105,Cavity,105,-178,1,77
1842,178_106,Heart,106,-178,1,75
1843,178_107,Heart,107,-178,1,75
1844,178_108,Heart,108,-178,1,75
1845,178_109,Heart,109,-178,1,75
1846,178_110,Heart,110,-178,1,75
1847,178_111,Heart,111,-178,1,75
1848,178_112,Heart,112,-178,1,75
1849,178_113,Heart,113,-178,1,75
1850,178_114,Cavity,114,-178,1,76
1851,178_115,Cavity,115,-178,1,76
1852,178_116,Cavity,116,-178,1,76
1853,178_117,Cavity,117,-178,1,76
1854,178_118,Cavity,118,-178,1,76
1855,178_119,Heart,119,-178,1,75
1856,178_120,Heart,120,-178,1,74
1857,178_121,Heart,121,-178,1,73
1858,178_122,Heart,122,-178,1,73
1859,178_123,Heart,123,-178,1,73
1860,178_124,Cavity,124,-178,1,73
1861,178_125,Cavity,125,-178,1,76
1862,178_126,Cavity,126,-178,1,73
1863,178_127,AGM,127,-178,1,73
1864,178_128,AGM,128,-178,1,73
1865,178_129,Heart,129,-178,1,99
1866,178_130,AGM,130,-178,1,99
1867,178_131,Liver,131,-178,1,99
1868,178_132,AGM,132,-178,1,98
1869,178_133,AGM,133,-178,1,98
1870,178_134,AGM,134,-178,1,99
1871,178_135,AGM,135,-178,1,98
1872,178_136,AGM,136,-178,1,97
1873,178_137,AGM,137,-178,1,99
1874,178_138,AGM,138,-178,1,99
1875,178_139,Cavity,139,-178,1,78
1876,178_140,Cavity,140,-178,1,78
1877,178_141,Cavity,141,-178,1,78
1878,178_142,Sclerotome,142,-178,1,98
1879,178_143,Sclerotome,143,-178,1,101
1880,178_144,Sclerotome,144,-178,1,101
1881,178_145,Sclerotome,145,-178,1,103
1882,178_146,Sclerotome,146,-178,1,100
1883,178_147,Sclerotome,147,-178,1,100
1884,178_148,Sclerotome,148,-178,1,100
1885,178_149,Sclerotome,149,-178,1,100
1886,178_150,Sclerotome,150,-178,1,100
1887,178_151,Sclerotome,151,-178,1,100
1888,178_152,Mesenchyme,152,-178,1,100
1889,178_153,Mesenchyme,153,-178,1,74
1890,178_154,Mesenchyme,154,-178,1,109
1891,178_155,Mesenchyme,155,-178,1,109
1892,178_156,Cavity,156,-178,1,80
1893,179_103,Cavity,103,-179,1,77
1894,179_104,Cavity,104,-179,1,77
1895,179_105,Cavity,105,-179,1,75
1896,179_106,Heart,106,-179,1,75
1897,179_107,Heart,107,-179,1,75
1898,179_108,Heart,108,-179,1,75
1899,179_109,Heart,109,-179,1,75
1900,179_110,Heart,110,-179,1,75
1901,179_111,Heart,111,-179,1,75
1902,179_112,Heart,112,-179,1,75
1903,179_113,Heart,113,-179,1,76
1904,179_114,Cavity,114,-179,1,76
1905,179_115,Cavity,115,-179,1,76
1906,179_116,Cavity,116,-179,1,76
1907,179_117,Cavity,117,-179,1,78
1908,179_118,Cavity,118,-179,1,76
1909,179_119,Heart,119,-179,1,75
1910,179_120,Heart,120,-179,1,73
1911,179_121,Heart,121,-179,1,73
1912,179_122,Heart,122,-179,1,73
1913,179_123,Heart,123,-179,1,73
1914,179_124,Cavity,124,-179,1,73
1915,179_125,Cavity,125,-179,1,73
1916,179_126,AGM,126,-179,1,73
1917,179_127,Heart,127,-179,1,73
1918,179_128,Heart,128,-179,1,73
1919,179_129,Heart,129,-179,1,65
1920,179_130,Branchial arch,130,-179,1,98
1921,179_131,Liver,131,-179,1,98
1922,179_132,Liver,132,-179,1,98
1923,179_133,AGM,133,-179,1,98
1924,179_134,AGM,134,-179,1,98
1925,179_135,AGM,135,-179,1,98
1926,179_136,AGM,136,-179,1,97
1927,179_137,AGM,137,-179,1,97
1928,179_138,AGM,138,-179,1,99
1929,179_139,Cavity,139,-179,1,78
1930,179_140,Cavity,140,-179,1,78
1931,179_141,AGM,141,-179,1,98
1932,179_142,Sclerotome,142,-179,1,101
1933,179_143,Sclerotome,143,-179,1,101
1934,179_144,Sclerotome,144,-179,1,101
1935,179_145,Sclerotome,145,-179,1,96
1936,179_146,Sclerotome,146,-179,1,100
1937,179_147,Sclerotome,147,-179,1,100
1938,179_148,Sclerotome,148,-179,1,100
1939,179_149,Sclerotome,149,-179,1,100
1940,179_150,Sclerotome,150,-179,1,100
1941,179_151,Sclerotome,151,-179,1,100
1942,179_152,Sclerotome,152,-179,1,100
1943,179_153,Mesenchyme,153,-179,1,109
1944,179_154,Mesenchyme,154,-179,1,109
1945,179_155,Mesenchyme,155,-179,1,109
1946,179_156,Cavity,156,-179,1,45
1947,180_103,Cavity,103,-180,1,86
1948,180_104,Cavity,104,-180,1,77
1949,180_105,Cavity,105,-180,1,75
1950,180_106,Heart,106,-180,1,74
1951,180_107,Heart,107,-180,1,74
1952,180_108,Heart,108,-180,1,73
1953,180_109,Heart,109,-180,1,75
1954,180_110,Heart,110,-180,1,75
1955,180_111,Heart,111,-180,1,75
1956,180_112,Heart,112,-180,1,75
1957,180_113,Cavity,113,-180,1,76
1958,180_114,Cavity,114,-180,1,78
1959,180_115,Cavity,115,-180,1,76
1960,180_116,Cavity,116,-180,1,76
1961,180_117,Cavity,117,-180,1,76
1962,180_118,Cavity,118,-180,1,76
1963,180_119,Heart,119,-180,1,75
1964,180_120,Heart,120,-180,1,75
1965,180_121,Heart,121,-180,1,73
1966,180_122,Heart,122,-180,1,72
1967,180_123,Heart,123,-180,1,73
1968,180_124,Heart,124,-180,1,73
1969,180_125,Heart,125,-180,1,73
1970,180_126,Heart,126,-180,1,73
1971,180_127,Heart,127,-180,1,73
1972,180_128,Heart,128,-180,1,73
1973,180_129,Heart,129,-180,1,65
1974,180_130,Branchial arch,130,-180,1,98
1975,180_131,Liver,131,-180,1,65
1976,180_132,AGM,132,-180,1,101
1977,180_133,AGM,133,-180,1,98
1978,180_134,AGM,134,-180,1,98
1979,180_135,AGM,135,-180,1,98
1980,180_136,AGM,136,-180,1,101
1981,180_137,AGM,137,-180,1,101
1982,180_138,AGM,138,-180,1,101
1983,180_139,Cavity,139,-180,1,78
1984,180_140,AGM,140,-180,1,102
1985,180_141,Neural crest,141,-180,1,101
1986,180_142,Sclerotome,142,-180,1,101
1987,180_143,Sclerotome,143,-180,1,101
1988,180_144,Sclerotome,144,-180,1,101
1989,180_145,Sclerotome,145,-180,1,101
1990,180_146,Sclerotome,146,-180,1,100
1991,180_147,Sclerotome,147,-180,1,100
1992,180_148,Sclerotome,148,-180,1,100
1993,180_149,Sclerotome,149,-180,1,100
1994,180_150,Sclerotome,150,-180,1,100
1995,180_151,Sclerotome,151,-180,1,100
1996,180_152,Sclerotome,152,-180,1,100
1997,180_153,Mesenchyme,153,-180,1,109
1998,180_154,Mesenchyme,154,-180,1,109
1999,180_155,Mesenchyme,155,-180,1,109
2000,180_156,Cavity,156,-180,1,45
2001,181_104,Cavity,104,-181,1,77
2002,181_105,Cavity,105,-181,1,75
2003,181_106,Heart,106,-181,1,74
2004,181_107,Heart,107,-181,1,75
2005,181_108,Heart,108,-181,1,75
2006,181_109,Heart,109,-181,1,75
2007,181_110,Heart,110,-181,1,75
2008,181_111,Heart,111,-181,1,75
2009,181_112,Cavity,112,-181,1,76
2010,181_113,Cavity,113,-181,1,76
2011,181_114,Cavity,114,-181,1,78
2012,181_115,Cavity,115,-181,1,78
2013,181_116,Cavity,116,-181,1,78
2014,181_117,Cavity,117,-181,1,78
2015,181_118,Cavity,118,-181,1,76
2016,181_119,Heart,119,-181,1,73
2017,181_120,Heart,120,-181,1,75
2018,181_121,Heart,121,-181,1,75
2019,181_122,Heart,122,-181,1,73
2020,181_123,Heart,123,-181,1,73
2021,181_124,Heart,124,-181,1,73
2022,181_125,Heart,125,-181,1,73
2023,181_126,Heart,126,-181,1,73
2024,181_127,Heart,127,-181,1,72
2025,181_128,Heart,128,-181,1,73
2026,181_129,Heart,129,-181,1,65
2027,181_130,AGM,130,-181,1,98
2028,181_131,Branchial arch,131,-181,1,98
2029,181_132,AGM,132,-181,1,98
2030,181_133,AGM,133,-181,1,98
2031,181_134,AGM,134,-181,1,98
2032,181_135,AGM,135,-181,1,98
2033,181_136,AGM,136,-181,1,101
2034,181_137,AGM,137,-181,1,98
2035,181_138,Neural crest,138,-181,1,64
2036,181_139,Neural crest,139,-181,1,102
2037,181_140,Neural crest,140,-181,1,102
2038,181_141,Neural crest,141,-181,1,102
2039,181_142,Sclerotome,142,-181,1,101
2040,181_143,Sclerotome,143,-181,1,101
2041,181_144,Sclerotome,144,-181,1,101
2042,181_145,Sclerotome,145,-181,1,100
2043,181_146,Sclerotome,146,-181,1,100
2044,181_147,Sclerotome,147,-181,1,100
2045,181_148,Sclerotome,148,-181,1,100
2046,181_149,Sclerotome,149,-181,1,100
2047,181_150,Sclerotome,150,-181,1,100
2048,181_151,Sclerotome,151,-181,1,100
2049,181_152,Sclerotome,152,-181,1,100
2050,181_153,Mesenchyme,153,-181,1,109
2051,181_154,Mesenchyme,154,-181,1,109
2052,181_155,Mesenchyme,155,-181,1,109
2053,181_156,Mesenchyme,156,-181,1,94
2054,182_104,Cavity,104,-182,1,87
2055,182_105,Cavity,105,-182,1,75
2056,182_106,Heart,106,-182,1,75
2057,182_107,Heart,107,-182,1,74
2058,182_108,Heart,108,-182,1,75
2059,182_109,Heart,109,-182,1,75
2060,182_110,Heart,110,-182,1,75
2061,182_111,Heart,111,-182,1,75
2062,182_112,Cavity,112,-182,1,76
2063,182_113,Cavity,113,-182,1,76
2064,182_114,Cavity,114,-182,1,78
2065,182_115,Cavity,115,-182,1,78
2066,182_116,Cavity,116,-182,1,76
2067,182_117,Cavity,117,-182,1,78
2068,182_118,Cavity,118,-182,1,76
2069,182_119,Heart,119,-182,1,75
2070,182_120,Heart,120,-182,1,75
2071,182_121,Heart,121,-182,1,72
2072,182_122,Heart,122,-182,1,73
2073,182_123,Heart,123,-182,1,73
2074,182_124,Heart,124,-182,1,73
2075,182_125,Heart,125,-182,1,73
2076,182_126,Heart,126,-182,1,72
2077,182_127,Heart,127,-182,1,73
2078,182_128,Heart,128,-182,1,72
2079,182_129,Heart,129,-182,1,72
2080,182_130,AGM,130,-182,1,98
2081,182_131,AGM,131,-182,1,98
2082,182_132,AGM,132,-182,1,98
2083,182_133,AGM,133,-182,1,101
2084,182_134,AGM,134,-182,1,98
2085,182_135,AGM,135,-182,1,99
2086,182_136,AGM,136,-182,1,101
2087,182_137,AGM,137,-182,1,101
2088,182_138,Neural crest,138,-182,1,64
2089,182_139,Neural crest,139,-182,1,64
2090,182_140,Neural crest,140,-182,1,68
2091,182_141,Neural crest,141,-182,1,102
2092,182_142,Neural crest,142,-182,1,101
2093,182_143,Neural crest,143,-182,1,100
2094,182_144,Sclerotome,144,-182,1,101
2095,182_145,Sclerotome,145,-182,1,100
2096,182_146,Sclerotome,146,-182,1,100
2097,182_147,Sclerotome,147,-182,1,100
2098,182_148,Sclerotome,148,-182,1,97
2099,182_149,Sclerotome,149,-182,1,100
2100,182_150,Sclerotome,150,-182,1,100
2101,182_151,Sclerotome,151,-182,1,100
2102,182_152,Sclerotome,152,-182,1,100
2103,182_153,Mesenchyme,153,-182,1,103
2104,182_154,Mesenchyme,154,-182,1,109
2105,182_155,Mesenchyme,155,-182,1,109
2106,182_156,Mesenchyme,156,-182,1,109
2107,183_105,Cavity,105,-183,1,75
2108,183_106,Heart,106,-183,1,75
2109,183_107,Heart,107,-183,1,74
2110,183_108,Heart,108,-183,1,74
2111,183_109,Heart,109,-183,1,75
2112,183_110,Heart,110,-183,1,75
2113,183_111,Heart,111,-183,1,75
2114,183_112,Heart,112,-183,1,73
2115,183_113,Heart,113,-183,1,75
2116,183_114,Cavity,114,-183,1,76
2117,183_115,Cavity,115,-183,1,76
2118,183_116,Cavity,116,-183,1,76
2119,183_117,Cavity,117,-183,1,76
2120,183_118,Heart,118,-183,1,75
2121,183_119,Heart,119,-183,1,75
2122,183_120,Heart,120,-183,1,72
2123,183_121,Heart,121,-183,1,73
2124,183_122,Heart,122,-183,1,73
2125,183_123,Heart,123,-183,1,75
2126,183_124,Heart,124,-183,1,72
2127,183_125,Heart,125,-183,1,73
2128,183_126,Heart,126,-183,1,73
2129,183_127,Heart,127,-183,1,73
2130,183_128,Heart,128,-183,1,72
2131,183_129,AGM,129,-183,1,65
2132,183_130,AGM,130,-183,1,98
2133,183_131,AGM,131,-183,1,98
2134,183_132,AGM,132,-183,1,98
2135,183_133,AGM,133,-183,1,98
2136,183_134,AGM,134,-183,1,101
2137,183_135,AGM,135,-183,1,101
2138,183_136,AGM,136,-183,1,101
2139,183_137,Neural crest,137,-183,1,101
2140,183_138,Neural crest,138,-183,1,102
2141,183_139,Neural crest,139,-183,1,70
2142,183_140,Neural crest,140,-183,1,68
2143,183_141,Neural crest,141,-183,1,68
2144,183_142,Neural crest,142,-183,1,102
2145,183_143,Neural crest,143,-183,1,101
2146,183_144,Neural crest,144,-183,1,103
2147,183_145,Neural crest,145,-183,1,100
2148,183_146,Sclerotome,146,-183,1,100
2149,183_147,Sclerotome,147,-183,1,100
2150,183_148,Sclerotome,148,-183,1,100
2151,183_149,Sclerotome,149,-183,1,100
2152,183_150,Sclerotome,150,-183,1,100
2153,183_151,Neural crest,151,-183,1,100
2154,183_152,Sclerotome,152,-183,1,100
2155,183_153,Neural crest,153,-183,1,109
2156,183_154,Mesenchyme,154,-183,1,109
2157,183_155,Mesenchyme,155,-183,1,109
2158,183_156,Mesenchyme,156,-183,1,94
2159,184_105,Cavity,105,-184,1,75
2160,184_106,Heart,106,-184,1,74
2161,184_107,Heart,107,-184,1,75
2162,184_108,Heart,108,-184,1,75
2163,184_109,Heart,109,-184,1,75
2164,184_110,Heart,110,-184,1,75
2165,184_111,Heart,111,-184,1,75
2166,184_112,Heart,112,-184,1,77
2167,184_113,Heart,113,-184,1,75
2168,184_114,Heart,114,-184,1,75
2169,184_115,Cavity,115,-184,1,76
2170,184_116,Cavity,116,-184,1,76
2171,184_117,Cavity,117,-184,1,75
2172,184_118,Heart,118,-184,1,73
2173,184_119,Heart,119,-184,1,74
2174,184_120,Heart,120,-184,1,75
2175,184_121,Heart,121,-184,1,73
2176,184_122,Heart,122,-184,1,72
2177,184_123,Cavity,123,-184,1,85
2178,184_124,Heart,124,-184,1,73
2179,184_125,Heart,125,-184,1,73
2180,184_126,Heart,126,-184,1,73
2181,184_127,Heart,127,-184,1,72
2182,184_128,Heart,128,-184,1,72
2183,184_129,AGM,129,-184,1,64
2184,184_130,AGM,130,-184,1,98
2185,184_131,AGM,131,-184,1,98
2186,184_132,AGM,132,-184,1,98
2187,184_133,AGM,133,-184,1,102
2188,184_134,AGM,134,-184,1,101
2189,184_135,AGM,135,-184,1,101
2190,184_136,AGM,136,-184,1,103
2191,184_137,Neural crest,137,-184,1,102
2192,184_138,Neural crest,138,-184,1,101
2193,184_139,Neural crest,139,-184,1,69
2194,184_140,Neural crest,140,-184,1,69
2195,184_141,Neural crest,141,-184,1,68
2196,184_142,Neural crest,142,-184,1,102
2197,184_143,Neural crest,143,-184,1,102
2198,184_144,Neural crest,144,-184,1,100
2199,184_145,Neural crest,145,-184,1,103
2200,184_146,Neural crest,146,-184,1,100
2201,184_147,Neural crest,147,-184,1,103
2202,184_148,Neural crest,148,-184,1,103
2203,184_149,Neural crest,149,-184,1,103
2204,184_150,Neural crest,150,-184,1,103
2205,184_151,Neural crest,151,-184,1,100
2206,184_152,Neural crest,152,-184,1,100
2207,184_153,Mesenchyme,153,-184,1,92
2208,184_154,Cavity,154,-184,1,90
2209,184_155,Mesenchyme,155,-184,1,109
2210,184_156,Cavity,156,-184,1,94
2211,185_105,Cavity,105,-185,1,85
2212,185_106,Heart,106,-185,1,74
2213,185_107,Heart,107,-185,1,75
2214,185_108,Heart,108,-185,1,74
2215,185_109,Heart,109,-185,1,74
2216,185_110,Heart,110,-185,1,75
2217,185_111,Heart,111,-185,1,75
2218,185_112,Heart,112,-185,1,75
2219,185_113,Heart,113,-185,1,75
2220,185_114,Heart,114,-185,1,74
2221,185_115,Heart,115,-185,1,74
2222,185_116,Heart,116,-185,1,74
2223,185_117,Heart,117,-185,1,75
2224,185_118,Heart,118,-185,1,72
2225,185_119,Heart,119,-185,1,72
2226,185_120,Heart,120,-185,1,74
2227,185_121,Heart,121,-185,1,72
2228,185_122,Heart,122,-185,1,72
2229,185_123,Cavity,123,-185,1,84
2230,185_124,Heart,124,-185,1,74
2231,185_125,Heart,125,-185,1,72
2232,185_126,Heart,126,-185,1,73
2233,185_127,Heart,127,-185,1,73
2234,185_128,Heart,128,-185,1,73
2235,185_129,Branchial arch,129,-185,1,64
2236,185_130,Liver,130,-185,1,98
2237,185_131,AGM,131,-185,1,98
2238,185_132,AGM,132,-185,1,96
2239,185_133,AGM,133,-185,1,98
2240,185_134,AGM,134,-185,1,64
2241,185_135,AGM,135,-185,1,96
2242,185_136,Neural crest,136,-185,1,102
2243,185_137,Neural crest,137,-185,1,98
2244,185_138,Neural crest,138,-185,1,102
2245,185_139,Neural crest,139,-185,1,68
2246,185_140,Neural crest,140,-185,1,68
2247,185_141,Neural crest,141,-185,1,102
2248,185_142,Neural crest,142,-185,1,102
2249,185_143,Neural crest,143,-185,1,101
2250,185_144,Neural crest,144,-185,1,102
2251,185_145,Neural crest,145,-185,1,103
2252,185_146,Neural crest,146,-185,1,102
2253,185_147,Neural crest,147,-185,1,103
2254,185_148,Neural crest,148,-185,1,103
2255,185_149,Neural crest,149,-185,1,103
2256,185_150,Neural crest,150,-185,1,103
2257,185_151,Neural crest,151,-185,1,103
2258,185_152,Neural crest,152,-185,1,100
2259,185_153,Neural crest,153,-185,1,103
2260,185_154,Cavity,154,-185,1,94
2261,185_155,Mesenchyme,155,-185,1,109
2262,185_156,Mesenchyme,156,-185,1,94
2263,186_106,Cavity,106,-186,1,77
2264,186_107,Heart,107,-186,1,74
2265,186_108,Heart,108,-186,1,74
2266,186_109,Heart,109,-186,1,74
2267,186_110,Heart,110,-186,1,74
2268,186_111,Heart,111,-186,1,74
2269,186_112,Heart,112,-186,1,74
2270,186_113,Heart,113,-186,1,74
2271,186_114,Heart,114,-186,1,74
2272,186_115,Heart,115,-186,1,72
2273,186_116,Heart,116,-186,1,72
2274,186_117,Heart,117,-186,1,72
2275,186_118,Heart,118,-186,1,74
2276,186_119,Heart,119,-186,1,72
2277,186_120,Heart,120,-186,1,74
2278,186_121,Heart,121,-186,1,72
2279,186_122,Heart,122,-186,1,72
2280,186_123,Cavity,123,-186,1,85
2281,186_124,Heart,124,-186,1,73
2282,186_125,Heart,125,-186,1,72
2283,186_126,Heart,126,-186,1,73
2284,186_127,Heart,127,-186,1,72
2285,186_128,Heart,128,-186,1,65
2286,186_129,Branchial arch,129,-186,1,98
2287,186_130,Liver,130,-186,1,64
2288,186_131,Liver,131,-186,1,98
2289,186_132,Branchial arch,132,-186,1,98
2290,186_133,Branchial arch,133,-186,1,98
2291,186_134,Branchial arch,134,-186,1,98
2292,186_135,Neural crest,135,-186,1,102
2293,186_136,Neural crest,136,-186,1,100
2294,186_137,Neural crest,137,-186,1,101
2295,186_138,Neural crest,138,-186,1,102
2296,186_139,Neural crest,139,-186,1,68
2297,186_140,Neural crest,140,-186,1,68
2298,186_141,Neural crest,141,-186,1,102
2299,186_142,Neural crest,142,-186,1,103
2300,186_143,Neural crest,143,-186,1,103
2301,186_144,Neural crest,144,-186,1,103
2302,186_145,Neural crest,145,-186,1,100
2303,186_146,Neural crest,146,-186,1,100
2304,186_147,Neural crest,147,-186,1,103
2305,186_148,Neural crest,148,-186,1,100
2306,186_149,Neural crest,149,-186,1,103
2307,186_150,Neural crest,150,-186,1,100
2308,186_151,Neural crest,151,-186,1,103
2309,186_152,Neural crest,152,-186,1,103
2310,186_153,Neural crest,153,-186,1,103
2311,186_154,Mesenchyme,154,-186,1,94
2312,186_155,Mesenchyme,155,-186,1,109
2313,186_156,Mesenchyme,156,-186,1,94
2314,187_106,Cavity,106,-187,1,44
2315,187_107,Cavity,107,-187,1,74
2316,187_108,Heart,108,-187,1,74
2317,187_109,Heart,109,-187,1,74
2318,187_110,Heart,110,-187,1,74
2319,187_111,Heart,111,-187,1,74
2320,187_112,Heart,112,-187,1,74
2321,187_113,Heart,113,-187,1,74
2322,187_114,Heart,114,-187,1,74
2323,187_115,Heart,115,-187,1,72
2324,187_116,Heart,116,-187,1,72
2325,187_117,Heart,117,-187,1,72
2326,187_118,Heart,118,-187,1,72
2327,187_119,Heart,119,-187,1,72
2328,187_120,Heart,120,-187,1,72
2329,187_121,Heart,121,-187,1,72
2330,187_122,Heart,122,-187,1,72
2331,187_123,Heart,123,-187,1,74
2332,187_124,Heart,124,-187,1,72
2333,187_125,Heart,125,-187,1,72
2334,187_126,Heart,126,-187,1,72
2335,187_127,Heart,127,-187,1,72
2336,187_128,Branchial arch,128,-187,1,65
2337,187_129,Branchial arch,129,-187,1,64
2338,187_130,Branchial arch,130,-187,1,65
2339,187_131,Liver,131,-187,1,65
2340,187_132,Liver,132,-187,1,98
2341,187_133,Branchial arch,133,-187,1,98
2342,187_134,Neural crest,134,-187,1,66
2343,187_135,Neural crest,135,-187,1,68
2344,187_136,Neural crest,136,-187,1,68
2345,187_137,Neural crest,137,-187,1,68
2346,187_138,Neural crest,138,-187,1,68
2347,187_139,Neural crest,139,-187,1,68
2348,187_140,Neural crest,140,-187,1,68
2349,187_141,Neural crest,141,-187,1,68
2350,187_142,Neural crest,142,-187,1,100
2351,187_143,Neural crest,143,-187,1,103
2352,187_144,Neural crest,144,-187,1,103
2353,187_145,Neural crest,145,-187,1,103
2354,187_146,Neural crest,146,-187,1,103
2355,187_147,Neural crest,147,-187,1,71
2356,187_148,Neural crest,148,-187,1,103
2357,187_149,Neural crest,149,-187,1,103
2358,187_150,Neural crest,150,-187,1,71
2359,187_151,Neural crest,151,-187,1,103
2360,187_152,Neural crest,152,-187,1,103
2361,187_153,Neural crest,153,-187,1,100
2362,187_154,Mesenchyme,154,-187,1,109
2363,187_155,Mesenchyme,155,-187,1,109
2364,187_156,Mesenchyme,156,-187,1,94
2365,188_106,Cavity,106,-188,1,82
2366,188_107,Cavity,107,-188,1,74
2367,188_108,Heart,108,-188,1,74
2368,188_109,Heart,109,-188,1,74
2369,188_110,Heart,110,-188,1,74
2370,188_111,Heart,111,-188,1,74
2371,188_112,Heart,112,-188,1,72
2372,188_113,Heart,113,-188,1,72
2373,188_114,Heart,114,-188,1,72
2374,188_115,Heart,115,-188,1,72
2375,188_116,Heart,116,-188,1,72
2376,188_117,Heart,117,-188,1,72
2377,188_118,Heart,118,-188,1,72
2378,188_119,Heart,119,-188,1,72
2379,188_120,Heart,120,-188,1,72
2380,188_121,Heart,121,-188,1,72
2381,188_122,Heart,122,-188,1,72
2382,188_123,Heart,123,-188,1,72
2383,188_124,Heart,124,-188,1,72
2384,188_125,Heart,125,-188,1,72
2385,188_126,Heart,126,-188,1,72
2386,188_127,Heart,127,-188,1,72
2387,188_128,Branchial arch,128,-188,1,65
2388,188_129,Branchial arch,129,-188,1,64
2389,188_130,Branchial arch,130,-188,1,66
2390,188_131,Liver,131,-188,1,98
2391,188_132,Branchial arch,132,-188,1,98
2392,188_133,Branchial arch,133,-188,1,65
2393,188_134,Neural crest,134,-188,1,68
2394,188_135,Neural crest,135,-188,1,102
2395,188_136,Neural crest,136,-188,1,68
2396,188_137,Neural crest,137,-188,1,68
2397,188_138,Neural crest,138,-188,1,102
2398,188_139,Neural crest,139,-188,1,102
2399,188_140,Neural crest,140,-188,1,68
2400,188_141,Neural crest,141,-188,1,100
2401,188_142,Neural crest,142,-188,1,103
2402,188_143,Neural crest,143,-188,1,103
2403,188_144,Neural crest,144,-188,1,103
2404,188_145,Neural crest,145,-188,1,103
2405,188_146,Neural crest,146,-188,1,103
2406,188_147,Neural crest,147,-188,1,103
2407,188_148,Neural crest,148,-188,1,71
2408,188_149,Neural crest,149,-188,1,103
2409,188_150,Neural crest,150,-188,1,103
2410,188_151,Neural crest,151,-188,1,100
2411,188_152,Neural crest,152,-188,1,103
2412,188_153,Neural crest,153,-188,1,103
2413,188_154,Mesenchyme,154,-188,1,43
2414,188_155,Mesenchyme,155,-188,1,109
2415,188_156,Mesenchyme,156,-188,1,94
2416,189_107,Cavity,107,-189,1,75
2417,189_108,Heart,108,-189,1,73
2418,189_109,Heart,109,-189,1,74
2419,189_110,Heart,110,-189,1,72
2420,189_111,Heart,111,-189,1,72
2421,189_112,Heart,112,-189,1,72
2422,189_113,Heart,113,-189,1,72
2423,189_114,Heart,114,-189,1,72
2424,189_115,Heart,115,-189,1,72
2425,189_116,Heart,116,-189,1,72
2426,189_117,Heart,117,-189,1,72
2427,189_118,Heart,118,-189,1,72
2428,189_119,Heart,119,-189,1,72
2429,189_120,Heart,120,-189,1,72
2430,189_121,Heart,121,-189,1,72
2431,189_122,Heart,122,-189,1,72
2432,189_123,Heart,123,-189,1,74
2433,189_124,Heart,124,-189,1,72
2434,189_125,Heart,125,-189,1,72
2435,189_126,Heart,126,-189,1,72
2436,189_127,Heart,127,-189,1,72
2437,189_128,Branchial arch,128,-189,1,66
2438,189_129,Branchial arch,129,-189,1,64
2439,189_130,Branchial arch,130,-189,1,64
2440,189_131,Branchial arch,131,-189,1,64
2441,189_132,Branchial arch,132,-189,1,98
2442,189_133,Branchial arch,133,-189,1,66
2443,189_134,Neural crest,134,-189,1,68
2444,189_135,Neural crest,135,-189,1,102
2445,189_136,Neural crest,136,-189,1,68
2446,189_137,Neural crest,137,-189,1,68
2447,189_138,Neural crest,138,-189,1,68
2448,189_139,Neural crest,139,-189,1,68
2449,189_140,Neural crest,140,-189,1,71
2450,189_141,Neural crest,141,-189,1,71
2451,189_142,Neural crest,142,-189,1,71
2452,189_143,Neural crest,143,-189,1,102
2453,189_144,Neural crest,144,-189,1,103
2454,189_145,Neural crest,145,-189,1,103
2455,189_146,Neural crest,146,-189,1,103
2456,189_147,Neural crest,147,-189,1,71
2457,189_148,Neural crest,148,-189,1,103
2458,189_149,Neural crest,149,-189,1,103
2459,189_150,Neural crest,150,-189,1,100
2460,189_151,Neural crest,151,-189,1,100
2461,189_152,Neural crest,152,-189,1,103
2462,189_153,Neural crest,153,-189,1,103
2463,189_154,Mesenchyme,154,-189,1,92
2464,189_155,Mesenchyme,155,-189,1,109
2465,189_156,Mesenchyme,156,-189,1,109
2466,190_107,Cavity,107,-190,1,86
2467,190_108,Heart,108,-190,1,72
2468,190_109,Heart,109,-190,1,75
2469,190_110,Heart,110,-190,1,72
2470,190_111,Heart,111,-190,1,74
2471,190_112,Heart,112,-190,1,74
2472,190_113,Heart,113,-190,1,72
2473,190_114,Heart,114,-190,1,74
2474,190_115,Heart,115,-190,1,72
2475,190_116,Heart,116,-190,1,72
2476,190_117,Heart,117,-190,1,72
2477,190_118,Heart,118,-190,1,72
2478,190_119,Heart,119,-190,1,72
2479,190_120,Heart,120,-190,1,72
2480,190_121,Heart,121,-190,1,72
2481,190_122,Heart,122,-190,1,72
2482,190_123,Heart,123,-190,1,72
2483,190_124,Heart,124,-190,1,72
2484,190_125,Heart,125,-190,1,72
2485,190_126,Heart,126,-190,1,72
2486,190_127,Branchial arch,127,-190,1,72
2487,190_128,Branchial arch,128,-190,1,65
2488,190_129,Branchial arch,129,-190,1,65
2489,190_130,Branchial arch,130,-190,1,65
2490,190_131,Branchial arch,131,-190,1,98
2491,190_132,Branchial arch,132,-190,1,102
2492,190_133,Neural crest,133,-190,1,68
2493,190_134,Neural crest,134,-190,1,68
2494,190_135,Neural crest,135,-190,1,68
2495,190_136,Neural crest,136,-190,1,68
2496,190_137,Neural crest,137,-190,1,68
2497,190_138,Neural crest,138,-190,1,71
2498,190_139,Neural crest,139,-190,1,101
2499,190_140,Neural crest,140,-190,1,71
2500,190_141,Neural crest,141,-190,1,103
2501,190_142,Neural crest,142,-190,1,71
2502,190_143,Neural crest,143,-190,1,70
2503,190_144,Neural crest,144,-190,1,103
2504,190_145,Neural crest,145,-190,1,103
2505,190_146,Neural crest,146,-190,1,103
2506,190_147,Neural crest,147,-190,1,103
2507,190_148,Neural crest,148,-190,1,103
2508,190_149,Neural crest,149,-190,1,103
2509,190_150,Neural crest,150,-190,1,103
2510,190_151,Neural crest,151,-190,1,100
2511,190_152,Neural crest,152,-190,1,71
2512,190_153,Neural crest,153,-190,1,103
2513,190_154,Mesenchyme,154,-190,1,109
2514,190_155,Mesenchyme,155,-190,1,109
2515,190_156,Mesenchyme,156,-190,1,94
2516,191_107,Cavity,107,-191,1,81
2517,191_108,Heart,108,-191,1,75
2518,191_109,Heart,109,-191,1,72
2519,191_110,Heart,110,-191,1,74
2520,191_111,Heart,111,-191,1,74
2521,191_112,Heart,112,-191,1,74
2522,191_113,Heart,113,-191,1,72
2523,191_114,Heart,114,-191,1,72
2524,191_115,Heart,115,-191,1,72
2525,191_116,Heart,116,-191,1,72
2526,191_117,Heart,117,-191,1,72
2527,191_118,Heart,118,-191,1,72
2528,191_119,Heart,119,-191,1,72
2529,191_120,Heart,120,-191,1,72
2530,191_121,Heart,121,-191,1,72
2531,191_122,Heart,122,-191,1,72
2532,191_123,Heart,123,-191,1,73
2533,191_124,Cavity,124,-191,1,73
2534,191_125,Heart,125,-191,1,73
2535,191_126,Heart,126,-191,1,72
2536,191_127,Branchial arch,127,-191,1,65
2537,191_128,Branchial arch,128,-191,1,64
2538,191_129,Branchial arch,129,-191,1,65
2539,191_130,Branchial arch,130,-191,1,65
2540,191_131,Branchial arch,131,-191,1,64
2541,191_132,Branchial arch,132,-191,1,102
2542,191_133,Neural crest,133,-191,1,68
2543,191_134,Neural crest,134,-191,1,68
2544,191_135,Neural crest,135,-191,1,68
2545,191_136,Neural crest,136,-191,1,68
2546,191_137,Neural crest,137,-191,1,68
2547,191_138,Neural crest,138,-191,1,69
2548,191_139,Neural crest,139,-191,1,68
2549,191_140,Neural crest,140,-191,1,71
2550,191_141,Neural crest,141,-191,1,70
2551,191_142,Neural crest,142,-191,1,71
2552,191_143,Neural crest,143,-191,1,71
2553,191_144,Neural crest,144,-191,1,100
2554,191_145,Neural crest,145,-191,1,71
2555,191_146,Neural crest,146,-191,1,103
2556,191_147,Neural crest,147,-191,1,103
2557,191_148,Neural crest,148,-191,1,103
2558,191_149,Neural crest,149,-191,1,100
2559,191_150,Sclerotome,150,-191,1,100
2560,191_151,Sclerotome,151,-191,1,100
2561,191_152,Neural crest,152,-191,1,103
2562,191_153,Neural crest,153,-191,1,109
2563,191_154,Mesenchyme,154,-191,1,94
2564,191_155,Mesenchyme,155,-191,1,109
2565,191_156,Mesenchyme,156,-191,1,109
2566,192_108,Heart,108,-192,1,74
2567,192_109,Heart,109,-192,1,74
2568,192_110,Heart,110,-192,1,74
2569,192_111,Heart,111,-192,1,72
2570,192_112,Heart,112,-192,1,72
2571,192_113,Heart,113,-192,1,72
2572,192_114,Heart,114,-192,1,72
2573,192_115,Heart,115,-192,1,72
2574,192_116,Heart,116,-192,1,72
2575,192_117,Heart,117,-192,1,72
2576,192_118,Heart,118,-192,1,72
2577,192_119,Heart,119,-192,1,74
2578,192_120,Heart,120,-192,1,72
2579,192_121,Heart,121,-192,1,72
2580,192_122,Heart,122,-192,1,72
2581,192_123,Cavity,123,-192,1,73
2582,192_124,Cavity,124,-192,1,73
2583,192_125,Cavity,125,-192,1,73
2584,192_126,Branchial arch,126,-192,1,67
2585,192_127,Branchial arch,127,-192,1,72
2586,192_128,Branchial arch,128,-192,1,67
2587,192_129,Branchial arch,129,-192,1,66
2588,192_130,Branchial arch,130,-192,1,64
2589,192_131,Branchial arch,131,-192,1,64
2590,192_132,Branchial arch,132,-192,1,68
2591,192_133,Neural crest,133,-192,1,68
2592,192_134,Neural crest,134,-192,1,68
2593,192_135,Neural crest,135,-192,1,69
2594,192_136,Neural crest,136,-192,1,68
2595,192_137,Neural crest,137,-192,1,68
2596,192_138,Neural crest,138,-192,1,68
2597,192_139,Neural crest,139,-192,1,68
2598,192_140,Neural crest,140,-192,1,71
2599,192_141,Neural crest,141,-192,1,70
2600,192_142,Neural crest,142,-192,1,103
2601,192_143,Neural crest,143,-192,1,71
2602,192_144,Neural crest,144,-192,1,103
2603,192_145,Neural crest,145,-192,1,103
2604,192_146,Cavity,146,-192,1,63
2605,192_147,Neural crest,147,-192,1,31
2606,192_148,Neural crest,148,-192,1,103
2607,192_149,Neural crest,149,-192,1,100
2608,192_150,Sclerotome,150,-192,1,100
2609,192_151,Sclerotome,151,-192,1,100
2610,192_152,Neural crest,152,-192,1,100
2611,192_153,Neural crest,153,-192,1,103
2612,192_154,Mesenchyme,154,-192,1,2
2613,192_155,Mesenchyme,155,-192,1,2
2614,192_156,Mesenchyme,156,-192,1,109
2615,193_108,Cavity,108,-193,1,87
2616,193_109,Heart,109,-193,1,74
2617,193_110,Heart,110,-193,1,74
2618,193_111,Heart,111,-193,1,74
2619,193_112,Heart,112,-193,1,74
2620,193_113,Heart,113,-193,1,72
2621,193_114,Heart,114,-193,1,72
2622,193_115,Heart,115,-193,1,72
2623,193_116,Heart,116,-193,1,72
2624,193_117,Heart,117,-193,1,72
2625,193_118,Heart,118,-193,1,72
2626,193_119,Heart,119,-193,1,73
2627,193_120,Heart,120,-193,1,72
2628,193_121,Heart,121,-193,1,72
2629,193_122,Heart,122,-193,1,72
2630,193_123,Cavity,123,-193,1,73
2631,193_124,Cavity,124,-193,1,73
2632,193_125,Cavity,125,-193,1,73
2633,193_126,Branchial arch,126,-193,1,65
2634,193_127,Branchial arch,127,-193,1,66
2635,193_128,Branchial arch,128,-193,1,66
2636,193_129,Branchial arch,129,-193,1,64
2637,193_130,Branchial arch,130,-193,1,99
2638,193_131,Branchial arch,131,-193,1,64
2639,193_132,Neural crest,132,-193,1,69
2640,193_133,Neural crest,133,-193,1,68
2641,193_134,Neural crest,134,-193,1,68
2642,193_135,Neural crest,135,-193,1,102
2643,193_136,Neural crest,136,-193,1,68
2644,193_137,Neural crest,137,-193,1,71
2645,193_138,Neural crest,138,-193,1,69
2646,193_139,Neural crest,139,-193,1,70
2647,193_140,Neural crest,140,-193,1,68
2648,193_141,Neural crest,141,-193,1,70
2649,193_142,Neural crest,142,-193,1,68
2650,193_143,Neural crest,143,-193,1,63
2651,193_144,Neural crest,144,-193,1,71
2652,193_145,Neural crest,145,-193,1,103
2653,193_146,Neural crest,146,-193,1,71
2654,193_147,Neural crest,147,-193,1,103
2655,193_148,Neural crest,148,-193,1,100
2656,193_149,Sclerotome,149,-193,1,100
2657,193_150,Sclerotome,150,-193,1,100
2658,193_151,Sclerotome,151,-193,1,100
2659,193_152,Neural crest,152,-193,1,103
2660,193_153,Mesenchyme,153,-193,1,109
2661,193_154,Mesenchyme,154,-193,1,42
2662,193_155,Mesenchyme,155,-193,1,2
2663,193_156,Mesenchyme,156,-193,1,109
2664,194_109,Cavity,109,-194,1,80
2665,194_110,Cavity,110,-194,1,74
2666,194_111,Heart,111,-194,1,74
2667,194_112,Heart,112,-194,1,74
2668,194_113,Heart,113,-194,1,72
2669,194_114,Heart,114,-194,1,74
2670,194_115,Heart,115,-194,1,72
2671,194_116,Branchial arch,116,-194,1,65
2672,194_117,Branchial arch,117,-194,1,113
2673,194_118,Branchial arch,118,-194,1,107
2674,194_119,Branchial arch,119,-194,1,65
2675,194_120,Branchial arch,120,-194,1,64
2676,194_121,Heart,121,-194,1,72
2677,194_122,Heart,122,-194,1,72
2678,194_123,Cavity,123,-194,1,73
2679,194_124,Cavity,124,-194,1,73
2680,194_125,AGM,125,-194,1,67
2681,194_126,Branchial arch,126,-194,1,65
2682,194_127,Branchial arch,127,-194,1,66
2683,194_128,Branchial arch,128,-194,1,65
2684,194_129,Branchial arch,129,-194,1,64
2685,194_130,Branchial arch,130,-194,1,65
2686,194_131,Branchial arch,131,-194,1,69
2687,194_132,Neural crest,132,-194,1,69
2688,194_133,Neural crest,133,-194,1,65
2689,194_134,Neural crest,134,-194,1,68
2690,194_135,Neural crest,135,-194,1,68
2691,194_136,Neural crest,136,-194,1,69
2692,194_137,Neural crest,137,-194,1,68
2693,194_138,Neural crest,138,-194,1,69
2694,194_139,Neural crest,139,-194,1,71
2695,194_140,Neural crest,140,-194,1,70
2696,194_141,Neural crest,141,-194,1,71
2697,194_142,Neural crest,142,-194,1,70
2698,194_143,Neural crest,143,-194,1,71
2699,194_144,Neural crest,144,-194,1,71
2700,194_145,Neural crest,145,-194,1,100
2701,194_146,Neural crest,146,-194,1,103
2702,194_147,Neural crest,147,-194,1,103
2703,194_148,Neural crest,148,-194,1,103
2704,194_149,Sclerotome,149,-194,1,103
2705,194_150,Sclerotome,150,-194,1,103
2706,194_151,Sclerotome,151,-194,1,100
2707,194_152,Neural crest,152,-194,1,103
2708,194_153,Mesenchyme,153,-194,1,10
2709,194_154,Mesenchyme,154,-194,1,2
2710,194_155,Mesenchyme,155,-194,1,2
2711,194_156,Mesenchyme,156,-194,1,2
2712,195_110,Cavity,110,-195,1,45
2713,195_111,Neural crest,111,-195,1,110
2714,195_112,Neural crest,112,-195,1,110
2715,195_113,Neural crest,113,-195,1,110
2716,195_114,Neural crest,114,-195,1,107
2717,195_115,Branchial arch,115,-195,1,107
2718,195_116,Branchial arch,116,-195,1,107
2719,195_117,Branchial arch,117,-195,1,107
2720,195_118,Branchial arch,118,-195,1,107
2721,195_119,Branchial arch,119,-195,1,67
2722,195_120,Branchial arch,120,-195,1,66
2723,195_121,Branchial arch,121,-195,1,67
2724,195_122,Branchial arch,122,-195,1,67
2725,195_123,Branchial arch,123,-195,1,72
2726,195_124,AGM,124,-195,1,67
2727,195_125,Branchial arch,125,-195,1,67
2728,195_126,Branchial arch,126,-195,1,66
2729,195_127,Branchial arch,127,-195,1,67
2730,195_128,Branchial arch,128,-195,1,65
2731,195_129,Branchial arch,129,-195,1,66
2732,195_130,Branchial arch,130,-195,1,66
2733,195_131,Neural crest,131,-195,1,69
2734,195_132,Neural crest,132,-195,1,68
2735,195_133,Neural crest,133,-195,1,69
2736,195_134,Neural crest,134,-195,1,68
2737,195_135,Neural crest,135,-195,1,103
2738,195_136,Neural crest,136,-195,1,71
2739,195_137,Neural crest,137,-195,1,69
2740,195_138,Neural crest,138,-195,1,71
2741,195_139,Neural crest,139,-195,1,70
2742,195_140,Neural crest,140,-195,1,69
2743,195_141,Neural crest,141,-195,1,71
2744,195_142,Neural crest,142,-195,1,70
2745,195_143,Neural crest,143,-195,1,71
2746,195_144,Neural crest,144,-195,1,103
2747,195_145,Neural crest,145,-195,1,103
2748,195_146,Neural crest,146,-195,1,103
2749,195_147,Brain,147,-195,1,56
2750,195_148,Brain,148,-195,1,103
2751,195_149,Neural crest,149,-195,1,103
2752,195_150,Neural crest,150,-195,1,100
2753,195_151,Neural crest,151,-195,1,103
2754,195_152,Brain,152,-195,1,109
2755,195_153,Mesenchyme,153,-195,1,2
2756,195_154,Mesenchyme,154,-195,1,2
2757,195_155,Mesenchyme,155,-195,1,2
2758,195_156,Mesenchyme,156,-195,1,109
2759,196_110,Cavity,110,-196,1,43
2760,196_111,Neural crest,111,-196,1,10
2761,196_112,Neural crest,112,-196,1,110
2762,196_113,Neural crest,113,-196,1,107
2763,196_114,Branchial arch,114,-196,1,107
2764,196_115,Branchial arch,115,-196,1,107
2765,196_116,Branchial arch,116,-196,1,107
2766,196_117,Branchial arch,117,-196,1,107
2767,196_118,Branchial arch,118,-196,1,107
2768,196_119,Branchial arch,119,-196,1,65
2769,196_120,Branchial arch,120,-196,1,67
2770,196_121,Branchial arch,121,-196,1,65
2771,196_122,Branchial arch,122,-196,1,65
2772,196_123,Neural crest,123,-196,1,67
2773,196_124,Branchial arch,124,-196,1,66
2774,196_125,Branchial arch,125,-196,1,66
2775,196_126,Branchial arch,126,-196,1,66
2776,196_127,Branchial arch,127,-196,1,66
2777,196_128,Branchial arch,128,-196,1,64
2778,196_129,Branchial arch,129,-196,1,66
2779,196_130,Neural crest,130,-196,1,68
2780,196_131,Neural crest,131,-196,1,68
2781,196_132,Neural crest,132,-196,1,68
2782,196_133,Neural crest,133,-196,1,69
2783,196_134,Neural crest,134,-196,1,69
2784,196_135,Neural crest,135,-196,1,69
2785,196_136,Neural crest,136,-196,1,70
2786,196_137,Neural crest,137,-196,1,71
2787,196_138,Neural crest,138,-196,1,71
2788,196_139,Neural crest,139,-196,1,69
2789,196_140,Neural crest,140,-196,1,70
2790,196_141,Neural crest,141,-196,1,71
2791,196_142,Neural crest,142,-196,1,71
2792,196_143,Neural crest,143,-196,1,103
2793,196_144,Neural crest,144,-196,1,103
2794,196_145,Neural crest,145,-196,1,71
2795,196_146,Brain,146,-196,1,103
2796,196_147,Brain,147,-196,1,18
2797,196_148,Brain,148,-196,1,18
2798,196_149,Brain,149,-196,1,18
2799,196_150,Neural crest,150,-196,1,103
2800,196_151,Neural crest,151,-196,1,103
2801,196_152,Brain,152,-196,1,2
2802,196_153,Brain,153,-196,1,2
2803,196_154,Mesenchyme,154,-196,1,2
2804,196_155,Brain,155,-196,1,109
2805,196_156,Brain,156,-196,1,42
2806,197_109,Cavity,109,-197,1,45
2807,197_110,Neural crest,110,-197,1,110
2808,197_111,Neural crest,111,-197,1,110
2809,197_112,Neural crest,112,-197,1,10
2810,197_113,Branchial arch,113,-197,1,107
2811,197_114,Branchial arch,114,-197,1,107
2812,197_115,Branchial arch,115,-197,1,107
2813,197_116,Branchial arch,116,-197,1,107
2814,197_117,Branchial arch,117,-197,1,107
2815,197_118,Branchial arch,118,-197,1,107
2816,197_119,Branchial arch,119,-197,1,107
2817,197_120,Branchial arch,120,-197,1,107
2818,197_121,Branchial arch,121,-197,1,64
2819,197_122,Branchial arch,122,-197,1,65
2820,197_123,Branchial arch,123,-197,1,67
2821,197_124,Branchial arch,124,-197,1,69
2822,197_125,Branchial arch,125,-197,1,66
2823,197_126,Branchial arch,126,-197,1,66
2824,197_127,Branchial arch,127,-197,1,68
2825,197_128,Branchial arch,128,-197,1,65
2826,197_129,Neural crest,129,-197,1,69
2827,197_130,Neural crest,130,-197,1,69
2828,197_131,Neural crest,131,-197,1,69
2829,197_132,Neural crest,132,-197,1,69
2830,197_133,Neural crest,133,-197,1,102
2831,197_134,Neural crest,134,-197,1,69
2832,197_135,Neural crest,135,-197,1,70
2833,197_136,Neural crest,136,-197,1,71
2834,197_137,Neural crest,137,-197,1,70
2835,197_138,Neural crest,138,-197,1,69
2836,197_139,Neural crest,139,-197,1,69
2837,197_140,Neural crest,140,-197,1,70
2838,197_141,Neural crest,141,-197,1,71
2839,197_142,Neural crest,142,-197,1,71
2840,197_143,Neural crest,143,-197,1,103
2841,197_144,Neural crest,144,-197,1,71
2842,197_145,Brain,145,-197,1,29
2843,197_146,Brain,146,-197,1,18
2844,197_147,Brain,147,-197,1,18
2845,197_148,Brain,148,-197,1,17
2846,197_149,Brain,149,-197,1,18
2847,197_150,Brain,150,-197,1,103
2848,197_151,Brain,151,-197,1,3
2849,197_152,Brain,152,-197,1,5
2850,197_153,Brain,153,-197,1,5
2851,197_154,Brain,154,-197,1,3
2852,197_155,Brain,155,-197,1,2
2853,197_156,Brain,156,-197,1,2
2854,198_109,Neural crest,109,-198,1,11
2855,198_110,Neural crest,110,-198,1,10
2856,198_111,Neural crest,111,-198,1,10
2857,198_112,Branchial arch,112,-198,1,107
2858,198_113,Branchial arch,113,-198,1,107
2859,198_114,Branchial arch,114,-198,1,107
2860,198_115,Branchial arch,115,-198,1,107
2861,198_116,Branchial arch,116,-198,1,107
2862,198_117,Branchial arch,117,-198,1,107
2863,198_118,Branchial arch,118,-198,1,107
2864,198_119,Branchial arch,119,-198,1,107
2865,198_120,Branchial arch,120,-198,1,107
2866,198_121,Branchial arch,121,-198,1,107
2867,198_122,Branchial arch,122,-198,1,67
2868,198_123,Branchial arch,123,-198,1,67
2869,198_124,Branchial arch,124,-198,1,67
2870,198_125,Branchial arch,125,-198,1,66
2871,198_126,Branchial arch,126,-198,1,66
2872,198_127,Branchial arch,127,-198,1,66
2873,198_128,Branchial arch,128,-198,1,69
2874,198_129,Neural crest,129,-198,1,69
2875,198_130,Neural crest,130,-198,1,69
2876,198_131,Neural crest,131,-198,1,69
2877,198_132,Neural crest,132,-198,1,69
2878,198_133,Neural crest,133,-198,1,71
2879,198_134,Neural crest,134,-198,1,68
2880,198_135,Neural crest,135,-198,1,71
2881,198_136,Neural crest,136,-198,1,70
2882,198_137,Neural crest,137,-198,1,69
2883,198_138,Neural crest,138,-198,1,69
2884,198_139,Neural crest,139,-198,1,69
2885,198_140,Neural crest,140,-198,1,69
2886,198_141,Neural crest,141,-198,1,71
2887,198_142,Neural crest,142,-198,1,103
2888,198_143,Neural crest,143,-198,1,103
2889,198_144,Brain,144,-198,1,103
2890,198_145,Brain,145,-198,1,18
2891,198_146,Brain,146,-198,1,18
2892,198_147,Brain,147,-198,1,17
2893,198_148,Brain,148,-198,1,17
2894,198_149,Brain,149,-198,1,3
2895,198_150,Brain,150,-198,1,103
2896,198_151,Brain,151,-198,1,3
2897,198_152,Brain,152,-198,1,2
2898,198_153,Brain,153,-198,1,6
2899,198_154,Brain,154,-198,1,2
2900,198_155,Brain,155,-198,1,2
2901,198_156,Brain,156,-198,1,41
2902,198_87,Cavity,87,-198,1,82
2903,198_88,Cavity,88,-198,1,44
2904,198_89,Neural crest,89,-198,1,42
2905,198_90,Neural crest,90,-198,1,15
2906,198_91,Neural crest,91,-198,1,11
2907,198_92,Cavity,92,-198,1,47
2908,198_93,Neural crest,93,-198,1,11
2909,198_94,Neural crest,94,-198,1,11
2910,198_95,Neural crest,95,-198,1,11
2911,198_96,Cavity,96,-198,1,81
2912,199_109,Neural crest,109,-199,1,10
2913,199_110,Neural crest,110,-199,1,110
2914,199_111,Neural crest,111,-199,1,110
2915,199_112,Branchial arch,112,-199,1,107
2916,199_113,Branchial arch,113,-199,1,107
2917,199_114,Branchial arch,114,-199,1,107
2918,199_115,Branchial arch,115,-199,1,107
2919,199_116,Branchial arch,116,-199,1,107
2920,199_117,Branchial arch,117,-199,1,107
2921,199_118,Branchial arch,118,-199,1,107
2922,199_119,Branchial arch,119,-199,1,107
2923,199_120,Branchial arch,120,-199,1,107
2924,199_121,Branchial arch,121,-199,1,107
2925,199_122,Neural crest,122,-199,1,110
2926,199_123,Neural crest,123,-199,1,110
2927,199_124,Branchial arch,124,-199,1,66
2928,199_125,Branchial arch,125,-199,1,66
2929,199_126,Branchial arch,126,-199,1,69
2930,199_127,Branchial arch,127,-199,1,69
2931,199_128,Neural crest,128,-199,1,69
2932,199_129,Neural crest,129,-199,1,68
2933,199_130,Neural crest,130,-199,1,68
2934,199_131,Neural crest,131,-199,1,69
2935,199_132,Notochord,132,-199,1,69
2936,199_133,Neural crest,133,-199,1,69
2937,199_134,Neural crest,134,-199,1,71
2938,199_135,Brain,135,-199,1,70
2939,199_136,Brain,136,-199,1,69
2940,199_137,Brain,137,-199,1,70
2941,199_138,Neural crest,138,-199,1,69
2942,199_139,Neural crest,139,-199,1,60
2943,199_140,Neural crest,140,-199,1,56
2944,199_141,Neural crest,141,-199,1,71
2945,199_142,Brain,142,-199,1,29
2946,199_143,Brain,143,-199,1,18
2947,199_144,Brain,144,-199,1,18
2948,199_145,Brain,145,-199,1,17
2949,199_146,Brain,146,-199,1,17
2950,199_147,Brain,147,-199,1,19
2951,199_148,Brain,148,-199,1,18
2952,199_149,Brain,149,-199,1,103
2953,199_150,Brain,150,-199,1,3
2954,199_151,Brain,151,-199,1,3
2955,199_152,Brain,152,-199,1,3
2956,199_153,Brain,153,-199,1,2
2957,199_154,Brain,154,-199,1,2
2958,199_155,Brain,155,-199,1,2
2959,199_156,Brain,156,-199,1,40
2960,199_85,Cavity,85,-199,1,46
2961,199_86,Neural crest,86,-199,1,11
2962,199_87,Neural crest,87,-199,1,11
2963,199_88,Neural crest,88,-199,1,11
2964,199_89,Neural crest,89,-199,1,11
2965,199_90,Neural crest,90,-199,1,11
2966,199_91,Neural crest,91,-199,1,11
2967,199_92,Neural crest,92,-199,1,11
2968,199_93,Neural crest,93,-199,1,11
2969,199_94,Neural crest,94,-199,1,11
2970,199_95,Neural crest,95,-199,1,11
2971,199_96,Neural crest,96,-199,1,11
2972,199_97,Neural crest,97,-199,1,11
2973,199_98,Cavity,98,-199,1,81
2974,200_100,Cavity,100,-200,1,44
2975,200_109,Neural crest,109,-200,1,29
2976,200_110,Neural crest,110,-200,1,10
2977,200_111,Neural crest,111,-200,1,10
2978,200_112,Branchial arch,112,-200,1,107
2979,200_113,Branchial arch,113,-200,1,107
2980,200_114,Branchial arch,114,-200,1,107
2981,200_115,Branchial arch,115,-200,1,107
2982,200_116,Branchial arch,116,-200,1,107
2983,200_117,Branchial arch,117,-200,1,107
2984,200_118,Branchial arch,118,-200,1,107
2985,200_119,Branchial arch,119,-200,1,107
2986,200_120,Branchial arch,120,-200,1,107
2987,200_121,Neural crest,121,-200,1,110
2988,200_122,Neural crest,122,-200,1,110
2989,200_123,Neural crest,123,-200,1,93
2990,200_124,Branchial arch,124,-200,1,67
2991,200_125,Branchial arch,125,-200,1,66
2992,200_126,Branchial arch,126,-200,1,69
2993,200_127,Branchial arch,127,-200,1,69
2994,200_128,Neural crest,128,-200,1,69
2995,200_129,Neural crest,129,-200,1,69
2996,200_130,Neural crest,130,-200,1,69
2997,200_131,Neural crest,131,-200,1,69
2998,200_132,Neural crest,132,-200,1,69
2999,200_133,Neural crest,133,-200,1,70
3000,200_134,Brain,134,-200,1,18
3001,200_135,Brain,135,-200,1,18
3002,200_136,Brain,136,-200,1,18
3003,200_137,Brain,137,-200,1,18
3004,200_138,Brain,138,-200,1,37
3005,200_139,Brain,139,-200,1,63
3006,200_140,Brain,140,-200,1,56
3007,200_141,Brain,141,-200,1,18
3008,200_142,Brain,142,-200,1,18
3009,200_143,Brain,143,-200,1,18
3010,200_144,Brain,144,-200,1,19
3011,200_145,Brain,145,-200,1,17
3012,200_146,Brain,146,-200,1,17
3013,200_147,Brain,147,-200,1,18
3014,200_148,Brain,148,-200,1,18
3015,200_149,Brain,149,-200,1,103
3016,200_150,Brain,150,-200,1,3
3017,200_151,Brain,151,-200,1,2
3018,200_152,Brain,152,-200,1,2
3019,200_153,Brain,153,-200,1,2
3020,200_154,Brain,154,-200,1,2
3021,200_155,Brain,155,-200,1,2
3022,200_156,Brain,156,-200,1,42
3023,200_83,Cavity,83,-200,1,81
3024,200_84,Cavity,84,-200,1,42
3025,200_85,Neural crest,85,-200,1,11
3026,200_86,Neural crest,86,-200,1,11
3027,200_87,Neural crest,87,-200,1,11
3028,200_88,Neural crest,88,-200,1,11
3029,200_89,Neural crest,89,-200,1,11
3030,200_90,Neural crest,90,-200,1,11
3031,200_91,Neural crest,91,-200,1,11
3032,200_92,Neural crest,92,-200,1,11
3033,200_93,Neural crest,93,-200,1,11
3034,200_94,Neural crest,94,-200,1,11
3035,200_95,Neural crest,95,-200,1,11
3036,200_96,Neural crest,96,-200,1,11
3037,200_97,Neural crest,97,-200,1,11
3038,200_98,Neural crest,98,-200,1,11
3039,200_99,Neural crest,99,-200,1,43
3040,201_100,Neural crest,100,-201,1,11
3041,201_101,Cavity,101,-201,1,45
3042,201_109,Neural crest,109,-201,1,10
3043,201_110,Neural crest,110,-201,1,10
3044,201_111,Neural crest,111,-201,1,107
3045,201_112,Branchial arch,112,-201,1,107
3046,201_113,Branchial arch,113,-201,1,107
3047,201_114,Branchial arch,114,-201,1,107
3048,201_115,Branchial arch,115,-201,1,107
3049,201_116,Branchial arch,116,-201,1,107
3050,201_117,Branchial arch,117,-201,1,107
3051,201_118,Branchial arch,118,-201,1,107
3052,201_119,Branchial arch,119,-201,1,107
3053,201_120,Neural crest,120,-201,1,107
3054,201_121,Neural crest,121,-201,1,110
3055,201_122,Neural crest,122,-201,1,10
3056,201_123,Neural crest,123,-201,1,10
3057,201_124,Branchial arch,124,-201,1,66
3058,201_125,Branchial arch,125,-201,1,69
3059,201_126,Branchial arch,126,-201,1,69
3060,201_127,Neural crest,127,-201,1,69
3061,201_128,Neural crest,128,-201,1,69
3062,201_129,Neural crest,129,-201,1,69
3063,201_130,Neural crest,130,-201,1,69
3064,201_131,Cavity,131,-201,1,44
3065,201_132,Cavity,132,-201,1,47
3066,201_133,Brain,133,-201,1,46
3067,201_134,Brain,134,-201,1,40
3068,201_135,Brain,135,-201,1,18
3069,201_136,Brain,136,-201,1,18
3070,201_137,Brain,137,-201,1,18
3071,201_138,Brain,138,-201,1,18
3072,201_139,Brain,139,-201,1,18
3073,201_140,Brain,140,-201,1,18
3074,201_141,Brain,141,-201,1,18
3075,201_142,Brain,142,-201,1,18
3076,201_143,Brain,143,-201,1,19
3077,201_144,Brain,144,-201,1,19
3078,201_145,Brain,145,-201,1,19
3079,201_146,Brain,146,-201,1,19
3080,201_147,Brain,147,-201,1,17
3081,201_148,Brain,148,-201,1,18
3082,201_149,Brain,149,-201,1,18
3083,201_150,Brain,150,-201,1,3
3084,201_151,Brain,151,-201,1,3
3085,201_152,Brain,152,-201,1,2
3086,201_153,Brain,153,-201,1,3
3087,201_154,Brain,154,-201,1,2
3088,201_155,Brain,155,-201,1,2
3089,201_156,Cavity,156,-201,1,46
3090,201_83,Cavity,83,-201,1,43
3091,201_84,Neural crest,84,-201,1,11
3092,201_85,Neural crest,85,-201,1,9
3093,201_86,Neural crest,86,-201,1,11
3094,201_87,Neural crest,87,-201,1,11
3095,201_88,Neural crest,88,-201,1,11
3096,201_89,Neural crest,89,-201,1,11
3097,201_90,Neural crest,90,-201,1,11
3098,201_91,Neural crest,91,-201,1,15
3099,201_92,Neural crest,92,-201,1,15
3100,201_93,Neural crest,93,-201,1,15
3101,201_94,Neural crest,94,-201,1,15
3102,201_95,Neural crest,95,-201,1,11
3103,201_96,Neural crest,96,-201,1,110
3104,201_97,Neural crest,97,-201,1,11
3105,201_98,Neural crest,98,-201,1,11
3106,201_99,Neural crest,99,-201,1,11
3107,202_100,Neural crest,100,-202,1,11
3108,202_101,Neural crest,101,-202,1,11
3109,202_102,Cavity,102,-202,1,43
3110,202_109,Neural crest,109,-202,1,11
3111,202_110,Neural crest,110,-202,1,110
3112,202_111,Neural crest,111,-202,1,10
3113,202_112,Branchial arch,112,-202,1,107
3114,202_113,Branchial arch,113,-202,1,107
3115,202_114,Branchial arch,114,-202,1,107
3116,202_115,Branchial arch,115,-202,1,107
3117,202_116,Branchial arch,116,-202,1,107
3118,202_117,Branchial arch,117,-202,1,107
3119,202_118,Branchial arch,118,-202,1,107
3120,202_119,Branchial arch,119,-202,1,107
3121,202_120,Neural crest,120,-202,1,110
3122,202_121,Neural crest,121,-202,1,110
3123,202_122,Neural crest,122,-202,1,10
3124,202_123,Cavity,123,-202,1,69
3125,202_124,Branchial arch,124,-202,1,69
3126,202_125,Branchial arch,125,-202,1,69
3127,202_126,Neural crest,126,-202,1,69
3128,202_127,Neural crest,127,-202,1,69
3129,202_128,Neural crest,128,-202,1,69
3130,202_129,Notochord,129,-202,1,71
3131,202_130,Notochord,130,-202,1,63
3132,202_131,Notochord,131,-202,1,21
3133,202_132,Notochord,132,-202,1,18
3134,202_133,Brain,133,-202,1,18
3135,202_134,Brain,134,-202,1,18
3136,202_135,Brain,135,-202,1,18
3137,202_136,Brain,136,-202,1,18
3138,202_137,Brain,137,-202,1,18
3139,202_138,Brain,138,-202,1,18
3140,202_139,Brain,139,-202,1,18
3141,202_140,Brain,140,-202,1,18
3142,202_141,Brain,141,-202,1,18
3143,202_142,Brain,142,-202,1,19
3144,202_143,Brain,143,-202,1,19
3145,202_144,Brain,144,-202,1,17
3146,202_145,Brain,145,-202,1,17
3147,202_146,Brain,146,-202,1,17
3148,202_147,Brain,147,-202,1,18
3149,202_148,Brain,148,-202,1,18
3150,202_149,Brain,149,-202,1,3
3151,202_150,Brain,150,-202,1,3
3152,202_151,Brain,151,-202,1,3
3153,202_152,Brain,152,-202,1,2
3154,202_153,Brain,153,-202,1,2
3155,202_154,Brain,154,-202,1,3
3156,202_155,Brain,155,-202,1,2
3157,202_156,Cavity,156,-202,1,47
3158,202_82,Cavity,82,-202,1,43
3159,202_83,Neural crest,83,-202,1,11
3160,202_84,Neural crest,84,-202,1,11
3161,202_85,Neural crest,85,-202,1,11
3162,202_86,Neural crest,86,-202,1,11
3163,202_87,Neural crest,87,-202,1,11
3164,202_88,Neural crest,88,-202,1,15
3165,202_89,Neural crest,89,-202,1,15
3166,202_90,Neural crest,90,-202,1,15
3167,202_91,Neural crest,91,-202,1,15
3168,202_92,Neural crest,92,-202,1,15
3169,202_93,Neural crest,93,-202,1,15
3170,202_94,Neural crest,94,-202,1,15
3171,202_95,Neural crest,95,-202,1,15
3172,202_96,Neural crest,96,-202,1,15
3173,202_97,Neural crest,97,-202,1,15
3174,202_98,Neural crest,98,-202,1,11
3175,202_99,Neural crest,99,-202,1,11
3176,203_100,Neural crest,100,-203,1,11
3177,203_101,Neural crest,101,-203,1,11
3178,203_102,Neural crest,102,-203,1,10
3179,203_103,Cavity,103,-203,1,45
3180,203_109,Cavity,109,-203,1,45
3181,203_110,Neural crest,110,-203,1,10
3182,203_111,Neural crest,111,-203,1,10
3183,203_112,Neural crest,112,-203,1,107
3184,203_113,Branchial arch,113,-203,1,107
3185,203_114,Branchial arch,114,-203,1,107
3186,203_115,Branchial arch,115,-203,1,107
3187,203_116,Branchial arch,116,-203,1,107
3188,203_117,Branchial arch,117,-203,1,107
3189,203_118,Branchial arch,118,-203,1,107
3190,203_119,Branchial arch,119,-203,1,107
3191,203_120,Neural crest,120,-203,1,10
3192,203_121,Neural crest,121,-203,1,10
3193,203_122,Neural crest,122,-203,1,98
3194,203_123,Neural crest,123,-203,1,39
3195,203_124,Branchial arch,124,-203,1,69
3196,203_125,Neural crest,125,-203,1,69
3197,203_126,Neural crest,126,-203,1,69
3198,203_127,Notochord,127,-203,1,69
3199,203_128,Notochord,128,-203,1,69
3200,203_129,Notochord,129,-203,1,69
3201,203_130,Notochord,130,-203,1,21
3202,203_131,Notochord,131,-203,1,21
3203,203_132,Notochord,132,-203,1,21
3204,203_133,Brain,133,-203,1,19
3205,203_134,Brain,134,-203,1,19
3206,203_135,Brain,135,-203,1,18
3207,203_136,Brain,136,-203,1,18
3208,203_137,Brain,137,-203,1,18
3209,203_138,Brain,138,-203,1,18
3210,203_139,Brain,139,-203,1,18
3211,203_140,Brain,140,-203,1,19
3212,203_141,Brain,141,-203,1,19
3213,203_142,Brain,142,-203,1,19
3214,203_143,Brain,143,-203,1,19
3215,203_144,Brain,144,-203,1,17
3216,203_145,Brain,145,-203,1,17
3217,203_146,Brain,146,-203,1,16
3218,203_147,Brain,147,-203,1,17
3219,203_148,Brain,148,-203,1,31
3220,203_149,Brain,149,-203,1,3
3221,203_150,Brain,150,-203,1,3
3222,203_151,Brain,151,-203,1,3
3223,203_152,Brain,152,-203,1,2
3224,203_153,Brain,153,-203,1,2
3225,203_154,Brain,154,-203,1,42
3226,203_155,Brain,155,-203,1,2
3227,203_81,Cavity,81,-203,1,46
3228,203_82,Neural crest,82,-203,1,9
3229,203_83,Neural crest,83,-203,1,11
3230,203_84,Neural crest,84,-203,1,9
3231,203_85,Neural crest,85,-203,1,11
3232,203_86,Neural crest,86,-203,1,9
3233,203_87,Neural crest,87,-203,1,15
3234,203_88,Neural crest,88,-203,1,15
3235,203_89,Neural crest,89,-203,1,15
3236,203_90,Neural crest,90,-203,1,15
3237,203_91,Neural crest,91,-203,1,15
3238,203_92,Neural crest,92,-203,1,15
3239,203_93,Neural crest,93,-203,1,15
3240,203_94,Neural crest,94,-203,1,15
3241,203_95,Neural crest,95,-203,1,14
3242,203_96,Neural crest,96,-203,1,15
3243,203_97,Neural crest,97,-203,1,14
3244,203_98,Neural crest,98,-203,1,14
3245,203_99,Neural crest,99,-203,1,14
3246,204_100,Neural crest,100,-204,1,14
3247,204_101,Neural crest,101,-204,1,10
3248,204_102,Neural crest,102,-204,1,11
3249,204_103,Neural crest,103,-204,1,10
3250,204_104,Cavity,104,-204,1,80
3251,204_110,Cavity,110,-204,1,43
3252,204_111,Neural crest,111,-204,1,10
3253,204_112,Neural crest,112,-204,1,10
3254,204_113,Neural crest,113,-204,1,107
3255,204_114,Branchial arch,114,-204,1,14
3256,204_115,Branchial arch,115,-204,1,107
3257,204_116,Branchial arch,116,-204,1,107
3258,204_117,Branchial arch,117,-204,1,107
3259,204_118,Branchial arch,118,-204,1,107
3260,204_119,Neural crest,119,-204,1,10
3261,204_120,Neural crest,120,-204,1,10
3262,204_121,Neural crest,121,-204,1,69
3263,204_122,Branchial arch,122,-204,1,69
3264,204_123,Neural crest,123,-204,1,62
3265,204_124,Neural crest,124,-204,1,69
3266,204_125,Notochord,125,-204,1,69
3267,204_126,Notochord,126,-204,1,69
3268,204_127,Notochord,127,-204,1,69
3269,204_128,Notochord,128,-204,1,21
3270,204_129,Notochord,129,-204,1,21
3271,204_130,Notochord,130,-204,1,21
3272,204_131,Notochord,131,-204,1,21
3273,204_132,Notochord,132,-204,1,21
3274,204_133,Notochord,133,-204,1,18
3275,204_134,Brain,134,-204,1,18
3276,204_135,Brain,135,-204,1,18
3277,204_136,Brain,136,-204,1,18
3278,204_137,Brain,137,-204,1,19
3279,204_138,Brain,138,-204,1,18
3280,204_139,Brain,139,-204,1,19
3281,204_140,Brain,140,-204,1,19
3282,204_141,Brain,141,-204,1,19
3283,204_142,Brain,142,-204,1,19
3284,204_143,Brain,143,-204,1,17
3285,204_144,Brain,144,-204,1,17
3286,204_145,Brain,145,-204,1,16
3287,204_146,Brain,146,-204,1,17
3288,204_147,Brain,147,-204,1,17
3289,204_148,Brain,148,-204,1,3
3290,204_149,Brain,149,-204,1,3
3291,204_150,Brain,150,-204,1,3
3292,204_151,Brain,151,-204,1,3
3293,204_152,Brain,152,-204,1,2
3294,204_153,Brain,153,-204,1,2
3295,204_154,Brain,154,-204,1,2
3296,204_155,Cavity,155,-204,1,43
3297,204_80,Cavity,80,-204,1,81
3298,204_81,Neural crest,81,-204,1,11
3299,204_82,Neural crest,82,-204,1,9
3300,204_83,Neural crest,83,-204,1,9
3301,204_84,Neural crest,84,-204,1,9
3302,204_85,Neural crest,85,-204,1,15
3303,204_86,Neural crest,86,-204,1,15
3304,204_87,Neural crest,87,-204,1,15
3305,204_88,Neural crest,88,-204,1,15
3306,204_89,Neural crest,89,-204,1,15
3307,204_90,Neural crest,90,-204,1,15
3308,204_91,Neural crest,91,-204,1,15
3309,204_92,Neural crest,92,-204,1,15
3310,204_93,Neural crest,93,-204,1,15
3311,204_94,Neural crest,94,-204,1,15
3312,204_95,Neural crest,95,-204,1,15
3313,204_96,Neural crest,96,-204,1,15
3314,204_97,Neural crest,97,-204,1,15
3315,204_98,Neural crest,98,-204,1,14
3316,204_99,Neural crest,99,-204,1,15
3317,205_100,Neural crest,100,-205,1,14
3318,205_101,Neural crest,101,-205,1,14
3319,205_102,Neural crest,102,-205,1,12
3320,205_103,Neural crest,103,-205,1,11
3321,205_104,Neural crest,104,-205,1,11
3322,205_105,Cavity,105,-205,1,45
3323,205_111,Neural crest,111,-205,1,10
3324,205_112,Neural crest,112,-205,1,10
3325,205_113,Neural crest,113,-205,1,10
3326,205_114,Neural crest,114,-205,1,110
3327,205_115,Neural crest,115,-205,1,107
3328,205_116,Branchial arch,116,-205,1,107
3329,205_117,Branchial arch,117,-205,1,107
3330,205_118,Neural crest,118,-205,1,10
3331,205_119,Neural crest,119,-205,1,10
3332,205_120,Neural crest,120,-205,1,29
3333,205_121,Branchial arch,121,-205,1,69
3334,205_122,Branchial arch,122,-205,1,62
3335,205_123,Neural crest,123,-205,1,40
3336,205_124,Notochord,124,-205,1,69
3337,205_125,Notochord,125,-205,1,69
3338,205_126,Notochord,126,-205,1,63
3339,205_127,Notochord,127,-205,1,63
3340,205_128,Notochord,128,-205,1,21
3341,205_129,Notochord,129,-205,1,19
3342,205_130,Notochord,130,-205,1,21
3343,205_131,Notochord,131,-205,1,19
3344,205_132,Notochord,132,-205,1,19
3345,205_133,Brain,133,-205,1,19
3346,205_134,Brain,134,-205,1,19
3347,205_135,Brain,135,-205,1,19
3348,205_136,Brain,136,-205,1,18
3349,205_137,Brain,137,-205,1,18
3350,205_138,Brain,138,-205,1,19
3351,205_139,Brain,139,-205,1,18
3352,205_140,Brain,140,-205,1,19
3353,205_141,Brain,141,-205,1,19
3354,205_142,Brain,142,-205,1,19
3355,205_143,Brain,143,-205,1,17
3356,205_144,Brain,144,-205,1,17
3357,205_145,Brain,145,-205,1,17
3358,205_146,Brain,146,-205,1,18
3359,205_147,Brain,147,-205,1,31
3360,205_148,Brain,148,-205,1,3
3361,205_149,Brain,149,-205,1,3
3362,205_150,Brain,150,-205,1,3
3363,205_151,Brain,151,-205,1,3
3364,205_152,Brain,152,-205,1,3
3365,205_153,Brain,153,-205,1,2
3366,205_154,Brain,154,-205,1,2
3367,205_155,Cavity,155,-205,1,46
3368,205_80,Neural crest,80,-205,1,9
3369,205_81,Neural crest,81,-205,1,9
3370,205_82,Neural crest,82,-205,1,9
3371,205_83,Neural crest,83,-205,1,9
3372,205_84,Neural crest,84,-205,1,12
3373,205_85,Neural crest,85,-205,1,15
3374,205_86,Neural crest,86,-205,1,15
3375,205_87,Neural crest,87,-205,1,15
3376,205_88,Neural crest,88,-205,1,14
3377,205_89,Neural crest,89,-205,1,15
3378,205_90,Neural crest,90,-205,1,15
3379,205_91,Neural crest,91,-205,1,15
3380,205_92,Neural crest,92,-205,1,15
3381,205_93,Neural crest,93,-205,1,14
3382,205_94,Neural crest,94,-205,1,15
3383,205_95,Neural crest,95,-205,1,15
3384,205_96,Neural crest,96,-205,1,14
3385,205_97,Neural crest,97,-205,1,15
3386,205_98,Neural crest,98,-205,1,14
3387,205_99,Neural crest,99,-205,1,14
3388,206_100,Neural crest,100,-206,1,14
3389,206_101,Neural crest,101,-206,1,14
3390,206_102,Neural crest,102,-206,1,14
3391,206_103,Neural crest,103,-206,1,29
3392,206_104,Neural crest,104,-206,1,10
3393,206_105,Neural crest,105,-206,1,10
3394,206_106,Cavity,106,-206,1,45
3395,206_111,Cavity,111,-206,1,43
3396,206_112,Neural crest,112,-206,1,10
3397,206_113,Neural crest,113,-206,1,10
3398,206_114,Neural crest,114,-206,1,10
3399,206_115,Neural crest,115,-206,1,10
3400,206_116,Neural crest,116,-206,1,10
3401,206_117,Neural crest,117,-206,1,10
3402,206_118,Neural crest,118,-206,1,10
3403,206_119,Neural crest,119,-206,1,10
3404,206_120,Branchial arch,120,-206,1,62
3405,206_121,Branchial arch,121,-206,1,62
3406,206_122,Neural crest,122,-206,1,69
3407,206_123,Neural crest,123,-206,1,62
3408,206_124,Notochord,124,-206,1,69
3409,206_125,Notochord,125,-206,1,56
3410,206_126,Notochord,126,-206,1,23
3411,206_127,Notochord,127,-206,1,21
3412,206_128,Notochord,128,-206,1,21
3413,206_129,Notochord,129,-206,1,19
3414,206_130,Brain,130,-206,1,21
3415,206_131,Brain,131,-206,1,19
3416,206_132,Notochord,132,-206,1,19
3417,206_133,Brain,133,-206,1,19
3418,206_134,Brain,134,-206,1,19
3419,206_135,Brain,135,-206,1,18
3420,206_136,Brain,136,-206,1,18
3421,206_137,Brain,137,-206,1,18
3422,206_138,Brain,138,-206,1,19
3423,206_139,Brain,139,-206,1,18
3424,206_140,Brain,140,-206,1,17
3425,206_141,Brain,141,-206,1,19
3426,206_142,Brain,142,-206,1,17
3427,206_143,Brain,143,-206,1,17
3428,206_144,Brain,144,-206,1,17
3429,206_145,Brain,145,-206,1,16
3430,206_146,Brain,146,-206,1,18
3431,206_147,Brain,147,-206,1,3
3432,206_148,Brain,148,-206,1,3
3433,206_149,Brain,149,-206,1,2
3434,206_150,Brain,150,-206,1,3
3435,206_151,Brain,151,-206,1,2
3436,206_152,Brain,152,-206,1,2
3437,206_153,Brain,153,-206,1,3
3438,206_154,Cavity,154,-206,1,46
3439,206_79,Cavity,79,-206,1,45
3440,206_80,Neural crest,80,-206,1,9
3441,206_81,Neural crest,81,-206,1,11
3442,206_82,Neural crest,82,-206,1,9
3443,206_83,Neural crest,83,-206,1,9
3444,206_84,Neural crest,84,-206,1,15
3445,206_85,Neural crest,85,-206,1,15
3446,206_86,Neural crest,86,-206,1,15
3447,206_87,Neural crest,87,-206,1,15
3448,206_88,Neural crest,88,-206,1,14
3449,206_89,Neural crest,89,-206,1,14
3450,206_90,Neural crest,90,-206,1,28
3451,206_91,Neural crest,91,-206,1,14
3452,206_92,Neural crest,92,-206,1,14
3453,206_93,Neural crest,93,-206,1,29
3454,206_94,Neural crest,94,-206,1,14
3455,206_95,Neural crest,95,-206,1,15
3456,206_96,Neural crest,96,-206,1,15
3457,206_97,Neural crest,97,-206,1,14
3458,206_98,Neural crest,98,-206,1,14
3459,206_99,Neural crest,99,-206,1,14
3460,207_100,Neural crest,100,-207,1,14
3461,207_101,Neural crest,101,-207,1,14
3462,207_102,Neural crest,102,-207,1,14
3463,207_103,Neural crest,103,-207,1,15
3464,207_104,Neural crest,104,-207,1,29
3465,207_105,Neural crest,105,-207,1,10
3466,207_106,Neural crest,106,-207,1,10
3467,207_107,Cavity,107,-207,1,43
3468,207_111,Cavity,111,-207,1,91
3469,207_112,Neural crest,112,-207,1,10
3470,207_113,Neural crest,113,-207,1,10
3471,207_114,Neural crest,114,-207,1,10
3472,207_115,Neural crest,115,-207,1,10
3473,207_116,Neural crest,116,-207,1,29
3474,207_117,Neural crest,117,-207,1,10
3475,207_118,Neural crest,118,-207,1,62
3476,207_119,Branchial arch,119,-207,1,69
3477,207_120,Branchial arch,120,-207,1,62
3478,207_121,Notochord,121,-207,1,56
3479,207_122,Notochord,122,-207,1,56
3480,207_123,Neural crest,123,-207,1,38
3481,207_124,Notochord,124,-207,1,21
3482,207_125,Notochord,125,-207,1,21
3483,207_126,Notochord,126,-207,1,21
3484,207_127,Notochord,127,-207,1,21
3485,207_128,Notochord,128,-207,1,21
3486,207_129,Brain,129,-207,1,21
3487,207_130,Notochord,130,-207,1,19
3488,207_131,Brain,131,-207,1,18
3489,207_132,Brain,132,-207,1,19
3490,207_133,Brain,133,-207,1,19
3491,207_134,Brain,134,-207,1,19
3492,207_135,Brain,135,-207,1,19
3493,207_136,Brain,136,-207,1,18
3494,207_137,Brain,137,-207,1,17
3495,207_138,Brain,138,-207,1,19
3496,207_139,Brain,139,-207,1,19
3497,207_140,Brain,140,-207,1,19
3498,207_141,Brain,141,-207,1,17
3499,207_142,Brain,142,-207,1,17
3500,207_143,Brain,143,-207,1,16
3501,207_144,Brain,144,-207,1,17
3502,207_145,Brain,145,-207,1,17
3503,207_146,Brain,146,-207,1,3
3504,207_147,Brain,147,-207,1,17
3505,207_148,Brain,148,-207,1,3
3506,207_149,Brain,149,-207,1,3
3507,207_150,Brain,150,-207,1,3
3508,207_151,Brain,151,-207,1,3
3509,207_152,Brain,152,-207,1,3
3510,207_153,Brain,153,-207,1,3
3511,207_154,Cavity,154,-207,1,81
3512,207_79,Neural crest,79,-207,1,9
3513,207_80,Neural crest,80,-207,1,9
3514,207_81,Neural crest,81,-207,1,11
3515,207_82,Neural crest,82,-207,1,11
3516,207_83,Neural crest,83,-207,1,15
3517,207_84,Neural crest,84,-207,1,15
3518,207_85,Neural crest,85,-207,1,15
3519,207_86,Neural crest,86,-207,1,15
3520,207_87,Neural crest,87,-207,1,15
3521,207_88,Neural crest,88,-207,1,12
3522,207_89,Neural crest,89,-207,1,15
3523,207_90,Neural crest,90,-207,1,14
3524,207_91,Neural crest,91,-207,1,14
3525,207_92,Neural crest,92,-207,1,15
3526,207_93,Neural crest,93,-207,1,14
3527,207_94,Neural crest,94,-207,1,14
3528,207_95,Neural crest,95,-207,1,29
3529,207_96,Neural crest,96,-207,1,14
3530,207_97,Neural crest,97,-207,1,14
3531,207_98,Neural crest,98,-207,1,14
3532,207_99,Neural crest,99,-207,1,14
3533,208_100,Neural crest,100,-208,1,14
3534,208_101,Brain,101,-208,1,27
3535,208_102,Brain,102,-208,1,29
3536,208_103,Neural crest,103,-208,1,14
3537,208_104,Neural crest,104,-208,1,29
3538,208_105,Neural crest,105,-208,1,14
3539,208_106,Branchial arch,106,-208,1,29
3540,208_107,Neural crest,107,-208,1,10
3541,208_108,Neural crest,108,-208,1,10
3542,208_109,Cavity,109,-208,1,43
3543,208_110,Cavity,110,-208,1,40
3544,208_111,Neural crest,111,-208,1,42
3545,208_112,Neural crest,112,-208,1,10
3546,208_113,Neural crest,113,-208,1,10
3547,208_114,Neural crest,114,-208,1,10
3548,208_115,Neural crest,115,-208,1,29
3549,208_116,Neural crest,116,-208,1,93
3550,208_117,Neural crest,117,-208,1,62
3551,208_118,Neural crest,118,-208,1,63
3552,208_119,Neural crest,119,-208,1,63
3553,208_120,Notochord,120,-208,1,10
3554,208_121,Notochord,121,-208,1,71
3555,208_122,Notochord,122,-208,1,71
3556,208_123,Notochord,123,-208,1,38
3557,208_124,Notochord,124,-208,1,21
3558,208_125,Notochord,125,-208,1,21
3559,208_126,Notochord,126,-208,1,21
3560,208_127,Notochord,127,-208,1,21
3561,208_128,Notochord,128,-208,1,19
3562,208_129,Brain,129,-208,1,19
3563,208_130,Brain,130,-208,1,19
3564,208_131,Brain,131,-208,1,19
3565,208_132,Brain,132,-208,1,18
3566,208_133,Brain,133,-208,1,19
3567,208_134,Brain,134,-208,1,19
3568,208_135,Brain,135,-208,1,19
3569,208_136,Brain,136,-208,1,19
3570,208_137,Brain,137,-208,1,17
3571,208_138,Brain,138,-208,1,16
3572,208_139,Brain,139,-208,1,17
3573,208_140,Brain,140,-208,1,17
3574,208_141,Brain,141,-208,1,19
3575,208_142,Brain,142,-208,1,17
3576,208_143,Brain,143,-208,1,17
3577,208_144,Brain,144,-208,1,17
3578,208_145,Brain,145,-208,1,17
3579,208_146,Brain,146,-208,1,18
3580,208_147,Brain,147,-208,1,17
3581,208_148,Brain,148,-208,1,17
3582,208_149,Brain,149,-208,1,17
3583,208_150,Brain,150,-208,1,16
3584,208_151,Brain,151,-208,1,17
3585,208_152,Brain,152,-208,1,3
3586,208_153,Brain,153,-208,1,3
3587,208_78,Cavity,78,-208,1,44
3588,208_79,Brain,79,-208,1,9
3589,208_80,Brain,80,-208,1,9
3590,208_81,Neural crest,81,-208,1,9
3591,208_82,Neural crest,82,-208,1,9
3592,208_83,Neural crest,83,-208,1,12
3593,208_84,Neural crest,84,-208,1,12
3594,208_85,Neural crest,85,-208,1,12
3595,208_86,Neural crest,86,-208,1,15
3596,208_87,Neural crest,87,-208,1,15
3597,208_88,Neural crest,88,-208,1,12
3598,208_89,Brain,89,-208,1,12
3599,208_90,Brain,90,-208,1,26
3600,208_91,Brain,91,-208,1,27
3601,208_92,Brain,92,-208,1,13
3602,208_93,Brain,93,-208,1,26
3603,208_94,Neural crest,94,-208,1,14
3604,208_95,Neural crest,95,-208,1,14
3605,208_96,Neural crest,96,-208,1,29
3606,208_97,Neural crest,97,-208,1,29
3607,208_98,Neural crest,98,-208,1,14
3608,208_99,Neural crest,99,-208,1,12
3609,209_100,Brain,100,-209,1,29
3610,209_101,Brain,101,-209,1,13
3611,209_102,Brain,102,-209,1,107
3612,209_103,Brain,103,-209,1,28
3613,209_104,Brain,104,-209,1,63
3614,209_105,Neural crest,105,-209,1,29
3615,209_106,Branchial arch,106,-209,1,29
3616,209_107,Branchial arch,107,-209,1,29
3617,209_108,Branchial arch,108,-209,1,29
3618,209_109,Neural crest,109,-209,1,10
3619,209_110,Neural crest,110,-209,1,10
3620,209_111,Neural crest,111,-209,1,10
3621,209_112,Neural crest,112,-209,1,10
3622,209_113,Neural crest,113,-209,1,10
3623,209_114,Neural crest,114,-209,1,10
3624,209_115,Neural crest,115,-209,1,10
3625,209_116,Neural crest,116,-209,1,62
3626,209_117,Neural crest,117,-209,1,62
3627,209_118,Neural crest,118,-209,1,63
3628,209_119,Neural crest,119,-209,1,63
3629,209_120,Notochord,120,-209,1,56
3630,209_121,Notochord,121,-209,1,56
3631,209_122,Notochord,122,-209,1,23
3632,209_123,Notochord,123,-209,1,39
3633,209_124,Notochord,124,-209,1,21
3634,209_125,Notochord,125,-209,1,21
3635,209_126,Notochord,126,-209,1,21
3636,209_127,Notochord,127,-209,1,21
3637,209_128,Notochord,128,-209,1,19
3638,209_129,Brain,129,-209,1,19
3639,209_130,Brain,130,-209,1,19
3640,209_131,Brain,131,-209,1,19
3641,209_132,Brain,132,-209,1,18
3642,209_133,Brain,133,-209,1,18
3643,209_134,Brain,134,-209,1,19
3644,209_135,Brain,135,-209,1,19
3645,209_136,Brain,136,-209,1,19
3646,209_137,Brain,137,-209,1,19
3647,209_138,Brain,138,-209,1,17
3648,209_139,Brain,139,-209,1,17
3649,209_140,Brain,140,-209,1,17
3650,209_141,Brain,141,-209,1,17
3651,209_142,Brain,142,-209,1,17
3652,209_143,Brain,143,-209,1,17
3653,209_144,Brain,144,-209,1,17
3654,209_145,Brain,145,-209,1,17
3655,209_146,Brain,146,-209,1,17
3656,209_147,Brain,147,-209,1,17
3657,209_148,Brain,148,-209,1,16
3658,209_149,Brain,149,-209,1,19
3659,209_150,Brain,150,-209,1,16
3660,209_151,Brain,151,-209,1,41
3661,209_152,Brain,152,-209,1,3
3662,209_153,Brain,153,-209,1,43
3663,209_78,Cavity,78,-209,1,43
3664,209_79,Brain,79,-209,1,8
3665,209_80,Neural crest,80,-209,1,8
3666,209_81,Neural crest,81,-209,1,9
3667,209_82,Neural crest,82,-209,1,12
3668,209_83,Neural crest,83,-209,1,12
3669,209_84,Brain,84,-209,1,12
3670,209_85,Neural crest,85,-209,1,12
3671,209_86,Brain,86,-209,1,27
3672,209_87,Brain,87,-209,1,27
3673,209_88,Brain,88,-209,1,27
3674,209_89,Brain,89,-209,1,27
3675,209_90,Brain,90,-209,1,13
3676,209_91,Brain,91,-209,1,27
3677,209_92,Brain,92,-209,1,0
3678,209_93,Brain,93,-209,1,26
3679,209_94,Brain,94,-209,1,26
3680,209_95,Brain,95,-209,1,14
3681,209_96,Neural crest,96,-209,1,28
3682,209_97,Cavity,97,-209,1,57
3683,209_98,Neural crest,98,-209,1,28
3684,209_99,Neural crest,99,-209,1,12
3685,210_100,Brain,100,-210,1,26
3686,210_101,Brain,101,-210,1,26
3687,210_102,Brain,102,-210,1,26
3688,210_103,Brain,103,-210,1,28
3689,210_104,Brain,104,-210,1,29
3690,210_105,Neural crest,105,-210,1,29
3691,210_106,Neural crest,106,-210,1,29
3692,210_107,Neural crest,107,-210,1,29
3693,210_108,Sclerotome,108,-210,1,29
3694,210_109,Branchial arch,109,-210,1,101
3695,210_110,Branchial arch,110,-210,1,67
3696,210_111,Neural crest,111,-210,1,29
3697,210_112,Neural crest,112,-210,1,10
3698,210_113,Neural crest,113,-210,1,10
3699,210_114,Neural crest,114,-210,1,42
3700,210_115,Neural crest,115,-210,1,62
3701,210_116,Neural crest,116,-210,1,63
3702,210_117,Neural crest,117,-210,1,63
3703,210_118,Notochord,118,-210,1,56
3704,210_119,Notochord,119,-210,1,60
3705,210_120,Notochord,120,-210,1,103
3706,210_121,Notochord,121,-210,1,23
3707,210_122,Notochord,122,-210,1,21
3708,210_123,Notochord,123,-210,1,21
3709,210_124,Notochord,124,-210,1,21
3710,210_125,Notochord,125,-210,1,19
3711,210_126,Notochord,126,-210,1,21
3712,210_127,Notochord,127,-210,1,21
3713,210_128,Notochord,128,-210,1,19
3714,210_129,Brain,129,-210,1,16
3715,210_130,Brain,130,-210,1,27
3716,210_131,Brain,131,-210,1,19
3717,210_132,Brain,132,-210,1,19
3718,210_133,Brain,133,-210,1,18
3719,210_134,Brain,134,-210,1,19
3720,210_135,Brain,135,-210,1,19
3721,210_136,Brain,136,-210,1,19
3722,210_137,Brain,137,-210,1,19
3723,210_138,Brain,138,-210,1,17
3724,210_139,Brain,139,-210,1,17
3725,210_140,Brain,140,-210,1,17
3726,210_141,Brain,141,-210,1,17
3727,210_142,Brain,142,-210,1,17
3728,210_143,Brain,143,-210,1,17
3729,210_144,Brain,144,-210,1,17
3730,210_145,Brain,145,-210,1,17
3731,210_146,Brain,146,-210,1,17
3732,210_147,Brain,147,-210,1,3
3733,210_148,Brain,148,-210,1,17
3734,210_149,Brain,149,-210,1,17
3735,210_150,Brain,150,-210,1,17
3736,210_151,Brain,151,-210,1,3
3737,210_152,Brain,152,-210,1,2
3738,210_78,Brain,78,-210,1,9
3739,210_79,Brain,79,-210,1,9
3740,210_80,Neural crest,80,-210,1,9
3741,210_81,Neural crest,81,-210,1,9
3742,210_82,Brain,82,-210,1,12
3743,210_83,Brain,83,-210,1,27
3744,210_84,Brain,84,-210,1,27
3745,210_85,Brain,85,-210,1,27
3746,210_86,Brain,86,-210,1,27
3747,210_87,Brain,87,-210,1,27
3748,210_88,Brain,88,-210,1,27
3749,210_89,Brain,89,-210,1,27
3750,210_90,Brain,90,-210,1,27
3751,210_91,Brain,91,-210,1,27
3752,210_92,Brain,92,-210,1,27
3753,210_93,Brain,93,-210,1,27
3754,210_94,Brain,94,-210,1,27
3755,210_95,Brain,95,-210,1,27
3756,210_96,Neural crest,96,-210,1,29
3757,210_97,Cavity,97,-210,1,57
3758,210_98,Neural crest,98,-210,1,29
3759,210_99,Brain,99,-210,1,12
3760,211_100,Brain,100,-211,1,26
3761,211_101,Brain,101,-211,1,26
3762,211_102,Brain,102,-211,1,26
3763,211_103,Brain,103,-211,1,12
3764,211_104,Brain,104,-211,1,29
3765,211_105,Neural crest,105,-211,1,29
3766,211_106,Neural crest,106,-211,1,56
3767,211_107,Neural crest,107,-211,1,31
3768,211_108,Neural crest,108,-211,1,56
3769,211_109,Branchial arch,109,-211,1,29
3770,211_110,Neural crest,110,-211,1,10
3771,211_111,Neural crest,111,-211,1,62
3772,211_112,Branchial arch,112,-211,1,62
3773,211_113,Neural crest,113,-211,1,62
3774,211_114,Neural crest,114,-211,1,62
3775,211_115,Neural crest,115,-211,1,62
3776,211_116,Neural crest,116,-211,1,63
3777,211_117,Neural crest,117,-211,1,62
3778,211_118,Notochord,118,-211,1,62
3779,211_119,Notochord,119,-211,1,69
3780,211_120,Notochord,120,-211,1,56
3781,211_121,Notochord,121,-211,1,21
3782,211_122,Notochord,122,-211,1,21
3783,211_123,Notochord,123,-211,1,19
3784,211_124,Notochord,124,-211,1,21
3785,211_125,Notochord,125,-211,1,21
3786,211_126,Notochord,126,-211,1,21
3787,211_127,Notochord,127,-211,1,21
3788,211_128,Brain,128,-211,1,19
3789,211_129,Brain,129,-211,1,19
3790,211_130,Brain,130,-211,1,19
3791,211_131,Brain,131,-211,1,19
3792,211_132,Brain,132,-211,1,21
3793,211_133,Brain,133,-211,1,19
3794,211_134,Brain,134,-211,1,19
3795,211_135,Brain,135,-211,1,19
3796,211_136,Brain,136,-211,1,19
3797,211_137,Brain,137,-211,1,17
3798,211_138,Brain,138,-211,1,17
3799,211_139,Brain,139,-211,1,17
3800,211_140,Brain,140,-211,1,17
3801,211_141,Brain,141,-211,1,17
3802,211_142,Brain,142,-211,1,17
3803,211_143,Brain,143,-211,1,17
3804,211_144,Brain,144,-211,1,16
3805,211_145,Brain,145,-211,1,17
3806,211_146,Brain,146,-211,1,16
3807,211_147,Brain,147,-211,1,16
3808,211_148,Brain,148,-211,1,16
3809,211_149,Brain,149,-211,1,3
3810,211_150,Brain,150,-211,1,3
3811,211_151,Brain,151,-211,1,3
3812,211_152,Cavity,152,-211,1,45
3813,211_77,Cavity,77,-211,1,45
3814,211_78,Brain,78,-211,1,9
3815,211_79,Brain,79,-211,1,9
3816,211_80,Neural crest,80,-211,1,9
3817,211_81,Neural crest,81,-211,1,12
3818,211_82,Brain,82,-211,1,27
3819,211_83,Brain,83,-211,1,27
3820,211_84,Brain,84,-211,1,27
3821,211_85,Brain,85,-211,1,27
3822,211_86,Brain,86,-211,1,27
3823,211_87,Brain,87,-211,1,27
3824,211_88,Brain,88,-211,1,27
3825,211_89,Brain,89,-211,1,27
3826,211_90,Brain,90,-211,1,27
3827,211_91,Brain,91,-211,1,0
3828,211_92,Brain,92,-211,1,27
3829,211_93,Brain,93,-211,1,27
3830,211_94,Brain,94,-211,1,27
3831,211_95,Brain,95,-211,1,27
3832,211_96,Brain,96,-211,1,28
3833,211_97,Neural crest,97,-211,1,29
3834,211_98,Brain,98,-211,1,29
3835,211_99,Brain,99,-211,1,12
3836,212_100,Brain,100,-212,1,28
3837,212_101,Brain,101,-212,1,26
3838,212_102,Brain,102,-212,1,26
3839,212_103,Brain,103,-212,1,29
3840,212_104,Brain,104,-212,1,29
3841,212_105,Neural crest,105,-212,1,29
3842,212_106,Neural crest,106,-212,1,29
3843,212_107,Neural crest,107,-212,1,56
3844,212_108,Neural crest,108,-212,1,63
3845,212_109,Neural crest,109,-212,1,63
3846,212_110,Neural crest,110,-212,1,62
3847,212_111,Neural crest,111,-212,1,62
3848,212_112,Neural crest,112,-212,1,62
3849,212_113,Neural crest,113,-212,1,62
3850,212_114,Neural crest,114,-212,1,61
3851,212_115,Neural crest,115,-212,1,62
3852,212_116,Neural crest,116,-212,1,62
3853,212_117,Neural crest,117,-212,1,62
3854,212_118,Notochord,118,-212,1,63
3855,212_119,Notochord,119,-212,1,70
3856,212_120,Notochord,120,-212,1,21
3857,212_121,Notochord,121,-212,1,21
3858,212_122,Notochord,122,-212,1,21
3859,212_123,Notochord,123,-212,1,21
3860,212_124,Notochord,124,-212,1,22
3861,212_125,Notochord,125,-212,1,21
3862,212_126,Notochord,126,-212,1,21
3863,212_127,Brain,127,-212,1,19
3864,212_128,Brain,128,-212,1,19
3865,212_129,Brain,129,-212,1,19
3866,212_130,Brain,130,-212,1,26
3867,212_131,Brain,131,-212,1,19
3868,212_132,Brain,132,-212,1,19
3869,212_133,Brain,133,-212,1,19
3870,212_134,Brain,134,-212,1,17
3871,212_135,Brain,135,-212,1,17
3872,212_136,Brain,136,-212,1,19
3873,212_137,Brain,137,-212,1,17
3874,212_138,Brain,138,-212,1,16
3875,212_139,Brain,139,-212,1,17
3876,212_140,Brain,140,-212,1,17
3877,212_141,Brain,141,-212,1,17
3878,212_142,Brain,142,-212,1,16
3879,212_143,Brain,143,-212,1,17
3880,212_144,Brain,144,-212,1,17
3881,212_145,Brain,145,-212,1,17
3882,212_146,Brain,146,-212,1,16
3883,212_147,Brain,147,-212,1,3
3884,212_148,Brain,148,-212,1,16
3885,212_149,Brain,149,-212,1,3
3886,212_150,Brain,150,-212,1,3
3887,212_151,Cavity,151,-212,1,40
3888,212_77,Cavity,77,-212,1,43
3889,212_78,Brain,78,-212,1,8
3890,212_79,Brain,79,-212,1,8
3891,212_80,Brain,80,-212,1,9
3892,212_81,Brain,81,-212,1,12
3893,212_82,Brain,82,-212,1,27
3894,212_83,Brain,83,-212,1,27
3895,212_84,Brain,84,-212,1,27
3896,212_85,Brain,85,-212,1,27
3897,212_86,Brain,86,-212,1,27
3898,212_87,Brain,87,-212,1,27
3899,212_88,Brain,88,-212,1,27
3900,212_89,Brain,89,-212,1,27
3901,212_90,Brain,90,-212,1,27
3902,212_91,Brain,91,-212,1,27
3903,212_92,Brain,92,-212,1,27
3904,212_93,Brain,93,-212,1,27
3905,212_94,Brain,94,-212,1,27
3906,212_95,Brain,95,-212,1,27
3907,212_96,Brain,96,-212,1,26
3908,212_97,Brain,97,-212,1,28
3909,212_98,Brain,98,-212,1,28
3910,212_99,Brain,99,-212,1,26
3911,213_100,Brain,100,-213,1,26
3912,213_101,Brain,101,-213,1,26
3913,213_102,Brain,102,-213,1,26
3914,213_103,Brain,103,-213,1,104
3915,213_104,Neural crest,104,-213,1,29
3916,213_105,Neural crest,105,-213,1,57
3917,213_106,Cavity,106,-213,1,57
3918,213_107,Cavity,107,-213,1,78
3919,213_108,Neural crest,108,-213,1,57
3920,213_109,Neural crest,109,-213,1,63
3921,213_110,Neural crest,110,-213,1,62
3922,213_111,Neural crest,111,-213,1,62
3923,213_112,Neural crest,112,-213,1,62
3924,213_113,Neural crest,113,-213,1,10
3925,213_114,Neural crest,114,-213,1,62
3926,213_115,Neural crest,115,-213,1,62
3927,213_116,Neural crest,116,-213,1,61
3928,213_117,Neural crest,117,-213,1,62
3929,213_118,Notochord,118,-213,1,62
3930,213_119,Notochord,119,-213,1,63
3931,213_120,Notochord,120,-213,1,21
3932,213_121,Notochord,121,-213,1,21
3933,213_122,Notochord,122,-213,1,21
3934,213_123,Notochord,123,-213,1,20
3935,213_124,Notochord,124,-213,1,21
3936,213_125,Brain,125,-213,1,21
3937,213_126,Brain,126,-213,1,21
3938,213_127,Brain,127,-213,1,21
3939,213_128,Brain,128,-213,1,21
3940,213_129,Brain,129,-213,1,19
3941,213_130,Brain,130,-213,1,18
3942,213_131,Brain,131,-213,1,19
3943,213_132,Brain,132,-213,1,19
3944,213_133,Brain,133,-213,1,17
3945,213_134,Brain,134,-213,1,16
3946,213_135,Brain,135,-213,1,19
3947,213_136,Brain,136,-213,1,16
3948,213_137,Brain,137,-213,1,16
3949,213_138,Brain,138,-213,1,16
3950,213_139,Brain,139,-213,1,17
3951,213_140,Brain,140,-213,1,17
3952,213_141,Brain,141,-213,1,17
3953,213_142,Brain,142,-213,1,17
3954,213_143,Brain,143,-213,1,16
3955,213_144,Brain,144,-213,1,16
3956,213_145,Brain,145,-213,1,16
3957,213_146,Brain,146,-213,1,16
3958,213_147,Brain,147,-213,1,17
3959,213_148,Brain,148,-213,1,17
3960,213_149,Brain,149,-213,1,17
3961,213_150,Brain,150,-213,1,41
3962,213_77,Cavity,77,-213,1,9
3963,213_78,Brain,78,-213,1,9
3964,213_79,Brain,79,-213,1,9
3965,213_80,Brain,80,-213,1,12
3966,213_81,Brain,81,-213,1,27
3967,213_82,Brain,82,-213,1,27
3968,213_83,Brain,83,-213,1,27
3969,213_84,Brain,84,-213,1,26
3970,213_85,Brain,85,-213,1,27
3971,213_86,Brain,86,-213,1,27
3972,213_87,Brain,87,-213,1,27
3973,213_88,Brain,88,-213,1,27
3974,213_89,Brain,89,-213,1,26
3975,213_90,Brain,90,-213,1,27
3976,213_91,Brain,91,-213,1,27
3977,213_92,Brain,92,-213,1,13
3978,213_93,Brain,93,-213,1,27
3979,213_94,Brain,94,-213,1,13
3980,213_95,Brain,95,-213,1,13
3981,213_96,Brain,96,-213,1,26
3982,213_97,Brain,97,-213,1,26
3983,213_98,Brain,98,-213,1,26
3984,213_99,Brain,99,-213,1,27
3985,214_100,Brain,100,-214,1,26
3986,214_101,Brain,101,-214,1,26
3987,214_102,Brain,102,-214,1,26
3988,214_103,Brain,103,-214,1,28
3989,214_104,Neural crest,104,-214,1,28
3990,214_105,Cavity,105,-214,1,57
3991,214_106,Cavity,106,-214,1,78
3992,214_107,Cavity,107,-214,1,78
3993,214_108,Neural crest,108,-214,1,62
3994,214_109,Neural crest,109,-214,1,62
3995,214_110,Neural crest,110,-214,1,63
3996,214_111,Neural crest,111,-214,1,62
3997,214_112,Neural crest,112,-214,1,61
3998,214_113,Neural crest,113,-214,1,62
3999,214_114,Neural crest,114,-214,1,62
4000,214_115,Neural crest,115,-214,1,62
4001,214_116,Neural crest,116,-214,1,62
4002,214_117,Notochord,117,-214,1,56
4003,214_118,Notochord,118,-214,1,63
4004,214_119,Notochord,119,-214,1,21
4005,214_120,Notochord,120,-214,1,21
4006,214_121,Notochord,121,-214,1,21
4007,214_122,Notochord,122,-214,1,21
4008,214_123,Notochord,123,-214,1,39
4009,214_124,Brain,124,-214,1,21
4010,214_125,Brain,125,-214,1,21
4011,214_126,Brain,126,-214,1,21
4012,214_127,Brain,127,-214,1,51
4013,214_128,Brain,128,-214,1,19
4014,214_129,Brain,129,-214,1,19
4015,214_130,Brain,130,-214,1,19
4016,214_131,Brain,131,-214,1,19
4017,214_132,Brain,132,-214,1,19
4018,214_133,Brain,133,-214,1,19
4019,214_134,Brain,134,-214,1,16
4020,214_135,Brain,135,-214,1,16
4021,214_136,Brain,136,-214,1,16
4022,214_137,Brain,137,-214,1,17
4023,214_138,Brain,138,-214,1,17
4024,214_139,Brain,139,-214,1,16
4025,214_140,Brain,140,-214,1,17
4026,214_141,Brain,141,-214,1,17
4027,214_142,Brain,142,-214,1,16
4028,214_143,Brain,143,-214,1,16
4029,214_144,Brain,144,-214,1,16
4030,214_145,Brain,145,-214,1,16
4031,214_146,Brain,146,-214,1,17
4032,214_147,Brain,147,-214,1,3
4033,214_148,Brain,148,-214,1,4
4034,214_149,Brain,149,-214,1,41
4035,214_150,Cavity,150,-214,1,44
4036,214_77,Cavity,77,-214,1,42
4037,214_78,Brain,78,-214,1,8
4038,214_79,Brain,79,-214,1,9
4039,214_80,Brain,80,-214,1,12
4040,214_81,Brain,81,-214,1,27
4041,214_82,Brain,82,-214,1,27
4042,214_83,Brain,83,-214,1,27
4043,214_84,Brain,84,-214,1,27
4044,214_85,Brain,85,-214,1,27
4045,214_86,Brain,86,-214,1,27
4046,214_87,Brain,87,-214,1,26
4047,214_88,Brain,88,-214,1,27
4048,214_89,Brain,89,-214,1,27
4049,214_90,Brain,90,-214,1,27
4050,214_91,Brain,91,-214,1,27
4051,214_92,Brain,92,-214,1,0
4052,214_93,Brain,93,-214,1,27
4053,214_94,Brain,94,-214,1,26
4054,214_95,Brain,95,-214,1,26
4055,214_96,Brain,96,-214,1,26
4056,214_97,Brain,97,-214,1,26
4057,214_98,Brain,98,-214,1,26
4058,214_99,Brain,99,-214,1,26
4059,215_100,Brain,100,-215,1,13
4060,215_101,Brain,101,-215,1,26
4061,215_102,Neural crest,102,-215,1,28
4062,215_103,Cavity,103,-215,1,57
4063,215_104,Cavity,104,-215,1,31
4064,215_105,Cavity,105,-215,1,57
4065,215_106,Cavity,106,-215,1,93
4066,215_107,Cavity,107,-215,1,63
4067,215_108,Cavity,108,-215,1,63
4068,215_109,Neural crest,109,-215,1,62
4069,215_110,Neural crest,110,-215,1,62
4070,215_111,Neural crest,111,-215,1,62
4071,215_112,Neural crest,112,-215,1,62
4072,215_113,Neural crest,113,-215,1,62
4073,215_114,Neural crest,114,-215,1,60
4074,215_115,Neural crest,115,-215,1,61
4075,215_116,Neural crest,116,-215,1,61
4076,215_117,Neural crest,117,-215,1,62
4077,215_118,Neural crest,118,-215,1,60
4078,215_119,Notochord,119,-215,1,39
4079,215_120,Notochord,120,-215,1,34
4080,215_121,Notochord,121,-215,1,18
4081,215_122,Notochord,122,-215,1,18
4082,215_123,Cavity,123,-215,1,46
4083,215_124,Cavity,124,-215,1,1
4084,215_125,Cavity,125,-215,1,39
4085,215_126,Cavity,126,-215,1,38
4086,215_127,Cavity,127,-215,1,21
4087,215_128,Brain,128,-215,1,20
4088,215_129,Brain,129,-215,1,16
4089,215_130,Brain,130,-215,1,19
4090,215_131,Brain,131,-215,1,19
4091,215_132,Brain,132,-215,1,19
4092,215_133,Brain,133,-215,1,19
4093,215_134,Brain,134,-215,1,16
4094,215_135,Brain,135,-215,1,17
4095,215_136,Brain,136,-215,1,19
4096,215_137,Brain,137,-215,1,16
4097,215_138,Brain,138,-215,1,16
4098,215_139,Brain,139,-215,1,17
4099,215_140,Brain,140,-215,1,17
4100,215_141,Brain,141,-215,1,17
4101,215_142,Brain,142,-215,1,16
4102,215_143,Brain,143,-215,1,59
4103,215_144,Brain,144,-215,1,16
4104,215_145,Cavity,145,-215,1,39
4105,215_146,Brain,146,-215,1,40
4106,215_147,Brain,147,-215,1,43
4107,215_148,Cavity,148,-215,1,46
4108,215_77,Cavity,77,-215,1,45
4109,215_78,Cavity,78,-215,1,43
4110,215_79,Brain,79,-215,1,9
4111,215_80,Brain,80,-215,1,12
4112,215_81,Brain,81,-215,1,27
4113,215_82,Brain,82,-215,1,27
4114,215_83,Brain,83,-215,1,27
4115,215_84,Brain,84,-215,1,27
4116,215_85,Brain,85,-215,1,1
4117,215_86,Cavity,86,-215,1,34
4118,215_87,Brain,87,-215,1,42
4119,215_88,Brain,88,-215,1,1
4120,215_89,Brain,89,-215,1,1
4121,215_90,Brain,90,-215,1,0
4122,215_91,Brain,91,-215,1,27
4123,215_92,Cavity,92,-215,1,44
4124,215_93,Cavity,93,-215,1,47
4125,215_94,Brain,94,-215,1,1
4126,215_95,Brain,95,-215,1,1
4127,215_96,Brain,96,-215,1,0
4128,215_97,Brain,97,-215,1,1
4129,215_98,Brain,98,-215,1,0
4130,215_99,Brain,99,-215,1,0
4131,216_100,Brain,100,-216,1,26
4132,216_101,Brain,101,-216,1,28
4133,216_102,Neural crest,102,-216,1,57
4134,216_103,Cavity,103,-216,1,56
4135,216_104,Cavity,104,-216,1,57
4136,216_105,Cavity,105,-216,1,57
4137,216_106,Cavity,106,-216,1,57
4138,216_107,Cavity,107,-216,1,78
4139,216_108,Cavity,108,-216,1,63
4140,216_109,Neural crest,109,-216,1,61
4141,216_110,Neural crest,110,-216,1,62
4142,216_111,Neural crest,111,-216,1,61
4143,216_112,Neural crest,112,-216,1,61
4144,216_113,Neural crest,113,-216,1,60
4145,216_114,Neural crest,114,-216,1,62
4146,216_115,Neural crest,115,-216,1,61
4147,216_116,Neural crest,116,-216,1,63
4148,216_117,Neural crest,117,-216,1,57
4149,216_118,Notochord,118,-216,1,52
4150,216_119,Notochord,119,-216,1,23
4151,216_120,Notochord,120,-216,1,22
4152,216_121,Notochord,121,-216,1,22
4153,216_122,Notochord,122,-216,1,21
4154,216_123,Cavity,123,-216,1,39
4155,216_124,Notochord,124,-216,1,23
4156,216_125,Brain,125,-216,1,20
4157,216_126,Brain,126,-216,1,20
4158,216_127,Brain,127,-216,1,20
4159,216_128,Brain,128,-216,1,20
4160,216_129,Brain,129,-216,1,20
4161,216_130,Brain,130,-216,1,16
4162,216_131,Brain,131,-216,1,16
4163,216_132,Brain,132,-216,1,20
4164,216_133,Brain,133,-216,1,16
4165,216_134,Brain,134,-216,1,16
4166,216_135,Brain,135,-216,1,16
4167,216_136,Brain,136,-216,1,16
4168,216_137,Brain,137,-216,1,16
4169,216_138,Brain,138,-216,1,16
4170,216_139,Brain,139,-216,1,16
4171,216_140,Brain,140,-216,1,16
4172,216_141,Brain,141,-216,1,16
4173,216_142,Brain,142,-216,1,16
4174,216_143,Brain,143,-216,1,16
4175,216_144,Brain,144,-216,1,16
4176,216_145,Brain,145,-216,1,16
4177,216_146,Brain,146,-216,1,3
4178,216_147,Brain,147,-216,1,40
4179,216_77,Cavity,77,-216,1,11
4180,216_78,Brain,78,-216,1,9
4181,216_79,Brain,79,-216,1,8
4182,216_80,Brain,80,-216,1,12
4183,216_81,Brain,81,-216,1,27
4184,216_82,Brain,82,-216,1,27
4185,216_83,Brain,83,-216,1,27
4186,216_84,Brain,84,-216,1,27
4187,216_85,Brain,85,-216,1,26
4188,216_86,Brain,86,-216,1,13
4189,216_87,Brain,87,-216,1,5
4190,216_88,Brain,88,-216,1,8
4191,216_89,Brain,89,-216,1,13
4192,216_90,Brain,90,-216,1,26
4193,216_91,Brain,91,-216,1,26
4194,216_92,Brain,92,-216,1,0
4195,216_93,Brain,93,-216,1,0
4196,216_94,Brain,94,-216,1,27
4197,216_95,Brain,95,-216,1,26
4198,216_96,Brain,96,-216,1,26
4199,216_97,Brain,97,-216,1,26
4200,216_98,Brain,98,-216,1,26
4201,216_99,Brain,99,-216,1,26
4202,217_100,Brain,100,-217,1,28
4203,217_101,Neural crest,101,-217,1,31
4204,217_102,Cavity,102,-217,1,63
4205,217_103,Cavity,103,-217,1,31
4206,217_104,Neural crest,104,-217,1,28
4207,217_105,Cavity,105,-217,1,78
4208,217_106,Cavity,106,-217,1,63
4209,217_107,Cavity,107,-217,1,79
4210,217_108,Cavity,108,-217,1,63
4211,217_109,Neural crest,109,-217,1,62
4212,217_110,Neural crest,110,-217,1,62
4213,217_111,Neural crest,111,-217,1,60
4214,217_112,Neural crest,112,-217,1,61
4215,217_113,Neural crest,113,-217,1,61
4216,217_114,Neural crest,114,-217,1,57
4217,217_115,Neural crest,115,-217,1,56
4218,217_116,Neural crest,116,-217,1,63
4219,217_117,Neural crest,117,-217,1,56
4220,217_118,Brain,118,-217,1,23
4221,217_119,Notochord,119,-217,1,21
4222,217_120,Notochord,120,-217,1,23
4223,217_121,Brain,121,-217,1,22
4224,217_122,Brain,122,-217,1,22
4225,217_123,Cavity,123,-217,1,39
4226,217_124,Brain,124,-217,1,20
4227,217_125,Brain,125,-217,1,20
4228,217_126,Brain,126,-217,1,22
4229,217_127,Brain,127,-217,1,20
4230,217_128,Brain,128,-217,1,20
4231,217_129,Brain,129,-217,1,21
4232,217_130,Brain,130,-217,1,20
4233,217_131,Brain,131,-217,1,20
4234,217_132,Brain,132,-217,1,20
4235,217_133,Brain,133,-217,1,16
4236,217_134,Brain,134,-217,1,20
4237,217_135,Brain,135,-217,1,16
4238,217_136,Brain,136,-217,1,16
4239,217_137,Brain,137,-217,1,16
4240,217_138,Brain,138,-217,1,16
4241,217_139,Brain,139,-217,1,16
4242,217_140,Brain,140,-217,1,16
4243,217_141,Brain,141,-217,1,16
4244,217_142,Brain,142,-217,1,20
4245,217_143,Brain,143,-217,1,16
4246,217_144,Cavity,144,-217,1,48
4247,217_145,Cavity,145,-217,1,37
4248,217_146,Cavity,146,-217,1,34
4249,217_77,Cavity,77,-217,1,43
4250,217_78,Brain,78,-217,1,8
4251,217_79,Brain,79,-217,1,8
4252,217_80,Brain,80,-217,1,8
4253,217_81,Brain,81,-217,1,27
4254,217_82,Brain,82,-217,1,27
4255,217_83,Brain,83,-217,1,27
4256,217_84,Brain,84,-217,1,27
4257,217_85,Brain,85,-217,1,0
4258,217_86,Brain,86,-217,1,13
4259,217_87,Brain,87,-217,1,8
4260,217_88,Brain,88,-217,1,26
4261,217_89,Brain,89,-217,1,26
4262,217_90,Brain,90,-217,1,28
4263,217_91,Brain,91,-217,1,26
4264,217_92,Brain,92,-217,1,1
4265,217_93,Brain,93,-217,1,26
4266,217_94,Brain,94,-217,1,26
4267,217_95,Brain,95,-217,1,12
4268,217_96,Brain,96,-217,1,26
4269,217_97,Brain,97,-217,1,26
4270,217_98,Brain,98,-217,1,26
4271,217_99,Brain,99,-217,1,26
4272,218_100,Neural crest,100,-218,1,31
4273,218_101,Cavity,101,-218,1,63
4274,218_102,Cavity,102,-218,1,31
4275,218_103,Neural crest,103,-218,1,11
4276,218_104,Neural crest,104,-218,1,57
4277,218_105,Cavity,105,-218,1,57
4278,218_106,Cavity,106,-218,1,57
4279,218_107,Neural crest,107,-218,1,62
4280,218_108,Neural crest,108,-218,1,61
4281,218_109,Neural crest,109,-218,1,61
4282,218_110,Neural crest,110,-218,1,62
4283,218_111,Neural crest,111,-218,1,61
4284,218_112,Neural crest,112,-218,1,62
4285,218_113,Neural crest,113,-218,1,61
4286,218_114,Neural crest,114,-218,1,61
4287,218_115,Neural crest,115,-218,1,57
4288,218_116,Neural crest,116,-218,1,57
4289,218_117,Brain,117,-218,1,23
4290,218_118,Notochord,118,-218,1,23
4291,218_119,Notochord,119,-218,1,23
4292,218_120,Notochord,120,-218,1,21
4293,218_121,Brain,121,-218,1,22
4294,218_122,Brain,122,-218,1,22
4295,218_123,Cavity,123,-218,1,39
4296,218_124,Brain,124,-218,1,23
4297,218_125,Brain,125,-218,1,20
4298,218_126,Brain,126,-218,1,20
4299,218_127,Brain,127,-218,1,21
4300,218_128,Brain,128,-218,1,20
4301,218_129,Brain,129,-218,1,20
4302,218_130,Brain,130,-218,1,22
4303,218_131,Brain,131,-218,1,20
4304,218_132,Brain,132,-218,1,20
4305,218_133,Brain,133,-218,1,20
4306,218_134,Brain,134,-218,1,20
4307,218_135,Brain,135,-218,1,20
4308,218_136,Brain,136,-218,1,20
4309,218_137,Brain,137,-218,1,20
4310,218_138,Brain,138,-218,1,20
4311,218_139,Brain,139,-218,1,16
4312,218_140,Brain,140,-218,1,16
4313,218_141,Brain,141,-218,1,16
4314,218_142,Brain,142,-218,1,20
4315,218_143,Brain,143,-218,1,37
4316,218_144,Brain,144,-218,1,3
4317,218_145,Cavity,145,-218,1,46
4318,218_77,Cavity,77,-218,1,43
4319,218_78,Brain,78,-218,1,8
4320,218_79,Brain,79,-218,1,8
4321,218_80,Brain,80,-218,1,8
4322,218_81,Brain,81,-218,1,13
4323,218_82,Brain,82,-218,1,27
4324,218_83,Brain,83,-218,1,27
4325,218_84,Brain,84,-218,1,26
4326,218_85,Brain,85,-218,1,27
4327,218_86,Brain,86,-218,1,8
4328,218_87,Brain,87,-218,1,13
4329,218_88,Brain,88,-218,1,26
4330,218_89,Brain,89,-218,1,26
4331,218_90,Brain,90,-218,1,27
4332,218_91,Brain,91,-218,1,26
4333,218_92,Brain,92,-218,1,27
4334,218_93,Brain,93,-218,1,27
4335,218_94,Neural crest,94,-218,1,29
4336,218_95,Neural crest,95,-218,1,28
4337,218_96,Brain,96,-218,1,28
4338,218_97,Brain,97,-218,1,26
4339,218_98,Brain,98,-218,1,26
4340,218_99,Neural crest,99,-218,1,30
4341,219_100,Neural crest,100,-219,1,31
4342,219_101,Neural crest,101,-219,1,57
4343,219_102,Neural crest,102,-219,1,28
4344,219_103,Neural crest,103,-219,1,28
4345,219_104,Neural crest,104,-219,1,57
4346,219_105,Neural crest,105,-219,1,57
4347,219_106,Neural crest,106,-219,1,61
4348,219_107,Neural crest,107,-219,1,61
4349,219_108,Neural crest,108,-219,1,61
4350,219_109,Neural crest,109,-219,1,61
4351,219_110,Neural crest,110,-219,1,61
4352,219_111,Neural crest,111,-219,1,60
4353,219_112,Neural crest,112,-219,1,62
4354,219_113,Neural crest,113,-219,1,59
4355,219_114,Neural crest,114,-219,1,60
4356,219_115,Neural crest,115,-219,1,58
4357,219_116,Brain,116,-219,1,59
4358,219_117,Brain,117,-219,1,22
4359,219_118,Notochord,118,-219,1,23
4360,219_119,Notochord,119,-219,1,23
4361,219_120,Notochord,120,-219,1,49
4362,219_121,Brain,121,-219,1,23
4363,219_122,Brain,122,-219,1,22
4364,219_123,Cavity,123,-219,1,39
4365,219_124,Brain,124,-219,1,22
4366,219_125,Brain,125,-219,1,22
4367,219_126,Brain,126,-219,1,22
4368,219_127,Brain,127,-219,1,49
4369,219_128,Cavity,128,-219,1,48
4370,219_129,Cavity,129,-219,1,37
4371,219_130,Cavity,130,-219,1,49
4372,219_131,Cavity,131,-219,1,49
4373,219_132,Cavity,132,-219,1,49
4374,219_133,Cavity,133,-219,1,49
4375,219_134,Cavity,134,-219,1,33
4376,219_135,Brain,135,-219,1,22
4377,219_136,Brain,136,-219,1,20
4378,219_137,Brain,137,-219,1,20
4379,219_138,Brain,138,-219,1,20
4380,219_139,Brain,139,-219,1,20
4381,219_140,Brain,140,-219,1,20
4382,219_141,Brain,141,-219,1,20
4383,219_142,Brain,142,-219,1,3
4384,219_143,Brain,143,-219,1,3
4385,219_144,Cavity,144,-219,1,46
4386,219_77,Cavity,77,-219,1,43
4387,219_78,Brain,78,-219,1,8
4388,219_79,Brain,79,-219,1,8
4389,219_80,Brain,80,-219,1,8
4390,219_81,Brain,81,-219,1,12
4391,219_82,Brain,82,-219,1,27
4392,219_83,Brain,83,-219,1,27
4393,219_84,Brain,84,-219,1,27
4394,219_85,Brain,85,-219,1,26
4395,219_86,Brain,86,-219,1,26
4396,219_87,Brain,87,-219,1,26
4397,219_88,Brain,88,-219,1,26
4398,219_89,Brain,89,-219,1,26
4399,219_90,Brain,90,-219,1,27
4400,219_91,Brain,91,-219,1,26
4401,219_92,Brain,92,-219,1,1
4402,219_93,Brain,93,-219,1,28
4403,219_94,Neural crest,94,-219,1,28
4404,219_95,Neural crest,95,-219,1,31
4405,219_96,Neural crest,96,-219,1,31
4406,219_97,Neural crest,97,-219,1,28
4407,219_98,Neural crest,98,-219,1,28
4408,219_99,Neural crest,99,-219,1,31
4409,220_100,Neural crest,100,-220,1,58
4410,220_101,Neural crest,101,-220,1,31
4411,220_102,Neural crest,102,-220,1,31
4412,220_103,Neural crest,103,-220,1,28
4413,220_104,Neural crest,104,-220,1,59
4414,220_105,Neural crest,105,-220,1,61
4415,220_106,Neural crest,106,-220,1,61
4416,220_107,Neural crest,107,-220,1,61
4417,220_108,Neural crest,108,-220,1,51
4418,220_109,Neural crest,109,-220,1,61
4419,220_110,Neural crest,110,-220,1,61
4420,220_111,Neural crest,111,-220,1,60
4421,220_112,Neural crest,112,-220,1,61
4422,220_113,Neural crest,113,-220,1,61
4423,220_114,Neural crest,114,-220,1,59
4424,220_115,Brain,115,-220,1,59
4425,220_116,Brain,116,-220,1,23
4426,220_117,Notochord,117,-220,1,23
4427,220_118,Notochord,118,-220,1,23
4428,220_119,Notochord,119,-220,1,21
4429,220_120,Notochord,120,-220,1,23
4430,220_121,Brain,121,-220,1,22
4431,220_122,Brain,122,-220,1,22
4432,220_123,Cavity,123,-220,1,35
4433,220_124,Brain,124,-220,1,22
4434,220_125,Brain,125,-220,1,22
4435,220_126,Brain,126,-220,1,22
4436,220_127,Cavity,127,-220,1,49
4437,220_128,Cavity,128,-220,1,33
4438,220_129,Cavity,129,-220,1,32
4439,220_130,Cavity,130,-220,1,37
4440,220_131,Cavity,131,-220,1,35
4441,220_132,Cavity,132,-220,1,32
4442,220_133,Cavity,133,-220,1,37
4443,220_134,Cavity,134,-220,1,37
4444,220_135,Cavity,135,-220,1,37
4445,220_136,Cavity,136,-220,1,48
4446,220_137,Brain,137,-220,1,51
4447,220_138,Brain,138,-220,1,20
4448,220_139,Cavity,139,-220,1,51
4449,220_140,Brain,140,-220,1,16
4450,220_141,Brain,141,-220,1,3
4451,220_142,Brain,142,-220,1,2
4452,220_143,Cavity,143,-220,1,44
4453,220_77,Cavity,77,-220,1,46
4454,220_78,Brain,78,-220,1,9
4455,220_79,Brain,79,-220,1,8
4456,220_80,Brain,80,-220,1,8
4457,220_81,Brain,81,-220,1,42
4458,220_82,Brain,82,-220,1,26
4459,220_83,Brain,83,-220,1,27
4460,220_84,Brain,84,-220,1,27
4461,220_85,Brain,85,-220,1,26
4462,220_86,Brain,86,-220,1,24
4463,220_87,Brain,87,-220,1,26
4464,220_88,Brain,88,-220,1,26
4465,220_89,Brain,89,-220,1,26
4466,220_90,Brain,90,-220,1,26
4467,220_91,Brain,91,-220,1,26
4468,220_92,Brain,92,-220,1,27
4469,220_93,Brain,93,-220,1,12
4470,220_94,Neural crest,94,-220,1,29
4471,220_95,Neural crest,95,-220,1,30
4472,220_96,Neural crest,96,-220,1,28
4473,220_97,Neural crest,97,-220,1,28
4474,220_98,Neural crest,98,-220,1,29
4475,220_99,Neural crest,99,-220,1,31
4476,221_100,Neural crest,100,-221,1,57
4477,221_101,Neural crest,101,-221,1,28
4478,221_102,Neural crest,102,-221,1,30
4479,221_103,Neural crest,103,-221,1,58
4480,221_104,Neural crest,104,-221,1,59
4481,221_105,Neural crest,105,-221,1,61
4482,221_106,Neural crest,106,-221,1,61
4483,221_107,Neural crest,107,-221,1,61
4484,221_108,Neural crest,108,-221,1,61
4485,221_109,Neural crest,109,-221,1,60
4486,221_110,Neural crest,110,-221,1,61
4487,221_111,Neural crest,111,-221,1,60
4488,221_112,Neural crest,112,-221,1,59
4489,221_113,Neural crest,113,-221,1,59
4490,221_114,Neural crest,114,-221,1,56
4491,221_115,Brain,115,-221,1,23
4492,221_116,Brain,116,-221,1,23
4493,221_117,Notochord,117,-221,1,23
4494,221_118,Notochord,118,-221,1,23
4495,221_119,Notochord,119,-221,1,22
4496,221_120,Brain,120,-221,1,22
4497,221_121,Brain,121,-221,1,53
4498,221_122,Brain,122,-221,1,49
4499,221_123,Cavity,123,-221,1,35
4500,221_124,Cavity,124,-221,1,32
4501,221_125,Brain,125,-221,1,53
4502,221_126,Cavity,126,-221,1,37
4503,221_127,Cavity,127,-221,1,33
4504,221_128,Cavity,128,-221,1,35
4505,221_129,Cavity,129,-221,1,35
4506,221_130,Cavity,130,-221,1,33
4507,221_131,Cavity,131,-221,1,35
4508,221_132,Cavity,132,-221,1,37
4509,221_133,Cavity,133,-221,1,37
4510,221_134,Cavity,134,-221,1,33
4511,221_135,Cavity,135,-221,1,38
4512,221_136,Cavity,136,-221,1,51
4513,221_137,Cavity,137,-221,1,51
4514,221_138,Brain,138,-221,1,20
4515,221_139,Cavity,139,-221,1,37
4516,221_140,Brain,140,-221,1,42
4517,221_141,Cavity,141,-221,1,40
4518,221_142,Cavity,142,-221,1,81
4519,221_78,Cavity,78,-221,1,42
4520,221_79,Brain,79,-221,1,8
4521,221_80,Brain,80,-221,1,8
4522,221_81,Brain,81,-221,1,8
4523,221_82,Brain,82,-221,1,12
4524,221_83,Brain,83,-221,1,27
4525,221_84,Brain,84,-221,1,26
4526,221_85,Brain,85,-221,1,24
4527,221_86,Brain,86,-221,1,26
4528,221_87,Brain,87,-221,1,26
4529,221_88,Brain,88,-221,1,26
4530,221_89,Brain,89,-221,1,26
4531,221_90,Brain,90,-221,1,26
4532,221_91,Brain,91,-221,1,12
4533,221_92,Neural crest,92,-221,1,12
4534,221_93,Neural crest,93,-221,1,28
4535,221_94,Neural crest,94,-221,1,28
4536,221_95,Neural crest,95,-221,1,30
4537,221_96,Neural crest,96,-221,1,28
4538,221_97,Neural crest,97,-221,1,28
4539,221_98,Neural crest,98,-221,1,28
4540,221_99,Neural crest,99,-221,1,31
4541,222_100,Neural crest,100,-222,1,31
4542,222_101,Neural crest,101,-222,1,28
4543,222_102,Neural crest,102,-222,1,59
4544,222_103,Neural crest,103,-222,1,59
4545,222_104,Neural crest,104,-222,1,59
4546,222_105,Neural crest,105,-222,1,61
4547,222_106,Neural crest,106,-222,1,48
4548,222_107,Neural crest,107,-222,1,61
4549,222_108,Neural crest,108,-222,1,60
4550,222_109,Neural crest,109,-222,1,60
4551,222_110,Neural crest,110,-222,1,60
4552,222_111,Neural crest,111,-222,1,61
4553,222_112,Neural crest,112,-222,1,59
4554,222_113,Neural crest,113,-222,1,59
4555,222_114,Notochord,114,-222,1,59
4556,222_115,Notochord,115,-222,1,23
4557,222_116,Brain,116,-222,1,23
4558,222_117,Notochord,117,-222,1,23
4559,222_118,Notochord,118,-222,1,23
4560,222_119,Brain,119,-222,1,22
4561,222_120,Brain,120,-222,1,22
4562,222_121,Brain,121,-222,1,22
4563,222_122,Brain,122,-222,1,49
4564,222_123,Cavity,123,-222,1,39
4565,222_124,Cavity,124,-222,1,32
4566,222_125,Cavity,125,-222,1,37
4567,222_126,Cavity,126,-222,1,37
4568,222_127,Cavity,127,-222,1,37
4569,222_128,Cavity,128,-222,1,39
4570,222_129,Cavity,129,-222,1,34
4571,222_130,Cavity,130,-222,1,35
4572,222_131,Cavity,131,-222,1,35
4573,222_132,Cavity,132,-222,1,33
4574,222_133,Cavity,133,-222,1,34
4575,222_134,Cavity,134,-222,1,39
4576,222_135,Cavity,135,-222,1,35
4577,222_136,Cavity,136,-222,1,36
4578,222_137,Cavity,137,-222,1,36
4579,222_138,Cavity,138,-222,1,39
4580,222_139,Cavity,139,-222,1,37
4581,222_140,Cavity,140,-222,1,47
4582,222_78,Cavity,78,-222,1,46
4583,222_79,Brain,79,-222,1,8
4584,222_80,Brain,80,-222,1,8
4585,222_81,Brain,81,-222,1,8
4586,222_82,Brain,82,-222,1,8
4587,222_83,Brain,83,-222,1,12
4588,222_84,Brain,84,-222,1,27
4589,222_85,Brain,85,-222,1,27
4590,222_86,Brain,86,-222,1,26
4591,222_87,Brain,87,-222,1,26
4592,222_88,Brain,88,-222,1,25
4593,222_89,Brain,89,-222,1,26
4594,222_90,Brain,90,-222,1,12
4595,222_91,Brain,91,-222,1,28
4596,222_92,Neural crest,92,-222,1,12
4597,222_93,Neural crest,93,-222,1,28
4598,222_94,Neural crest,94,-222,1,28
4599,222_95,Neural crest,95,-222,1,28
4600,222_96,Neural crest,96,-222,1,30
4601,222_97,Neural crest,97,-222,1,30
4602,222_98,Neural crest,98,-222,1,57
4603,222_99,Neural crest,99,-222,1,31
4604,223_100,Neural crest,100,-223,1,30
4605,223_101,Neural crest,101,-223,1,28
4606,223_102,Neural crest,102,-223,1,28
4607,223_103,Neural crest,103,-223,1,58
4608,223_104,Neural crest,104,-223,1,29
4609,223_105,Neural crest,105,-223,1,59
4610,223_106,Neural crest,106,-223,1,59
4611,223_107,Neural crest,107,-223,1,59
4612,223_108,Neural crest,108,-223,1,60
4613,223_109,Neural crest,109,-223,1,60
4614,223_110,Neural crest,110,-223,1,60
4615,223_111,Neural crest,111,-223,1,60
4616,223_112,Neural crest,112,-223,1,59
4617,223_113,Neural crest,113,-223,1,63
4618,223_114,Notochord,114,-223,1,59
4619,223_115,Notochord,115,-223,1,23
4620,223_116,Notochord,116,-223,1,22
4621,223_117,Notochord,117,-223,1,22
4622,223_118,Notochord,118,-223,1,22
4623,223_119,Brain,119,-223,1,22
4624,223_120,Brain,120,-223,1,55
4625,223_121,Brain,121,-223,1,49
4626,223_122,Cavity,122,-223,1,33
4627,223_123,Cavity,123,-223,1,34
4628,223_124,Cavity,124,-223,1,33
4629,223_125,Cavity,125,-223,1,33
4630,223_126,Cavity,126,-223,1,51
4631,223_127,Cavity,127,-223,1,33
4632,223_128,Cavity,128,-223,1,35
4633,223_129,Cavity,129,-223,1,35
4634,223_130,Cavity,130,-223,1,37
4635,223_131,Cavity,131,-223,1,37
4636,223_132,Cavity,132,-223,1,33
4637,223_133,Cavity,133,-223,1,38
4638,223_134,Cavity,134,-223,1,38
4639,223_135,Brain,135,-223,1,38
4640,223_136,Brain,136,-223,1,36
4641,223_137,Cavity,137,-223,1,41
4642,223_138,Cavity,138,-223,1,37
4643,223_139,Cavity,139,-223,1,46
4644,223_79,Cavity,79,-223,1,43
4645,223_80,Brain,80,-223,1,8
4646,223_81,Brain,81,-223,1,8
4647,223_82,Brain,82,-223,1,8
4648,223_83,Brain,83,-223,1,12
4649,223_84,Brain,84,-223,1,12
4650,223_85,Brain,85,-223,1,12
4651,223_86,Brain,86,-223,1,27
4652,223_87,Brain,87,-223,1,26
4653,223_88,Brain,88,-223,1,12
4654,223_89,Brain,89,-223,1,12
4655,223_90,Brain,90,-223,1,12
4656,223_91,Neural crest,91,-223,1,28
4657,223_92,Neural crest,92,-223,1,28
4658,223_93,Neural crest,93,-223,1,31
4659,223_94,Neural crest,94,-223,1,28
4660,223_95,Neural crest,95,-223,1,31
4661,223_96,Neural crest,96,-223,1,28
4662,223_97,Neural crest,97,-223,1,30
4663,223_98,Neural crest,98,-223,1,31
4664,223_99,Neural crest,99,-223,1,57
4665,224_100,Neural crest,100,-224,1,58
4666,224_101,Neural crest,101,-224,1,58
4667,224_102,Neural crest,102,-224,1,30
4668,224_103,Neural crest,103,-224,1,28
4669,224_104,Brain,104,-224,1,28
4670,224_105,Brain,105,-224,1,28
4671,224_106,Neural crest,106,-224,1,61
4672,224_107,Neural crest,107,-224,1,59
4673,224_108,Neural crest,108,-224,1,60
4674,224_109,Neural crest,109,-224,1,60
4675,224_110,Neural crest,110,-224,1,59
4676,224_111,Neural crest,111,-224,1,60
4677,224_112,Notochord,112,-224,1,59
4678,224_113,Notochord,113,-224,1,59
4679,224_114,Notochord,114,-224,1,52
4680,224_115,Notochord,115,-224,1,23
4681,224_116,Notochord,116,-224,1,23
4682,224_117,Notochord,117,-224,1,23
4683,224_118,Brain,118,-224,1,22
4684,224_119,Brain,119,-224,1,22
4685,224_120,Brain,120,-224,1,22
4686,224_121,Cavity,121,-224,1,49
4687,224_122,Cavity,122,-224,1,33
4688,224_123,Cavity,123,-224,1,39
4689,224_124,Cavity,124,-224,1,49
4690,224_125,Cavity,125,-224,1,32
4691,224_126,Cavity,126,-224,1,32
4692,224_127,Cavity,127,-224,1,49
4693,224_128,Cavity,128,-224,1,32
4694,224_129,Cavity,129,-224,1,37
4695,224_130,Cavity,130,-224,1,32
4696,224_131,Cavity,131,-224,1,39
4697,224_132,Cavity,132,-224,1,39
4698,224_133,Brain,133,-224,1,38
4699,224_134,Brain,134,-224,1,38
4700,224_135,Brain,135,-224,1,38
4701,224_136,Brain,136,-224,1,40
4702,224_137,Cavity,137,-224,1,40
4703,224_138,Cavity,138,-224,1,46
4704,224_79,Cavity,79,-224,1,43
4705,224_80,Brain,80,-224,1,8
4706,224_81,Brain,81,-224,1,6
4707,224_82,Brain,82,-224,1,8
4708,224_83,Brain,83,-224,1,8
4709,224_84,Brain,84,-224,1,8
4710,224_85,Brain,85,-224,1,12
4711,224_86,Brain,86,-224,1,12
4712,224_87,Brain,87,-224,1,12
4713,224_88,Brain,88,-224,1,12
4714,224_89,Brain,89,-224,1,12
4715,224_90,Brain,90,-224,1,28
4716,224_91,Neural crest,91,-224,1,28
4717,224_92,Neural crest,92,-224,1,28
4718,224_93,Neural crest,93,-224,1,28
4719,224_94,Brain,94,-224,1,28
4720,224_95,Neural crest,95,-224,1,31
4721,224_96,Neural crest,96,-224,1,31
4722,224_97,Neural crest,97,-224,1,28
4723,224_98,Neural crest,98,-224,1,30
4724,224_99,Neural crest,99,-224,1,31
4725,225_100,Neural crest,100,-225,1,28
4726,225_101,Neural crest,101,-225,1,28
4727,225_102,Brain,102,-225,1,12
4728,225_103,Neural crest,103,-225,1,30
4729,225_104,Brain,104,-225,1,28
4730,225_105,Brain,105,-225,1,26
4731,225_106,Neural crest,106,-225,1,60
4732,225_107,Neural crest,107,-225,1,59
4733,225_108,Neural crest,108,-225,1,60
4734,225_109,Neural crest,109,-225,1,48
4735,225_110,Neural crest,110,-225,1,59
4736,225_111,Neural crest,111,-225,1,61
4737,225_112,Notochord,112,-225,1,59
4738,225_113,Notochord,113,-225,1,52
4739,225_114,Notochord,114,-225,1,23
4740,225_115,Notochord,115,-225,1,23
4741,225_116,Notochord,116,-225,1,23
4742,225_117,Notochord,117,-225,1,52
4743,225_118,Brain,118,-225,1,22
4744,225_119,Brain,119,-225,1,53
4745,225_120,Brain,120,-225,1,50
4746,225_121,Cavity,121,-225,1,49
4747,225_122,Cavity,122,-225,1,37
4748,225_123,Cavity,123,-225,1,39
4749,225_124,Cavity,124,-225,1,35
4750,225_125,Cavity,125,-225,1,34
4751,225_126,Cavity,126,-225,1,35
4752,225_127,Cavity,127,-225,1,51
4753,225_128,Cavity,128,-225,1,49
4754,225_129,Cavity,129,-225,1,37
4755,225_130,Cavity,130,-225,1,36
4756,225_131,Cavity,131,-225,1,39
4757,225_132,Brain,132,-225,1,41
4758,225_133,Brain,133,-225,1,38
4759,225_134,Brain,134,-225,1,38
4760,225_135,Brain,135,-225,1,40
4761,225_136,Cavity,136,-225,1,46
4762,225_80,Cavity,80,-225,1,42
4763,225_81,Brain,81,-225,1,8
4764,225_82,Brain,82,-225,1,8
4765,225_83,Brain,83,-225,1,8
4766,225_84,Brain,84,-225,1,8
4767,225_85,Brain,85,-225,1,12
4768,225_86,Brain,86,-225,1,12
4769,225_87,Brain,87,-225,1,12
4770,225_88,Brain,88,-225,1,26
4771,225_89,Brain,89,-225,1,26
4772,225_90,Brain,90,-225,1,26
4773,225_91,Brain,91,-225,1,26
4774,225_92,Brain,92,-225,1,26
4775,225_93,Brain,93,-225,1,26
4776,225_94,Brain,94,-225,1,26
4777,225_95,Neural crest,95,-225,1,28
4778,225_96,Neural crest,96,-225,1,31
4779,225_97,Neural crest,97,-225,1,57
4780,225_98,Neural crest,98,-225,1,28
4781,225_99,Neural crest,99,-225,1,30
4782,226_100,Brain,100,-226,1,26
4783,226_101,Neural crest,101,-226,1,28
4784,226_102,Brain,102,-226,1,28
4785,226_103,Brain,103,-226,1,26
4786,226_104,Brain,104,-226,1,28
4787,226_105,Brain,105,-226,1,30
4788,226_106,Neural crest,106,-226,1,60
4789,226_107,Neural crest,107,-226,1,60
4790,226_108,Neural crest,108,-226,1,60
4791,226_109,Neural crest,109,-226,1,60
4792,226_110,Neural crest,110,-226,1,60
4793,226_111,Neural crest,111,-226,1,59
4794,226_112,Notochord,112,-226,1,60
4795,226_113,Notochord,113,-226,1,52
4796,226_114,Notochord,114,-226,1,53
4797,226_115,Notochord,115,-226,1,22
4798,226_116,Notochord,116,-226,1,22
4799,226_117,Brain,117,-226,1,52
4800,226_118,Brain,118,-226,1,53
4801,226_119,Brain,119,-226,1,53
4802,226_120,Brain,120,-226,1,49
4803,226_121,Cavity,121,-226,1,49
4804,226_122,Cavity,122,-226,1,35
4805,226_123,Cavity,123,-226,1,39
4806,226_124,Cavity,124,-226,1,34
4807,226_125,Cavity,125,-226,1,35
4808,226_126,Cavity,126,-226,1,34
4809,226_127,Cavity,127,-226,1,51
4810,226_128,Cavity,128,-226,1,49
4811,226_129,Cavity,129,-226,1,37
4812,226_130,Cavity,130,-226,1,39
4813,226_131,Brain,131,-226,1,38
4814,226_132,Brain,132,-226,1,38
4815,226_133,Brain,133,-226,1,41
4816,226_134,Brain,134,-226,1,41
4817,226_135,Cavity,135,-226,1,46
4818,226_80,Cavity,80,-226,1,82
4819,226_81,Cavity,81,-226,1,43
4820,226_82,Brain,82,-226,1,8
4821,226_83,Brain,83,-226,1,8
4822,226_84,Brain,84,-226,1,8
4823,226_85,Brain,85,-226,1,12
4824,226_86,Neural crest,86,-226,1,28
4825,226_87,Brain,87,-226,1,26
4826,226_88,Brain,88,-226,1,26
4827,226_89,Brain,89,-226,1,26
4828,226_90,Brain,90,-226,1,26
4829,226_91,Brain,91,-226,1,26
4830,226_92,Brain,92,-226,1,26
4831,226_93,Brain,93,-226,1,26
4832,226_94,Brain,94,-226,1,26
4833,226_95,Neural crest,95,-226,1,28
4834,226_96,Neural crest,96,-226,1,28
4835,226_97,Neural crest,97,-226,1,30
4836,226_98,Neural crest,98,-226,1,30
4837,226_99,Neural crest,99,-226,1,28
4838,227_100,Brain,100,-227,1,30
4839,227_101,Neural crest,101,-227,1,58
4840,227_102,Brain,102,-227,1,26
4841,227_103,Brain,103,-227,1,25
4842,227_104,Notochord,104,-227,1,52
4843,227_105,Neural crest,105,-227,1,58
4844,227_106,Neural crest,106,-227,1,60
4845,227_107,Neural crest,107,-227,1,60
4846,227_108,Neural crest,108,-227,1,60
4847,227_109,Neural crest,109,-227,1,60
4848,227_110,Neural crest,110,-227,1,49
4849,227_111,Neural crest,111,-227,1,59
4850,227_112,Notochord,112,-227,1,59
4851,227_113,Notochord,113,-227,1,52
4852,227_114,Notochord,114,-227,1,22
4853,227_115,Notochord,115,-227,1,23
4854,227_116,Brain,116,-227,1,32
4855,227_117,Brain,117,-227,1,22
4856,227_118,Brain,118,-227,1,22
4857,227_119,Brain,119,-227,1,49
4858,227_120,Cavity,120,-227,1,33
4859,227_121,Cavity,121,-227,1,37
4860,227_122,Cavity,122,-227,1,35
4861,227_123,Cavity,123,-227,1,34
4862,227_124,Cavity,124,-227,1,32
4863,227_125,Cavity,125,-227,1,34
4864,227_126,Cavity,126,-227,1,37
4865,227_127,Brain,127,-227,1,51
4866,227_128,Brain,128,-227,1,51
4867,227_129,Brain,129,-227,1,51
4868,227_130,Brain,130,-227,1,38
4869,227_131,Brain,131,-227,1,38
4870,227_132,Brain,132,-227,1,38
4871,227_133,Brain,133,-227,1,41
4872,227_134,Cavity,134,-227,1,46
4873,227_81,Cavity,81,-227,1,45
4874,227_82,Brain,82,-227,1,79
4875,227_83,Brain,83,-227,1,8
4876,227_84,Brain,84,-227,1,42
4877,227_85,Neural crest,85,-227,1,8
4878,227_86,Neural crest,86,-227,1,28
4879,227_87,Brain,87,-227,1,26
4880,227_88,Brain,88,-227,1,26
4881,227_89,Brain,89,-227,1,26
4882,227_90,Brain,90,-227,1,26
4883,227_91,Brain,91,-227,1,26
4884,227_92,Brain,92,-227,1,24
4885,227_93,Brain,93,-227,1,26
4886,227_94,Neural crest,94,-227,1,30
4887,227_95,Neural crest,95,-227,1,30
4888,227_96,Neural crest,96,-227,1,28
4889,227_97,Neural crest,97,-227,1,28
4890,227_98,Neural crest,98,-227,1,30
4891,227_99,Neural crest,99,-227,1,30
4892,228_100,Neural crest,100,-228,1,58
4893,228_101,Neural crest,101,-228,1,58
4894,228_102,Brain,102,-228,1,58
4895,228_103,Notochord,103,-228,1,58
4896,228_104,Notochord,104,-228,1,52
4897,228_105,Notochord,105,-228,1,58
4898,228_106,Neural crest,106,-228,1,60
4899,228_107,Neural crest,107,-228,1,60
4900,228_108,Neural crest,108,-228,1,60
4901,228_109,Neural crest,109,-228,1,60
4902,228_110,Neural crest,110,-228,1,60
4903,228_111,Notochord,111,-228,1,59
4904,228_112,Notochord,112,-228,1,52
4905,228_113,Notochord,113,-228,1,23
4906,228_114,Notochord,114,-228,1,25
4907,228_115,Notochord,115,-228,1,22
4908,228_116,Brain,116,-228,1,22
4909,228_117,Brain,117,-228,1,53
4910,228_118,Brain,118,-228,1,52
4911,228_119,Cavity,119,-228,1,49
4912,228_120,Cavity,120,-228,1,32
4913,228_121,Cavity,121,-228,1,32
4914,228_122,Cavity,122,-228,1,33
4915,228_123,Cavity,123,-228,1,40
4916,228_124,Cavity,124,-228,1,33
4917,228_125,Cavity,125,-228,1,35
4918,228_126,Brain,126,-228,1,38
4919,228_127,Brain,127,-228,1,36
4920,228_128,Brain,128,-228,1,51
4921,228_129,Brain,129,-228,1,51
4922,228_130,Brain,130,-228,1,36
4923,228_131,Brain,131,-228,1,38
4924,228_132,Brain,132,-228,1,40
4925,228_133,Cavity,133,-228,1,46
4926,228_82,Brain,82,-228,1,8
4927,228_83,Brain,83,-228,1,8
4928,228_84,Brain,84,-228,1,8
4929,228_85,Brain,85,-228,1,8
4930,228_86,Brain,86,-228,1,28
4931,228_87,Brain,87,-228,1,26
4932,228_88,Brain,88,-228,1,26
4933,228_89,Brain,89,-228,1,26
4934,228_90,Brain,90,-228,1,26
4935,228_91,Brain,91,-228,1,26
4936,228_92,Brain,92,-228,1,26
4937,228_93,Brain,93,-228,1,26
4938,228_94,Brain,94,-228,1,26
4939,228_95,Neural crest,95,-228,1,58
4940,228_96,Neural crest,96,-228,1,30
4941,228_97,Neural crest,97,-228,1,30
4942,228_98,Neural crest,98,-228,1,30
4943,228_99,Neural crest,99,-228,1,28
4944,229_100,Neural crest,100,-229,1,58
4945,229_101,Neural crest,101,-229,1,30
4946,229_102,Notochord,102,-229,1,58
4947,229_103,Notochord,103,-229,1,58
4948,229_104,Notochord,104,-229,1,58
4949,229_105,Neural crest,105,-229,1,59
4950,229_106,Neural crest,106,-229,1,60
4951,229_107,Neural crest,107,-229,1,60
4952,229_108,Neural crest,108,-229,1,60
4953,229_109,Neural crest,109,-229,1,60
4954,229_110,Notochord,110,-229,1,59
4955,229_111,Notochord,111,-229,1,52
4956,229_112,Notochord,112,-229,1,52
4957,229_113,Notochord,113,-229,1,23
4958,229_114,Notochord,114,-229,1,22
4959,229_115,Notochord,115,-229,1,53
4960,229_116,Brain,116,-229,1,52
4961,229_117,Brain,117,-229,1,52
4962,229_118,Brain,118,-229,1,52
4963,229_119,Cavity,119,-229,1,48
4964,229_120,Cavity,120,-229,1,37
4965,229_121,Cavity,121,-229,1,37
4966,229_122,Cavity,122,-229,1,32
4967,229_123,Cavity,123,-229,1,39
4968,229_124,Cavity,124,-229,1,39
4969,229_125,Cavity,125,-229,1,37
4970,229_126,Brain,126,-229,1,51
4971,229_127,Brain,127,-229,1,51
4972,229_128,Brain,128,-229,1,51
4973,229_129,Brain,129,-229,1,37
4974,229_130,Brain,130,-229,1,38
4975,229_131,Brain,131,-229,1,40
4976,229_132,Cavity,132,-229,1,46
4977,229_82,Cavity,82,-229,1,40
4978,229_83,Brain,83,-229,1,2
4979,229_84,Brain,84,-229,1,8
4980,229_85,Brain,85,-229,1,8
4981,229_86,Brain,86,-229,1,28
4982,229_87,Brain,87,-229,1,26
4983,229_88,Brain,88,-229,1,25
4984,229_89,Brain,89,-229,1,26
4985,229_90,Brain,90,-229,1,26
4986,229_91,Brain,91,-229,1,26
4987,229_92,Brain,92,-229,1,24
4988,229_93,Brain,93,-229,1,26
4989,229_94,Brain,94,-229,1,25
4990,229_95,Brain,95,-229,1,58
4991,229_96,Neural crest,96,-229,1,30
4992,229_97,Neural crest,97,-229,1,58
4993,229_98,Neural crest,98,-229,1,30
4994,229_99,Neural crest,99,-229,1,30
4995,230_100,Neural crest,100,-230,1,58
4996,230_101,Neural crest,101,-230,1,58
4997,230_102,Neural crest,102,-230,1,58
4998,230_103,Neural crest,103,-230,1,58
4999,230_104,Neural crest,104,-230,1,60
5000,230_105,Neural crest,105,-230,1,49
5001,230_106,Neural crest,106,-230,1,59
5002,230_107,Neural crest,107,-230,1,60
5003,230_108,Neural crest,108,-230,1,60
5004,230_109,Notochord,109,-230,1,59
5005,230_110,Notochord,110,-230,1,52
5006,230_111,Notochord,111,-230,1,52
5007,230_112,Notochord,112,-230,1,25
5008,230_113,Notochord,113,-230,1,22
5009,230_114,Notochord,114,-230,1,52
5010,230_115,Brain,115,-230,1,22
5011,230_116,Brain,116,-230,1,22
5012,230_117,Brain,117,-230,1,55
5013,230_118,Cavity,118,-230,1,49
5014,230_119,Cavity,119,-230,1,49
5015,230_120,Cavity,120,-230,1,35
5016,230_121,Cavity,121,-230,1,32
5017,230_122,Cavity,122,-230,1,33
5018,230_123,Cavity,123,-230,1,39
5019,230_124,Cavity,124,-230,1,32
5020,230_125,Cavity,125,-230,1,37
5021,230_126,Brain,126,-230,1,36
5022,230_127,Brain,127,-230,1,51
5023,230_128,Brain,128,-230,1,38
5024,230_129,Brain,129,-230,1,36
5025,230_130,Brain,130,-230,1,41
5026,230_131,Cavity,131,-230,1,40
5027,230_132,Cavity,132,-230,1,83
5028,230_82,Cavity,82,-230,1,80
5029,230_83,Brain,83,-230,1,8
5030,230_84,Brain,84,-230,1,8
5031,230_85,Brain,85,-230,1,8
5032,230_86,Brain,86,-230,1,12
5033,230_87,Brain,87,-230,1,26
5034,230_88,Brain,88,-230,1,26
5035,230_89,Brain,89,-230,1,26
5036,230_90,Brain,90,-230,1,26
5037,230_91,Brain,91,-230,1,26
5038,230_92,Brain,92,-230,1,26
5039,230_93,Brain,93,-230,1,26
5040,230_94,Brain,94,-230,1,24
5041,230_95,Brain,95,-230,1,24
5042,230_96,Brain,96,-230,1,25
5043,230_97,Neural crest,97,-230,1,56
5044,230_98,Neural crest,98,-230,1,58
5045,230_99,Neural crest,99,-230,1,58
5046,231_100,Neural crest,100,-231,1,58
5047,231_101,Neural crest,101,-231,1,59
5048,231_102,Neural crest,102,-231,1,58
5049,231_103,Neural crest,103,-231,1,59
5050,231_104,Neural crest,104,-231,1,60
5051,231_105,Neural crest,105,-231,1,59
5052,231_106,Neural crest,106,-231,1,58
5053,231_107,Neural crest,107,-231,1,59
5054,231_108,Notochord,108,-231,1,52
5055,231_109,Notochord,109,-231,1,52
5056,231_110,Notochord,110,-231,1,52
5057,231_111,Notochord,111,-231,1,52
5058,231_112,Notochord,112,-231,1,22
5059,231_113,Notochord,113,-231,1,52
5060,231_114,Brain,114,-231,1,52
5061,231_115,Brain,115,-231,1,53
5062,231_116,Brain,116,-231,1,55
5063,231_117,Brain,117,-231,1,51
5064,231_118,Cavity,118,-231,1,32
5065,231_119,Cavity,119,-231,1,32
5066,231_120,Cavity,120,-231,1,35
5067,231_121,Cavity,121,-231,1,32
5068,231_122,Cavity,122,-231,1,33
5069,231_123,Cavity,123,-231,1,35
5070,231_124,Cavity,124,-231,1,33
5071,231_125,Cavity,125,-231,1,39
5072,231_126,Cavity,126,-231,1,33
5073,231_127,Brain,127,-231,1,51
5074,231_128,Brain,128,-231,1,51
5075,231_129,Brain,129,-231,1,36
5076,231_130,Brain,130,-231,1,41
5077,231_131,Cavity,131,-231,1,46
5078,231_83,Cavity,83,-231,1,43
5079,231_84,Brain,84,-231,1,8
5080,231_85,Brain,85,-231,1,8
5081,231_86,Brain,86,-231,1,8
5082,231_87,Brain,87,-231,1,25
5083,231_88,Brain,88,-231,1,26
5084,231_89,Brain,89,-231,1,26
5085,231_90,Brain,90,-231,1,26
5086,231_91,Brain,91,-231,1,26
5087,231_92,Brain,92,-231,1,26
5088,231_93,Brain,93,-231,1,24
5089,231_94,Brain,94,-231,1,26
5090,231_95,Brain,95,-231,1,24
5091,231_96,Brain,96,-231,1,25
5092,231_97,Brain,97,-231,1,25
5093,231_98,Neural crest,98,-231,1,58
5094,231_99,Neural crest,99,-231,1,59
5095,232_100,Cavity,100,-232,1,63
5096,232_101,Cavity,101,-232,1,63
5097,232_102,Neural crest,102,-232,1,57
5098,232_103,Neural crest,103,-232,1,61
5099,232_104,Neural crest,104,-232,1,57
5100,232_105,Neural crest,105,-232,1,60
5101,232_106,Neural crest,106,-232,1,59
5102,232_107,Notochord,107,-232,1,58
5103,232_108,Notochord,108,-232,1,52
5104,232_109,Notochord,109,-232,1,52
5105,232_110,Notochord,110,-232,1,52
5106,232_111,Notochord,111,-232,1,22
5107,232_112,Brain,112,-232,1,22
5108,232_113,Brain,113,-232,1,52
5109,232_114,Brain,114,-232,1,52
5110,232_115,Brain,115,-232,1,52
5111,232_116,Brain,116,-232,1,51
5112,232_117,Cavity,117,-232,1,49
5113,232_118,Cavity,118,-232,1,49
5114,232_119,Cavity,119,-232,1,51
5115,232_120,Cavity,120,-232,1,49
5116,232_121,Cavity,121,-232,1,32
5117,232_122,Cavity,122,-232,1,49
5118,232_123,Cavity,123,-232,1,51
5119,232_124,Cavity,124,-232,1,49
5120,232_125,Cavity,125,-232,1,51
5121,232_126,Cavity,126,-232,1,50
5122,232_127,Brain,127,-232,1,50
5123,232_128,Brain,128,-232,1,51
5124,232_129,Brain,129,-232,1,50
5125,232_130,Brain,130,-232,1,41
5126,232_84,Cavity,84,-232,1,6
5127,232_85,Brain,85,-232,1,8
5128,232_86,Brain,86,-232,1,8
5129,232_87,Brain,87,-232,1,12
5130,232_88,Brain,88,-232,1,24
5131,232_89,Brain,89,-232,1,25
5132,232_90,Brain,90,-232,1,26
5133,232_91,Brain,91,-232,1,26
5134,232_92,Brain,92,-232,1,26
5135,232_93,Brain,93,-232,1,24
5136,232_94,Brain,94,-232,1,25
5137,232_95,Brain,95,-232,1,52
5138,232_96,Brain,96,-232,1,24
5139,232_97,Brain,97,-232,1,25
5140,232_98,Brain,98,-232,1,28
5141,232_99,Neural crest,99,-232,1,58
5142,233_100,Neural crest,100,-233,1,58
5143,233_101,Neural crest,101,-233,1,57
5144,233_102,Neural crest,102,-233,1,59
5145,233_103,Neural crest,103,-233,1,57
5146,233_104,Cavity,104,-233,1,63
5147,233_105,Neural crest,105,-233,1,59
5148,233_106,Neural crest,106,-233,1,58
5149,233_107,Notochord,107,-233,1,52
5150,233_108,Notochord,108,-233,1,52
5151,233_109,Notochord,109,-233,1,52
5152,233_110,Notochord,110,-233,1,52
5153,233_111,Brain,111,-233,1,52
5154,233_112,Brain,112,-233,1,52
5155,233_113,Brain,113,-233,1,52
5156,233_114,Brain,114,-233,1,52
5157,233_115,Brain,115,-233,1,52
5158,233_116,Cavity,116,-233,1,51
5159,233_117,Cavity,117,-233,1,35
5160,233_118,Cavity,118,-233,1,32
5161,233_119,Cavity,119,-233,1,32
5162,233_120,Cavity,120,-233,1,49
5163,233_121,Cavity,121,-233,1,36
5164,233_122,Cavity,122,-233,1,37
5165,233_123,Cavity,123,-233,1,39
5166,233_124,Cavity,124,-233,1,51
5167,233_125,Cavity,125,-233,1,51
5168,233_126,Cavity,126,-233,1,51
5169,233_127,Brain,127,-233,1,50
5170,233_128,Brain,128,-233,1,51
5171,233_129,Brain,129,-233,1,50
5172,233_130,Brain,130,-233,1,41
5173,233_131,Cavity,131,-233,1,46
5174,233_84,Cavity,84,-233,1,44
5175,233_85,Brain,85,-233,1,6
5176,233_86,Brain,86,-233,1,6
5177,233_87,Brain,87,-233,1,7
5178,233_88,Brain,88,-233,1,24
5179,233_89,Brain,89,-233,1,26
5180,233_90,Brain,90,-233,1,26
5181,233_91,Brain,91,-233,1,26
5182,233_92,Brain,92,-233,1,26
5183,233_93,Brain,93,-233,1,26
5184,233_94,Brain,94,-233,1,24
5185,233_95,Brain,95,-233,1,24
5186,233_96,Brain,96,-233,1,25
5187,233_97,Brain,97,-233,1,25
5188,233_98,Brain,98,-233,1,25
5189,233_99,Neural crest,99,-233,1,58
5190,234_100,Neural crest,100,-234,1,58
5191,234_101,Neural crest,101,-234,1,58
5192,234_102,Neural crest,102,-234,1,30
5193,234_103,Neural crest,103,-234,1,58
5194,234_104,Neural crest,104,-234,1,59
5195,234_105,Neural crest,105,-234,1,59
5196,234_106,Neural crest,106,-234,1,58
5197,234_107,Notochord,107,-234,1,52
5198,234_108,Notochord,108,-234,1,52
5199,234_109,Notochord,109,-234,1,52
5200,234_110,Notochord,110,-234,1,52
5201,234_111,Brain,111,-234,1,52
5202,234_112,Brain,112,-234,1,53
5203,234_113,Brain,113,-234,1,52
5204,234_114,Brain,114,-234,1,52
5205,234_115,Brain,115,-234,1,55
5206,234_116,Cavity,116,-234,1,32
5207,234_117,Cavity,117,-234,1,48
5208,234_118,Cavity,118,-234,1,32
5209,234_119,Cavity,119,-234,1,48
5210,234_120,Cavity,120,-234,1,49
5211,234_121,Cavity,121,-234,1,37
5212,234_122,Cavity,122,-234,1,49
5213,234_123,Cavity,123,-234,1,39
5214,234_124,Cavity,124,-234,1,51
5215,234_125,Cavity,125,-234,1,33
5216,234_126,Cavity,126,-234,1,51
5217,234_127,Brain,127,-234,1,50
5218,234_128,Brain,128,-234,1,51
5219,234_129,Brain,129,-234,1,50
5220,234_130,Brain,130,-234,1,36
5221,234_131,Cavity,131,-234,1,46
5222,234_85,Cavity,85,-234,1,42
5223,234_86,Brain,86,-234,1,8
5224,234_87,Brain,87,-234,1,8
5225,234_88,Brain,88,-234,1,25
5226,234_89,Brain,89,-234,1,24
5227,234_90,Brain,90,-234,1,26
5228,234_91,Brain,91,-234,1,26
5229,234_92,Brain,92,-234,1,26
5230,234_93,Brain,93,-234,1,26
5231,234_94,Brain,94,-234,1,24
5232,234_95,Brain,95,-234,1,25
5233,234_96,Brain,96,-234,1,24
5234,234_97,Brain,97,-234,1,25
5235,234_98,Brain,98,-234,1,25
5236,234_99,Brain,99,-234,1,58
5237,235_100,Neural crest,100,-235,1,30
5238,235_101,Neural crest,101,-235,1,70
5239,235_102,Neural crest,102,-235,1,57
5240,235_103,Neural crest,103,-235,1,59
5241,235_104,Neural crest,104,-235,1,58
5242,235_105,Neural crest,105,-235,1,58
5243,235_106,Neural crest,106,-235,1,58
5244,235_107,Notochord,107,-235,1,52
5245,235_108,Notochord,108,-235,1,52
5246,235_109,Notochord,109,-235,1,52
5247,235_110,Notochord,110,-235,1,52
5248,235_111,Notochord,111,-235,1,52
5249,235_112,Brain,112,-235,1,52
5250,235_113,Brain,113,-235,1,52
5251,235_114,Cavity,114,-235,1,48
5252,235_115,Cavity,115,-235,1,49
5253,235_116,Cavity,116,-235,1,48
5254,235_117,Cavity,117,-235,1,49
5255,235_118,Cavity,118,-235,1,35
5256,235_119,Cavity,119,-235,1,48
5257,235_120,Cavity,120,-235,1,48
5258,235_121,Cavity,121,-235,1,51
5259,235_122,Cavity,122,-235,1,49
5260,235_123,Cavity,123,-235,1,48
5261,235_124,Cavity,124,-235,1,51
5262,235_125,Cavity,125,-235,1,48
5263,235_126,Cavity,126,-235,1,51
5264,235_127,Brain,127,-235,1,54
5265,235_128,Brain,128,-235,1,50
5266,235_129,Brain,129,-235,1,51
5267,235_130,Brain,130,-235,1,51
5268,235_131,Cavity,131,-235,1,36
5269,235_85,Cavity,85,-235,1,83
5270,235_86,Brain,86,-235,1,8
5271,235_87,Brain,87,-235,1,7
5272,235_88,Brain,88,-235,1,24
5273,235_89,Brain,89,-235,1,24
5274,235_90,Brain,90,-235,1,24
5275,235_91,Brain,91,-235,1,24
5276,235_92,Brain,92,-235,1,26
5277,235_93,Brain,93,-235,1,26
5278,235_94,Brain,94,-235,1,25
5279,235_95,Brain,95,-235,1,24
5280,235_96,Brain,96,-235,1,24
5281,235_97,Brain,97,-235,1,24
5282,235_98,Brain,98,-235,1,25
5283,235_99,Brain,99,-235,1,52
5284,236_100,Brain,100,-236,1,25
5285,236_101,Brain,101,-236,1,30
5286,236_102,Neural crest,102,-236,1,30
5287,236_103,Neural crest,103,-236,1,30
5288,236_104,Neural crest,104,-236,1,58
5289,236_105,Neural crest,105,-236,1,30
5290,236_106,Neural crest,106,-236,1,58
5291,236_107,Notochord,107,-236,1,52
5292,236_108,Notochord,108,-236,1,52
5293,236_109,Notochord,109,-236,1,52
5294,236_110,Notochord,110,-236,1,52
5295,236_111,Notochord,111,-236,1,52
5296,236_112,Notochord,112,-236,1,52
5297,236_113,Cavity,113,-236,1,48
5298,236_114,Cavity,114,-236,1,48
5299,236_115,Cavity,115,-236,1,32
5300,236_116,Cavity,116,-236,1,49
5301,236_117,Cavity,117,-236,1,32
5302,236_118,Cavity,118,-236,1,51
5303,236_119,Cavity,119,-236,1,48
5304,236_120,Cavity,120,-236,1,48
5305,236_121,Cavity,121,-236,1,48
5306,236_122,Cavity,122,-236,1,51
5307,236_123,Cavity,123,-236,1,39
5308,236_124,Cavity,124,-236,1,49
5309,236_125,Cavity,125,-236,1,49
5310,236_126,Cavity,126,-236,1,51
5311,236_127,Brain,127,-236,1,54
5312,236_128,Brain,128,-236,1,50
5313,236_129,Brain,129,-236,1,50
5314,236_130,Brain,130,-236,1,50
5315,236_131,Cavity,131,-236,1,38
5316,236_86,Brain,86,-236,1,8
5317,236_87,Brain,87,-236,1,7
5318,236_88,Brain,88,-236,1,7
5319,236_89,Brain,89,-236,1,24
5320,236_90,Brain,90,-236,1,24
5321,236_91,Brain,91,-236,1,26
5322,236_92,Brain,92,-236,1,24
5323,236_93,Brain,93,-236,1,24
5324,236_94,Brain,94,-236,1,25
5325,236_95,Brain,95,-236,1,24
5326,236_96,Brain,96,-236,1,24
5327,236_97,Brain,97,-236,1,24
5328,236_98,Brain,98,-236,1,25
5329,236_99,Brain,99,-236,1,25
5330,237_100,Brain,100,-237,1,52
5331,237_101,Brain,101,-237,1,25
5332,237_102,Brain,102,-237,1,30
5333,237_103,Neural crest,103,-237,1,58
5334,237_104,Neural crest,104,-237,1,58
5335,237_105,Neural crest,105,-237,1,30
5336,237_106,Notochord,106,-237,1,30
5337,237_107,Notochord,107,-237,1,52
5338,237_108,Notochord,108,-237,1,52
5339,237_109,Notochord,109,-237,1,52
5340,237_110,Notochord,110,-237,1,52
5341,237_111,Cavity,111,-237,1,48
5342,237_112,Cavity,112,-237,1,49
5343,237_113,Cavity,113,-237,1,48
5344,237_114,Cavity,114,-237,1,48
5345,237_115,Notochord,115,-237,1,49
5346,237_116,Cavity,116,-237,1,48
5347,237_117,Cavity,117,-237,1,51
5348,237_118,Cavity,118,-237,1,49
5349,237_119,Cavity,119,-237,1,51
5350,237_120,Cavity,120,-237,1,48
5351,237_121,Cavity,121,-237,1,51
5352,237_122,Cavity,122,-237,1,51
5353,237_123,Cavity,123,-237,1,39
5354,237_124,Cavity,124,-237,1,37
5355,237_125,Brain,125,-237,1,55
5356,237_126,Brain,126,-237,1,54
5357,237_127,Brain,127,-237,1,54
5358,237_128,Brain,128,-237,1,50
5359,237_129,Brain,129,-237,1,50
5360,237_130,Brain,130,-237,1,50
5361,237_131,Brain,131,-237,1,41
5362,237_86,Cavity,86,-237,1,47
5363,237_87,Brain,87,-237,1,2
5364,237_88,Brain,88,-237,1,7
5365,237_89,Brain,89,-237,1,24
5366,237_90,Brain,90,-237,1,24
5367,237_91,Brain,91,-237,1,24
5368,237_92,Brain,92,-237,1,27
5369,237_93,Brain,93,-237,1,25
5370,237_94,Brain,94,-237,1,24
5371,237_95,Brain,95,-237,1,52
5372,237_96,Brain,96,-237,1,25
5373,237_97,Brain,97,-237,1,25
5374,237_98,Brain,98,-237,1,25
5375,237_99,Brain,99,-237,1,52
5376,238_100,Brain,100,-238,1,25
5377,238_101,Brain,101,-238,1,25
5378,238_102,Brain,102,-238,1,33
5379,238_103,Brain,103,-238,1,52
5380,238_104,Notochord,104,-238,1,25
5381,238_105,Notochord,105,-238,1,52
5382,238_106,Notochord,106,-238,1,52
5383,238_107,Notochord,107,-238,1,52
5384,238_108,Notochord,108,-238,1,52
5385,238_109,Notochord,109,-238,1,52
5386,238_110,Notochord,110,-238,1,49
5387,238_111,Cavity,111,-238,1,49
5388,238_112,Cavity,112,-238,1,49
5389,238_113,Cavity,113,-238,1,32
5390,238_114,Cavity,114,-238,1,48
5391,238_115,Cavity,115,-238,1,32
5392,238_116,Cavity,116,-238,1,49
5393,238_117,Cavity,117,-238,1,49
5394,238_118,Cavity,118,-238,1,49
5395,238_119,Cavity,119,-238,1,51
5396,238_120,Cavity,120,-238,1,49
5397,238_121,Cavity,121,-238,1,51
5398,238_122,Cavity,122,-238,1,49
5399,238_123,Cavity,123,-238,1,50
5400,238_124,Brain,124,-238,1,55
5401,238_125,Brain,125,-238,1,54
5402,238_126,Brain,126,-238,1,55
5403,238_127,Brain,127,-238,1,50
5404,238_128,Brain,128,-238,1,51
5405,238_129,Brain,129,-238,1,54
5406,238_130,Brain,130,-238,1,51
5407,238_131,Cavity,131,-238,1,40
5408,238_87,Brain,87,-238,1,42
5409,238_88,Brain,88,-238,1,7
5410,238_89,Brain,89,-238,1,7
5411,238_90,Brain,90,-238,1,24
5412,238_91,Brain,91,-238,1,24
5413,238_92,Brain,92,-238,1,24
5414,238_93,Brain,93,-238,1,24
5415,238_94,Brain,94,-238,1,24
5416,238_95,Brain,95,-238,1,52
5417,238_96,Brain,96,-238,1,52
5418,238_97,Brain,97,-238,1,25
5419,238_98,Brain,98,-238,1,25
5420,238_99,Brain,99,-238,1,25
5421,239_100,Brain,100,-239,1,25
5422,239_101,Brain,101,-239,1,52
5423,239_102,Brain,102,-239,1,25
5424,239_103,Brain,103,-239,1,52
5425,239_104,Brain,104,-239,1,25
5426,239_105,Notochord,105,-239,1,52
5427,239_106,Notochord,106,-239,1,52
5428,239_107,Notochord,107,-239,1,52
5429,239_108,Notochord,108,-239,1,52
5430,239_109,Notochord,109,-239,1,48
5431,239_110,Cavity,110,-239,1,48
5432,239_111,Cavity,111,-239,1,49
5433,239_112,Cavity,112,-239,1,32
5434,239_113,Cavity,113,-239,1,35
5435,239_114,Cavity,114,-239,1,48
5436,239_115,Cavity,115,-239,1,48
5437,239_116,Cavity,116,-239,1,51
5438,239_117,Cavity,117,-239,1,49
5439,239_118,Cavity,118,-239,1,33
5440,239_119,Cavity,119,-239,1,48
5441,239_120,Cavity,120,-239,1,48
5442,239_121,Brain,121,-239,1,55
5443,239_122,Brain,122,-239,1,55
5444,239_123,Cavity,123,-239,1,54
5445,239_124,Brain,124,-239,1,54
5446,239_125,Brain,125,-239,1,54
5447,239_126,Brain,126,-239,1,54
5448,239_127,Brain,127,-239,1,50
5449,239_128,Brain,128,-239,1,51
5450,239_129,Brain,129,-239,1,16
5451,239_130,Brain,130,-239,1,51
5452,239_131,Cavity,131,-239,1,45
5453,239_87,Cavity,87,-239,1,46
5454,239_88,Brain,88,-239,1,6
5455,239_89,Brain,89,-239,1,7
5456,239_90,Brain,90,-239,1,24
5457,239_91,Brain,91,-239,1,24
5458,239_92,Brain,92,-239,1,24
5459,239_93,Brain,93,-239,1,25
5460,239_94,Brain,94,-239,1,24
5461,239_95,Brain,95,-239,1,25
5462,239_96,Brain,96,-239,1,25
5463,239_97,Brain,97,-239,1,48
5464,239_98,Brain,98,-239,1,25
5465,239_99,Brain,99,-239,1,52
5466,240_100,Brain,100,-240,1,25
5467,240_101,Brain,101,-240,1,52
5468,240_102,Brain,102,-240,1,52
5469,240_103,Brain,103,-240,1,52
5470,240_104,Brain,104,-240,1,52
5471,240_105,Notochord,105,-240,1,52
5472,240_106,Notochord,106,-240,1,52
5473,240_107,Notochord,107,-240,1,55
5474,240_108,Cavity,108,-240,1,48
5475,240_109,Cavity,109,-240,1,49
5476,240_110,Cavity,110,-240,1,32
5477,240_111,Cavity,111,-240,1,32
5478,240_112,Cavity,112,-240,1,48
5479,240_113,Cavity,113,-240,1,49
5480,240_114,Cavity,114,-240,1,51
5481,240_115,Cavity,115,-240,1,60
5482,240_116,Cavity,116,-240,1,49
5483,240_117,Cavity,117,-240,1,48
5484,240_118,Cavity,118,-240,1,48
5485,240_119,Cavity,119,-240,1,48
5486,240_120,Brain,120,-240,1,54
5487,240_121,Brain,121,-240,1,54
5488,240_122,Brain,122,-240,1,54
5489,240_123,Brain,123,-240,1,54
5490,240_124,Brain,124,-240,1,54
5491,240_125,Brain,125,-240,1,54
5492,240_126,Brain,126,-240,1,54
5493,240_127,Brain,127,-240,1,54
5494,240_128,Brain,128,-240,1,50
5495,240_129,Brain,129,-240,1,51
5496,240_130,Brain,130,-240,1,41
5497,240_88,Cavity,88,-240,1,42
5498,240_89,Brain,89,-240,1,8
5499,240_90,Brain,90,-240,1,7
5500,240_91,Brain,91,-240,1,24
5501,240_92,Brain,92,-240,1,24
5502,240_93,Brain,93,-240,1,24
5503,240_94,Brain,94,-240,1,24
5504,240_95,Brain,95,-240,1,25
5505,240_96,Brain,96,-240,1,25
5506,240_97,Brain,97,-240,1,25
5507,240_98,Brain,98,-240,1,25
5508,240_99,Brain,99,-240,1,52
5509,241_100,Brain,100,-241,1,25
5510,241_101,Brain,101,-241,1,55
5511,241_102,Brain,102,-241,1,52
5512,241_103,Brain,103,-241,1,55
5513,241_104,Cavity,104,-241,1,52
5514,241_105,Cavity,105,-241,1,55
5515,241_106,Cavity,106,-241,1,48
5516,241_107,Cavity,107,-241,1,48
5517,241_108,Cavity,108,-241,1,48
5518,241_109,Cavity,109,-241,1,48
5519,241_110,Cavity,110,-241,1,48
5520,241_111,Cavity,111,-241,1,32
5521,241_112,Cavity,112,-241,1,48
5522,241_113,Cavity,113,-241,1,51
5523,241_114,Cavity,114,-241,1,48
5524,241_115,Cavity,115,-241,1,49
5525,241_116,Cavity,116,-241,1,48
5526,241_117,Cavity,117,-241,1,51
5527,241_118,Brain,118,-241,1,55
5528,241_119,Brain,119,-241,1,50
5529,241_120,Brain,120,-241,1,55
5530,241_121,Brain,121,-241,1,55
5531,241_122,Brain,122,-241,1,55
5532,241_123,Brain,123,-241,1,54
5533,241_124,Brain,124,-241,1,54
5534,241_125,Brain,125,-241,1,54
5535,241_126,Brain,126,-241,1,54
5536,241_127,Brain,127,-241,1,54
5537,241_128,Brain,128,-241,1,50
5538,241_129,Brain,129,-241,1,50
5539,241_130,Cavity,130,-241,1,40
5540,241_88,Cavity,88,-241,1,45
5541,241_89,Brain,89,-241,1,41
5542,241_90,Brain,90,-241,1,7
5543,241_91,Brain,91,-241,1,7
5544,241_92,Brain,92,-241,1,24
5545,241_93,Brain,93,-241,1,24
5546,241_94,Brain,94,-241,1,24
5547,241_95,Brain,95,-241,1,24
5548,241_96,Brain,96,-241,1,25
5549,241_97,Brain,97,-241,1,52
5550,241_98,Brain,98,-241,1,25
5551,241_99,Brain,99,-241,1,25
5552,242_100,Brain,100,-242,1,52
5553,242_101,Brain,101,-242,1,52
5554,242_102,Brain,102,-242,1,55
5555,242_103,Cavity,103,-242,1,55
5556,242_104,Cavity,104,-242,1,48
5557,242_105,Cavity,105,-242,1,48
5558,242_106,Cavity,106,-242,1,48
5559,242_107,Cavity,107,-242,1,48
5560,242_108,Cavity,108,-242,1,48
5561,242_109,Cavity,109,-242,1,48
5562,242_110,Cavity,110,-242,1,48
5563,242_111,Cavity,111,-242,1,48
5564,242_112,Cavity,112,-242,1,48
5565,242_113,Cavity,113,-242,1,51
5566,242_114,Cavity,114,-242,1,48
5567,242_115,Cavity,115,-242,1,48
5568,242_116,Brain,116,-242,1,55
5569,242_117,Brain,117,-242,1,55
5570,242_118,Brain,118,-242,1,55
5571,242_119,Brain,119,-242,1,55
5572,242_120,Brain,120,-242,1,54
5573,242_121,Brain,121,-242,1,54
5574,242_122,Brain,122,-242,1,54
5575,242_123,Brain,123,-242,1,54
5576,242_124,Brain,124,-242,1,54
5577,242_125,Brain,125,-242,1,54
5578,242_126,Brain,126,-242,1,54
5579,242_127,Brain,127,-242,1,4
5580,242_128,Brain,128,-242,1,51
5581,242_129,Brain,129,-242,1,36
5582,242_130,Cavity,130,-242,1,83
5583,242_89,Cavity,89,-242,1,45
5584,242_90,Brain,90,-242,1,6
5585,242_91,Brain,91,-242,1,6
5586,242_92,Brain,92,-242,1,6
5587,242_93,Brain,93,-242,1,24
5588,242_94,Brain,94,-242,1,25
5589,242_95,Brain,95,-242,1,24
5590,242_96,Brain,96,-242,1,25
5591,242_97,Brain,97,-242,1,55
5592,242_98,Brain,98,-242,1,52
5593,242_99,Brain,99,-242,1,52
5594,243_100,Brain,100,-243,1,20
5595,243_101,Brain,101,-243,1,55
5596,243_102,Brain,102,-243,1,55
5597,243_103,Cavity,103,-243,1,48
5598,243_104,Cavity,104,-243,1,55
5599,243_105,Cavity,105,-243,1,48
5600,243_106,Cavity,106,-243,1,55
5601,243_107,Cavity,107,-243,1,48
5602,243_108,Cavity,108,-243,1,48
5603,243_109,Cavity,109,-243,1,48
5604,243_110,Cavity,110,-243,1,48
5605,243_111,Cavity,111,-243,1,51
5606,243_112,Cavity,112,-243,1,51
5607,243_113,Cavity,113,-243,1,51
5608,243_114,Cavity,114,-243,1,48
5609,243_115,Cavity,115,-243,1,48
5610,243_116,Brain,116,-243,1,55
5611,243_117,Brain,117,-243,1,55
5612,243_118,Brain,118,-243,1,54
5613,243_119,Brain,119,-243,1,54
5614,243_120,Brain,120,-243,1,54
5615,243_121,Brain,121,-243,1,54
5616,243_122,Brain,122,-243,1,54
5617,243_123,Brain,123,-243,1,54
5618,243_124,Brain,124,-243,1,54
5619,243_125,Brain,125,-243,1,54
5620,243_126,Brain,126,-243,1,4
5621,243_127,Brain,127,-243,1,51
5622,243_128,Cavity,128,-243,1,54
5623,243_129,Cavity,129,-243,1,51
5624,243_90,Cavity,90,-243,1,45
5625,243_91,Brain,91,-243,1,42
5626,243_92,Cavity,92,-243,1,42
5627,243_93,Brain,93,-243,1,7
5628,243_94,Brain,94,-243,1,24
5629,243_95,Brain,95,-243,1,25
5630,243_96,Brain,96,-243,1,25
5631,243_97,Brain,97,-243,1,55
5632,243_98,Brain,98,-243,1,25
5633,243_99,Brain,99,-243,1,55
5634,244_100,Brain,100,-244,1,55
5635,244_101,Brain,101,-244,1,55
5636,244_102,Brain,102,-244,1,55
5637,244_103,Brain,103,-244,1,55
5638,244_104,Cavity,104,-244,1,48
5639,244_105,Cavity,105,-244,1,55
5640,244_106,Cavity,106,-244,1,48
5641,244_107,Cavity,107,-244,1,48
5642,244_108,Cavity,108,-244,1,55
5643,244_109,Cavity,109,-244,1,48
5644,244_110,Cavity,110,-244,1,48
5645,244_111,Cavity,111,-244,1,48
5646,244_112,Cavity,112,-244,1,48
5647,244_113,Cavity,113,-244,1,48
5648,244_114,Cavity,114,-244,1,51
5649,244_115,Brain,115,-244,1,54
5650,244_116,Brain,116,-244,1,54
5651,244_117,Brain,117,-244,1,55
5652,244_118,Brain,118,-244,1,54
5653,244_119,Brain,119,-244,1,54
5654,244_120,Brain,120,-244,1,54
5655,244_121,Brain,121,-244,1,54
5656,244_122,Brain,122,-244,1,54
5657,244_123,Cavity,123,-244,1,51
5658,244_124,Brain,124,-244,1,54
5659,244_125,Brain,125,-244,1,4
5660,244_126,Brain,126,-244,1,51
5661,244_127,Cavity,127,-244,1,37
5662,244_128,Cavity,128,-244,1,51
5663,244_129,Cavity,129,-244,1,39
5664,244_91,Cavity,91,-244,1,46
5665,244_92,Cavity,92,-244,1,43
5666,244_93,Brain,93,-244,1,7
5667,244_94,Brain,94,-244,1,2
5668,244_95,Brain,95,-244,1,24
5669,244_96,Brain,96,-244,1,24
5670,244_97,Brain,97,-244,1,25
5671,244_98,Brain,98,-244,1,55
5672,244_99,Brain,99,-244,1,55
5673,245_100,Brain,100,-245,1,55
5674,245_101,Brain,101,-245,1,55
5675,245_102,Brain,102,-245,1,55
5676,245_103,Brain,103,-245,1,55
5677,245_104,Brain,104,-245,1,55
5678,245_105,Cavity,105,-245,1,55
5679,245_106,Cavity,106,-245,1,55
5680,245_107,Cavity,107,-245,1,54
5681,245_108,Cavity,108,-245,1,48
5682,245_109,Cavity,109,-245,1,48
5683,245_110,Cavity,110,-245,1,48
5684,245_111,Cavity,111,-245,1,49
5685,245_112,Cavity,112,-245,1,51
5686,245_113,Cavity,113,-245,1,48
5687,245_114,Cavity,114,-245,1,54
5688,245_115,Brain,115,-245,1,54
5689,245_116,Brain,116,-245,1,54
5690,245_117,Brain,117,-245,1,54
5691,245_118,Brain,118,-245,1,54
5692,245_119,Brain,119,-245,1,54
5693,245_120,Brain,120,-245,1,54
5694,245_121,Brain,121,-245,1,54
5695,245_122,Brain,122,-245,1,54
5696,245_123,Cavity,123,-245,1,47
5697,245_124,Brain,124,-245,1,4
5698,245_125,Brain,125,-245,1,41
5699,245_126,Brain,126,-245,1,5
5700,245_127,Brain,127,-245,1,41
5701,245_128,Cavity,128,-245,1,46
5702,245_93,Brain,93,-245,1,6
5703,245_94,Brain,94,-245,1,8
5704,245_95,Brain,95,-245,1,7
5705,245_96,Brain,96,-245,1,25
5706,245_97,Brain,97,-245,1,25
5707,245_98,Brain,98,-245,1,55
5708,245_99,Brain,99,-245,1,55
5709,246_100,Brain,100,-246,1,55
5710,246_101,Brain,101,-246,1,55
5711,246_102,Brain,102,-246,1,55
5712,246_103,Brain,103,-246,1,55
5713,246_104,Brain,104,-246,1,55
5714,246_105,Brain,105,-246,1,55
5715,246_106,Brain,106,-246,1,55
5716,246_107,Brain,107,-246,1,54
5717,246_108,Brain,108,-246,1,55
5718,246_109,Cavity,109,-246,1,50
5719,246_110,Cavity,110,-246,1,48
5720,246_111,Cavity,111,-246,1,51
5721,246_112,Cavity,112,-246,1,51
5722,246_113,Cavity,113,-246,1,51
5723,246_114,Cavity,114,-246,1,51
5724,246_115,Cavity,115,-246,1,50
5725,246_116,Cavity,116,-246,1,54
5726,246_117,Brain,117,-246,1,54
5727,246_118,Brain,118,-246,1,55
5728,246_119,Brain,119,-246,1,41
5729,246_120,Neural crest,120,-246,1,51
5730,246_121,Neural crest,121,-246,1,41
5731,246_122,Brain,122,-246,1,41
5732,246_123,Cavity,123,-246,1,82
5733,246_124,Cavity,124,-246,1,47
5734,246_125,Cavity,125,-246,1,46
5735,246_126,Cavity,126,-246,1,46
5736,246_94,Cavity,94,-246,1,81
5737,246_95,Cavity,95,-246,1,40
5738,246_96,Brain,96,-246,1,42
5739,246_97,Brain,97,-246,1,41
5740,246_98,Brain,98,-246,1,55
5741,246_99,Brain,99,-246,1,54
5742,247_100,Brain,100,-247,1,55
5743,247_101,Brain,101,-247,1,55
5744,247_102,Brain,102,-247,1,55
5745,247_103,Brain,103,-247,1,55
5746,247_104,Brain,104,-247,1,55
5747,247_105,Brain,105,-247,1,55
5748,247_106,Brain,106,-247,1,55
5749,247_107,Brain,107,-247,1,55
5750,247_108,Brain,108,-247,1,55
5751,247_109,Brain,109,-247,1,55
5752,247_110,Cavity,110,-247,1,48
5753,247_111,Cavity,111,-247,1,54
5754,247_112,Cavity,112,-247,1,50
5755,247_113,Cavity,113,-247,1,55
5756,247_114,Cavity,114,-247,1,54
5757,247_115,Brain,115,-247,1,54
5758,247_116,Brain,116,-247,1,55
5759,247_117,Brain,117,-247,1,54
5760,247_118,Brain,118,-247,1,54
5761,247_119,Brain,119,-247,1,4
5762,247_120,Brain,120,-247,1,5
5763,247_121,Brain,121,-247,1,5
5764,247_122,Brain,122,-247,1,2
5765,247_123,Cavity,123,-247,1,40
5766,247_124,Cavity,124,-247,1,42
5767,247_125,Cavity,125,-247,1,41
5768,247_126,Cavity,126,-247,1,80
5769,247_94,Cavity,94,-247,1,44
5770,247_95,Cavity,95,-247,1,42
5771,247_96,Brain,96,-247,1,6
5772,247_97,Brain,97,-247,1,8
5773,247_98,Brain,98,-247,1,24
5774,247_99,Brain,99,-247,1,25
5775,248_100,Brain,100,-248,1,55
5776,248_101,Brain,101,-248,1,54
5777,248_102,Brain,102,-248,1,54
5778,248_103,Brain,103,-248,1,54
5779,248_104,Brain,104,-248,1,55
5780,248_105,Brain,105,-248,1,54
5781,248_106,Brain,106,-248,1,54
5782,248_107,Brain,107,-248,1,55
5783,248_108,Brain,108,-248,1,54
5784,248_109,Brain,109,-248,1,55
5785,248_110,Brain,110,-248,1,55
5786,248_111,Brain,111,-248,1,55
5787,248_112,Brain,112,-248,1,54
5788,248_113,Brain,113,-248,1,54
5789,248_114,Brain,114,-248,1,54
5790,248_115,Brain,115,-248,1,55
5791,248_116,Brain,116,-248,1,55
5792,248_117,Brain,117,-248,1,54
5793,248_118,Brain,118,-248,1,4
5794,248_119,Brain,119,-248,1,4
5795,248_120,Brain,120,-248,1,4
5796,248_121,Brain,121,-248,1,5
5797,248_122,Brain,122,-248,1,4
5798,248_123,Cavity,123,-248,1,47
5799,248_124,Cavity,124,-248,1,41
5800,248_125,Cavity,125,-248,1,44
5801,248_95,Cavity,95,-248,1,44
5802,248_96,Brain,96,-248,1,42
5803,248_97,Brain,97,-248,1,6
5804,248_98,Brain,98,-248,1,7
5805,248_99,Brain,99,-248,1,25
5806,249_100,Brain,100,-249,1,4
5807,249_101,Brain,101,-249,1,4
5808,249_102,Brain,102,-249,1,54
5809,249_103,Brain,103,-249,1,55
5810,249_104,Brain,104,-249,1,55
5811,249_105,Brain,105,-249,1,54
5812,249_106,Brain,106,-249,1,54
5813,249_107,Brain,107,-249,1,54
5814,249_108,Brain,108,-249,1,55
5815,249_109,Brain,109,-249,1,54
5816,249_110,Brain,110,-249,1,54
5817,249_111,Brain,111,-249,1,54
5818,249_112,Brain,112,-249,1,54
5819,249_113,Brain,113,-249,1,54
5820,249_114,Brain,114,-249,1,54
5821,249_115,Brain,115,-249,1,4
5822,249_116,Brain,116,-249,1,4
5823,249_117,Brain,117,-249,1,4
5824,249_118,Brain,118,-249,1,5
5825,249_119,Brain,119,-249,1,5
5826,249_120,Brain,120,-249,1,5
5827,249_121,Brain,121,-249,1,6
5828,249_122,Brain,122,-249,1,5
5829,249_123,Cavity,123,-249,1,44
5830,249_96,Cavity,96,-249,1,81
5831,249_97,Brain,97,-249,1,42
5832,249_98,Brain,98,-249,1,7
5833,249_99,Brain,99,-249,1,7
5834,250_100,Brain,100,-250,1,6
5835,250_101,Brain,101,-250,1,7
5836,250_102,Brain,102,-250,1,4
5837,250_103,Brain,103,-250,1,4
5838,250_104,Brain,104,-250,1,4
5839,250_105,Brain,105,-250,1,4
5840,250_106,Brain,106,-250,1,54
5841,250_107,Brain,107,-250,1,54
5842,250_108,Brain,108,-250,1,54
5843,250_109,Brain,109,-250,1,54
5844,250_110,Brain,110,-250,1,4
5845,250_111,Brain,111,-250,1,54
5846,250_112,Brain,112,-250,1,54
5847,250_113,Brain,113,-250,1,54
5848,250_114,Brain,114,-250,1,4
5849,250_115,Brain,115,-250,1,4
5850,250_116,Brain,116,-250,1,4
5851,250_117,Brain,117,-250,1,5
5852,250_118,Brain,118,-250,1,5
5853,250_119,Brain,119,-250,1,5
5854,250_120,Brain,120,-250,1,5
5855,250_121,Brain,121,-250,1,42
5856,250_122,Cavity,122,-250,1,47
5857,250_97,Cavity,97,-250,1,82
5858,250_98,Cavity,98,-250,1,42
5859,250_99,Brain,99,-250,1,6
5860,251_100,Brain,100,-251,1,42
5861,251_101,Brain,101,-251,1,42
5862,251_102,Brain,102,-251,1,5
5863,251_103,Brain,103,-251,1,5
5864,251_104,Brain,104,-251,1,6
5865,251_105,Brain,105,-251,1,5
5866,251_106,Brain,106,-251,1,5
5867,251_107,Brain,107,-251,1,4
5868,251_108,Brain,108,-251,1,4
5869,251_109,Brain,109,-251,1,4
5870,251_110,Brain,110,-251,1,4
5871,251_111,Brain,111,-251,1,4
5872,251_112,Brain,112,-251,1,4
5873,251_113,Brain,113,-251,1,4
5874,251_114,Brain,114,-251,1,4
5875,251_115,Brain,115,-251,1,4
5876,251_116,Brain,116,-251,1,5
5877,251_117,Brain,117,-251,1,5
5878,251_118,Brain,118,-251,1,5
5879,251_119,Brain,119,-251,1,41
5880,251_120,Cavity,120,-251,1,40
5881,251_99,Cavity,99,-251,1,47
5882,252_100,Cavity,100,-252,1,80
5883,252_101,Cavity,101,-252,1,47
5884,252_102,Cavity,102,-252,1,41
5885,252_103,Brain,103,-252,1,42
5886,252_104,Brain,104,-252,1,111
5887,252_105,Brain,105,-252,1,6
5888,252_106,Brain,106,-252,1,5
5889,252_107,Brain,107,-252,1,5
5890,252_108,Brain,108,-252,1,5
5891,252_109,Brain,109,-252,1,5
5892,252_110,Brain,110,-252,1,4
5893,252_111,Brain,111,-252,1,5
5894,252_112,Brain,112,-252,1,4
5895,252_113,Brain,113,-252,1,5
5896,252_114,Brain,114,-252,1,5
5897,252_115,Brain,115,-252,1,4
5898,252_116,Brain,116,-252,1,41
5899,252_117,Cavity,117,-252,1,42
5900,252_118,Cavity,118,-252,1,46
5901,253_103,Cavity,103,-253,1,45
5902,253_104,Cavity,104,-253,1,47
5903,253_105,Cavity,105,-253,1,43
5904,253_106,Cavity,106,-253,1,40
5905,253_107,Cavity,107,-253,1,42
5906,253_108,Cavity,108,-253,1,40
5907,253_109,Cavity,109,-253,1,41
5908,253_110,Cavity,110,-253,1,41
5909,253_111,Cavity,111,-253,1,42
5910,253_112,Cavity,112,-253,1,42
5911,253_113,Cavity,113,-253,1,47
5912,253_114,Cavity,114,-253,1,81
