邻居细胞,方向,排名,通道,目标细胞,目标细胞基因,邻居细胞基因,强度,显著性
AGM,发送,1,PDGFC_PDGFRA,AGM,PDGFC,PDGFRA,0.722,0.0
AGM,发送,2,TENM3_ADGRL2,AGM,TENM3,ADGRL2,0.666,0.0
AGM,发送,3,TENM4_ADGRL2,AGM,TENM4,ADGRL2,0.579,0.0
AGM,发送,4,FLRT3_ADGRL2,AGM,FLRT3,ADGRL2,0.567,0.001
AGM,发送,5,SLIT2_ROBO1,AGM,SLIT2,ROBO1,0.561,0.0
AGM,发送,6,GJC1_GJC1,AGM,GJC1,GJC1,0.556,0.0
AGM,发送,7,LRFN4_PTPRD,AGM,LRFN4,PTPRD,0.523,0.0
AGM,发送,8,WNT5A_SFRP1,AGM,WNT5A,SFRP1,0.518,0.0
AGM,发送,9,EFNA5_EPHA7,AGM,EFNA5,EPHA7,0.513,0.0
AGM,发送,10,atRetinoicAcid_byALDH1A2_RAreceptor_RARA,AGM,atRetinoicAcid,byALDH1A2,0.512,0.0
AGM,发送,11,PTPRD_IL1RAPL1,AGM,PTPRD,IL1RAPL1,0.496,0.0
AGM,发送,12,atRetinoicAcid_byALDH1A2_RAreceptor_RXRB,AGM,atRetinoicAcid,byALDH1A2,0.495,0.0
AGM,发送,13,BMPR1B_BMPR2_BMPR1A,AGM,BMPR1B,BMPR2,0.482,0.023
AGM,发送,14,atRetinoicAcid_byALDH1A2_RAreceptor_RARA_RXRA,AGM,atRetinoicAcid,byALDH1A2,0.459,0.0
AGM,发送,15,atRetinoicAcid_byALDH1A2_RAreceptor_RXRA,AGM,atRetinoicAcid,byALDH1A2,0.459,0.0
AGM,发送,16,EFNA5_EPHA4,AGM,EFNA5,EPHA4,0.459,0.0
AGM,发送,17,EFNA5_EPHB2,AGM,EFNA5,EPHB2,0.45,0.001
AGM,发送,18,TENM3_ADGRL1,AGM,TENM3,ADGRL1,0.442,0.03
AGM,发送,19,PDGFA_PDGFRA,AGM,PDGFA,PDGFRA,0.438,0.041
AGM,发送,20,TENM3_ADGRL3,AGM,TENM3,ADGRL3,0.435,0.01
AGM,发送,21,WNT5B_SFRP1,AGM,WNT5B,SFRP1,0.434,0.0
AGM,发送,22,TENM2_FLRT3_complex_ADGRL2,AGM,TENM2,FLRT3,0.415,0.001
AGM,发送,23,TENM2_ADGRL2,AGM,TENM2,ADGRL2,0.415,0.001
AGM,发送,24,WNT2_SFRP1,AGM,WNT2,SFRP1,0.411,0.03
AGM,发送,25,WNT4_SFRP1,AGM,WNT4,SFRP1,0.41,0.0
AGM,发送,26,EFNB2_EPHA4,AGM,EFNB2,EPHA4,0.368,0.0
AGM,发送,27,SLIT2_ROBO2,AGM,SLIT2,ROBO2,0.362,0.026
AGM,发送,28,CDH6_CDH6,AGM,CDH6,CDH6,0.362,0.0
AGM,发送,29,BMP4_BMPR1A_BMPR2,AGM,BMP4,BMPR1A,0.361,0.039
AGM,发送,30,EFNB2_EPHB4,AGM,EFNB2,EPHB4,0.36,0.0
AGM,发送,31,SDC1_ADGRA2,AGM,SDC1,ADGRA2,0.36,0.021
AGM,发送,32,EFNB2_EPHB2,AGM,EFNB2,EPHB2,0.359,0.001
AGM,发送,33,TENM4_ADGRL1,AGM,TENM4,ADGRL1,0.356,0.006
AGM,发送,34,NTN1_UNC5C,AGM,NTN1,UNC5C,0.354,0.009
AGM,发送,35,COL19A1_integrin_a11b1_complex,AGM,COL19A1,integrin,0.353,0.035
AGM,发送,36,TENM4_ADGRL3,AGM,TENM4,ADGRL3,0.349,0.0
AGM,发送,37,CDH5_CDH5,AGM,CDH5,CDH5,0.346,0.038
AGM,发送,38,TENM4_FLRT3_complex_ADGRL1,AGM,TENM4,FLRT3,0.344,0.013
AGM,发送,39,EFNA4_EPHA7,AGM,EFNA4,EPHA7,0.343,0.004
AGM,发送,40,VEGFA_KDR,AGM,VEGFA,KDR,0.338,0.02
AGM,发送,41,TENM3_FLRT3_complex_ADGRL3,AGM,TENM3,FLRT3,0.336,0.05
AGM,发送,42,FLRT3_ADGRL3,AGM,FLRT3,ADGRL3,0.336,0.05
AGM,发送,43,WNT5A_SFRP2,AGM,WNT5A,SFRP2,0.336,0.0
AGM,发送,44,FLRT2_ADGRL1,AGM,FLRT2,ADGRL1,0.332,0.023
AGM,发送,45,FLRT2_ADGRL3,AGM,FLRT2,ADGRL3,0.325,0.005
AGM,发送,46,EFNB3_EPHA4,AGM,EFNB3,EPHA4,0.323,0.017
AGM,发送,47,ESAM_ESAM,AGM,ESAM,ESAM,0.317,0.002
AGM,发送,48,WNT5A_FZD3_LRP6,AGM,WNT5A,FZD3,0.301,0.004
AGM,发送,49,WNT5A_FZD7_LRP6,AGM,WNT5A,FZD7,0.301,0.004
AGM,发送,50,WNT5A_FZD2_LRP6,AGM,WNT5A,FZD2,0.301,0.004
AGM,发送,51,WNT5A_FZD2_LRP5,AGM,WNT5A,FZD2,0.299,0.009
AGM,发送,52,WNT5A_FZD7_LRP5,AGM,WNT5A,FZD7,0.299,0.009
AGM,发送,53,WNT5A_FZD3_LRP5,AGM,WNT5A,FZD3,0.299,0.009
AGM,发送,54,EFNA2_EPHA7,AGM,EFNA2,EPHA7,0.298,0.0
AGM,发送,55,EFNB1_EPHA4,AGM,EFNB1,EPHA4,0.295,0.003
AGM,发送,56,EFNA4_EPHA4,AGM,EFNA4,EPHA4,0.289,0.011
AGM,发送,57,EFNA1_EPHA7,AGM,EFNA1,EPHA7,0.288,0.0
AGM,发送,58,EFNB1_EPHB2,AGM,EFNB1,EPHB2,0.286,0.038
AGM,发送,59,BMP4_BMR1B_AVR2A,AGM,BMP4,BMR1B,0.284,0.003
AGM,发送,60,BMP4_BMPR1B_BMPR2,AGM,BMP4,BMPR1B,0.284,0.005
AGM,发送,61,Cholesterol_byLIPA_RORA,AGM,Cholesterol,byLIPA,0.28,0.003
AGM,发送,62,BMP4_BMR1B_AVR2B,AGM,BMP4,BMR1B,0.277,0.017
AGM,发送,63,RSPO1_LGR4,AGM,RSPO1,LGR4,0.274,0.001
AGM,发送,64,SDC2_ADGRA2,AGM,SDC2,ADGRA2,0.264,0.013
AGM,发送,65,WNT5A_FZD4_LRP6,AGM,WNT5A,FZD4,0.259,0.006
AGM,发送,66,WNT5A_FZD4_LRP5,AGM,WNT5A,FZD4,0.259,0.006
AGM,发送,67,WNT5B_SFRP2,AGM,WNT5B,SFRP2,0.253,0.008
AGM,发送,68,EFNA2_EPHA4,AGM,EFNA2,EPHA4,0.244,0.002
AGM,发送,69,EFNA1_EPHA4,AGM,EFNA1,EPHA4,0.234,0.0
AGM,发送,70,WNT4_SFRP2,AGM,WNT4,SFRP2,0.228,0.0
AGM,发送,71,JAG1_NOTCH3,AGM,JAG1,NOTCH3,0.221,0.02
AGM,发送,72,WNT5A_FDZ8_RYK,AGM,WNT5A,FDZ8,0.218,0.023
AGM,发送,73,WNT5A_FZD8_LRP5,AGM,WNT5A,FZD8,0.218,0.023
AGM,发送,74,WNT5A_FZD8_LRP6,AGM,WNT5A,FZD8,0.218,0.023
AGM,发送,75,WNT5B_FZD1_LRP6,AGM,WNT5B,FZD1,0.217,0.048
AGM,发送,76,WNT5B_FZD3_LRP6,AGM,WNT5B,FZD3,0.217,0.049
AGM,发送,77,WNT5B_FZD7_LRP6,AGM,WNT5B,FZD7,0.217,0.049
AGM,发送,78,WNT5B_FZD2_LRP6,AGM,WNT5B,FZD2,0.217,0.049
AGM,发送,79,WNT5A_FZD5_LRP5,AGM,WNT5A,FZD5,0.217,0.002
AGM,发送,80,WNT5A_FZD5_LRP6,AGM,WNT5A,FZD5,0.217,0.002
AGM,发送,81,RSPO2_LGR4,AGM,RSPO2,LGR4,0.217,0.033
AGM,发送,82,RSPO1_Kremen1_LRP6,AGM,RSPO1,Kremen1,0.21,0.0
AGM,发送,83,BMP7_BMR1B_AVR2A,AGM,BMP7,BMR1B,0.21,0.013
AGM,发送,84,BMP7_BMPR1B_BMPR2,AGM,BMP7,BMPR1B,0.21,0.022
AGM,发送,85,BMP5_BMR1B_AVR2A,AGM,BMP5,BMR1B,0.205,0.005
AGM,发送,86,BMP5_BMPR1B_BMPR2,AGM,BMP5,BMPR1B,0.205,0.008
AGM,发送,87,BMP7_BMR1B_AVR2B,AGM,BMP7,BMR1B,0.203,0.049
AGM,发送,88,BMP5_BMR1B_AVR2B,AGM,BMP5,BMR1B,0.197,0.036
AGM,发送,89,WNT4_FZD3_LRP6,AGM,WNT4,FZD3,0.193,0.008
AGM,发送,90,WNT4_FZD2_LRP6,AGM,WNT4,FZD2,0.193,0.008
AGM,发送,91,WNT4_FZD1_LRP6,AGM,WNT4,FZD1,0.193,0.007
AGM,发送,92,WNT4_FZD7_LRP6,AGM,WNT4,FZD7,0.193,0.008
AGM,发送,93,CXCL13_CXCR5,AGM,CXCL13,CXCR5,0.192,0.0
AGM,发送,94,WNT4_FZD2_LRP5,AGM,WNT4,FZD2,0.191,0.025
AGM,发送,95,WNT4_FZD7_LRP5,AGM,WNT4,FZD7,0.191,0.025
AGM,发送,96,WNT4_FZD1_LRP5,AGM,WNT4,FZD1,0.191,0.022
AGM,发送,97,WNT4_FZD3_LRP5,AGM,WNT4,FZD3,0.191,0.025
AGM,发送,98,RSPO1_FZD8_LRP6,AGM,RSPO1,FZD8,0.186,0.0
AGM,发送,99,NRXN1_ADGRL1,AGM,NRXN1,ADGRL1,0.185,0.01
AGM,发送,100,TNC_integrin_a8b1_complex,AGM,TNC,integrin,0.171,0.0
AGM,接收,1,PDGFC_PDGFRA,AGM,PDGFRA,PDGFC,0.722,0.0
AGM,接收,2,TENM3_ADGRL2,AGM,ADGRL2,TENM3,0.666,0.0
AGM,接收,3,TENM4_ADGRL2,AGM,ADGRL2,TENM4,0.579,0.0
AGM,接收,4,FLRT3_ADGRL2,AGM,ADGRL2,FLRT3,0.567,0.001
AGM,接收,5,SLIT2_ROBO1,AGM,ROBO1,SLIT2,0.561,0.0
AGM,接收,6,GJC1_GJC1,AGM,GJC1,GJC1,0.556,0.0
AGM,接收,7,LRFN4_PTPRD,AGM,PTPRD,LRFN4,0.523,0.0
AGM,接收,8,WNT5A_SFRP1,AGM,SFRP1,WNT5A,0.518,0.0
AGM,接收,9,EFNA5_EPHA7,AGM,EPHA7,EFNA5,0.513,0.0
AGM,接收,10,atRetinoicAcid_byALDH1A2_RAreceptor_RARA,AGM,byALDH1A2,atRetinoicAcid,0.512,0.0
AGM,接收,11,PTPRD_IL1RAPL1,AGM,IL1RAPL1,PTPRD,0.496,0.0
AGM,接收,12,atRetinoicAcid_byALDH1A2_RAreceptor_RXRB,AGM,byALDH1A2,atRetinoicAcid,0.495,0.0
AGM,接收,13,BMPR1B_BMPR2_BMPR1A,AGM,BMPR2,BMPR1B,0.482,0.023
AGM,接收,14,atRetinoicAcid_byALDH1A2_RAreceptor_RARA_RXRA,AGM,byALDH1A2,atRetinoicAcid,0.459,0.0
AGM,接收,15,atRetinoicAcid_byALDH1A2_RAreceptor_RXRA,AGM,byALDH1A2,atRetinoicAcid,0.459,0.0
AGM,接收,16,EFNA5_EPHA4,AGM,EPHA4,EFNA5,0.459,0.0
AGM,接收,17,EFNA5_EPHB2,AGM,EPHB2,EFNA5,0.45,0.001
AGM,接收,18,TENM3_ADGRL1,AGM,ADGRL1,TENM3,0.442,0.03
AGM,接收,19,PDGFA_PDGFRA,AGM,PDGFRA,PDGFA,0.438,0.041
AGM,接收,20,TENM3_ADGRL3,AGM,ADGRL3,TENM3,0.435,0.01
AGM,接收,21,WNT5B_SFRP1,AGM,SFRP1,WNT5B,0.434,0.0
AGM,接收,22,TENM2_FLRT3_complex_ADGRL2,AGM,FLRT3,TENM2,0.415,0.001
AGM,接收,23,TENM2_ADGRL2,AGM,ADGRL2,TENM2,0.415,0.001
AGM,接收,24,WNT2_SFRP1,AGM,SFRP1,WNT2,0.411,0.03
AGM,接收,25,WNT4_SFRP1,AGM,SFRP1,WNT4,0.41,0.0
AGM,接收,26,EFNB2_EPHA4,AGM,EPHA4,EFNB2,0.368,0.0
AGM,接收,27,SLIT2_ROBO2,AGM,ROBO2,SLIT2,0.362,0.026
AGM,接收,28,CDH6_CDH6,AGM,CDH6,CDH6,0.362,0.0
AGM,接收,29,BMP4_BMPR1A_BMPR2,AGM,BMPR1A,BMP4,0.361,0.039
AGM,接收,30,EFNB2_EPHB4,AGM,EPHB4,EFNB2,0.36,0.0
AGM,接收,31,SDC1_ADGRA2,AGM,ADGRA2,SDC1,0.36,0.021
AGM,接收,32,EFNB2_EPHB2,AGM,EPHB2,EFNB2,0.359,0.001
AGM,接收,33,TENM4_ADGRL1,AGM,ADGRL1,TENM4,0.356,0.006
AGM,接收,34,NTN1_UNC5C,AGM,UNC5C,NTN1,0.354,0.009
AGM,接收,35,COL19A1_integrin_a11b1_complex,AGM,integrin,COL19A1,0.353,0.035
AGM,接收,36,TENM4_ADGRL3,AGM,ADGRL3,TENM4,0.349,0.0
AGM,接收,37,CDH5_CDH5,AGM,CDH5,CDH5,0.346,0.038
AGM,接收,38,TENM4_FLRT3_complex_ADGRL1,AGM,FLRT3,TENM4,0.344,0.013
AGM,接收,39,EFNA4_EPHA7,AGM,EPHA7,EFNA4,0.343,0.004
AGM,接收,40,VEGFA_KDR,AGM,KDR,VEGFA,0.338,0.02
AGM,接收,41,TENM3_FLRT3_complex_ADGRL3,AGM,FLRT3,TENM3,0.336,0.05
AGM,接收,42,FLRT3_ADGRL3,AGM,ADGRL3,FLRT3,0.336,0.05
AGM,接收,43,WNT5A_SFRP2,AGM,SFRP2,WNT5A,0.336,0.0
AGM,接收,44,FLRT2_ADGRL1,AGM,ADGRL1,FLRT2,0.332,0.023
AGM,接收,45,FLRT2_ADGRL3,AGM,ADGRL3,FLRT2,0.325,0.005
AGM,接收,46,EFNB3_EPHA4,AGM,EPHA4,EFNB3,0.323,0.017
AGM,接收,47,ESAM_ESAM,AGM,ESAM,ESAM,0.317,0.002
AGM,接收,48,WNT5A_FZD3_LRP6,AGM,FZD3,WNT5A,0.301,0.004
AGM,接收,49,WNT5A_FZD7_LRP6,AGM,FZD7,WNT5A,0.301,0.004
AGM,接收,50,WNT5A_FZD2_LRP6,AGM,FZD2,WNT5A,0.301,0.004
AGM,接收,51,WNT5A_FZD2_LRP5,AGM,FZD2,WNT5A,0.299,0.009
AGM,接收,52,WNT5A_FZD7_LRP5,AGM,FZD7,WNT5A,0.299,0.009
AGM,接收,53,WNT5A_FZD3_LRP5,AGM,FZD3,WNT5A,0.299,0.009
AGM,接收,54,EFNA2_EPHA7,AGM,EPHA7,EFNA2,0.298,0.0
AGM,接收,55,EFNB1_EPHA4,AGM,EPHA4,EFNB1,0.295,0.003
AGM,接收,56,EFNA4_EPHA4,AGM,EPHA4,EFNA4,0.289,0.011
AGM,接收,57,EFNA1_EPHA7,AGM,EPHA7,EFNA1,0.288,0.0
AGM,接收,58,EFNB1_EPHB2,AGM,EPHB2,EFNB1,0.286,0.038
AGM,接收,59,BMP4_BMR1B_AVR2A,AGM,BMR1B,BMP4,0.284,0.003
AGM,接收,60,BMP4_BMPR1B_BMPR2,AGM,BMPR1B,BMP4,0.284,0.005
AGM,接收,61,Cholesterol_byLIPA_RORA,AGM,byLIPA,Cholesterol,0.28,0.003
AGM,接收,62,BMP4_BMR1B_AVR2B,AGM,BMR1B,BMP4,0.277,0.017
AGM,接收,63,RSPO1_LGR4,AGM,LGR4,RSPO1,0.274,0.001
AGM,接收,64,SDC2_ADGRA2,AGM,ADGRA2,SDC2,0.264,0.013
AGM,接收,65,WNT5A_FZD4_LRP6,AGM,FZD4,WNT5A,0.259,0.006
AGM,接收,66,WNT5A_FZD4_LRP5,AGM,FZD4,WNT5A,0.259,0.006
AGM,接收,67,WNT5B_SFRP2,AGM,SFRP2,WNT5B,0.253,0.008
AGM,接收,68,EFNA2_EPHA4,AGM,EPHA4,EFNA2,0.244,0.002
AGM,接收,69,EFNA1_EPHA4,AGM,EPHA4,EFNA1,0.234,0.0
AGM,接收,70,WNT4_SFRP2,AGM,SFRP2,WNT4,0.228,0.0
AGM,接收,71,JAG1_NOTCH3,AGM,NOTCH3,JAG1,0.221,0.02
AGM,接收,72,WNT5A_FDZ8_RYK,AGM,FDZ8,WNT5A,0.218,0.023
AGM,接收,73,WNT5A_FZD8_LRP5,AGM,FZD8,WNT5A,0.218,0.023
AGM,接收,74,WNT5A_FZD8_LRP6,AGM,FZD8,WNT5A,0.218,0.023
AGM,接收,75,WNT5B_FZD1_LRP6,AGM,FZD1,WNT5B,0.217,0.048
AGM,接收,76,WNT5B_FZD3_LRP6,AGM,FZD3,WNT5B,0.217,0.049
AGM,接收,77,WNT5B_FZD7_LRP6,AGM,FZD7,WNT5B,0.217,0.049
AGM,接收,78,WNT5B_FZD2_LRP6,AGM,FZD2,WNT5B,0.217,0.049
AGM,接收,79,WNT5A_FZD5_LRP5,AGM,FZD5,WNT5A,0.217,0.002
AGM,接收,80,WNT5A_FZD5_LRP6,AGM,FZD5,WNT5A,0.217,0.002
AGM,接收,81,RSPO2_LGR4,AGM,LGR4,RSPO2,0.217,0.033
AGM,接收,82,RSPO1_Kremen1_LRP6,AGM,Kremen1,RSPO1,0.21,0.0
AGM,接收,83,BMP7_BMR1B_AVR2A,AGM,BMR1B,BMP7,0.21,0.013
AGM,接收,84,BMP7_BMPR1B_BMPR2,AGM,BMPR1B,BMP7,0.21,0.022
AGM,接收,85,BMP5_BMR1B_AVR2A,AGM,BMR1B,BMP5,0.205,0.005
AGM,接收,86,BMP5_BMPR1B_BMPR2,AGM,BMPR1B,BMP5,0.205,0.008
AGM,接收,87,BMP7_BMR1B_AVR2B,AGM,BMR1B,BMP7,0.203,0.049
AGM,接收,88,BMP5_BMR1B_AVR2B,AGM,BMR1B,BMP5,0.197,0.036
AGM,接收,89,WNT4_FZD3_LRP6,AGM,FZD3,WNT4,0.193,0.008
AGM,接收,90,WNT4_FZD2_LRP6,AGM,FZD2,WNT4,0.193,0.008
AGM,接收,91,WNT4_FZD1_LRP6,AGM,FZD1,WNT4,0.193,0.007
AGM,接收,92,WNT4_FZD7_LRP6,AGM,FZD7,WNT4,0.193,0.008
AGM,接收,93,CXCL13_CXCR5,AGM,CXCR5,CXCL13,0.192,0.0
AGM,接收,94,WNT4_FZD2_LRP5,AGM,FZD2,WNT4,0.191,0.025
AGM,接收,95,WNT4_FZD7_LRP5,AGM,FZD7,WNT4,0.191,0.025
AGM,接收,96,WNT4_FZD1_LRP5,AGM,FZD1,WNT4,0.191,0.022
AGM,接收,97,WNT4_FZD3_LRP5,AGM,FZD3,WNT4,0.191,0.025
AGM,接收,98,RSPO1_FZD8_LRP6,AGM,FZD8,RSPO1,0.186,0.0
AGM,接收,99,NRXN1_ADGRL1,AGM,ADGRL1,NRXN1,0.185,0.01
AGM,接收,100,TNC_integrin_a8b1_complex,AGM,integrin,TNC,0.171,0.0
AGM_1_29_Target,发送,1,MPZL1_MPZL1,AGM,MPZL1,MPZL1,0.808,0.0
AGM_1_29_Target,发送,2,PDGFC_PDGFRA,AGM,PDGFC,PDGFRA,0.656,0.0
AGM_1_29_Target,发送,3,SLIT2_ROBO1,AGM,SLIT2,ROBO1,0.598,0.0
AGM_1_29_Target,发送,4,BMPR1B_BMPR2_BMPR1A,AGM,BMPR1B,BMPR2,0.565,0.0
AGM_1_29_Target,发送,5,WNT5A_SFRP1,AGM,WNT5A,SFRP1,0.549,0.0
AGM_1_29_Target,发送,6,GJC1_GJC1,AGM,GJC1,GJC1,0.54,0.0
AGM_1_29_Target,发送,7,atRetinoicAcid_byALDH1A2_RAreceptor_RXRB,AGM,atRetinoicAcid,byALDH1A2,0.498,0.0
AGM_1_29_Target,发送,8,PTPRD_IL1RAPL1,AGM,PTPRD,IL1RAPL1,0.484,0.0
AGM_1_29_Target,发送,9,IGF1_IGF1R_enhancerComGPC3,AGM,IGF1,IGF1R,0.484,0.04
AGM_1_29_Target,发送,10,IGF1_IGF1R,AGM,IGF1,IGF1R,0.484,0.04
AGM_1_29_Target,发送,11,atRetinoicAcid_byALDH1A2_RAreceptor_RARA,AGM,atRetinoicAcid,byALDH1A2,0.479,0.0
AGM_1_29_Target,发送,12,EFNA5_EPHA7,AGM,EFNA5,EPHA7,0.475,0.01
AGM_1_29_Target,发送,13,WNT5B_SFRP1,AGM,WNT5B,SFRP1,0.466,0.0
AGM_1_29_Target,发送,14,atRetinoicAcid_byALDH1A2_RAreceptor_RARA_RXRA,AGM,atRetinoicAcid,byALDH1A2,0.465,0.0
AGM_1_29_Target,发送,15,atRetinoicAcid_byALDH1A2_RAreceptor_RXRA,AGM,atRetinoicAcid,byALDH1A2,0.465,0.0
AGM_1_29_Target,发送,16,LRFN4_PTPRD,AGM,LRFN4,PTPRD,0.455,0.04
AGM_1_29_Target,发送,17,TENM3_ADGRL3,AGM,TENM3,ADGRL3,0.45,0.003
AGM_1_29_Target,发送,18,WNT2_SFRP1,AGM,WNT2,SFRP1,0.443,0.001
AGM_1_29_Target,发送,19,WNT4_SFRP1,AGM,WNT4,SFRP1,0.441,0.0
AGM_1_29_Target,发送,20,JAM3_JAM3,AGM,JAM3,JAM3,0.43,0.005
AGM_1_29_Target,发送,21,VEGFA_NRP2,AGM,VEGFA,NRP2,0.389,0.001
AGM_1_29_Target,发送,22,SLIT2_ROBO2,AGM,SLIT2,ROBO2,0.371,0.012
AGM_1_29_Target,发送,23,TENM4_ADGRL3,AGM,TENM4,ADGRL3,0.363,0.0
AGM_1_29_Target,发送,24,COL19A1_integrin_a11b1_complex,AGM,COL19A1,integrin,0.361,0.009
AGM_1_29_Target,发送,25,SEMA3C_NRP2,AGM,SEMA3C,NRP2,0.359,0.0
AGM_1_29_Target,发送,26,EFNB2_EPHB4,AGM,EFNB2,EPHB4,0.354,0.003
AGM_1_29_Target,发送,27,TENM3_FLRT3_complex_ADGRL3,AGM,TENM3,FLRT3,0.351,0.017
AGM_1_29_Target,发送,28,FLRT3_ADGRL3,AGM,FLRT3,ADGRL3,0.351,0.017
AGM_1_29_Target,发送,29,FLRT2_ADGRL3,AGM,FLRT2,ADGRL3,0.34,0.0
AGM_1_29_Target,发送,30,CDH5_CDH5,AGM,CDH5,CDH5,0.328,0.045
AGM_1_29_Target,发送,31,RSPO1_LGR4,AGM,RSPO1,LGR4,0.325,0.0
AGM_1_29_Target,发送,32,CDH3_CDH3,AGM,CDH3,CDH3,0.325,0.007
AGM_1_29_Target,发送,33,EFNB2_EPHB2,AGM,EFNB2,EPHB2,0.324,0.046
AGM_1_29_Target,发送,34,WNT5A_SFRP2,AGM,WNT5A,SFRP2,0.324,0.004
AGM_1_29_Target,发送,35,WNT5A_FZD4_LRP6,AGM,WNT5A,FZD4,0.317,0.0
AGM_1_29_Target,发送,36,WNT5A_FZD3_LRP6,AGM,WNT5A,FZD3,0.317,0.001
AGM_1_29_Target,发送,37,WNT5A_FZD7_LRP6,AGM,WNT5A,FZD7,0.317,0.001
AGM_1_29_Target,发送,38,WNT5A_FZD2_LRP6,AGM,WNT5A,FZD2,0.317,0.001
AGM_1_29_Target,发送,39,WNT5A_ROR2,AGM,WNT5A,ROR2,0.316,0.036
AGM_1_29_Target,发送,40,WNT5A_FZD2_LRP5,AGM,WNT5A,FZD2,0.315,0.003
AGM_1_29_Target,发送,41,WNT5A_FZD7_LRP5,AGM,WNT5A,FZD7,0.315,0.003
AGM_1_29_Target,发送,42,WNT5A_FZD4_LRP5,AGM,WNT5A,FZD4,0.315,0.0
AGM_1_29_Target,发送,43,WNT5A_FZD3_LRP5,AGM,WNT5A,FZD3,0.315,0.003
AGM_1_29_Target,发送,44,SEMA3F_NRP2,AGM,SEMA3F,NRP2,0.301,0.011
AGM_1_29_Target,发送,45,MMP2_integrin_aVb3_complex,AGM,MMP2,integrin,0.3,0.0
AGM_1_29_Target,发送,46,ESAM_ESAM,AGM,ESAM,ESAM,0.297,0.002
AGM_1_29_Target,发送,47,WNT5A_ROR1,AGM,WNT5A,ROR1,0.296,0.003
AGM_1_29_Target,发送,48,Cholesterol_byLIPA_RORA,AGM,Cholesterol,byLIPA,0.293,0.0
AGM_1_29_Target,发送,49,CDH6_CDH6,AGM,CDH6,CDH6,0.291,0.001
AGM_1_29_Target,发送,50,BMP4_BMPR1B_BMPR2,AGM,BMP4,BMPR1B,0.275,0.035
AGM_1_29_Target,发送,51,BMP4_BMR1B_AVR2B,AGM,BMP4,BMR1B,0.275,0.027
AGM_1_29_Target,发送,52,RSPO2_LGR4,AGM,RSPO2,LGR4,0.269,0.0
AGM_1_29_Target,发送,53,WNT5A_FZD5_LRP5,AGM,WNT5A,FZD5,0.247,0.0
AGM_1_29_Target,发送,54,WNT5A_FZD5_LRP6,AGM,WNT5A,FZD5,0.247,0.0
AGM_1_29_Target,发送,55,WNT5B_SFRP2,AGM,WNT5B,SFRP2,0.24,0.043
AGM_1_29_Target,发送,56,WNT5B_FZD1_LRP6,AGM,WNT5B,FZD1,0.234,0.008
AGM_1_29_Target,发送,57,WNT5B_FZD3_LRP6,AGM,WNT5B,FZD3,0.234,0.009
AGM_1_29_Target,发送,58,WNT5B_FZD7_LRP6,AGM,WNT5B,FZD7,0.234,0.009
AGM_1_29_Target,发送,59,WNT5B_FZD2_LRP6,AGM,WNT5B,FZD2,0.234,0.009
AGM_1_29_Target,发送,60,WNT5B_FZD4_LRP6,AGM,WNT5B,FZD4,0.234,0.0
AGM_1_29_Target,发送,61,RSPO3_LGR4,AGM,RSPO3,LGR4,0.233,0.008
AGM_1_29_Target,发送,62,WNT5B_FZD2_LRP5,AGM,WNT5B,FZD2,0.232,0.031
AGM_1_29_Target,发送,63,WNT5B_FZD1_LRP5,AGM,WNT5B,FZD1,0.232,0.018
AGM_1_29_Target,发送,64,WNT5B_FZD7_LRP5,AGM,WNT5B,FZD7,0.232,0.031
AGM_1_29_Target,发送,65,WNT5B_FZD3_LRP5,AGM,WNT5B,FZD3,0.232,0.031
AGM_1_29_Target,发送,66,WNT5B_FZD4_LRP5,AGM,WNT5B,FZD4,0.232,0.0
AGM_1_29_Target,发送,67,VTN_integrin_aVb1_complex,AGM,VTN,integrin,0.227,0.049
AGM_1_29_Target,发送,68,WNT5A_FRZB,AGM,WNT5A,FRZB,0.226,0.001
AGM_1_29_Target,发送,69,WNT5A_FZD6_LRP5,AGM,WNT5A,FZD6,0.225,0.0
AGM_1_29_Target,发送,70,WNT5A_FZD6_LRP6,AGM,WNT5A,FZD6,0.225,0.0
AGM_1_29_Target,发送,71,JAG1_NOTCH3,AGM,JAG1,NOTCH3,0.222,0.04
AGM_1_29_Target,发送,72,WNT5A_FDZ8_RYK,AGM,WNT5A,FDZ8,0.221,0.01
AGM_1_29_Target,发送,73,WNT5A_FZD8_LRP5,AGM,WNT5A,FZD8,0.221,0.01
AGM_1_29_Target,发送,74,WNT5A_FZD8_LRP6,AGM,WNT5A,FZD8,0.221,0.01
AGM_1_29_Target,发送,75,WNT4_SFRP2,AGM,WNT4,SFRP2,0.216,0.015
AGM_1_29_Target,发送,76,WNT2_FZD4_LRP6,AGM,WNT2,FZD4,0.211,0.0
AGM_1_29_Target,发送,77,WNT2_FZD4_LRP5,AGM,WNT2,FZD4,0.209,0.005
AGM_1_29_Target,发送,78,WNT4_FZD4_LRP6,AGM,WNT4,FZD4,0.209,0.0
AGM_1_29_Target,发送,79,WNT4_FZD3_LRP6,AGM,WNT4,FZD3,0.209,0.0
AGM_1_29_Target,发送,80,WNT4_FZD2_LRP6,AGM,WNT4,FZD2,0.209,0.0
AGM_1_29_Target,发送,81,WNT4_FZD1_LRP6,AGM,WNT4,FZD1,0.209,0.0
AGM_1_29_Target,发送,82,WNT4_FZD7_LRP6,AGM,WNT4,FZD7,0.209,0.0
AGM_1_29_Target,发送,83,WNT4_FZD2_LRP5,AGM,WNT4,FZD2,0.207,0.003
AGM_1_29_Target,发送,84,WNT4_FZD7_LRP5,AGM,WNT4,FZD7,0.207,0.003
AGM_1_29_Target,发送,85,WNT4_FZD1_LRP5,AGM,WNT4,FZD1,0.207,0.001
AGM_1_29_Target,发送,86,WNT4_FZD4_LRP5,AGM,WNT4,FZD4,0.207,0.0
AGM_1_29_Target,发送,87,WNT4_FZD3_LRP5,AGM,WNT4,FZD3,0.207,0.003
AGM_1_29_Target,发送,88,RSPO1_Kremen1_LRP6,AGM,RSPO1,Kremen1,0.201,0.0
AGM_1_29_Target,发送,89,CXCL13_CXCR5,AGM,CXCL13,CXCR5,0.199,0.0
AGM_1_29_Target,发送,90,TENM2_ADGRL3,AGM,TENM2,ADGRL3,0.199,0.047
AGM_1_29_Target,发送,91,RSPO1_FZD8_LRP6,AGM,RSPO1,FZD8,0.19,0.0
AGM_1_29_Target,发送,92,TNC_integrin_a8b1_complex,AGM,TNC,integrin,0.17,0.001
AGM_1_29_Target,发送,93,WNT5B_FZD5_LRP5,AGM,WNT5B,FZD5,0.163,0.0
AGM_1_29_Target,发送,94,WNT5B_FZD5_LRP6,AGM,WNT5B,FZD5,0.163,0.0
AGM_1_29_Target,发送,95,JAG1_VASN,AGM,JAG1,VASN,0.157,0.022
AGM_1_29_Target,发送,96,FBN1_integrin_a5b1_complex,AGM,FBN1,integrin,0.145,0.046
AGM_1_29_Target,发送,97,WNT5B_FRZB,AGM,WNT5B,FRZB,0.143,0.012
AGM_1_29_Target,发送,98,WNT5B_FZD6_LRP5,AGM,WNT5B,FZD6,0.142,0.008
AGM_1_29_Target,发送,99,WNT5B_FZD6_LRP6,AGM,WNT5B,FZD6,0.142,0.008
AGM_1_29_Target,发送,100,WNT4_FZD5_LRP6,AGM,WNT4,FZD5,0.139,0.0
AGM_1_29_Target,接收,1,FGF10_FGFR2,AGM,FGFR2,FGF10,1.135,0.002
AGM_1_29_Target,接收,2,MPZL1_MPZL1,AGM,MPZL1,MPZL1,0.808,0.0
AGM_1_29_Target,接收,3,TENM3_ADGRL2,AGM,ADGRL2,TENM3,0.679,0.0
AGM_1_29_Target,接收,4,SLIT2_ROBO1,AGM,ROBO1,SLIT2,0.644,0.0
AGM_1_29_Target,接收,5,FLRT3_ADGRL2,AGM,ADGRL2,FLRT3,0.635,0.0
AGM_1_29_Target,接收,6,CADM1_NECTIN3,AGM,NECTIN3,CADM1,0.635,0.04
AGM_1_29_Target,接收,7,atRetinoicAcid_byALDH1A2_RAreceptor_RARA,AGM,byALDH1A2,atRetinoicAcid,0.626,0.0
AGM_1_29_Target,接收,8,PDGFC_PDGFRA,AGM,PDGFRA,PDGFC,0.612,0.005
AGM_1_29_Target,接收,9,atRetinoicAcid_byALDH1A2_RAreceptor_RXRB,AGM,byALDH1A2,atRetinoicAcid,0.61,0.0
AGM_1_29_Target,接收,10,TENM4_ADGRL2,AGM,ADGRL2,TENM4,0.609,0.0
AGM_1_29_Target,接收,11,EFNA5_EPHA7,AGM,EPHA7,EFNA5,0.607,0.0
AGM_1_29_Target,接收,12,atRetinoicAcid_byALDH1A2_RAreceptor_RARA_RXRA,AGM,byALDH1A2,atRetinoicAcid,0.574,0.0
AGM_1_29_Target,接收,13,atRetinoicAcid_byALDH1A2_RAreceptor_RXRA,AGM,byALDH1A2,atRetinoicAcid,0.574,0.0
AGM_1_29_Target,接收,14,EFNA5_EPHA4,AGM,EPHA4,EFNA5,0.553,0.0
AGM_1_29_Target,接收,15,EFNA5_EPHB2,AGM,EPHB2,EFNA5,0.544,0.0
AGM_1_29_Target,接收,16,GJC1_GJC1,AGM,GJC1,GJC1,0.54,0.0
AGM_1_29_Target,接收,17,AGRN_PTPRS,AGM,PTPRS,AGRN,0.53,0.044
AGM_1_29_Target,接收,18,LRFN4_PTPRD,AGM,PTPRD,LRFN4,0.511,0.0
AGM_1_29_Target,接收,19,NCAM1_FGFR1,AGM,FGFR1,NCAM1,0.508,0.0
AGM_1_29_Target,接收,20,EFNA5_EPHA3,AGM,EPHA3,EFNA5,0.484,0.0
AGM_1_29_Target,接收,21,NCAM1_AGRN,AGM,AGRN,NCAM1,0.468,0.006
AGM_1_29_Target,接收,22,TENM3_ADGRL1,AGM,ADGRL1,TENM3,0.455,0.017
AGM_1_29_Target,接收,23,TENM2_FLRT3_complex_ADGRL2,AGM,FLRT3,TENM2,0.453,0.0
AGM_1_29_Target,接收,24,TENM2_ADGRL2,AGM,ADGRL2,TENM2,0.453,0.0
AGM_1_29_Target,接收,25,TENM3_ADGRL3,AGM,ADGRL3,TENM3,0.448,0.004
AGM_1_29_Target,接收,26,SLIT2_ROBO2,AGM,ROBO2,SLIT2,0.445,0.0
AGM_1_29_Target,接收,27,WNT5B_SFRP1,AGM,SFRP1,WNT5B,0.437,0.001
AGM_1_29_Target,接收,28,JAM3_JAM3,AGM,JAM3,JAM3,0.43,0.005
AGM_1_29_Target,接收,29,PTPRD_IL1RAPL1,AGM,IL1RAPL1,PTPRD,0.428,0.019
AGM_1_29_Target,接收,30,TENM3_FLRT3_complex_ADGRL3,AGM,FLRT3,TENM3,0.405,0.0
AGM_1_29_Target,接收,31,FLRT3_ADGRL3,AGM,ADGRL3,FLRT3,0.405,0.0
AGM_1_29_Target,接收,32,EFNA4_EPHA7,AGM,EPHA7,EFNA4,0.403,0.0
AGM_1_29_Target,接收,33,TENM4_FLRT3_complex_ADGRL1,AGM,FLRT3,TENM4,0.386,0.0
AGM_1_29_Target,接收,34,TENM4_ADGRL1,AGM,ADGRL1,TENM4,0.386,0.001
AGM_1_29_Target,接收,35,TENM4_ADGRL3,AGM,ADGRL3,TENM4,0.379,0.0
AGM_1_29_Target,接收,36,SDC1_ADGRA2,AGM,ADGRA2,SDC1,0.368,0.028
AGM_1_29_Target,接收,37,NTN1_UNC5C,AGM,UNC5C,NTN1,0.356,0.034
AGM_1_29_Target,接收,38,EFNA4_EPHA4,AGM,EPHA4,EFNA4,0.349,0.0
AGM_1_29_Target,接收,39,EFNB2_EPHA4,AGM,EPHA4,EFNB2,0.333,0.007
AGM_1_29_Target,接收,40,CDH5_CDH5,AGM,CDH5,CDH5,0.328,0.045
AGM_1_29_Target,接收,41,CDH3_CDH3,AGM,CDH3,CDH3,0.325,0.007
AGM_1_29_Target,接收,42,EFNB2_EPHB2,AGM,EPHB2,EFNB2,0.324,0.05
AGM_1_29_Target,接收,43,FLRT2_ADGRL3,AGM,ADGRL3,FLRT2,0.317,0.042
AGM_1_29_Target,接收,44,EFNA2_EPHA7,AGM,EPHA7,EFNA2,0.309,0.0
AGM_1_29_Target,接收,45,SDC2_ADGRA2,AGM,ADGRA2,SDC2,0.306,0.0
AGM_1_29_Target,接收,46,KITLG_KIT,AGM,KIT,KITLG,0.301,0.0
AGM_1_29_Target,接收,47,IGFBP3_TMEM219,AGM,TMEM219,IGFBP3,0.299,0.002
AGM_1_29_Target,接收,48,ESAM_ESAM,AGM,ESAM,ESAM,0.297,0.002
AGM_1_29_Target,接收,49,CDH6_CDH6,AGM,CDH6,CDH6,0.291,0.001
AGM_1_29_Target,接收,50,EFNB1_EPHA4,AGM,EPHA4,EFNB1,0.287,0.015
AGM_1_29_Target,接收,51,EFNA1_EPHA7,AGM,EPHA7,EFNA1,0.286,0.0
AGM_1_29_Target,接收,52,GDF6_BMPR1A_BMPR2,AGM,BMPR1A,GDF6,0.284,0.0
AGM_1_29_Target,接收,53,WNT5B_SFRP2,AGM,SFRP2,WNT5B,0.255,0.004
AGM_1_29_Target,接收,54,EFNA2_EPHA4,AGM,EPHA4,EFNA2,0.255,0.0
AGM_1_29_Target,接收,55,SEMA4D_PLXNB1,AGM,PLXNB1,SEMA4D,0.252,0.002
AGM_1_29_Target,接收,56,SEMA6D_PlexinA1_complex1,AGM,PlexinA1,SEMA6D,0.24,0.023
AGM_1_29_Target,接收,57,THBS1_integrin_a3b1_complex,AGM,integrin,THBS1,0.239,0.0
AGM_1_29_Target,接收,58,EFNA1_EPHA4,AGM,EPHA4,EFNA1,0.232,0.002
AGM_1_29_Target,接收,59,NRXN3_ADGRL1,AGM,ADGRL1,NRXN3,0.23,0.044
AGM_1_29_Target,接收,60,TENM2_FLRT3_complex_ADGRL1,AGM,FLRT3,TENM2,0.23,0.005
AGM_1_29_Target,接收,61,TENM2_ADGRL1,AGM,ADGRL1,TENM2,0.23,0.005
AGM_1_29_Target,接收,62,TENM2_ADGRL3,AGM,ADGRL3,TENM2,0.223,0.001
AGM_1_29_Target,接收,63,WNT5B_FZD1_LRP6,AGM,FZD1,WNT5B,0.22,0.046
AGM_1_29_Target,接收,64,WNT5B_FZD3_LRP6,AGM,FZD3,WNT5B,0.22,0.046
AGM_1_29_Target,接收,65,WNT5B_FZD7_LRP6,AGM,FZD7,WNT5B,0.22,0.046
AGM_1_29_Target,接收,66,WNT5B_FZD2_LRP6,AGM,FZD2,WNT5B,0.22,0.046
AGM_1_29_Target,接收,67,GDF6_BMR1A_ACR2A,AGM,BMR1A,GDF6,0.212,0.0
AGM_1_29_Target,接收,68,GDF6_BMR1B_AVR2A,AGM,BMR1B,GDF6,0.207,0.0
AGM_1_29_Target,接收,69,GDF6_BMPR1B_BMPR2,AGM,BMPR1B,GDF6,0.207,0.0
AGM_1_29_Target,接收,70,BMP5_BMR1B_AVR2A,AGM,BMR1B,BMP5,0.202,0.036
AGM_1_29_Target,接收,71,BMP5_BMPR1B_BMPR2,AGM,BMPR1B,BMP5,0.202,0.047
AGM_1_29_Target,接收,72,GDF6_BMR1B_AVR2B,AGM,BMR1B,GDF6,0.199,0.0
AGM_1_29_Target,接收,73,integrin_aVb3_complex_ADGRA2,AGM,aVb3,integrin,0.192,0.0
AGM_1_29_Target,接收,74,NTF3_NGFR,AGM,NGFR,NTF3,0.108,0.001
AGM_1_29_Target,接收,75,COL15A1_integrin_a11b1_complex,AGM,integrin,COL15A1,0.098,0.029
Brain,发送,1,2arachidonoylglycerol_byDAGLB_CNR1,AGM,2arachidonoylglycerol,byDAGLB,1.427,0.003
Brain,发送,2,CADM1_CADM1,AGM,CADM1,CADM1,1.416,0.027
Brain,发送,3,SLIT2_ROBO2,AGM,SLIT2,ROBO2,1.312,0.0
Brain,发送,4,APP_PLXNA4,AGM,APP,PLXNA4,1.086,0.014
Brain,发送,5,FN1_integrin_aVb5_complex,AGM,FN1,integrin,1.08,0.038
Brain,发送,6,APLP2_PLXNA4,AGM,APLP2,PLXNA4,1.062,0.015
Brain,发送,7,WNT5A_SFRP1,AGM,WNT5A,SFRP1,1.042,0.05
Brain,发送,8,atRetinoicAcid_byALDH1A2_RAreceptor_RARA,AGM,atRetinoicAcid,byALDH1A2,0.979,0.003
Brain,发送,9,WNT4_SFRP1,AGM,WNT4,SFRP1,0.935,0.049
Brain,发送,10,CDH6_CDH6,AGM,CDH6,CDH6,0.934,0.033
Brain,发送,11,Glutamate_byGLS_and_SLC1A3_GRIK2,AGM,Glutamate,byGLS,0.655,0.032
Brain,发送,12,WNT5A_FZD4_LRP5,AGM,WNT5A,FZD4,0.561,0.009
Brain,发送,13,WNT5A_FZD3_LRP5,AGM,WNT5A,FZD3,0.561,0.031
Brain,发送,14,WNT5B_FZD3_LRP5,AGM,WNT5B,FZD3,0.478,0.037
Brain,发送,15,WNT5B_FZD4_LRP5,AGM,WNT5B,FZD4,0.478,0.01
Brain,发送,16,WNT2_FZD4_LRP5,AGM,WNT2,FZD4,0.455,0.015
Brain,发送,17,WNT2_FZD3_LRP5,AGM,WNT2,FZD3,0.455,0.042
Brain,发送,18,WNT4_FZD4_LRP5,AGM,WNT4,FZD4,0.454,0.009
Brain,发送,19,WNT4_FZD3_LRP5,AGM,WNT4,FZD3,0.454,0.035
Brain,发送,20,Dehydroepiandrosterone_bySTS_PPARA,AGM,Dehydroepiandrosterone,bySTS,0.45,0.004
Brain,发送,21,RBP4_STRA6,AGM,RBP4,STRA6,0.448,0.048
Brain,发送,22,Glutamate_byGLS_and_SLC1A3_GRIA2,AGM,Glutamate,byGLS,0.439,0.009
Brain,发送,23,Glutamate_byGLS_and_SLC1A3_GRM8,AGM,Glutamate,byGLS,0.439,0.03
Brain,接收,1,CADM1_CADM1,AGM,CADM1,CADM1,1.416,0.027
Brain,接收,2,CADM1_NECTIN3,AGM,NECTIN3,CADM1,1.366,0.016
Brain,接收,3,APP_FPR2,AGM,FPR2,APP,1.264,0.016
Brain,接收,4,DLL3_NOTCH3,AGM,NOTCH3,DLL3,1.243,0.0
Brain,接收,5,DLL3_NOTCH2,AGM,NOTCH2,DLL3,1.235,0.002
Brain,接收,6,DLL3_NOTCH1,AGM,NOTCH1,DLL3,1.226,0.002
Brain,接收,7,SLIT2_ROBO1,AGM,ROBO1,SLIT2,1.226,0.018
Brain,接收,8,APP_TNFRSF21,AGM,TNFRSF21,APP,1.196,0.017
Brain,接收,9,APP_SORL1,AGM,SORL1,APP,1.168,0.017
Brain,接收,10,SLIT2_ROBO2,AGM,ROBO2,SLIT2,1.027,0.027
Brain,接收,11,CDH6_CDH6,AGM,CDH6,CDH6,0.934,0.033
Brain,接收,12,TF_TFRC,AGM,TFRC,TF,0.86,0.022
Brain,接收,13,CLSTN2_NRXN3,AGM,NRXN3,CLSTN2,0.677,0.05
Brain,接收,14,CLSTN2_NRXN1,AGM,NRXN1,CLSTN2,0.649,0.043
Brain,接收,15,HBEGF_ERBB2,AGM,ERBB2,HBEGF,0.463,0.024
Brain,接收,16,HBEGF_ERBB4,AGM,ERBB4,HBEGF,0.459,0.025
Branchial arch,发送,1,IGF2_IGF2R,AGM,IGF2,IGF2R,2.011,0.046
Branchial arch,发送,2,PPIA_BSG,AGM,PPIA,BSG,1.356,0.026
Branchial arch,发送,3,LRFN4_PTPRF,AGM,LRFN4,PTPRF,1.013,0.001
Branchial arch,发送,4,TENM3_ADGRL2,AGM,TENM3,ADGRL2,0.899,0.005
Branchial arch,发送,5,TENM4_ADGRL2,AGM,TENM4,ADGRL2,0.812,0.002
Branchial arch,发送,6,FLRT3_ADGRL2,AGM,FLRT3,ADGRL2,0.8,0.008
Branchial arch,发送,7,AGRN_PTPRS,AGM,AGRN,PTPRS,0.762,0.008
Branchial arch,发送,8,CDH6_CDH6,AGM,CDH6,CDH6,0.69,0.001
Branchial arch,发送,9,APP_SORL1,AGM,APP,SORL1,0.669,0.001
Branchial arch,发送,10,BMPR1B_BMPR2_BMPR1A,AGM,BMPR1B,BMPR2,0.665,0.029
Branchial arch,发送,11,TENM2_FLRT3_complex_ADGRL2,AGM,TENM2,FLRT3,0.648,0.011
Branchial arch,发送,12,TENM2_ADGRL2,AGM,TENM2,ADGRL2,0.648,0.011
Branchial arch,发送,13,LRFN4_PTPRS,AGM,LRFN4,PTPRS,0.635,0.002
Branchial arch,发送,14,LAMC1_integrin_a6b1_complex,AGM,LAMC1,integrin,0.627,0.045
Branchial arch,发送,15,atRetinoicAcid_byALDH1A2_RAreceptor_RXRB,AGM,atRetinoicAcid,byALDH1A2,0.618,0.003
Branchial arch,发送,16,EFNA5_EPHA7,AGM,EFNA5,EPHA7,0.614,0.03
Branchial arch,发送,17,SLITRK6_PTPRS,AGM,SLITRK6,PTPRS,0.605,0.002
Branchial arch,发送,18,NCAM1_FGFR1,AGM,NCAM1,FGFR1,0.594,0.038
Branchial arch,发送,19,EFNA5_EPHA4,AGM,EFNA5,EPHA4,0.577,0.019
Branchial arch,发送,20,NTN1_UNC5C,AGM,NTN1,UNC5C,0.539,0.028
Branchial arch,发送,21,PTPRD_IL1RAP,AGM,PTPRD,IL1RAP,0.527,0.006
Branchial arch,发送,22,atRetinoicAcid_byALDH1A2_RAreceptor_RXRA,AGM,atRetinoicAcid,byALDH1A2,0.493,0.003
Branchial arch,发送,23,atRetinoicAcid_byALDH1A2_RAreceptor_RARA_RXRA,AGM,atRetinoicAcid,byALDH1A2,0.489,0.0
Branchial arch,发送,24,atRetinoicAcid_byALDH1A2_RAreceptor_RARA,AGM,atRetinoicAcid,byALDH1A2,0.489,0.013
Branchial arch,发送,25,EFNB2_EPHA4,AGM,EFNB2,EPHA4,0.486,0.018
Branchial arch,发送,26,atRetinoicAcid_byALDH1A2_RAreceptor_RARB,AGM,atRetinoicAcid,byALDH1A2,0.455,0.0
Branchial arch,发送,27,atRetinoicAcid_byALDH1A2_RAreceptor_RARB_RXRB,AGM,atRetinoicAcid,byALDH1A2,0.455,0.0
Branchial arch,发送,28,EFNB3_EPHA4,AGM,EFNB3,EPHA4,0.442,0.047
Branchial arch,发送,29,WNT5A_FRZB,AGM,WNT5A,FRZB,0.427,0.001
Branchial arch,发送,30,atRetinoicAcid_byALDH1A2_RAreceptor_RARG,AGM,atRetinoicAcid,byALDH1A2,0.415,0.002
Branchial arch,发送,31,EFNB1_EPHA4,AGM,EFNB1,EPHA4,0.413,0.04
Branchial arch,发送,32,EFNA4_EPHA4,AGM,EFNA4,EPHA4,0.407,0.05
Branchial arch,发送,33,NRG3_ERBB4,AGM,NRG3,ERBB4,0.385,0.031
Branchial arch,发送,34,EFNA5_EPHA1,AGM,EFNA5,EPHA1,0.384,0.001
Branchial arch,发送,35,CXCL12_CXCR4,AGM,CXCL12,CXCR4,0.382,0.0
Branchial arch,发送,36,COL19A1_integrin_a2b1_complex,AGM,COL19A1,integrin,0.378,0.01
Branchial arch,发送,37,GJC1_GJA5,AGM,GJC1,GJA5,0.377,0.011
Branchial arch,发送,38,JAG1_NOTCH3,AGM,JAG1,NOTCH3,0.364,0.029
Branchial arch,发送,39,EFNA2_EPHA4,AGM,EFNA2,EPHA4,0.363,0.04
Branchial arch,发送,40,EFNA1_EPHA4,AGM,EFNA1,EPHA4,0.353,0.035
Branchial arch,发送,41,CXCL12_DPP4,AGM,CXCL12,DPP4,0.35,0.022
Branchial arch,发送,42,WNT5B_FRZB,AGM,WNT5B,FRZB,0.343,0.002
Branchial arch,发送,43,COL5A2_integrin_a2b1_complex,AGM,COL5A2,integrin,0.336,0.033
Branchial arch,发送,44,LAMC1_integrin_a2b1_complex,AGM,LAMC1,integrin,0.331,0.038
Branchial arch,发送,45,EFNB2_EPHB6,AGM,EFNB2,EPHB6,0.323,0.001
Branchial arch,发送,46,WNT2_FRZB,AGM,WNT2,FRZB,0.321,0.002
Branchial arch,发送,47,WNT4_FRZB,AGM,WNT4,FRZB,0.319,0.002
Branchial arch,发送,48,WNT5A_FZD4_LRP6,AGM,WNT5A,FZD4,0.31,0.023
Branchial arch,发送,49,EFNB3_EPHB6,AGM,EFNB3,EPHB6,0.278,0.003
Branchial arch,发送,50,TNC_integrin_a8b1_complex,AGM,TNC,integrin,0.256,0.041
Branchial arch,发送,51,EFNB1_EPHB6,AGM,EFNB1,EPHB6,0.25,0.002
Branchial arch,发送,52,COL26A1_integrin_a2b1_complex,AGM,COL26A1,integrin,0.249,0.039
Branchial arch,发送,53,EFNA4_EPHA1,AGM,EFNA4,EPHA1,0.214,0.029
Branchial arch,发送,54,WNT4_FZD4_LRP6,AGM,WNT4,FZD4,0.203,0.04
Branchial arch,发送,55,COL4A5_integrin_a2b1_complex,AGM,COL4A5,integrin,0.197,0.046
Branchial arch,发送,56,Glutamate_byGLS_and_SLC1A3_Glutamate_Kainate_2_4_complex,AGM,Glutamate,byGLS,0.19,0.017
Branchial arch,发送,57,RSPO1_LGR5,AGM,RSPO1,LGR5,0.181,0.034
Branchial arch,发送,58,COL11A1_integrin_a2b1_complex,AGM,COL11A1,integrin,0.178,0.025
Branchial arch,发送,59,COL9A1_integrin_a2b1_complex,AGM,COL9A1,integrin,0.171,0.024
Branchial arch,发送,60,EFNA2_EPHA1,AGM,EFNA2,EPHA1,0.169,0.018
Branchial arch,发送,61,EFNA1_EPHA1,AGM,EFNA1,EPHA1,0.159,0.012
Branchial arch,发送,62,SerotoninDopamin_byDDC_DRD4,AGM,SerotoninDopamin,byDDC,0.151,0.011
Branchial arch,发送,63,COL4A6_integrin_a2b1_complex,AGM,COL4A6,integrin,0.147,0.02
Branchial arch,发送,64,NECTIN1_NECTIN4,AGM,NECTIN1,NECTIN4,0.137,0.034
Branchial arch,发送,65,SerotoninDopamin_byDDC_HTR2C,AGM,SerotoninDopamin,byDDC,0.133,0.01
Branchial arch,发送,66,COL27A1_integrin_a2b1_complex,AGM,COL27A1,integrin,0.121,0.012
Branchial arch,发送,67,COL15A1_integrin_a2b1_complex,AGM,COL15A1,integrin,0.115,0.018
Branchial arch,发送,68,COL13A1_integrin_a2b1_complex,AGM,COL13A1,integrin,0.108,0.046
Branchial arch,接收,1,COL18A1_integrin_a1b1_complex,AGM,integrin,COL18A1,0.925,0.045
Branchial arch,接收,2,COL18A1_integrin_a11b1_complex,AGM,integrin,COL18A1,0.919,0.039
Branchial arch,接收,3,WNT5A_SFRP1,AGM,SFRP1,WNT5A,0.824,0.0
Branchial arch,接收,4,SHH_PTCH_GAS1_transmembrane_receptor,AGM,PTCH,SHH,0.783,0.0
Branchial arch,接收,5,LRFN4_PTPRF,AGM,PTPRF,LRFN4,0.734,0.05
Branchial arch,接收,6,SLIT2_ROBO1,AGM,ROBO1,SLIT2,0.71,0.016
Branchial arch,接收,7,CDH6_CDH6,AGM,CDH6,CDH6,0.69,0.001
Branchial arch,接收,8,AGRN_PTPRS,AGM,PTPRS,AGRN,0.68,0.037
Branchial arch,接收,9,TENM4_ADGRL2,AGM,ADGRL2,TENM4,0.669,0.044
Branchial arch,接收,10,NECTIN2_NECTIN3,AGM,NECTIN3,NECTIN2,0.658,0.02
Branchial arch,接收,11,LRFN4_PTPRD,AGM,PTPRD,LRFN4,0.647,0.0
Branchial arch,接收,12,WNT5A_SFRP2,AGM,SFRP2,WNT5A,0.643,0.0
Branchial arch,接收,13,WNT5A_FZD3_LRP6,AGM,FZD3,WNT5A,0.607,0.001
Branchial arch,接收,14,WNT5A_FZD7_LRP6,AGM,FZD7,WNT5A,0.607,0.001
Branchial arch,接收,15,WNT5A_ROR2,AGM,ROR2,WNT5A,0.607,0.001
Branchial arch,接收,16,WNT5A_FZD2_LRP6,AGM,FZD2,WNT5A,0.607,0.001
Branchial arch,接收,17,WNT5A_FZD2_LRP5,AGM,FZD2,WNT5A,0.606,0.001
Branchial arch,接收,18,WNT5A_FZD7_LRP5,AGM,FZD7,WNT5A,0.606,0.001
Branchial arch,接收,19,WNT5A_FZD3_LRP5,AGM,FZD3,WNT5A,0.606,0.001
Branchial arch,接收,20,WNT5A_FZD4_LRP6,AGM,FZD4,WNT5A,0.566,0.001
Branchial arch,接收,21,WNT5A_FZD4_LRP5,AGM,FZD4,WNT5A,0.566,0.001
Branchial arch,接收,22,BMP4_BMPR1A_BMPR2,AGM,BMPR1A,BMP4,0.555,0.016
Branchial arch,接收,23,SHH_PTCH_CDON_transmembrane_receptor,AGM,PTCH,SHH,0.553,0.0
Branchial arch,接收,24,WNT5A_ROR1,AGM,ROR1,WNT5A,0.543,0.001
Branchial arch,接收,25,SHH_HHIP,AGM,HHIP,SHH,0.536,0.0
Branchial arch,接收,26,EFNB3_EPHA4,AGM,EPHA4,EFNB3,0.528,0.009
Branchial arch,接收,27,WNT5A_FDZ8_RYK,AGM,FDZ8,WNT5A,0.525,0.001
Branchial arch,接收,28,WNT5A_FZD8_LRP5,AGM,FZD8,WNT5A,0.525,0.001
Branchial arch,接收,29,WNT5A_FZD8_LRP6,AGM,FZD8,WNT5A,0.525,0.001
Branchial arch,接收,30,WNT5A_FZD5_LRP5,AGM,FZD5,WNT5A,0.524,0.001
Branchial arch,接收,31,WNT5A_FZD5_LRP6,AGM,FZD5,WNT5A,0.524,0.001
Branchial arch,接收,32,EFNB3_EPHB4,AGM,EPHB4,EFNB3,0.521,0.019
Branchial arch,接收,33,EFNB3_EPHB2,AGM,EPHB2,EFNB3,0.519,0.012
Branchial arch,接收,34,LRFN5_PTPRD,AGM,PTPRD,LRFN5,0.511,0.009
Branchial arch,接收,35,SLIT2_ROBO2,AGM,ROBO2,SLIT2,0.511,0.044
Branchial arch,接收,36,SLITRK2_PTPRD,AGM,PTPRD,SLITRK2,0.497,0.0
Branchial arch,接收,37,SHH_PTCH_BOC_transmembrane_receptor,AGM,PTCH,SHH,0.495,0.0
Branchial arch,接收,38,LRFN4_PTPRS,AGM,PTPRS,LRFN4,0.489,0.031
Branchial arch,接收,39,WNT7B_SFRP1,AGM,SFRP1,WNT7B,0.486,0.011
Branchial arch,接收,40,BMP4_BMR1A_ACR2A,AGM,BMR1A,BMP4,0.484,0.022
Branchial arch,接收,41,SEMA6A_PlexinA2_complex1,AGM,PlexinA2,SEMA6A,0.48,0.015
Branchial arch,接收,42,SEMA3C_NRP2,AGM,NRP2,SEMA3C,0.48,0.014
Branchial arch,接收,43,BMP4_BMR1B_AVR2A,AGM,BMR1B,BMP4,0.478,0.02
Branchial arch,接收,44,BMP4_BMPR1B_BMPR2,AGM,BMPR1B,BMP4,0.478,0.02
Branchial arch,接收,45,NLGN3_PTPRD,AGM,PTPRD,NLGN3,0.475,0.002
Branchial arch,接收,46,BMP4_BMR1B_AVR2B,AGM,BMR1B,BMP4,0.471,0.021
Branchial arch,接收,47,BMP4_BMR1A_AVR2B,AGM,BMR1A,BMP4,0.471,0.03
Branchial arch,接收,48,COL4A2_integrin_a1b1_complex,AGM,integrin,COL4A2,0.47,0.019
Branchial arch,接收,49,EFNB3_EPHB3,AGM,EPHB3,EFNB3,0.468,0.031
Branchial arch,接收,50,COL4A2_integrin_a11b1_complex,AGM,integrin,COL4A2,0.465,0.018
Branchial arch,接收,51,TGFB2_TGFBR3,AGM,TGFBR3,TGFB2,0.463,0.02
Branchial arch,接收,52,JAG1_NOTCH3,AGM,NOTCH3,JAG1,0.438,0.002
Branchial arch,接收,53,EFNA4_EPHA7,AGM,EPHA7,EFNA4,0.437,0.043
Branchial arch,接收,54,JAG1_NOTCH2,AGM,NOTCH2,JAG1,0.43,0.006
Branchial arch,接收,55,JAG1_NOTCH1,AGM,NOTCH1,JAG1,0.422,0.003
Branchial arch,接收,56,RSPO2_LGR4,AGM,LGR4,RSPO2,0.406,0.003
Branchial arch,接收,57,TGFB2_TGFbeta_receptor2,AGM,TGFbeta,TGFB2,0.402,0.016
Branchial arch,接收,58,TGFB2_TGFbeta_receptor1,AGM,TGFbeta,TGFB2,0.402,0.017
Branchial arch,接收,59,TENM1_ADGRL2,AGM,ADGRL2,TENM1,0.4,0.044
Branchial arch,接收,60,WNT2B_SFRP1,AGM,SFRP1,WNT2B,0.391,0.009
Branchial arch,接收,61,DHH_PTCH_GAS1_transmembrane_receptor,AGM,PTCH,DHH,0.378,0.0
Branchial arch,接收,62,JAG1_VASN,AGM,VASN,JAG1,0.369,0.002
Branchial arch,接收,63,VTN_integrin_aVb1_complex,AGM,integrin,VTN,0.343,0.01
Branchial arch,接收,64,SLITRK2_PTPRS,AGM,PTPRS,SLITRK2,0.34,0.016
Branchial arch,接收,65,FGF2_FGFR1,AGM,FGFR1,FGF2,0.331,0.022
Branchial arch,接收,66,WNT7B_SFRP2,AGM,SFRP2,WNT7B,0.305,0.021
Branchial arch,接收,67,WNT7B_FZD2_LRP6,AGM,FZD2,WNT7B,0.269,0.032
Branchial arch,接收,68,WNT7B_FZD3_LRP6,AGM,FZD3,WNT7B,0.269,0.032
Branchial arch,接收,69,WNT7B_FZD7_LRP6,AGM,FZD7,WNT7B,0.269,0.032
Branchial arch,接收,70,WNT7B_FZD1_LRP6,AGM,FZD1,WNT7B,0.269,0.032
Branchial arch,接收,71,WNT7B_FZD2_LRP5,AGM,FZD2,WNT7B,0.267,0.037
Branchial arch,接收,72,WNT7B_FZD7_LRP5,AGM,FZD7,WNT7B,0.267,0.037
Branchial arch,接收,73,WNT7B_FZD1_LRP5,AGM,FZD1,WNT7B,0.267,0.037
Branchial arch,接收,74,WNT7B_FZD3_LRP5,AGM,FZD3,WNT7B,0.267,0.037
Branchial arch,接收,75,TNC_integrin_a8b1_complex,AGM,integrin,TNC,0.249,0.034
Branchial arch,接收,76,EDN3_EDNRA,AGM,EDNRA,EDN3,0.245,0.02
Branchial arch,接收,77,WNT7B_FZD4_LRP6,AGM,FZD4,WNT7B,0.228,0.038
Branchial arch,接收,78,WNT7B_FZD4_LRP5,AGM,FZD4,WNT7B,0.228,0.038
Branchial arch,接收,79,LAMA3_integrin_a3b1_complex,AGM,integrin,LAMA3,0.225,0.0
Branchial arch,接收,80,EDN3_EDNRB,AGM,EDNRB,EDN3,0.211,0.009
Branchial arch,接收,81,WNT2B_SFRP2,AGM,SFRP2,WNT2B,0.21,0.022
Branchial arch,接收,82,WNT7B_FZD8_LRP5,AGM,FZD8,WNT7B,0.187,0.045
Branchial arch,接收,83,WNT7B_FZD8_LRP6,AGM,FZD8,WNT7B,0.187,0.045
Branchial arch,接收,84,WNT7B_FZD5_LRP6,AGM,FZD5,WNT7B,0.186,0.035
Branchial arch,接收,85,WNT7B_FZD5_LRP5,AGM,FZD5,WNT7B,0.186,0.035
Branchial arch,接收,86,Cholesterol_byCEL_RORA,AGM,byCEL,Cholesterol,0.183,0.008
Branchial arch,接收,87,ANGPT2_TEK,AGM,TEK,ANGPT2,0.18,0.025
Branchial arch,接收,88,Glutamate_byGLS_and_SLC1A7_GRM7,AGM,byGLS,Glutamate,0.179,0.016
Branchial arch,接收,89,WNT2B_FZD7_LRP6,AGM,FZD7,WNT2B,0.174,0.036
Branchial arch,接收,90,WNT2B_FZD1_LRP6,AGM,FZD1,WNT2B,0.174,0.036
Branchial arch,接收,91,WNT2B_FZD3_LRP6,AGM,FZD3,WNT2B,0.174,0.036
Branchial arch,接收,92,WNT2B_FZD2_LRP6,AGM,FZD2,WNT2B,0.174,0.036
Branchial arch,接收,93,PTHLH_PTH1R,AGM,PTH1R,PTHLH,0.158,0.015
Branchial arch,接收,94,CD177_PECAM1,AGM,PECAM1,CD177,0.14,0.011
Branchial arch,接收,95,Glutamate_byGLS_and_SLC1A7_GRIK2,AGM,byGLS,Glutamate,0.139,0.016
Branchial arch,接收,96,Glutamate_byGLS_and_SLC1A7_GRIK3,AGM,byGLS,Glutamate,0.132,0.007
Branchial arch,接收,97,DHH_HHIP,AGM,HHIP,DHH,0.131,0.004
Branchial arch,接收,98,COL6A6_integrin_a1b1_complex,AGM,integrin,COL6A6,0.123,0.016
Branchial arch,接收,99,COL6A6_integrin_a11b1_complex,AGM,integrin,COL6A6,0.117,0.012
Branchial arch,接收,100,COL4A3_integrin_a1b1_complex,AGM,integrin,COL4A3,0.116,0.031
Cavity,发送,1,atRetinoicAcid_byALDH1A2_RAreceptor_RXRA,AGM,atRetinoicAcid,byALDH1A2,0.435,0.0
Cavity,发送,2,atRetinoicAcid_byALDH1A2_RAreceptor_RXRB,AGM,atRetinoicAcid,byALDH1A2,0.426,0.0
Cavity,发送,3,RSPO1_LGR4,AGM,RSPO1,LGR4,0.275,0.004
Cavity,接收,1,COL1A1_integrin_a11b1_complex,AGM,integrin,COL1A1,0.508,0.048
Cavity,接收,2,NPPA_NPR1,AGM,NPR1,NPPA,0.328,0.0
Cavity,接收,3,TAC3_TACR3,AGM,TACR3,TAC3,0.099,0.004
Connective tissue,发送,1,PPIA_BSG,AGM,PPIA,BSG,1.227,0.0
Connective tissue,发送,2,PDGFC_PDGFRA,AGM,PDGFC,PDGFRA,0.769,0.0
Connective tissue,发送,3,MPZL1_MPZL1,AGM,MPZL1,MPZL1,0.759,0.014
Connective tissue,发送,4,LRFN4_PTPRF,AGM,LRFN4,PTPRF,0.671,0.0
Connective tissue,发送,5,WNT5A_SFRP1,AGM,WNT5A,SFRP1,0.607,0.0
Connective tissue,发送,6,EFNA5_EPHA3,AGM,EFNA5,EPHA3,0.588,0.0
Connective tissue,发送,7,WNT5B_SFRP1,AGM,WNT5B,SFRP1,0.524,0.0
Connective tissue,发送,8,atRetinoicAcid_byALDH1A2_RAreceptor_RXRB,AGM,atRetinoicAcid,byALDH1A2,0.516,0.0
Connective tissue,发送,9,NRXN1_DAG1,AGM,NRXN1,DAG1,0.501,0.0
Connective tissue,发送,10,WNT2_SFRP1,AGM,WNT2,SFRP1,0.501,0.0
Connective tissue,发送,11,WNT4_SFRP1,AGM,WNT4,SFRP1,0.499,0.0
Connective tissue,发送,12,atRetinoicAcid_byALDH1A2_RAreceptor_RARA,AGM,atRetinoicAcid,byALDH1A2,0.497,0.0
Connective tissue,发送,13,GJC1_GJC1,AGM,GJC1,GJC1,0.488,0.007
Connective tissue,发送,14,PDGFA_PDGFRA,AGM,PDGFA,PDGFRA,0.485,0.001
Connective tissue,发送,15,BMPR1B_BMPR2_BMPR1A,AGM,BMPR1B,BMPR2,0.474,0.035
Connective tissue,发送,16,EFNA5_EPHA7,AGM,EFNA5,EPHA7,0.471,0.009
Connective tissue,发送,17,atRetinoicAcid_byALDH1A2_RAreceptor_RARA_RXRA,AGM,atRetinoicAcid,byALDH1A2,0.452,0.0
Connective tissue,发送,18,atRetinoicAcid_byALDH1A2_RAreceptor_RXRA,AGM,atRetinoicAcid,byALDH1A2,0.452,0.0
Connective tissue,发送,19,TENM3_ADGRL1,AGM,TENM3,ADGRL1,0.448,0.024
Connective tissue,发送,20,EFNA5_EPHB2,AGM,EFNA5,EPHB2,0.448,0.003
Connective tissue,发送,21,APP_PLXNA4,AGM,APP,PLXNA4,0.447,0.027
Connective tissue,发送,22,atRetinoicAcid_byALDH1A2_RAreceptor_RARG,AGM,atRetinoicAcid,byALDH1A2,0.441,0.0
Connective tissue,发送,23,APLP2_PLXNA4,AGM,APLP2,PLXNA4,0.422,0.048
Connective tissue,发送,24,EFNA4_EPHA3,AGM,EFNA4,EPHA3,0.418,0.0
Connective tissue,发送,25,EFNA5_EPHA4,AGM,EFNA5,EPHA4,0.418,0.024
Connective tissue,发送,26,WNT5A_ROR1,AGM,WNT5A,ROR1,0.383,0.0
Connective tissue,发送,27,VEGFA_NRP2,AGM,VEGFA,NRP2,0.38,0.0
Connective tissue,发送,28,EFNA2_EPHA3,AGM,EFNA2,EPHA3,0.374,0.0
Connective tissue,发送,29,BMP4_BMPR1A_BMPR2,AGM,BMP4,BMPR1A,0.37,0.013
Connective tissue,发送,30,EFNA1_EPHA3,AGM,EFNA1,EPHA3,0.364,0.0
Connective tissue,发送,31,TENM4_ADGRL1,AGM,TENM4,ADGRL1,0.361,0.004
Connective tissue,发送,32,VEGFA_KDR,AGM,VEGFA,KDR,0.361,0.003
Connective tissue,发送,33,EFNB2_EPHB2,AGM,EFNB2,EPHB2,0.357,0.0
Connective tissue,发送,34,COL19A1_integrin_a11b1_complex,AGM,COL19A1,integrin,0.353,0.031
Connective tissue,发送,35,SEMA3C_NRP2,AGM,SEMA3C,NRP2,0.351,0.0
Connective tissue,发送,36,TENM4_FLRT3_complex_ADGRL1,AGM,TENM4,FLRT3,0.349,0.007
Connective tissue,发送,37,TGFB2_TGFBR3,AGM,TGFB2,TGFBR3,0.347,0.0
Connective tissue,发送,38,FLRT2_ADGRL1,AGM,FLRT2,ADGRL1,0.338,0.015
Connective tissue,发送,39,EFNB2_EPHB4,AGM,EFNB2,EPHB4,0.337,0.023
Connective tissue,发送,40,EFNB2_EPHB3,AGM,EFNB2,EPHB3,0.337,0.0
Connective tissue,发送,41,CDH5_CDH5,AGM,CDH5,CDH5,0.334,0.009
Connective tissue,发送,42,EFNB2_EPHA4,AGM,EFNB2,EPHA4,0.327,0.006
Connective tissue,发送,43,SEMA4C_PLXNB2,AGM,SEMA4C,PLXNB2,0.324,0.001
Connective tissue,发送,44,SEMA4D_PLXNB2,AGM,SEMA4D,PLXNB2,0.317,0.015
Connective tissue,发送,45,VEGFC_KDR,AGM,VEGFC,KDR,0.298,0.004
Connective tissue,发送,46,BMP7_BMPR1A_BMPR2,AGM,BMP7,BMPR1A,0.296,0.042
Connective tissue,发送,47,JAG1_NOTCH2,AGM,JAG1,NOTCH2,0.296,0.0
Connective tissue,发送,48,SEMA3F_NRP2,AGM,SEMA3F,NRP2,0.292,0.012
Connective tissue,发送,49,BMP5_BMPR1A_BMPR2,AGM,BMP5,BMPR1A,0.291,0.031
Connective tissue,发送,50,EFNB1_EPHB2,AGM,EFNB1,EPHB2,0.284,0.04
Connective tissue,发送,51,ESAM_ESAM,AGM,ESAM,ESAM,0.275,0.013
Connective tissue,发送,52,RSPO1_LGR4,AGM,RSPO1,LGR4,0.273,0.002
Connective tissue,发送,53,ANGPT1_TEK,AGM,ANGPT1,TEK,0.27,0.0
Connective tissue,发送,54,IGFBP3_TMEM219,AGM,IGFBP3,TMEM219,0.267,0.024
Connective tissue,发送,55,VEGFA_NRP1,AGM,VEGFA,NRP1,0.264,0.035
Connective tissue,发送,56,WNT5A_FRZB,AGM,WNT5A,FRZB,0.233,0.0
Connective tissue,发送,57,TGFB2_TGFbeta_receptor2,AGM,TGFB2,TGFbeta,0.23,0.002
Connective tissue,发送,58,TGFB2_TGFbeta_receptor1,AGM,TGFB2,TGFbeta,0.23,0.002
Connective tissue,发送,59,WNT5A_FZD10_LRP6,AGM,WNT5A,FZD10,0.225,0.0
Connective tissue,发送,60,WNT5A_FZD10_LRP5,AGM,WNT5A,FZD10,0.225,0.0
Connective tissue,发送,61,WNT5A_FZD6_LRP5,AGM,WNT5A,FZD6,0.225,0.004
Connective tissue,发送,62,WNT5A_FZD6_LRP6,AGM,WNT5A,FZD6,0.225,0.004
Connective tissue,发送,63,RSPO1_Kremen1_LRP6,AGM,RSPO1,Kremen1,0.206,0.0
Connective tissue,发送,64,PDGFD_PDGFR_complex,AGM,PDGFD,PDGFR,0.197,0.003
Connective tissue,发送,65,PDGFD_PDGFRB,AGM,PDGFD,PDGFRB,0.197,0.003
Connective tissue,发送,66,NRXN1_ADGRL1,AGM,NRXN1,ADGRL1,0.19,0.004
Connective tissue,发送,67,BMP7_ACVR_1A2A_receptor,AGM,BMP7,ACVR,0.177,0.044
Connective tissue,发送,68,BMP7_ACVR_1A2B_receptor,AGM,BMP7,ACVR,0.177,0.045
Connective tissue,发送,69,BMP7_ACVR1_BMPR2,AGM,BMP7,ACVR1,0.177,0.045
Connective tissue,发送,70,VEGFC_FLT4,AGM,VEGFC,FLT4,0.152,0.002
Connective tissue,发送,71,WNT5B_FRZB,AGM,WNT5B,FRZB,0.149,0.003
Connective tissue,发送,72,WNT5B_FZD10_LRP5,AGM,WNT5B,FZD10,0.141,0.004
Connective tissue,发送,73,WNT5B_FZD10_LRP6,AGM,WNT5B,FZD10,0.141,0.004
Connective tissue,发送,74,WNT5B_FZD6_LRP5,AGM,WNT5B,FZD6,0.141,0.012
Connective tissue,发送,75,WNT5B_FZD6_LRP6,AGM,WNT5B,FZD6,0.141,0.012
Connective tissue,发送,76,WNT4_FRZB,AGM,WNT4,FRZB,0.125,0.0
Connective tissue,发送,77,WNT4_FZD10_LRP5,AGM,WNT4,FZD10,0.117,0.0
Connective tissue,发送,78,WNT4_FZD10_LRP6,AGM,WNT4,FZD10,0.117,0.0
Connective tissue,发送,79,WNT4_FZD6_LRP6,AGM,WNT4,FZD6,0.117,0.0
Connective tissue,发送,80,WNT4_FZD6_LRP5,AGM,WNT4,FZD6,0.117,0.0
Connective tissue,发送,81,CD55_ADGRE5,AGM,CD55,ADGRE5,0.111,0.029
Connective tissue,发送,82,COL27A1_integrin_a11b1_complex,AGM,COL27A1,integrin,0.096,0.02
Connective tissue,接收,1,IGF2_IGF2R,AGM,IGF2R,IGF2,1.956,0.0
Connective tissue,接收,2,IGF2_IGF1R,AGM,IGF1R,IGF2,1.821,0.0
Connective tissue,接收,3,DLK1_NOTCH3,AGM,NOTCH3,DLK1,1.445,0.0
Connective tissue,接收,4,DLK1_NOTCH2,AGM,NOTCH2,DLK1,1.436,0.0
Connective tissue,接收,5,DLK1_NOTCH1,AGM,NOTCH1,DLK1,1.428,0.0
Connective tissue,接收,6,COL3A1_integrin_a1b1_complex,AGM,integrin,COL3A1,1.215,0.0
Connective tissue,接收,7,COL3A1_integrin_a11b1_complex,AGM,integrin,COL3A1,1.209,0.0
Connective tissue,接收,8,COL1A1_integrin_a1b1_complex,AGM,integrin,COL1A1,1.016,0.0
Connective tissue,接收,9,COL1A1_integrin_a11b1_complex,AGM,integrin,COL1A1,1.01,0.0
Connective tissue,接收,10,COL1A2_integrin_a1b1_complex,AGM,integrin,COL1A2,0.984,0.0
Connective tissue,接收,11,COL1A2_integrin_a11b1_complex,AGM,integrin,COL1A2,0.978,0.0
Connective tissue,接收,12,FN1_integrin_aVb1_complex,AGM,integrin,FN1,0.963,0.0
Connective tissue,接收,13,FN1_integrin_a8b1_complex,AGM,integrin,FN1,0.944,0.0
Connective tissue,接收,14,FN1_integrin_aVb5_complex,AGM,integrin,FN1,0.923,0.009
Connective tissue,接收,15,FN1_integrin_a3b1_complex,AGM,integrin,FN1,0.907,0.0
Connective tissue,接收,16,FN1_integrin_a4b1_complex,AGM,integrin,FN1,0.892,0.0
Connective tissue,接收,17,FN1_integrin_a11b1_complex,AGM,integrin,FN1,0.872,0.0
Connective tissue,接收,18,COL18A1_integrin_a1b1_complex,AGM,integrin,COL18A1,0.861,0.0
Connective tissue,接收,19,COL18A1_integrin_a11b1_complex,AGM,integrin,COL18A1,0.856,0.0
Connective tissue,接收,20,MPZL1_MPZL1,AGM,MPZL1,MPZL1,0.759,0.014
Connective tissue,接收,21,FLRT3_ADGRL2,AGM,ADGRL2,FLRT3,0.718,0.0
Connective tissue,接收,22,APP_FPR2,AGM,FPR2,APP,0.68,0.0
Connective tissue,接收,23,TENM3_ADGRL2,AGM,ADGRL2,TENM3,0.627,0.009
Connective tissue,接收,24,COL5A2_integrin_a1b1_complex,AGM,integrin,COL5A2,0.613,0.0
Connective tissue,接收,25,APP_TNFRSF21,AGM,TNFRSF21,APP,0.612,0.0
Connective tissue,接收,26,COL5A2_integrin_a11b1_complex,AGM,integrin,COL5A2,0.607,0.0
Connective tissue,接收,27,WNT2_SFRP1,AGM,SFRP1,WNT2,0.606,0.0
Connective tissue,接收,28,APP_SORL1,AGM,SORL1,APP,0.584,0.0
Connective tissue,接收,29,TENM4_ADGRL2,AGM,ADGRL2,TENM4,0.534,0.008
Connective tissue,接收,30,DAG1_NRXN3,AGM,NRXN3,DAG1,0.529,0.0
Connective tissue,接收,31,PDGFA_PDGFRA,AGM,PDGFRA,PDGFA,0.522,0.0
Connective tissue,接收,32,LRFN4_PTPRD,AGM,PTPRD,LRFN4,0.516,0.0
Connective tissue,接收,33,SLIT2_ROBO1,AGM,ROBO1,SLIT2,0.51,0.005
Connective tissue,接收,34,WNT5A_SFRP1,AGM,SFRP1,WNT5A,0.495,0.0
Connective tissue,接收,35,NCAM1_FGFR1,AGM,FGFR1,NCAM1,0.492,0.0
Connective tissue,接收,36,GJC1_GJC1,AGM,GJC1,GJC1,0.488,0.007
Connective tissue,接收,37,FLRT3_ADGRL3,AGM,ADGRL3,FLRT3,0.488,0.0
Connective tissue,接收,38,TENM2_FLRT3_complex_ADGRL2,AGM,FLRT3,TENM2,0.465,0.0
Connective tissue,接收,39,TENM2_ADGRL2,AGM,ADGRL2,TENM2,0.465,0.0
Connective tissue,接收,40,WNT6_SFRP1,AGM,SFRP1,WNT6,0.453,0.0
Connective tissue,接收,41,NCAM1_AGRN,AGM,AGRN,NCAM1,0.452,0.009
Connective tissue,接收,42,WNT7B_SFRP1,AGM,SFRP1,WNT7B,0.429,0.0
Connective tissue,接收,43,WNT2_SFRP2,AGM,SFRP2,WNT2,0.425,0.0
Connective tissue,接收,44,BMP4_BMPR1A_BMPR2,AGM,BMPR1A,BMP4,0.422,0.0
Connective tissue,接收,45,WNT4_SFRP1,AGM,SFRP1,WNT4,0.419,0.0
Connective tissue,接收,46,WNT5B_SFRP1,AGM,SFRP1,WNT5B,0.417,0.005
Connective tissue,接收,47,COL5A1_integrin_a1b1_complex,AGM,integrin,COL5A1,0.412,0.0
Connective tissue,接收,48,COL5A1_integrin_a11b1_complex,AGM,integrin,COL5A1,0.407,0.0
Connective tissue,接收,49,SEMA3A_PlexinA2_complex1,AGM,PlexinA2,SEMA3A,0.397,0.0
Connective tissue,接收,50,SEMA3A_PlexinA1_complex3,AGM,PlexinA1,SEMA3A,0.397,0.0
Connective tissue,接收,51,SEMA3A_NRP1,AGM,NRP1,SEMA3A,0.397,0.0
Connective tissue,接收,52,TENM3_FLRT3_complex_ADGRL3,AGM,FLRT3,TENM3,0.396,0.0
Connective tissue,接收,53,EFNB3_EPHA4,AGM,EPHA4,EFNB3,0.394,0.0
Connective tissue,接收,54,WNT2_FZD3_LRP6,AGM,FZD3,WNT2,0.39,0.0
Connective tissue,接收,55,WNT2_FZD7_LRP6,AGM,FZD7,WNT2,0.39,0.0
Connective tissue,接收,56,WNT2_FZD1_LRP6,AGM,FZD1,WNT2,0.39,0.0
Connective tissue,接收,57,WNT2_FZD2_LRP6,AGM,FZD2,WNT2,0.39,0.0
Connective tissue,接收,58,WNT2_FZD1_LRP5,AGM,FZD1,WNT2,0.388,0.0
Connective tissue,接收,59,WNT2_FZD2_LRP5,AGM,FZD2,WNT2,0.388,0.0
Connective tissue,接收,60,WNT2_FZD7_LRP5,AGM,FZD7,WNT2,0.388,0.0
Connective tissue,接收,61,WNT2_FZD3_LRP5,AGM,FZD3,WNT2,0.388,0.0
Connective tissue,接收,62,EFNB3_EPHB4,AGM,EPHB4,EFNB3,0.386,0.0
Connective tissue,接收,63,EFNB3_EPHB2,AGM,EPHB2,EFNB3,0.385,0.0
Connective tissue,接收,64,SLITRK6_PTPRS,AGM,PTPRS,SLITRK6,0.371,0.0
Connective tissue,接收,65,SDC1_ADGRA2,AGM,ADGRA2,SDC1,0.367,0.013
Connective tissue,接收,66,NTN1_UNC5C,AGM,UNC5C,NTN1,0.351,0.024
Connective tissue,接收,67,BMP4_BMR1A_ACR2A,AGM,BMR1A,BMP4,0.35,0.0
Connective tissue,接收,68,WNT2_FZD4_LRP6,AGM,FZD4,WNT2,0.348,0.0
Connective tissue,接收,69,WNT2_FZD4_LRP5,AGM,FZD4,WNT2,0.348,0.0
Connective tissue,接收,70,BMP4_BMR1B_AVR2A,AGM,BMR1B,BMP4,0.345,0.0
Connective tissue,接收,71,BMP4_BMPR1B_BMPR2,AGM,BMPR1B,BMP4,0.345,0.0
Connective tissue,接收,72,SEMA3A_PlexinA3_complex1,AGM,PlexinA3,SEMA3A,0.341,0.0
Connective tissue,接收,73,BMP4_BMR1B_AVR2B,AGM,BMR1B,BMP4,0.337,0.0
Connective tissue,接收,74,BMP4_BMR1A_AVR2B,AGM,BMR1A,BMP4,0.337,0.001
Connective tissue,接收,75,EFNA4_EPHA7,AGM,EPHA7,EFNA4,0.336,0.008
Connective tissue,接收,76,CDH5_CDH5,AGM,CDH5,CDH5,0.334,0.009
Connective tissue,接收,77,EFNB3_EPHB3,AGM,EPHB3,EFNB3,0.334,0.003
Connective tissue,接收,78,EFNB2_EPHA4,AGM,EPHA4,EFNB2,0.331,0.004
Connective tissue,接收,79,EFNB1_EPHA4,AGM,EPHA4,EFNB1,0.324,0.0
Connective tissue,接收,80,EFNB2_EPHB2,AGM,EPHB2,EFNB2,0.322,0.027
Connective tissue,接收,81,EFNB1_EPHB4,AGM,EPHB4,EFNB1,0.316,0.002
Connective tissue,接收,82,EFNB1_EPHB2,AGM,EPHB2,EFNB1,0.314,0.0
Connective tissue,接收,83,WNT5A_SFRP2,AGM,SFRP2,WNT5A,0.313,0.001
Connective tissue,接收,84,WNT2_FZD8_LRP5,AGM,FZD8,WNT2,0.307,0.0
Connective tissue,接收,85,WNT2_FZD8_LRP6,AGM,FZD8,WNT2,0.307,0.0
Connective tissue,接收,86,WNT2_FZD5_LRP5,AGM,FZD5,WNT2,0.306,0.0
Connective tissue,接收,87,WNT2_FZD5_LRP6,AGM,FZD5,WNT2,0.306,0.0
Connective tissue,接收,88,DKK2_LRP6,AGM,LRP6,DKK2,0.302,0.0
Connective tissue,接收,89,SEMA3E_PLXND1,AGM,PLXND1,SEMA3E,0.299,0.0
Connective tissue,接收,90,EFNA2_EPHA7,AGM,EPHA7,EFNA2,0.29,0.001
Connective tissue,接收,91,BMP5_BMPR1A_BMPR2,AGM,BMPR1A,BMP5,0.288,0.041
Connective tissue,接收,92,SDC2_ADGRA2,AGM,ADGRA2,SDC2,0.285,0.0
Connective tissue,接收,93,EFNA4_EPHA4,AGM,EPHA4,EFNA4,0.282,0.035
Connective tissue,接收,94,COL4A5_integrin_a1b1_complex,AGM,integrin,COL4A5,0.281,0.0
Connective tissue,接收,95,VEGFC_KDR,AGM,KDR,VEGFC,0.281,0.038
Connective tissue,接收,96,EFNA1_EPHA7,AGM,EPHA7,EFNA1,0.279,0.001
Connective tissue,接收,97,WNT5A_FZD3_LRP6,AGM,FZD3,WNT5A,0.278,0.038
Connective tissue,接收,98,WNT5A_FZD7_LRP6,AGM,FZD7,WNT5A,0.278,0.038
Connective tissue,接收,99,WNT5A_FZD2_LRP6,AGM,FZD2,WNT5A,0.278,0.038
Connective tissue,接收,100,COL4A5_integrin_a11b1_complex,AGM,integrin,COL4A5,0.276,0.0
Dermomyotome,发送,1,CADM1_CADM1,AGM,CADM1,CADM1,0.915,0.0
Dermomyotome,发送,2,MPZL1_MPZL1,AGM,MPZL1,MPZL1,0.751,0.03
Dermomyotome,发送,3,CADM1_NECTIN3,AGM,CADM1,NECTIN3,0.671,0.0
Dermomyotome,发送,4,TENM3_ADGRL2,AGM,TENM3,ADGRL2,0.669,0.001
Dermomyotome,发送,5,PDGFC_PDGFRA,AGM,PDGFC,PDGFRA,0.634,0.0
Dermomyotome,发送,6,TENM4_ADGRL2,AGM,TENM4,ADGRL2,0.582,0.0
Dermomyotome,发送,7,NECTIN2_NECTIN3,AGM,NECTIN2,NECTIN3,0.571,0.0
Dermomyotome,发送,8,FLRT3_ADGRL2,AGM,FLRT3,ADGRL2,0.57,0.001
Dermomyotome,发送,9,EFNA5_EPHA3,AGM,EFNA5,EPHA3,0.545,0.0
Dermomyotome,发送,10,LAMC1_integrin_a6b1_complex,AGM,LAMC1,integrin,0.54,0.0
Dermomyotome,发送,11,atRetinoicAcid_byALDH1A2_RAreceptor_RXRB,AGM,atRetinoicAcid,byALDH1A2,0.528,0.0
Dermomyotome,发送,12,GJC1_GJC1,AGM,GJC1,GJC1,0.503,0.0
Dermomyotome,发送,13,atRetinoicAcid_byALDH1A2_RAreceptor_RARA,AGM,atRetinoicAcid,byALDH1A2,0.487,0.0
Dermomyotome,发送,14,BMPR1B_BMPR2_BMPR1A,AGM,BMPR1B,BMPR2,0.481,0.018
Dermomyotome,发送,15,atRetinoicAcid_byALDH1A2_RAreceptor_RARA_RXRA,AGM,atRetinoicAcid,byALDH1A2,0.478,0.0
Dermomyotome,发送,16,atRetinoicAcid_byALDH1A2_RAreceptor_RXRA,AGM,atRetinoicAcid,byALDH1A2,0.478,0.0
Dermomyotome,发送,17,PTPRD_IL1RAPL1,AGM,PTPRD,IL1RAPL1,0.476,0.0
Dermomyotome,发送,18,JAM3_JAM3,AGM,JAM3,JAM3,0.473,0.0
Dermomyotome,发送,19,EFNA5_EPHB2,AGM,EFNA5,EPHB2,0.451,0.003
Dermomyotome,发送,20,NRXN1_DAG1,AGM,NRXN1,DAG1,0.447,0.03
Dermomyotome,发送,21,LRFN4_PTPRD,AGM,LRFN4,PTPRD,0.447,0.039
Dermomyotome,发送,22,NECTIN1_NECTIN3,AGM,NECTIN1,NECTIN3,0.427,0.0
Dermomyotome,发送,23,TENM2_FLRT3_complex_ADGRL2,AGM,TENM2,FLRT3,0.418,0.002
Dermomyotome,发送,24,TENM2_ADGRL2,AGM,TENM2,ADGRL2,0.418,0.002
Dermomyotome,发送,25,LRFN4_PTPRS,AGM,LRFN4,PTPRS,0.385,0.016
Dermomyotome,发送,26,EFNA4_EPHA3,AGM,EFNA4,EPHA3,0.375,0.0
Dermomyotome,发送,27,EFNB2_EPHB2,AGM,EFNB2,EPHB2,0.36,0.0
Dermomyotome,发送,28,SLITRK6_PTPRS,AGM,SLITRK6,PTPRS,0.355,0.005
Dermomyotome,发送,29,WNT5A_FZD2_LRP5,AGM,WNT5A,FZD2,0.35,0.0
Dermomyotome,发送,30,WNT5A_FZD7_LRP5,AGM,WNT5A,FZD7,0.35,0.0
Dermomyotome,发送,31,WNT5A_FZD3_LRP5,AGM,WNT5A,FZD3,0.35,0.0
Dermomyotome,发送,32,WNT5A_ROR2,AGM,WNT5A,ROR2,0.331,0.003
Dermomyotome,发送,33,EFNA2_EPHA3,AGM,EFNA2,EPHA3,0.33,0.0
Dermomyotome,发送,34,WNT5A_SFRP2,AGM,WNT5A,SFRP2,0.33,0.001
Dermomyotome,发送,35,EFNB2_EPHB3,AGM,EFNB2,EPHB3,0.329,0.002
Dermomyotome,发送,36,TNC_integrin_a9b1_complex,AGM,TNC,integrin,0.325,0.0
Dermomyotome,发送,37,EFNA1_EPHA3,AGM,EFNA1,EPHA3,0.32,0.0
Dermomyotome,发送,38,EFNB2_EPHA4,AGM,EFNB2,EPHA4,0.317,0.026
Dermomyotome,发送,39,BMP4_BMR1A_AVR2B,AGM,BMP4,BMR1A,0.313,0.031
Dermomyotome,发送,40,RSPO1_LGR4,AGM,RSPO1,LGR4,0.298,0.0
Dermomyotome,发送,41,JAG1_NOTCH2,AGM,JAG1,NOTCH2,0.297,0.0
Dermomyotome,发送,42,WNT5A_ROR1,AGM,WNT5A,ROR1,0.294,0.003
Dermomyotome,发送,43,EFNB1_EPHB2,AGM,EFNB1,EPHB2,0.287,0.036
Dermomyotome,发送,44,WNT5A_FZD3_LRP6,AGM,WNT5A,FZD3,0.285,0.031
Dermomyotome,发送,45,WNT5A_FZD7_LRP6,AGM,WNT5A,FZD7,0.285,0.031
Dermomyotome,发送,46,WNT5A_FZD2_LRP6,AGM,WNT5A,FZD2,0.285,0.031
Dermomyotome,发送,47,BMP4_BMR1B_AVR2A,AGM,BMP4,BMR1B,0.272,0.024
Dermomyotome,发送,48,BMP4_BMPR1B_BMPR2,AGM,BMP4,BMPR1B,0.272,0.038
Dermomyotome,发送,49,BMP4_BMR1B_AVR2B,AGM,BMP4,BMR1B,0.272,0.032
Dermomyotome,发送,50,WNT5B_FZD2_LRP5,AGM,WNT5B,FZD2,0.267,0.0
Dermomyotome,发送,51,WNT5B_FZD1_LRP5,AGM,WNT5B,FZD1,0.267,0.0
Dermomyotome,发送,52,WNT5B_FZD7_LRP5,AGM,WNT5B,FZD7,0.267,0.0
Dermomyotome,发送,53,Cholesterol_byLIPA_RORA,AGM,Cholesterol,byLIPA,0.267,0.013
Dermomyotome,发送,54,WNT5B_FZD3_LRP5,AGM,WNT5B,FZD3,0.267,0.0
Dermomyotome,发送,55,WNT5B_SFRP2,AGM,WNT5B,SFRP2,0.247,0.006
Dermomyotome,发送,56,WNT2_FZD1_LRP5,AGM,WNT2,FZD1,0.244,0.008
Dermomyotome,发送,57,WNT2_FZD2_LRP5,AGM,WNT2,FZD2,0.244,0.01
Dermomyotome,发送,58,WNT2_FZD7_LRP5,AGM,WNT2,FZD7,0.244,0.01
Dermomyotome,发送,59,WNT2_FZD3_LRP5,AGM,WNT2,FZD3,0.244,0.01
Dermomyotome,发送,60,WNT4_FZD2_LRP5,AGM,WNT4,FZD2,0.242,0.0
Dermomyotome,发送,61,WNT4_FZD7_LRP5,AGM,WNT4,FZD7,0.242,0.0
Dermomyotome,发送,62,WNT4_FZD1_LRP5,AGM,WNT4,FZD1,0.242,0.0
Dermomyotome,发送,63,WNT4_FZD3_LRP5,AGM,WNT4,FZD3,0.242,0.0
Dermomyotome,发送,64,RSPO2_LGR4,AGM,RSPO2,LGR4,0.241,0.002
Dermomyotome,发送,65,JAG1_NOTCH3,AGM,JAG1,NOTCH3,0.233,0.004
Dermomyotome,发送,66,JAG1_NOTCH1,AGM,JAG1,NOTCH1,0.231,0.032
Dermomyotome,发送,67,WNT4_SFRP2,AGM,WNT4,SFRP2,0.223,0.0
Dermomyotome,发送,68,CXCL13_CXCR5,AGM,CXCL13,CXCR5,0.215,0.0
Dermomyotome,发送,69,RSPO1_Kremen1_LRP6,AGM,RSPO1,Kremen1,0.209,0.0
Dermomyotome,发送,70,PDGFD_PDGFR_complex,AGM,PDGFD,PDGFR,0.18,0.041
Dermomyotome,发送,71,PDGFD_PDGFRB,AGM,PDGFD,PDGFRB,0.18,0.041
Dermomyotome,发送,72,THBS1_CD36,AGM,THBS1,CD36,0.157,0.036
Dermomyotome,发送,73,CD55_ADGRE5,AGM,CD55,ADGRE5,0.123,0.003
Dermomyotome,发送,74,PLAUR_integrin_a4b1_complex,AGM,PLAUR,integrin,0.114,0.038
Dermomyotome,接收,1,DLK1_NOTCH3,AGM,NOTCH3,DLK1,1.349,0.0
Dermomyotome,接收,2,DLK1_NOTCH2,AGM,NOTCH2,DLK1,1.341,0.0
Dermomyotome,接收,3,DLK1_NOTCH1,AGM,NOTCH1,DLK1,1.332,0.0
Dermomyotome,接收,4,PPIA_BSG,AGM,BSG,PPIA,1.183,0.02
Dermomyotome,接收,5,CADM1_CADM1,AGM,CADM1,CADM1,0.915,0.0
Dermomyotome,接收,6,CADM1_NECTIN3,AGM,NECTIN3,CADM1,0.865,0.0
Dermomyotome,接收,7,MPZL1_MPZL1,AGM,MPZL1,MPZL1,0.751,0.03
Dermomyotome,接收,8,PDGFC_PDGFRA,AGM,PDGFRA,PDGFC,0.74,0.0
Dermomyotome,接收,9,NTN1_UNC5C,AGM,UNC5C,NTN1,0.711,0.0
Dermomyotome,接收,10,TENM3_ADGRL2,AGM,ADGRL2,TENM3,0.652,0.003
Dermomyotome,接收,11,TENM4_ADGRL2,AGM,ADGRL2,TENM4,0.58,0.0
Dermomyotome,接收,12,NTN1_UNC5B,AGM,UNC5B,NTN1,0.552,0.0
Dermomyotome,接收,13,EFNA5_EPHA7,AGM,EPHA7,EFNA5,0.533,0.0
Dermomyotome,接收,14,COL4A1_integrin_a1b1_complex,AGM,integrin,COL4A1,0.532,0.001
Dermomyotome,接收,15,COL4A1_integrin_a11b1_complex,AGM,integrin,COL4A1,0.527,0.0
Dermomyotome,接收,16,LRFN4_PTPRD,AGM,PTPRD,LRFN4,0.523,0.0
Dermomyotome,接收,17,PDGFA_PDGFRA,AGM,PDGFRA,PDGFA,0.51,0.0
Dermomyotome,接收,18,SLIT2_ROBO1,AGM,ROBO1,SLIT2,0.506,0.012
Dermomyotome,接收,19,NTN1_DCC,AGM,DCC,NTN1,0.503,0.0
Dermomyotome,接收,20,GJC1_GJC1,AGM,GJC1,GJC1,0.503,0.0
Dermomyotome,接收,21,COL2A1_integrin_a1b1_complex,AGM,integrin,COL2A1,0.494,0.0
Dermomyotome,接收,22,NCAM1_FGFR1,AGM,FGFR1,NCAM1,0.492,0.0
Dermomyotome,接收,23,COL2A1_integrin_a11b1_complex,AGM,integrin,COL2A1,0.488,0.0
Dermomyotome,接收,24,EFNA5_EPHA4,AGM,EPHA4,EFNA5,0.479,0.0
Dermomyotome,接收,25,SEMA3A_PlexinA2_complex1,AGM,PlexinA2,SEMA3A,0.478,0.0
Dermomyotome,接收,26,SEMA3A_PlexinA1_complex3,AGM,PlexinA1,SEMA3A,0.478,0.0
Dermomyotome,接收,27,SEMA3A_NRP1,AGM,NRP1,SEMA3A,0.478,0.0
Dermomyotome,接收,28,JAM3_JAM3,AGM,JAM3,JAM3,0.473,0.0
Dermomyotome,接收,29,EFNA5_EPHB2,AGM,EPHB2,EFNA5,0.469,0.001
Dermomyotome,接收,30,WNT16_SFRP1,AGM,SFRP1,WNT16,0.468,0.0
Dermomyotome,接收,31,NCAM1_AGRN,AGM,AGRN,NCAM1,0.452,0.022
Dermomyotome,接收,32,SLIT1_ROBO1,AGM,ROBO1,SLIT1,0.445,0.0
Dermomyotome,接收,33,WNT5B_SFRP1,AGM,SFRP1,WNT5B,0.434,0.0
Dermomyotome,接收,34,NECTIN1_NECTIN3,AGM,NECTIN3,NECTIN1,0.427,0.0
Dermomyotome,接收,35,SEMA3A_PlexinA3_complex1,AGM,PlexinA3,SEMA3A,0.422,0.0
Dermomyotome,接收,36,TENM3_ADGRL3,AGM,ADGRL3,TENM3,0.422,0.037
Dermomyotome,接收,37,PTPRD_IL1RAPL1,AGM,IL1RAPL1,PTPRD,0.42,0.012
Dermomyotome,接收,38,TENM1_ADGRL2,AGM,ADGRL2,TENM1,0.403,0.0
Dermomyotome,接收,39,SDC1_ADGRA2,AGM,ADGRA2,SDC1,0.393,0.001
Dermomyotome,接收,40,TENM4_ADGRL1,AGM,ADGRL1,TENM4,0.357,0.01
Dermomyotome,接收,41,VEGFA_KDR,AGM,KDR,VEGFA,0.355,0.007
Dermomyotome,接收,42,TENM4_ADGRL3,AGM,ADGRL3,TENM4,0.35,0.0
Dermomyotome,接收,43,EFNA4_EPHA7,AGM,EPHA7,EFNA4,0.348,0.002
Dermomyotome,接收,44,COL26A1_integrin_a1b1_complex,AGM,integrin,COL26A1,0.34,0.0
Dermomyotome,接收,45,COL26A1_integrin_a11b1_complex,AGM,integrin,COL26A1,0.334,0.0
Dermomyotome,接收,46,EFNB1_EPHA4,AGM,EPHA4,EFNB1,0.313,0.0
Dermomyotome,接收,47,EFNB1_EPHB4,AGM,EPHB4,EFNB1,0.305,0.013
Dermomyotome,接收,48,EFNB1_EPHB2,AGM,EPHB2,EFNB1,0.304,0.004
Dermomyotome,接收,49,MSTN_TGFR_AVR2A,AGM,TGFR,MSTN,0.303,0.0
Dermomyotome,接收,50,EFNA2_EPHA7,AGM,EPHA7,EFNA2,0.303,0.0
Dermomyotome,接收,51,EFNA4_EPHA4,AGM,EPHA4,EFNA4,0.294,0.011
Dermomyotome,接收,52,VEGFC_KDR,AGM,KDR,VEGFC,0.291,0.017
Dermomyotome,接收,53,MSTN_TGFR_AVR2B,AGM,TGFR,MSTN,0.29,0.0
Dermomyotome,接收,54,SEMA6A_PlexinA2_complex1,AGM,PlexinA2,SEMA6A,0.288,0.017
Dermomyotome,接收,55,WNT16_SFRP2,AGM,SFRP2,WNT16,0.287,0.0
Dermomyotome,接收,56,NLGN1_NRXN3,AGM,NRXN3,NLGN1,0.277,0.025
Dermomyotome,接收,57,CLSTN2_NRXN3,AGM,NRXN3,CLSTN2,0.274,0.0
Dermomyotome,接收,58,Cholesterol_byDHCR7_RORA,AGM,byDHCR7,Cholesterol,0.271,0.001
Dermomyotome,接收,59,VEGFA_NRP1,AGM,NRP1,VEGFA,0.269,0.019
Dermomyotome,接收,60,WNT16_FZD2_LRP6,AGM,FZD2,WNT16,0.252,0.0
Dermomyotome,接收,61,WNT16_FZD3_LRP6,AGM,FZD3,WNT16,0.252,0.0
Dermomyotome,接收,62,WNT16_FZD7_LRP6,AGM,FZD7,WNT16,0.252,0.0
Dermomyotome,接收,63,WNT16_FZD1_LRP6,AGM,FZD1,WNT16,0.252,0.0
Dermomyotome,接收,64,WNT5B_SFRP2,AGM,SFRP2,WNT5B,0.252,0.007
Dermomyotome,接收,65,NLGN1_NRXN1,AGM,NRXN1,NLGN1,0.25,0.0
Dermomyotome,接收,66,WNT16_FZD1_LRP5,AGM,FZD1,WNT16,0.25,0.0
Dermomyotome,接收,67,WNT16_FZD2_LRP5,AGM,FZD2,WNT16,0.25,0.0
Dermomyotome,接收,68,WNT16_FZD7_LRP5,AGM,FZD7,WNT16,0.25,0.0
Dermomyotome,接收,69,WNT16_FZD3_LRP5,AGM,FZD3,WNT16,0.25,0.0
Dermomyotome,接收,70,EFNA2_EPHA4,AGM,EPHA4,EFNA2,0.249,0.001
Dermomyotome,接收,71,CLSTN2_NRXN1,AGM,NRXN1,CLSTN2,0.246,0.0
Dermomyotome,接收,72,SEMA4D_PLXNB1,AGM,PLXNB1,SEMA4D,0.231,0.017
Dermomyotome,接收,73,VEGFA_FLT1_complex,AGM,FLT1,VEGFA,0.229,0.03
Dermomyotome,接收,74,VEGFA_FLT1,AGM,FLT1,VEGFA,0.229,0.03
Dermomyotome,接收,75,TGFB2_TGFbeta_receptor2,AGM,TGFbeta,TGFB2,0.217,0.038
Dermomyotome,接收,76,TGFB2_TGFbeta_receptor1,AGM,TGFbeta,TGFB2,0.217,0.039
Dermomyotome,接收,77,GDF11_TGFR_AVR2A,AGM,TGFR,GDF11,0.213,0.008
Dermomyotome,接收,78,WNT16_FZD4_LRP6,AGM,FZD4,WNT16,0.21,0.0
Dermomyotome,接收,79,WNT16_FZD4_LRP5,AGM,FZD4,WNT16,0.21,0.0
Dermomyotome,接收,80,DKK2_LRP6,AGM,LRP6,DKK2,0.205,0.03
Dermomyotome,接收,81,Desmosterol_byDHCR7_NR1H2,AGM,byDHCR7,Desmosterol,0.186,0.0
Dermomyotome,接收,82,NRXN1_ADGRL1,AGM,ADGRL1,NRXN1,0.182,0.018
Dermomyotome,接收,83,TENM1_ADGRL1,AGM,ADGRL1,TENM1,0.179,0.008
Dermomyotome,接收,84,CLSTN1_NRXN1,AGM,NRXN1,CLSTN1,0.176,0.022
Dermomyotome,接收,85,COL13A1_integrin_a1b1_complex,AGM,integrin,COL13A1,0.174,0.0
Dermomyotome,接收,86,TENM1_ADGRL3,AGM,ADGRL3,TENM1,0.172,0.001
Dermomyotome,接收,87,WNT16_FZD8_LRP5,AGM,FZD8,WNT16,0.169,0.0
Dermomyotome,接收,88,WNT16_FZD8_LRP6,AGM,FZD8,WNT16,0.169,0.0
Dermomyotome,接收,89,COL13A1_integrin_a11b1_complex,AGM,integrin,COL13A1,0.169,0.0
Dermomyotome,接收,90,WNT16_FZD5_LRP6,AGM,FZD5,WNT16,0.168,0.0
Dermomyotome,接收,91,WNT16_FZD5_LRP5,AGM,FZD5,WNT16,0.168,0.0
Dermomyotome,接收,92,VEGFC_FLT4,AGM,FLT4,VEGFC,0.149,0.008
Dermomyotome,接收,93,BDNF_NGFR,AGM,NGFR,BDNF,0.117,0.0
Dermomyotome,接收,94,NTF3_NGFR,AGM,NGFR,NTF3,0.101,0.0
Dermomyotome,接收,95,FGF8_FGFR3,AGM,FGFR3,FGF8,0.099,0.0
Heart,发送,1,IGF2_IGF2R,AGM,IGF2,IGF2R,2.262,0.0
Heart,发送,2,PPIA_BSG,AGM,PPIA,BSG,1.315,0.0
Heart,发送,3,FN1_integrin_aVb1_complex,AGM,FN1,integrin,0.926,0.039
Heart,发送,4,COL3A1_integrin_a1b1_complex,AGM,COL3A1,integrin,0.862,0.001
Heart,发送,5,FN1_integrin_a4b1_complex,AGM,FN1,integrin,0.843,0.012
Heart,发送,6,LAMC1_integrin_a6b1_complex,AGM,LAMC1,integrin,0.736,0.0
Heart,发送,7,NRG3_ERBB4,AGM,NRG3,ERBB4,0.729,0.0
Heart,发送,8,CDH2_CDH2,AGM,CDH2,CDH2,0.646,0.0
Heart,发送,9,EFNA5_EPHA7,AGM,EFNA5,EPHA7,0.556,0.0
Heart,发送,10,COL4A1_ADGRG6,AGM,COL4A1,ADGRG6,0.547,0.0
Heart,发送,11,COL4A1_integrin_a1b1_complex,AGM,COL4A1,integrin,0.54,0.007
Heart,发送,12,APP_PLXNA4,AGM,APP,PLXNA4,0.532,0.0
Heart,发送,13,NRXN1_DAG1,AGM,NRXN1,DAG1,0.527,0.0
Heart,发送,14,APLP2_PLXNA4,AGM,APLP2,PLXNA4,0.508,0.0
Heart,发送,15,IGF1_IGF1R_enhancerComGPC3,AGM,IGF1,IGF1R,0.497,0.029
Heart,发送,16,IGF1_IGF1R,AGM,IGF1,IGF1R,0.497,0.029
Heart,发送,17,atRetinoicAcid_byALDH1A2_RAreceptor_RARA,AGM,atRetinoicAcid,byALDH1A2,0.493,0.0
Heart,发送,18,atRetinoicAcid_byALDH1A2_RAreceptor_RXRB,AGM,atRetinoicAcid,byALDH1A2,0.484,0.0
Heart,发送,19,COL2A1_integrin_a1b1_complex,AGM,COL2A1,integrin,0.484,0.006
Heart,发送,20,COL19A1_integrin_a1b1_complex,AGM,COL19A1,integrin,0.48,0.0
Heart,发送,21,atRetinoicAcid_byALDH1A2_RAreceptor_RARA_RXRA,AGM,atRetinoicAcid,byALDH1A2,0.475,0.0
Heart,发送,22,atRetinoicAcid_byALDH1A2_RAreceptor_RXRA,AGM,atRetinoicAcid,byALDH1A2,0.475,0.0
Heart,发送,23,VEGFA_KDR,AGM,VEGFA,KDR,0.443,0.0
Heart,发送,24,EFNA5_EPHA4,AGM,EFNA5,EPHA4,0.443,0.009
Heart,发送,25,COL5A2_integrin_a1b1_complex,AGM,COL5A2,integrin,0.438,0.0
Heart,发送,26,CDH5_CDH5,AGM,CDH5,CDH5,0.41,0.0
Heart,发送,27,BMP4_BMPR1A_BMPR2,AGM,BMP4,BMPR1A,0.4,0.005
Heart,发送,28,EFNB2_EPHB4,AGM,EFNB2,EPHB4,0.387,0.0
Heart,发送,29,EFNA4_EPHA7,AGM,EFNA4,EPHA7,0.386,0.001
Heart,发送,30,TGFB2_TGFBR3,AGM,TGFB2,TGFBR3,0.385,0.0
Heart,发送,31,VEGFC_KDR,AGM,VEGFC,KDR,0.38,0.0
Heart,发送,32,NTN1_UNC5B,AGM,NTN1,UNC5B,0.38,0.0
Heart,发送,33,EFNB2_EPHB3,AGM,EFNB2,EPHB3,0.37,0.001
Heart,发送,34,WNT5A_ROR2,AGM,WNT5A,ROR2,0.366,0.001
Heart,发送,35,COL19A1_integrin_a10b1_complex,AGM,COL19A1,integrin,0.354,0.002
Heart,发送,36,GJC1_GJA5,AGM,GJC1,GJA5,0.354,0.0
Heart,发送,37,EFNB2_EPHA4,AGM,EFNB2,EPHA4,0.352,0.002
Heart,发送,38,COL26A1_integrin_a1b1_complex,AGM,COL26A1,integrin,0.351,0.0
Heart,发送,39,COL4A2_ADGRG6,AGM,COL4A2,ADGRG6,0.35,0.0
Heart,发送,40,NLGN1_NRXN3,AGM,NLGN1,NRXN3,0.344,0.0
Heart,发送,41,COL4A2_integrin_a1b1_complex,AGM,COL4A2,integrin,0.343,0.0
Heart,发送,42,EFNB3_EPHB4,AGM,EFNB3,EPHB4,0.342,0.043
Heart,发送,43,EFNA2_EPHA7,AGM,EFNA2,EPHA7,0.342,0.0
Heart,发送,44,VEGFB_NRP1,AGM,VEGFB,NRP1,0.34,0.021
Heart,发送,45,LRPAP1_SORT1,AGM,LRPAP1,SORT1,0.337,0.0
Heart,发送,46,EFNA1_EPHA7,AGM,EFNA1,EPHA7,0.332,0.0
Heart,发送,47,ESAM_ESAM,AGM,ESAM,ESAM,0.329,0.0
Heart,发送,48,BMP7_BMPR1A_BMPR2,AGM,BMP7,BMPR1A,0.326,0.011
Heart,发送,49,EFNB3_EPHB3,AGM,EFNB3,EPHB3,0.326,0.043
Heart,发送,50,BMP5_BMPR1A_BMPR2,AGM,BMP5,BMPR1A,0.32,0.013
Heart,发送,51,VEGFA_NRP1,AGM,VEGFA,NRP1,0.319,0.0
Heart,发送,52,COL5A1_integrin_a1b1_complex,AGM,COL5A1,integrin,0.317,0.001
Heart,发送,53,EFNB1_EPHB4,AGM,EFNB1,EPHB4,0.314,0.015
Heart,发送,54,COL4A5_ADGRG6,AGM,COL4A5,ADGRG6,0.306,0.0
Heart,发送,55,COL4A5_integrin_a1b1_complex,AGM,COL4A5,integrin,0.299,0.0
Heart,发送,56,EFNB1_EPHB3,AGM,EFNB1,EPHB3,0.297,0.018
Heart,发送,57,RSPO1_LGR4,AGM,RSPO1,LGR4,0.292,0.008
Heart,发送,58,WNT5A_SFRP5,AGM,WNT5A,SFRP5,0.287,0.0
Heart,发送,59,WNT5A_FZD4_LRP6,AGM,WNT5A,FZD4,0.283,0.0
Heart,发送,60,COL11A1_integrin_a1b1_complex,AGM,COL11A1,integrin,0.28,0.0
Heart,发送,61,ANGPT1_TEK,AGM,ANGPT1,TEK,0.277,0.0
Heart,发送,62,VTN_integrin_aVb1_complex,AGM,VTN,integrin,0.274,0.001
Heart,发送,63,CLSTN1_NRXN3,AGM,CLSTN1,NRXN3,0.274,0.001
Heart,发送,64,COL9A1_integrin_a1b1_complex,AGM,COL9A1,integrin,0.273,0.0
Heart,发送,65,VEGFA_FLT1_complex,AGM,VEGFA,FLT1,0.261,0.004
Heart,发送,66,VEGFA_FLT1,AGM,VEGFA,FLT1,0.261,0.004
Heart,发送,67,JAG1_NOTCH1,AGM,JAG1,NOTCH1,0.259,0.008
Heart,发送,68,COL4A6_ADGRG6,AGM,COL4A6,ADGRG6,0.255,0.0
Heart,发送,69,RSPO1_Kremen1_LRP6,AGM,RSPO1,Kremen1,0.251,0.0
Heart,发送,70,PRNP_ADGRG6,AGM,PRNP,ADGRG6,0.251,0.0
Heart,发送,71,LAMA2_ADGRG6,AGM,LAMA2,ADGRG6,0.249,0.0
Heart,发送,72,COL4A6_integrin_a1b1_complex,AGM,COL4A6,integrin,0.249,0.0
Heart,发送,73,RSPO2_LGR4,AGM,RSPO2,LGR4,0.236,0.031
Heart,发送,74,WNT5A_FDZ8_RYK,AGM,WNT5A,FDZ8,0.228,0.014
Heart,发送,75,WNT5A_FZD8_LRP5,AGM,WNT5A,FZD8,0.228,0.014
Heart,发送,76,WNT5A_FZD8_LRP6,AGM,WNT5A,FZD8,0.228,0.014
Heart,发送,77,CLSTN2_NRXN3,AGM,CLSTN2,NRXN3,0.226,0.005
Heart,发送,78,COL27A1_integrin_a1b1_complex,AGM,COL27A1,integrin,0.223,0.0
Heart,发送,79,BMP7_ACVR1_BMPR2,AGM,BMP7,ACVR1,0.218,0.0
Heart,发送,80,EFNA1_EPHA4,AGM,EFNA1,EPHA4,0.218,0.05
Heart,发送,81,COL15A1_integrin_a1b1_complex,AGM,COL15A1,integrin,0.217,0.0
Heart,发送,82,WNT5A_FZD6_LRP5,AGM,WNT5A,FZD6,0.213,0.004
Heart,发送,83,WNT5A_FZD6_LRP6,AGM,WNT5A,FZD6,0.213,0.004
Heart,发送,84,BMP5_ACVR1_BMPR2,AGM,BMP5,ACVR1,0.213,0.001
Heart,发送,85,BMP7_ACVR_1A2A_receptor,AGM,BMP7,ACVR,0.212,0.0
Heart,发送,86,COL13A1_integrin_a1b1_complex,AGM,COL13A1,integrin,0.21,0.0
Heart,发送,87,TNC_integrin_a4b1_complex,AGM,TNC,integrin,0.207,0.0
Heart,发送,88,BMP5_ACVR_1A2A_receptor,AGM,BMP5,ACVR,0.206,0.0
Heart,发送,89,WNT5B_SFRP5,AGM,WNT5B,SFRP5,0.203,0.0
Heart,发送,90,WNT5B_FZD4_LRP6,AGM,WNT5B,FZD4,0.199,0.009
Heart,发送,91,RSPO1_FZD8_LRP6,AGM,RSPO1,FZD8,0.196,0.0
Heart,发送,92,THBS1_CD36,AGM,THBS1,CD36,0.195,0.001
Heart,发送,93,PLAUR_integrin_a4b1_complex,AGM,PLAUR,integrin,0.192,0.0
Heart,发送,94,BMP7_ACVR_1A2B_receptor,AGM,BMP7,ACVR,0.189,0.032
Heart,发送,95,BMP5_ACVR_1A2B_receptor,AGM,BMP5,ACVR,0.184,0.028
Heart,发送,96,PECAM1_CD38,AGM,PECAM1,CD38,0.182,0.0
Heart,发送,97,WNT2_SFRP5,AGM,WNT2,SFRP5,0.181,0.0
Heart,发送,98,WNT4_SFRP5,AGM,WNT4,SFRP5,0.179,0.0
Heart,发送,99,WNT4_FZD4_LRP6,AGM,WNT4,FZD4,0.175,0.0
Heart,发送,100,COL9A1_integrin_a10b1_complex,AGM,COL9A1,integrin,0.147,0.041
Heart,接收,1,IGF2_IGF2R,AGM,IGF2R,IGF2,2.076,0.0
Heart,接收,2,IGF2_IGF1R,AGM,IGF1R,IGF2,1.94,0.0
Heart,接收,3,FN1_integrin_aVb1_complex,AGM,integrin,FN1,1.212,0.0
Heart,接收,4,FN1_integrin_a8b1_complex,AGM,integrin,FN1,1.192,0.0
Heart,接收,5,FN1_integrin_aVb5_complex,AGM,integrin,FN1,1.172,0.0
Heart,接收,6,FN1_integrin_a3b1_complex,AGM,integrin,FN1,1.156,0.0
Heart,接收,7,FN1_integrin_a4b1_complex,AGM,integrin,FN1,1.141,0.0
Heart,接收,8,FN1_integrin_a11b1_complex,AGM,integrin,FN1,1.121,0.0
Heart,接收,9,NPPA_NPR1,AGM,NPR1,NPPA,0.836,0.0
Heart,接收,10,COL18A1_integrin_a1b1_complex,AGM,integrin,COL18A1,0.755,0.004
Heart,接收,11,COL18A1_integrin_a11b1_complex,AGM,integrin,COL18A1,0.749,0.001
Heart,接收,12,TENM3_ADGRL2,AGM,ADGRL2,TENM3,0.678,0.0
Heart,接收,13,CDH2_CDH2,AGM,CDH2,CDH2,0.646,0.0
Heart,接收,14,COL4A1_integrin_a1b1_complex,AGM,integrin,COL4A1,0.642,0.0
Heart,接收,15,COL4A1_integrin_a11b1_complex,AGM,integrin,COL4A1,0.637,0.0
Heart,接收,16,FLRT3_ADGRL2,AGM,ADGRL2,FLRT3,0.576,0.007
Heart,接收,17,APP_FPR2,AGM,FPR2,APP,0.572,0.013
Heart,接收,18,WNT2_SFRP1,AGM,SFRP1,WNT2,0.571,0.0
Heart,接收,19,DAG1_NRXN3,AGM,NRXN3,DAG1,0.554,0.001
Heart,接收,20,SLIT2_ROBO1,AGM,ROBO1,SLIT2,0.551,0.001
Heart,接收,21,COL2A1_integrin_a1b1_complex,AGM,integrin,COL2A1,0.548,0.0
Heart,接收,22,BMP4_BMPR1A_BMPR2,AGM,BMPR1A,BMP4,0.545,0.0
Heart,接收,23,COL2A1_integrin_a11b1_complex,AGM,integrin,COL2A1,0.542,0.0
Heart,接收,24,TENM4_ADGRL2,AGM,ADGRL2,TENM4,0.54,0.014
Heart,接收,25,LRFN4_PTPRD,AGM,PTPRD,LRFN4,0.517,0.0
Heart,接收,26,TENM2_FLRT3_complex_ADGRL2,AGM,FLRT3,TENM2,0.512,0.0
Heart,接收,27,TENM2_ADGRL2,AGM,ADGRL2,TENM2,0.512,0.0
Heart,接收,28,LAMC1_integrin_a6b1_complex,AGM,integrin,LAMC1,0.51,0.02
Heart,接收,29,APP_TNFRSF21,AGM,TNFRSF21,APP,0.503,0.01
Heart,接收,30,WNT5A_SFRP1,AGM,SFRP1,WNT5A,0.494,0.003
Heart,接收,31,NECTIN2_NECTIN3,AGM,NECTIN3,NECTIN2,0.493,0.034
Heart,接收,32,APP_SORL1,AGM,SORL1,APP,0.476,0.012
Heart,接收,33,BMP4_BMR1A_ACR2A,AGM,BMR1A,BMP4,0.473,0.0
Heart,接收,34,BMP4_BMR1B_AVR2A,AGM,BMR1B,BMP4,0.468,0.0
Heart,接收,35,BMP4_BMPR1B_BMPR2,AGM,BMPR1B,BMP4,0.468,0.0
Heart,接收,36,PDGFA_PDGFRA,AGM,PDGFRA,PDGFA,0.461,0.014
Heart,接收,37,COL19A1_integrin_a1b1_complex,AGM,integrin,COL19A1,0.46,0.0
Heart,接收,38,BMP4_BMR1B_AVR2B,AGM,BMR1B,BMP4,0.46,0.0
Heart,接收,39,BMP4_BMR1A_AVR2B,AGM,BMR1A,BMP4,0.46,0.0
Heart,接收,40,COL19A1_integrin_a11b1_complex,AGM,integrin,COL19A1,0.454,0.0
Heart,接收,41,TENM3_ADGRL3,AGM,ADGRL3,TENM3,0.447,0.025
Heart,接收,42,FLRT2_ADGRL1,AGM,ADGRL1,FLRT2,0.431,0.0
Heart,接收,43,FLRT2_ADGRL3,AGM,ADGRL3,FLRT2,0.424,0.0
Heart,接收,44,EFNB3_EPHA4,AGM,EPHA4,EFNB3,0.41,0.0
Heart,接收,45,CDH5_CDH5,AGM,CDH5,CDH5,0.41,0.0
Heart,接收,46,WNT5B_SFRP1,AGM,SFRP1,WNT5B,0.407,0.024
Heart,接收,47,EFNB3_EPHB4,AGM,EPHB4,EFNB3,0.402,0.0
Heart,接收,48,EFNB3_EPHB2,AGM,EPHB2,EFNB3,0.401,0.0
Heart,接收,49,BMP7_BMPR1A_BMPR2,AGM,BMPR1A,BMP7,0.4,0.0
Heart,接收,50,VEGFA_KDR,AGM,KDR,VEGFA,0.394,0.0
Heart,接收,51,SLITRK5_PTPRS,AGM,PTPRS,SLITRK5,0.389,0.0
Heart,接收,52,WNT2_SFRP2,AGM,SFRP2,WNT2,0.389,0.0
Heart,接收,53,VEGFB_NRP1,AGM,NRP1,VEGFB,0.373,0.0
Heart,接收,54,TGFB2_TGFBR3,AGM,TGFBR3,TGFB2,0.368,0.0
Heart,接收,55,ANGPT1_TEK,AGM,TEK,ANGPT1,0.365,0.0
Heart,接收,56,NTN1_UNC5C,AGM,UNC5C,NTN1,0.363,0.032
Heart,接收,57,COL4A5_integrin_a1b1_complex,AGM,integrin,COL4A5,0.362,0.0
Heart,接收,58,COL4A5_integrin_a11b1_complex,AGM,integrin,COL4A5,0.356,0.0
Heart,接收,59,VCAM1_integrin_a9b1_complex,AGM,integrin,VCAM1,0.356,0.0
Heart,接收,60,WNT2_FZD3_LRP6,AGM,FZD3,WNT2,0.354,0.0
Heart,接收,61,WNT2_FZD7_LRP6,AGM,FZD7,WNT2,0.354,0.0
Heart,接收,62,WNT2_FZD1_LRP6,AGM,FZD1,WNT2,0.354,0.0
Heart,接收,63,WNT2_FZD2_LRP6,AGM,FZD2,WNT2,0.354,0.0
Heart,接收,64,BMP5_BMPR1A_BMPR2,AGM,BMPR1A,BMP5,0.354,0.0
Heart,接收,65,WNT2_FZD1_LRP5,AGM,FZD1,WNT2,0.352,0.0
Heart,接收,66,WNT2_FZD2_LRP5,AGM,FZD2,WNT2,0.352,0.0
Heart,接收,67,WNT2_FZD7_LRP5,AGM,FZD7,WNT2,0.352,0.0
Heart,接收,68,WNT2_FZD3_LRP5,AGM,FZD3,WNT2,0.352,0.0
Heart,接收,69,EFNB3_EPHB3,AGM,EPHB3,EFNB3,0.35,0.003
Heart,接收,70,BMP2_BMPR1A_BMPR2,AGM,BMPR1A,BMP2,0.34,0.0
Heart,接收,71,VEGFB_FLT1_complex,AGM,FLT1,VEGFB,0.334,0.0
Heart,接收,72,VEGFB_FLT1,AGM,FLT1,VEGFB,0.334,0.0
Heart,接收,73,ESAM_ESAM,AGM,ESAM,ESAM,0.329,0.0
Heart,接收,74,BMP7_BMR1A_ACR2A,AGM,BMR1A,BMP7,0.328,0.0
Heart,接收,75,BMP7_BMR1B_AVR2A,AGM,BMR1B,BMP7,0.323,0.0
Heart,接收,76,BMP7_BMPR1B_BMPR2,AGM,BMPR1B,BMP7,0.323,0.0
Heart,接收,77,BMP7_BMR1B_AVR2B,AGM,BMR1B,BMP7,0.315,0.0
Heart,接收,78,NRXN3_ADGRL1,AGM,ADGRL1,NRXN3,0.315,0.0
Heart,接收,79,BMP7_BMR1A_AVR2B,AGM,BMR1A,BMP7,0.315,0.0
Heart,接收,80,WNT5A_SFRP2,AGM,SFRP2,WNT5A,0.313,0.029
Heart,接收,81,WNT2_FZD4_LRP6,AGM,FZD4,WNT2,0.312,0.0
Heart,接收,82,WNT2_FZD4_LRP5,AGM,FZD4,WNT2,0.312,0.0
Heart,接收,83,EFNA1_EPHA7,AGM,EPHA7,EFNA1,0.312,0.0
Heart,接收,84,COL4A2_integrin_a1b1_complex,AGM,integrin,COL4A2,0.312,0.011
Heart,接收,85,VEGFA_NRP1,AGM,NRP1,VEGFA,0.308,0.001
Heart,接收,86,COL4A2_integrin_a11b1_complex,AGM,integrin,COL4A2,0.307,0.003
Heart,接收,87,TGFB2_TGFbeta_receptor2,AGM,TGFbeta,TGFB2,0.306,0.0
Heart,接收,88,TGFB2_TGFbeta_receptor1,AGM,TGFbeta,TGFB2,0.306,0.0
Heart,接收,89,TENM2_FLRT3_complex_ADGRL1,AGM,FLRT3,TENM2,0.288,0.0
Heart,接收,90,TENM2_ADGRL1,AGM,ADGRL1,TENM2,0.288,0.0
Heart,接收,91,BMP5_BMR1A_ACR2A,AGM,BMR1A,BMP5,0.282,0.0
Heart,接收,92,TENM2_ADGRL3,AGM,ADGRL3,TENM2,0.281,0.0
Heart,接收,93,KITLG_KIT,AGM,KIT,KITLG,0.28,0.007
Heart,接收,94,BMP7_ACVR_1A2A_receptor,AGM,ACVR,BMP7,0.277,0.0
Heart,接收,95,BMP7_ACVR_1A2B_receptor,AGM,ACVR,BMP7,0.277,0.0
Heart,接收,96,BMP7_ACVR1_BMPR2,AGM,ACVR1,BMP7,0.277,0.0
Heart,接收,97,BMP5_BMR1B_AVR2A,AGM,BMR1B,BMP5,0.277,0.0
Heart,接收,98,BMP5_BMPR1B_BMPR2,AGM,BMPR1B,BMP5,0.277,0.0
Heart,接收,99,WNT2_FZD8_LRP5,AGM,FZD8,WNT2,0.271,0.0
Heart,接收,100,WNT2_FZD8_LRP6,AGM,FZD8,WNT2,0.271,0.0
Liver,发送,1,PPIA_BSG,AGM,PPIA,BSG,1.356,0.0
Liver,发送,2,LRFN4_PTPRF,AGM,LRFN4,PTPRF,0.983,0.0
Liver,发送,3,FN1_integrin_aVb1_complex,AGM,FN1,integrin,0.922,0.042
Liver,发送,4,LAMC1_integrin_a6b1_complex,AGM,LAMC1,integrin,0.583,0.0
Liver,发送,5,atRetinoicAcid_byALDH1A2_RAreceptor_RARA,AGM,atRetinoicAcid,byALDH1A2,0.575,0.0
Liver,发送,6,NCAM1_AGRN,AGM,NCAM1,AGRN,0.549,0.0
Liver,发送,7,GJC1_GJC1,AGM,GJC1,GJC1,0.507,0.013
Liver,发送,8,BMPR1B_BMPR2_BMPR1A,AGM,BMPR1B,BMPR2,0.498,0.03
Liver,发送,9,CDH6_CDH6,AGM,CDH6,CDH6,0.491,0.0
Liver,发送,10,atRetinoicAcid_byALDH1A2_RAreceptor_RXRB,AGM,atRetinoicAcid,byALDH1A2,0.472,0.0
Liver,发送,11,atRetinoicAcid_byALDH1A2_RAreceptor_RARB,AGM,atRetinoicAcid,byALDH1A2,0.448,0.0
Liver,发送,12,atRetinoicAcid_byALDH1A2_RAreceptor_RARB_RXRB,AGM,atRetinoicAcid,byALDH1A2,0.448,0.0
Liver,发送,13,EFNA5_EPHA4,AGM,EFNA5,EPHA4,0.44,0.009
Liver,发送,14,EFNA5_EPHB2,AGM,EFNA5,EPHB2,0.434,0.041
Liver,发送,15,atRetinoicAcid_byALDH1A2_RAreceptor_RARA_RXRA,AGM,atRetinoicAcid,byALDH1A2,0.428,0.0
Liver,发送,16,atRetinoicAcid_byALDH1A2_RAreceptor_RXRA,AGM,atRetinoicAcid,byALDH1A2,0.428,0.0
Liver,发送,17,SLIT2_ROBO2,AGM,SLIT2,ROBO2,0.423,0.0
Liver,发送,18,KITLG_KIT,AGM,KITLG,KIT,0.383,0.0
Liver,发送,19,CXCL12_CXCR4,AGM,CXCL12,CXCR4,0.361,0.0
Liver,发送,20,EFNB2_EPHB4,AGM,EFNB2,EPHB4,0.359,0.009
Liver,发送,21,EFNA5_EPHA2,AGM,EFNA5,EPHA2,0.353,0.0
Liver,发送,22,EFNB2_EPHA4,AGM,EFNB2,EPHA4,0.349,0.005
Liver,发送,23,EFNB2_EPHB2,AGM,EFNB2,EPHB2,0.343,0.018
Liver,发送,24,LRPAP1_SORT1,AGM,LRPAP1,SORT1,0.305,0.018
Liver,发送,25,WNT5A_FZD5_LRP6,AGM,WNT5A,FZD5,0.302,0.0
Liver,发送,26,WNT5A_FZD3_LRP6,AGM,WNT5A,FZD3,0.302,0.02
Liver,发送,27,WNT5A_FZD7_LRP6,AGM,WNT5A,FZD7,0.302,0.02
Liver,发送,28,JAG1_NOTCH2,AGM,JAG1,NOTCH2,0.302,0.006
Liver,发送,29,WNT5A_FZD2_LRP6,AGM,WNT5A,FZD2,0.302,0.02
Liver,发送,30,Cholesterol_byLIPA_RORA,AGM,Cholesterol,byLIPA,0.291,0.007
Liver,发送,31,ESAM_ESAM,AGM,ESAM,ESAM,0.284,0.041
Liver,发送,32,JAG1_NOTCH1,AGM,JAG1,NOTCH1,0.284,0.001
Liver,发送,33,WNT5A_FZD5_LRP5,AGM,WNT5A,FZD5,0.283,0.0
Liver,发送,34,RSPO1_LGR4,AGM,RSPO1,LGR4,0.281,0.021
Liver,发送,35,WNT5A_FZD4_LRP6,AGM,WNT5A,FZD4,0.28,0.002
Liver,发送,36,WNT5A_FZD4_LRP5,AGM,WNT5A,FZD4,0.28,0.001
Liver,发送,37,WNT5A_SFRP5,AGM,WNT5A,SFRP5,0.278,0.0
Liver,发送,38,SEMA4D_PLXNB1,AGM,SEMA4D,PLXNB1,0.276,0.001
Liver,发送,39,VTN_integrin_aVb1_complex,AGM,VTN,integrin,0.27,0.0
Liver,发送,40,WNT5A_FDZ8_RYK,AGM,WNT5A,FDZ8,0.248,0.003
Liver,发送,41,WNT5A_FZD8_LRP5,AGM,WNT5A,FZD8,0.248,0.003
Liver,发送,42,WNT5A_FZD8_LRP6,AGM,WNT5A,FZD8,0.248,0.003
Liver,发送,43,JAG1_NOTCH3,AGM,JAG1,NOTCH3,0.237,0.027
Liver,发送,44,WNT5B_FZD5_LRP6,AGM,WNT5B,FZD5,0.218,0.0
Liver,发送,45,RSPO1_FZD8_LRP6,AGM,RSPO1,FZD8,0.216,0.0
Liver,发送,46,RSPO1_Kremen1_LRP6,AGM,RSPO1,Kremen1,0.206,0.0
Liver,发送,47,Glutamate_byGLS_and_SLC1A3_GRIA3,AGM,Glutamate,byGLS,0.202,0.0
Liver,发送,48,RSPO1_LGR5,AGM,RSPO1,LGR5,0.201,0.0
Liver,发送,49,WNT5B_FZD5_LRP5,AGM,WNT5B,FZD5,0.2,0.0
Liver,发送,50,WNT2_FZD5_LRP6,AGM,WNT2,FZD5,0.196,0.0
Liver,发送,51,WNT5B_FZD4_LRP6,AGM,WNT5B,FZD4,0.196,0.029
Liver,发送,52,WNT5B_FZD4_LRP5,AGM,WNT5B,FZD4,0.196,0.031
Liver,发送,53,JAG1_VASN,AGM,JAG1,VASN,0.196,0.0
Liver,发送,54,WNT5B_SFRP5,AGM,WNT5B,SFRP5,0.195,0.0
Liver,发送,55,WNT4_FZD5_LRP6,AGM,WNT4,FZD5,0.194,0.0
Liver,发送,56,WNT4_FZD3_LRP6,AGM,WNT4,FZD3,0.194,0.047
Liver,发送,57,WNT4_FZD2_LRP6,AGM,WNT4,FZD2,0.194,0.047
Liver,发送,58,WNT4_FZD1_LRP6,AGM,WNT4,FZD1,0.194,0.034
Liver,发送,59,WNT4_FZD7_LRP6,AGM,WNT4,FZD7,0.194,0.047
Liver,发送,60,BMP7_ACVR_1A2B_receptor,AGM,BMP7,ACVR,0.19,0.042
Liver,发送,61,EFNB1_EPHA2,AGM,EFNB1,EPHA2,0.189,0.011
Liver,发送,62,BMP5_ACVR_1A2B_receptor,AGM,BMP5,ACVR,0.185,0.039
Liver,发送,63,BMP5_ACVR1_BMPR2,AGM,BMP5,ACVR1,0.185,0.047
Liver,发送,64,EFNA4_EPHA2,AGM,EFNA4,EPHA2,0.183,0.05
Liver,发送,65,TGM2_ADGRG1,AGM,TGM2,ADGRG1,0.18,0.017
Liver,发送,66,WNT2_FZD5_LRP5,AGM,WNT2,FZD5,0.177,0.001
Liver,发送,67,WNT4_FZD5_LRP5,AGM,WNT4,FZD5,0.175,0.0
Liver,发送,68,SDC2_FGFR4,AGM,SDC2,FGFR4,0.174,0.041
Liver,发送,69,WNT2_SFRP5,AGM,WNT2,SFRP5,0.172,0.0
Liver,发送,70,WNT4_FZD4_LRP5,AGM,WNT4,FZD4,0.172,0.004
Liver,发送,71,WNT4_FZD4_LRP6,AGM,WNT4,FZD4,0.172,0.004
Liver,发送,72,WNT4_SFRP5,AGM,WNT4,SFRP5,0.17,0.0
Liver,发送,73,WNT5B_FZD8_LRP6,AGM,WNT5B,FZD8,0.164,0.019
Liver,发送,74,WNT5B_FZD8_LRP5,AGM,WNT5B,FZD8,0.164,0.021
Liver,发送,75,RSPO2_LGR5,AGM,RSPO2,LGR5,0.144,0.0
Liver,发送,76,WNT4_FZD8_LRP6,AGM,WNT4,FZD8,0.14,0.003
Liver,发送,77,WNT4_FZD8_LRP5,AGM,WNT4,FZD8,0.14,0.004
Liver,发送,78,EFNA2_EPHA2,AGM,EFNA2,EPHA2,0.138,0.007
Liver,发送,79,EFNA1_EPHA2,AGM,EFNA1,EPHA2,0.128,0.0
Liver,发送,80,RSPO3_LGR5,AGM,RSPO3,LGR5,0.108,0.0
Liver,接收,1,IGF2_IGF1R,AGM,IGF1R,IGF2,1.681,0.025
Liver,接收,2,PPIA_BSG,AGM,BSG,PPIA,1.275,0.0
Liver,接收,3,FGF10_FGFR2,AGM,FGFR2,FGF10,1.116,0.049
Liver,接收,4,FN1_integrin_aVb1_complex,AGM,integrin,FN1,1.036,0.0
Liver,接收,5,FN1_integrin_a8b1_complex,AGM,integrin,FN1,1.017,0.0
Liver,接收,6,FN1_integrin_aVb5_complex,AGM,integrin,FN1,0.997,0.001
Liver,接收,7,FN1_integrin_a3b1_complex,AGM,integrin,FN1,0.98,0.0
Liver,接收,8,FN1_integrin_a4b1_complex,AGM,integrin,FN1,0.965,0.0
Liver,接收,9,FN1_integrin_a11b1_complex,AGM,integrin,FN1,0.946,0.0
Liver,接收,10,AGRN_PTPRS,AGM,PTPRS,AGRN,0.684,0.0
Liver,接收,11,TF_TFRC,AGM,TFRC,TF,0.674,0.0
Liver,接收,12,RBP4_STRA6,AGM,STRA6,RBP4,0.624,0.0
Liver,接收,13,PDGFC_PDGFRA,AGM,PDGFRA,PDGFC,0.62,0.03
Liver,接收,14,FLRT3_ADGRL2,AGM,ADGRL2,FLRT3,0.6,0.001
Liver,接收,15,SHH_PTCH_GAS1_transmembrane_receptor,AGM,PTCH,SHH,0.57,0.0
Liver,接收,16,LAMC1_integrin_a6b1_complex,AGM,integrin,LAMC1,0.555,0.001
Liver,接收,17,COL4A1_integrin_a1b1_complex,AGM,integrin,COL4A1,0.553,0.018
Liver,接收,18,TENM4_ADGRL2,AGM,ADGRL2,TENM4,0.552,0.013
Liver,接收,19,COL4A1_integrin_a11b1_complex,AGM,integrin,COL4A1,0.547,0.013
Liver,接收,20,GJC1_GJC1,AGM,GJC1,GJC1,0.507,0.013
Liver,接收,21,NECTIN2_NECTIN3,AGM,NECTIN3,NECTIN2,0.501,0.036
Liver,接收,22,CDH6_CDH6,AGM,CDH6,CDH6,0.491,0.0
Liver,接收,23,LRFN4_PTPRD,AGM,PTPRD,LRFN4,0.487,0.0
Liver,接收,24,SEMA3C_NRP2,AGM,NRP2,SEMA3C,0.458,0.0
Liver,接收,25,PDGFA_PDGFRA,AGM,PDGFRA,PDGFA,0.452,0.041
Liver,接收,26,F2_F2R,AGM,F2R,F2,0.443,0.0
Liver,接收,27,WNT5B_SFRP1,AGM,SFRP1,WNT5B,0.426,0.005
Liver,接收,28,EFNA4_EPHA7,AGM,EPHA7,EFNA4,0.407,0.0
Liver,接收,29,WNT7B_SFRP1,AGM,SFRP1,WNT7B,0.398,0.0
Liver,接收,30,VTN_integrin_aVb1_complex,AGM,integrin,VTN,0.398,0.0
Liver,接收,31,VEGFA_KDR,AGM,KDR,VEGFA,0.384,0.001
Liver,接收,32,IHH_PTCH_GAS1_transmembrane_receptor,AGM,PTCH,IHH,0.381,0.0
Liver,接收,33,FLRT3_ADGRL3,AGM,ADGRL3,FLRT3,0.369,0.031
Liver,接收,34,TENM3_FLRT3_complex_ADGRL3,AGM,FLRT3,TENM3,0.367,0.029
Liver,接收,35,NTN1_UNC5C,AGM,UNC5C,NTN1,0.364,0.022
Liver,接收,36,EFNA4_EPHA4,AGM,EPHA4,EFNA4,0.353,0.0
Liver,接收,37,SHH_PTCH_CDON_transmembrane_receptor,AGM,PTCH,SHH,0.341,0.0
Liver,接收,38,EFNB2_EPHA4,AGM,EPHA4,EFNB2,0.335,0.03
Liver,接收,39,SHH_HHIP,AGM,HHIP,SHH,0.323,0.0
Liver,接收,40,FLRT2_ADGRL3,AGM,ADGRL3,FLRT2,0.323,0.049
Liver,接收,41,KITLG_KIT,AGM,KIT,KITLG,0.32,0.0
Liver,接收,42,EFNA2_EPHA7,AGM,EPHA7,EFNA2,0.313,0.0
Liver,接收,43,BMP7_BMPR1A_BMPR2,AGM,BMPR1A,BMP7,0.31,0.037
Liver,接收,44,VEGFA_NRP1,AGM,NRP1,VEGFA,0.298,0.007
Liver,接收,45,EFNA1_EPHA7,AGM,EPHA7,EFNA1,0.289,0.0
Liver,接收,46,ESAM_ESAM,AGM,ESAM,ESAM,0.284,0.041
Liver,接收,47,SHH_PTCH_BOC_transmembrane_receptor,AGM,PTCH,SHH,0.282,0.0
Liver,接收,48,APOA1_ABCA1,AGM,ABCA1,APOA1,0.261,0.0
Liver,接收,49,EFNA2_EPHA4,AGM,EPHA4,EFNA2,0.259,0.001
Liver,接收,50,VEGFA_FLT1_complex,AGM,FLT1,VEGFA,0.258,0.006
Liver,接收,51,VEGFA_FLT1,AGM,FLT1,VEGFA,0.258,0.006
Liver,接收,52,SEMA4D_PLXNB1,AGM,PLXNB1,SEMA4D,0.252,0.006
Liver,接收,53,BMP7_BMR1A_ACR2A,AGM,BMR1A,BMP7,0.238,0.039
Liver,接收,54,EFNA1_EPHA4,AGM,EPHA4,EFNA1,0.235,0.007
Liver,接收,55,DSC2_DSG2,AGM,DSG2,DSC2,0.234,0.0
Liver,接收,56,BMP7_BMR1B_AVR2A,AGM,BMR1B,BMP7,0.233,0.003
Liver,接收,57,BMP7_BMPR1B_BMPR2,AGM,BMPR1B,BMP7,0.233,0.004
Liver,接收,58,BMP7_BMR1B_AVR2B,AGM,BMR1B,BMP7,0.225,0.012
Liver,接收,59,WNT7B_SFRP2,AGM,SFRP2,WNT7B,0.216,0.006
Liver,接收,60,DKK1_LRP6,AGM,LRP6,DKK1,0.197,0.0
Liver,接收,61,DKK1_LRP5,AGM,LRP5,DKK1,0.195,0.0
Liver,接收,62,WNT7B_FZD2_LRP6,AGM,FZD2,WNT7B,0.181,0.036
Liver,接收,63,WNT7B_FZD3_LRP6,AGM,FZD3,WNT7B,0.181,0.036
Liver,接收,64,WNT7B_FZD7_LRP6,AGM,FZD7,WNT7B,0.181,0.036
Liver,接收,65,WNT7B_FZD1_LRP6,AGM,FZD1,WNT7B,0.181,0.034
Liver,接收,66,TNC_integrin_a8b1_complex,AGM,integrin,TNC,0.177,0.001
Liver,接收,67,DKK1_Kremen1_LRP6,AGM,Kremen1,DKK1,0.138,0.0
Liver,接收,68,IHH_HHIP,AGM,HHIP,IHH,0.135,0.0
Liver,接收,69,COL27A1_integrin_a1b1_complex,AGM,integrin,COL27A1,0.134,0.004
Liver,接收,70,COL27A1_integrin_a11b1_complex,AGM,integrin,COL27A1,0.128,0.001
Mesenchyme,发送,1,CADM1_CADM1,AGM,CADM1,CADM1,0.753,0.008
Mesenchyme,发送,2,LRFN4_PTPRF,AGM,LRFN4,PTPRF,0.705,0.001
Mesenchyme,发送,3,AGRN_PTPRS,AGM,AGRN,PTPRS,0.569,0.002
Mesenchyme,发送,4,atRetinoicAcid_byALDH1A2_RAreceptor_RARA,AGM,atRetinoicAcid,byALDH1A2,0.5,0.0
Mesenchyme,发送,5,NRXN1_DAG1,AGM,NRXN1,DAG1,0.475,0.014
Mesenchyme,发送,6,atRetinoicAcid_byALDH1A2_RAreceptor_RXRB,AGM,atRetinoicAcid,byALDH1A2,0.447,0.0
Mesenchyme,发送,7,LRFN4_PTPRS,AGM,LRFN4,PTPRS,0.443,0.0
Mesenchyme,发送,8,atRetinoicAcid_byALDH1A2_RAreceptor_RARA_RXRA,AGM,atRetinoicAcid,byALDH1A2,0.44,0.0
Mesenchyme,发送,9,atRetinoicAcid_byALDH1A2_RAreceptor_RXRA,AGM,atRetinoicAcid,byALDH1A2,0.44,0.0
Mesenchyme,发送,10,SLITRK6_PTPRS,AGM,SLITRK6,PTPRS,0.413,0.0
Mesenchyme,发送,11,COL19A1_integrin_a11b1_complex,AGM,COL19A1,integrin,0.37,0.007
Mesenchyme,发送,12,WNT5A_ROR2,AGM,WNT5A,ROR2,0.358,0.002
Mesenchyme,发送,13,EFNB2_EPHB3,AGM,EFNB2,EPHB3,0.342,0.004
Mesenchyme,发送,14,EFNB2_EPHB4,AGM,EFNB2,EPHB4,0.337,0.049
Mesenchyme,发送,15,WNT5A_SFRP2,AGM,WNT5A,SFRP2,0.324,0.01
Mesenchyme,发送,16,WNT5A_FZD2_LRP5,AGM,WNT5A,FZD2,0.296,0.033
Mesenchyme,发送,17,WNT5A_FZD7_LRP5,AGM,WNT5A,FZD7,0.296,0.033
Mesenchyme,发送,18,WNT5A_FZD3_LRP5,AGM,WNT5A,FZD3,0.296,0.033
Mesenchyme,发送,19,WNT5A_ROR1,AGM,WNT5A,ROR1,0.284,0.031
Mesenchyme,发送,20,NLGN1_NRXN3,AGM,NLGN1,NRXN3,0.282,0.032
Mesenchyme,发送,21,IGFBP3_TMEM219,AGM,IGFBP3,TMEM219,0.279,0.008
Mesenchyme,发送,22,Cholesterol_byLIPA_RORA,AGM,Cholesterol,byLIPA,0.273,0.02
Mesenchyme,发送,23,LPAR1_ADGRE5,AGM,LPAR1,ADGRE5,0.272,0.037
Mesenchyme,发送,24,JAG1_NOTCH3,AGM,JAG1,NOTCH3,0.261,0.001
Mesenchyme,发送,25,WNT4_SFRP2,AGM,WNT4,SFRP2,0.216,0.022
Mesenchyme,发送,26,COL4A6_integrin_a11b1_complex,AGM,COL4A6,integrin,0.139,0.038
Mesenchyme,发送,27,CD55_ADGRE5,AGM,CD55,ADGRE5,0.135,0.0
Mesenchyme,发送,28,COL27A1_integrin_a11b1_complex,AGM,COL27A1,integrin,0.113,0.007
Mesenchyme,发送,29,COL15A1_integrin_a11b1_complex,AGM,COL15A1,integrin,0.107,0.013
Mesenchyme,接收,1,DLK1_NOTCH3,AGM,NOTCH3,DLK1,1.344,0.0
Mesenchyme,接收,2,DLK1_NOTCH2,AGM,NOTCH2,DLK1,1.336,0.0
Mesenchyme,接收,3,DLK1_NOTCH1,AGM,NOTCH1,DLK1,1.328,0.0
Mesenchyme,接收,4,COL18A1_integrin_a1b1_complex,AGM,integrin,COL18A1,0.839,0.0
Mesenchyme,接收,5,COL18A1_integrin_a11b1_complex,AGM,integrin,COL18A1,0.833,0.0
Mesenchyme,接收,6,CADM1_CADM1,AGM,CADM1,CADM1,0.753,0.008
Mesenchyme,接收,7,CADM1_NECTIN3,AGM,NECTIN3,CADM1,0.704,0.0
Mesenchyme,接收,8,PDGFA_PDGFRA,AGM,PDGFRA,PDGFA,0.583,0.0
Mesenchyme,接收,9,AGRN_PTPRS,AGM,PTPRS,AGRN,0.577,0.0
Mesenchyme,接收,10,Cholesterol_byDHCR24_RORA,AGM,byDHCR24,Cholesterol,0.567,0.025
Mesenchyme,接收,11,COL2A1_integrin_a1b1_complex,AGM,integrin,COL2A1,0.56,0.0
Mesenchyme,接收,12,COL2A1_integrin_a11b1_complex,AGM,integrin,COL2A1,0.554,0.0
Mesenchyme,接收,13,NTN1_UNC5C,AGM,UNC5C,NTN1,0.528,0.0
Mesenchyme,接收,14,COL4A1_integrin_a1b1_complex,AGM,integrin,COL4A1,0.528,0.045
Mesenchyme,接收,15,COL4A1_integrin_a11b1_complex,AGM,integrin,COL4A1,0.523,0.025
Mesenchyme,接收,16,LRFN4_PTPRD,AGM,PTPRD,LRFN4,0.51,0.0
Mesenchyme,接收,17,WNT16_SFRP1,AGM,SFRP1,WNT16,0.441,0.0
Mesenchyme,接收,18,SLIT1_ROBO1,AGM,ROBO1,SLIT1,0.427,0.0
Mesenchyme,接收,19,SDC1_ADGRA2,AGM,ADGRA2,SDC1,0.425,0.0
Mesenchyme,接收,20,WNT7B_SFRP1,AGM,SFRP1,WNT7B,0.422,0.0
Mesenchyme,接收,21,TENM2_FLRT3_complex_ADGRL2,AGM,FLRT3,TENM2,0.422,0.003
Mesenchyme,接收,22,TENM2_ADGRL2,AGM,ADGRL2,TENM2,0.422,0.003
Mesenchyme,接收,23,WNT4_SFRP1,AGM,SFRP1,WNT4,0.421,0.0
Mesenchyme,接收,24,WNT5B_SFRP1,AGM,SFRP1,WNT5B,0.411,0.011
Mesenchyme,接收,25,EFNA4_EPHA7,AGM,EPHA7,EFNA4,0.379,0.0
Mesenchyme,接收,26,NTN1_UNC5B,AGM,UNC5B,NTN1,0.369,0.0
Mesenchyme,接收,27,VEGFB_NRP1,AGM,NRP1,VEGFB,0.358,0.008
Mesenchyme,接收,28,COL4A2_integrin_a1b1_complex,AGM,integrin,COL4A2,0.34,0.0
Mesenchyme,接收,29,SLITRK5_PTPRS,AGM,PTPRS,SLITRK5,0.337,0.048
Mesenchyme,接收,30,COL4A2_integrin_a11b1_complex,AGM,integrin,COL4A2,0.334,0.0
Mesenchyme,接收,31,EFNB3_EPHA4,AGM,EPHA4,EFNB3,0.326,0.045
Mesenchyme,接收,32,BMP7_BMPR1A_BMPR2,AGM,BMPR1A,BMP7,0.325,0.002
Mesenchyme,接收,33,EFNA4_EPHA4,AGM,EPHA4,EFNA4,0.325,0.001
Mesenchyme,接收,34,NTN1_DCC,AGM,DCC,NTN1,0.32,0.0
Mesenchyme,接收,35,VEGFB_FLT1_complex,AGM,FLT1,VEGFB,0.318,0.008
Mesenchyme,接收,36,VEGFB_FLT1,AGM,FLT1,VEGFB,0.318,0.008
Mesenchyme,接收,37,EFNA2_EPHA7,AGM,EPHA7,EFNA2,0.309,0.001
Mesenchyme,接收,38,EFNB1_EPHA4,AGM,EPHA4,EFNB1,0.304,0.005
Mesenchyme,接收,39,EFNB1_EPHB2,AGM,EPHB2,EFNB1,0.295,0.039
Mesenchyme,接收,40,WNT16_SFRP2,AGM,SFRP2,WNT16,0.26,0.0
Mesenchyme,接收,41,EFNA2_EPHA4,AGM,EPHA4,EFNA2,0.255,0.003
Mesenchyme,接收,42,BMP7_BMR1A_ACR2A,AGM,BMR1A,BMP7,0.254,0.004
Mesenchyme,接收,43,NRXN3_ADGRL1,AGM,ADGRL1,NRXN3,0.253,0.003
Mesenchyme,接收,44,BMP7_BMR1B_AVR2A,AGM,BMR1B,BMP7,0.248,0.0
Mesenchyme,接收,45,BMP7_BMPR1B_BMPR2,AGM,BMPR1B,BMP7,0.248,0.0
Mesenchyme,接收,46,BMP7_BMR1B_AVR2B,AGM,BMR1B,BMP7,0.241,0.001
Mesenchyme,接收,47,WNT7B_SFRP2,AGM,SFRP2,WNT7B,0.24,0.0
Mesenchyme,接收,48,WNT4_SFRP2,AGM,SFRP2,WNT4,0.239,0.0
Mesenchyme,接收,49,WNT16_FZD2_LRP6,AGM,FZD2,WNT16,0.225,0.0
Mesenchyme,接收,50,WNT16_FZD3_LRP6,AGM,FZD3,WNT16,0.225,0.0
Mesenchyme,接收,51,WNT16_FZD7_LRP6,AGM,FZD7,WNT16,0.225,0.0
Mesenchyme,接收,52,WNT16_FZD1_LRP6,AGM,FZD1,WNT16,0.225,0.0
Mesenchyme,接收,53,WNT16_FZD1_LRP5,AGM,FZD1,WNT16,0.223,0.0
Mesenchyme,接收,54,WNT16_FZD2_LRP5,AGM,FZD2,WNT16,0.223,0.0
Mesenchyme,接收,55,WNT16_FZD7_LRP5,AGM,FZD7,WNT16,0.223,0.0
Mesenchyme,接收,56,WNT16_FZD3_LRP5,AGM,FZD3,WNT16,0.223,0.0
Mesenchyme,接收,57,MSTN_TGFR_AVR2A,AGM,TGFR,MSTN,0.206,0.023
Mesenchyme,接收,58,WNT7B_FZD2_LRP6,AGM,FZD2,WNT7B,0.205,0.0
Mesenchyme,接收,59,WNT7B_FZD3_LRP6,AGM,FZD3,WNT7B,0.205,0.0
Mesenchyme,接收,60,WNT7B_FZD7_LRP6,AGM,FZD7,WNT7B,0.205,0.0
Mesenchyme,接收,61,WNT7B_FZD1_LRP6,AGM,FZD1,WNT7B,0.205,0.0
Mesenchyme,接收,62,WNT4_FZD3_LRP6,AGM,FZD3,WNT4,0.204,0.004
Mesenchyme,接收,63,WNT4_FZD2_LRP6,AGM,FZD2,WNT4,0.204,0.004
Mesenchyme,接收,64,WNT4_FZD1_LRP6,AGM,FZD1,WNT4,0.204,0.004
Mesenchyme,接收,65,WNT4_FZD7_LRP6,AGM,FZD7,WNT4,0.204,0.004
Mesenchyme,接收,66,WNT7B_FZD2_LRP5,AGM,FZD2,WNT7B,0.203,0.0
Mesenchyme,接收,67,WNT7B_FZD7_LRP5,AGM,FZD7,WNT7B,0.203,0.0
Mesenchyme,接收,68,BMP7_ACVR_1A2A_receptor,AGM,ACVR,BMP7,0.203,0.004
Mesenchyme,接收,69,WNT7B_FZD1_LRP5,AGM,FZD1,WNT7B,0.203,0.0
Mesenchyme,接收,70,WNT7B_FZD3_LRP5,AGM,FZD3,WNT7B,0.203,0.0
Mesenchyme,接收,71,BMP7_ACVR_1A2B_receptor,AGM,ACVR,BMP7,0.203,0.004
Mesenchyme,接收,72,BMP7_ACVR1_BMPR2,AGM,ACVR1,BMP7,0.203,0.004
Mesenchyme,接收,73,WNT4_FZD2_LRP5,AGM,FZD2,WNT4,0.202,0.003
Mesenchyme,接收,74,WNT4_FZD7_LRP5,AGM,FZD7,WNT4,0.202,0.003
Mesenchyme,接收,75,WNT4_FZD1_LRP5,AGM,FZD1,WNT4,0.202,0.003
Mesenchyme,接收,76,WNT4_FZD3_LRP5,AGM,FZD3,WNT4,0.202,0.003
Mesenchyme,接收,77,JAG2_NOTCH3,AGM,NOTCH3,JAG2,0.194,0.002
Mesenchyme,接收,78,Glutamate_byGLS_and_SLC1A3_GRIK3,AGM,byGLS,Glutamate,0.192,0.028
Mesenchyme,接收,79,WNT16_FZD4_LRP6,AGM,FZD4,WNT16,0.183,0.0
Mesenchyme,接收,80,WNT16_FZD4_LRP5,AGM,FZD4,WNT16,0.183,0.0
Mesenchyme,接收,81,WNT7B_FZD4_LRP6,AGM,FZD4,WNT7B,0.164,0.006
Mesenchyme,接收,82,WNT7B_FZD4_LRP5,AGM,FZD4,WNT7B,0.164,0.006
Mesenchyme,接收,83,WNT4_FZD4_LRP5,AGM,FZD4,WNT4,0.162,0.003
Mesenchyme,接收,84,WNT4_FZD4_LRP6,AGM,FZD4,WNT4,0.162,0.003
Mesenchyme,接收,85,Glutamate_byGLS_and_SLC1A3_GRIA3,AGM,byGLS,Glutamate,0.155,0.049
Mesenchyme,接收,86,WNT16_FZD8_LRP5,AGM,FZD8,WNT16,0.142,0.0
Mesenchyme,接收,87,WNT16_FZD8_LRP6,AGM,FZD8,WNT16,0.142,0.0
Mesenchyme,接收,88,WNT16_FZD5_LRP6,AGM,FZD5,WNT16,0.141,0.0
Mesenchyme,接收,89,WNT16_FZD5_LRP5,AGM,FZD5,WNT16,0.141,0.0
Mesenchyme,接收,90,JAG2_VASN,AGM,VASN,JAG2,0.125,0.004
Mesenchyme,接收,91,WNT7B_FZD8_LRP5,AGM,FZD8,WNT7B,0.123,0.006
Mesenchyme,接收,92,WNT7B_FZD8_LRP6,AGM,FZD8,WNT7B,0.123,0.006
Mesenchyme,接收,93,WNT7B_FZD5_LRP6,AGM,FZD5,WNT7B,0.121,0.0
Mesenchyme,接收,94,WNT7B_FZD5_LRP5,AGM,FZD5,WNT7B,0.121,0.0
Mesenchyme,接收,95,WNT4_FZD8_LRP6,AGM,FZD8,WNT4,0.121,0.026
Mesenchyme,接收,96,WNT4_FZD8_LRP5,AGM,FZD8,WNT4,0.121,0.026
Mesenchyme,接收,97,WNT4_FZD5_LRP6,AGM,FZD5,WNT4,0.12,0.001
Mesenchyme,接收,98,WNT4_FZD5_LRP5,AGM,FZD5,WNT4,0.12,0.001
Neural crest,发送,1,FTL_SCARA5,AGM,FTL,SCARA5,1.277,0.0
Neural crest,发送,2,FN1_integrin_a4b1_complex,AGM,FN1,integrin,0.897,0.009
Neural crest,发送,3,COL3A1_integrin_a1b1_complex,AGM,COL3A1,integrin,0.854,0.02
Neural crest,发送,4,PDGFC_PDGFRA,AGM,PDGFC,PDGFRA,0.776,0.0
Neural crest,发送,5,LRFN4_PTPRD,AGM,LRFN4,PTPRD,0.731,0.0
Neural crest,发送,6,SLIT2_ROBO2,AGM,SLIT2,ROBO2,0.717,0.0
Neural crest,发送,7,WNT5A_SFRP1,AGM,WNT5A,SFRP1,0.69,0.0
Neural crest,发送,8,CDH2_CDH2,AGM,CDH2,CDH2,0.681,0.0
Neural crest,发送,9,EFNA5_EPHA4,AGM,EFNA5,EPHA4,0.631,0.0
Neural crest,发送,10,IGF1_IGF1R_enhancerComGPC3,AGM,IGF1,IGF1R,0.621,0.001
Neural crest,发送,11,IGF1_IGF1R,AGM,IGF1,IGF1R,0.621,0.001
Neural crest,发送,12,WNT5B_SFRP1,AGM,WNT5B,SFRP1,0.606,0.0
Neural crest,发送,13,AGRN_PTPRS,AGM,AGRN,PTPRS,0.592,0.044
Neural crest,发送,14,Cholesterol_byDHCR24_RORA,AGM,Cholesterol,byDHCR24,0.587,0.041
Neural crest,发送,15,WNT2_SFRP1,AGM,WNT2,SFRP1,0.583,0.0
Neural crest,发送,16,WNT4_SFRP1,AGM,WNT4,SFRP1,0.582,0.0
Neural crest,发送,17,EFNA5_EPHA7,AGM,EFNA5,EPHA7,0.575,0.006
Neural crest,发送,18,TENM3_ADGRL1,AGM,TENM3,ADGRL1,0.554,0.001
Neural crest,发送,19,EFNB2_EPHA4,AGM,EFNB2,EPHA4,0.54,0.0
Neural crest,发送,20,PTPRD_IL1RAPL1,AGM,PTPRD,IL1RAPL1,0.537,0.0
Neural crest,发送,21,atRetinoicAcid_byALDH1A2_RAreceptor_RXRB,AGM,atRetinoicAcid,byALDH1A2,0.537,0.0
Neural crest,发送,22,BMP4_BMPR1A_BMPR2,AGM,BMP4,BMPR1A,0.521,0.0
Neural crest,发送,23,VEGFB_NRP1,AGM,VEGFB,NRP1,0.513,0.0
Neural crest,发送,24,EFNA5_EPHB2,AGM,EFNA5,EPHB2,0.511,0.009
Neural crest,发送,25,PTPRD_IL1RAP,AGM,PTPRD,IL1RAP,0.509,0.0
Neural crest,发送,26,atRetinoicAcid_byALDH1A2_RAreceptor_RXRA,AGM,atRetinoicAcid,byALDH1A2,0.502,0.0
Neural crest,发送,27,TENM3_ADGRL3,AGM,TENM3,ADGRL3,0.501,0.007
Neural crest,发送,28,atRetinoicAcid_byALDH1A2_RAreceptor_RARA_RXRA,AGM,atRetinoicAcid,byALDH1A2,0.5,0.0
Neural crest,发送,29,atRetinoicAcid_byALDH1A2_RAreceptor_RARA,AGM,atRetinoicAcid,byALDH1A2,0.5,0.0
Neural crest,发送,30,EFNB3_EPHA4,AGM,EFNB3,EPHA4,0.495,0.0
Neural crest,发送,31,VEGFA_NRP1,AGM,VEGFA,NRP1,0.492,0.0
Neural crest,发送,32,atRetinoicAcid_byALDH1A2_RAreceptor_RARB,AGM,atRetinoicAcid,byALDH1A2,0.488,0.0
Neural crest,发送,33,atRetinoicAcid_byALDH1A2_RAreceptor_RARB_RXRB,AGM,atRetinoicAcid,byALDH1A2,0.488,0.0
Neural crest,发送,34,COL19A1_integrin_a1b1_complex,AGM,COL19A1,integrin,0.472,0.0
Neural crest,发送,35,EFNB2_EPHB3,AGM,EFNB2,EPHB3,0.472,0.0
Neural crest,发送,36,TENM4_ADGRL1,AGM,TENM4,ADGRL1,0.467,0.0
Neural crest,发送,37,EFNB1_EPHA4,AGM,EFNB1,EPHA4,0.466,0.0
Neural crest,发送,38,LRFN4_PTPRS,AGM,LRFN4,PTPRS,0.465,0.023
Neural crest,发送,39,SEMA3A_NRP1,AGM,SEMA3A,NRP1,0.464,0.002
Neural crest,发送,40,EFNA4_EPHA4,AGM,EFNA4,EPHA4,0.46,0.0
Neural crest,发送,41,TENM4_FLRT3_complex_ADGRL1,AGM,TENM4,FLRT3,0.455,0.001
Neural crest,发送,42,CDH5_CDH5,AGM,CDH5,CDH5,0.455,0.0
Neural crest,发送,43,BMP7_BMPR1A_BMPR2,AGM,BMP7,BMPR1A,0.447,0.0
Neural crest,发送,44,FLRT2_ADGRL1,AGM,FLRT2,ADGRL1,0.444,0.001
Neural crest,发送,45,BMP5_BMPR1A_BMPR2,AGM,BMP5,BMPR1A,0.442,0.0
Neural crest,发送,46,SLITRK6_PTPRS,AGM,SLITRK6,PTPRS,0.435,0.02
Neural crest,发送,47,WNT5A_SFRP2,AGM,WNT5A,SFRP2,0.435,0.001
Neural crest,发送,48,atRetinoicAcid_byALDH1A2_RAreceptor_RARG,AGM,atRetinoicAcid,byALDH1A2,0.432,0.0
Neural crest,发送,49,COL5A2_integrin_a1b1_complex,AGM,COL5A2,integrin,0.43,0.003
Neural crest,发送,50,EFNB3_EPHB3,AGM,EFNB3,EPHB3,0.427,0.001
Neural crest,发送,51,WNT5A_FZD2_LRP6,AGM,WNT5A,FZD2,0.421,0.0
Neural crest,发送,52,EFNB2_EPHB2,AGM,EFNB2,EPHB2,0.42,0.002
Neural crest,发送,53,EFNA2_EPHA4,AGM,EFNA2,EPHA4,0.416,0.0
Neural crest,发送,54,TENM4_ADGRL3,AGM,TENM4,ADGRL3,0.414,0.002
Neural crest,发送,55,TNC_integrin_a9b1_complex,AGM,TNC,integrin,0.413,0.011
Neural crest,发送,56,RSPO1_LGR4,AGM,RSPO1,LGR4,0.411,0.001
Neural crest,发送,57,EFNA1_EPHA4,AGM,EFNA1,EPHA4,0.406,0.0
Neural crest,发送,58,EFNA4_EPHA7,AGM,EFNA4,EPHA7,0.405,0.015
Neural crest,发送,59,PTPRS_NTRK3,AGM,PTPRS,NTRK3,0.404,0.0
Neural crest,发送,60,TENM3_FLRT3_complex_ADGRL3,AGM,TENM3,FLRT3,0.402,0.019
Neural crest,发送,61,FLRT3_ADGRL3,AGM,FLRT3,ADGRL3,0.402,0.019
Neural crest,发送,62,EFNB1_EPHB3,AGM,EFNB1,EPHB3,0.399,0.0
Neural crest,发送,63,BMP4_BMR1A_AVR2B,AGM,BMP4,BMR1A,0.397,0.013
Neural crest,发送,64,FLRT2_ADGRL3,AGM,FLRT2,ADGRL3,0.391,0.007
Neural crest,发送,65,EFNB3_EPHB2,AGM,EFNB3,EPHB2,0.375,0.03
Neural crest,发送,66,COL19A1_integrin_a11b1_complex,AGM,COL19A1,integrin,0.374,0.04
Neural crest,发送,67,EFNA2_EPHA7,AGM,EFNA2,EPHA7,0.361,0.009
Neural crest,发送,68,Cholesterol_byLIPA_RORA,AGM,Cholesterol,byLIPA,0.356,0.006
Neural crest,发送,69,RSPO2_LGR4,AGM,RSPO2,LGR4,0.355,0.002
Neural crest,发送,70,WNT5B_SFRP2,AGM,WNT5B,SFRP2,0.351,0.004
Neural crest,发送,71,EFNA1_EPHA7,AGM,EFNA1,EPHA7,0.351,0.008
Neural crest,发送,72,EFNB1_EPHB2,AGM,EFNB1,EPHB2,0.347,0.026
Neural crest,发送,73,COL26A1_integrin_a1b1_complex,AGM,COL26A1,integrin,0.343,0.003
Neural crest,发送,74,WNT5B_FZD2_LRP6,AGM,WNT5B,FZD2,0.337,0.0
Neural crest,发送,75,BMP4_BMPR1B_BMPR2,AGM,BMP4,BMPR1B,0.336,0.007
Neural crest,发送,76,BMP4_BMR1B_AVR2B,AGM,BMP4,BMR1B,0.336,0.001
Neural crest,发送,77,WNT5A_FZD7_LRP6,AGM,WNT5A,FZD7,0.336,0.021
Neural crest,发送,78,COL4A2_integrin_a1b1_complex,AGM,COL4A2,integrin,0.335,0.011
Neural crest,发送,79,GJC1_GJA5,AGM,GJC1,GJA5,0.333,0.003
Neural crest,发送,80,BMP4_BMR1B_AVR2A,AGM,BMP4,BMR1B,0.332,0.0
Neural crest,发送,81,WNT2_SFRP2,AGM,WNT2,SFRP2,0.329,0.014
Neural crest,发送,82,WNT4_SFRP2,AGM,WNT4,SFRP2,0.327,0.002
Neural crest,发送,83,NRXN3_ADGRL1,AGM,NRXN3,ADGRL1,0.324,0.004
Neural crest,发送,84,BMP7_BMR1A_AVR2B,AGM,BMP7,BMR1A,0.323,0.018
Neural crest,发送,85,WNT5A_FZD3_LRP6,AGM,WNT5A,FZD3,0.323,0.041
Neural crest,发送,86,RSPO3_LGR4,AGM,RSPO3,LGR4,0.319,0.007
Neural crest,发送,87,BMP5_BMR1A_AVR2B,AGM,BMP5,BMR1A,0.317,0.02
Neural crest,发送,88,WNT2_FZD2_LRP6,AGM,WNT2,FZD2,0.315,0.008
Neural crest,发送,89,WNT4_FZD2_LRP6,AGM,WNT4,FZD2,0.313,0.0
Neural crest,发送,90,JAG1_NOTCH3,AGM,JAG1,NOTCH3,0.307,0.007
Neural crest,发送,91,TENM2_FLRT3_complex_ADGRL1,AGM,TENM2,FLRT3,0.303,0.003
Neural crest,发送,92,TENM2_ADGRL1,AGM,TENM2,ADGRL1,0.303,0.003
Neural crest,发送,93,NRXN1_ADGRL1,AGM,NRXN1,ADGRL1,0.296,0.001
Neural crest,发送,94,PDGFD_PDGFR_complex,AGM,PDGFD,PDGFR,0.293,0.002
Neural crest,发送,95,PDGFD_PDGFRB,AGM,PDGFD,PDGFRB,0.293,0.002
Neural crest,发送,96,COL4A5_integrin_a1b1_complex,AGM,COL4A5,integrin,0.291,0.003
Neural crest,发送,97,VTN_integrin_aVb1_complex,AGM,VTN,integrin,0.283,0.037
Neural crest,发送,98,COL11A1_integrin_a1b1_complex,AGM,COL11A1,integrin,0.272,0.001
Neural crest,发送,99,COL9A1_integrin_a1b1_complex,AGM,COL9A1,integrin,0.265,0.001
Neural crest,发送,100,BMP7_BMPR1B_BMPR2,AGM,BMP7,BMPR1B,0.262,0.025
Neural crest,接收,1,IGF2_IGF2R,AGM,IGF2R,IGF2,2.066,0.0
Neural crest,接收,2,IGF2_IGF1R,AGM,IGF1R,IGF2,1.93,0.0
Neural crest,接收,3,COL3A1_integrin_a1b1_complex,AGM,integrin,COL3A1,1.035,0.001
Neural crest,接收,4,COL3A1_integrin_a11b1_complex,AGM,integrin,COL3A1,1.029,0.0
Neural crest,接收,5,COL2A1_integrin_a1b1_complex,AGM,integrin,COL2A1,0.892,0.0
Neural crest,接收,6,COL2A1_integrin_a11b1_complex,AGM,integrin,COL2A1,0.886,0.0
Neural crest,接收,7,SLIT2_ROBO1,AGM,ROBO1,SLIT2,0.837,0.0
Neural crest,接收,8,COL18A1_integrin_a1b1_complex,AGM,integrin,COL18A1,0.806,0.026
Neural crest,接收,9,COL4A1_integrin_a1b1_complex,AGM,integrin,COL4A1,0.805,0.0
Neural crest,接收,10,COL18A1_integrin_a11b1_complex,AGM,integrin,COL18A1,0.8,0.022
Neural crest,接收,11,COL4A1_integrin_a11b1_complex,AGM,integrin,COL4A1,0.799,0.0
Neural crest,接收,12,WNT5A_SFRP1,AGM,SFRP1,WNT5A,0.768,0.0
Neural crest,接收,13,PDGFC_PDGFRA,AGM,PDGFRA,PDGFC,0.72,0.008
Neural crest,接收,14,PTPRD_IL1RAPL1,AGM,IL1RAPL1,PTPRD,0.704,0.0
Neural crest,接收,15,EFNA5_EPHA7,AGM,EPHA7,EFNA5,0.698,0.0
Neural crest,接收,16,CDH2_CDH2,AGM,CDH2,CDH2,0.681,0.0
Neural crest,接收,17,COL1A1_integrin_a1b1_complex,AGM,integrin,COL1A1,0.669,0.014
Neural crest,接收,18,COL1A1_integrin_a11b1_complex,AGM,integrin,COL1A1,0.664,0.013
Neural crest,接收,19,EFNA5_EPHA4,AGM,EPHA4,EFNA5,0.644,0.0
Neural crest,接收,20,SLIT2_ROBO2,AGM,ROBO2,SLIT2,0.638,0.0
Neural crest,接收,21,EFNA5_EPHB2,AGM,EPHB2,EFNA5,0.635,0.0
Neural crest,接收,22,EFNB2_EPHA4,AGM,EPHA4,EFNB2,0.618,0.0
Neural crest,接收,23,EFNB2_EPHB4,AGM,EPHB4,EFNB2,0.61,0.0
Neural crest,接收,24,EFNB2_EPHB2,AGM,EPHB2,EFNB2,0.609,0.0
Neural crest,接收,25,AGRN_PTPRS,AGM,PTPRS,AGRN,0.593,0.034
Neural crest,接收,26,WNT5A_SFRP2,AGM,SFRP2,WNT5A,0.586,0.0
Neural crest,接收,27,EFNA5_EPHA3,AGM,EPHA3,EFNA5,0.575,0.0
Neural crest,接收,28,EFNB2_EPHB3,AGM,EPHB3,EFNB2,0.558,0.0
Neural crest,接收,29,TENM2_ADGRL2,AGM,ADGRL2,TENM2,0.555,0.0
Neural crest,接收,30,SDC1_ADGRA2,AGM,ADGRA2,SDC1,0.552,0.0
Neural crest,接收,31,WNT5A_FZD3_LRP6,AGM,FZD3,WNT5A,0.551,0.0
Neural crest,接收,32,WNT5A_FZD7_LRP6,AGM,FZD7,WNT5A,0.551,0.0
Neural crest,接收,33,WNT5A_FZD2_LRP6,AGM,FZD2,WNT5A,0.551,0.0
Neural crest,接收,34,WNT5A_ROR2,AGM,ROR2,WNT5A,0.55,0.0
Neural crest,接收,35,WNT5A_FZD2_LRP5,AGM,FZD2,WNT5A,0.549,0.0
Neural crest,接收,36,WNT5A_FZD7_LRP5,AGM,FZD7,WNT5A,0.549,0.0
Neural crest,接收,37,WNT5A_FZD3_LRP5,AGM,FZD3,WNT5A,0.549,0.0
Neural crest,接收,38,BMPR1B_BMPR2_BMPR1A,AGM,BMPR2,BMPR1B,0.533,0.009
Neural crest,接收,39,NCAM1_FGFR1,AGM,FGFR1,NCAM1,0.532,0.003
Neural crest,接收,40,LRFN4_PTPRD,AGM,PTPRD,LRFN4,0.527,0.002
Neural crest,接收,41,TENM2_FLRT3_complex_ADGRL2,AGM,FLRT3,TENM2,0.516,0.0
Neural crest,接收,42,WNT5A_FZD4_LRP6,AGM,FZD4,WNT5A,0.509,0.0
Neural crest,接收,43,WNT5A_FZD4_LRP5,AGM,FZD4,WNT5A,0.509,0.0
Neural crest,接收,44,NCAM1_AGRN,AGM,AGRN,NCAM1,0.492,0.045
Neural crest,接收,45,BMP4_BMPR1A_BMPR2,AGM,BMPR1A,BMP4,0.49,0.002
Neural crest,接收,46,WNT4_SFRP1,AGM,SFRP1,WNT4,0.486,0.0
Neural crest,接收,47,WNT5A_ROR1,AGM,ROR1,WNT5A,0.486,0.0
Neural crest,接收,48,FLRT2_ADGRL1,AGM,ADGRL1,FLRT2,0.48,0.0
Neural crest,接收,49,FLRT2_ADGRL3,AGM,ADGRL3,FLRT2,0.473,0.0
Neural crest,接收,50,WNT5A_FDZ8_RYK,AGM,FDZ8,WNT5A,0.468,0.0
Neural crest,接收,51,WNT5A_FZD8_LRP5,AGM,FZD8,WNT5A,0.468,0.0
Neural crest,接收,52,WNT5A_FZD8_LRP6,AGM,FZD8,WNT5A,0.468,0.0
Neural crest,接收,53,WNT5A_FZD5_LRP5,AGM,FZD5,WNT5A,0.467,0.0
Neural crest,接收,54,WNT5A_FZD5_LRP6,AGM,FZD5,WNT5A,0.467,0.0
Neural crest,接收,55,CDH5_CDH5,AGM,CDH5,CDH5,0.455,0.0
Neural crest,接收,56,PDGFB_PDGFRA,AGM,PDGFRA,PDGFB,0.433,0.0
Neural crest,接收,57,atRetinoicAcid_byALDH1A2_RAreceptor_RARA,AGM,byALDH1A2,atRetinoicAcid,0.433,0.017
Neural crest,接收,58,COL4A2_integrin_a1b1_complex,AGM,integrin,COL4A2,0.431,0.002
Neural crest,接收,59,COL4A2_integrin_a11b1_complex,AGM,integrin,COL4A2,0.425,0.002
Neural crest,接收,60,BMP4_BMR1A_ACR2A,AGM,BMR1A,BMP4,0.418,0.003
Neural crest,接收,61,atRetinoicAcid_byALDH1A2_RAreceptor_RXRB,AGM,byALDH1A2,atRetinoicAcid,0.417,0.043
Neural crest,接收,62,BMP4_BMR1B_AVR2A,AGM,BMR1B,BMP4,0.413,0.001
Neural crest,接收,63,BMP4_BMPR1B_BMPR2,AGM,BMPR1B,BMP4,0.413,0.001
Neural crest,接收,64,EFNB1_EPHA4,AGM,EPHA4,EFNB1,0.409,0.0
Neural crest,接收,65,SHH_PTCH_GAS1_transmembrane_receptor,AGM,PTCH,SHH,0.406,0.0
Neural crest,接收,66,BMP4_BMR1B_AVR2B,AGM,BMR1B,BMP4,0.406,0.002
Neural crest,接收,67,BMP4_BMR1A_AVR2B,AGM,BMR1A,BMP4,0.406,0.005
Neural crest,接收,68,EFNB1_EPHB4,AGM,EPHB4,EFNB1,0.401,0.002
Neural crest,接收,69,EFNB3_EPHA4,AGM,EPHA4,EFNB3,0.401,0.013
Neural crest,接收,70,TNC_integrin_a9b1_complex,AGM,integrin,TNC,0.4,0.001
Neural crest,接收,71,EFNB1_EPHB2,AGM,EPHB2,EFNB1,0.399,0.0
Neural crest,接收,72,CD80_CTLA4,AGM,CTLA4,CD80,0.396,0.027
Neural crest,接收,73,EFNB3_EPHB4,AGM,EPHB4,EFNB3,0.393,0.043
Neural crest,接收,74,EFNB3_EPHB2,AGM,EPHB2,EFNB3,0.391,0.033
Neural crest,接收,75,atRetinoicAcid_byALDH1A2_RAreceptor_RARA_RXRA,AGM,byALDH1A2,atRetinoicAcid,0.381,0.037
Neural crest,接收,76,atRetinoicAcid_byALDH1A2_RAreceptor_RXRA,AGM,byALDH1A2,atRetinoicAcid,0.381,0.037
Neural crest,接收,77,EFNA1_EPHA7,AGM,EPHA7,EFNA1,0.378,0.0
Neural crest,接收,78,SEMA3F_NRP2,AGM,NRP2,SEMA3F,0.374,0.0
Neural crest,接收,79,VEGFC_KDR,AGM,KDR,VEGFC,0.371,0.0
Neural crest,接收,80,EFNB1_EPHB3,AGM,EPHB3,EFNB1,0.348,0.022
Neural crest,接收,81,Glutamate_byGLS_and_SLC1A3_GRM7,AGM,byGLS,Glutamate,0.346,0.001
Neural crest,接收,82,TENM2_ADGRL1,AGM,ADGRL1,TENM2,0.331,0.0
Neural crest,接收,83,TNC_integrin_a8b1_complex,AGM,integrin,TNC,0.327,0.0
Neural crest,接收,84,TENM2_ADGRL3,AGM,ADGRL3,TENM2,0.324,0.0
Neural crest,接收,85,EFNA1_EPHA4,AGM,EPHA4,EFNA1,0.324,0.0
Neural crest,接收,86,SEMA6D_PlexinA1_complex1,AGM,PlexinA1,SEMA6D,0.322,0.002
Neural crest,接收,87,EFNA2_EPHA7,AGM,EPHA7,EFNA2,0.321,0.017
Neural crest,接收,88,BMP2_BMPR1A_BMPR2,AGM,BMPR1A,BMP2,0.309,0.005
Neural crest,接收,89,JAG1_NOTCH3,AGM,NOTCH3,JAG1,0.309,0.003
Neural crest,接收,90,CADM3_NECTIN3,AGM,NECTIN3,CADM3,0.308,0.005
Neural crest,接收,91,Glutamate_byGLS_and_SLC1A3_GRIK2,AGM,byGLS,Glutamate,0.307,0.0
Neural crest,接收,92,WNT4_SFRP2,AGM,SFRP2,WNT4,0.304,0.0
Neural crest,接收,93,JAG1_NOTCH2,AGM,NOTCH2,JAG1,0.301,0.032
Neural crest,接收,94,Glutamate_byGLS_and_SLC1A3_GRIK3,AGM,byGLS,Glutamate,0.3,0.0
Neural crest,接收,95,TENM2_FLRT3_complex_ADGRL1,AGM,FLRT3,TENM2,0.292,0.004
Neural crest,接收,96,JAG1_NOTCH1,AGM,NOTCH1,JAG1,0.292,0.01
Neural crest,接收,97,TNC_integrin_a4b1_complex,AGM,integrin,TNC,0.275,0.0
Neural crest,接收,98,ANGPT1_TEK,AGM,TEK,ANGPT1,0.274,0.036
Neural crest,接收,99,COL9A1_integrin_a1b1_complex,AGM,integrin,COL9A1,0.27,0.005
Neural crest,接收,100,WNT4_FZD3_LRP6,AGM,FZD3,WNT4,0.269,0.0
Sclerotome,发送,1,MPZL1_MPZL1,AGM,MPZL1,MPZL1,0.816,0.0
Sclerotome,发送,2,PDGFC_PDGFRA,AGM,PDGFC,PDGFRA,0.788,0.0
Sclerotome,发送,3,TENM3_ADGRL2,AGM,TENM3,ADGRL2,0.657,0.003
Sclerotome,发送,4,Cholesterol_byDHCR24_RORA,AGM,Cholesterol,byDHCR24,0.578,0.002
Sclerotome,发送,5,atRetinoicAcid_byALDH1A2_RAreceptor_RXRB,AGM,atRetinoicAcid,byALDH1A2,0.571,0.0
Sclerotome,发送,6,TENM4_ADGRL2,AGM,TENM4,ADGRL2,0.57,0.0
Sclerotome,发送,7,FLRT3_ADGRL2,AGM,FLRT3,ADGRL2,0.558,0.019
Sclerotome,发送,8,SLIT2_ROBO2,AGM,SLIT2,ROBO2,0.558,0.0
Sclerotome,发送,9,LRFN4_PTPRD,AGM,LRFN4,PTPRD,0.549,0.0
Sclerotome,发送,10,SLIT2_ROBO1,AGM,SLIT2,ROBO1,0.541,0.001
Sclerotome,发送,11,VEGFA_NRP2,AGM,VEGFA,NRP2,0.534,0.0
Sclerotome,发送,12,NECTIN2_NECTIN3,AGM,NECTIN2,NECTIN3,0.531,0.002
Sclerotome,发送,13,GJC1_GJC1,AGM,GJC1,GJC1,0.528,0.002
Sclerotome,发送,14,CDH2_CDH2,AGM,CDH2,CDH2,0.526,0.008
Sclerotome,发送,15,BMPR1B_BMPR2_BMPR1A,AGM,BMPR1B,BMPR2,0.522,0.002
Sclerotome,发送,16,atRetinoicAcid_byALDH1A2_RAreceptor_RARA,AGM,atRetinoicAcid,byALDH1A2,0.517,0.0
Sclerotome,发送,17,SEMA3C_NRP2,AGM,SEMA3C,NRP2,0.504,0.0
Sclerotome,发送,18,PDGFA_PDGFRA,AGM,PDGFA,PDGFRA,0.504,0.0
Sclerotome,发送,19,IGF1_IGF1R_enhancerComGPC3,AGM,IGF1,IGF1R,0.5,0.011
Sclerotome,发送,20,IGF1_IGF1R,AGM,IGF1,IGF1R,0.5,0.011
Sclerotome,发送,21,TENM3_ADGRL3,AGM,TENM3,ADGRL3,0.498,0.0
Sclerotome,发送,22,EFNA5_EPHA7,AGM,EFNA5,EPHA7,0.484,0.005
Sclerotome,发送,23,PTPRD_IL1RAPL1,AGM,PTPRD,IL1RAPL1,0.481,0.0
Sclerotome,发送,24,atRetinoicAcid_byALDH1A2_RAreceptor_RARA_RXRA,AGM,atRetinoicAcid,byALDH1A2,0.478,0.0
Sclerotome,发送,25,atRetinoicAcid_byALDH1A2_RAreceptor_RXRA,AGM,atRetinoicAcid,byALDH1A2,0.478,0.0
Sclerotome,发送,26,CDH6_CDH6,AGM,CDH6,CDH6,0.465,0.0
Sclerotome,发送,27,APP_SORL1,AGM,APP,SORL1,0.455,0.019
Sclerotome,发送,28,JAM3_JAM3,AGM,JAM3,JAM3,0.452,0.0
Sclerotome,发送,29,atRetinoicAcid_byALDH1A2_RAreceptor_RARB,AGM,atRetinoicAcid,byALDH1A2,0.448,0.0
Sclerotome,发送,30,atRetinoicAcid_byALDH1A2_RAreceptor_RARB_RXRB,AGM,atRetinoicAcid,byALDH1A2,0.448,0.0
Sclerotome,发送,31,SEMA3F_NRP2,AGM,SEMA3F,NRP2,0.446,0.0
Sclerotome,发送,32,EFNA5_EPHA4,AGM,EFNA5,EPHA4,0.443,0.007
Sclerotome,发送,33,BMP4_BMPR1B_BMPR2,AGM,BMP4,BMPR1B,0.435,0.0
Sclerotome,发送,34,BMP4_BMPR1A_BMPR2,AGM,BMP4,BMPR1A,0.435,0.0
Sclerotome,发送,35,VEGFA_KDR,AGM,VEGFA,KDR,0.432,0.0
Sclerotome,发送,36,EFNA5_EPHB2,AGM,EFNA5,EPHB2,0.431,0.028
Sclerotome,发送,37,NCAM1_FGFR1,AGM,NCAM1,FGFR1,0.43,0.047
Sclerotome,发送,38,EFNB2_EPHB4,AGM,EFNB2,EPHB4,0.427,0.0
Sclerotome,发送,39,RSPO1_LGR4,AGM,RSPO1,LGR4,0.423,0.0
Sclerotome,发送,40,CDH5_CDH5,AGM,CDH5,CDH5,0.415,0.0
Sclerotome,发送,41,TENM4_ADGRL3,AGM,TENM4,ADGRL3,0.411,0.0
Sclerotome,发送,42,TENM2_FLRT3_complex_ADGRL2,AGM,TENM2,FLRT3,0.406,0.027
Sclerotome,发送,43,TENM2_ADGRL2,AGM,TENM2,ADGRL2,0.406,0.027
Sclerotome,发送,44,TENM3_FLRT3_complex_ADGRL3,AGM,TENM3,FLRT3,0.399,0.0
Sclerotome,发送,45,FLRT3_ADGRL3,AGM,FLRT3,ADGRL3,0.399,0.0
Sclerotome,发送,46,EFNB2_EPHB3,AGM,EFNB2,EPHB3,0.399,0.0
Sclerotome,发送,47,LRFN4_PTPRS,AGM,LRFN4,PTPRS,0.396,0.013
Sclerotome,发送,48,TNC_integrin_a9b1_complex,AGM,TNC,integrin,0.395,0.0
Sclerotome,发送,49,WNT5A_ROR2,AGM,WNT5A,ROR2,0.389,0.0
Sclerotome,发送,50,FLRT2_ADGRL3,AGM,FLRT2,ADGRL3,0.388,0.0
Sclerotome,发送,51,NECTIN1_NECTIN3,AGM,NECTIN1,NECTIN3,0.387,0.024
Sclerotome,发送,52,BMP4_BMR1B_AVR2B,AGM,BMP4,BMR1B,0.383,0.0
Sclerotome,发送,53,BMP4_BMR1A_AVR2B,AGM,BMP4,BMR1A,0.383,0.0
Sclerotome,发送,54,EFNB3_EPHB4,AGM,EFNB3,EPHB4,0.382,0.0
Sclerotome,发送,55,VEGFC_KDR,AGM,VEGFC,KDR,0.369,0.0
Sclerotome,发送,56,SLITRK6_PTPRS,AGM,SLITRK6,PTPRS,0.366,0.01
Sclerotome,发送,57,RSPO2_LGR4,AGM,RSPO2,LGR4,0.366,0.0
Sclerotome,发送,58,VEGFB_NRP1,AGM,VEGFB,NRP1,0.366,0.0
Sclerotome,发送,59,SDC1_ADGRA2,AGM,SDC1,ADGRA2,0.364,0.028
Sclerotome,发送,60,BMP7_BMPR1B_BMPR2,AGM,BMP7,BMPR1B,0.361,0.0
Sclerotome,发送,61,BMP7_BMPR1A_BMPR2,AGM,BMP7,BMPR1A,0.361,0.0
Sclerotome,发送,62,BMP5_BMPR1B_BMPR2,AGM,BMP5,BMPR1B,0.356,0.0
Sclerotome,发送,63,BMP5_BMPR1A_BMPR2,AGM,BMP5,BMPR1A,0.356,0.0
Sclerotome,发送,64,TENM4_ADGRL1,AGM,TENM4,ADGRL1,0.355,0.021
Sclerotome,发送,65,EFNB1_EPHB4,AGM,EFNB1,EPHB4,0.354,0.0
Sclerotome,发送,66,EFNB3_EPHB3,AGM,EFNB3,EPHB3,0.354,0.002
Sclerotome,发送,67,EFNB2_EPHA4,AGM,EFNB2,EPHA4,0.352,0.002
Sclerotome,发送,68,Cholesterol_byLIPA_RORA,AGM,Cholesterol,byLIPA,0.347,0.0
Sclerotome,发送,69,VEGFA_NRP1,AGM,VEGFA,NRP1,0.345,0.0
Sclerotome,发送,70,TENM4_FLRT3_complex_ADGRL1,AGM,TENM4,FLRT3,0.343,0.042
Sclerotome,发送,71,SEMA4C_PLXNB2,AGM,SEMA4C,PLXNB2,0.34,0.001
Sclerotome,发送,72,EFNB2_EPHB2,AGM,EFNB2,EPHB2,0.34,0.011
Sclerotome,发送,73,GJC1_GJA5,AGM,GJC1,GJA5,0.335,0.0
Sclerotome,发送,74,SEMA4D_PLXNB2,AGM,SEMA4D,PLXNB2,0.332,0.015
Sclerotome,发送,75,RSPO3_LGR4,AGM,RSPO3,LGR4,0.33,0.0
Sclerotome,发送,76,ESAM_ESAM,AGM,ESAM,ESAM,0.328,0.0
Sclerotome,发送,77,EFNB1_EPHB3,AGM,EFNB1,EPHB3,0.326,0.0
Sclerotome,发送,78,JAG1_NOTCH1,AGM,JAG1,NOTCH1,0.321,0.0
Sclerotome,发送,79,BMP4_BMR1B_AVR2A,AGM,BMP4,BMR1B,0.316,0.0
Sclerotome,发送,80,BMP4_BMR1A_ACR2A,AGM,BMP4,BMR1A,0.316,0.01
Sclerotome,发送,81,JAG1_NOTCH2,AGM,JAG1,NOTCH2,0.312,0.0
Sclerotome,发送,82,BMP7_BMR1B_AVR2B,AGM,BMP7,BMR1B,0.309,0.0
Sclerotome,发送,83,BMP7_BMR1A_AVR2B,AGM,BMP7,BMR1A,0.309,0.0
Sclerotome,发送,84,BMP5_BMR1A_AVR2B,AGM,BMP5,BMR1A,0.304,0.0
Sclerotome,发送,85,BMP5_BMR1B_AVR2B,AGM,BMP5,BMR1B,0.304,0.0
Sclerotome,发送,86,WNT5A_SFRP2,AGM,WNT5A,SFRP2,0.303,0.033
Sclerotome,发送,87,WNT5A_FZD3_LRP6,AGM,WNT5A,FZD3,0.301,0.002
Sclerotome,发送,88,WNT5A_FZD7_LRP6,AGM,WNT5A,FZD7,0.301,0.002
Sclerotome,发送,89,WNT5A_FZD2_LRP6,AGM,WNT5A,FZD2,0.301,0.002
Sclerotome,发送,90,WNT5A_FZD4_LRP6,AGM,WNT5A,FZD4,0.295,0.0
Sclerotome,发送,91,NLGN1_NRXN3,AGM,NLGN1,NRXN3,0.292,0.007
Sclerotome,发送,92,WNT5A_FZD2_LRP5,AGM,WNT5A,FZD2,0.292,0.042
Sclerotome,发送,93,WNT5A_FZD7_LRP5,AGM,WNT5A,FZD7,0.292,0.042
Sclerotome,发送,94,WNT5A_FZD4_LRP5,AGM,WNT5A,FZD4,0.292,0.0
Sclerotome,发送,95,WNT5A_FZD3_LRP5,AGM,WNT5A,FZD3,0.292,0.042
Sclerotome,发送,96,WNT5A_FDZ8_RYK,AGM,WNT5A,FDZ8,0.276,0.0
Sclerotome,发送,97,WNT5A_FZD8_LRP5,AGM,WNT5A,FZD8,0.276,0.0
Sclerotome,发送,98,WNT5A_FZD8_LRP6,AGM,WNT5A,FZD8,0.276,0.0
Sclerotome,发送,99,LPAR1_ADGRE5,AGM,LPAR1,ADGRE5,0.274,0.029
Sclerotome,发送,100,SDC2_ADGRA2,AGM,SDC2,ADGRA2,0.268,0.029
Sclerotome,接收,1,TENM3_ADGRL2,AGM,ADGRL2,TENM3,0.967,0.0
Sclerotome,接收,2,FN1_integrin_aVb1_complex,AGM,integrin,FN1,0.928,0.048
Sclerotome,接收,3,COL3A1_integrin_a1b1_complex,AGM,integrin,COL3A1,0.91,0.0
Sclerotome,接收,4,FN1_integrin_a8b1_complex,AGM,integrin,FN1,0.908,0.0
Sclerotome,接收,5,COL3A1_integrin_a11b1_complex,AGM,integrin,COL3A1,0.904,0.0
Sclerotome,接收,6,FN1_integrin_a3b1_complex,AGM,integrin,FN1,0.872,0.006
Sclerotome,接收,7,FN1_integrin_a4b1_complex,AGM,integrin,FN1,0.857,0.01
Sclerotome,接收,8,FN1_integrin_a11b1_complex,AGM,integrin,FN1,0.837,0.003
Sclerotome,接收,9,MPZL1_MPZL1,AGM,MPZL1,MPZL1,0.816,0.0
Sclerotome,接收,10,TENM3_ADGRL1,AGM,ADGRL1,TENM3,0.744,0.0
Sclerotome,接收,11,TENM3_ADGRL3,AGM,ADGRL3,TENM3,0.737,0.0
Sclerotome,接收,12,COL2A1_integrin_a1b1_complex,AGM,integrin,COL2A1,0.695,0.0
Sclerotome,接收,13,COL2A1_integrin_a11b1_complex,AGM,integrin,COL2A1,0.689,0.0
Sclerotome,接收,14,EFNA5_EPHA7,AGM,EPHA7,EFNA5,0.662,0.0
Sclerotome,接收,15,SLIT2_ROBO1,AGM,ROBO1,SLIT2,0.644,0.0
Sclerotome,接收,16,PDGFC_PDGFRA,AGM,PDGFRA,PDGFC,0.634,0.004
Sclerotome,接收,17,BMPR1B_BMPR2_BMPR1A,AGM,BMPR2,BMPR1B,0.632,0.0
Sclerotome,接收,18,Cholesterol_byDHCR24_RORA,AGM,byDHCR24,Cholesterol,0.608,0.0
Sclerotome,接收,19,EFNA5_EPHA4,AGM,EPHA4,EFNA5,0.608,0.0
Sclerotome,接收,20,EFNA5_EPHB2,AGM,EPHB2,EFNA5,0.599,0.0
Sclerotome,接收,21,TENM4_ADGRL2,AGM,ADGRL2,TENM4,0.594,0.0
Sclerotome,接收,22,WNT5A_SFRP1,AGM,SFRP1,WNT5A,0.588,0.0
Sclerotome,接收,23,FLRT2_ADGRL1,AGM,ADGRL1,FLRT2,0.549,0.0
Sclerotome,接收,24,FLRT2_ADGRL3,AGM,ADGRL3,FLRT2,0.542,0.0
Sclerotome,接收,25,EFNA5_EPHA3,AGM,EPHA3,EFNA5,0.539,0.0
Sclerotome,接收,26,LRFN4_PTPRD,AGM,PTPRD,LRFN4,0.539,0.0
Sclerotome,接收,27,NTN1_UNC5C,AGM,UNC5C,NTN1,0.534,0.0
Sclerotome,接收,28,NECTIN2_NECTIN3,AGM,NECTIN3,NECTIN2,0.531,0.001
Sclerotome,接收,29,GJC1_GJC1,AGM,GJC1,GJC1,0.528,0.002
Sclerotome,接收,30,CDH2_CDH2,AGM,CDH2,CDH2,0.526,0.008
Sclerotome,接收,31,PTPRD_IL1RAPL1,AGM,IL1RAPL1,PTPRD,0.522,0.0
Sclerotome,接收,32,COL4A1_integrin_a11b1_complex,AGM,integrin,COL4A1,0.516,0.032
Sclerotome,接收,33,IGF1_IGF1R_enhancerComGPC3,AGM,IGF1R,IGF1,0.482,0.037
Sclerotome,接收,34,IGF1_IGF1R,AGM,IGF1R,IGF1,0.482,0.037
Sclerotome,接收,35,COL26A1_integrin_a1b1_complex,AGM,integrin,COL26A1,0.471,0.0
Sclerotome,接收,36,COL26A1_integrin_a11b1_complex,AGM,integrin,COL26A1,0.465,0.0
Sclerotome,接收,37,CDH6_CDH6,AGM,CDH6,CDH6,0.465,0.0
Sclerotome,接收,38,WNT5B_SFRP1,AGM,SFRP1,WNT5B,0.456,0.0
Sclerotome,接收,39,JAM3_JAM3,AGM,JAM3,JAM3,0.452,0.0
Sclerotome,接收,40,TENM2_FLRT3_complex_ADGRL2,AGM,FLRT3,TENM2,0.448,0.0
Sclerotome,接收,41,TENM2_ADGRL2,AGM,ADGRL2,TENM2,0.448,0.0
Sclerotome,接收,42,SLIT2_ROBO2,AGM,ROBO2,SLIT2,0.445,0.0
Sclerotome,接收,43,SDC1_ADGRA2,AGM,ADGRA2,SDC1,0.426,0.0
Sclerotome,接收,44,CDH5_CDH5,AGM,CDH5,CDH5,0.415,0.0
Sclerotome,接收,45,SEMA6A_PlexinA2_complex1,AGM,PlexinA2,SEMA6A,0.414,0.0
Sclerotome,接收,46,SEMA3A_PlexinA2_complex1,AGM,PlexinA2,SEMA3A,0.413,0.001
Sclerotome,接收,47,SEMA3A_PlexinA1_complex3,AGM,PlexinA1,SEMA3A,0.413,0.001
Sclerotome,接收,48,SEMA3A_NRP1,AGM,NRP1,SEMA3A,0.413,0.001
Sclerotome,接收,49,WNT5A_SFRP2,AGM,SFRP2,WNT5A,0.407,0.0
Sclerotome,接收,50,LRFN4_PTPRS,AGM,PTPRS,LRFN4,0.382,0.043
Sclerotome,接收,51,EFNA4_EPHA7,AGM,EPHA7,EFNA4,0.377,0.0
Sclerotome,接收,52,NTN1_UNC5B,AGM,UNC5B,NTN1,0.375,0.0
Sclerotome,接收,53,WNT5A_FZD3_LRP6,AGM,FZD3,WNT5A,0.372,0.0
Sclerotome,接收,54,WNT5A_FZD7_LRP6,AGM,FZD7,WNT5A,0.372,0.0
Sclerotome,接收,55,WNT5A_FZD2_LRP6,AGM,FZD2,WNT5A,0.372,0.0
Sclerotome,接收,56,TENM4_ADGRL1,AGM,ADGRL1,TENM4,0.371,0.004
Sclerotome,接收,57,WNT5A_ROR2,AGM,ROR2,WNT5A,0.371,0.0
Sclerotome,接收,58,WNT5A_FZD2_LRP5,AGM,FZD2,WNT5A,0.37,0.0
Sclerotome,接收,59,WNT5A_FZD7_LRP5,AGM,FZD7,WNT5A,0.37,0.0
Sclerotome,接收,60,EFNB2_EPHA4,AGM,EPHA4,EFNB2,0.37,0.0
Sclerotome,接收,61,WNT5A_FZD3_LRP5,AGM,FZD3,WNT5A,0.37,0.0
Sclerotome,接收,62,TENM4_ADGRL3,AGM,ADGRL3,TENM4,0.364,0.004
Sclerotome,接收,63,EFNB2_EPHB4,AGM,EPHB4,EFNB2,0.363,0.005
Sclerotome,接收,64,EFNB2_EPHB2,AGM,EPHB2,EFNB2,0.361,0.002
Sclerotome,接收,65,SEMA3A_PlexinA3_complex1,AGM,PlexinA3,SEMA3A,0.357,0.0
Sclerotome,接收,66,WNT5A_FZD4_LRP6,AGM,FZD4,WNT5A,0.33,0.0
Sclerotome,接收,67,WNT5A_FZD4_LRP5,AGM,FZD4,WNT5A,0.33,0.0
Sclerotome,接收,68,ESAM_ESAM,AGM,ESAM,ESAM,0.328,0.0
Sclerotome,接收,69,NTN1_DCC,AGM,DCC,NTN1,0.326,0.0
Sclerotome,接收,70,EFNA4_EPHA4,AGM,EPHA4,EFNA4,0.323,0.0
Sclerotome,接收,71,BMP5_BMPR1A_BMPR2,AGM,BMPR1A,BMP5,0.317,0.005
Sclerotome,接收,72,SDC2_ADGRA2,AGM,ADGRA2,SDC2,0.315,0.0
Sclerotome,接收,73,WNT5A_ROR1,AGM,ROR1,WNT5A,0.307,0.001
Sclerotome,接收,74,ANGPT1_TEK,AGM,TEK,ANGPT1,0.303,0.0
Sclerotome,接收,75,COL9A1_integrin_a1b1_complex,AGM,integrin,COL9A1,0.302,0.0
Sclerotome,接收,76,COL9A1_integrin_a11b1_complex,AGM,integrin,COL9A1,0.296,0.0
Sclerotome,接收,77,EFNA2_EPHA7,AGM,EPHA7,EFNA2,0.296,0.003
Sclerotome,接收,78,EFNA1_EPHA7,AGM,EPHA7,EFNA1,0.293,0.0
Sclerotome,接收,79,SEMA3F_NRP2,AGM,NRP2,SEMA3F,0.292,0.017
Sclerotome,接收,80,WNT5A_FDZ8_RYK,AGM,FDZ8,WNT5A,0.289,0.0
Sclerotome,接收,81,WNT5A_FZD8_LRP5,AGM,FZD8,WNT5A,0.289,0.0
Sclerotome,接收,82,WNT5A_FZD8_LRP6,AGM,FZD8,WNT5A,0.289,0.0
Sclerotome,接收,83,WNT5A_FZD5_LRP5,AGM,FZD5,WNT5A,0.288,0.0
Sclerotome,接收,84,WNT5A_FZD5_LRP6,AGM,FZD5,WNT5A,0.288,0.0
Sclerotome,接收,85,COL11A1_integrin_a1b1_complex,AGM,integrin,COL11A1,0.288,0.0
Sclerotome,接收,86,COL11A1_integrin_a11b1_complex,AGM,integrin,COL11A1,0.282,0.0
Sclerotome,接收,87,COL4A2_integrin_a11b1_complex,AGM,integrin,COL4A2,0.281,0.03
Sclerotome,接收,88,CLSTN2_NRXN3,AGM,NRXN3,CLSTN2,0.278,0.0
Sclerotome,接收,89,WNT5B_SFRP2,AGM,SFRP2,WNT5B,0.274,0.0
Sclerotome,接收,90,Glutamate_byGLS_and_SLC1A3_GRM7,AGM,byGLS,Glutamate,0.268,0.001
Sclerotome,接收,91,NRXN3_ADGRL1,AGM,ADGRL1,NRXN3,0.263,0.001
Sclerotome,接收,92,CLSTN2_NRXN1,AGM,NRXN1,CLSTN2,0.25,0.0
Sclerotome,接收,93,CLSTN1_NRXN3,AGM,NRXN3,CLSTN1,0.248,0.009
Sclerotome,接收,94,BMP5_BMR1A_ACR2A,AGM,BMR1A,BMP5,0.245,0.008
Sclerotome,接收,95,EFNA2_EPHA4,AGM,EPHA4,EFNA2,0.242,0.009
Sclerotome,接收,96,BMP5_BMR1B_AVR2A,AGM,BMR1B,BMP5,0.24,0.0
Sclerotome,接收,97,BMP5_BMPR1B_BMPR2,AGM,BMPR1B,BMP5,0.24,0.0
Sclerotome,接收,98,WNT5B_FZD1_LRP6,AGM,FZD1,WNT5B,0.239,0.006
Sclerotome,接收,99,WNT5B_FZD3_LRP6,AGM,FZD3,WNT5B,0.239,0.007
Sclerotome,接收,100,WNT5B_FZD7_LRP6,AGM,FZD7,WNT5B,0.239,0.007
