邻居细胞,方向,排名,通道,目标细胞,目标细胞基因,邻居细胞基因,强度,显著性
AGM,发送,1,IGF2_IGF2R,Neural crest,IGF2,IGF2R,1.845,0.0
AGM,发送,2,IGF2_IGF1R,Neural crest,IGF2,IGF1R,1.613,0.0
AGM,发送,3,COL3A1_integrin_a1b1_complex,Neural crest,COL3A1,integrin,1.074,0.0
AGM,发送,4,COL3A1_integrin_a11b1_complex,Neural crest,COL3A1,integrin,1.055,0.0
AGM,发送,5,FN1_integrin_a8b1_complex,Neural crest,FN1,integrin,0.871,0.0
AGM,发送,6,COL4A1_integrin_a1b1_complex,Neural crest,COL4A1,integrin,0.847,0.0
AGM,发送,7,FLRT2_ADGRL1,Neural crest,FLRT2,ADGRL1,0.833,0.0
AGM,发送,8,COL4A1_integrin_a11b1_complex,Neural crest,COL4A1,integrin,0.829,0.0
AGM,发送,9,FLRT2_ADGRL3,Neural crest,FLRT2,ADGRL3,0.791,0.0
AGM,发送,10,COL18A1_integrin_a1b1_complex,Neural crest,COL18A1,integrin,0.781,0.011
AGM,发送,11,COL18A1_integrin_a11b1_complex,Neural crest,COL18A1,integrin,0.763,0.005
AGM,发送,12,TENM3_ADGRL2,Neural crest,TENM3,ADGRL2,0.739,0.01
AGM,发送,13,COL2A1_integrin_a11b1_complex,Neural crest,COL2A1,integrin,0.701,0.031
AGM,发送,14,TENM4_ADGRL2,Neural crest,TENM4,ADGRL2,0.698,0.0
AGM,发送,15,SLIT2_ROBO1,Neural crest,SLIT2,ROBO1,0.665,0.002
AGM,发送,16,AGRN_PTPRS,Neural crest,AGRN,PTPRS,0.654,0.016
AGM,发送,17,COL1A2_integrin_a1b1_complex,Neural crest,COL1A2,integrin,0.631,0.0
AGM,发送,18,FLRT3_ADGRL2,Neural crest,FLRT3,ADGRL2,0.63,0.0
AGM,发送,19,APP_FPR2,Neural crest,APP,FPR2,0.621,0.039
AGM,发送,20,COL1A2_integrin_a11b1_complex,Neural crest,COL1A2,integrin,0.613,0.0
AGM,发送,21,LRFN4_PTPRD,Neural crest,LRFN4,PTPRD,0.591,0.0
AGM,发送,22,PDGFC_PDGFRA,Neural crest,PDGFC,PDGFRA,0.584,0.001
AGM,发送,23,NTN1_UNC5C,Neural crest,NTN1,UNC5C,0.582,0.011
AGM,发送,24,APP_TNFRSF21,Neural crest,APP,TNFRSF21,0.563,0.049
AGM,发送,25,TENM2_FLRT3_complex_ADGRL2,Neural crest,TENM2,FLRT3,0.533,0.024
AGM,发送,26,TENM2_ADGRL2,Neural crest,TENM2,ADGRL2,0.533,0.024
AGM,发送,27,COL4A2_integrin_a1b1_complex,Neural crest,COL4A2,integrin,0.532,0.0
AGM,发送,28,COL4A2_integrin_a11b1_complex,Neural crest,COL4A2,integrin,0.514,0.0
AGM,发送,29,SLIT1_ROBO1,Neural crest,SLIT1,ROBO1,0.496,0.0
AGM,发送,30,LRFN4_PTPRS,Neural crest,LRFN4,PTPRS,0.487,0.002
AGM,发送,31,WNT5A_SFRP2,Neural crest,WNT5A,SFRP2,0.485,0.043
AGM,发送,32,SDC1_ADGRA2,Neural crest,SDC1,ADGRA2,0.472,0.0
AGM,发送,33,NCAM1_FGFR1,Neural crest,NCAM1,FGFR1,0.469,0.024
AGM,发送,34,WNT5B_SFRP1,Neural crest,WNT5B,SFRP1,0.466,0.038
AGM,发送,35,EFNA4_EPHA7,Neural crest,EFNA4,EPHA7,0.46,0.05
AGM,发送,36,PDGFA_PDGFRA,Neural crest,PDGFA,PDGFRA,0.455,0.0
AGM,发送,37,CDH5_CDH5,Neural crest,CDH5,CDH5,0.454,0.0
AGM,发送,38,SLITRK6_PTPRS,Neural crest,SLITRK6,PTPRS,0.453,0.0
AGM,发送,39,EFNB1_EPHB2,Neural crest,EFNB1,EPHB2,0.441,0.011
AGM,发送,40,COL1A1_integrin_a1b1_complex,Neural crest,COL1A1,integrin,0.44,0.0
AGM,发送,41,EFNB1_EPHA4,Neural crest,EFNB1,EPHA4,0.43,0.028
AGM,发送,42,WNT7B_SFRP1,Neural crest,WNT7B,SFRP1,0.427,0.03
AGM,发送,43,COL1A1_integrin_a11b1_complex,Neural crest,COL1A1,integrin,0.421,0.0
AGM,发送,44,SEMA6A_PlexinA2_complex1,Neural crest,SEMA6A,PlexinA2,0.4,0.0
AGM,发送,45,WNT5B_SFRP2,Neural crest,WNT5B,SFRP2,0.394,0.004
AGM,发送,46,PDGFB_PDGFRA,Neural crest,PDGFB,PDGFRA,0.39,0.0
AGM,发送,47,SDC2_ADGRA2,Neural crest,SDC2,ADGRA2,0.388,0.0
AGM,发送,48,EFNB1_EPHB4,Neural crest,EFNB1,EPHB4,0.377,0.0
AGM,发送,49,EFNB2_EPHB4,Neural crest,EFNB2,EPHB4,0.377,0.043
AGM,发送,50,WNT7B_SFRP2,Neural crest,WNT7B,SFRP2,0.355,0.003
AGM,发送,51,EFNB1_EPHB3,Neural crest,EFNB1,EPHB3,0.355,0.003
AGM,发送,52,ESAM_ESAM,Neural crest,ESAM,ESAM,0.354,0.005
AGM,发送,53,COL26A1_integrin_a1b1_complex,Neural crest,COL26A1,integrin,0.346,0.009
AGM,发送,54,COL5A1_integrin_a1b1_complex,Neural crest,COL5A1,integrin,0.342,0.022
AGM,发送,55,COL9A1_integrin_a1b1_complex,Neural crest,COL9A1,integrin,0.329,0.029
AGM,发送,56,COL26A1_integrin_a11b1_complex,Neural crest,COL26A1,integrin,0.328,0.002
AGM,发送,57,COL5A1_integrin_a11b1_complex,Neural crest,COL5A1,integrin,0.324,0.004
AGM,发送,58,COL11A1_integrin_a1b1_complex,Neural crest,COL11A1,integrin,0.324,0.028
AGM,发送,59,Glutamate_byGLS_and_SLC1A3_GRM7,Neural crest,Glutamate,byGLS,0.317,0.03
AGM,发送,60,COL5A2_integrin_a11b1_complex,Neural crest,COL5A2,integrin,0.314,0.018
AGM,发送,61,COL9A1_integrin_a11b1_complex,Neural crest,COL9A1,integrin,0.311,0.004
AGM,发送,62,RSPO3_LGR4,Neural crest,RSPO3,LGR4,0.31,0.024
AGM,发送,63,TNC_integrin_a8b1_complex,Neural crest,TNC,integrin,0.307,0.0
AGM,发送,64,COL11A1_integrin_a11b1_complex,Neural crest,COL11A1,integrin,0.306,0.004
AGM,发送,65,SEMA3A_PlexinA2_complex1,Neural crest,SEMA3A,PlexinA2,0.291,0.024
AGM,发送,66,Glutamate_byGLS_and_SLC1A3_GRIK3,Neural crest,Glutamate,byGLS,0.291,0.006
AGM,发送,67,KITLG_KIT,Neural crest,KITLG,KIT,0.273,0.019
AGM,发送,68,SHH_HHIP,Neural crest,SHH,HHIP,0.269,0.014
AGM,发送,69,CD93_IFNGR1,Neural crest,CD93,IFNGR1,0.264,0.0
AGM,发送,70,IGFBP3_TMEM219,Neural crest,IGFBP3,TMEM219,0.261,0.01
AGM,发送,71,WNT5B_FZD1_LRP6,Neural crest,WNT5B,FZD1,0.254,0.048
AGM,发送,72,BMP7_ACVR1_BMPR2,Neural crest,BMP7,ACVR1,0.229,0.014
AGM,发送,73,BMP7_ACVR_1A2A_receptor,Neural crest,BMP7,ACVR,0.229,0.013
AGM,发送,74,SEMA3A_PlexinA3_complex1,Neural crest,SEMA3A,PlexinA3,0.225,0.049
AGM,发送,75,Glutamate_byGLS_and_SLC1A3_GRM8,Neural crest,Glutamate,byGLS,0.225,0.006
AGM,发送,76,PDGFB_PDGFR_complex,Neural crest,PDGFB,PDGFR,0.223,0.03
AGM,发送,77,BMP7_ACVR_1A2B_receptor,Neural crest,BMP7,ACVR,0.218,0.018
AGM,发送,78,WNT7B_FZD1_LRP6,Neural crest,WNT7B,FZD1,0.215,0.029
AGM,发送,79,BMP5_ACVR1_BMPR2,Neural crest,BMP5,ACVR1,0.182,0.047
AGM,发送,80,BMP5_ACVR_1A2A_receptor,Neural crest,BMP5,ACVR,0.182,0.047
AGM,发送,81,WNT5B_FZD4_LRP5,Neural crest,WNT5B,FZD4,0.181,0.011
AGM,发送,82,WNT5B_FZD4_LRP6,Neural crest,WNT5B,FZD4,0.181,0.011
AGM,发送,83,JAG2_VASN,Neural crest,JAG2,VASN,0.149,0.006
AGM,发送,84,WNT7B_FZD4_LRP5,Neural crest,WNT7B,FZD4,0.142,0.006
AGM,发送,85,WNT7B_FZD4_LRP6,Neural crest,WNT7B,FZD4,0.142,0.006
AGM,接收,1,IGF2_IGF2R,Neural crest,IGF2R,IGF2,1.574,0.004
AGM,接收,2,IGF2_IGF1R,Neural crest,IGF1R,IGF2,1.498,0.024
AGM,接收,3,PPIA_BSG,Neural crest,BSG,PPIA,1.132,0.038
AGM,接收,4,FN1_integrin_aVb1_complex,Neural crest,integrin,FN1,0.968,0.001
AGM,接收,5,FN1_integrin_aVb5_complex,Neural crest,integrin,FN1,0.96,0.0
AGM,接收,6,COL3A1_integrin_a1b1_complex,Neural crest,integrin,COL3A1,0.923,0.0
AGM,接收,7,FN1_integrin_a4b1_complex,Neural crest,integrin,FN1,0.873,0.0
AGM,接收,8,COL3A1_integrin_a11b1_complex,Neural crest,integrin,COL3A1,0.868,0.005
AGM,接收,9,FN1_integrin_a11b1_complex,Neural crest,integrin,FN1,0.848,0.0
AGM,接收,10,FN1_integrin_a3b1_complex,Neural crest,integrin,FN1,0.843,0.004
AGM,接收,11,FN1_integrin_a8b1_complex,Neural crest,integrin,FN1,0.834,0.001
AGM,接收,12,EFNA5_EPHA7,Neural crest,EPHA7,EFNA5,0.727,0.0
AGM,接收,13,PDGFC_PDGFRA,Neural crest,PDGFRA,PDGFC,0.708,0.0
AGM,接收,14,EFNA4_EPHA7,Neural crest,EPHA7,EFNA4,0.589,0.0
AGM,接收,15,TENM3_ADGRL1,Neural crest,ADGRL1,TENM3,0.574,0.007
AGM,接收,16,PTPRD_IL1RAPL1,Neural crest,IL1RAPL1,PTPRD,0.553,0.0
AGM,接收,17,EFNA1_EPHA7,Neural crest,EPHA7,EFNA1,0.552,0.0
AGM,接收,18,TENM3_ADGRL3,Neural crest,ADGRL3,TENM3,0.547,0.046
AGM,接收,19,WNT5A_ROR2,Neural crest,ROR2,WNT5A,0.538,0.0
AGM,接收,20,atRetinoicAcid_byALDH1A2_RAreceptor_RXRB,Neural crest,byALDH1A2,atRetinoicAcid,0.535,0.0
AGM,接收,21,EFNA2_EPHA7,Neural crest,EPHA7,EFNA2,0.533,0.0
AGM,接收,22,WNT5A_SFRP2,Neural crest,SFRP2,WNT5A,0.517,0.006
AGM,接收,23,WNT5A_FZD2_LRP6,Neural crest,FZD2,WNT5A,0.501,0.0
AGM,接收,24,WNT5A_FZD3_LRP6,Neural crest,FZD3,WNT5A,0.501,0.0
AGM,接收,25,atRetinoicAcid_byALDH1A2_RAreceptor_RARA_RXRA,Neural crest,byALDH1A2,atRetinoicAcid,0.493,0.0
AGM,接收,26,atRetinoicAcid_byALDH1A2_RAreceptor_RXRA,Neural crest,byALDH1A2,atRetinoicAcid,0.493,0.0
AGM,接收,27,atRetinoicAcid_byALDH1A2_RAreceptor_RARA,Neural crest,byALDH1A2,atRetinoicAcid,0.493,0.0
AGM,接收,28,WNT5A_FRZB,Neural crest,FRZB,WNT5A,0.491,0.0
AGM,接收,29,WNT5A_FZD7_LRP6,Neural crest,FZD7,WNT5A,0.478,0.0
AGM,接收,30,BMP4_BMPR1A_BMPR2,Neural crest,BMPR1A,BMP4,0.474,0.017
AGM,接收,31,WNT5A_ROR1,Neural crest,ROR1,WNT5A,0.465,0.0
AGM,接收,32,PTPRS_NTRK3,Neural crest,NTRK3,PTPRS,0.464,0.001
AGM,接收,33,COL19A1_integrin_a1b1_complex,Neural crest,integrin,COL19A1,0.462,0.014
AGM,接收,34,atRetinoicAcid_byALDH1A2_RAreceptor_RARB_RXRB,Neural crest,byALDH1A2,atRetinoicAcid,0.457,0.0
AGM,接收,35,atRetinoicAcid_byALDH1A2_RAreceptor_RARB,Neural crest,byALDH1A2,atRetinoicAcid,0.457,0.0
AGM,接收,36,CDH5_CDH5,Neural crest,CDH5,CDH5,0.454,0.0
AGM,接收,37,WNT5A_FZD2_LRP5,Neural crest,FZD2,WNT5A,0.453,0.0
AGM,接收,38,WNT5A_FZD3_LRP5,Neural crest,FZD3,WNT5A,0.453,0.0
AGM,接收,39,WNT5A_FZD7_LRP5,Neural crest,FZD7,WNT5A,0.453,0.0
AGM,接收,40,atRetinoicAcid_byALDH1A2_RAreceptor_RARG,Neural crest,byALDH1A2,atRetinoicAcid,0.448,0.0
AGM,接收,41,TNC_integrin_a9b1_complex,Neural crest,integrin,TNC,0.444,0.0
AGM,接收,42,VEGFA_KDR,Neural crest,KDR,VEGFA,0.436,0.003
AGM,接收,43,EFNB2_EPHB4,Neural crest,EPHB4,EFNB2,0.426,0.002
AGM,接收,44,VCAM1_integrin_a9b1_complex,Neural crest,integrin,VCAM1,0.423,0.0
AGM,接收,45,JAG1_NOTCH2,Neural crest,NOTCH2,JAG1,0.417,0.015
AGM,接收,46,WNT5A_FZD10_LRP5,Neural crest,FZD10,WNT5A,0.415,0.0
AGM,接收,47,WNT5A_FZD10_LRP6,Neural crest,FZD10,WNT5A,0.415,0.0
AGM,接收,48,WNT5A_FZD6_LRP6,Neural crest,FZD6,WNT5A,0.41,0.0
AGM,接收,49,WNT5A_FZD6_LRP5,Neural crest,FZD6,WNT5A,0.41,0.0
AGM,接收,50,SDC1_ADGRA2,Neural crest,ADGRA2,SDC1,0.403,0.029
AGM,接收,51,COL5A2_integrin_a1b1_complex,Neural crest,integrin,COL5A2,0.393,0.0
AGM,接收,52,Cholesterol_byLIPA_RORA,Neural crest,byLIPA,Cholesterol,0.378,0.0
AGM,接收,53,GJC1_GJA5,Neural crest,GJA5,GJC1,0.37,0.011
AGM,接收,54,EFNB1_EPHB4,Neural crest,EPHB4,EFNB1,0.367,0.012
AGM,接收,55,VEGFC_KDR,Neural crest,KDR,VEGFC,0.363,0.001
AGM,接收,56,BMP4_BMR1B_AVR2B,Neural crest,BMR1B,BMP4,0.361,0.019
AGM,接收,57,BMP4_BMPR1B_BMPR2,Neural crest,BMPR1B,BMP4,0.361,0.019
AGM,接收,58,EFNB2_EPHB3,Neural crest,EPHB3,EFNB2,0.36,0.05
AGM,接收,59,ESAM_ESAM,Neural crest,ESAM,ESAM,0.354,0.005
AGM,接收,60,BMP4_BMR1B_AVR2A,Neural crest,BMR1B,BMP4,0.348,0.034
AGM,接收,61,COL5A2_integrin_a11b1_complex,Neural crest,integrin,COL5A2,0.338,0.014
AGM,接收,62,RSPO1_LGR4,Neural crest,LGR4,RSPO1,0.318,0.0
AGM,接收,63,VEGFA_FLT1,Neural crest,FLT1,VEGFA,0.316,0.01
AGM,接收,64,VEGFA_FLT1_complex,Neural crest,FLT1,VEGFA,0.316,0.01
AGM,接收,65,VEGFA_NRP1,Neural crest,NRP1,VEGFA,0.315,0.027
AGM,接收,66,RSPO2_LGR4,Neural crest,LGR4,RSPO2,0.311,0.0
AGM,接收,67,WNT4_SFRP2,Neural crest,SFRP2,WNT4,0.306,0.008
AGM,接收,68,PDGFD_PDGFR_complex,Neural crest,PDGFR,PDGFD,0.302,0.0
AGM,接收,69,PDGFD_PDGFRB,Neural crest,PDGFRB,PDGFD,0.302,0.0
AGM,接收,70,WNT4_FZD2_LRP6,Neural crest,FZD2,WNT4,0.289,0.0
AGM,接收,71,WNT4_FZD3_LRP6,Neural crest,FZD3,WNT4,0.289,0.0
AGM,接收,72,TGFB2_TGFBR3,Neural crest,TGFBR3,TGFB2,0.287,0.0
AGM,接收,73,RSPO1_Kremen1_LRP6,Neural crest,Kremen1,RSPO1,0.281,0.0
AGM,接收,74,WNT4_FRZB,Neural crest,FRZB,WNT4,0.279,0.0
AGM,接收,75,WNT4_FZD7_LRP6,Neural crest,FZD7,WNT4,0.267,0.0
AGM,接收,76,EFNA4_EPHA3,Neural crest,EPHA3,EFNA4,0.265,0.046
AGM,接收,77,EDN3_EDNRA,Neural crest,EDNRA,EDN3,0.261,0.0
AGM,接收,78,WNT5B_FRZB,Neural crest,FRZB,WNT5B,0.256,0.009
AGM,接收,79,TGFB2_TGFbeta_receptor1,Neural crest,TGFbeta,TGFB2,0.256,0.0
AGM,接收,80,COL4A5_integrin_a1b1_complex,Neural crest,integrin,COL4A5,0.255,0.013
AGM,接收,81,COL4A6_integrin_a1b1_complex,Neural crest,integrin,COL4A6,0.243,0.0
AGM,接收,82,WNT4_FZD7_LRP5,Neural crest,FZD7,WNT4,0.242,0.0
AGM,接收,83,WNT4_FZD3_LRP5,Neural crest,FZD3,WNT4,0.242,0.0
AGM,接收,84,WNT4_FZD2_LRP5,Neural crest,FZD2,WNT4,0.242,0.0
AGM,接收,85,WNT2_FZD3_LRP6,Neural crest,FZD3,WNT2,0.237,0.0
AGM,接收,86,WNT2_FZD2_LRP6,Neural crest,FZD2,WNT2,0.237,0.0
AGM,接收,87,COL27A1_integrin_a1b1_complex,Neural crest,integrin,COL27A1,0.233,0.0
AGM,接收,88,WNT2_FRZB,Neural crest,FRZB,WNT2,0.227,0.0
AGM,接收,89,WNT4_FZD1_LRP6,Neural crest,FZD1,WNT4,0.222,0.003
AGM,接收,90,WNT4_FZD1_LRP5,Neural crest,FZD1,WNT4,0.222,0.0
AGM,接收,91,TGFB2_TGFbeta_receptor2,Neural crest,TGFbeta,TGFB2,0.221,0.018
AGM,接收,92,PGF_NRP2,Neural crest,NRP2,PGF,0.219,0.006
AGM,接收,93,WNT2_FZD7_LRP6,Neural crest,FZD7,WNT2,0.215,0.002
AGM,接收,94,COL15A1_integrin_a1b1_complex,Neural crest,integrin,COL15A1,0.212,0.0
AGM,接收,95,WNT4_FZD10_LRP5,Neural crest,FZD10,WNT4,0.203,0.0
AGM,接收,96,WNT4_FZD10_LRP6,Neural crest,FZD10,WNT4,0.203,0.0
AGM,接收,97,WNT7B_FRZB,Neural crest,FRZB,WNT7B,0.203,0.009
AGM,接收,98,TNC_integrin_a4b1_complex,Neural crest,integrin,TNC,0.201,0.002
AGM,接收,99,PGF_FLT1,Neural crest,FLT1,PGF,0.199,0.0
AGM,接收,100,PGF_NRP1,Neural crest,NRP1,PGF,0.199,0.0
Brain,发送,1,IGF2_IGF1R,Neural crest,IGF2,IGF1R,1.613,0.0
Brain,发送,2,IGF2_IGF2R,Neural crest,IGF2,IGF2R,1.476,0.038
Brain,发送,3,COL3A1_ADGRG1,Neural crest,COL3A1,ADGRG1,1.274,0.0
Brain,发送,4,COL3A1_integrin_a1b1_complex,Neural crest,COL3A1,integrin,1.064,0.0
Brain,发送,5,COL3A1_integrin_a11b1_complex,Neural crest,COL3A1,integrin,1.042,0.0
Brain,发送,6,DLK1_NOTCH1,Neural crest,DLK1,NOTCH1,0.966,0.0
Brain,发送,7,COL4A1_integrin_a1b1_complex,Neural crest,COL4A1,integrin,0.838,0.0
Brain,发送,8,FLRT2_ADGRL3,Neural crest,FLRT2,ADGRL3,0.827,0.0
Brain,发送,9,COL4A1_integrin_a11b1_complex,Neural crest,COL4A1,integrin,0.816,0.0
Brain,发送,10,LRFN4_PTPRF,Neural crest,LRFN4,PTPRF,0.812,0.001
Brain,发送,11,CADM1_CADM1,Neural crest,CADM1,CADM1,0.802,0.0
Brain,发送,12,FLRT2_ADGRL1,Neural crest,FLRT2,ADGRL1,0.787,0.0
Brain,发送,13,COL18A1_integrin_a1b1_complex,Neural crest,COL18A1,integrin,0.772,0.003
Brain,发送,14,COL18A1_integrin_a11b1_complex,Neural crest,COL18A1,integrin,0.75,0.001
Brain,发送,15,CADM1_NECTIN3,Neural crest,CADM1,NECTIN3,0.722,0.028
Brain,发送,16,DLK1_NOTCH3,Neural crest,DLK1,NOTCH3,0.72,0.004
Brain,发送,17,NTN1_DCC,Neural crest,NTN1,DCC,0.693,0.0
Brain,发送,18,COL2A1_integrin_a11b1_complex,Neural crest,COL2A1,integrin,0.688,0.038
Brain,发送,19,CDH2_CDH2,Neural crest,CDH2,CDH2,0.684,0.0
Brain,发送,20,APP_FPR2,Neural crest,APP,FPR2,0.623,0.003
Brain,发送,21,COL1A2_integrin_a1b1_complex,Neural crest,COL1A2,integrin,0.621,0.0
Brain,发送,22,TENM4_ADGRL2,Neural crest,TENM4,ADGRL2,0.612,0.019
Brain,发送,23,EFNA5_EPHB2,Neural crest,EFNA5,EPHB2,0.602,0.0
Brain,发送,24,COL1A2_integrin_a11b1_complex,Neural crest,COL1A2,integrin,0.6,0.0
Brain,发送,25,WNT5A_SFRP2,Neural crest,WNT5A,SFRP2,0.593,0.0
Brain,发送,26,APP_TNFRSF21,Neural crest,APP,TNFRSF21,0.588,0.001
Brain,发送,27,NECTIN2_NECTIN3,Neural crest,NECTIN2,NECTIN3,0.582,0.006
Brain,发送,28,WNT5A_SFRP1,Neural crest,WNT5A,SFRP1,0.569,0.001
Brain,发送,29,JAG1_NOTCH1,Neural crest,JAG1,NOTCH1,0.549,0.0
Brain,发送,30,EFNA5_EPHA4,Neural crest,EFNA5,EPHA4,0.547,0.011
Brain,发送,31,FLRT3_ADGRL2,Neural crest,FLRT3,ADGRL2,0.544,0.003
Brain,发送,32,EFNB3_EPHB2,Neural crest,EFNB3,EPHB2,0.534,0.003
Brain,发送,33,COL4A2_integrin_a1b1_complex,Neural crest,COL4A2,integrin,0.522,0.0
Brain,发送,34,EFNB1_EPHB2,Neural crest,EFNB1,EPHB2,0.521,0.0
Brain,发送,35,EFNB2_EPHB2,Neural crest,EFNB2,EPHB2,0.52,0.0
Brain,发送,36,CXCL12_CXCR4,Neural crest,CXCL12,CXCR4,0.517,0.0
Brain,发送,37,WNT5B_SFRP2,Neural crest,WNT5B,SFRP2,0.503,0.0
Brain,发送,38,COL4A2_integrin_a11b1_complex,Neural crest,COL4A2,integrin,0.501,0.0
Brain,发送,39,JAG2_NOTCH1,Neural crest,JAG2,NOTCH1,0.494,0.0
Brain,发送,40,WNT5B_SFRP1,Neural crest,WNT5B,SFRP1,0.479,0.0
Brain,发送,41,EFNB1_EPHA4,Neural crest,EFNB1,EPHA4,0.466,0.0
Brain,发送,42,EFNB2_EPHA4,Neural crest,EFNB2,EPHA4,0.466,0.001
Brain,发送,43,WNT7B_SFRP2,Neural crest,WNT7B,SFRP2,0.464,0.0
Brain,发送,44,WNT7B_SFRP1,Neural crest,WNT7B,SFRP1,0.439,0.0
Brain,发送,45,EFNA5_EPHA3,Neural crest,EFNA5,EPHA3,0.433,0.014
Brain,发送,46,COL1A1_integrin_a1b1_complex,Neural crest,COL1A1,integrin,0.43,0.0
Brain,发送,47,LRFN4_PTPRS,Neural crest,LRFN4,PTPRS,0.425,0.015
Brain,发送,48,VTN_integrin_aVb1_complex,Neural crest,VTN,integrin,0.42,0.017
Brain,发送,49,COL1A1_integrin_a11b1_complex,Neural crest,COL1A1,integrin,0.409,0.0
Brain,发送,50,EFNA5_EPHA5,Neural crest,EFNA5,EPHA5,0.406,0.004
Brain,发送,51,SLITRK6_PTPRS,Neural crest,SLITRK6,PTPRS,0.391,0.003
Brain,发送,52,EFNA4_EPHA4,Neural crest,EFNA4,EPHA4,0.387,0.0
Brain,发送,53,TGM2_ADGRG1,Neural crest,TGM2,ADGRG1,0.376,0.0
Brain,发送,54,Glutamate_byGLS_and_SLC1A3_GRIK2,Neural crest,Glutamate,byGLS,0.359,0.0
Brain,发送,55,EFNA1_EPHA4,Neural crest,EFNA1,EPHA4,0.353,0.0
Brain,发送,56,RSPO3_LGR4,Neural crest,RSPO3,LGR4,0.339,0.0
Brain,发送,57,COL26A1_integrin_a1b1_complex,Neural crest,COL26A1,integrin,0.336,0.0
Brain,发送,58,COL5A1_integrin_a1b1_complex,Neural crest,COL5A1,integrin,0.333,0.002
Brain,发送,59,Glutamate_byGLS_and_SLC1A3_GRM7,Neural crest,Glutamate,byGLS,0.332,0.0
Brain,发送,60,WNT5A_FZD10_LRP6,Neural crest,WNT5A,FZD10,0.33,0.013
Brain,发送,61,LRPAP1_SORT1,Neural crest,LRPAP1,SORT1,0.328,0.042
Brain,发送,62,BMP7_BMR1A_AVR2B,Neural crest,BMP7,BMR1A,0.323,0.0
Brain,发送,63,COL5A2_integrin_a1b1_complex,Neural crest,COL5A2,integrin,0.322,0.043
Brain,发送,64,COL9A1_integrin_a1b1_complex,Neural crest,COL9A1,integrin,0.319,0.01
Brain,发送,65,NRG3_ERBB4,Neural crest,NRG3,ERBB4,0.318,0.0
Brain,发送,66,IGFBP3_TMEM219,Neural crest,IGFBP3,TMEM219,0.316,0.0
Brain,发送,67,COL11A1_integrin_a1b1_complex,Neural crest,COL11A1,integrin,0.315,0.008
Brain,发送,68,COL26A1_integrin_a11b1_complex,Neural crest,COL26A1,integrin,0.315,0.0
Brain,发送,69,COL5A1_integrin_a11b1_complex,Neural crest,COL5A1,integrin,0.311,0.0
Brain,发送,70,ESAM_ESAM,Neural crest,ESAM,ESAM,0.31,0.002
Brain,发送,71,Glutamate_byGLS_and_SLC1A3_GRIK3,Neural crest,Glutamate,byGLS,0.307,0.0
Brain,发送,72,BMP7_BMR1A_ACR2A,Neural crest,BMP7,BMR1A,0.305,0.001
Brain,发送,73,EFNB1_EPHB1,Neural crest,EFNB1,EPHB1,0.304,0.0
Brain,发送,74,EFNB2_EPHB1,Neural crest,EFNB2,EPHB1,0.303,0.001
Brain,发送,75,COL5A2_integrin_a11b1_complex,Neural crest,COL5A2,integrin,0.301,0.011
Brain,发送,76,NLGN1_NRXN1,Neural crest,NLGN1,NRXN1,0.299,0.0
Brain,发送,77,COL9A1_integrin_a11b1_complex,Neural crest,COL9A1,integrin,0.298,0.001
Brain,发送,78,COL11A1_integrin_a11b1_complex,Neural crest,COL11A1,integrin,0.293,0.0
Brain,发送,79,Glutamate_byGLS_and_SLC1A3_GRIA4,Neural crest,Glutamate,byGLS,0.292,0.0
Brain,发送,80,BMP5_BMR1A_AVR2B,Neural crest,BMP5,BMR1A,0.275,0.001
Brain,发送,81,EFNA4_EPHA3,Neural crest,EFNA4,EPHA3,0.273,0.002
Brain,发送,82,KITLG_KIT,Neural crest,KITLG,KIT,0.271,0.0
Brain,发送,83,integrin_aVb5_complex_ADGRB1,Neural crest,integrin,aVb5,0.263,0.0
Brain,发送,84,Glutamate_byGLS_and_SLC1A3_GRM3,Neural crest,Glutamate,byGLS,0.259,0.0
Brain,发送,85,CLSTN1_NRXN1,Neural crest,CLSTN1,NRXN1,0.258,0.025
Brain,发送,86,BMP5_BMR1A_ACR2A,Neural crest,BMP5,BMR1A,0.258,0.004
Brain,发送,87,NLGN1_NRXN2,Neural crest,NLGN1,NRXN2,0.252,0.013
Brain,发送,88,GDF11_TGFR_AVR2B,Neural crest,GDF11,TGFR,0.25,0.031
Brain,发送,89,JAG2_NOTCH3,Neural crest,JAG2,NOTCH3,0.248,0.001
Brain,发送,90,EFNA4_EPHA5,Neural crest,EFNA4,EPHA5,0.246,0.0
Brain,发送,91,WNT5B_FZD10_LRP6,Neural crest,WNT5B,FZD10,0.24,0.0
Brain,发送,92,Glutamate_byGLS_and_SLC1A3_GRM8,Neural crest,Glutamate,byGLS,0.239,0.0
Brain,发送,93,EFNA1_EPHA3,Neural crest,EFNA1,EPHA3,0.239,0.0
Brain,发送,94,Glutamate_byGLS_and_SLC1A3_Glutamate_Kainate_2_5_complex,Neural crest,Glutamate,byGLS,0.236,0.0
Brain,发送,95,Glutamate_byGLS_and_SLC1A3_Glutamate_Kainate_3_5_complex,Neural crest,Glutamate,byGLS,0.236,0.0
Brain,发送,96,WNT5B_FZD10_LRP5,Neural crest,WNT5B,FZD10,0.228,0.0
Brain,发送,97,Desmosterol_byDHCR7_NR1H2,Neural crest,Desmosterol,byDHCR7,0.223,0.02
Brain,发送,98,CD93_IFNGR1,Neural crest,CD93,IFNGR1,0.216,0.001
Brain,发送,99,EFNA1_EPHA5,Neural crest,EFNA1,EPHA5,0.212,0.0
Brain,发送,100,WNT7B_FZD10_LRP6,Neural crest,WNT7B,FZD10,0.2,0.0
Brain,接收,1,PPIA_BSG,Neural crest,BSG,PPIA,1.153,0.0
Brain,接收,2,CADM1_CADM1,Neural crest,CADM1,CADM1,0.802,0.0
Brain,接收,3,CDH2_CDH2,Neural crest,CDH2,CDH2,0.684,0.0
Brain,接收,4,EFNA5_EPHA7,Neural crest,EPHA7,EFNA5,0.647,0.0
Brain,接收,5,NTN1_UNC5C,Neural crest,UNC5C,NTN1,0.557,0.003
Brain,接收,6,EFNA2_EPHA7,Neural crest,EPHA7,EFNA2,0.541,0.0
Brain,接收,7,TENM3_ADGRL1,Neural crest,ADGRL1,TENM3,0.531,0.015
Brain,接收,8,TENM2_ADGRL2,Neural crest,ADGRL2,TENM2,0.515,0.001
Brain,接收,9,EFNA4_EPHA7,Neural crest,EPHA7,EFNA4,0.511,0.0
Brain,接收,10,EFNB3_EPHB4,Neural crest,EPHB4,EFNB3,0.501,0.0
Brain,接收,11,DLL1_NOTCH2,Neural crest,NOTCH2,DLL1,0.5,0.0
Brain,接收,12,NRXN1_DAG1,Neural crest,DAG1,NRXN1,0.497,0.0
Brain,接收,13,DLL1_NOTCH1,Neural crest,NOTCH1,DLL1,0.462,0.0
Brain,接收,14,EFNA1_EPHA7,Neural crest,EPHA7,EFNA1,0.46,0.0
Brain,接收,15,NRXN2_DAG1,Neural crest,DAG1,NRXN2,0.45,0.043
Brain,接收,16,NCAM1_FGFR1,Neural crest,FGFR1,NCAM1,0.448,0.013
Brain,接收,17,EFNB3_EPHB3,Neural crest,EPHB3,EFNB3,0.436,0.003
Brain,接收,18,WNT5A_ROR2,Neural crest,ROR2,WNT5A,0.43,0.0
Brain,接收,19,VEGFA_KDR,Neural crest,KDR,VEGFA,0.427,0.0
Brain,接收,20,DLL3_NOTCH2,Neural crest,NOTCH2,DLL3,0.421,0.0
Brain,接收,21,JAG1_NOTCH2,Neural crest,NOTCH2,JAG1,0.417,0.001
Brain,接收,22,JAM2_JAM3,Neural crest,JAM3,JAM2,0.403,0.003
Brain,接收,23,PTPRS_NTRK3,Neural crest,NTRK3,PTPRS,0.402,0.008
Brain,接收,24,NTN1_UNC5B,Neural crest,UNC5B,NTN1,0.394,0.007
Brain,接收,25,WNT5A_FZD2_LRP6,Neural crest,FZD2,WNT5A,0.393,0.018
Brain,接收,26,WNT5A_FZD3_LRP6,Neural crest,FZD3,WNT5A,0.393,0.018
Brain,接收,27,TENM2_ADGRL1,Neural crest,ADGRL1,TENM2,0.389,0.0
Brain,接收,28,DLL3_NOTCH1,Neural crest,NOTCH1,DLL3,0.383,0.0
Brain,接收,29,WNT5A_FRZB,Neural crest,FRZB,WNT5A,0.383,0.0
Brain,接收,30,TENM2_ADGRL3,Neural crest,ADGRL3,TENM2,0.362,0.0
Brain,接收,31,DLL1_NOTCH3,Neural crest,NOTCH3,DLL1,0.358,0.0
Brain,接收,32,WNT5A_ROR1,Neural crest,ROR1,WNT5A,0.357,0.0
Brain,接收,33,Cholesterol_byDHCR7_RORA,Neural crest,byDHCR7,Cholesterol,0.341,0.002
Brain,接收,34,VEGFB_FLT1_complex,Neural crest,FLT1,VEGFB,0.34,0.0
Brain,接收,35,VEGFB_FLT1,Neural crest,FLT1,VEGFB,0.34,0.0
Brain,接收,36,VEGFB_NRP1,Neural crest,NRP1,VEGFB,0.34,0.0
Brain,接收,37,GJC1_GJA5,Neural crest,GJA5,GJC1,0.329,0.006
Brain,接收,38,JAM2_integrin_a4b1_complex,Neural crest,integrin,JAM2,0.324,0.0
Brain,接收,39,JAG2_NOTCH2,Neural crest,NOTCH2,JAG2,0.32,0.002
Brain,接收,40,ESAM_ESAM,Neural crest,ESAM,ESAM,0.31,0.002
Brain,接收,41,CLSTN1_NRXN3,Neural crest,NRXN3,CLSTN1,0.306,0.024
Brain,接收,42,VEGFA_FLT1,Neural crest,FLT1,VEGFA,0.306,0.001
Brain,接收,43,VEGFA_FLT1_complex,Neural crest,FLT1,VEGFA,0.306,0.001
Brain,接收,44,VEGFA_NRP1,Neural crest,NRP1,VEGFA,0.306,0.002
Brain,接收,45,WNT5A_FZD6_LRP6,Neural crest,FZD6,WNT5A,0.302,0.0
Brain,接收,46,WNT5A_FZD6_LRP5,Neural crest,FZD6,WNT5A,0.302,0.0
Brain,接收,47,NRXN3_ADGRL1,Neural crest,ADGRL1,NRXN3,0.3,0.04
Brain,接收,48,NRXN1_ADGRL1,Neural crest,ADGRL1,NRXN1,0.291,0.0
Brain,接收,49,Glutamate_byGLS_and_SLC1A2_GRM7,Neural crest,byGLS,Glutamate,0.289,0.0
Brain,接收,50,DLL3_NOTCH3,Neural crest,NOTCH3,DLL3,0.279,0.0
Brain,接收,51,Glutamate_byGLS_and_SLC1A2_GRIA4,Neural crest,byGLS,Glutamate,0.264,0.0
Brain,接收,52,COL4A5_integrin_a1b1_complex,Neural crest,integrin,COL4A5,0.259,0.0
Brain,接收,53,Glutamate_byGLS_and_SLC1A2_GRIK2,Neural crest,byGLS,Glutamate,0.247,0.0
Brain,接收,54,NRXN2_ADGRL1,Neural crest,ADGRL1,NRXN2,0.244,0.0
Brain,接收,55,WNT5B_FRZB,Neural crest,FRZB,WNT5B,0.244,0.0
Brain,接收,56,WNT7B_FZD2_LRP6,Neural crest,FZD2,WNT7B,0.231,0.006
Brain,接收,57,WNT7B_FZD3_LRP6,Neural crest,FZD3,WNT7B,0.231,0.006
Brain,接收,58,WNT7B_FRZB,Neural crest,FRZB,WNT7B,0.221,0.0
Brain,接收,59,Glutamate_byGLS_and_SLC1A2_GRIK3,Neural crest,byGLS,Glutamate,0.211,0.0
Brain,接收,60,Glutamate_byGLS_and_SLC1A2_GRIA3,Neural crest,byGLS,Glutamate,0.209,0.0
Brain,接收,61,WNT7A_FZD2_LRP6,Neural crest,FZD2,WNT7A,0.209,0.002
Brain,接收,62,WNT7A_FZD3_LRP6,Neural crest,FZD3,WNT7A,0.209,0.002
Brain,接收,63,COL4A5_integrin_a11b1_complex,Neural crest,integrin,COL4A5,0.204,0.0
Brain,接收,64,COL4A5_ADGRG6,Neural crest,ADGRG6,COL4A5,0.202,0.0
Brain,接收,65,WNT7A_FRZB,Neural crest,FRZB,WNT7A,0.199,0.0
Brain,接收,66,Glutamate_byGLS_and_SLC1A2_GRIK1,Neural crest,byGLS,Glutamate,0.188,0.0
Brain,接收,67,Glutamate_byGLS_and_SLC1A2_Glutamate_Kainate_1_5_complex,Neural crest,byGLS,Glutamate,0.181,0.0
Brain,接收,68,Glutamate_byGLS_and_SLC1A2_Glutamate_Kainate_2_5_complex,Neural crest,byGLS,Glutamate,0.181,0.0
Brain,接收,69,Glutamate_byGLS_and_SLC1A2_Glutamate_Kainate_3_5_complex,Neural crest,byGLS,Glutamate,0.181,0.0
Brain,接收,70,WNT5B_FZD6_LRP6,Neural crest,FZD6,WNT5B,0.163,0.005
Brain,接收,71,WNT5B_FZD6_LRP5,Neural crest,FZD6,WNT5B,0.163,0.005
Brain,接收,72,PECAM1_CD38,Neural crest,CD38,PECAM1,0.163,0.034
Brain,接收,73,PRNP_ADGRG6,Neural crest,ADGRG6,PRNP,0.145,0.002
Brain,接收,74,WNT7B_FZD6_LRP6,Neural crest,FZD6,WNT7B,0.14,0.0
Brain,接收,75,WNT7B_FZD6_LRP5,Neural crest,FZD6,WNT7B,0.14,0.0
Brain,接收,76,WNT7A_FZD6_LRP6,Neural crest,FZD6,WNT7A,0.118,0.0
Brain,接收,77,WNT7A_FZD6_LRP5,Neural crest,FZD6,WNT7A,0.118,0.0
Brain,接收,78,LPAR2_ADGRE5,Neural crest,ADGRE5,LPAR2,0.111,0.02
Branchial arch,发送,1,IGF2_IGF2R,Neural crest,IGF2,IGF2R,1.826,0.0
Branchial arch,发送,2,IGF2_IGF1R,Neural crest,IGF2,IGF1R,1.683,0.0
Branchial arch,发送,3,COL3A1_ADGRG1,Neural crest,COL3A1,ADGRG1,1.088,0.0
Branchial arch,发送,4,COL3A1_integrin_a1b1_complex,Neural crest,COL3A1,integrin,1.073,0.0
Branchial arch,发送,5,COL3A1_integrin_a11b1_complex,Neural crest,COL3A1,integrin,1.069,0.0
Branchial arch,发送,6,FLRT2_ADGRL1,Neural crest,FLRT2,ADGRL1,0.867,0.0
Branchial arch,发送,7,FLRT2_ADGRL3,Neural crest,FLRT2,ADGRL3,0.851,0.0
Branchial arch,发送,8,COL4A1_integrin_a1b1_complex,Neural crest,COL4A1,integrin,0.847,0.0
Branchial arch,发送,9,FN1_integrin_aVb5_complex,Neural crest,FN1,integrin,0.847,0.023
Branchial arch,发送,10,COL4A1_integrin_a11b1_complex,Neural crest,COL4A1,integrin,0.842,0.0
Branchial arch,发送,11,MPZL1_MPZL1,Neural crest,MPZL1,MPZL1,0.837,0.0
Branchial arch,发送,12,FN1_integrin_a3b1_complex,Neural crest,FN1,integrin,0.832,0.0
Branchial arch,发送,13,LRFN4_PTPRF,Neural crest,LRFN4,PTPRF,0.82,0.006
Branchial arch,发送,14,COL18A1_integrin_a1b1_complex,Neural crest,COL18A1,integrin,0.781,0.005
Branchial arch,发送,15,COL18A1_integrin_a11b1_complex,Neural crest,COL18A1,integrin,0.776,0.0
Branchial arch,发送,16,CADM1_NECTIN3,Neural crest,CADM1,NECTIN3,0.727,0.05
Branchial arch,发送,17,DLK1_NOTCH3,Neural crest,DLK1,NOTCH3,0.724,0.002
Branchial arch,发送,18,COL2A1_integrin_a11b1_complex,Neural crest,COL2A1,integrin,0.715,0.007
Branchial arch,发送,19,NTN1_UNC5C,Neural crest,NTN1,UNC5C,0.708,0.0
Branchial arch,发送,20,TENM4_ADGRL2,Neural crest,TENM4,ADGRL2,0.634,0.01
Branchial arch,发送,21,COL1A2_integrin_a1b1_complex,Neural crest,COL1A2,integrin,0.63,0.0
Branchial arch,发送,22,COL1A2_integrin_a11b1_complex,Neural crest,COL1A2,integrin,0.626,0.0
Branchial arch,发送,23,APP_FPR2,Neural crest,APP,FPR2,0.608,0.037
Branchial arch,发送,24,NECTIN2_NECTIN3,Neural crest,NECTIN2,NECTIN3,0.587,0.029
Branchial arch,发送,25,APP_SORL1,Neural crest,APP,SORL1,0.584,0.0
Branchial arch,发送,26,BMPR1B_BMPR2_BMPR1A,Neural crest,BMPR1B,BMPR2,0.579,0.0
Branchial arch,发送,27,FLRT3_ADGRL2,Neural crest,FLRT3,ADGRL2,0.566,0.003
Branchial arch,发送,28,IGF1_IGF1R,Neural crest,IGF1,IGF1R,0.557,0.0
Branchial arch,发送,29,IGF1_IGF1R_enhancerComGPC3,Neural crest,IGF1,IGF1R,0.557,0.0
Branchial arch,发送,30,DAG1_NRXN3,Neural crest,DAG1,NRXN3,0.556,0.004
Branchial arch,发送,31,APP_PLXNA4,Neural crest,APP,PLXNA4,0.542,0.0
Branchial arch,发送,32,COL4A2_integrin_a1b1_complex,Neural crest,COL4A2,integrin,0.532,0.0
Branchial arch,发送,33,COL4A2_integrin_a11b1_complex,Neural crest,COL4A2,integrin,0.527,0.0
Branchial arch,发送,34,LAMC1_integrin_a6b1_complex,Neural crest,LAMC1,integrin,0.519,0.0
Branchial arch,发送,35,PDGFC_PDGFRA,Neural crest,PDGFC,PDGFRA,0.504,0.01
Branchial arch,发送,36,VTN_integrin_aVb1_complex,Neural crest,VTN,integrin,0.482,0.0
Branchial arch,发送,37,NTN1_UNC5B,Neural crest,NTN1,UNC5B,0.476,0.0
Branchial arch,发送,38,BMP4_BMPR1A_BMPR2,Neural crest,BMP4,BMPR1A,0.476,0.002
Branchial arch,发送,39,TENM4_ADGRL1,Neural crest,TENM4,ADGRL1,0.454,0.019
Branchial arch,发送,40,EFNB1_EPHA4,Neural crest,EFNB1,EPHA4,0.453,0.0
Branchial arch,发送,41,EFNB2_EPHA4,Neural crest,EFNB2,EPHA4,0.453,0.026
Branchial arch,发送,42,BMP7_BMPR1A_BMPR2,Neural crest,BMP7,BMPR1A,0.449,0.0
Branchial arch,发送,43,COL1A1_integrin_a1b1_complex,Neural crest,COL1A1,integrin,0.439,0.0
Branchial arch,发送,44,COL1A1_integrin_a11b1_complex,Neural crest,COL1A1,integrin,0.435,0.0
Branchial arch,发送,45,CDH5_CDH5,Neural crest,CDH5,CDH5,0.426,0.001
Branchial arch,发送,46,WNT5A_FRZB,Neural crest,WNT5A,FRZB,0.415,0.0
Branchial arch,发送,47,SDC1_ADGRA2,Neural crest,SDC1,ADGRA2,0.412,0.0
Branchial arch,发送,48,EFNB1_EPHB4,Neural crest,EFNB1,EPHB4,0.408,0.0
Branchial arch,发送,49,EFNB2_EPHB4,Neural crest,EFNB2,EPHB4,0.407,0.0
Branchial arch,发送,50,BMP5_BMPR1A_BMPR2,Neural crest,BMP5,BMPR1A,0.401,0.0
Branchial arch,发送,51,TENM4_FLRT3_complex_ADGRL1,Neural crest,TENM4,FLRT3,0.386,0.0
Branchial arch,发送,52,EFNB1_EPHB3,Neural crest,EFNB1,EPHB3,0.382,0.0
Branchial arch,发送,53,EFNB2_EPHB3,Neural crest,EFNB2,EPHB3,0.382,0.001
Branchial arch,发送,54,EFNA4_EPHA4,Neural crest,EFNA4,EPHA4,0.375,0.017
Branchial arch,发送,55,PDGFA_PDGFRA,Neural crest,PDGFA,PDGFRA,0.374,0.0
Branchial arch,发送,56,FLRT3_ADGRL3,Neural crest,FLRT3,ADGRL3,0.37,0.011
Branchial arch,发送,57,TENM3_FLRT3_complex_ADGRL3,Neural crest,TENM3,FLRT3,0.37,0.011
Branchial arch,发送,58,SEMA6A_PlexinA2_complex1,Neural crest,SEMA6A,PlexinA2,0.358,0.022
Branchial arch,发送,59,NLGN1_NRXN3,Neural crest,NLGN1,NRXN3,0.357,0.002
Branchial arch,发送,60,COL26A1_integrin_a1b1_complex,Neural crest,COL26A1,integrin,0.345,0.004
Branchial arch,发送,61,COL5A1_integrin_a1b1_complex,Neural crest,COL5A1,integrin,0.342,0.005
Branchial arch,发送,62,COL26A1_integrin_a11b1_complex,Neural crest,COL26A1,integrin,0.341,0.0
Branchial arch,发送,63,EFNA1_EPHA4,Neural crest,EFNA1,EPHA4,0.341,0.032
Branchial arch,发送,64,COL5A1_integrin_a11b1_complex,Neural crest,COL5A1,integrin,0.337,0.0
Branchial arch,发送,65,COL5A2_integrin_a1b1_complex,Neural crest,COL5A2,integrin,0.331,0.034
Branchial arch,发送,66,RSPO3_LGR4,Neural crest,RSPO3,LGR4,0.33,0.001
Branchial arch,发送,67,SDC2_ADGRA2,Neural crest,SDC2,ADGRA2,0.328,0.0
Branchial arch,发送,68,COL9A1_integrin_a1b1_complex,Neural crest,COL9A1,integrin,0.328,0.012
Branchial arch,发送,69,COL5A2_integrin_a11b1_complex,Neural crest,COL5A2,integrin,0.327,0.0
Branchial arch,发送,70,Glutamate_byGLS_and_SLC1A3_GRM7,Neural crest,Glutamate,byGLS,0.326,0.002
Branchial arch,发送,71,WNT5B_FRZB,Neural crest,WNT5B,FRZB,0.325,0.0
Branchial arch,发送,72,COL11A1_integrin_a1b1_complex,Neural crest,COL11A1,integrin,0.324,0.008
Branchial arch,发送,73,COL9A1_integrin_a11b1_complex,Neural crest,COL9A1,integrin,0.324,0.0
Branchial arch,发送,74,COL11A1_integrin_a11b1_complex,Neural crest,COL11A1,integrin,0.319,0.0
Branchial arch,发送,75,CLSTN1_NRXN3,Neural crest,CLSTN1,NRXN3,0.316,0.031
Branchial arch,发送,76,PDGFB_PDGFRA,Neural crest,PDGFB,PDGFRA,0.31,0.0
Branchial arch,发送,77,ESAM_ESAM,Neural crest,ESAM,ESAM,0.309,0.027
Branchial arch,发送,78,Glutamate_byGLS_and_SLC1A3_GRIK2,Neural crest,Glutamate,byGLS,0.303,0.012
Branchial arch,发送,79,Glutamate_byGLS_and_SLC1A3_GRIK3,Neural crest,Glutamate,byGLS,0.287,0.002
Branchial arch,发送,80,WNT7B_FRZB,Neural crest,WNT7B,FRZB,0.285,0.0
Branchial arch,发送,81,THBS1_integrin_a3b1_complex,Neural crest,THBS1,integrin,0.282,0.0
Branchial arch,发送,82,CDH3_CDH3,Neural crest,CDH3,CDH3,0.281,0.0
Branchial arch,发送,83,CD248_IL6R,Neural crest,CD248,IL6R,0.273,0.0
Branchial arch,发送,84,WNT5B_FZD7_LRP6,Neural crest,WNT5B,FZD7,0.273,0.032
Branchial arch,发送,85,WNT5B_FZD1_LRP6,Neural crest,WNT5B,FZD1,0.273,0.002
Branchial arch,发送,86,PDGFB_PDGFRB,Neural crest,PDGFB,PDGFRB,0.261,0.0
Branchial arch,发送,87,PDGFB_PDGFR_complex,Neural crest,PDGFB,PDGFR,0.261,0.0
Branchial arch,发送,88,SEMA3F_NRP2,Neural crest,SEMA3F,NRP2,0.257,0.04
Branchial arch,发送,89,DKK2_LRP6,Neural crest,DKK2,LRP6,0.255,0.005
Branchial arch,发送,90,KITLG_KIT,Neural crest,KITLG,KIT,0.254,0.049
Branchial arch,发送,91,JAG2_NOTCH3,Neural crest,JAG2,NOTCH3,0.252,0.01
Branchial arch,发送,92,BMP7_ACVR_1A2B_receptor,Neural crest,BMP7,ACVR,0.248,0.0
Branchial arch,发送,93,BMP7_ACVR1_BMPR2,Neural crest,BMP7,ACVR1,0.248,0.0
Branchial arch,发送,94,BMP7_ACVR_1A2A_receptor,Neural crest,BMP7,ACVR,0.248,0.0
Branchial arch,发送,95,WNT5B_FZD2_LRP5,Neural crest,WNT5B,FZD2,0.247,0.023
Branchial arch,发送,96,WNT5B_FZD3_LRP5,Neural crest,WNT5B,FZD3,0.247,0.023
Branchial arch,发送,97,WNT5B_FZD7_LRP5,Neural crest,WNT5B,FZD7,0.247,0.023
Branchial arch,发送,98,WNT5B_FZD1_LRP5,Neural crest,WNT5B,FZD1,0.247,0.008
Branchial arch,发送,99,CD93_IFNGR1,Neural crest,CD93,IFNGR1,0.245,0.0
Branchial arch,发送,100,Glutamate_byGLS_and_SLC1A3_GRIA3,Neural crest,Glutamate,byGLS,0.243,0.002
Branchial arch,接收,1,IGF2_IGF2R,Neural crest,IGF2R,IGF2,1.885,0.0
Branchial arch,接收,2,IGF2_IGF1R,Neural crest,IGF1R,IGF2,1.808,0.0
Branchial arch,接收,3,DLK1_NOTCH2,Neural crest,NOTCH2,DLK1,1.18,0.0
Branchial arch,接收,4,PPIA_BSG,Neural crest,BSG,PPIA,1.143,0.007
Branchial arch,接收,5,DLK1_NOTCH1,Neural crest,NOTCH1,DLK1,1.142,0.0
Branchial arch,接收,6,DLK1_NOTCH3,Neural crest,NOTCH3,DLK1,1.038,0.0
Branchial arch,接收,7,FN1_integrin_aVb1_complex,Neural crest,integrin,FN1,0.993,0.0
Branchial arch,接收,8,FN1_integrin_aVb5_complex,Neural crest,integrin,FN1,0.985,0.0
Branchial arch,接收,9,FN1_integrin_a4b1_complex,Neural crest,integrin,FN1,0.898,0.0
Branchial arch,接收,10,COL18A1_integrin_a1b1_complex,Neural crest,integrin,COL18A1,0.898,0.0
Branchial arch,接收,11,FN1_integrin_a11b1_complex,Neural crest,integrin,FN1,0.873,0.0
Branchial arch,接收,12,FN1_integrin_a3b1_complex,Neural crest,integrin,FN1,0.868,0.0
Branchial arch,接收,13,FN1_integrin_a8b1_complex,Neural crest,integrin,FN1,0.858,0.0
Branchial arch,接收,14,COL18A1_integrin_a11b1_complex,Neural crest,integrin,COL18A1,0.843,0.0
Branchial arch,接收,15,MPZL1_MPZL1,Neural crest,MPZL1,MPZL1,0.837,0.0
Branchial arch,接收,16,COL2A1_integrin_a1b1_complex,Neural crest,integrin,COL2A1,0.744,0.024
Branchial arch,接收,17,EFNA5_EPHA7,Neural crest,EPHA7,EFNA5,0.716,0.0
Branchial arch,接收,18,PDGFC_PDGFRA,Neural crest,PDGFRA,PDGFC,0.669,0.0
Branchial arch,接收,19,EFNA4_EPHA7,Neural crest,EPHA7,EFNA4,0.62,0.0
Branchial arch,接收,20,EFNA1_EPHA7,Neural crest,EPHA7,EFNA1,0.566,0.0
Branchial arch,接收,21,EFNA2_EPHA7,Neural crest,EPHA7,EFNA2,0.565,0.0
Branchial arch,接收,22,BMP4_BMPR1A_BMPR2,Neural crest,BMPR1A,BMP4,0.544,0.0
Branchial arch,接收,23,LAMC1_integrin_a6b1_complex,Neural crest,integrin,LAMC1,0.507,0.0
Branchial arch,接收,24,PDGFA_PDGFRA,Neural crest,PDGFRA,PDGFA,0.454,0.0
Branchial arch,接收,25,BMP4_BMR1A_AVR2B,Neural crest,BMR1A,BMP4,0.451,0.0
Branchial arch,接收,26,VEGFA_KDR,Neural crest,KDR,VEGFA,0.447,0.0
Branchial arch,接收,27,COL19A1_integrin_a1b1_complex,Neural crest,integrin,COL19A1,0.445,0.014
Branchial arch,接收,28,COL9A1_integrin_a1b1_complex,Neural crest,integrin,COL9A1,0.444,0.0
Branchial arch,接收,29,JAG1_NOTCH2,Neural crest,NOTCH2,JAG1,0.434,0.0
Branchial arch,接收,30,BMP4_BMR1B_AVR2B,Neural crest,BMR1B,BMP4,0.431,0.0
Branchial arch,接收,31,BMP4_BMPR1B_BMPR2,Neural crest,BMPR1B,BMP4,0.431,0.0
Branchial arch,接收,32,TNC_integrin_a9b1_complex,Neural crest,integrin,TNC,0.426,0.0
Branchial arch,接收,33,CDH5_CDH5,Neural crest,CDH5,CDH5,0.426,0.001
Branchial arch,接收,34,BMP4_BMR1A_ACR2A,Neural crest,BMR1A,BMP4,0.418,0.0
Branchial arch,接收,35,BMP4_BMR1B_AVR2A,Neural crest,BMR1B,BMP4,0.418,0.0
Branchial arch,接收,36,SEMA3A_NRP1,Neural crest,NRP1,SEMA3A,0.407,0.0
Branchial arch,接收,37,SEMA3A_PlexinA1_complex3,Neural crest,PlexinA1,SEMA3A,0.405,0.0
Branchial arch,接收,38,EFNB2_EPHB4,Neural crest,EPHB4,EFNB2,0.404,0.001
Branchial arch,接收,39,VCAM1_integrin_a9b1_complex,Neural crest,integrin,VCAM1,0.4,0.0
Branchial arch,接收,40,COL5A2_integrin_a1b1_complex,Neural crest,integrin,COL5A2,0.399,0.0
Branchial arch,接收,41,COL9A1_integrin_a11b1_complex,Neural crest,integrin,COL9A1,0.389,0.0
Branchial arch,接收,42,VEGFC_KDR,Neural crest,KDR,VEGFC,0.388,0.0
Branchial arch,接收,43,TENM4_FLRT3_complex_ADGRL1,Neural crest,FLRT3,TENM4,0.385,0.002
Branchial arch,接收,44,SEMA6A_PlexinA2_complex1,Neural crest,PlexinA2,SEMA6A,0.375,0.009
Branchial arch,接收,45,SEMA3E_PLXND1,Neural crest,PLXND1,SEMA3E,0.371,0.0
Branchial arch,接收,46,SEMA3A_PlexinA2_complex1,Neural crest,PlexinA2,SEMA3A,0.37,0.0
Branchial arch,接收,47,EFNA4_EPHA4,Neural crest,EPHA4,EFNA4,0.365,0.026
Branchial arch,接收,48,BMP7_BMPR1A_BMPR2,Neural crest,BMPR1A,BMP7,0.365,0.048
Branchial arch,接收,49,SEMA3C_NRP2,Neural crest,NRP2,SEMA3C,0.365,0.0
Branchial arch,接收,50,GDF6_BMPR1A_BMPR2,Neural crest,BMPR1A,GDF6,0.363,0.0
Branchial arch,接收,51,FLRT3_ADGRL3,Neural crest,ADGRL3,FLRT3,0.358,0.041
Branchial arch,接收,52,TENM3_FLRT3_complex_ADGRL3,Neural crest,FLRT3,TENM3,0.358,0.041
Branchial arch,接收,53,NRXN3_ADGRL1,Neural crest,ADGRL1,NRXN3,0.35,0.0
Branchial arch,接收,54,VEGFA_NRP2,Neural crest,NRP2,VEGFA,0.346,0.026
Branchial arch,接收,55,COL5A2_integrin_a11b1_complex,Neural crest,integrin,COL5A2,0.344,0.0
Branchial arch,接收,56,SEMA4C_PLXNB2,Neural crest,PLXNB2,SEMA4C,0.339,0.001
Branchial arch,接收,57,Cholesterol_byLIPA_RORA,Neural crest,byLIPA,Cholesterol,0.338,0.001
Branchial arch,接收,58,VEGFB_FLT1_complex,Neural crest,FLT1,VEGFB,0.333,0.01
Branchial arch,接收,59,VEGFB_FLT1,Neural crest,FLT1,VEGFB,0.333,0.01
Branchial arch,接收,60,VEGFB_NRP1,Neural crest,NRP1,VEGFB,0.332,0.031
Branchial arch,接收,61,TGFB2_TGFBR3,Neural crest,TGFBR3,TGFB2,0.332,0.0
Branchial arch,接收,62,VEGFA_FLT1,Neural crest,FLT1,VEGFA,0.326,0.0
Branchial arch,接收,63,VEGFA_FLT1_complex,Neural crest,FLT1,VEGFA,0.326,0.0
Branchial arch,接收,64,VEGFA_NRP1,Neural crest,NRP1,VEGFA,0.326,0.001
Branchial arch,接收,65,JAG2_NOTCH2,Neural crest,NOTCH2,JAG2,0.318,0.003
Branchial arch,接收,66,COL11A1_integrin_a1b1_complex,Neural crest,integrin,COL11A1,0.317,0.029
Branchial arch,接收,67,ESAM_ESAM,Neural crest,ESAM,ESAM,0.309,0.027
Branchial arch,接收,68,DKK1_LRP6,Neural crest,LRP6,DKK1,0.308,0.0
Branchial arch,接收,69,SEMA4D_PLXNB2,Neural crest,PLXNB2,SEMA4D,0.305,0.001
Branchial arch,接收,70,TGFB2_TGFbeta_receptor1,Neural crest,TGFbeta,TGFB2,0.302,0.0
Branchial arch,接收,71,EFNA4_EPHA3,Neural crest,EPHA3,EFNA4,0.296,0.0
Branchial arch,接收,72,CDH3_CDH3,Neural crest,CDH3,CDH3,0.281,0.0
Branchial arch,接收,73,PDGFD_PDGFR_complex,Neural crest,PDGFR,PDGFD,0.271,0.0
Branchial arch,接收,74,PDGFD_PDGFRB,Neural crest,PDGFRB,PDGFD,0.271,0.0
Branchial arch,接收,75,integrin_aVb1_complex_ADGRE5,Neural crest,aVb1,integrin,0.267,0.012
Branchial arch,接收,76,TGFB2_TGFbeta_receptor2,Neural crest,TGFbeta,TGFB2,0.267,0.0
Branchial arch,接收,77,DKK1_LRP5,Neural crest,LRP5,DKK1,0.26,0.0
Branchial arch,接收,78,BMP7_BMR1B_AVR2B,Neural crest,BMR1B,BMP7,0.252,0.047
Branchial arch,接收,79,BMP7_BMPR1B_BMPR2,Neural crest,BMPR1B,BMP7,0.252,0.048
Branchial arch,接收,80,GDF6_BMPR1B_BMPR2,Neural crest,BMPR1B,GDF6,0.25,0.0
Branchial arch,接收,81,GDF6_BMR1B_AVR2B,Neural crest,BMR1B,GDF6,0.25,0.0
Branchial arch,接收,82,DKK1_Kremen1_LRP6,Neural crest,Kremen1,DKK1,0.247,0.0
Branchial arch,接收,83,EFNA1_EPHA3,Neural crest,EPHA3,EFNA1,0.242,0.007
Branchial arch,接收,84,EDN3_EDNRA,Neural crest,EDNRA,EDN3,0.241,0.0
Branchial arch,接收,85,EFNA2_EPHA3,Neural crest,EPHA3,EFNA2,0.241,0.017
Branchial arch,接收,86,GDF6_BMR1B_AVR2A,Neural crest,BMR1B,GDF6,0.238,0.0
Branchial arch,接收,87,GDF6_BMR1A_ACR2A,Neural crest,BMR1A,GDF6,0.238,0.0
Branchial arch,接收,88,WNT5B_FRZB,Neural crest,FRZB,WNT5B,0.232,0.022
Branchial arch,接收,89,COL4A5_integrin_a1b1_complex,Neural crest,integrin,COL4A5,0.232,0.03
Branchial arch,接收,90,JAG1_VASN,Neural crest,VASN,JAG1,0.218,0.035
Branchial arch,接收,91,COL12A1_integrin_a1b1_complex,Neural crest,integrin,COL12A1,0.214,0.0
Branchial arch,接收,92,COL4A6_integrin_a1b1_complex,Neural crest,integrin,COL4A6,0.211,0.0
Branchial arch,接收,93,COL13A1_integrin_a1b1_complex,Neural crest,integrin,COL13A1,0.205,0.0
Branchial arch,接收,94,TNC_integrin_a4b1_complex,Neural crest,integrin,TNC,0.183,0.003
Branchial arch,接收,95,VEGFC_FLT4,Neural crest,FLT4,VEGFC,0.174,0.003
Branchial arch,接收,96,COL12A1_integrin_a11b1_complex,Neural crest,integrin,COL12A1,0.159,0.001
Branchial arch,接收,97,VCAM1_integrin_a4b1_complex,Neural crest,integrin,VCAM1,0.157,0.005
Branchial arch,接收,98,COL4A6_integrin_a11b1_complex,Neural crest,integrin,COL4A6,0.156,0.004
Branchial arch,接收,99,COL4A6_ADGRG6,Neural crest,ADGRG6,COL4A6,0.154,0.0
Branchial arch,接收,100,COL13A1_integrin_a11b1_complex,Neural crest,integrin,COL13A1,0.15,0.009
Cavity,发送,1,COL3A1_integrin_a1b1_complex,Neural crest,COL3A1,integrin,1.104,0.0
Cavity,发送,2,COL3A1_ADGRG1,Neural crest,COL3A1,ADGRG1,1.096,0.0
Cavity,发送,3,COL4A1_integrin_a1b1_complex,Neural crest,COL4A1,integrin,0.878,0.0
Cavity,发送,4,COL4A1_ADGRG6,Neural crest,COL4A1,ADGRG6,0.825,0.0
Cavity,发送,5,COL18A1_integrin_a1b1_complex,Neural crest,COL18A1,integrin,0.812,0.006
Cavity,发送,6,FLRT2_ADGRL1,Neural crest,FLRT2,ADGRL1,0.756,0.0
Cavity,发送,7,COL2A1_integrin_a1b1_complex,Neural crest,COL2A1,integrin,0.75,0.023
Cavity,发送,8,FLRT2_ADGRL3,Neural crest,FLRT2,ADGRL3,0.727,0.0
Cavity,发送,9,COL1A2_integrin_a1b1_complex,Neural crest,COL1A2,integrin,0.661,0.0
Cavity,发送,10,APP_FPR2,Neural crest,APP,FPR2,0.657,0.004
Cavity,发送,11,COL4A2_integrin_a1b1_complex,Neural crest,COL4A2,integrin,0.562,0.0
Cavity,发送,12,COL4A2_ADGRG6,Neural crest,COL4A2,ADGRG6,0.509,0.0
Cavity,发送,13,COL1A1_integrin_a1b1_complex,Neural crest,COL1A1,integrin,0.47,0.0
Cavity,发送,14,MMP2_integrin_aVb3_complex,Neural crest,MMP2,integrin,0.418,0.0
Cavity,发送,15,COL26A1_integrin_a1b1_complex,Neural crest,COL26A1,integrin,0.376,0.003
Cavity,发送,16,COL5A1_integrin_a1b1_complex,Neural crest,COL5A1,integrin,0.373,0.009
Cavity,发送,17,LAMC1_integrin_aVb3_complex,Neural crest,LAMC1,integrin,0.366,0.0
Cavity,发送,18,COL5A2_integrin_a1b1_complex,Neural crest,COL5A2,integrin,0.362,0.013
Cavity,发送,19,COL9A1_integrin_a1b1_complex,Neural crest,COL9A1,integrin,0.359,0.015
Cavity,发送,20,COL11A1_integrin_a1b1_complex,Neural crest,COL11A1,integrin,0.355,0.011
Cavity,发送,21,VTN_integrin_aVb3_complex,Neural crest,VTN,integrin,0.321,0.0
Cavity,发送,22,Glutamate_byGLS_and_SLC1A3_GRM7,Neural crest,Glutamate,byGLS,0.32,0.04
Cavity,发送,23,Glutamate_byGLS_and_SLC1A3_GRIK3,Neural crest,Glutamate,byGLS,0.286,0.028
Cavity,发送,24,integrin_aVb5_complex_ADGRB1,Neural crest,integrin,aVb5,0.263,0.0
Cavity,发送,25,ANGPT1_TEK,Neural crest,ANGPT1,TEK,0.245,0.001
Cavity,发送,26,IGF1_integrin_aVb3_complex,Neural crest,IGF1,integrin,0.177,0.0
Cavity,发送,27,THBS1_integrin_aVb3_complex,Neural crest,THBS1,integrin,0.135,0.05
Cavity,发送,28,VWF_integrin_aVb3_complex,Neural crest,VWF,integrin,0.129,0.001
Cavity,发送,29,TNC_integrin_aVb3_complex,Neural crest,TNC,integrin,0.121,0.018
Cavity,接收,1,EFNA1_EPHA7,Neural crest,EPHA7,EFNA1,0.497,0.001
Cavity,接收,2,EFNA2_EPHA7,Neural crest,EPHA7,EFNA2,0.486,0.001
Cavity,接收,3,EFNA4_EPHA7,Neural crest,EPHA7,EFNA4,0.468,0.022
Cavity,接收,4,TNC_integrin_a9b1_complex,Neural crest,integrin,TNC,0.387,0.001
Cavity,接收,5,VEGFC_KDR,Neural crest,KDR,VEGFC,0.349,0.012
Cavity,接收,6,DLL3_NOTCH2,Neural crest,NOTCH2,DLL3,0.33,0.034
Cavity,接收,7,SEMA4D_PLXNB2,Neural crest,PLXNB2,SEMA4D,0.302,0.043
Cavity,接收,8,integrin_aVb3_complex_ADGRA2,Neural crest,aVb3,integrin,0.174,0.004
Cavity,接收,9,integrin_aVb3_complex_ADGRE5,Neural crest,aVb3,integrin,0.106,0.007
Heart,发送,1,IGF2_IGF2R,Neural crest,IGF2,IGF2R,2.333,0.0
Heart,发送,2,IGF2_IGF1R,Neural crest,IGF2,IGF1R,1.715,0.0
Heart,发送,3,COL3A1_integrin_a1b1_complex,Neural crest,COL3A1,integrin,1.188,0.0
Heart,发送,4,COL3A1_integrin_a11b1_complex,Neural crest,COL3A1,integrin,1.074,0.0
Heart,发送,5,COL3A1_ADGRG1,Neural crest,COL3A1,ADGRG1,1.059,0.0
Heart,发送,6,COL4A1_integrin_a1b1_complex,Neural crest,COL4A1,integrin,0.962,0.0
Heart,发送,7,COL18A1_integrin_a1b1_complex,Neural crest,COL18A1,integrin,0.896,0.0
Heart,发送,8,COL4A1_ADGRG6,Neural crest,COL4A1,ADGRG6,0.883,0.0
Heart,发送,9,FLRT2_ADGRL1,Neural crest,FLRT2,ADGRL1,0.856,0.0
Heart,发送,10,COL4A1_integrin_a11b1_complex,Neural crest,COL4A1,integrin,0.847,0.0
Heart,发送,11,COL2A1_integrin_a1b1_complex,Neural crest,COL2A1,integrin,0.834,0.001
Heart,发送,12,LAMC1_integrin_a6b1_complex,Neural crest,LAMC1,integrin,0.786,0.0
Heart,发送,13,COL18A1_integrin_a11b1_complex,Neural crest,COL18A1,integrin,0.781,0.001
Heart,发送,14,COL1A2_integrin_a1b1_complex,Neural crest,COL1A2,integrin,0.745,0.0
Heart,发送,15,FLRT2_ADGRL3,Neural crest,FLRT2,ADGRL3,0.741,0.0
Heart,发送,16,NRG3_ERBB4,Neural crest,NRG3,ERBB4,0.74,0.0
Heart,发送,17,FN1_integrin_aVb3_complex,Neural crest,FN1,integrin,0.734,0.006
Heart,发送,18,COL2A1_integrin_a11b1_complex,Neural crest,COL2A1,integrin,0.72,0.012
Heart,发送,19,APP_PLXNA4,Neural crest,APP,PLXNA4,0.68,0.0
Heart,发送,20,COL4A2_integrin_a1b1_complex,Neural crest,COL4A2,integrin,0.646,0.0
Heart,发送,21,COL1A2_integrin_a11b1_complex,Neural crest,COL1A2,integrin,0.631,0.0
Heart,发送,22,NTN1_UNC5B,Neural crest,NTN1,UNC5B,0.625,0.0
Heart,发送,23,IGF1_IGF1R,Neural crest,IGF1,IGF1R,0.589,0.003
Heart,发送,24,IGF1_IGF1R_enhancerComGPC3,Neural crest,IGF1,IGF1R,0.589,0.003
Heart,发送,25,APLP2_PLXNA4,Neural crest,APLP2,PLXNA4,0.579,0.0
Heart,发送,26,COL4A2_ADGRG6,Neural crest,COL4A2,ADGRG6,0.567,0.0
Heart,发送,27,COL1A1_integrin_a1b1_complex,Neural crest,COL1A1,integrin,0.554,0.0
Heart,发送,28,APP_SORL1,Neural crest,APP,SORL1,0.549,0.022
Heart,发送,29,COL4A2_integrin_a11b1_complex,Neural crest,COL4A2,integrin,0.532,0.0
Heart,发送,30,PDGFC_PDGFRA,Neural crest,PDGFC,PDGFRA,0.51,0.05
Heart,发送,31,COL19A1_integrin_a1b1_complex,Neural crest,COL19A1,integrin,0.5,0.002
Heart,发送,32,VTN_integrin_aVb1_complex,Neural crest,VTN,integrin,0.497,0.003
Heart,发送,33,VEGFA_NRP2,Neural crest,VEGFA,NRP2,0.489,0.0
Heart,发送,34,MMP2_integrin_aVb3_complex,Neural crest,MMP2,integrin,0.467,0.0
Heart,发送,35,COL26A1_integrin_a1b1_complex,Neural crest,COL26A1,integrin,0.46,0.0
Heart,发送,36,SEMA3C_NRP2,Neural crest,SEMA3C,NRP2,0.459,0.0
Heart,发送,37,COL5A1_integrin_a1b1_complex,Neural crest,COL5A1,integrin,0.457,0.0
Heart,发送,38,COL5A2_integrin_a1b1_complex,Neural crest,COL5A2,integrin,0.446,0.0
Heart,发送,39,VEGFA_KDR,Neural crest,VEGFA,KDR,0.446,0.007
Heart,发送,40,COL9A1_integrin_a1b1_complex,Neural crest,COL9A1,integrin,0.443,0.001
Heart,发送,41,COL1A1_integrin_a11b1_complex,Neural crest,COL1A1,integrin,0.44,0.0
Heart,发送,42,COL11A1_integrin_a1b1_complex,Neural crest,COL11A1,integrin,0.439,0.0
Heart,发送,43,BMP7_BMPR1A_BMPR2,Neural crest,BMP7,BMPR1A,0.433,0.005
Heart,发送,44,SDC1_ADGRA2,Neural crest,SDC1,ADGRA2,0.431,0.007
Heart,发送,45,SEMA3F_NRP2,Neural crest,SEMA3F,NRP2,0.426,0.0
Heart,发送,46,VEGFC_KDR,Neural crest,VEGFC,KDR,0.419,0.001
Heart,发送,47,LAMC1_integrin_aVb3_complex,Neural crest,LAMC1,integrin,0.416,0.0
Heart,发送,48,EFNB1_EPHB4,Neural crest,EFNB1,EPHB4,0.404,0.002
Heart,发送,49,EFNB2_EPHB4,Neural crest,EFNB2,EPHB4,0.403,0.017
Heart,发送,50,EFNB1_EPHB3,Neural crest,EFNB1,EPHB3,0.39,0.002
Heart,发送,51,EFNB2_EPHB3,Neural crest,EFNB2,EPHB3,0.389,0.011
Heart,发送,52,BMP5_BMPR1A_BMPR2,Neural crest,BMP5,BMPR1A,0.386,0.01
Heart,发送,53,VEGFB_NRP1,Neural crest,VEGFB,NRP1,0.383,0.003
Heart,发送,54,PDGFA_PDGFRA,Neural crest,PDGFA,PDGFRA,0.38,0.012
Heart,发送,55,VTN_integrin_aVb3_complex,Neural crest,VTN,integrin,0.37,0.0
Heart,发送,56,SEMA3A_PlexinA4_complex1,Neural crest,SEMA3A,PlexinA4,0.348,0.0
Heart,发送,57,SEMA3A_NRP1,Neural crest,SEMA3A,NRP1,0.348,0.004
Heart,发送,58,SDC2_ADGRA2,Neural crest,SDC2,ADGRA2,0.347,0.0
Heart,发送,59,COL26A1_integrin_a11b1_complex,Neural crest,COL26A1,integrin,0.346,0.0
Heart,发送,60,COL5A1_integrin_a11b1_complex,Neural crest,COL5A1,integrin,0.342,0.002
Heart,发送,61,VEGFA_NRP1,Neural crest,VEGFA,NRP1,0.338,0.009
Heart,发送,62,COL5A2_integrin_a11b1_complex,Neural crest,COL5A2,integrin,0.332,0.015
Heart,发送,63,ESAM_ESAM,Neural crest,ESAM,ESAM,0.33,0.049
Heart,发送,64,COL9A1_integrin_a11b1_complex,Neural crest,COL9A1,integrin,0.329,0.002
Heart,发送,65,Glutamate_byGLS_and_SLC1A3_GRM7,Neural crest,Glutamate,byGLS,0.329,0.042
Heart,发送,66,COL11A1_integrin_a11b1_complex,Neural crest,COL11A1,integrin,0.324,0.001
Heart,发送,67,PDGFB_PDGFRA,Neural crest,PDGFB,PDGFRA,0.315,0.009
Heart,发送,68,BMP7_BMR1A_ACR2A,Neural crest,BMP7,BMR1A,0.311,0.036
Heart,发送,69,LPAR1_ADGRE5,Neural crest,LPAR1,ADGRE5,0.31,0.002
Heart,发送,70,integrin_aVb1_complex_ADGRE5,Neural crest,integrin,aVb1,0.275,0.014
Heart,发送,71,CD93_IFNGR1,Neural crest,CD93,IFNGR1,0.262,0.001
Heart,发送,72,COL12A1_integrin_a1b1_complex,Neural crest,COL12A1,integrin,0.262,0.001
Heart,发送,73,COL6A2_integrin_a1b1_complex,Neural crest,COL6A2,integrin,0.257,0.001
Heart,发送,74,COL4A5_integrin_a1b1_complex,Neural crest,COL4A5,integrin,0.256,0.026
Heart,发送,75,COL13A1_integrin_a1b1_complex,Neural crest,COL13A1,integrin,0.254,0.001
Heart,发送,76,COL6A1_integrin_a1b1_complex,Neural crest,COL6A1,integrin,0.25,0.001
Heart,发送,77,ANGPT1_TEK,Neural crest,ANGPT1,TEK,0.247,0.001
Heart,发送,78,COL15A1_integrin_a1b1_complex,Neural crest,COL15A1,integrin,0.245,0.001
Heart,发送,79,COL27A1_integrin_a1b1_complex,Neural crest,COL27A1,integrin,0.245,0.001
Heart,发送,80,BMP7_ACVR_1A2B_receptor,Neural crest,BMP7,ACVR,0.243,0.006
Heart,发送,81,BMP7_ACVR1_BMPR2,Neural crest,BMP7,ACVR1,0.243,0.007
Heart,发送,82,BMP7_ACVR_1A2A_receptor,Neural crest,BMP7,ACVR,0.243,0.007
Heart,发送,83,Glutamate_byGLS_and_SLC1A3_Glutamate_Kainate_2_5_complex,Neural crest,Glutamate,byGLS,0.232,0.006
Heart,发送,84,Glutamate_byGLS_and_SLC1A3_Glutamate_Kainate_3_5_complex,Neural crest,Glutamate,byGLS,0.232,0.005
Heart,发送,85,IGF1_integrin_aVb3_complex,Neural crest,IGF1,integrin,0.227,0.0
Heart,发送,86,PECAM1_CD38,Neural crest,PECAM1,CD38,0.219,0.002
Heart,发送,87,LAMA2_ADGRG6,Neural crest,LAMA2,ADGRG6,0.218,0.001
Heart,发送,88,RSPO3_LGR5,Neural crest,RSPO3,LGR5,0.215,0.0
Heart,发送,89,NLGN2_NRXN3,Neural crest,NLGN2,NRXN3,0.212,0.046
Heart,发送,90,THBS1_CD36,Neural crest,THBS1,CD36,0.197,0.0
Heart,发送,91,BMP5_ACVR_1A2B_receptor,Neural crest,BMP5,ACVR,0.196,0.028
Heart,发送,92,BMP5_ACVR1_BMPR2,Neural crest,BMP5,ACVR1,0.196,0.033
Heart,发送,93,BMP5_ACVR_1A2A_receptor,Neural crest,BMP5,ACVR,0.196,0.031
Heart,发送,94,VEGFC_FLT4,Neural crest,VEGFC,FLT4,0.192,0.002
Heart,发送,95,CDH3_CDH3,Neural crest,CDH3,CDH3,0.191,0.013
Heart,发送,96,THBS1_integrin_aVb3_complex,Neural crest,THBS1,integrin,0.185,0.0
Heart,发送,97,WNT5B_FZD4_LRP6,Neural crest,WNT5B,FZD4,0.181,0.031
Heart,发送,98,VWF_integrin_aVb3_complex,Neural crest,VWF,integrin,0.178,0.0
Heart,发送,99,TNC_integrin_aVb3_complex,Neural crest,TNC,integrin,0.17,0.0
Heart,发送,100,PRNP_ADGRG6,Neural crest,PRNP,ADGRG6,0.166,0.012
Heart,接收,1,IGF2_IGF2R,Neural crest,IGF2R,IGF2,2.096,0.0
Heart,接收,2,IGF2_IGF1R,Neural crest,IGF1R,IGF2,2.019,0.0
Heart,接收,3,FN1_integrin_aVb1_complex,Neural crest,integrin,FN1,1.31,0.0
Heart,接收,4,FN1_integrin_aVb5_complex,Neural crest,integrin,FN1,1.302,0.0
Heart,接收,5,FN1_integrin_a4b1_complex,Neural crest,integrin,FN1,1.215,0.0
Heart,接收,6,FN1_integrin_a11b1_complex,Neural crest,integrin,FN1,1.191,0.0
Heart,接收,7,FN1_integrin_a3b1_complex,Neural crest,integrin,FN1,1.185,0.0
Heart,接收,8,FN1_integrin_a8b1_complex,Neural crest,integrin,FN1,1.176,0.0
Heart,接收,9,COL2A1_integrin_a1b1_complex,Neural crest,integrin,COL2A1,1.052,0.0
Heart,接收,10,BMP4_BMPR1A_BMPR2,Neural crest,BMPR1A,BMP4,1.047,0.0
Heart,接收,11,COL2A1_integrin_a11b1_complex,Neural crest,integrin,COL2A1,0.997,0.0
Heart,接收,12,BMP4_BMR1A_AVR2B,Neural crest,BMR1A,BMP4,0.954,0.0
Heart,接收,13,BMP4_BMR1B_AVR2B,Neural crest,BMR1B,BMP4,0.934,0.0
Heart,接收,14,BMP4_BMPR1B_BMPR2,Neural crest,BMPR1B,BMP4,0.934,0.0
Heart,接收,15,BMP4_BMR1A_ACR2A,Neural crest,BMR1A,BMP4,0.921,0.0
Heart,接收,16,BMP4_BMR1B_AVR2A,Neural crest,BMR1B,BMP4,0.921,0.0
Heart,接收,17,COL18A1_integrin_a1b1_complex,Neural crest,integrin,COL18A1,0.834,0.012
Heart,接收,18,COL18A1_integrin_a11b1_complex,Neural crest,integrin,COL18A1,0.779,0.032
Heart,接收,19,EFNA1_EPHA7,Neural crest,EPHA7,EFNA1,0.692,0.0
Heart,接收,20,TNC_integrin_a9b1_complex,Neural crest,integrin,TNC,0.687,0.0
Heart,接收,21,EFNA5_EPHA7,Neural crest,EPHA7,EFNA5,0.658,0.03
Heart,接收,22,LAMC1_integrin_a6b1_complex,Neural crest,integrin,LAMC1,0.643,0.0
Heart,接收,23,COL1A2_integrin_a1b1_complex,Neural crest,integrin,COL1A2,0.61,0.004
Heart,接收,24,COL1A2_integrin_a11b1_complex,Neural crest,integrin,COL1A2,0.555,0.023
Heart,接收,25,SEMA3C_NRP2,Neural crest,NRP2,SEMA3C,0.538,0.0
Heart,接收,26,IGF1_IGF1R,Neural crest,IGF1R,IGF1,0.534,0.03
Heart,接收,27,IGF1_IGF1R_enhancerComGPC3,Neural crest,IGF1R,IGF1,0.534,0.03
Heart,接收,28,JAG1_NOTCH2,Neural crest,NOTCH2,JAG1,0.518,0.0
Heart,接收,29,EFNA2_EPHA7,Neural crest,EPHA7,EFNA2,0.508,0.0
Heart,接收,30,EFNA4_EPHA7,Neural crest,EPHA7,EFNA4,0.498,0.002
Heart,接收,31,TGFB2_TGFBR3,Neural crest,TGFBR3,TGFB2,0.494,0.0
Heart,接收,32,COL4A2_integrin_a1b1_complex,Neural crest,integrin,COL4A2,0.493,0.02
Heart,接收,33,COL19A1_integrin_a1b1_complex,Neural crest,integrin,COL19A1,0.49,0.01
Heart,接收,34,VEGFC_KDR,Neural crest,KDR,VEGFC,0.486,0.0
Heart,接收,35,JAG1_NOTCH1,Neural crest,NOTCH1,JAG1,0.48,0.02
Heart,接收,36,COL1A1_integrin_a1b1_complex,Neural crest,integrin,COL1A1,0.475,0.0
Heart,接收,37,EFNB2_EPHA4,Neural crest,EPHA4,EFNB2,0.469,0.045
Heart,接收,38,EFNB2_EPHB4,Neural crest,EPHB4,EFNB2,0.464,0.001
Heart,接收,39,TGFB2_TGFbeta_receptor1,Neural crest,TGFbeta,TGFB2,0.463,0.0
Heart,接收,40,VEGFA_KDR,Neural crest,KDR,VEGFA,0.446,0.002
Heart,接收,41,VCAM1_integrin_a9b1_complex,Neural crest,integrin,VCAM1,0.445,0.0
Heart,接收,42,TNC_integrin_a4b1_complex,Neural crest,integrin,TNC,0.444,0.0
Heart,接收,43,BMP7_BMPR1A_BMPR2,Neural crest,BMPR1A,BMP7,0.444,0.0
Heart,接收,44,EFNA1_EPHA4,Neural crest,EPHA4,EFNA1,0.437,0.0
Heart,接收,45,COL19A1_integrin_a11b1_complex,Neural crest,integrin,COL19A1,0.435,0.034
Heart,接收,46,COL4A2_ADGRG6,Neural crest,ADGRG6,COL4A2,0.435,0.03
Heart,接收,47,BMP2_BMPR1A_BMPR2,Neural crest,BMPR1A,BMP2,0.432,0.0
Heart,接收,48,TGFB2_TGFbeta_receptor2,Neural crest,TGFbeta,TGFB2,0.428,0.0
Heart,接收,49,BMP5_BMPR1A_BMPR2,Neural crest,BMPR1A,BMP5,0.428,0.0
Heart,接收,50,WNT5A_ROR2,Neural crest,ROR2,WNT5A,0.426,0.035
Heart,接收,51,COL1A1_integrin_a11b1_complex,Neural crest,integrin,COL1A1,0.42,0.005
Heart,接收,52,PDGFA_PDGFRA,Neural crest,PDGFRA,PDGFA,0.417,0.001
Heart,接收,53,TNC_integrin_a8b1_complex,Neural crest,integrin,TNC,0.404,0.0
Heart,接收,54,EFNB2_EPHB3,Neural crest,EPHB3,EFNB2,0.398,0.012
Heart,接收,55,COL5A2_integrin_a1b1_complex,Neural crest,integrin,COL5A2,0.382,0.011
Heart,接收,56,JAG1_NOTCH3,Neural crest,NOTCH3,JAG1,0.376,0.004
Heart,接收,57,JAG2_NOTCH2,Neural crest,NOTCH2,JAG2,0.373,0.0
Heart,接收,58,EFNA1_EPHA3,Neural crest,EPHA3,EFNA1,0.368,0.0
Heart,接收,59,COL5A1_integrin_a1b1_complex,Neural crest,integrin,COL5A1,0.363,0.021
Heart,接收,60,COL4A5_integrin_a1b1_complex,Neural crest,integrin,COL4A5,0.358,0.0
Heart,接收,61,VEGFB_FLT1_complex,Neural crest,FLT1,VEGFB,0.354,0.026
Heart,接收,62,VEGFB_FLT1,Neural crest,FLT1,VEGFB,0.354,0.026
Heart,接收,63,VEGFB_NRP1,Neural crest,NRP1,VEGFB,0.353,0.046
Heart,接收,64,BMP7_BMR1A_AVR2B,Neural crest,BMR1A,BMP7,0.351,0.004
Heart,接收,65,RSPO3_LGR4,Neural crest,LGR4,RSPO3,0.35,0.005
Heart,接收,66,SEMA6D_PlexinA1_complex1,Neural crest,PlexinA1,SEMA6D,0.344,0.03
Heart,接收,67,PDGFD_PDGFR_complex,Neural crest,PDGFR,PDGFD,0.341,0.0
Heart,接收,68,PDGFD_PDGFRB,Neural crest,PDGFRB,PDGFD,0.341,0.0
Heart,接收,69,BMP2_BMR1A_AVR2B,Neural crest,BMR1A,BMP2,0.339,0.0
Heart,接收,70,NRXN3_ADGRL1,Neural crest,ADGRL1,NRXN3,0.339,0.037
Heart,接收,71,BMP5_BMR1A_AVR2B,Neural crest,BMR1A,BMP5,0.335,0.0
Heart,接收,72,BMP6_BMPR1A_BMPR2,Neural crest,BMPR1A,BMP6,0.333,0.007
Heart,接收,73,BMP7_BMR1B_AVR2B,Neural crest,BMR1B,BMP7,0.331,0.001
Heart,接收,74,BMP7_BMPR1B_BMPR2,Neural crest,BMPR1B,BMP7,0.331,0.001
Heart,接收,75,ESAM_ESAM,Neural crest,ESAM,ESAM,0.33,0.049
Heart,接收,76,SEMA3A_NRP1,Neural crest,NRP1,SEMA3A,0.329,0.016
Heart,接收,77,SEMA3A_PlexinA1_complex3,Neural crest,PlexinA1,SEMA3A,0.327,0.021
Heart,接收,78,VEGFA_FLT1,Neural crest,FLT1,VEGFA,0.325,0.012
Heart,接收,79,VEGFA_FLT1_complex,Neural crest,FLT1,VEGFA,0.325,0.012
Heart,接收,80,VEGFA_NRP1,Neural crest,NRP1,VEGFA,0.325,0.025
Heart,接收,81,BMP2_BMPR1B_BMPR2,Neural crest,BMPR1B,BMP2,0.319,0.0
Heart,接收,82,BMP2_BMR1B_AVR2B,Neural crest,BMR1B,BMP2,0.319,0.0
Heart,接收,83,BMP7_BMR1B_AVR2A,Neural crest,BMR1B,BMP7,0.318,0.002
Heart,接收,84,BMP7_BMR1A_ACR2A,Neural crest,BMR1A,BMP7,0.318,0.018
Heart,接收,85,COL12A1_integrin_a1b1_complex,Neural crest,integrin,COL12A1,0.315,0.0
Heart,接收,86,BMP5_BMPR1B_BMPR2,Neural crest,BMPR1B,BMP5,0.315,0.0
Heart,接收,87,BMP5_BMR1B_AVR2B,Neural crest,BMR1B,BMP5,0.315,0.0
Heart,接收,88,EDN1_EDNRA,Neural crest,EDNRA,EDN1,0.313,0.0
Heart,接收,89,CD226_NECTIN2,Neural crest,NECTIN2,CD226,0.306,0.0
Heart,接收,90,BMP2_BMR1A_ACR2A,Neural crest,BMR1A,BMP2,0.306,0.0
Heart,接收,91,BMP2_BMR1B_AVR2A,Neural crest,BMR1B,BMP2,0.306,0.0
Heart,接收,92,COL4A5_integrin_a11b1_complex,Neural crest,integrin,COL4A5,0.303,0.0
Heart,接收,93,BMP5_BMR1B_AVR2A,Neural crest,BMR1B,BMP5,0.302,0.0
Heart,接收,94,JAG1_VASN,Neural crest,VASN,JAG1,0.302,0.001
Heart,接收,95,BMP5_BMR1A_ACR2A,Neural crest,BMR1A,BMP5,0.302,0.005
Heart,接收,96,COL4A5_ADGRG6,Neural crest,ADGRG6,COL4A5,0.301,0.0
Heart,接收,97,TGM2_ADGRG1,Neural crest,ADGRG1,TGM2,0.293,0.018
Heart,接收,98,WNT2_SFRP2,Neural crest,SFRP2,WNT2,0.286,0.019
Heart,接收,99,VEGFC_FLT4,Neural crest,FLT4,VEGFC,0.272,0.0
Heart,接收,100,WNT2_FZD3_LRP6,Neural crest,FZD3,WNT2,0.269,0.0
Liver,发送,1,IGF2_IGF2R,Neural crest,IGF2,IGF2R,1.858,0.001
Liver,发送,2,IGF2_IGF1R,Neural crest,IGF2,IGF1R,1.659,0.005
Liver,发送,3,COL3A1_ADGRG1,Neural crest,COL3A1,ADGRG1,1.177,0.0
Liver,发送,4,LRFN4_PTPRF,Neural crest,LRFN4,PTPRF,1.108,0.001
Liver,发送,5,FLRT2_ADGRL1,Neural crest,FLRT2,ADGRL1,0.816,0.001
Liver,发送,6,APP_FPR2,Neural crest,APP,FPR2,0.788,0.004
Liver,发送,7,FLRT2_ADGRL3,Neural crest,FLRT2,ADGRL3,0.748,0.022
Liver,发送,8,APP_SORL1,Neural crest,APP,SORL1,0.626,0.025
Liver,发送,9,EFNB1_EPHA4,Neural crest,EFNB1,EPHA4,0.575,0.027
Liver,发送,10,EFNB2_EPHA4,Neural crest,EFNB2,EPHA4,0.574,0.043
Liver,发送,11,SLITRK6_PTPRS,Neural crest,SLITRK6,PTPRS,0.509,0.049
Liver,发送,12,EFNA4_EPHA4,Neural crest,EFNA4,EPHA4,0.496,0.043
Liver,发送,13,EFNA1_EPHA4,Neural crest,EFNA1,EPHA4,0.462,0.047
Liver,发送,14,MMP2_integrin_aVb3_complex,Neural crest,MMP2,integrin,0.459,0.001
Liver,发送,15,EFNB1_EPHB4,Neural crest,EFNB1,EPHB4,0.439,0.044
Liver,发送,16,atRetinoicAcid_byALDH1A2_RAreceptor_RARA,Neural crest,atRetinoicAcid,byALDH1A2,0.423,0.006
Liver,发送,17,LAMC1_integrin_aVb3_complex,Neural crest,LAMC1,integrin,0.408,0.018
Liver,发送,18,VTN_integrin_aVb3_complex,Neural crest,VTN,integrin,0.362,0.002
Liver,发送,19,WNT5A_FDZ8_RYK,Neural crest,WNT5A,FDZ8,0.351,0.029
Liver,发送,20,WNT5A_FZD8_LRP5,Neural crest,WNT5A,FZD8,0.351,0.013
Liver,发送,21,WNT5A_FZD8_LRP6,Neural crest,WNT5A,FZD8,0.351,0.022
Liver,发送,22,WNT5B_FZD1_LRP6,Neural crest,WNT5B,FZD1,0.318,0.026
Liver,发送,23,Glutamate_byGLS_and_SLC1A3_Glutamate_Kainate_3_5_complex,Neural crest,Glutamate,byGLS,0.311,0.0
Liver,发送,24,WNT5A_FZD5_LRP6,Neural crest,WNT5A,FZD5,0.303,0.017
Liver,发送,25,WNT5A_FZD5_LRP5,Neural crest,WNT5A,FZD5,0.303,0.019
Liver,发送,26,WNT5B_FZD7_LRP5,Neural crest,WNT5B,FZD7,0.294,0.047
Liver,发送,27,WNT5B_FZD1_LRP5,Neural crest,WNT5B,FZD1,0.294,0.026
Liver,发送,28,WNT7B_FZD1_LRP6,Neural crest,WNT7B,FZD1,0.279,0.021
Liver,发送,29,Glutamate_byGLS_and_SLC1A3_GRM8,Neural crest,Glutamate,byGLS,0.268,0.045
Liver,发送,30,WNT5B_FZD8_LRP6,Neural crest,WNT5B,FZD8,0.26,0.005
Liver,发送,31,WNT5B_FZD8_LRP5,Neural crest,WNT5B,FZD8,0.26,0.003
Liver,发送,32,RSPO3_LGR5,Neural crest,RSPO3,LGR5,0.259,0.004
Liver,发送,33,WNT7B_FZD7_LRP5,Neural crest,WNT7B,FZD7,0.254,0.042
Liver,发送,34,WNT7B_FZD1_LRP5,Neural crest,WNT7B,FZD1,0.254,0.02
Liver,发送,35,CDH3_CDH3,Neural crest,CDH3,CDH3,0.233,0.05
Liver,发送,36,WNT7B_FZD8_LRP5,Neural crest,WNT7B,FZD8,0.221,0.002
Liver,发送,37,WNT7B_FZD8_LRP6,Neural crest,WNT7B,FZD8,0.221,0.003
Liver,发送,38,IGF1_integrin_aVb3_complex,Neural crest,IGF1,integrin,0.219,0.012
Liver,发送,39,WNT5B_FZD5_LRP6,Neural crest,WNT5B,FZD5,0.212,0.003
Liver,发送,40,WNT5B_FZD5_LRP5,Neural crest,WNT5B,FZD5,0.212,0.002
Liver,发送,41,THBS1_integrin_aVb3_complex,Neural crest,THBS1,integrin,0.177,0.046
Liver,发送,42,WNT7B_FZD5_LRP6,Neural crest,WNT7B,FZD5,0.173,0.002
Liver,发送,43,WNT7B_FZD5_LRP5,Neural crest,WNT7B,FZD5,0.173,0.002
Liver,发送,44,VWF_integrin_aVb3_complex,Neural crest,VWF,integrin,0.17,0.019
Liver,发送,45,TNC_integrin_aVb3_complex,Neural crest,TNC,integrin,0.162,0.032
Liver,接收,1,IGF2_IGF2R,Neural crest,IGF2R,IGF2,1.696,0.049
Liver,接收,2,SHH_PTCH_GAS1_transmembrane_receptor,Neural crest,PTCH,SHH,0.877,0.001
Liver,接收,3,SHH_PTCH_CDON_transmembrane_receptor,Neural crest,PTCH,SHH,0.788,0.0
Liver,接收,4,SHH_PTCH_BOC_transmembrane_receptor,Neural crest,PTCH,SHH,0.764,0.0
Liver,接收,5,EFNA4_EPHA7,Neural crest,EPHA7,EFNA4,0.738,0.0
Liver,接收,6,SEMA3C_NRP2,Neural crest,NRP2,SEMA3C,0.713,0.0
Liver,接收,7,LAMC1_integrin_a6b1_complex,Neural crest,integrin,LAMC1,0.642,0.02
Liver,接收,8,PDGFC_PDGFRA,Neural crest,PDGFRA,PDGFC,0.623,0.048
Liver,接收,9,EFNA1_EPHA7,Neural crest,EPHA7,EFNA1,0.58,0.007
Liver,接收,10,WNT7B_SFRP1,Neural crest,SFRP1,WNT7B,0.565,0.0
Liver,接收,11,COL19A1_integrin_a1b1_complex,Neural crest,integrin,COL19A1,0.545,0.037
Liver,接收,12,WNT7B_SFRP2,Neural crest,SFRP2,WNT7B,0.533,0.0
Liver,接收,13,SEMA6A_PlexinA2_complex1,Neural crest,PlexinA2,SEMA6A,0.533,0.014
Liver,接收,14,WNT7B_FZD2_LRP6,Neural crest,FZD2,WNT7B,0.516,0.0
Liver,接收,15,WNT7B_FZD3_LRP6,Neural crest,FZD3,WNT7B,0.516,0.0
Liver,接收,16,WNT7B_FRZB,Neural crest,FRZB,WNT7B,0.506,0.0
Liver,接收,17,WNT7B_FZD7_LRP6,Neural crest,FZD7,WNT7B,0.494,0.0
Liver,接收,18,EFNA4_EPHA4,Neural crest,EPHA4,EFNA4,0.483,0.032
Liver,接收,19,WNT7B_FZD3_LRP5,Neural crest,FZD3,WNT7B,0.469,0.0
Liver,接收,20,WNT7B_FZD2_LRP5,Neural crest,FZD2,WNT7B,0.469,0.0
Liver,接收,21,WNT7B_FZD7_LRP5,Neural crest,FZD7,WNT7B,0.469,0.0
Liver,接收,22,SEMA4C_PLXNB2,Neural crest,PLXNB2,SEMA4C,0.468,0.015
Liver,接收,23,PDGFA_PDGFRA,Neural crest,PDGFRA,PDGFA,0.454,0.028
Liver,接收,24,WNT7B_FZD1_LRP5,Neural crest,FZD1,WNT7B,0.449,0.0
Liver,接收,25,WNT7B_FZD1_LRP6,Neural crest,FZD1,WNT7B,0.449,0.0
Liver,接收,26,WNT7B_FZD10_LRP5,Neural crest,FZD10,WNT7B,0.43,0.0
Liver,接收,27,WNT7B_FZD10_LRP6,Neural crest,FZD10,WNT7B,0.43,0.0
Liver,接收,28,WNT7B_FZD6_LRP6,Neural crest,FZD6,WNT7B,0.425,0.0
Liver,接收,29,WNT7B_FZD6_LRP5,Neural crest,FZD6,WNT7B,0.425,0.0
Liver,接收,30,EFNA4_EPHA3,Neural crest,EPHA3,EFNA4,0.413,0.014
Liver,接收,31,SEMA4G_PLXNB2,Neural crest,PLXNB2,SEMA4G,0.396,0.001
Liver,接收,32,SEMA4D_PLXNB2,Neural crest,PLXNB2,SEMA4D,0.384,0.026
Liver,接收,33,COL4A6_integrin_a1b1_complex,Neural crest,integrin,COL4A6,0.381,0.001
Liver,接收,34,THBS1_integrin_a3b1_complex,Neural crest,integrin,THBS1,0.331,0.017
Liver,接收,35,COL4A6_integrin_a11b1_complex,Neural crest,integrin,COL4A6,0.326,0.002
Liver,接收,36,COL4A6_ADGRG6,Neural crest,ADGRG6,COL4A6,0.323,0.001
Liver,接收,37,EDN3_EDNRA,Neural crest,EDNRA,EDN3,0.321,0.001
Liver,接收,38,COL12A1_integrin_a1b1_complex,Neural crest,integrin,COL12A1,0.295,0.008
Liver,接收,39,PDGFD_PDGFR_complex,Neural crest,PDGFR,PDGFD,0.291,0.037
Liver,接收,40,PDGFD_PDGFRB,Neural crest,PDGFRB,PDGFD,0.291,0.037
Liver,接收,41,PRNP_ADGRG6,Neural crest,ADGRG6,PRNP,0.247,0.018
Liver,接收,42,COL12A1_integrin_a11b1_complex,Neural crest,integrin,COL12A1,0.241,0.019
Liver,接收,43,WNT2_FZD3_LRP6,Neural crest,FZD3,WNT2,0.234,0.05
Liver,接收,44,WNT2_FZD2_LRP6,Neural crest,FZD2,WNT2,0.234,0.05
Liver,接收,45,CDH3_CDH3,Neural crest,CDH3,CDH3,0.233,0.05
Liver,接收,46,atRetinoicAcid_byALDH1A1_RAreceptor_RXRB,Neural crest,byALDH1A1,atRetinoicAcid,0.225,0.01
Liver,接收,47,WNT2_FRZB,Neural crest,FRZB,WNT2,0.224,0.014
Liver,接收,48,integrin_aVb3_complex_ADGRA2,Neural crest,aVb3,integrin,0.215,0.02
Liver,接收,49,COL4A3_integrin_a1b1_complex,Neural crest,integrin,COL4A3,0.2,0.003
Liver,接收,50,TGFA_EGFR,Neural crest,EGFR,TGFA,0.192,0.006
Liver,接收,51,atRetinoicAcid_byALDH1A1_RAreceptor_RXRA,Neural crest,byALDH1A1,atRetinoicAcid,0.182,0.015
Liver,接收,52,atRetinoicAcid_byALDH1A1_RAreceptor_RARA_RXRA,Neural crest,byALDH1A1,atRetinoicAcid,0.182,0.014
Liver,接收,53,atRetinoicAcid_byALDH1A1_RAreceptor_RARA,Neural crest,byALDH1A1,atRetinoicAcid,0.182,0.044
Liver,接收,54,NTF4_NGFR,Neural crest,NGFR,NTF4,0.17,0.013
Liver,接收,55,HBEGF_EGFR,Neural crest,EGFR,HBEGF,0.167,0.03
Liver,接收,56,integrin_aVb3_complex_ADGRE5,Neural crest,aVb3,integrin,0.147,0.026
Liver,接收,57,atRetinoicAcid_byALDH1A1_RAreceptor_RARB_RXRB,Neural crest,byALDH1A1,atRetinoicAcid,0.146,0.002
Liver,接收,58,atRetinoicAcid_byALDH1A1_RAreceptor_RARB,Neural crest,byALDH1A1,atRetinoicAcid,0.146,0.002
Liver,接收,59,COL4A3_integrin_a11b1_complex,Neural crest,integrin,COL4A3,0.145,0.007
Liver,接收,60,WNT2_FZD6_LRP6,Neural crest,FZD6,WNT2,0.143,0.03
Liver,接收,61,WNT2_FZD6_LRP5,Neural crest,FZD6,WNT2,0.143,0.03
Liver,接收,62,COL4A3_ADGRG6,Neural crest,ADGRG6,COL4A3,0.142,0.003
Liver,接收,63,LAMA3_integrin_a3b1_complex,Neural crest,integrin,LAMA3,0.138,0.045
Liver,接收,64,atRetinoicAcid_byALDH1A1_RAreceptor_RARG,Neural crest,byALDH1A1,atRetinoicAcid,0.137,0.002
Mesenchyme,发送,1,IGF2_IGF2R,Neural crest,IGF2,IGF2R,1.673,0.0
Mesenchyme,发送,2,IGF2_IGF1R,Neural crest,IGF2,IGF1R,1.497,0.016
Mesenchyme,发送,3,COL3A1_integrin_a1b1_complex,Neural crest,COL3A1,integrin,1.076,0.0
Mesenchyme,发送,4,COL3A1_ADGRG1,Neural crest,COL3A1,ADGRG1,1.058,0.0
Mesenchyme,发送,5,COL4A1_integrin_a1b1_complex,Neural crest,COL4A1,integrin,0.85,0.0
Mesenchyme,发送,6,COL4A1_ADGRG6,Neural crest,COL4A1,ADGRG6,0.831,0.0
Mesenchyme,发送,7,COL18A1_integrin_a1b1_complex,Neural crest,COL18A1,integrin,0.784,0.024
Mesenchyme,发送,8,FLRT2_ADGRL1,Neural crest,FLRT2,ADGRL1,0.782,0.0
Mesenchyme,发送,9,FLRT2_ADGRL3,Neural crest,FLRT2,ADGRL3,0.729,0.0
Mesenchyme,发送,10,COL1A2_integrin_a1b1_complex,Neural crest,COL1A2,integrin,0.634,0.0
Mesenchyme,发送,11,CDH6_CDH6,Neural crest,CDH6,CDH6,0.571,0.0
Mesenchyme,发送,12,COL4A2_integrin_a1b1_complex,Neural crest,COL4A2,integrin,0.535,0.0
Mesenchyme,发送,13,CDH5_CDH5,Neural crest,CDH5,CDH5,0.518,0.0
Mesenchyme,发送,14,COL4A2_ADGRG6,Neural crest,COL4A2,ADGRG6,0.516,0.0
Mesenchyme,发送,15,EFNA5_EPHA3,Neural crest,EFNA5,EPHA3,0.494,0.002
Mesenchyme,发送,16,SDC1_ADGRA2,Neural crest,SDC1,ADGRA2,0.443,0.001
Mesenchyme,发送,17,COL1A1_integrin_a1b1_complex,Neural crest,COL1A1,integrin,0.442,0.004
Mesenchyme,发送,18,VEGFA_KDR,Neural crest,VEGFA,KDR,0.434,0.015
Mesenchyme,发送,19,VEGFC_KDR,Neural crest,VEGFC,KDR,0.407,0.001
Mesenchyme,发送,20,VEGFA_NRP2,Neural crest,VEGFA,NRP2,0.385,0.02
Mesenchyme,发送,21,SEMA3E_PLXND1,Neural crest,SEMA3E,PLXND1,0.366,0.013
Mesenchyme,发送,22,SDC2_ADGRA2,Neural crest,SDC2,ADGRA2,0.359,0.0
Mesenchyme,发送,23,SEMA3C_NRP2,Neural crest,SEMA3C,NRP2,0.355,0.01
Mesenchyme,发送,24,COL26A1_integrin_a1b1_complex,Neural crest,COL26A1,integrin,0.349,0.02
Mesenchyme,发送,25,COL5A1_integrin_a1b1_complex,Neural crest,COL5A1,integrin,0.345,0.045
Mesenchyme,发送,26,EFNB1_EPHB3,Neural crest,EFNB1,EPHB3,0.338,0.029
Mesenchyme,发送,27,EFNA4_EPHA3,Neural crest,EFNA4,EPHA3,0.334,0.0
Mesenchyme,发送,28,COL9A1_integrin_a1b1_complex,Neural crest,COL9A1,integrin,0.331,0.046
Mesenchyme,发送,29,COL11A1_integrin_a1b1_complex,Neural crest,COL11A1,integrin,0.327,0.049
Mesenchyme,发送,30,SEMA6D_PlexinA1_complex1,Neural crest,SEMA6D,PlexinA1,0.325,0.025
Mesenchyme,发送,31,SEMA3F_NRP2,Neural crest,SEMA3F,NRP2,0.323,0.005
Mesenchyme,发送,32,LPAR1_ADGRE5,Neural crest,LPAR1,ADGRE5,0.302,0.009
Mesenchyme,发送,33,EFNA1_EPHA3,Neural crest,EFNA1,EPHA3,0.3,0.0
Mesenchyme,发送,34,Glutamate_byGLS_and_SLC1A3_GRIK1,Neural crest,Glutamate,byGLS,0.299,0.0
Mesenchyme,发送,35,BMP7_BMR1B_AVR2B,Neural crest,BMP7,BMR1B,0.295,0.007
Mesenchyme,发送,36,BMP7_BMPR1B_BMPR2,Neural crest,BMP7,BMPR1B,0.295,0.019
Mesenchyme,发送,37,Glutamate_byGLS_and_SLC1A3_GRIK3,Neural crest,Glutamate,byGLS,0.29,0.022
Mesenchyme,发送,38,KITLG_KIT,Neural crest,KITLG,KIT,0.273,0.037
Mesenchyme,发送,39,EFNA2_EPHA3,Neural crest,EFNA2,EPHA3,0.273,0.023
Mesenchyme,发送,40,integrin_aVb1_complex_ADGRE5,Neural crest,integrin,aVb1,0.267,0.031
Mesenchyme,发送,41,PDGFB_PDGFRB,Neural crest,PDGFB,PDGFRB,0.258,0.01
Mesenchyme,发送,42,BMP5_BMR1B_AVR2B,Neural crest,BMP5,BMR1B,0.247,0.027
Mesenchyme,发送,43,CD93_IFNGR1,Neural crest,CD93,IFNGR1,0.237,0.008
Mesenchyme,发送,44,JAG1_VASN,Neural crest,JAG1,VASN,0.225,0.045
Mesenchyme,发送,45,WNT5B_FZD6_LRP5,Neural crest,WNT5B,FZD6,0.174,0.035
Mesenchyme,发送,46,JAG2_VASN,Neural crest,JAG2,VASN,0.171,0.0
Mesenchyme,发送,47,WNT7B_FZD6_LRP5,Neural crest,WNT7B,FZD6,0.134,0.024
Mesenchyme,发送,48,WNT7B_FZD8_LRP5,Neural crest,WNT7B,FZD8,0.128,0.019
Mesenchyme,发送,49,WNT7B_FZD6_LRP6,Neural crest,WNT7B,FZD6,0.125,0.043
Mesenchyme,发送,50,WNT7B_FZD8_LRP6,Neural crest,WNT7B,FZD8,0.125,0.039
Mesenchyme,接收,1,DLK1_NOTCH2,Neural crest,NOTCH2,DLK1,1.135,0.0
Mesenchyme,接收,2,DLK1_NOTCH1,Neural crest,NOTCH1,DLK1,1.097,0.0
Mesenchyme,接收,3,COL3A1_integrin_a1b1_complex,Neural crest,integrin,COL3A1,0.998,0.0
Mesenchyme,接收,4,DLK1_NOTCH3,Neural crest,NOTCH3,DLK1,0.993,0.0
Mesenchyme,接收,5,COL3A1_ADGRG1,Neural crest,ADGRG1,COL3A1,0.948,0.021
Mesenchyme,接收,6,COL3A1_integrin_a11b1_complex,Neural crest,integrin,COL3A1,0.943,0.0
Mesenchyme,接收,7,COL18A1_integrin_a1b1_complex,Neural crest,integrin,COL18A1,0.888,0.001
Mesenchyme,接收,8,COL4A1_integrin_a1b1_complex,Neural crest,integrin,COL4A1,0.853,0.0
Mesenchyme,接收,9,COL2A1_integrin_a1b1_complex,Neural crest,integrin,COL2A1,0.853,0.0
Mesenchyme,接收,10,COL18A1_integrin_a11b1_complex,Neural crest,integrin,COL18A1,0.833,0.002
Mesenchyme,接收,11,COL4A1_integrin_a11b1_complex,Neural crest,integrin,COL4A1,0.798,0.0
Mesenchyme,接收,12,COL2A1_integrin_a11b1_complex,Neural crest,integrin,COL2A1,0.798,0.002
Mesenchyme,接收,13,COL4A1_ADGRG6,Neural crest,ADGRG6,COL4A1,0.795,0.0
Mesenchyme,接收,14,EFNA5_EPHA7,Neural crest,EPHA7,EFNA5,0.7,0.003
Mesenchyme,接收,15,NECTIN2_NECTIN3,Neural crest,NECTIN3,NECTIN2,0.632,0.006
Mesenchyme,接收,16,CDH6_CDH6,Neural crest,CDH6,CDH6,0.571,0.0
Mesenchyme,接收,17,EFNA1_EPHA7,Neural crest,EPHA7,EFNA1,0.567,0.0
Mesenchyme,接收,18,COL4A2_integrin_a1b1_complex,Neural crest,integrin,COL4A2,0.538,0.001
Mesenchyme,接收,19,EFNA4_EPHA7,Neural crest,EPHA7,EFNA4,0.536,0.0
Mesenchyme,接收,20,CDH5_CDH5,Neural crest,CDH5,CDH5,0.518,0.0
Mesenchyme,接收,21,EFNA2_EPHA7,Neural crest,EPHA7,EFNA2,0.509,0.0
Mesenchyme,接收,22,COL4A2_integrin_a11b1_complex,Neural crest,integrin,COL4A2,0.483,0.007
Mesenchyme,接收,23,COL4A2_ADGRG6,Neural crest,ADGRG6,COL4A2,0.48,0.003
Mesenchyme,接收,24,COL1A1_integrin_a1b1_complex,Neural crest,integrin,COL1A1,0.474,0.001
Mesenchyme,接收,25,VEGFA_KDR,Neural crest,KDR,VEGFA,0.463,0.0
Mesenchyme,接收,26,SDC1_ADGRA2,Neural crest,ADGRA2,SDC1,0.437,0.013
Mesenchyme,接收,27,COL1A1_integrin_a11b1_complex,Neural crest,integrin,COL1A1,0.419,0.009
Mesenchyme,接收,28,COL26A1_integrin_a1b1_complex,Neural crest,integrin,COL26A1,0.417,0.0
Mesenchyme,接收,29,COL9A1_integrin_a1b1_complex,Neural crest,integrin,COL9A1,0.407,0.002
Mesenchyme,接收,30,PDGFA_PDGFRA,Neural crest,PDGFRA,PDGFA,0.403,0.001
Mesenchyme,接收,31,BMP5_BMPR1A_BMPR2,Neural crest,BMPR1A,BMP5,0.374,0.006
Mesenchyme,接收,32,COL26A1_integrin_a11b1_complex,Neural crest,integrin,COL26A1,0.362,0.004
Mesenchyme,接收,33,VEGFA_NRP2,Neural crest,NRP2,VEGFA,0.362,0.027
Mesenchyme,接收,34,VEGFC_KDR,Neural crest,KDR,VEGFC,0.353,0.014
Mesenchyme,接收,35,COL9A1_integrin_a11b1_complex,Neural crest,integrin,COL9A1,0.352,0.013
Mesenchyme,接收,36,SEMA4C_PLXNB2,Neural crest,PLXNB2,SEMA4C,0.344,0.029
Mesenchyme,接收,37,RSPO3_LGR4,Neural crest,LGR4,RSPO3,0.344,0.007
Mesenchyme,接收,38,VEGFA_FLT1,Neural crest,FLT1,VEGFA,0.342,0.004
Mesenchyme,接收,39,VEGFA_FLT1_complex,Neural crest,FLT1,VEGFA,0.342,0.004
Mesenchyme,接收,40,VEGFA_NRP1,Neural crest,NRP1,VEGFA,0.342,0.007
Mesenchyme,接收,41,TF_TFRC,Neural crest,TFRC,TF,0.338,0.002
Mesenchyme,接收,42,atRetinoicAcid_byALDH1A2_RAreceptor_RXRB,Neural crest,byALDH1A2,atRetinoicAcid,0.328,0.002
Mesenchyme,接收,43,WNT6_SFRP2,Neural crest,SFRP2,WNT6,0.3,0.007
Mesenchyme,接收,44,atRetinoicAcid_byALDH1A2_RAreceptor_RXRA,Neural crest,byALDH1A2,atRetinoicAcid,0.286,0.004
Mesenchyme,接收,45,atRetinoicAcid_byALDH1A2_RAreceptor_RARA_RXRA,Neural crest,byALDH1A2,atRetinoicAcid,0.285,0.004
Mesenchyme,接收,46,atRetinoicAcid_byALDH1A2_RAreceptor_RARA,Neural crest,byALDH1A2,atRetinoicAcid,0.285,0.015
Mesenchyme,接收,47,WNT6_FZD2_LRP6,Neural crest,FZD2,WNT6,0.284,0.0
Mesenchyme,接收,48,WNT6_FZD3_LRP6,Neural crest,FZD3,WNT6,0.284,0.0
Mesenchyme,接收,49,EDN3_EDNRA,Neural crest,EDNRA,EDN3,0.282,0.0
Mesenchyme,接收,50,BMP5_BMR1A_AVR2B,Neural crest,BMR1A,BMP5,0.281,0.036
Mesenchyme,接收,51,WNT6_FRZB,Neural crest,FRZB,WNT6,0.274,0.0
Mesenchyme,接收,52,WNT6_FZD7_LRP6,Neural crest,FZD7,WNT6,0.261,0.0
Mesenchyme,接收,53,BMP5_BMPR1B_BMPR2,Neural crest,BMPR1B,BMP5,0.261,0.007
Mesenchyme,接收,54,BMP5_BMR1B_AVR2B,Neural crest,BMR1B,BMP5,0.261,0.007
Mesenchyme,接收,55,atRetinoicAcid_byALDH1A2_RAreceptor_RARB_RXRB,Neural crest,byALDH1A2,atRetinoicAcid,0.249,0.001
Mesenchyme,接收,56,atRetinoicAcid_byALDH1A2_RAreceptor_RARB,Neural crest,byALDH1A2,atRetinoicAcid,0.249,0.001
Mesenchyme,接收,57,BMP5_BMR1B_AVR2A,Neural crest,BMR1B,BMP5,0.248,0.013
Mesenchyme,接收,58,PECAM1_CD38,Neural crest,CD38,PECAM1,0.246,0.001
Mesenchyme,接收,59,atRetinoicAcid_byALDH1A2_RAreceptor_RARG,Neural crest,byALDH1A2,atRetinoicAcid,0.241,0.0
Mesenchyme,接收,60,WNT6_FZD7_LRP5,Neural crest,FZD7,WNT6,0.236,0.0
Mesenchyme,接收,61,WNT6_FZD2_LRP5,Neural crest,FZD2,WNT6,0.236,0.0
Mesenchyme,接收,62,WNT6_FZD3_LRP5,Neural crest,FZD3,WNT6,0.236,0.0
Mesenchyme,接收,63,WNT6_FZD1_LRP5,Neural crest,FZD1,WNT6,0.217,0.0
Mesenchyme,接收,64,WNT6_FZD1_LRP6,Neural crest,FZD1,WNT6,0.217,0.001
Mesenchyme,接收,65,COL6A2_integrin_a1b1_complex,Neural crest,integrin,COL6A2,0.205,0.0
Mesenchyme,接收,66,WNT7B_FRZB,Neural crest,FRZB,WNT7B,0.202,0.025
Mesenchyme,接收,67,COL6A3_integrin_a1b1_complex,Neural crest,integrin,COL6A3,0.198,0.0
Mesenchyme,接收,68,WNT6_FZD10_LRP5,Neural crest,FZD10,WNT6,0.198,0.0
Mesenchyme,接收,69,WNT6_FZD10_LRP6,Neural crest,FZD10,WNT6,0.198,0.0
Mesenchyme,接收,70,WNT6_FZD6_LRP6,Neural crest,FZD6,WNT6,0.193,0.0
Mesenchyme,接收,71,WNT6_FZD6_LRP5,Neural crest,FZD6,WNT6,0.193,0.0
Mesenchyme,接收,72,PRNP_ADGRG6,Neural crest,ADGRG6,PRNP,0.189,0.001
Mesenchyme,接收,73,COL6A2_integrin_a11b1_complex,Neural crest,integrin,COL6A2,0.15,0.024
Mesenchyme,接收,74,COL6A3_integrin_a11b1_complex,Neural crest,integrin,COL6A3,0.143,0.009
Neural crest,发送,1,IGF2_IGF2R,Neural crest,IGF2,IGF2R,1.653,0.0
Neural crest,发送,2,IGF2_IGF1R,Neural crest,IGF2,IGF1R,1.577,0.0
Neural crest,发送,3,COL3A1_integrin_a1b1_complex,Neural crest,COL3A1,integrin,1.14,0.0
Neural crest,发送,4,COL3A1_ADGRG1,Neural crest,COL3A1,ADGRG1,1.09,0.0
Neural crest,发送,5,COL3A1_integrin_a11b1_complex,Neural crest,COL3A1,integrin,1.085,0.0
Neural crest,发送,6,COL4A1_integrin_a1b1_complex,Neural crest,COL4A1,integrin,0.914,0.0
Neural crest,发送,7,COL4A1_integrin_a11b1_complex,Neural crest,COL4A1,integrin,0.859,0.0
Neural crest,发送,8,COL4A1_ADGRG6,Neural crest,COL4A1,ADGRG6,0.856,0.0
Neural crest,发送,9,MPZL1_MPZL1,Neural crest,MPZL1,MPZL1,0.853,0.004
Neural crest,发送,10,COL18A1_integrin_a1b1_complex,Neural crest,COL18A1,integrin,0.848,0.0
Neural crest,发送,11,FLRT2_ADGRL1,Neural crest,FLRT2,ADGRL1,0.834,0.0
Neural crest,发送,12,CADM1_CADM1,Neural crest,CADM1,CADM1,0.815,0.002
Neural crest,发送,13,DLK1_NOTCH2,Neural crest,DLK1,NOTCH2,0.813,0.0
Neural crest,发送,14,FLRT2_ADGRL3,Neural crest,FLRT2,ADGRL3,0.807,0.0
Neural crest,发送,15,COL18A1_integrin_a11b1_complex,Neural crest,COL18A1,integrin,0.793,0.0
Neural crest,发送,16,COL2A1_integrin_a1b1_complex,Neural crest,COL2A1,integrin,0.786,0.0
Neural crest,发送,17,COL2A1_integrin_a11b1_complex,Neural crest,COL2A1,integrin,0.731,0.0
Neural crest,发送,18,EFNA5_EPHA7,Neural crest,EFNA5,EPHA7,0.727,0.0
Neural crest,发送,19,COL1A2_integrin_a1b1_complex,Neural crest,COL1A2,integrin,0.698,0.0
Neural crest,发送,20,Cholesterol_byDHCR24_RORA,Neural crest,Cholesterol,byDHCR24,0.645,0.013
Neural crest,发送,21,COL1A2_integrin_a11b1_complex,Neural crest,COL1A2,integrin,0.643,0.0
Neural crest,发送,22,APP_FPR2,Neural crest,APP,FPR2,0.617,0.01
Neural crest,发送,23,COL4A2_integrin_a1b1_complex,Neural crest,COL4A2,integrin,0.599,0.0
Neural crest,发送,24,APP_TNFRSF21,Neural crest,APP,TNFRSF21,0.569,0.009
Neural crest,发送,25,EFNA4_EPHA7,Neural crest,EFNA4,EPHA7,0.567,0.0
Neural crest,发送,26,COL4A2_integrin_a11b1_complex,Neural crest,COL4A2,integrin,0.544,0.0
Neural crest,发送,27,COL4A2_ADGRG6,Neural crest,COL4A2,ADGRG6,0.541,0.0
Neural crest,发送,28,EFNA1_EPHA7,Neural crest,EFNA1,EPHA7,0.533,0.0
Neural crest,发送,29,APP_SORL1,Neural crest,APP,SORL1,0.532,0.007
Neural crest,发送,30,EFNA2_EPHA7,Neural crest,EFNA2,EPHA7,0.506,0.0
Neural crest,发送,31,CDH5_CDH5,Neural crest,CDH5,CDH5,0.506,0.0
Neural crest,发送,32,COL1A1_integrin_a1b1_complex,Neural crest,COL1A1,integrin,0.506,0.0
Neural crest,发送,33,PDGFC_PDGFRA,Neural crest,PDGFC,PDGFRA,0.5,0.004
Neural crest,发送,34,LAMC1_integrin_a6b1_complex,Neural crest,LAMC1,integrin,0.483,0.008
Neural crest,发送,35,VTN_integrin_aVb1_complex,Neural crest,VTN,integrin,0.475,0.0
Neural crest,发送,36,COL19A1_integrin_a1b1_complex,Neural crest,COL19A1,integrin,0.453,0.0
Neural crest,发送,37,COL1A1_integrin_a11b1_complex,Neural crest,COL1A1,integrin,0.452,0.0
Neural crest,发送,38,TNC_integrin_a9b1_complex,Neural crest,TNC,integrin,0.423,0.0
Neural crest,发送,39,SDC1_ADGRA2,Neural crest,SDC1,ADGRA2,0.423,0.0
Neural crest,发送,40,COL26A1_integrin_a1b1_complex,Neural crest,COL26A1,integrin,0.413,0.0
Neural crest,发送,41,SEMA3E_PLXND1,Neural crest,SEMA3E,PLXND1,0.409,0.0
Neural crest,发送,42,COL5A1_integrin_a1b1_complex,Neural crest,COL5A1,integrin,0.409,0.0
Neural crest,发送,43,ESAM_ESAM,Neural crest,ESAM,ESAM,0.407,0.0
Neural crest,发送,44,VEGFA_KDR,Neural crest,VEGFA,KDR,0.407,0.0
Neural crest,发送,45,COL5A2_integrin_a1b1_complex,Neural crest,COL5A2,integrin,0.399,0.0
Neural crest,发送,46,VCAM1_integrin_a9b1_complex,Neural crest,VCAM1,integrin,0.396,0.0
Neural crest,发送,47,COL9A1_integrin_a1b1_complex,Neural crest,COL9A1,integrin,0.396,0.0
Neural crest,发送,48,JAG1_NOTCH2,Neural crest,JAG1,NOTCH2,0.395,0.017
Neural crest,发送,49,COL11A1_integrin_a1b1_complex,Neural crest,COL11A1,integrin,0.391,0.0
Neural crest,发送,50,EFNB1_EPHB4,Neural crest,EFNB1,EPHB4,0.385,0.0
Neural crest,发送,51,EFNB2_EPHB4,Neural crest,EFNB2,EPHB4,0.385,0.0
Neural crest,发送,52,BMP7_BMPR1A_BMPR2,Neural crest,BMP7,BMPR1A,0.383,0.008
Neural crest,发送,53,WNT5A_ROR2,Neural crest,WNT5A,ROR2,0.381,0.048
Neural crest,发送,54,VEGFC_KDR,Neural crest,VEGFC,KDR,0.38,0.0
Neural crest,发送,55,PDGFA_PDGFRA,Neural crest,PDGFA,PDGFRA,0.37,0.0
Neural crest,发送,56,SEMA6A_PlexinA2_complex1,Neural crest,SEMA6A,PlexinA2,0.367,0.001
Neural crest,发送,57,COL26A1_integrin_a11b1_complex,Neural crest,COL26A1,integrin,0.358,0.0
Neural crest,发送,58,COL5A1_integrin_a11b1_complex,Neural crest,COL5A1,integrin,0.354,0.0
Neural crest,发送,59,TENM4_FLRT3_complex_ADGRL1,Neural crest,TENM4,FLRT3,0.352,0.032
Neural crest,发送,60,COL5A2_integrin_a11b1_complex,Neural crest,COL5A2,integrin,0.344,0.0
Neural crest,发送,61,Glutamate_byGLS_and_SLC1A3_GRM7,Neural crest,Glutamate,byGLS,0.344,0.0
Neural crest,发送,62,COL9A1_integrin_a11b1_complex,Neural crest,COL9A1,integrin,0.341,0.0
Neural crest,发送,63,JAG2_NOTCH2,Neural crest,JAG2,NOTCH2,0.34,0.0
Neural crest,发送,64,SDC2_ADGRA2,Neural crest,SDC2,ADGRA2,0.339,0.0
Neural crest,发送,65,COL11A1_integrin_a11b1_complex,Neural crest,COL11A1,integrin,0.336,0.0
Neural crest,发送,66,BMP5_BMPR1A_BMPR2,Neural crest,BMP5,BMPR1A,0.336,0.045
Neural crest,发送,67,VEGFB_FLT1_complex,Neural crest,VEGFB,FLT1,0.331,0.001
Neural crest,发送,68,VEGFB_FLT1,Neural crest,VEGFB,FLT1,0.331,0.001
Neural crest,发送,69,VEGFB_NRP1,Neural crest,VEGFB,NRP1,0.331,0.012
Neural crest,发送,70,EFNB1_EPHB3,Neural crest,EFNB1,EPHB3,0.32,0.009
Neural crest,发送,71,Glutamate_byGLS_and_SLC1A3_GRIA4,Neural crest,Glutamate,byGLS,0.319,0.0
Neural crest,发送,72,Cholesterol_byLIPA_RORA,Neural crest,Cholesterol,byLIPA,0.313,0.025
Neural crest,发送,73,PDGFB_PDGFRA,Neural crest,PDGFB,PDGFRA,0.305,0.0
Neural crest,发送,74,Glutamate_byGLS_and_SLC1A3_GRIK2,Neural crest,Glutamate,byGLS,0.302,0.005
Neural crest,发送,75,SEMA3A_NRP1,Neural crest,SEMA3A,NRP1,0.296,0.008
Neural crest,发送,76,RSPO3_LGR4,Neural crest,RSPO3,LGR4,0.296,0.01
Neural crest,发送,77,LPAR1_ADGRE5,Neural crest,LPAR1,ADGRE5,0.295,0.0
Neural crest,发送,78,SEMA3A_PlexinA1_complex3,Neural crest,SEMA3A,PlexinA1,0.294,0.008
Neural crest,发送,79,BMP7_BMR1A_AVR2B,Neural crest,BMP7,BMR1A,0.29,0.046
Neural crest,发送,80,VEGFA_FLT1,Neural crest,VEGFA,FLT1,0.287,0.015
Neural crest,发送,81,VEGFA_FLT1_complex,Neural crest,VEGFA,FLT1,0.287,0.015
Neural crest,发送,82,PDGFB_PDGFRB,Neural crest,PDGFB,PDGFRB,0.279,0.0
Neural crest,发送,83,PDGFB_PDGFR_complex,Neural crest,PDGFB,PDGFR,0.279,0.0
Neural crest,发送,84,BMP7_BMR1B_AVR2B,Neural crest,BMP7,BMR1B,0.27,0.0
Neural crest,发送,85,BMP7_BMPR1B_BMPR2,Neural crest,BMP7,BMPR1B,0.27,0.0
Neural crest,发送,86,Glutamate_byGLS_and_SLC1A3_GRIK3,Neural crest,Glutamate,byGLS,0.266,0.028
Neural crest,发送,87,Glutamate_byGLS_and_SLC1A3_GRIA3,Neural crest,Glutamate,byGLS,0.263,0.0
Neural crest,发送,88,integrin_aVb1_complex_ADGRE5,Neural crest,integrin,aVb1,0.26,0.005
Neural crest,发送,89,KITLG_KIT,Neural crest,KITLG,KIT,0.26,0.017
Neural crest,发送,90,BMP7_BMR1B_AVR2A,Neural crest,BMP7,BMR1B,0.257,0.008
Neural crest,发送,91,CD93_IFNGR1,Neural crest,CD93,IFNGR1,0.249,0.0
Neural crest,发送,92,WNT5B_FRZB,Neural crest,WNT5B,FRZB,0.244,0.0
Neural crest,发送,93,Glutamate_byGLS_and_SLC1A3_GRIK1,Neural crest,Glutamate,byGLS,0.242,0.0
Neural crest,发送,94,Glutamate_byGLS_and_SLC1A3_Glutamate_Kainate_1_5_complex,Neural crest,Glutamate,byGLS,0.236,0.0
Neural crest,发送,95,DKK2_LRP6,Neural crest,DKK2,LRP6,0.236,0.031
Neural crest,发送,96,Glutamate_byGLS_and_SLC1A3_Glutamate_Kainate_2_5_complex,Neural crest,Glutamate,byGLS,0.236,0.0
Neural crest,发送,97,Glutamate_byGLS_and_SLC1A3_Glutamate_Kainate_3_5_complex,Neural crest,Glutamate,byGLS,0.236,0.0
Neural crest,发送,98,BMP5_BMPR1B_BMPR2,Neural crest,BMP5,BMPR1B,0.223,0.018
Neural crest,发送,99,BMP5_BMR1B_AVR2B,Neural crest,BMP5,BMR1B,0.223,0.017
Neural crest,发送,100,COL12A1_integrin_a1b1_complex,Neural crest,COL12A1,integrin,0.214,0.0
Neural crest,接收,1,IGF2_IGF2R,Neural crest,IGF2R,IGF2,1.653,0.0
Neural crest,接收,2,IGF2_IGF1R,Neural crest,IGF1R,IGF2,1.577,0.0
Neural crest,接收,3,COL3A1_integrin_a1b1_complex,Neural crest,integrin,COL3A1,1.14,0.0
Neural crest,接收,4,COL3A1_ADGRG1,Neural crest,ADGRG1,COL3A1,1.09,0.0
Neural crest,接收,5,COL3A1_integrin_a11b1_complex,Neural crest,integrin,COL3A1,1.085,0.0
Neural crest,接收,6,COL4A1_integrin_a1b1_complex,Neural crest,integrin,COL4A1,0.914,0.0
Neural crest,接收,7,COL4A1_integrin_a11b1_complex,Neural crest,integrin,COL4A1,0.859,0.0
Neural crest,接收,8,COL4A1_ADGRG6,Neural crest,ADGRG6,COL4A1,0.856,0.0
Neural crest,接收,9,MPZL1_MPZL1,Neural crest,MPZL1,MPZL1,0.853,0.004
Neural crest,接收,10,COL18A1_integrin_a1b1_complex,Neural crest,integrin,COL18A1,0.848,0.0
Neural crest,接收,11,FLRT2_ADGRL1,Neural crest,ADGRL1,FLRT2,0.834,0.0
Neural crest,接收,12,CADM1_CADM1,Neural crest,CADM1,CADM1,0.815,0.002
Neural crest,接收,13,DLK1_NOTCH2,Neural crest,NOTCH2,DLK1,0.813,0.0
Neural crest,接收,14,FLRT2_ADGRL3,Neural crest,ADGRL3,FLRT2,0.807,0.0
Neural crest,接收,15,COL18A1_integrin_a11b1_complex,Neural crest,integrin,COL18A1,0.793,0.0
Neural crest,接收,16,COL2A1_integrin_a1b1_complex,Neural crest,integrin,COL2A1,0.786,0.0
Neural crest,接收,17,COL2A1_integrin_a11b1_complex,Neural crest,integrin,COL2A1,0.731,0.0
Neural crest,接收,18,EFNA5_EPHA7,Neural crest,EPHA7,EFNA5,0.727,0.0
Neural crest,接收,19,COL1A2_integrin_a1b1_complex,Neural crest,integrin,COL1A2,0.698,0.0
Neural crest,接收,20,Cholesterol_byDHCR24_RORA,Neural crest,byDHCR24,Cholesterol,0.645,0.013
Neural crest,接收,21,COL1A2_integrin_a11b1_complex,Neural crest,integrin,COL1A2,0.643,0.0
Neural crest,接收,22,APP_FPR2,Neural crest,FPR2,APP,0.617,0.01
Neural crest,接收,23,COL4A2_integrin_a1b1_complex,Neural crest,integrin,COL4A2,0.599,0.0
Neural crest,接收,24,APP_TNFRSF21,Neural crest,TNFRSF21,APP,0.569,0.009
Neural crest,接收,25,EFNA4_EPHA7,Neural crest,EPHA7,EFNA4,0.567,0.0
Neural crest,接收,26,COL4A2_integrin_a11b1_complex,Neural crest,integrin,COL4A2,0.544,0.0
Neural crest,接收,27,COL4A2_ADGRG6,Neural crest,ADGRG6,COL4A2,0.541,0.0
Neural crest,接收,28,EFNA1_EPHA7,Neural crest,EPHA7,EFNA1,0.533,0.0
Neural crest,接收,29,APP_SORL1,Neural crest,SORL1,APP,0.532,0.007
Neural crest,接收,30,EFNA2_EPHA7,Neural crest,EPHA7,EFNA2,0.506,0.0
Neural crest,接收,31,CDH5_CDH5,Neural crest,CDH5,CDH5,0.506,0.0
Neural crest,接收,32,COL1A1_integrin_a1b1_complex,Neural crest,integrin,COL1A1,0.506,0.0
Neural crest,接收,33,PDGFC_PDGFRA,Neural crest,PDGFRA,PDGFC,0.5,0.004
Neural crest,接收,34,LAMC1_integrin_a6b1_complex,Neural crest,integrin,LAMC1,0.483,0.008
Neural crest,接收,35,VTN_integrin_aVb1_complex,Neural crest,integrin,VTN,0.475,0.0
Neural crest,接收,36,COL19A1_integrin_a1b1_complex,Neural crest,integrin,COL19A1,0.453,0.0
Neural crest,接收,37,COL1A1_integrin_a11b1_complex,Neural crest,integrin,COL1A1,0.452,0.0
Neural crest,接收,38,TNC_integrin_a9b1_complex,Neural crest,integrin,TNC,0.423,0.0
Neural crest,接收,39,SDC1_ADGRA2,Neural crest,ADGRA2,SDC1,0.423,0.0
Neural crest,接收,40,COL26A1_integrin_a1b1_complex,Neural crest,integrin,COL26A1,0.413,0.0
Neural crest,接收,41,SEMA3E_PLXND1,Neural crest,PLXND1,SEMA3E,0.409,0.0
Neural crest,接收,42,COL5A1_integrin_a1b1_complex,Neural crest,integrin,COL5A1,0.409,0.0
Neural crest,接收,43,ESAM_ESAM,Neural crest,ESAM,ESAM,0.407,0.0
Neural crest,接收,44,VEGFA_KDR,Neural crest,KDR,VEGFA,0.407,0.0
Neural crest,接收,45,COL5A2_integrin_a1b1_complex,Neural crest,integrin,COL5A2,0.399,0.0
Neural crest,接收,46,VCAM1_integrin_a9b1_complex,Neural crest,integrin,VCAM1,0.396,0.0
Neural crest,接收,47,COL9A1_integrin_a1b1_complex,Neural crest,integrin,COL9A1,0.396,0.0
Neural crest,接收,48,JAG1_NOTCH2,Neural crest,NOTCH2,JAG1,0.395,0.017
Neural crest,接收,49,COL11A1_integrin_a1b1_complex,Neural crest,integrin,COL11A1,0.391,0.0
Neural crest,接收,50,EFNB1_EPHB4,Neural crest,EPHB4,EFNB1,0.385,0.0
Neural crest,接收,51,EFNB2_EPHB4,Neural crest,EPHB4,EFNB2,0.385,0.0
Neural crest,接收,52,BMP7_BMPR1A_BMPR2,Neural crest,BMPR1A,BMP7,0.383,0.008
Neural crest,接收,53,WNT5A_ROR2,Neural crest,ROR2,WNT5A,0.381,0.048
Neural crest,接收,54,VEGFC_KDR,Neural crest,KDR,VEGFC,0.38,0.0
Neural crest,接收,55,PDGFA_PDGFRA,Neural crest,PDGFRA,PDGFA,0.37,0.0
Neural crest,接收,56,SEMA6A_PlexinA2_complex1,Neural crest,PlexinA2,SEMA6A,0.367,0.001
Neural crest,接收,57,COL26A1_integrin_a11b1_complex,Neural crest,integrin,COL26A1,0.358,0.0
Neural crest,接收,58,COL5A1_integrin_a11b1_complex,Neural crest,integrin,COL5A1,0.354,0.0
Neural crest,接收,59,TENM4_FLRT3_complex_ADGRL1,Neural crest,FLRT3,TENM4,0.352,0.032
Neural crest,接收,60,COL5A2_integrin_a11b1_complex,Neural crest,integrin,COL5A2,0.344,0.0
Neural crest,接收,61,Glutamate_byGLS_and_SLC1A3_GRM7,Neural crest,byGLS,Glutamate,0.344,0.0
Neural crest,接收,62,COL9A1_integrin_a11b1_complex,Neural crest,integrin,COL9A1,0.341,0.0
Neural crest,接收,63,JAG2_NOTCH2,Neural crest,NOTCH2,JAG2,0.34,0.0
Neural crest,接收,64,SDC2_ADGRA2,Neural crest,ADGRA2,SDC2,0.339,0.0
Neural crest,接收,65,COL11A1_integrin_a11b1_complex,Neural crest,integrin,COL11A1,0.336,0.0
Neural crest,接收,66,BMP5_BMPR1A_BMPR2,Neural crest,BMPR1A,BMP5,0.336,0.045
Neural crest,接收,67,VEGFB_FLT1_complex,Neural crest,FLT1,VEGFB,0.331,0.001
Neural crest,接收,68,VEGFB_FLT1,Neural crest,FLT1,VEGFB,0.331,0.001
Neural crest,接收,69,VEGFB_NRP1,Neural crest,NRP1,VEGFB,0.331,0.012
Neural crest,接收,70,EFNB1_EPHB3,Neural crest,EPHB3,EFNB1,0.32,0.009
Neural crest,接收,71,Glutamate_byGLS_and_SLC1A3_GRIA4,Neural crest,byGLS,Glutamate,0.319,0.0
Neural crest,接收,72,Cholesterol_byLIPA_RORA,Neural crest,byLIPA,Cholesterol,0.313,0.025
Neural crest,接收,73,PDGFB_PDGFRA,Neural crest,PDGFRA,PDGFB,0.305,0.0
Neural crest,接收,74,Glutamate_byGLS_and_SLC1A3_GRIK2,Neural crest,byGLS,Glutamate,0.302,0.005
Neural crest,接收,75,SEMA3A_NRP1,Neural crest,NRP1,SEMA3A,0.296,0.008
Neural crest,接收,76,RSPO3_LGR4,Neural crest,LGR4,RSPO3,0.296,0.01
Neural crest,接收,77,LPAR1_ADGRE5,Neural crest,ADGRE5,LPAR1,0.295,0.0
Neural crest,接收,78,SEMA3A_PlexinA1_complex3,Neural crest,PlexinA1,SEMA3A,0.294,0.008
Neural crest,接收,79,BMP7_BMR1A_AVR2B,Neural crest,BMR1A,BMP7,0.29,0.046
Neural crest,接收,80,VEGFA_FLT1,Neural crest,FLT1,VEGFA,0.287,0.015
Neural crest,接收,81,VEGFA_FLT1_complex,Neural crest,FLT1,VEGFA,0.287,0.015
Neural crest,接收,82,PDGFB_PDGFRB,Neural crest,PDGFRB,PDGFB,0.279,0.0
Neural crest,接收,83,PDGFB_PDGFR_complex,Neural crest,PDGFR,PDGFB,0.279,0.0
Neural crest,接收,84,BMP7_BMR1B_AVR2B,Neural crest,BMR1B,BMP7,0.27,0.0
Neural crest,接收,85,BMP7_BMPR1B_BMPR2,Neural crest,BMPR1B,BMP7,0.27,0.0
Neural crest,接收,86,Glutamate_byGLS_and_SLC1A3_GRIK3,Neural crest,byGLS,Glutamate,0.266,0.028
Neural crest,接收,87,Glutamate_byGLS_and_SLC1A3_GRIA3,Neural crest,byGLS,Glutamate,0.263,0.0
Neural crest,接收,88,integrin_aVb1_complex_ADGRE5,Neural crest,aVb1,integrin,0.26,0.005
Neural crest,接收,89,KITLG_KIT,Neural crest,KIT,KITLG,0.26,0.017
Neural crest,接收,90,BMP7_BMR1B_AVR2A,Neural crest,BMR1B,BMP7,0.257,0.008
Neural crest,接收,91,CD93_IFNGR1,Neural crest,IFNGR1,CD93,0.249,0.0
Neural crest,接收,92,WNT5B_FRZB,Neural crest,FRZB,WNT5B,0.244,0.0
Neural crest,接收,93,Glutamate_byGLS_and_SLC1A3_GRIK1,Neural crest,byGLS,Glutamate,0.242,0.0
Neural crest,接收,94,Glutamate_byGLS_and_SLC1A3_Glutamate_Kainate_1_5_complex,Neural crest,byGLS,Glutamate,0.236,0.0
Neural crest,接收,95,DKK2_LRP6,Neural crest,LRP6,DKK2,0.236,0.031
Neural crest,接收,96,Glutamate_byGLS_and_SLC1A3_Glutamate_Kainate_2_5_complex,Neural crest,byGLS,Glutamate,0.236,0.0
Neural crest,接收,97,Glutamate_byGLS_and_SLC1A3_Glutamate_Kainate_3_5_complex,Neural crest,byGLS,Glutamate,0.236,0.0
Neural crest,接收,98,BMP5_BMPR1B_BMPR2,Neural crest,BMPR1B,BMP5,0.223,0.018
Neural crest,接收,99,BMP5_BMR1B_AVR2B,Neural crest,BMR1B,BMP5,0.223,0.017
Neural crest,接收,100,COL12A1_integrin_a1b1_complex,Neural crest,integrin,COL12A1,0.214,0.0
Neural crest_1_17_Target,发送,1,IGF2_IGF2R,Neural crest,IGF2,IGF2R,1.737,0.0
Neural crest_1_17_Target,发送,2,IGF2_IGF1R,Neural crest,IGF2,IGF1R,1.673,0.0
Neural crest_1_17_Target,发送,3,COL3A1_integrin_a1b1_complex,Neural crest,COL3A1,integrin,1.132,0.0
Neural crest_1_17_Target,发送,4,COL3A1_integrin_a11b1_complex,Neural crest,COL3A1,integrin,1.127,0.0
Neural crest_1_17_Target,发送,5,COL4A1_integrin_a1b1_complex,Neural crest,COL4A1,integrin,0.906,0.0
Neural crest_1_17_Target,发送,6,COL4A1_integrin_a11b1_complex,Neural crest,COL4A1,integrin,0.9,0.0
Neural crest_1_17_Target,发送,7,FLRT2_ADGRL3,Neural crest,FLRT2,ADGRL3,0.858,0.0
Neural crest_1_17_Target,发送,8,FLRT2_ADGRL1,Neural crest,FLRT2,ADGRL1,0.857,0.0
Neural crest_1_17_Target,发送,9,FN1_integrin_aVb5_complex,Neural crest,FN1,integrin,0.857,0.01
Neural crest_1_17_Target,发送,10,COL4A1_ADGRG6,Neural crest,COL4A1,ADGRG6,0.843,0.0
Neural crest_1_17_Target,发送,11,COL18A1_integrin_a1b1_complex,Neural crest,COL18A1,integrin,0.839,0.0
Neural crest_1_17_Target,发送,12,COL18A1_integrin_a11b1_complex,Neural crest,COL18A1,integrin,0.834,0.0
Neural crest_1_17_Target,发送,13,CADM1_CADM1,Neural crest,CADM1,CADM1,0.826,0.0
Neural crest_1_17_Target,发送,14,Cholesterol_byDHCR24_RORA,Neural crest,Cholesterol,byDHCR24,0.786,0.0
Neural crest_1_17_Target,发送,15,DLK1_NOTCH2,Neural crest,DLK1,NOTCH2,0.786,0.01
Neural crest_1_17_Target,发送,16,COL2A1_integrin_a1b1_complex,Neural crest,COL2A1,integrin,0.778,0.0
Neural crest_1_17_Target,发送,17,COL2A1_integrin_a11b1_complex,Neural crest,COL2A1,integrin,0.773,0.0
Neural crest_1_17_Target,发送,18,EFNA5_EPHA7,Neural crest,EFNA5,EPHA7,0.771,0.0
Neural crest_1_17_Target,发送,19,FN1_integrin_a11b1_complex,Neural crest,FN1,integrin,0.761,0.014
Neural crest_1_17_Target,发送,20,DLK1_NOTCH3,Neural crest,DLK1,NOTCH3,0.72,0.01
Neural crest_1_17_Target,发送,21,COL1A2_integrin_a1b1_complex,Neural crest,COL1A2,integrin,0.689,0.0
Neural crest_1_17_Target,发送,22,COL1A2_integrin_a11b1_complex,Neural crest,COL1A2,integrin,0.684,0.0
Neural crest_1_17_Target,发送,23,APP_FPR2,Neural crest,APP,FPR2,0.625,0.009
Neural crest_1_17_Target,发送,24,EFNA4_EPHA7,Neural crest,EFNA4,EPHA7,0.611,0.0
Neural crest_1_17_Target,发送,25,APP_SORL1,Neural crest,APP,SORL1,0.61,0.0
Neural crest_1_17_Target,发送,26,COL4A2_integrin_a1b1_complex,Neural crest,COL4A2,integrin,0.59,0.0
Neural crest_1_17_Target,发送,27,APP_TNFRSF21,Neural crest,APP,TNFRSF21,0.589,0.001
Neural crest_1_17_Target,发送,28,COL4A2_integrin_a11b1_complex,Neural crest,COL4A2,integrin,0.585,0.0
Neural crest_1_17_Target,发送,29,EFNA1_EPHA7,Neural crest,EFNA1,EPHA7,0.577,0.0
Neural crest_1_17_Target,发送,30,LRFN4_PTPRD,Neural crest,LRFN4,PTPRD,0.574,0.0
Neural crest_1_17_Target,发送,31,SLIT2_ROBO2,Neural crest,SLIT2,ROBO2,0.558,0.005
Neural crest_1_17_Target,发送,32,EFNA2_EPHA7,Neural crest,EFNA2,EPHA7,0.55,0.0
Neural crest_1_17_Target,发送,33,PDGFC_PDGFRA,Neural crest,PDGFC,PDGFRA,0.548,0.0
Neural crest_1_17_Target,发送,34,IGF1_IGF1R,Neural crest,IGF1,IGF1R,0.547,0.002
Neural crest_1_17_Target,发送,35,IGF1_IGF1R_enhancerComGPC3,Neural crest,IGF1,IGF1R,0.547,0.002
Neural crest_1_17_Target,发送,36,BMPR1B_BMPR2_BMPR1A,Neural crest,BMPR1B,BMPR2,0.532,0.018
Neural crest_1_17_Target,发送,37,COL4A2_ADGRG6,Neural crest,COL4A2,ADGRG6,0.528,0.0
Neural crest_1_17_Target,发送,38,COL1A1_integrin_a1b1_complex,Neural crest,COL1A1,integrin,0.498,0.0
Neural crest_1_17_Target,发送,39,COL1A1_integrin_a11b1_complex,Neural crest,COL1A1,integrin,0.493,0.0
Neural crest_1_17_Target,发送,40,VTN_integrin_aVb1_complex,Neural crest,VTN,integrin,0.492,0.0
Neural crest_1_17_Target,发送,41,TNC_integrin_a9b1_complex,Neural crest,TNC,integrin,0.486,0.0
Neural crest_1_17_Target,发送,42,CDH5_CDH5,Neural crest,CDH5,CDH5,0.486,0.0
Neural crest_1_17_Target,发送,43,SDC1_ADGRA2,Neural crest,SDC1,ADGRA2,0.468,0.0
Neural crest_1_17_Target,发送,44,PTPRD_IL1RAPL1,Neural crest,PTPRD,IL1RAPL1,0.461,0.001
Neural crest_1_17_Target,发送,45,VCAM1_integrin_a9b1_complex,Neural crest,VCAM1,integrin,0.459,0.0
Neural crest_1_17_Target,发送,46,Cholesterol_byLIPA_RORA,Neural crest,Cholesterol,byLIPA,0.454,0.0
Neural crest_1_17_Target,发送,47,Cholesterol_byDHCR7_RORA,Neural crest,Cholesterol,byDHCR7,0.452,0.0
Neural crest_1_17_Target,发送,48,WNT5B_SFRP1,Neural crest,WNT5B,SFRP1,0.449,0.03
Neural crest_1_17_Target,发送,49,TENM4_ADGRL3,Neural crest,TENM4,ADGRL3,0.444,0.047
Neural crest_1_17_Target,发送,50,COL19A1_integrin_a1b1_complex,Neural crest,COL19A1,integrin,0.444,0.018
Neural crest_1_17_Target,发送,51,VEGFB_NRP1,Neural crest,VEGFB,NRP1,0.443,0.0
Neural crest_1_17_Target,发送,52,COL19A1_integrin_a11b1_complex,Neural crest,COL19A1,integrin,0.439,0.0
Neural crest_1_17_Target,发送,53,PDGFA_PDGFRA,Neural crest,PDGFA,PDGFRA,0.418,0.0
Neural crest_1_17_Target,发送,54,EFNB1_EPHA4,Neural crest,EFNB1,EPHA4,0.41,0.028
Neural crest_1_17_Target,发送,55,WNT7B_SFRP1,Neural crest,WNT7B,SFRP1,0.409,0.02
Neural crest_1_17_Target,发送,56,SEMA3A_NRP1,Neural crest,SEMA3A,NRP1,0.408,0.0
Neural crest_1_17_Target,发送,57,COL26A1_integrin_a1b1_complex,Neural crest,COL26A1,integrin,0.404,0.0
Neural crest_1_17_Target,发送,58,BMP7_BMPR1A_BMPR2,Neural crest,BMP7,BMPR1A,0.401,0.0
Neural crest_1_17_Target,发送,59,COL5A1_integrin_a1b1_complex,Neural crest,COL5A1,integrin,0.401,0.0
Neural crest_1_17_Target,发送,60,VEGFA_NRP1,Neural crest,VEGFA,NRP1,0.399,0.0
Neural crest_1_17_Target,发送,61,COL26A1_integrin_a11b1_complex,Neural crest,COL26A1,integrin,0.399,0.0
Neural crest_1_17_Target,发送,62,WNT5A_FZD2_LRP6,Neural crest,WNT5A,FZD2,0.398,0.033
Neural crest_1_17_Target,发送,63,WNT5A_FZD3_LRP6,Neural crest,WNT5A,FZD3,0.398,0.033
Neural crest_1_17_Target,发送,64,WNT5A_ROR2,Neural crest,WNT5A,ROR2,0.397,0.032
Neural crest_1_17_Target,发送,65,EFNB1_EPHB3,Neural crest,EFNB1,EPHB3,0.395,0.0
Neural crest_1_17_Target,发送,66,COL5A1_integrin_a11b1_complex,Neural crest,COL5A1,integrin,0.395,0.0
Neural crest_1_17_Target,发送,67,EFNB2_EPHB3,Neural crest,EFNB2,EPHB3,0.395,0.0
Neural crest_1_17_Target,发送,68,COL5A2_integrin_a1b1_complex,Neural crest,COL5A2,integrin,0.39,0.0
Neural crest_1_17_Target,发送,69,SEMA3E_PLXND1,Neural crest,SEMA3E,PLXND1,0.388,0.0
Neural crest_1_17_Target,发送,70,COL9A1_integrin_a1b1_complex,Neural crest,COL9A1,integrin,0.387,0.0
Neural crest_1_17_Target,发送,71,COL5A2_integrin_a11b1_complex,Neural crest,COL5A2,integrin,0.385,0.0
Neural crest_1_17_Target,发送,72,ESAM_ESAM,Neural crest,ESAM,ESAM,0.384,0.0
Neural crest_1_17_Target,发送,73,SDC2_ADGRA2,Neural crest,SDC2,ADGRA2,0.384,0.0
Neural crest_1_17_Target,发送,74,COL11A1_integrin_a1b1_complex,Neural crest,COL11A1,integrin,0.383,0.0
Neural crest_1_17_Target,发送,75,COL9A1_integrin_a11b1_complex,Neural crest,COL9A1,integrin,0.382,0.0
Neural crest_1_17_Target,发送,76,COL11A1_integrin_a11b1_complex,Neural crest,COL11A1,integrin,0.377,0.0
Neural crest_1_17_Target,发送,77,TENM4_FLRT3_complex_ADGRL1,Neural crest,TENM4,FLRT3,0.376,0.006
Neural crest_1_17_Target,发送,78,FLRT3_ADGRL3,Neural crest,FLRT3,ADGRL3,0.376,0.001
Neural crest_1_17_Target,发送,79,TENM3_FLRT3_complex_ADGRL3,Neural crest,TENM3,FLRT3,0.376,0.001
Neural crest_1_17_Target,发送,80,BMP4_BMR1A_ACR2A,Neural crest,BMP4,BMR1A,0.375,0.014
Neural crest_1_17_Target,发送,81,WNT5A_ROR1,Neural crest,WNT5A,ROR1,0.373,0.0
Neural crest_1_17_Target,发送,82,EFNB1_EPHB4,Neural crest,EFNB1,EPHB4,0.356,0.005
Neural crest_1_17_Target,发送,83,BMP5_BMPR1A_BMPR2,Neural crest,BMP5,BMPR1A,0.354,0.009
Neural crest_1_17_Target,发送,84,RSPO3_LGR4,Neural crest,RSPO3,LGR4,0.354,0.0
Neural crest_1_17_Target,发送,85,PDGFB_PDGFRA,Neural crest,PDGFB,PDGFRA,0.353,0.0
Neural crest_1_17_Target,发送,86,BMP4_BMR1B_AVR2A,Neural crest,BMP4,BMR1B,0.353,0.002
Neural crest_1_17_Target,发送,87,BMP4_BMPR1B_BMPR2,Neural crest,BMP4,BMPR1B,0.353,0.002
Neural crest_1_17_Target,发送,88,BMP4_BMR1B_AVR2B,Neural crest,BMP4,BMR1B,0.349,0.002
Neural crest_1_17_Target,发送,89,BMP7_BMR1A_ACR2A,Neural crest,BMP7,BMR1A,0.348,0.0
Neural crest_1_17_Target,发送,90,SEMA3A_PlexinA1_complex3,Neural crest,SEMA3A,PlexinA1,0.336,0.0
Neural crest_1_17_Target,发送,91,SEMA6D_PlexinA1_complex1,Neural crest,SEMA6D,PlexinA1,0.329,0.001
Neural crest_1_17_Target,发送,92,BMP7_BMR1B_AVR2A,Neural crest,BMP7,BMR1B,0.326,0.0
Neural crest_1_17_Target,发送,93,BMP7_BMPR1B_BMPR2,Neural crest,BMP7,BMPR1B,0.326,0.0
Neural crest_1_17_Target,发送,94,Glutamate_byGLS_and_SLC1A3_GRIA4,Neural crest,Glutamate,byGLS,0.323,0.0
Neural crest_1_17_Target,发送,95,BMP7_BMR1A_AVR2B,Neural crest,BMP7,BMR1A,0.322,0.001
Neural crest_1_17_Target,发送,96,BMP7_BMR1B_AVR2B,Neural crest,BMP7,BMR1B,0.322,0.0
Neural crest_1_17_Target,发送,97,VEGFB_FLT1_complex,Neural crest,VEGFB,FLT1,0.317,0.045
Neural crest_1_17_Target,发送,98,VEGFB_FLT1,Neural crest,VEGFB,FLT1,0.317,0.045
Neural crest_1_17_Target,发送,99,JAG2_NOTCH2,Neural crest,JAG2,NOTCH2,0.314,0.02
Neural crest_1_17_Target,发送,100,Glutamate_byGLS_and_SLC1A3_GRM7,Neural crest,Glutamate,byGLS,0.314,0.018
Neural crest_1_17_Target,接收,1,IGF2_IGF2R,Neural crest,IGF2R,IGF2,1.839,0.0
Neural crest_1_17_Target,接收,2,IGF2_IGF1R,Neural crest,IGF1R,IGF2,1.762,0.0
Neural crest_1_17_Target,接收,3,COL3A1_integrin_a1b1_complex,Neural crest,integrin,COL3A1,1.121,0.0
Neural crest_1_17_Target,接收,4,COL3A1_ADGRG1,Neural crest,ADGRG1,COL3A1,1.071,0.0
Neural crest_1_17_Target,接收,5,COL3A1_integrin_a11b1_complex,Neural crest,integrin,COL3A1,1.066,0.0
Neural crest_1_17_Target,接收,6,COL2A1_integrin_a1b1_complex,Neural crest,integrin,COL2A1,0.999,0.0
Neural crest_1_17_Target,接收,7,COL18A1_integrin_a1b1_complex,Neural crest,integrin,COL18A1,0.945,0.0
Neural crest_1_17_Target,接收,8,COL2A1_integrin_a11b1_complex,Neural crest,integrin,COL2A1,0.944,0.0
Neural crest_1_17_Target,接收,9,FLRT2_ADGRL1,Neural crest,ADGRL1,FLRT2,0.935,0.0
Neural crest_1_17_Target,接收,10,FLRT2_ADGRL3,Neural crest,ADGRL3,FLRT2,0.908,0.0
Neural crest_1_17_Target,接收,11,COL4A1_integrin_a1b1_complex,Neural crest,integrin,COL4A1,0.904,0.0
Neural crest_1_17_Target,接收,12,EFNA5_EPHA7,Neural crest,EPHA7,EFNA5,0.895,0.0
Neural crest_1_17_Target,接收,13,COL18A1_integrin_a11b1_complex,Neural crest,integrin,COL18A1,0.89,0.0
Neural crest_1_17_Target,接收,14,FN1_integrin_aVb5_complex,Neural crest,integrin,FN1,0.867,0.008
Neural crest_1_17_Target,接收,15,COL4A1_integrin_a11b1_complex,Neural crest,integrin,COL4A1,0.849,0.0
Neural crest_1_17_Target,接收,16,COL4A1_ADGRG6,Neural crest,ADGRG6,COL4A1,0.846,0.0
Neural crest_1_17_Target,接收,17,DLK1_NOTCH2,Neural crest,NOTCH2,DLK1,0.835,0.0
Neural crest_1_17_Target,接收,18,CADM1_CADM1,Neural crest,CADM1,CADM1,0.826,0.0
Neural crest_1_17_Target,接收,19,COL1A2_integrin_a1b1_complex,Neural crest,integrin,COL1A2,0.781,0.0
Neural crest_1_17_Target,接收,20,FN1_integrin_a4b1_complex,Neural crest,integrin,FN1,0.78,0.025
Neural crest_1_17_Target,接收,21,COL1A2_integrin_a11b1_complex,Neural crest,integrin,COL1A2,0.726,0.0
Neural crest_1_17_Target,接收,22,Cholesterol_byDHCR24_RORA,Neural crest,byDHCR24,Cholesterol,0.702,0.0
Neural crest_1_17_Target,接收,23,APP_FPR2,Neural crest,FPR2,APP,0.677,0.0
Neural crest_1_17_Target,接收,24,EFNA5_EPHA4,Neural crest,EPHA4,EFNA5,0.64,0.0
Neural crest_1_17_Target,接收,25,EFNA5_EPHB2,Neural crest,EPHB2,EFNA5,0.636,0.0
Neural crest_1_17_Target,接收,26,APP_TNFRSF21,Neural crest,TNFRSF21,APP,0.628,0.0
Neural crest_1_17_Target,接收,27,APP_SORL1,Neural crest,SORL1,APP,0.591,0.0
Neural crest_1_17_Target,接收,28,COL1A1_integrin_a1b1_complex,Neural crest,integrin,COL1A1,0.581,0.0
Neural crest_1_17_Target,接收,29,EFNA5_EPHA3,Neural crest,EPHA3,EFNA5,0.57,0.0
Neural crest_1_17_Target,接收,30,TENM2_ADGRL2,Neural crest,ADGRL2,TENM2,0.564,0.0
Neural crest_1_17_Target,接收,31,EFNA1_EPHA7,Neural crest,EPHA7,EFNA1,0.559,0.0
Neural crest_1_17_Target,接收,32,COL4A2_integrin_a1b1_complex,Neural crest,integrin,COL4A2,0.558,0.0
Neural crest_1_17_Target,接收,33,TENM3_ADGRL1,Neural crest,ADGRL1,TENM3,0.539,0.038
Neural crest_1_17_Target,接收,34,PTPRD_IL1RAPL1,Neural crest,IL1RAPL1,PTPRD,0.536,0.0
Neural crest_1_17_Target,接收,35,NCAM1_AGRN,Neural crest,AGRN,NCAM1,0.535,0.0
Neural crest_1_17_Target,接收,36,BMPR1B_BMPR2_BMPR1A,Neural crest,BMPR2,BMPR1B,0.535,0.011
Neural crest_1_17_Target,接收,37,EFNA4_EPHA7,Neural crest,EPHA7,EFNA4,0.527,0.0
Neural crest_1_17_Target,接收,38,COL1A1_integrin_a11b1_complex,Neural crest,integrin,COL1A1,0.526,0.0
Neural crest_1_17_Target,接收,39,EFNA2_EPHA7,Neural crest,EPHA7,EFNA2,0.522,0.0
Neural crest_1_17_Target,接收,40,VTN_integrin_aVb1_complex,Neural crest,integrin,VTN,0.516,0.0
Neural crest_1_17_Target,接收,41,COL4A2_integrin_a11b1_complex,Neural crest,integrin,COL4A2,0.503,0.0
Neural crest_1_17_Target,接收,42,NCAM1_FGFR1,Neural crest,FGFR1,NCAM1,0.502,0.0
Neural crest_1_17_Target,接收,43,COL4A2_ADGRG6,Neural crest,ADGRG6,COL4A2,0.5,0.0
Neural crest_1_17_Target,接收,44,PDGFC_PDGFRA,Neural crest,PDGFRA,PDGFC,0.488,0.048
Neural crest_1_17_Target,接收,45,CDH5_CDH5,Neural crest,CDH5,CDH5,0.486,0.0
Neural crest_1_17_Target,接收,46,COL5A1_integrin_a1b1_complex,Neural crest,integrin,COL5A1,0.469,0.0
Neural crest_1_17_Target,接收,47,TNC_integrin_a9b1_complex,Neural crest,integrin,TNC,0.468,0.0
Neural crest_1_17_Target,接收,48,COL26A1_integrin_a1b1_complex,Neural crest,integrin,COL26A1,0.458,0.0
Neural crest_1_17_Target,接收,49,COL11A1_integrin_a1b1_complex,Neural crest,integrin,COL11A1,0.449,0.0
Neural crest_1_17_Target,接收,50,COL19A1_integrin_a1b1_complex,Neural crest,integrin,COL19A1,0.441,0.023
Neural crest_1_17_Target,接收,51,TENM2_ADGRL1,Neural crest,ADGRL1,TENM2,0.438,0.0
Neural crest_1_17_Target,接收,52,VEGFC_KDR,Neural crest,KDR,VEGFC,0.415,0.0
Neural crest_1_17_Target,接收,53,COL5A1_integrin_a11b1_complex,Neural crest,integrin,COL5A1,0.414,0.0
Neural crest_1_17_Target,接收,54,TENM2_ADGRL3,Neural crest,ADGRL3,TENM2,0.411,0.0
Neural crest_1_17_Target,接收,55,SEMA6A_PlexinA2_complex1,Neural crest,PlexinA2,SEMA6A,0.411,0.0
Neural crest_1_17_Target,接收,56,COL9A1_integrin_a1b1_complex,Neural crest,integrin,COL9A1,0.408,0.0
Neural crest_1_17_Target,接收,57,EFNB2_EPHB4,Neural crest,EPHB4,EFNB2,0.404,0.001
Neural crest_1_17_Target,接收,58,COL26A1_integrin_a11b1_complex,Neural crest,integrin,COL26A1,0.403,0.0
Neural crest_1_17_Target,接收,59,SDC1_ADGRA2,Neural crest,ADGRA2,SDC1,0.4,0.015
Neural crest_1_17_Target,接收,60,COL5A2_integrin_a1b1_complex,Neural crest,integrin,COL5A2,0.399,0.0
Neural crest_1_17_Target,接收,61,COL11A1_integrin_a11b1_complex,Neural crest,integrin,COL11A1,0.394,0.0
Neural crest_1_17_Target,接收,62,ESAM_ESAM,Neural crest,ESAM,ESAM,0.384,0.0
Neural crest_1_17_Target,接收,63,PDGFA_PDGFRA,Neural crest,PDGFRA,PDGFA,0.381,0.0
Neural crest_1_17_Target,接收,64,SEMA3C_NRP2,Neural crest,NRP2,SEMA3C,0.381,0.0
Neural crest_1_17_Target,接收,65,SEMA3E_PLXND1,Neural crest,PLXND1,SEMA3E,0.379,0.0
Neural crest_1_17_Target,接收,66,EFNB1_EPHB4,Neural crest,EPHB4,EFNB1,0.363,0.003
Neural crest_1_17_Target,接收,67,Glutamate_byGLS_and_SLC1A3_GRM7,Neural crest,byGLS,Glutamate,0.361,0.0
Neural crest_1_17_Target,接收,68,COL9A1_integrin_a11b1_complex,Neural crest,integrin,COL9A1,0.353,0.0
Neural crest_1_17_Target,接收,69,TENM2_FLRT3_complex_ADGRL1,Neural crest,FLRT3,TENM2,0.346,0.007
Neural crest_1_17_Target,接收,70,COL5A2_integrin_a11b1_complex,Neural crest,integrin,COL5A2,0.344,0.001
Neural crest_1_17_Target,接收,71,BMP5_BMPR1A_BMPR2,Neural crest,BMPR1A,BMP5,0.34,0.04
Neural crest_1_17_Target,接收,72,Glutamate_byGLS_and_SLC1A3_GRIA4,Neural crest,byGLS,Glutamate,0.336,0.0
Neural crest_1_17_Target,接收,73,LPAR1_ADGRE5,Neural crest,ADGRE5,LPAR1,0.328,0.0
Neural crest_1_17_Target,接收,74,VEGFB_FLT1_complex,Neural crest,FLT1,VEGFB,0.327,0.027
Neural crest_1_17_Target,接收,75,VEGFB_FLT1,Neural crest,FLT1,VEGFB,0.327,0.027
Neural crest_1_17_Target,接收,76,SEMA6D_PlexinA1_complex1,Neural crest,PlexinA1,SEMA6D,0.321,0.032
Neural crest_1_17_Target,接收,77,Glutamate_byGLS_and_SLC1A3_GRIK2,Neural crest,byGLS,Glutamate,0.318,0.001
Neural crest_1_17_Target,接收,78,SEMA3A_NRP1,Neural crest,NRP1,SEMA3A,0.31,0.002
Neural crest_1_17_Target,接收,79,SEMA3A_PlexinA1_complex3,Neural crest,PlexinA1,SEMA3A,0.308,0.004
Neural crest_1_17_Target,接收,80,SDC2_ADGRA2,Neural crest,ADGRA2,SDC2,0.299,0.014
Neural crest_1_17_Target,接收,81,PDGFD_PDGFR_complex,Neural crest,PDGFR,PDGFD,0.295,0.0
Neural crest_1_17_Target,接收,82,PDGFD_PDGFRB,Neural crest,PDGFRB,PDGFD,0.295,0.0
Neural crest_1_17_Target,接收,83,Glutamate_byGLS_and_SLC1A3_GRIK3,Neural crest,byGLS,Glutamate,0.282,0.007
Neural crest_1_17_Target,接收,84,Glutamate_byGLS_and_SLC1A3_GRIA3,Neural crest,byGLS,Glutamate,0.28,0.0
Neural crest_1_17_Target,接收,85,integrin_aVb1_complex_ADGRE5,Neural crest,aVb1,integrin,0.277,0.004
Neural crest_1_17_Target,接收,86,COL4A5_integrin_a1b1_complex,Neural crest,integrin,COL4A5,0.264,0.001
Neural crest_1_17_Target,接收,87,Glutamate_byGLS_and_SLC1A3_GRIK1,Neural crest,byGLS,Glutamate,0.259,0.0
Neural crest_1_17_Target,接收,88,TGFB2_TGFBR3,Neural crest,TGFBR3,TGFB2,0.254,0.002
Neural crest_1_17_Target,接收,89,Glutamate_byGLS_and_SLC1A3_Glutamate_Kainate_1_5_complex,Neural crest,byGLS,Glutamate,0.252,0.0
Neural crest_1_17_Target,接收,90,Glutamate_byGLS_and_SLC1A3_Glutamate_Kainate_2_5_complex,Neural crest,byGLS,Glutamate,0.252,0.0
Neural crest_1_17_Target,接收,91,Glutamate_byGLS_and_SLC1A3_Glutamate_Kainate_3_5_complex,Neural crest,byGLS,Glutamate,0.252,0.0
Neural crest_1_17_Target,接收,92,LAMA2_ADGRG6,Neural crest,ADGRG6,LAMA2,0.247,0.0
Neural crest_1_17_Target,接收,93,COL13A1_integrin_a1b1_complex,Neural crest,integrin,COL13A1,0.241,0.0
Neural crest_1_17_Target,接收,94,EFNA1_EPHA3,Neural crest,EPHA3,EFNA1,0.235,0.025
Neural crest_1_17_Target,接收,95,BMP5_BMPR1B_BMPR2,Neural crest,BMPR1B,BMP5,0.227,0.025
Neural crest_1_17_Target,接收,96,BMP5_BMR1B_AVR2B,Neural crest,BMR1B,BMP5,0.227,0.024
Neural crest_1_17_Target,接收,97,TNC_integrin_a4b1_complex,Neural crest,integrin,TNC,0.225,0.0
Neural crest_1_17_Target,接收,98,CD93_IFNGR1,Neural crest,IFNGR1,CD93,0.223,0.005
Neural crest_1_17_Target,接收,99,TGFB2_TGFbeta_receptor1,Neural crest,TGFbeta,TGFB2,0.223,0.006
Neural crest_1_17_Target,接收,100,COL6A2_integrin_a1b1_complex,Neural crest,integrin,COL6A2,0.219,0.0
Notochord,发送,1,IGF2_IGF1R,Neural crest,IGF2,IGF1R,1.718,0.0
Notochord,发送,2,IGF2_IGF2R,Neural crest,IGF2,IGF2R,1.562,0.0
Notochord,发送,3,COL3A1_ADGRG1,Neural crest,COL3A1,ADGRG1,1.363,0.0
Notochord,发送,4,COL3A1_integrin_a11b1_complex,Neural crest,COL3A1,integrin,1.078,0.0
Notochord,发送,5,COL3A1_integrin_a1b1_complex,Neural crest,COL3A1,integrin,1.071,0.0
Notochord,发送,6,CADM1_NECTIN3,Neural crest,CADM1,NECTIN3,1.006,0.0
Notochord,发送,7,DLK1_NOTCH1,Neural crest,DLK1,NOTCH1,0.948,0.0
Notochord,发送,8,DLK1_NOTCH2,Neural crest,DLK1,NOTCH2,0.893,0.0
Notochord,发送,9,LRFN4_PTPRF,Neural crest,LRFN4,PTPRF,0.889,0.0
Notochord,发送,10,NECTIN2_NECTIN3,Neural crest,NECTIN2,NECTIN3,0.866,0.0
Notochord,发送,11,FLRT2_ADGRL3,Neural crest,FLRT2,ADGRL3,0.855,0.0
Notochord,发送,12,COL4A1_integrin_a11b1_complex,Neural crest,COL4A1,integrin,0.851,0.0
Notochord,发送,13,COL4A1_integrin_a1b1_complex,Neural crest,COL4A1,integrin,0.845,0.0
Notochord,发送,14,CADM1_CADM1,Neural crest,CADM1,CADM1,0.816,0.001
Notochord,发送,15,MPZL1_MPZL1,Neural crest,MPZL1,MPZL1,0.816,0.008
Notochord,发送,16,FLRT2_ADGRL1,Neural crest,FLRT2,ADGRL1,0.809,0.0
Notochord,发送,17,COL18A1_integrin_a11b1_complex,Neural crest,COL18A1,integrin,0.785,0.0
Notochord,发送,18,COL18A1_integrin_a1b1_complex,Neural crest,COL18A1,integrin,0.779,0.005
Notochord,发送,19,WNT5A_SFRP1,Neural crest,WNT5A,SFRP1,0.776,0.0
Notochord,发送,20,DLK1_NOTCH3,Neural crest,DLK1,NOTCH3,0.744,0.001
Notochord,发送,21,COL2A1_integrin_a11b1_complex,Neural crest,COL2A1,integrin,0.723,0.0
Notochord,发送,22,CDH2_CDH2,Neural crest,CDH2,CDH2,0.699,0.0
Notochord,发送,23,WNT5B_SFRP1,Neural crest,WNT5B,SFRP1,0.685,0.0
Notochord,发送,24,NECTIN1_NECTIN3,Neural crest,NECTIN1,NECTIN3,0.667,0.0
Notochord,发送,25,WNT7B_SFRP1,Neural crest,WNT7B,SFRP1,0.646,0.0
Notochord,发送,26,CDH6_CDH6,Neural crest,CDH6,CDH6,0.642,0.0
Notochord,发送,27,COL1A2_integrin_a11b1_complex,Neural crest,COL1A2,integrin,0.635,0.0
Notochord,发送,28,COL1A2_integrin_a1b1_complex,Neural crest,COL1A2,integrin,0.628,0.0
Notochord,发送,29,APP_FPR2,Neural crest,APP,FPR2,0.611,0.046
Notochord,发送,30,JAM3_JAM3,Neural crest,JAM3,JAM3,0.608,0.0
Notochord,发送,31,APP_TNFRSF21,Neural crest,APP,TNFRSF21,0.598,0.001
Notochord,发送,32,EFNA5_EPHB2,Neural crest,EFNA5,EPHB2,0.598,0.0
Notochord,发送,33,IGF1_IGF1R,Neural crest,IGF1,IGF1R,0.592,0.0
Notochord,发送,34,IGF1_IGF1R_enhancerComGPC3,Neural crest,IGF1,IGF1R,0.592,0.0
Notochord,发送,35,CXCL12_CXCR4,Neural crest,CXCL12,CXCR4,0.575,0.0
Notochord,发送,36,EFNA5_EPHA4,Neural crest,EFNA5,EPHA4,0.552,0.013
Notochord,发送,37,COL4A2_integrin_a11b1_complex,Neural crest,COL4A2,integrin,0.536,0.0
Notochord,发送,38,BMPR1B_BMPR2_BMPR1A,Neural crest,BMPR1B,BMPR2,0.534,0.014
Notochord,发送,39,APP_SORL1,Neural crest,APP,SORL1,0.533,0.014
Notochord,发送,40,EFNB3_EPHB2,Neural crest,EFNB3,EPHB2,0.53,0.021
Notochord,发送,41,JAG1_NOTCH1,Neural crest,JAG1,NOTCH1,0.53,0.0
Notochord,发送,42,COL4A2_integrin_a1b1_complex,Neural crest,COL4A2,integrin,0.529,0.0
Notochord,发送,43,EFNB1_EPHB2,Neural crest,EFNB1,EPHB2,0.517,0.0
Notochord,发送,44,EFNB2_EPHB2,Neural crest,EFNB2,EPHB2,0.516,0.0
Notochord,发送,45,APP_PLXNA4,Neural crest,APP,PLXNA4,0.51,0.012
Notochord,发送,46,JAM2_JAM3,Neural crest,JAM2,JAM3,0.487,0.0
Notochord,发送,47,VTN_integrin_aVb1_complex,Neural crest,VTN,integrin,0.487,0.0
Notochord,发送,48,JAG2_NOTCH1,Neural crest,JAG2,NOTCH1,0.475,0.0
Notochord,发送,49,JAG1_NOTCH2,Neural crest,JAG1,NOTCH2,0.475,0.0
Notochord,发送,50,EFNB1_EPHA4,Neural crest,EFNB1,EPHA4,0.471,0.0
Notochord,发送,51,EFNB2_EPHA4,Neural crest,EFNB2,EPHA4,0.471,0.007
Notochord,发送,52,TGM2_ADGRG1,Neural crest,TGM2,ADGRG1,0.465,0.0
Notochord,发送,53,COL1A1_integrin_a11b1_complex,Neural crest,COL1A1,integrin,0.444,0.0
Notochord,发送,54,COL1A1_integrin_a1b1_complex,Neural crest,COL1A1,integrin,0.437,0.0
Notochord,发送,55,JAG2_NOTCH2,Neural crest,JAG2,NOTCH2,0.421,0.0
Notochord,发送,56,EFNA4_EPHA4,Neural crest,EFNA4,EPHA4,0.392,0.006
Notochord,发送,57,LRPAP1_SORT1,Neural crest,LRPAP1,SORT1,0.376,0.001
Notochord,发送,58,FLRT3_ADGRL3,Neural crest,FLRT3,ADGRL3,0.374,0.005
Notochord,发送,59,TENM3_FLRT3_complex_ADGRL3,Neural crest,TENM3,FLRT3,0.374,0.005
Notochord,发送,60,EFNA1_EPHA4,Neural crest,EFNA1,EPHA4,0.358,0.005
Notochord,发送,61,RSPO3_LGR4,Neural crest,RSPO3,LGR4,0.352,0.0
Notochord,发送,62,Glutamate_byGLS_and_SLC1A3_GRIK2,Neural crest,Glutamate,byGLS,0.35,0.0
Notochord,发送,63,COL26A1_integrin_a11b1_complex,Neural crest,COL26A1,integrin,0.35,0.0
Notochord,发送,64,COL5A1_integrin_a11b1_complex,Neural crest,COL5A1,integrin,0.346,0.0
Notochord,发送,65,EFNB1_EPHB1,Neural crest,EFNB1,EPHB1,0.345,0.0
Notochord,发送,66,EFNB2_EPHB1,Neural crest,EFNB2,EPHB1,0.344,0.0
Notochord,发送,67,COL26A1_integrin_a1b1_complex,Neural crest,COL26A1,integrin,0.343,0.004
Notochord,发送,68,COL5A1_integrin_a1b1_complex,Neural crest,COL5A1,integrin,0.34,0.006
Notochord,发送,69,COL5A2_integrin_a11b1_complex,Neural crest,COL5A2,integrin,0.336,0.0
Notochord,发送,70,Glutamate_byGLS_and_SLC1A3_GRIK3,Neural crest,Glutamate,byGLS,0.336,0.0
Notochord,发送,71,COL9A1_integrin_a11b1_complex,Neural crest,COL9A1,integrin,0.333,0.0
Notochord,发送,72,EFNB1_EPHB4,Neural crest,EFNB1,EPHB4,0.331,0.044
Notochord,发送,73,COL5A2_integrin_a1b1_complex,Neural crest,COL5A2,integrin,0.329,0.045
Notochord,发送,74,COL11A1_integrin_a11b1_complex,Neural crest,COL11A1,integrin,0.328,0.0
Notochord,发送,75,JAG1_NOTCH3,Neural crest,JAG1,NOTCH3,0.327,0.05
Notochord,发送,76,COL9A1_integrin_a1b1_complex,Neural crest,COL9A1,integrin,0.326,0.01
Notochord,发送,77,NRG3_ERBB4,Neural crest,NRG3,ERBB4,0.325,0.001
Notochord,发送,78,COL11A1_integrin_a1b1_complex,Neural crest,COL11A1,integrin,0.322,0.012
Notochord,发送,79,Glutamate_byGLS_and_SLC1A3_GRM7,Neural crest,Glutamate,byGLS,0.319,0.008
Notochord,发送,80,KITLG_KIT,Neural crest,KITLG,KIT,0.316,0.0
Notochord,发送,81,integrin_aVb5_complex_ADGRB1,Neural crest,integrin,aVb5,0.309,0.0
Notochord,发送,82,BMP7_BMR1A_ACR2A,Neural crest,BMP7,BMR1A,0.304,0.006
Notochord,发送,83,BMP7_BMR1A_AVR2B,Neural crest,BMP7,BMR1A,0.302,0.032
Notochord,发送,84,IGFBP3_TMEM219,Neural crest,IGFBP3,TMEM219,0.284,0.0
Notochord,发送,85,JAG2_NOTCH3,Neural crest,JAG2,NOTCH3,0.272,0.0
Notochord,发送,86,SEMA4D_PLXNB1,Neural crest,SEMA4D,PLXNB1,0.27,0.001
Notochord,发送,87,BMP7_BMR1B_AVR2A,Neural crest,BMP7,BMR1B,0.268,0.008
Notochord,发送,88,BMP7_BMR1B_AVR2B,Neural crest,BMP7,BMR1B,0.268,0.011
Notochord,发送,89,BMP7_BMPR1B_BMPR2,Neural crest,BMP7,BMPR1B,0.268,0.016
Notochord,发送,90,Glutamate_byGLS_and_SLC1A3_GRIA4,Neural crest,Glutamate,byGLS,0.265,0.017
Notochord,发送,91,NLGN1_NRXN2,Neural crest,NLGN1,NRXN2,0.263,0.005
Notochord,发送,92,Glutamate_byGLS_and_SLC1A3_GRM3,Neural crest,Glutamate,byGLS,0.254,0.0
Notochord,发送,93,CD93_IFNGR1,Neural crest,CD93,IFNGR1,0.235,0.0
Notochord,发送,94,BMP7_ACVR_1A2B_receptor,Neural crest,BMP7,ACVR,0.213,0.006
Notochord,发送,95,BMP7_ACVR1_BMPR2,Neural crest,BMP7,ACVR1,0.213,0.006
Notochord,发送,96,BMP7_ACVR_1A2A_receptor,Neural crest,BMP7,ACVR,0.213,0.006
Notochord,发送,97,COL12A1_integrin_a11b1_complex,Neural crest,COL12A1,integrin,0.152,0.01
Notochord,发送,98,THBS1_CD36,Neural crest,THBS1,CD36,0.148,0.0
Notochord,发送,99,COL6A2_integrin_a11b1_complex,Neural crest,COL6A2,integrin,0.147,0.007
Notochord,发送,100,RELN_LRP8,Neural crest,RELN,LRP8,0.147,0.001
Notochord,接收,1,PPIA_BSG,Neural crest,BSG,PPIA,1.124,0.026
Notochord,接收,2,SLIT2_ROBO1,Neural crest,ROBO1,SLIT2,1.118,0.0
Notochord,接收,3,SLIT2_ROBO2,Neural crest,ROBO2,SLIT2,1.086,0.0
Notochord,接收,4,NTN1_UNC5C,Neural crest,UNC5C,NTN1,0.958,0.0
Notochord,接收,5,FN1_integrin_aVb1_complex,Neural crest,integrin,FN1,0.882,0.045
Notochord,接收,6,FN1_integrin_aVb5_complex,Neural crest,integrin,FN1,0.874,0.001
Notochord,接收,7,SHH_PTCH_GAS1_transmembrane_receptor,Neural crest,PTCH,SHH,0.85,0.0
Notochord,接收,8,CADM1_CADM1,Neural crest,CADM1,CADM1,0.816,0.001
Notochord,接收,9,MPZL1_MPZL1,Neural crest,MPZL1,MPZL1,0.816,0.008
Notochord,接收,10,NTN1_DCC,Neural crest,DCC,NTN1,0.804,0.0
Notochord,接收,11,NTN1_UNC5B,Neural crest,UNC5B,NTN1,0.795,0.0
Notochord,接收,12,FN1_integrin_a4b1_complex,Neural crest,integrin,FN1,0.787,0.019
Notochord,接收,13,SHH_PTCH_CDON_transmembrane_receptor,Neural crest,PTCH,SHH,0.762,0.0
Notochord,接收,14,SHH_PTCH_BOC_transmembrane_receptor,Neural crest,PTCH,SHH,0.738,0.0
Notochord,接收,15,EFNB3_EPHA4,Neural crest,EPHA4,EFNB3,0.719,0.0
Notochord,接收,16,EFNB3_EPHB2,Neural crest,EPHB2,EFNB3,0.715,0.0
Notochord,接收,17,EFNB3_EPHB4,Neural crest,EPHB4,EFNB3,0.713,0.0
Notochord,接收,18,CDH2_CDH2,Neural crest,CDH2,CDH2,0.699,0.0
Notochord,接收,19,COL4A1_integrin_a1b1_complex,Neural crest,integrin,COL4A1,0.699,0.036
Notochord,接收,20,EFNA5_EPHA7,Neural crest,EPHA7,EFNA5,0.689,0.0
Notochord,接收,21,VTN_integrin_aVb1_complex,Neural crest,integrin,VTN,0.657,0.0
Notochord,接收,22,EFNB3_EPHB3,Neural crest,EPHB3,EFNB3,0.648,0.0
Notochord,接收,23,CDH6_CDH6,Neural crest,CDH6,CDH6,0.642,0.0
Notochord,接收,24,TENM4_ADGRL2,Neural crest,ADGRL2,TENM4,0.622,0.025
Notochord,接收,25,JAM3_JAM3,Neural crest,JAM3,JAM3,0.608,0.0
Notochord,接收,26,SLIT1_ROBO1,Neural crest,ROBO1,SLIT1,0.558,0.0
Notochord,接收,27,DAG1_NRXN3,Neural crest,NRXN3,DAG1,0.547,0.012
Notochord,接收,28,EFNA2_EPHA7,Neural crest,EPHA7,EFNA2,0.537,0.0
Notochord,接收,29,COL4A2_integrin_a1b1_complex,Neural crest,integrin,COL4A2,0.522,0.0
Notochord,接收,30,EFNA4_EPHA7,Neural crest,EPHA7,EFNA4,0.513,0.0
Notochord,接收,31,LAMC1_integrin_a6b1_complex,Neural crest,integrin,LAMC1,0.5,0.006
Notochord,接收,32,PDGFC_PDGFRA,Neural crest,PDGFRA,PDGFC,0.498,0.017
Notochord,接收,33,TENM4_ADGRL1,Neural crest,ADGRL1,TENM4,0.496,0.0
Notochord,接收,34,KITLG_KIT,Neural crest,KIT,KITLG,0.484,0.0
Notochord,接收,35,COL19A1_integrin_a1b1_complex,Neural crest,integrin,COL19A1,0.484,0.0
Notochord,接收,36,TENM4_ADGRL3,Neural crest,ADGRL3,TENM4,0.47,0.006
Notochord,接收,37,COL4A2_integrin_a11b1_complex,Neural crest,integrin,COL4A2,0.467,0.0
Notochord,接收,38,COL4A2_ADGRG6,Neural crest,ADGRG6,COL4A2,0.464,0.0
Notochord,接收,39,NRXN2_DAG1,Neural crest,DAG1,NRXN2,0.461,0.01
Notochord,接收,40,NCAM1_FGFR1,Neural crest,FGFR1,NCAM1,0.448,0.042
Notochord,接收,41,SEMA3E_PLXND1,Neural crest,PLXND1,SEMA3E,0.436,0.0
Notochord,接收,42,COL19A1_integrin_a11b1_complex,Neural crest,integrin,COL19A1,0.429,0.002
Notochord,接收,43,DLL1_NOTCH2,Neural crest,NOTCH2,DLL1,0.429,0.0
Notochord,接收,44,VEGFA_KDR,Neural crest,KDR,VEGFA,0.414,0.0
Notochord,接收,45,WNT5A_ROR2,Neural crest,ROR2,WNT5A,0.409,0.014
Notochord,接收,46,JAM2_JAM3,Neural crest,JAM3,JAM2,0.408,0.006
Notochord,接收,47,SPP1_integrin_a9b1_complex,Neural crest,integrin,SPP1,0.398,0.0
Notochord,接收,48,Glutamate_byGLS_and_SLC1A3_GRM7,Neural crest,byGLS,Glutamate,0.398,0.0
Notochord,接收,49,Glutamate_byGLS_and_SLC1A3_GRIA4,Neural crest,byGLS,Glutamate,0.373,0.0
Notochord,接收,50,BMP7_BMPR1A_BMPR2,Neural crest,BMPR1A,BMP7,0.365,0.05
Notochord,接收,51,WNT5A_FRZB,Neural crest,FRZB,WNT5A,0.362,0.017
Notochord,接收,52,Glutamate_byGLS_and_SLC1A3_GRIK2,Neural crest,byGLS,Glutamate,0.356,0.0
Notochord,接收,53,Cholesterol_byDHCR7_RORA,Neural crest,byDHCR7,Cholesterol,0.351,0.002
Notochord,接收,54,DLL3_NOTCH2,Neural crest,NOTCH2,DLL3,0.345,0.0
Notochord,接收,55,TENM2_FLRT3_complex_ADGRL1,Neural crest,FLRT3,TENM2,0.343,0.008
Notochord,接收,56,TENM2_ADGRL1,Neural crest,ADGRL1,TENM2,0.343,0.021
Notochord,接收,57,COL5A2_integrin_a1b1_complex,Neural crest,integrin,COL5A2,0.342,0.019
Notochord,接收,58,VEGFB_FLT1_complex,Neural crest,FLT1,VEGFB,0.338,0.003
Notochord,接收,59,VEGFB_FLT1,Neural crest,FLT1,VEGFB,0.338,0.003
Notochord,接收,60,PDGFA_PDGFRA,Neural crest,PDGFRA,PDGFA,0.338,0.023
Notochord,接收,61,VEGFB_NRP1,Neural crest,NRP1,VEGFB,0.337,0.028
Notochord,接收,62,WNT5A_ROR1,Neural crest,ROR1,WNT5A,0.336,0.027
Notochord,接收,63,COL5A1_integrin_a1b1_complex,Neural crest,integrin,COL5A1,0.332,0.025
Notochord,接收,64,JAM2_integrin_a4b1_complex,Neural crest,integrin,JAM2,0.329,0.0
Notochord,接收,65,DKK2_LRP6,Neural crest,LRP6,DKK2,0.328,0.0
Notochord,接收,66,VEGFC_KDR,Neural crest,KDR,VEGFC,0.326,0.021
Notochord,接收,67,SDC2_ADGRA2,Neural crest,ADGRA2,SDC2,0.322,0.001
Notochord,接收,68,Glutamate_byGLS_and_SLC1A3_GRIK3,Neural crest,byGLS,Glutamate,0.319,0.0
Notochord,接收,69,Glutamate_byGLS_and_SLC1A3_GRIA3,Neural crest,byGLS,Glutamate,0.317,0.0
Notochord,接收,70,Cholesterol_byLIPA_RORA,Neural crest,byLIPA,Cholesterol,0.315,0.049
Notochord,接收,71,Glutamate_byGLS_and_SLC1A3_GRIK1,Neural crest,byGLS,Glutamate,0.296,0.0
Notochord,接收,72,VEGFA_FLT1,Neural crest,FLT1,VEGFA,0.293,0.029
Notochord,接收,73,VEGFA_FLT1_complex,Neural crest,FLT1,VEGFA,0.293,0.029
Notochord,接收,74,Glutamate_byGLS_and_SLC1A3_Glutamate_Kainate_1_5_complex,Neural crest,byGLS,Glutamate,0.29,0.0
Notochord,接收,75,Glutamate_byGLS_and_SLC1A3_Glutamate_Kainate_2_5_complex,Neural crest,byGLS,Glutamate,0.29,0.0
Notochord,接收,76,Glutamate_byGLS_and_SLC1A3_Glutamate_Kainate_3_5_complex,Neural crest,byGLS,Glutamate,0.29,0.0
Notochord,接收,77,DLL1_NOTCH3,Neural crest,NOTCH3,DLL1,0.287,0.034
Notochord,接收,78,WNT5B_FZD2_LRP6,Neural crest,FZD2,WNT5B,0.286,0.011
Notochord,接收,79,WNT5B_FZD3_LRP6,Neural crest,FZD3,WNT5B,0.286,0.011
Notochord,接收,80,WNT5B_FRZB,Neural crest,FRZB,WNT5B,0.276,0.0
Notochord,接收,81,integrin_aVb1_complex_ADGRE5,Neural crest,aVb1,integrin,0.272,0.008
Notochord,接收,82,COL8A2_integrin_a1b1_complex,Neural crest,integrin,COL8A2,0.263,0.0
Notochord,接收,83,NRXN2_ADGRL1,Neural crest,ADGRL1,NRXN2,0.255,0.0
Notochord,接收,84,BMP7_BMR1B_AVR2B,Neural crest,BMR1B,BMP7,0.252,0.036
Notochord,接收,85,BMP7_BMPR1B_BMPR2,Neural crest,BMPR1B,BMP7,0.252,0.037
Notochord,接收,86,TGFB2_TGFBR3,Neural crest,TGFBR3,TGFB2,0.247,0.006
Notochord,接收,87,COL4A5_integrin_a1b1_complex,Neural crest,integrin,COL4A5,0.232,0.031
Notochord,接收,88,TENM1_ADGRL1,Neural crest,ADGRL1,TENM1,0.223,0.011
Notochord,接收,89,TGFB2_TGFbeta_receptor1,Neural crest,TGFbeta,TGFB2,0.217,0.009
Notochord,接收,90,COL8A2_integrin_a11b1_complex,Neural crest,integrin,COL8A2,0.208,0.0
Notochord,接收,91,WNT5B_FZD6_LRP6,Neural crest,FZD6,WNT5B,0.195,0.0
Notochord,接收,92,WNT5B_FZD6_LRP5,Neural crest,FZD6,WNT5B,0.195,0.0
Notochord,接收,93,COL15A1_integrin_a1b1_complex,Neural crest,integrin,COL15A1,0.184,0.002
Notochord,接收,94,NRXN1_CBLN1_complex_GRID2,Neural crest,CBLN1,NRXN1,0.168,0.0
Notochord,接收,95,PRNP_ADGRG6,Neural crest,ADGRG6,PRNP,0.16,0.003
Notochord,接收,96,SPP1_integrin_a4b1_complex,Neural crest,integrin,SPP1,0.155,0.0
Sclerotome,发送,1,IGF2_IGF2R,Neural crest,IGF2,IGF2R,1.701,0.0
Sclerotome,发送,2,IGF2_IGF1R,Neural crest,IGF2,IGF1R,1.662,0.0
Sclerotome,发送,3,COL3A1_integrin_a1b1_complex,Neural crest,COL3A1,integrin,1.093,0.0
Sclerotome,发送,4,MPZL1_MPZL1,Neural crest,MPZL1,MPZL1,0.906,0.0
Sclerotome,发送,5,COL4A1_ADGRG6,Neural crest,COL4A1,ADGRG6,0.884,0.0
Sclerotome,发送,6,COL4A1_integrin_a1b1_complex,Neural crest,COL4A1,integrin,0.867,0.0
Sclerotome,发送,7,DLK1_NOTCH2,Neural crest,DLK1,NOTCH2,0.827,0.0
Sclerotome,发送,8,FLRT2_ADGRL3,Neural crest,FLRT2,ADGRL3,0.821,0.0
Sclerotome,发送,9,COL18A1_integrin_a1b1_complex,Neural crest,COL18A1,integrin,0.801,0.002
Sclerotome,发送,10,FLRT2_ADGRL1,Neural crest,FLRT2,ADGRL1,0.786,0.0
Sclerotome,发送,11,COL2A1_integrin_a1b1_complex,Neural crest,COL2A1,integrin,0.739,0.027
Sclerotome,发送,12,APP_FPR2,Neural crest,APP,FPR2,0.67,0.0
Sclerotome,发送,13,EFNA5_EPHA7,Neural crest,EFNA5,EPHA7,0.655,0.011
Sclerotome,发送,14,COL1A2_integrin_a1b1_complex,Neural crest,COL1A2,integrin,0.651,0.0
Sclerotome,发送,15,PDGFC_PDGFRA,Neural crest,PDGFC,PDGFRA,0.602,0.0
Sclerotome,发送,16,CDH6_CDH6,Neural crest,CDH6,CDH6,0.599,0.0
Sclerotome,发送,17,NECTIN2_NECTIN3,Neural crest,NECTIN2,NECTIN3,0.593,0.048
Sclerotome,发送,18,APP_SORL1,Neural crest,APP,SORL1,0.576,0.0
Sclerotome,发送,19,COL4A2_ADGRG6,Neural crest,COL4A2,ADGRG6,0.569,0.0
Sclerotome,发送,20,NTN1_UNC5C,Neural crest,NTN1,UNC5C,0.568,0.024
Sclerotome,发送,21,COL4A2_integrin_a1b1_complex,Neural crest,COL4A2,integrin,0.552,0.0
Sclerotome,发送,22,IGF1_IGF1R,Neural crest,IGF1,IGF1R,0.536,0.017
Sclerotome,发送,23,IGF1_IGF1R_enhancerComGPC3,Neural crest,IGF1,IGF1R,0.536,0.017
Sclerotome,发送,24,SHH_PTCH_GAS1_transmembrane_receptor,Neural crest,SHH,PTCH,0.516,0.04
Sclerotome,发送,25,APP_PLXNA4,Neural crest,APP,PLXNA4,0.504,0.027
Sclerotome,发送,26,CDH5_CDH5,Neural crest,CDH5,CDH5,0.495,0.0
Sclerotome,发送,27,EFNA4_EPHA7,Neural crest,EFNA4,EPHA7,0.495,0.003
Sclerotome,发送,28,EFNA5_EPHA3,Neural crest,EFNA5,EPHA3,0.487,0.0
Sclerotome,发送,29,PDGFA_PDGFRA,Neural crest,PDGFA,PDGFRA,0.473,0.0
Sclerotome,发送,30,NCAM1_FGFR1,Neural crest,NCAM1,FGFR1,0.462,0.033
Sclerotome,发送,31,EFNA1_EPHA7,Neural crest,EFNA1,EPHA7,0.462,0.006
Sclerotome,发送,32,COL1A1_integrin_a1b1_complex,Neural crest,COL1A1,integrin,0.459,0.0
Sclerotome,发送,33,VTN_integrin_aVb1_complex,Neural crest,VTN,integrin,0.454,0.015
Sclerotome,发送,34,SDC1_ADGRA2,Neural crest,SDC1,ADGRA2,0.445,0.0
Sclerotome,发送,35,BMP4_BMPR1B_BMPR2,Neural crest,BMP4,BMPR1B,0.416,0.0
Sclerotome,发送,36,EFNB1_EPHB4,Neural crest,EFNB1,EPHB4,0.413,0.0
Sclerotome,发送,37,EFNB2_EPHB4,Neural crest,EFNB2,EPHB4,0.413,0.001
Sclerotome,发送,38,JAG1_NOTCH2,Neural crest,JAG1,NOTCH2,0.41,0.034
Sclerotome,发送,39,PDGFB_PDGFRA,Neural crest,PDGFB,PDGFRA,0.408,0.0
Sclerotome,发送,40,SLITRK6_PTPRS,Neural crest,SLITRK6,PTPRS,0.402,0.04
Sclerotome,发送,41,RSPO3_LGR4,Neural crest,RSPO3,LGR4,0.397,0.0
Sclerotome,发送,42,EFNB1_EPHB3,Neural crest,EFNB1,EPHB3,0.396,0.0
Sclerotome,发送,43,EFNB2_EPHB3,Neural crest,EFNB2,EPHB3,0.395,0.002
Sclerotome,发送,44,VEGFA_NRP2,Neural crest,VEGFA,NRP2,0.39,0.002
Sclerotome,发送,45,BMP7_BMPR1B_BMPR2,Neural crest,BMP7,BMPR1B,0.389,0.0
Sclerotome,发送,46,BMP7_BMPR1A_BMPR2,Neural crest,BMP7,BMPR1A,0.389,0.03
Sclerotome,发送,47,SEMA6A_PlexinA2_complex1,Neural crest,SEMA6A,PlexinA2,0.372,0.01
Sclerotome,发送,48,ESAM_ESAM,Neural crest,ESAM,ESAM,0.371,0.0
Sclerotome,发送,49,COL26A1_integrin_a1b1_complex,Neural crest,COL26A1,integrin,0.366,0.001
Sclerotome,发送,50,COL5A1_integrin_a1b1_complex,Neural crest,COL5A1,integrin,0.362,0.004
Sclerotome,发送,51,SDC2_ADGRA2,Neural crest,SDC2,ADGRA2,0.361,0.0
Sclerotome,发送,52,SEMA3C_NRP2,Neural crest,SEMA3C,NRP2,0.36,0.0
Sclerotome,发送,53,JAG2_NOTCH2,Neural crest,JAG2,NOTCH2,0.355,0.004
Sclerotome,发送,54,COL5A2_integrin_a1b1_complex,Neural crest,COL5A2,integrin,0.352,0.012
Sclerotome,发送,55,BMP4_BMR1B_AVR2B,Neural crest,BMP4,BMR1B,0.35,0.014
Sclerotome,发送,56,COL9A1_integrin_a1b1_complex,Neural crest,COL9A1,integrin,0.348,0.003
Sclerotome,发送,57,COL11A1_integrin_a1b1_complex,Neural crest,COL11A1,integrin,0.344,0.003
Sclerotome,发送,58,BMP5_BMPR1B_BMPR2,Neural crest,BMP5,BMPR1B,0.341,0.0
Sclerotome,发送,59,VEGFC_KDR,Neural crest,VEGFC,KDR,0.336,0.035
Sclerotome,发送,60,SEMA6D_PlexinA1_complex1,Neural crest,SEMA6D,PlexinA1,0.329,0.013
Sclerotome,发送,61,SEMA3F_NRP2,Neural crest,SEMA3F,NRP2,0.328,0.0
Sclerotome,发送,62,EFNA4_EPHA3,Neural crest,EFNA4,EPHA3,0.326,0.0
Sclerotome,发送,63,Glutamate_byGLS_and_SLC1A3_GRM7,Neural crest,Glutamate,byGLS,0.325,0.013
Sclerotome,发送,64,BMP7_BMR1A_AVR2B,Neural crest,BMP7,BMR1A,0.323,0.018
Sclerotome,发送,65,BMP7_BMR1B_AVR2B,Neural crest,BMP7,BMR1B,0.323,0.0
Sclerotome,发送,66,atRetinoicAcid_byALDH1A2_RAreceptor_RXRB,Neural crest,atRetinoicAcid,byALDH1A2,0.31,0.001
Sclerotome,发送,67,Glutamate_byGLS_and_SLC1A3_GRIK2,Neural crest,Glutamate,byGLS,0.305,0.03
Sclerotome,发送,68,Glutamate_byGLS_and_SLC1A3_GRIA3,Neural crest,Glutamate,byGLS,0.303,0.0
Sclerotome,发送,69,EFNA1_EPHA3,Neural crest,EFNA1,EPHA3,0.293,0.0
Sclerotome,发送,70,Glutamate_byGLS_and_SLC1A3_GRIA4,Neural crest,Glutamate,byGLS,0.285,0.006
Sclerotome,发送,71,CD248_IL6R,Neural crest,CD248,IL6R,0.279,0.0
Sclerotome,发送,72,WNT5A_FDZ8_RYK,Neural crest,WNT5A,FDZ8,0.279,0.05
Sclerotome,发送,73,WNT5A_FZD8_LRP5,Neural crest,WNT5A,FZD8,0.279,0.05
Sclerotome,发送,74,WNT5A_FZD8_LRP6,Neural crest,WNT5A,FZD8,0.279,0.05
Sclerotome,发送,75,BMP5_BMR1B_AVR2B,Neural crest,BMP5,BMR1B,0.275,0.0
Sclerotome,发送,76,BMP7_BMR1B_AVR2A,Neural crest,BMP7,BMR1B,0.272,0.007
Sclerotome,发送,77,EFNA2_EPHA3,Neural crest,EFNA2,EPHA3,0.266,0.004
Sclerotome,发送,78,WNT5B_FRZB,Neural crest,WNT5B,FRZB,0.252,0.015
Sclerotome,发送,79,CD93_IFNGR1,Neural crest,CD93,IFNGR1,0.25,0.0
Sclerotome,发送,80,PDGFB_PDGFRB,Neural crest,PDGFB,PDGFRB,0.243,0.01
Sclerotome,发送,81,PDGFB_PDGFR_complex,Neural crest,PDGFB,PDGFR,0.243,0.001
Sclerotome,发送,82,Glutamate_byGLS_and_SLC1A3_GRM8,Neural crest,Glutamate,byGLS,0.243,0.0
Sclerotome,发送,83,Glutamate_byGLS_and_SLC1A3_GRM3,Neural crest,Glutamate,byGLS,0.233,0.001
Sclerotome,发送,84,LAMA2_ADGRG6,Neural crest,LAMA2,ADGRG6,0.22,0.0
Sclerotome,发送,85,BMP7_ACVR_1A2B_receptor,Neural crest,BMP7,ACVR,0.214,0.028
Sclerotome,发送,86,BMP7_ACVR1_BMPR2,Neural crest,BMP7,ACVR1,0.214,0.028
Sclerotome,发送,87,BMP7_ACVR_1A2A_receptor,Neural crest,BMP7,ACVR,0.214,0.027
Sclerotome,发送,88,WNT7B_FRZB,Neural crest,WNT7B,FRZB,0.212,0.011
Sclerotome,发送,89,FBN1_integrin_a5b1_complex,Neural crest,FBN1,integrin,0.205,0.0
Sclerotome,发送,90,WNT5B_FZD8_LRP6,Neural crest,WNT5B,FZD8,0.189,0.001
Sclerotome,发送,91,WNT5B_FZD8_LRP5,Neural crest,WNT5B,FZD8,0.189,0.001
Sclerotome,发送,92,WNT5B_FZD4_LRP5,Neural crest,WNT5B,FZD4,0.181,0.007
Sclerotome,发送,93,WNT5B_FZD4_LRP6,Neural crest,WNT5B,FZD4,0.181,0.007
Sclerotome,发送,94,PECAM1_CD38,Neural crest,PECAM1,CD38,0.171,0.045
Sclerotome,发送,95,PSAP_GPR37,Neural crest,PSAP,GPR37,0.17,0.036
Sclerotome,发送,96,PRNP_ADGRG6,Neural crest,PRNP,ADGRG6,0.168,0.002
Sclerotome,发送,97,WNT7B_FZD8_LRP5,Neural crest,WNT7B,FZD8,0.149,0.002
Sclerotome,发送,98,WNT7B_FZD8_LRP6,Neural crest,WNT7B,FZD8,0.149,0.002
Sclerotome,发送,99,WNT7B_FZD4_LRP5,Neural crest,WNT7B,FZD4,0.141,0.004
Sclerotome,发送,100,WNT7B_FZD4_LRP6,Neural crest,WNT7B,FZD4,0.141,0.004
Sclerotome,接收,1,COL3A1_integrin_a1b1_complex,Neural crest,integrin,COL3A1,1.165,0.0
Sclerotome,接收,2,COL3A1_ADGRG1,Neural crest,ADGRG1,COL3A1,1.114,0.0
Sclerotome,接收,3,COL3A1_integrin_a11b1_complex,Neural crest,integrin,COL3A1,1.11,0.0
Sclerotome,接收,4,DLK1_NOTCH2,Neural crest,NOTCH2,DLK1,0.997,0.0
Sclerotome,接收,5,DLK1_NOTCH1,Neural crest,NOTCH1,DLK1,0.959,0.0
Sclerotome,接收,6,COL2A1_integrin_a1b1_complex,Neural crest,integrin,COL2A1,0.949,0.0
Sclerotome,接收,7,MPZL1_MPZL1,Neural crest,MPZL1,MPZL1,0.906,0.0
Sclerotome,接收,8,COL2A1_integrin_a11b1_complex,Neural crest,integrin,COL2A1,0.894,0.0
Sclerotome,接收,9,FN1_integrin_aVb5_complex,Neural crest,integrin,FN1,0.864,0.046
Sclerotome,接收,10,DLK1_NOTCH3,Neural crest,NOTCH3,DLK1,0.855,0.0
Sclerotome,接收,11,EFNA5_EPHA7,Neural crest,EPHA7,EFNA5,0.811,0.0
Sclerotome,接收,12,TENM3_ADGRL2,Neural crest,ADGRL2,TENM3,0.799,0.0
Sclerotome,接收,13,COL18A1_integrin_a1b1_complex,Neural crest,integrin,COL18A1,0.785,0.033
Sclerotome,接收,14,COL4A1_integrin_a1b1_complex,Neural crest,integrin,COL4A1,0.731,0.014
Sclerotome,接收,15,FLRT2_ADGRL1,Neural crest,ADGRL1,FLRT2,0.714,0.0
Sclerotome,接收,16,Cholesterol_byDHCR24_RORA,Neural crest,byDHCR24,Cholesterol,0.706,0.003
Sclerotome,接收,17,PDGFC_PDGFRA,Neural crest,PDGFRA,PDGFC,0.69,0.0
Sclerotome,接收,18,FLRT2_ADGRL3,Neural crest,ADGRL3,FLRT2,0.688,0.0
Sclerotome,接收,19,COL4A1_ADGRG6,Neural crest,ADGRG6,COL4A1,0.673,0.03
Sclerotome,接收,20,TENM3_ADGRL1,Neural crest,ADGRL1,TENM3,0.673,0.0
Sclerotome,接收,21,TENM4_ADGRL2,Neural crest,ADGRL2,TENM4,0.664,0.001
Sclerotome,接收,22,TENM3_ADGRL3,Neural crest,ADGRL3,TENM3,0.646,0.0
Sclerotome,接收,23,NECTIN2_NECTIN3,Neural crest,NECTIN3,NECTIN2,0.622,0.002
Sclerotome,接收,24,CDH6_CDH6,Neural crest,CDH6,CDH6,0.599,0.0
Sclerotome,接收,25,BMPR1B_BMPR2_BMPR1A,Neural crest,BMPR2,BMPR1B,0.598,0.0
Sclerotome,接收,26,EFNA4_EPHA7,Neural crest,EPHA7,EFNA4,0.596,0.0
Sclerotome,接收,27,COL26A1_integrin_a1b1_complex,Neural crest,integrin,COL26A1,0.574,0.0
Sclerotome,接收,28,COL1A2_integrin_a1b1_complex,Neural crest,integrin,COL1A2,0.57,0.006
Sclerotome,接收,29,EFNA5_EPHA4,Neural crest,EPHA4,EFNA5,0.556,0.043
Sclerotome,接收,30,EFNA5_EPHB2,Neural crest,EPHB2,EFNA5,0.553,0.042
Sclerotome,接收,31,EFNA2_EPHA7,Neural crest,EPHA7,EFNA2,0.546,0.0
Sclerotome,接收,32,TENM4_ADGRL1,Neural crest,ADGRL1,TENM4,0.538,0.0
Sclerotome,接收,33,EFNA1_EPHA7,Neural crest,EPHA7,EFNA1,0.524,0.0
Sclerotome,接收,34,COL26A1_integrin_a11b1_complex,Neural crest,integrin,COL26A1,0.519,0.0
Sclerotome,接收,35,COL1A2_integrin_a11b1_complex,Neural crest,integrin,COL1A2,0.515,0.041
Sclerotome,接收,36,TENM4_ADGRL3,Neural crest,ADGRL3,TENM4,0.511,0.0
Sclerotome,接收,37,atRetinoicAcid_byALDH1A2_RAreceptor_RXRB,Neural crest,byALDH1A2,atRetinoicAcid,0.506,0.0
Sclerotome,接收,38,SDC1_ADGRA2,Neural crest,ADGRA2,SDC1,0.5,0.0
Sclerotome,接收,39,CDH5_CDH5,Neural crest,CDH5,CDH5,0.495,0.0
Sclerotome,接收,40,EFNA5_EPHA3,Neural crest,EPHA3,EFNA5,0.487,0.004
Sclerotome,接收,41,SEMA3A_NRP1,Neural crest,NRP1,SEMA3A,0.477,0.0
Sclerotome,接收,42,SEMA3A_PlexinA1_complex3,Neural crest,PlexinA1,SEMA3A,0.475,0.0
Sclerotome,接收,43,COL19A1_integrin_a1b1_complex,Neural crest,integrin,COL19A1,0.473,0.004
Sclerotome,接收,44,COL9A1_integrin_a1b1_complex,Neural crest,integrin,COL9A1,0.468,0.0
Sclerotome,接收,45,atRetinoicAcid_byALDH1A2_RAreceptor_RXRA,Neural crest,byALDH1A2,atRetinoicAcid,0.464,0.0
Sclerotome,接收,46,atRetinoicAcid_byALDH1A2_RAreceptor_RARA_RXRA,Neural crest,byALDH1A2,atRetinoicAcid,0.463,0.0
Sclerotome,接收,47,atRetinoicAcid_byALDH1A2_RAreceptor_RARA,Neural crest,byALDH1A2,atRetinoicAcid,0.463,0.0
Sclerotome,接收,48,SEMA3A_PlexinA2_complex1,Neural crest,PlexinA2,SEMA3A,0.439,0.0
Sclerotome,接收,49,COL5A1_integrin_a1b1_complex,Neural crest,integrin,COL5A1,0.437,0.0
Sclerotome,接收,50,VEGFA_KDR,Neural crest,KDR,VEGFA,0.43,0.0
Sclerotome,接收,51,atRetinoicAcid_byALDH1A2_RAreceptor_RARB_RXRB,Neural crest,byALDH1A2,atRetinoicAcid,0.428,0.0
Sclerotome,接收,52,atRetinoicAcid_byALDH1A2_RAreceptor_RARB,Neural crest,byALDH1A2,atRetinoicAcid,0.428,0.0
Sclerotome,接收,53,atRetinoicAcid_byALDH1A2_RAreceptor_RARG,Neural crest,byALDH1A2,atRetinoicAcid,0.419,0.0
Sclerotome,接收,54,COL19A1_integrin_a11b1_complex,Neural crest,integrin,COL19A1,0.418,0.046
Sclerotome,接收,55,COL9A1_integrin_a11b1_complex,Neural crest,integrin,COL9A1,0.413,0.0
Sclerotome,接收,56,SLITRK6_PTPRS,Neural crest,PTPRS,SLITRK6,0.396,0.006
Sclerotome,接收,57,COL5A1_integrin_a11b1_complex,Neural crest,integrin,COL5A1,0.382,0.0
Sclerotome,接收,58,COL11A1_integrin_a1b1_complex,Neural crest,integrin,COL11A1,0.381,0.0
Sclerotome,接收,59,TENM4_FLRT3_complex_ADGRL1,Neural crest,FLRT3,TENM4,0.379,0.029
Sclerotome,接收,60,SEMA6A_PlexinA2_complex1,Neural crest,PlexinA2,SEMA6A,0.373,0.044
Sclerotome,接收,61,ESAM_ESAM,Neural crest,ESAM,ESAM,0.371,0.0
Sclerotome,接收,62,RSPO3_LGR4,Neural crest,LGR4,RSPO3,0.365,0.0
Sclerotome,接收,63,LPAR1_ADGRE5,Neural crest,ADGRE5,LPAR1,0.362,0.0
Sclerotome,接收,64,BMP5_BMPR1A_BMPR2,Neural crest,BMPR1A,BMP5,0.358,0.009
Sclerotome,接收,65,VEGFC_KDR,Neural crest,KDR,VEGFC,0.35,0.002
Sclerotome,接收,66,Glutamate_byGLS_and_SLC1A3_GRM7,Neural crest,byGLS,Glutamate,0.345,0.005
Sclerotome,接收,67,VEGFB_FLT1_complex,Neural crest,FLT1,VEGFB,0.329,0.05
Sclerotome,接收,68,VEGFB_FLT1,Neural crest,FLT1,VEGFB,0.329,0.05
Sclerotome,接收,69,COL11A1_integrin_a11b1_complex,Neural crest,integrin,COL11A1,0.326,0.004
Sclerotome,接收,70,Glutamate_byGLS_and_SLC1A3_GRIA4,Neural crest,byGLS,Glutamate,0.32,0.0
Sclerotome,接收,71,VEGFA_FLT1,Neural crest,FLT1,VEGFA,0.309,0.009
Sclerotome,接收,72,VEGFA_FLT1_complex,Neural crest,FLT1,VEGFA,0.309,0.009
Sclerotome,接收,73,VEGFA_NRP1,Neural crest,NRP1,VEGFA,0.309,0.037
Sclerotome,接收,74,SEMA4D_PLXNB2,Neural crest,PLXNB2,SEMA4D,0.304,0.008
Sclerotome,接收,75,SEMA3F_NRP2,Neural crest,NRP2,SEMA3F,0.295,0.0
Sclerotome,接收,76,PDGFD_PDGFR_complex,Neural crest,PDGFR,PDGFD,0.276,0.0
Sclerotome,接收,77,PDGFD_PDGFRB,Neural crest,PDGFRB,PDGFD,0.276,0.0
Sclerotome,接收,78,EFNA4_EPHA3,Neural crest,EPHA3,EFNA4,0.272,0.024
Sclerotome,接收,79,Glutamate_byGLS_and_SLC1A3_GRIA3,Neural crest,byGLS,Glutamate,0.264,0.0
Sclerotome,接收,80,ANGPT1_TEK,Neural crest,TEK,ANGPT1,0.264,0.0
Sclerotome,接收,81,BMP5_BMPR1B_BMPR2,Neural crest,BMPR1B,BMP5,0.245,0.005
Sclerotome,接收,82,BMP5_BMR1B_AVR2B,Neural crest,BMR1B,BMP5,0.245,0.004
Sclerotome,接收,83,Glutamate_byGLS_and_SLC1A3_GRIK1,Neural crest,byGLS,Glutamate,0.243,0.009
Sclerotome,接收,84,Glutamate_byGLS_and_SLC1A3_Glutamate_Kainate_1_5_complex,Neural crest,byGLS,Glutamate,0.237,0.007
Sclerotome,接收,85,Glutamate_byGLS_and_SLC1A3_Glutamate_Kainate_2_5_complex,Neural crest,byGLS,Glutamate,0.237,0.009
Sclerotome,接收,86,Glutamate_byGLS_and_SLC1A3_Glutamate_Kainate_3_5_complex,Neural crest,byGLS,Glutamate,0.237,0.009
Sclerotome,接收,87,MSTN_TGFR_AVR2B,Neural crest,TGFR,MSTN,0.234,0.0
Sclerotome,接收,88,BMP5_BMR1B_AVR2A,Neural crest,BMR1B,BMP5,0.232,0.034
Sclerotome,接收,89,PECAM1_CD38,Neural crest,CD38,PECAM1,0.21,0.0
Sclerotome,接收,90,MSTN_TGFR_AVR2A,Neural crest,TGFR,MSTN,0.201,0.027
Sclerotome,接收,91,COL27A1_integrin_a1b1_complex,Neural crest,integrin,COL27A1,0.175,0.016
Sclerotome,接收,92,RELN_LRP8,Neural crest,LRP8,RELN,0.149,0.007
Sclerotome,接收,93,LPAR2_ADGRE5,Neural crest,ADGRE5,LPAR2,0.126,0.019
Sclerotome,接收,94,GJA5_GJA5,Neural crest,GJA5,GJA5,0.12,0.012
