cell_index,cell_id,annotation,x,y,time,embedding_index
0,147_104,Cavity,104,-147,1,76
1,147_105,Cavity,105,-147,1,76
2,147_106,Cavity,106,-147,1,77
3,147_107,Cavity,107,-147,1,76
4,147_108,Mesenchyme,108,-147,1,77
5,147_109,Mesenchyme,109,-147,1,77
6,147_110,Mesenchyme,110,-147,1,77
7,147_111,Mesenchyme,111,-147,1,77
8,147_112,Mesenchyme,112,-147,1,77
9,147_113,Mesenchyme,113,-147,1,79
10,147_114,Mesenchyme,114,-147,1,79
11,147_115,Mesenchyme,115,-147,1,77
12,147_116,Mesenchyme,116,-147,1,76
13,147_117,Mesenchyme,117,-147,1,77
14,147_118,Mesenchyme,118,-147,1,77
15,147_119,Mesenchyme,119,-147,1,79
16,147_120,Mesenchyme,120,-147,1,77
17,147_121,Mesenchyme,121,-147,1,76
18,147_122,Mesenchyme,122,-147,1,77
19,147_123,Cavity,123,-147,1,26
20,147_124,Cavity,124,-147,1,76
21,147_125,Cavity,125,-147,1,76
22,147_126,Cavity,126,-147,1,76
23,147_127,Cavity,127,-147,1,26
24,148_100,Mesenchyme,100,-148,1,79
25,148_101,Mesenchyme,101,-148,1,79
26,148_102,Mesenchyme,102,-148,1,79
27,148_103,Mesenchyme,103,-148,1,79
28,148_104,Mesenchyme,104,-148,1,79
29,148_105,Mesenchyme,105,-148,1,78
30,148_106,Mesenchyme,106,-148,1,79
31,148_107,Mesenchyme,107,-148,1,79
32,148_108,Mesenchyme,108,-148,1,79
33,148_109,Mesenchyme,109,-148,1,79
34,148_110,Mesenchyme,110,-148,1,79
35,148_111,Mesenchyme,111,-148,1,79
36,148_112,Mesenchyme,112,-148,1,79
37,148_113,Mesenchyme,113,-148,1,78
38,148_114,Mesenchyme,114,-148,1,79
39,148_115,Mesenchyme,115,-148,1,79
40,148_116,Mesenchyme,116,-148,1,79
41,148_117,Mesenchyme,117,-148,1,79
42,148_118,Mesenchyme,118,-148,1,79
43,148_119,Mesenchyme,119,-148,1,79
44,148_120,Mesenchyme,120,-148,1,79
45,148_121,Mesenchyme,121,-148,1,79
46,148_122,Mesenchyme,122,-148,1,79
47,148_123,Cavity,123,-148,1,76
48,148_124,Mesenchyme,124,-148,1,77
49,148_125,Mesenchyme,125,-148,1,79
50,148_126,Mesenchyme,126,-148,1,79
51,148_127,Mesenchyme,127,-148,1,77
52,148_128,Mesenchyme,128,-148,1,79
53,148_129,Mesenchyme,129,-148,1,77
54,148_130,Cavity,130,-148,1,76
55,148_131,Cavity,131,-148,1,26
56,148_132,Cavity,132,-148,1,27
57,148_95,Cavity,95,-148,1,27
58,148_96,Cavity,96,-148,1,76
59,148_97,Connective tissue,97,-148,1,77
60,148_98,Connective tissue,98,-148,1,77
61,148_99,Connective tissue,99,-148,1,78
62,149_100,Connective tissue,100,-149,1,78
63,149_101,Mesenchyme,101,-149,1,50
64,149_102,Mesenchyme,102,-149,1,79
65,149_103,Mesenchyme,103,-149,1,78
66,149_104,Mesenchyme,104,-149,1,79
67,149_105,Mesenchyme,105,-149,1,79
68,149_106,Mesenchyme,106,-149,1,79
69,149_107,Mesenchyme,107,-149,1,79
70,149_108,Mesenchyme,108,-149,1,79
71,149_109,Mesenchyme,109,-149,1,79
72,149_110,Mesenchyme,110,-149,1,79
73,149_111,Dermomyotome,111,-149,1,79
74,149_112,Dermomyotome,112,-149,1,79
75,149_113,Dermomyotome,113,-149,1,79
76,149_114,Mesenchyme,114,-149,1,79
77,149_115,Mesenchyme,115,-149,1,79
78,149_116,Mesenchyme,116,-149,1,79
79,149_117,Mesenchyme,117,-149,1,79
80,149_118,Mesenchyme,118,-149,1,79
81,149_119,Mesenchyme,119,-149,1,79
82,149_120,Mesenchyme,120,-149,1,79
83,149_121,Mesenchyme,121,-149,1,79
84,149_122,Mesenchyme,122,-149,1,79
85,149_123,Cavity,123,-149,1,76
86,149_124,Mesenchyme,124,-149,1,79
87,149_125,Mesenchyme,125,-149,1,79
88,149_126,Mesenchyme,126,-149,1,79
89,149_127,Mesenchyme,127,-149,1,79
90,149_128,Mesenchyme,128,-149,1,79
91,149_129,Mesenchyme,129,-149,1,79
92,149_130,Mesenchyme,130,-149,1,79
93,149_131,Mesenchyme,131,-149,1,79
94,149_132,Mesenchyme,132,-149,1,77
95,149_133,Cavity,133,-149,1,76
96,149_134,Cavity,134,-149,1,27
97,149_94,Connective tissue,94,-149,1,78
98,149_95,Connective tissue,95,-149,1,78
99,149_96,Connective tissue,96,-149,1,78
100,149_97,Connective tissue,97,-149,1,78
101,149_98,Connective tissue,98,-149,1,78
102,149_99,Connective tissue,99,-149,1,78
103,150_100,Connective tissue,100,-150,1,49
104,150_101,Connective tissue,101,-150,1,50
105,150_102,Dermomyotome,102,-150,1,48
106,150_103,Dermomyotome,103,-150,1,48
107,150_104,Dermomyotome,104,-150,1,48
108,150_105,Dermomyotome,105,-150,1,48
109,150_106,Dermomyotome,106,-150,1,48
110,150_107,Dermomyotome,107,-150,1,48
111,150_108,Dermomyotome,108,-150,1,48
112,150_109,Dermomyotome,109,-150,1,48
113,150_110,Dermomyotome,110,-150,1,49
114,150_111,Dermomyotome,111,-150,1,48
115,150_112,Dermomyotome,112,-150,1,48
116,150_113,Dermomyotome,113,-150,1,48
117,150_114,Dermomyotome,114,-150,1,49
118,150_115,Dermomyotome,115,-150,1,48
119,150_116,Dermomyotome,116,-150,1,48
120,150_117,Dermomyotome,117,-150,1,48
121,150_118,Dermomyotome,118,-150,1,48
122,150_119,Dermomyotome,119,-150,1,49
123,150_120,Dermomyotome,120,-150,1,48
124,150_121,Dermomyotome,121,-150,1,48
125,150_122,Dermomyotome,122,-150,1,48
126,150_123,Mesenchyme,123,-150,1,77
127,150_124,Mesenchyme,124,-150,1,79
128,150_125,Mesenchyme,125,-150,1,79
129,150_126,Mesenchyme,126,-150,1,79
130,150_127,Mesenchyme,127,-150,1,79
131,150_128,Mesenchyme,128,-150,1,79
132,150_129,Mesenchyme,129,-150,1,79
133,150_130,Mesenchyme,130,-150,1,77
134,150_131,Mesenchyme,131,-150,1,79
135,150_132,Mesenchyme,132,-150,1,79
136,150_133,Mesenchyme,133,-150,1,79
137,150_134,Mesenchyme,134,-150,1,79
138,150_135,Cavity,135,-150,1,77
139,150_136,Cavity,136,-150,1,26
140,150_93,Connective tissue,93,-150,1,78
141,150_94,Connective tissue,94,-150,1,78
142,150_95,Connective tissue,95,-150,1,78
143,150_96,Connective tissue,96,-150,1,78
144,150_97,Connective tissue,97,-150,1,78
145,150_98,Connective tissue,98,-150,1,78
146,150_99,Connective tissue,99,-150,1,49
147,151_100,Dermomyotome,100,-151,1,48
148,151_101,Dermomyotome,101,-151,1,49
149,151_102,Dermomyotome,102,-151,1,48
150,151_103,Dermomyotome,103,-151,1,48
151,151_104,Dermomyotome,104,-151,1,48
152,151_105,Dermomyotome,105,-151,1,48
153,151_106,Dermomyotome,106,-151,1,48
154,151_107,Dermomyotome,107,-151,1,48
155,151_108,Dermomyotome,108,-151,1,49
156,151_109,Dermomyotome,109,-151,1,48
157,151_110,Cavity,110,-151,1,76
158,151_111,Cavity,111,-151,1,27
159,151_112,Cavity,112,-151,1,27
160,151_113,Cavity,113,-151,1,26
161,151_114,Cavity,114,-151,1,50
162,151_115,Dermomyotome,115,-151,1,48
163,151_116,Dermomyotome,116,-151,1,48
164,151_117,Dermomyotome,117,-151,1,48
165,151_118,Dermomyotome,118,-151,1,48
166,151_119,Dermomyotome,119,-151,1,48
167,151_120,Dermomyotome,120,-151,1,48
168,151_121,Dermomyotome,121,-151,1,48
169,151_122,Dermomyotome,122,-151,1,48
170,151_123,Dermomyotome,123,-151,1,50
171,151_124,Dermomyotome,124,-151,1,50
172,151_125,Dermomyotome,125,-151,1,49
173,151_126,Dermomyotome,126,-151,1,50
174,151_127,Mesenchyme,127,-151,1,78
175,151_128,Mesenchyme,128,-151,1,79
176,151_129,Mesenchyme,129,-151,1,79
177,151_130,Mesenchyme,130,-151,1,79
178,151_131,Mesenchyme,131,-151,1,79
179,151_132,Mesenchyme,132,-151,1,79
180,151_133,Mesenchyme,133,-151,1,79
181,151_134,Mesenchyme,134,-151,1,79
182,151_135,Mesenchyme,135,-151,1,79
183,151_136,Mesenchyme,136,-151,1,79
184,151_137,Mesenchyme,137,-151,1,79
185,151_138,Cavity,138,-151,1,76
186,151_91,Connective tissue,91,-151,1,78
187,151_92,Connective tissue,92,-151,1,79
188,151_93,Connective tissue,93,-151,1,78
189,151_94,Connective tissue,94,-151,1,78
190,151_95,Connective tissue,95,-151,1,78
191,151_96,Connective tissue,96,-151,1,50
192,151_97,Connective tissue,97,-151,1,49
193,151_98,Dermomyotome,98,-151,1,48
194,151_99,Dermomyotome,99,-151,1,48
195,152_100,Dermomyotome,100,-152,1,48
196,152_101,Dermomyotome,101,-152,1,49
197,152_102,Dermomyotome,102,-152,1,48
198,152_103,Dermomyotome,103,-152,1,49
199,152_104,Dermomyotome,104,-152,1,49
200,152_105,Dermomyotome,105,-152,1,48
201,152_106,Dermomyotome,106,-152,1,49
202,152_107,Dermomyotome,107,-152,1,48
203,152_108,Dermomyotome,108,-152,1,49
204,152_109,Cavity,109,-152,1,76
205,152_110,Cavity,110,-152,1,27
206,152_114,Cavity,114,-152,1,27
207,152_115,Dermomyotome,115,-152,1,48
208,152_116,Dermomyotome,116,-152,1,49
209,152_117,Dermomyotome,117,-152,1,49
210,152_118,Dermomyotome,118,-152,1,48
211,152_119,Dermomyotome,119,-152,1,49
212,152_120,Dermomyotome,120,-152,1,48
213,152_121,Dermomyotome,121,-152,1,48
214,152_122,Dermomyotome,122,-152,1,48
215,152_123,Cavity,123,-152,1,50
216,152_124,Dermomyotome,124,-152,1,48
217,152_125,Dermomyotome,125,-152,1,48
218,152_126,Dermomyotome,126,-152,1,48
219,152_127,Dermomyotome,127,-152,1,48
220,152_128,Dermomyotome,128,-152,1,49
221,152_129,Mesenchyme,129,-152,1,49
222,152_130,Mesenchyme,130,-152,1,49
223,152_131,Mesenchyme,131,-152,1,79
224,152_132,Mesenchyme,132,-152,1,79
225,152_133,Mesenchyme,133,-152,1,79
226,152_134,Mesenchyme,134,-152,1,79
227,152_135,Mesenchyme,135,-152,1,79
228,152_136,Mesenchyme,136,-152,1,79
229,152_137,Mesenchyme,137,-152,1,79
230,152_138,Mesenchyme,138,-152,1,79
231,152_139,Mesenchyme,139,-152,1,79
232,152_140,Mesenchyme,140,-152,1,77
233,152_141,Cavity,141,-152,1,76
234,152_89,Cavity,89,-152,1,27
235,152_90,Connective tissue,90,-152,1,78
236,152_91,Connective tissue,91,-152,1,78
237,152_92,Connective tissue,92,-152,1,78
238,152_93,Connective tissue,93,-152,1,78
239,152_94,Connective tissue,94,-152,1,50
240,152_95,Connective tissue,95,-152,1,50
241,152_96,Connective tissue,96,-152,1,50
242,152_97,Dermomyotome,97,-152,1,49
243,152_98,Dermomyotome,98,-152,1,48
244,152_99,Dermomyotome,99,-152,1,48
245,153_100,Dermomyotome,100,-153,1,48
246,153_101,Dermomyotome,101,-153,1,49
247,153_102,Dermomyotome,102,-153,1,48
248,153_103,Dermomyotome,103,-153,1,48
249,153_104,Dermomyotome,104,-153,1,48
250,153_105,Dermomyotome,105,-153,1,49
251,153_106,Dermomyotome,106,-153,1,48
252,153_107,Dermomyotome,107,-153,1,48
253,153_108,Dermomyotome,108,-153,1,48
254,153_109,Cavity,109,-153,1,27
255,153_115,Cavity,115,-153,1,50
256,153_116,Dermomyotome,116,-153,1,49
257,153_117,Dermomyotome,117,-153,1,49
258,153_118,Dermomyotome,118,-153,1,48
259,153_119,Dermomyotome,119,-153,1,48
260,153_120,Dermomyotome,120,-153,1,48
261,153_121,Dermomyotome,121,-153,1,49
262,153_122,Dermomyotome,122,-153,1,48
263,153_123,Cavity,123,-153,1,50
264,153_124,Dermomyotome,124,-153,1,48
265,153_125,Dermomyotome,125,-153,1,48
266,153_126,Dermomyotome,126,-153,1,48
267,153_127,Dermomyotome,127,-153,1,48
268,153_128,Dermomyotome,128,-153,1,49
269,153_129,Dermomyotome,129,-153,1,48
270,153_130,Dermomyotome,130,-153,1,48
271,153_131,Dermomyotome,131,-153,1,48
272,153_132,Dermomyotome,132,-153,1,48
273,153_133,Mesenchyme,133,-153,1,50
274,153_134,Mesenchyme,134,-153,1,79
275,153_135,Mesenchyme,135,-153,1,79
276,153_136,Mesenchyme,136,-153,1,79
277,153_137,Mesenchyme,137,-153,1,79
278,153_138,Mesenchyme,138,-153,1,79
279,153_139,Mesenchyme,139,-153,1,77
280,153_140,Mesenchyme,140,-153,1,79
281,153_141,Mesenchyme,141,-153,1,77
282,153_142,Cavity,142,-153,1,76
283,153_89,Connective tissue,89,-153,1,78
284,153_90,Connective tissue,90,-153,1,78
285,153_91,Connective tissue,91,-153,1,78
286,153_92,Cavity,92,-153,1,69
287,153_93,Connective tissue,93,-153,1,49
288,153_94,Dermomyotome,94,-153,1,48
289,153_95,Dermomyotome,95,-153,1,48
290,153_96,Dermomyotome,96,-153,1,49
291,153_97,Dermomyotome,97,-153,1,49
292,153_98,Dermomyotome,98,-153,1,48
293,153_99,Dermomyotome,99,-153,1,49
294,154_100,Dermomyotome,100,-154,1,48
295,154_101,Dermomyotome,101,-154,1,48
296,154_102,Dermomyotome,102,-154,1,48
297,154_103,Dermomyotome,103,-154,1,48
298,154_104,Dermomyotome,104,-154,1,48
299,154_105,Dermomyotome,105,-154,1,48
300,154_106,AGM,106,-154,1,49
301,154_107,Dermomyotome,107,-154,1,48
302,154_108,Dermomyotome,108,-154,1,48
303,154_109,Cavity,109,-154,1,27
304,154_115,Cavity,115,-154,1,76
305,154_116,Dermomyotome,116,-154,1,49
306,154_117,AGM,117,-154,1,49
307,154_118,Dermomyotome,118,-154,1,49
308,154_119,Dermomyotome,119,-154,1,49
309,154_120,Dermomyotome,120,-154,1,49
310,154_121,Dermomyotome,121,-154,1,49
311,154_122,Dermomyotome,122,-154,1,48
312,154_123,Cavity,123,-154,1,27
313,154_124,Cavity,124,-154,1,76
314,154_125,Dermomyotome,125,-154,1,48
315,154_126,Dermomyotome,126,-154,1,48
316,154_127,Dermomyotome,127,-154,1,49
317,154_128,Dermomyotome,128,-154,1,48
318,154_129,Dermomyotome,129,-154,1,48
319,154_130,Dermomyotome,130,-154,1,48
320,154_131,Dermomyotome,131,-154,1,48
321,154_132,Dermomyotome,132,-154,1,50
322,154_133,Dermomyotome,133,-154,1,48
323,154_134,Dermomyotome,134,-154,1,48
324,154_135,Dermomyotome,135,-154,1,48
325,154_136,Mesenchyme,136,-154,1,79
326,154_137,Mesenchyme,137,-154,1,79
327,154_138,Mesenchyme,138,-154,1,79
328,154_139,Mesenchyme,139,-154,1,79
329,154_140,Mesenchyme,140,-154,1,78
330,154_141,Mesenchyme,141,-154,1,79
331,154_142,Mesenchyme,142,-154,1,79
332,154_143,Mesenchyme,143,-154,1,77
333,154_144,Cavity,144,-154,1,76
334,154_87,Cavity,87,-154,1,27
335,154_88,Connective tissue,88,-154,1,78
336,154_89,Connective tissue,89,-154,1,78
337,154_90,Connective tissue,90,-154,1,64
338,154_91,Connective tissue,91,-154,1,50
339,154_92,Cavity,92,-154,1,76
340,154_93,Cavity,93,-154,1,76
341,154_94,Dermomyotome,94,-154,1,50
342,154_95,Dermomyotome,95,-154,1,48
343,154_96,Dermomyotome,96,-154,1,48
344,154_97,Dermomyotome,97,-154,1,48
345,154_98,Dermomyotome,98,-154,1,48
346,154_99,Dermomyotome,99,-154,1,49
347,155_100,Dermomyotome,100,-155,1,48
348,155_101,AGM,101,-155,1,48
349,155_102,AGM,102,-155,1,48
350,155_103,AGM,103,-155,1,48
351,155_104,AGM,104,-155,1,49
352,155_105,AGM,105,-155,1,48
353,155_106,AGM,106,-155,1,50
354,155_107,AGM,107,-155,1,48
355,155_108,AGM,108,-155,1,48
356,155_109,Cavity,109,-155,1,76
357,155_115,Dermomyotome,115,-155,1,49
358,155_116,AGM,116,-155,1,48
359,155_117,AGM,117,-155,1,49
360,155_118,AGM,118,-155,1,48
361,155_119,AGM,119,-155,1,49
362,155_120,AGM,120,-155,1,49
363,155_121,Dermomyotome,121,-155,1,48
364,155_122,Dermomyotome,122,-155,1,48
365,155_123,Cavity,123,-155,1,76
366,155_124,Dermomyotome,124,-155,1,48
367,155_125,Dermomyotome,125,-155,1,48
368,155_126,Dermomyotome,126,-155,1,48
369,155_127,Dermomyotome,127,-155,1,49
370,155_128,Dermomyotome,128,-155,1,48
371,155_129,Dermomyotome,129,-155,1,48
372,155_130,Dermomyotome,130,-155,1,48
373,155_131,Dermomyotome,131,-155,1,48
374,155_132,Dermomyotome,132,-155,1,48
375,155_133,Dermomyotome,133,-155,1,48
376,155_134,Dermomyotome,134,-155,1,48
377,155_135,Dermomyotome,135,-155,1,48
378,155_136,Dermomyotome,136,-155,1,48
379,155_137,Dermomyotome,137,-155,1,79
380,155_138,Mesenchyme,138,-155,1,79
381,155_139,Mesenchyme,139,-155,1,79
382,155_140,Mesenchyme,140,-155,1,79
383,155_141,Mesenchyme,141,-155,1,79
384,155_142,Mesenchyme,142,-155,1,79
385,155_143,Mesenchyme,143,-155,1,79
386,155_144,Mesenchyme,144,-155,1,79
387,155_145,Cavity,145,-155,1,76
388,155_86,Cavity,86,-155,1,76
389,155_87,Connective tissue,87,-155,1,78
390,155_88,Connective tissue,88,-155,1,78
391,155_89,Connective tissue,89,-155,1,78
392,155_90,Connective tissue,90,-155,1,50
393,155_91,Dermomyotome,91,-155,1,49
394,155_92,Mesenchyme,92,-155,1,49
395,155_93,Dermomyotome,93,-155,1,49
396,155_94,Dermomyotome,94,-155,1,48
397,155_95,Dermomyotome,95,-155,1,48
398,155_96,Dermomyotome,96,-155,1,48
399,155_97,Dermomyotome,97,-155,1,48
400,155_98,Dermomyotome,98,-155,1,48
401,155_99,Dermomyotome,99,-155,1,48
402,156_100,AGM,100,-156,1,49
403,156_101,AGM,101,-156,1,48
404,156_102,AGM,102,-156,1,48
405,156_103,AGM,103,-156,1,49
406,156_104,AGM,104,-156,1,49
407,156_105,AGM,105,-156,1,49
408,156_106,AGM,106,-156,1,48
409,156_107,AGM,107,-156,1,48
410,156_108,AGM,108,-156,1,48
411,156_109,AGM,109,-156,1,50
412,156_110,Cavity,110,-156,1,27
413,156_114,Cavity,114,-156,1,27
414,156_115,AGM,115,-156,1,51
415,156_116,AGM,116,-156,1,51
416,156_117,AGM,117,-156,1,50
417,156_118,AGM,118,-156,1,51
418,156_119,AGM,119,-156,1,51
419,156_120,AGM,120,-156,1,51
420,156_121,AGM,121,-156,1,50
421,156_122,AGM,122,-156,1,51
422,156_123,Cavity,123,-156,1,50
423,156_124,Dermomyotome,124,-156,1,48
424,156_125,Dermomyotome,125,-156,1,48
425,156_126,Dermomyotome,126,-156,1,48
426,156_127,Dermomyotome,127,-156,1,48
427,156_128,Dermomyotome,128,-156,1,48
428,156_129,Dermomyotome,129,-156,1,48
429,156_130,Dermomyotome,130,-156,1,48
430,156_131,Dermomyotome,131,-156,1,49
431,156_132,Dermomyotome,132,-156,1,48
432,156_133,Dermomyotome,133,-156,1,48
433,156_134,Dermomyotome,134,-156,1,49
434,156_135,Dermomyotome,135,-156,1,48
435,156_136,Dermomyotome,136,-156,1,48
436,156_137,Dermomyotome,137,-156,1,49
437,156_138,Dermomyotome,138,-156,1,49
438,156_139,Mesenchyme,139,-156,1,79
439,156_140,Mesenchyme,140,-156,1,79
440,156_141,Mesenchyme,141,-156,1,79
441,156_142,Mesenchyme,142,-156,1,79
442,156_143,Mesenchyme,143,-156,1,79
443,156_144,Mesenchyme,144,-156,1,79
444,156_145,Mesenchyme,145,-156,1,79
445,156_146,Mesenchyme,146,-156,1,77
446,156_147,Cavity,147,-156,1,27
447,156_85,Cavity,85,-156,1,76
448,156_86,Connective tissue,86,-156,1,78
449,156_87,Connective tissue,87,-156,1,50
450,156_88,Connective tissue,88,-156,1,78
451,156_89,Connective tissue,89,-156,1,48
452,156_90,Connective tissue,90,-156,1,49
453,156_91,Dermomyotome,91,-156,1,48
454,156_92,Dermomyotome,92,-156,1,48
455,156_93,Dermomyotome,93,-156,1,48
456,156_94,Dermomyotome,94,-156,1,48
457,156_95,Dermomyotome,95,-156,1,48
458,156_96,Dermomyotome,96,-156,1,48
459,156_97,Dermomyotome,97,-156,1,48
460,156_98,Dermomyotome,98,-156,1,48
461,156_99,Dermomyotome,99,-156,1,48
462,157_100,AGM,100,-157,1,50
463,157_101,AGM,101,-157,1,51
464,157_102,AGM,102,-157,1,48
465,157_103,AGM,103,-157,1,51
466,157_104,AGM,104,-157,1,48
467,157_105,AGM,105,-157,1,48
468,157_106,AGM,106,-157,1,51
469,157_107,AGM,107,-157,1,51
470,157_108,AGM,108,-157,1,51
471,157_109,AGM,109,-157,1,50
472,157_110,Cavity,110,-157,1,27
473,157_114,Cavity,114,-157,1,26
474,157_115,AGM,115,-157,1,48
475,157_116,Liver,116,-157,1,51
476,157_117,Liver,117,-157,1,51
477,157_118,AGM,118,-157,1,51
478,157_119,AGM,119,-157,1,48
479,157_120,AGM,120,-157,1,51
480,157_121,AGM,121,-157,1,51
481,157_122,AGM,122,-157,1,50
482,157_123,AGM,123,-157,1,77
483,157_124,AGM,124,-157,1,51
484,157_125,AGM,125,-157,1,49
485,157_126,AGM,126,-157,1,49
486,157_127,Dermomyotome,127,-157,1,49
487,157_128,Dermomyotome,128,-157,1,49
488,157_129,Dermomyotome,129,-157,1,49
489,157_130,Dermomyotome,130,-157,1,49
490,157_131,Dermomyotome,131,-157,1,49
491,157_132,Dermomyotome,132,-157,1,49
492,157_133,Dermomyotome,133,-157,1,48
493,157_134,Dermomyotome,134,-157,1,49
494,157_135,Dermomyotome,135,-157,1,48
495,157_136,Dermomyotome,136,-157,1,50
496,157_137,Dermomyotome,137,-157,1,48
497,157_138,Dermomyotome,138,-157,1,48
498,157_139,Dermomyotome,139,-157,1,48
499,157_140,Mesenchyme,140,-157,1,79
500,157_141,Mesenchyme,141,-157,1,79
501,157_142,Mesenchyme,142,-157,1,79
502,157_143,Mesenchyme,143,-157,1,78
503,157_144,Mesenchyme,144,-157,1,79
504,157_145,Mesenchyme,145,-157,1,79
505,157_146,Mesenchyme,146,-157,1,79
506,157_147,Mesenchyme,147,-157,1,77
507,157_148,Cavity,148,-157,1,27
508,157_84,Cavity,84,-157,1,76
509,157_85,Connective tissue,85,-157,1,78
510,157_86,Connective tissue,86,-157,1,78
511,157_87,Connective tissue,87,-157,1,50
512,157_88,Connective tissue,88,-157,1,49
513,157_89,Connective tissue,89,-157,1,49
514,157_90,Connective tissue,90,-157,1,49
515,157_91,Dermomyotome,91,-157,1,48
516,157_92,Dermomyotome,92,-157,1,50
517,157_93,Dermomyotome,93,-157,1,48
518,157_94,Dermomyotome,94,-157,1,48
519,157_95,Dermomyotome,95,-157,1,48
520,157_96,Dermomyotome,96,-157,1,48
521,157_97,AGM,97,-157,1,50
522,157_98,AGM,98,-157,1,49
523,157_99,AGM,99,-157,1,49
524,158_100,AGM,100,-158,1,50
525,158_101,AGM,101,-158,1,51
526,158_102,AGM,102,-158,1,51
527,158_103,AGM,103,-158,1,50
528,158_104,AGM,104,-158,1,49
529,158_105,AGM,105,-158,1,51
530,158_106,AGM,106,-158,1,51
531,158_107,AGM,107,-158,1,51
532,158_108,AGM,108,-158,1,50
533,158_109,AGM,109,-158,1,50
534,158_110,Cavity,110,-158,1,76
535,158_111,Cavity,111,-158,1,27
536,158_113,Cavity,113,-158,1,27
537,158_114,AGM,114,-158,1,50
538,158_115,AGM,115,-158,1,48
539,158_116,AGM,116,-158,1,48
540,158_117,AGM,117,-158,1,51
541,158_118,AGM,118,-158,1,48
542,158_119,AGM,119,-158,1,49
543,158_120,AGM,120,-158,1,51
544,158_121,AGM,121,-158,1,51
545,158_122,AGM,122,-158,1,49
546,158_123,AGM,123,-158,1,77
547,158_124,AGM,124,-158,1,51
548,158_125,AGM,125,-158,1,50
549,158_126,Sclerotome,126,-158,1,50
550,158_127,Sclerotome,127,-158,1,49
551,158_128,Dermomyotome,128,-158,1,49
552,158_129,AGM,129,-158,1,49
553,158_130,Dermomyotome,130,-158,1,49
554,158_131,AGM,131,-158,1,49
555,158_132,Dermomyotome,132,-158,1,49
556,158_133,Sclerotome,133,-158,1,49
557,158_134,Sclerotome,134,-158,1,49
558,158_135,Sclerotome,135,-158,1,50
559,158_136,Dermomyotome,136,-158,1,48
560,158_137,Dermomyotome,137,-158,1,48
561,158_138,Dermomyotome,138,-158,1,48
562,158_139,Dermomyotome,139,-158,1,48
563,158_140,Dermomyotome,140,-158,1,48
564,158_141,Mesenchyme,141,-158,1,79
565,158_142,Mesenchyme,142,-158,1,79
566,158_143,Mesenchyme,143,-158,1,79
567,158_144,Mesenchyme,144,-158,1,79
568,158_145,Mesenchyme,145,-158,1,79
569,158_146,Mesenchyme,146,-158,1,79
570,158_147,Mesenchyme,147,-158,1,79
571,158_148,Mesenchyme,148,-158,1,77
572,158_83,Cavity,83,-158,1,76
573,158_84,Connective tissue,84,-158,1,64
574,158_85,Connective tissue,85,-158,1,78
575,158_86,Connective tissue,86,-158,1,49
576,158_87,Dermomyotome,87,-158,1,55
577,158_88,Dermomyotome,88,-158,1,48
578,158_89,Connective tissue,89,-158,1,48
579,158_90,Connective tissue,90,-158,1,48
580,158_91,Dermomyotome,91,-158,1,48
581,158_92,Dermomyotome,92,-158,1,48
582,158_93,Dermomyotome,93,-158,1,49
583,158_94,AGM,94,-158,1,49
584,158_95,AGM,95,-158,1,51
585,158_96,AGM,96,-158,1,50
586,158_97,AGM,97,-158,1,50
587,158_98,AGM,98,-158,1,49
588,158_99,AGM,99,-158,1,51
589,159_100,AGM,100,-159,1,51
590,159_101,AGM,101,-159,1,50
591,159_102,AGM,102,-159,1,51
592,159_103,AGM,103,-159,1,65
593,159_104,AGM,104,-159,1,67
594,159_105,AGM,105,-159,1,67
595,159_106,AGM,106,-159,1,67
596,159_107,AGM,107,-159,1,51
597,159_108,AGM,108,-159,1,67
598,159_109,AGM,109,-159,1,65
599,159_110,AGM,110,-159,1,65
600,159_111,AGM,111,-159,1,51
601,159_112,Cavity,112,-159,1,68
602,159_113,Cavity,113,-159,1,68
603,159_114,AGM,114,-159,1,67
604,159_115,AGM,115,-159,1,51
605,159_116,AGM,116,-159,1,51
606,159_117,AGM,117,-159,1,50
607,159_118,AGM,118,-159,1,51
608,159_119,AGM,119,-159,1,49
609,159_120,AGM,120,-159,1,49
610,159_121,AGM,121,-159,1,49
611,159_122,AGM,122,-159,1,49
612,159_123,Cavity,123,-159,1,69
613,159_124,AGM,124,-159,1,65
614,159_125,AGM,125,-159,1,50
615,159_126,AGM,126,-159,1,51
616,159_127,AGM,127,-159,1,50
617,159_128,AGM,128,-159,1,49
618,159_129,AGM,129,-159,1,49
619,159_130,AGM,130,-159,1,49
620,159_131,Sclerotome,131,-159,1,49
621,159_132,Sclerotome,132,-159,1,50
622,159_133,Sclerotome,133,-159,1,49
623,159_134,Sclerotome,134,-159,1,55
624,159_135,Sclerotome,135,-159,1,49
625,159_136,Sclerotome,136,-159,1,55
626,159_137,Dermomyotome,137,-159,1,49
627,159_138,Dermomyotome,138,-159,1,49
628,159_139,Dermomyotome,139,-159,1,48
629,159_140,Dermomyotome,140,-159,1,48
630,159_141,Dermomyotome,141,-159,1,49
631,159_142,Mesenchyme,142,-159,1,79
632,159_143,Mesenchyme,143,-159,1,79
633,159_144,Mesenchyme,144,-159,1,79
634,159_145,Mesenchyme,145,-159,1,79
635,159_146,Mesenchyme,146,-159,1,79
636,159_147,Mesenchyme,147,-159,1,79
637,159_148,Mesenchyme,148,-159,1,79
638,159_149,Cavity,149,-159,1,26
639,159_82,Cavity,82,-159,1,26
640,159_83,Connective tissue,83,-159,1,78
641,159_84,Connective tissue,84,-159,1,78
642,159_85,Connective tissue,85,-159,1,78
643,159_86,Connective tissue,86,-159,1,49
644,159_87,Dermomyotome,87,-159,1,48
645,159_88,Dermomyotome,88,-159,1,48
646,159_89,Connective tissue,89,-159,1,48
647,159_90,Connective tissue,90,-159,1,48
648,159_91,Connective tissue,91,-159,1,48
649,159_92,Dermomyotome,92,-159,1,49
650,159_93,AGM,93,-159,1,50
651,159_94,AGM,94,-159,1,65
652,159_95,AGM,95,-159,1,68
653,159_96,AGM,96,-159,1,65
654,159_97,AGM,97,-159,1,65
655,159_98,AGM,98,-159,1,65
656,159_99,AGM,99,-159,1,51
657,160_100,AGM,100,-160,1,67
658,160_101,AGM,101,-160,1,65
659,160_102,AGM,102,-160,1,68
660,160_103,Cavity,103,-160,1,68
661,160_104,AGM,104,-160,1,68
662,160_105,AGM,105,-160,1,68
663,160_106,AGM,106,-160,1,68
664,160_107,Cavity,107,-160,1,68
665,160_108,AGM,108,-160,1,65
666,160_109,AGM,109,-160,1,65
667,160_110,AGM,110,-160,1,65
668,160_111,AGM,111,-160,1,65
669,160_112,AGM,112,-160,1,65
670,160_113,Cavity,113,-160,1,68
671,160_114,AGM,114,-160,1,65
672,160_115,AGM,115,-160,1,65
673,160_116,AGM,116,-160,1,65
674,160_117,AGM,117,-160,1,51
675,160_118,AGM,118,-160,1,51
676,160_119,AGM,119,-160,1,51
677,160_120,AGM,120,-160,1,51
678,160_121,AGM,121,-160,1,51
679,160_122,AGM,122,-160,1,51
680,160_123,AGM,123,-160,1,65
681,160_124,AGM,124,-160,1,51
682,160_125,AGM,125,-160,1,51
683,160_126,AGM,126,-160,1,51
684,160_127,AGM,127,-160,1,51
685,160_128,AGM,128,-160,1,50
686,160_129,AGM,129,-160,1,49
687,160_130,Sclerotome,130,-160,1,49
688,160_131,Sclerotome,131,-160,1,50
689,160_132,Sclerotome,132,-160,1,55
690,160_133,Sclerotome,133,-160,1,54
691,160_134,Sclerotome,134,-160,1,50
692,160_135,Sclerotome,135,-160,1,50
693,160_136,Sclerotome,136,-160,1,49
694,160_137,Sclerotome,137,-160,1,55
695,160_138,Sclerotome,138,-160,1,55
696,160_139,Dermomyotome,139,-160,1,49
697,160_140,Dermomyotome,140,-160,1,49
698,160_141,Dermomyotome,141,-160,1,48
699,160_142,Dermomyotome,142,-160,1,48
700,160_143,Dermomyotome,143,-160,1,48
701,160_144,Mesenchyme,144,-160,1,79
702,160_145,Mesenchyme,145,-160,1,79
703,160_146,Mesenchyme,146,-160,1,79
704,160_147,Mesenchyme,147,-160,1,79
705,160_148,Mesenchyme,148,-160,1,79
706,160_149,Mesenchyme,149,-160,1,79
707,160_150,Cavity,150,-160,1,27
708,160_82,Cavity,82,-160,1,77
709,160_83,Connective tissue,83,-160,1,79
710,160_84,Connective tissue,84,-160,1,50
711,160_85,Connective tissue,85,-160,1,50
712,160_86,Connective tissue,86,-160,1,49
713,160_87,Dermomyotome,87,-160,1,48
714,160_88,Connective tissue,88,-160,1,48
715,160_89,Connective tissue,89,-160,1,48
716,160_90,Connective tissue,90,-160,1,48
717,160_91,Connective tissue,91,-160,1,48
718,160_92,Connective tissue,92,-160,1,49
719,160_93,AGM,93,-160,1,51
720,160_94,AGM,94,-160,1,51
721,160_95,AGM,95,-160,1,51
722,160_96,AGM,96,-160,1,67
723,160_97,AGM,97,-160,1,65
724,160_98,AGM,98,-160,1,65
725,160_99,AGM,99,-160,1,67
726,161_100,Connective tissue,100,-161,1,50
727,161_101,Connective tissue,101,-161,1,50
728,161_102,Connective tissue,102,-161,1,67
729,161_103,Connective tissue,103,-161,1,67
730,161_104,Connective tissue,104,-161,1,67
731,161_105,Connective tissue,105,-161,1,50
732,161_106,Connective tissue,106,-161,1,67
733,161_107,Connective tissue,107,-161,1,65
734,161_108,AGM,108,-161,1,65
735,161_109,AGM,109,-161,1,65
736,161_110,AGM,110,-161,1,50
737,161_111,AGM,111,-161,1,65
738,161_112,AGM,112,-161,1,65
739,161_113,AGM,113,-161,1,65
740,161_114,AGM,114,-161,1,65
741,161_115,AGM,115,-161,1,65
742,161_116,AGM,116,-161,1,67
743,161_117,AGM,117,-161,1,50
744,161_118,AGM,118,-161,1,51
745,161_119,AGM,119,-161,1,50
746,161_120,AGM,120,-161,1,51
747,161_121,AGM,121,-161,1,51
748,161_122,AGM,122,-161,1,51
749,161_123,AGM,123,-161,1,50
750,161_124,AGM,124,-161,1,51
751,161_125,AGM,125,-161,1,51
752,161_126,AGM,126,-161,1,51
753,161_127,AGM,127,-161,1,51
754,161_128,AGM,128,-161,1,51
755,161_129,AGM,129,-161,1,51
756,161_130,AGM,130,-161,1,50
757,161_131,Sclerotome,131,-161,1,50
758,161_132,Sclerotome,132,-161,1,50
759,161_133,Sclerotome,133,-161,1,50
760,161_134,Sclerotome,134,-161,1,55
761,161_135,Sclerotome,135,-161,1,50
762,161_136,Sclerotome,136,-161,1,50
763,161_137,Sclerotome,137,-161,1,50
764,161_138,Sclerotome,138,-161,1,50
765,161_139,Dermomyotome,139,-161,1,49
766,161_140,Dermomyotome,140,-161,1,49
767,161_141,Dermomyotome,141,-161,1,49
768,161_142,Dermomyotome,142,-161,1,49
769,161_143,Dermomyotome,143,-161,1,48
770,161_144,Dermomyotome,144,-161,1,79
771,161_145,Mesenchyme,145,-161,1,79
772,161_146,Mesenchyme,146,-161,1,79
773,161_147,Mesenchyme,147,-161,1,79
774,161_148,Mesenchyme,148,-161,1,79
775,161_149,Mesenchyme,149,-161,1,79
776,161_150,Mesenchyme,150,-161,1,77
777,161_81,Cavity,81,-161,1,26
778,161_82,Mesenchyme,82,-161,1,69
779,161_83,Mesenchyme,83,-161,1,78
780,161_84,Connective tissue,84,-161,1,54
781,161_85,Connective tissue,85,-161,1,49
782,161_86,Connective tissue,86,-161,1,48
783,161_87,Connective tissue,87,-161,1,48
784,161_88,Connective tissue,88,-161,1,48
785,161_89,Connective tissue,89,-161,1,48
786,161_90,Connective tissue,90,-161,1,48
787,161_91,Connective tissue,91,-161,1,49
788,161_92,Connective tissue,92,-161,1,49
789,161_93,Connective tissue,93,-161,1,49
790,161_94,Connective tissue,94,-161,1,51
791,161_95,Connective tissue,95,-161,1,49
792,161_96,Connective tissue,96,-161,1,49
793,161_97,Connective tissue,97,-161,1,49
794,161_98,Connective tissue,98,-161,1,51
795,161_99,Connective tissue,99,-161,1,51
796,162_100,Connective tissue,100,-162,1,65
797,162_101,Connective tissue,101,-162,1,50
798,162_102,Connective tissue,102,-162,1,64
799,162_103,Connective tissue,103,-162,1,65
800,162_104,Connective tissue,104,-162,1,68
801,162_105,Connective tissue,105,-162,1,67
802,162_106,Connective tissue,106,-162,1,50
803,162_107,Connective tissue,107,-162,1,64
804,162_108,Connective tissue,108,-162,1,50
805,162_109,AGM,109,-162,1,50
806,162_110,AGM,110,-162,1,50
807,162_111,AGM,111,-162,1,50
808,162_112,AGM,112,-162,1,50
809,162_113,AGM,113,-162,1,50
810,162_114,AGM,114,-162,1,50
811,162_115,AGM,115,-162,1,50
812,162_116,AGM,116,-162,1,49
813,162_117,AGM,117,-162,1,51
814,162_118,AGM,118,-162,1,49
815,162_119,AGM,119,-162,1,50
816,162_120,AGM,120,-162,1,51
817,162_121,AGM,121,-162,1,51
818,162_122,AGM,122,-162,1,51
819,162_123,AGM,123,-162,1,51
820,162_124,AGM,124,-162,1,51
821,162_125,AGM,125,-162,1,51
822,162_126,AGM,126,-162,1,51
823,162_127,AGM,127,-162,1,51
824,162_128,AGM,128,-162,1,51
825,162_129,AGM,129,-162,1,65
826,162_130,AGM,130,-162,1,68
827,162_131,AGM,131,-162,1,50
828,162_132,Sclerotome,132,-162,1,50
829,162_133,Sclerotome,133,-162,1,50
830,162_134,Sclerotome,134,-162,1,50
831,162_135,Sclerotome,135,-162,1,50
832,162_136,Sclerotome,136,-162,1,50
833,162_137,Sclerotome,137,-162,1,49
834,162_138,Sclerotome,138,-162,1,49
835,162_139,Sclerotome,139,-162,1,49
836,162_140,Dermomyotome,140,-162,1,49
837,162_141,Dermomyotome,141,-162,1,49
838,162_142,Dermomyotome,142,-162,1,49
839,162_143,Dermomyotome,143,-162,1,48
840,162_144,Dermomyotome,144,-162,1,48
841,162_145,Mesenchyme,145,-162,1,79
842,162_146,Mesenchyme,146,-162,1,79
843,162_147,Mesenchyme,147,-162,1,79
844,162_148,Mesenchyme,148,-162,1,79
845,162_149,Mesenchyme,149,-162,1,79
846,162_150,Mesenchyme,150,-162,1,79
847,162_151,Cavity,151,-162,1,76
848,162_81,Cavity,81,-162,1,69
849,162_82,Mesenchyme,82,-162,1,68
850,162_83,Mesenchyme,83,-162,1,78
851,162_84,Connective tissue,84,-162,1,50
852,162_85,Connective tissue,85,-162,1,50
853,162_86,Connective tissue,86,-162,1,48
854,162_87,Connective tissue,87,-162,1,48
855,162_88,Connective tissue,88,-162,1,48
856,162_89,Connective tissue,89,-162,1,48
857,162_90,Connective tissue,90,-162,1,48
858,162_91,Connective tissue,91,-162,1,48
859,162_92,Connective tissue,92,-162,1,48
860,162_93,Connective tissue,93,-162,1,48
861,162_94,Connective tissue,94,-162,1,51
862,162_95,Connective tissue,95,-162,1,50
863,162_96,Connective tissue,96,-162,1,51
864,162_97,Connective tissue,97,-162,1,51
865,162_98,Connective tissue,98,-162,1,50
866,162_99,Connective tissue,99,-162,1,51
867,163_100,Cavity,100,-163,1,68
868,163_101,Connective tissue,101,-163,1,64
869,163_102,Connective tissue,102,-163,1,65
870,163_103,Cavity,103,-163,1,68
871,163_104,Connective tissue,104,-163,1,65
872,163_105,Connective tissue,105,-163,1,64
873,163_106,Connective tissue,106,-163,1,66
874,163_107,Connective tissue,107,-163,1,50
875,163_108,AGM,108,-163,1,50
876,163_109,AGM,109,-163,1,50
877,163_110,AGM,110,-163,1,50
878,163_111,AGM,111,-163,1,50
879,163_112,AGM,112,-163,1,50
880,163_113,AGM,113,-163,1,50
881,163_114,AGM,114,-163,1,50
882,163_115,AGM,115,-163,1,50
883,163_116,AGM,116,-163,1,50
884,163_117,AGM,117,-163,1,51
885,163_118,AGM,118,-163,1,49
886,163_119,AGM,119,-163,1,50
887,163_120,AGM,120,-163,1,48
888,163_121,AGM,121,-163,1,51
889,163_122,AGM,122,-163,1,49
890,163_123,AGM,123,-163,1,50
891,163_124,AGM,124,-163,1,51
892,163_125,AGM,125,-163,1,49
893,163_126,AGM,126,-163,1,49
894,163_127,AGM,127,-163,1,48
895,163_128,AGM,128,-163,1,51
896,163_129,AGM,129,-163,1,51
897,163_130,Cavity,130,-163,1,68
898,163_131,AGM,131,-163,1,65
899,163_132,AGM,132,-163,1,50
900,163_133,Sclerotome,133,-163,1,50
901,163_134,Sclerotome,134,-163,1,51
902,163_135,Sclerotome,135,-163,1,49
903,163_136,Sclerotome,136,-163,1,50
904,163_137,Sclerotome,137,-163,1,50
905,163_138,Sclerotome,138,-163,1,49
906,163_139,Sclerotome,139,-163,1,49
907,163_140,Sclerotome,140,-163,1,48
908,163_141,Sclerotome,141,-163,1,49
909,163_142,Dermomyotome,142,-163,1,49
910,163_143,Dermomyotome,143,-163,1,50
911,163_144,Dermomyotome,144,-163,1,48
912,163_145,Dermomyotome,145,-163,1,48
913,163_146,Mesenchyme,146,-163,1,79
914,163_147,Mesenchyme,147,-163,1,79
915,163_148,Mesenchyme,148,-163,1,79
916,163_149,Mesenchyme,149,-163,1,79
917,163_150,Mesenchyme,150,-163,1,79
918,163_151,Mesenchyme,151,-163,1,79
919,163_80,Cavity,80,-163,1,27
920,163_81,Cavity,81,-163,1,69
921,163_82,Cavity,82,-163,1,69
922,163_83,Mesenchyme,83,-163,1,68
923,163_84,Connective tissue,84,-163,1,50
924,163_85,Connective tissue,85,-163,1,48
925,163_86,Connective tissue,86,-163,1,48
926,163_87,Connective tissue,87,-163,1,48
927,163_88,Connective tissue,88,-163,1,48
928,163_89,Connective tissue,89,-163,1,48
929,163_90,Connective tissue,90,-163,1,48
930,163_91,Connective tissue,91,-163,1,48
931,163_92,Connective tissue,92,-163,1,48
932,163_93,Connective tissue,93,-163,1,48
933,163_94,Connective tissue,94,-163,1,49
934,163_95,Connective tissue,95,-163,1,49
935,163_96,Connective tissue,96,-163,1,51
936,163_97,Connective tissue,97,-163,1,50
937,163_98,Connective tissue,98,-163,1,51
938,163_99,Connective tissue,99,-163,1,65
939,164_100,Connective tissue,100,-164,1,65
940,164_101,Connective tissue,101,-164,1,65
941,164_102,Connective tissue,102,-164,1,65
942,164_103,Connective tissue,103,-164,1,64
943,164_104,Connective tissue,104,-164,1,67
944,164_105,Connective tissue,105,-164,1,50
945,164_106,Connective tissue,106,-164,1,50
946,164_107,Connective tissue,107,-164,1,50
947,164_108,AGM,108,-164,1,50
948,164_109,AGM,109,-164,1,50
949,164_110,AGM,110,-164,1,65
950,164_111,AGM,111,-164,1,65
951,164_112,AGM,112,-164,1,50
952,164_113,AGM,113,-164,1,50
953,164_114,AGM,114,-164,1,50
954,164_115,AGM,115,-164,1,50
955,164_116,AGM,116,-164,1,50
956,164_117,AGM,117,-164,1,50
957,164_118,AGM,118,-164,1,51
958,164_119,AGM,119,-164,1,49
959,164_120,AGM,120,-164,1,51
960,164_121,AGM,121,-164,1,51
961,164_122,AGM,122,-164,1,51
962,164_123,AGM,123,-164,1,49
963,164_124,AGM,124,-164,1,48
964,164_125,AGM,125,-164,1,51
965,164_126,AGM,126,-164,1,49
966,164_127,AGM,127,-164,1,51
967,164_128,AGM,128,-164,1,51
968,164_129,AGM,129,-164,1,51
969,164_130,AGM,130,-164,1,51
970,164_131,Cavity,131,-164,1,68
971,164_132,AGM,132,-164,1,65
972,164_133,Sclerotome,133,-164,1,50
973,164_134,Sclerotome,134,-164,1,50
974,164_135,Sclerotome,135,-164,1,50
975,164_136,Sclerotome,136,-164,1,50
976,164_137,Sclerotome,137,-164,1,50
977,164_138,Sclerotome,138,-164,1,50
978,164_139,Sclerotome,139,-164,1,49
979,164_140,Sclerotome,140,-164,1,49
980,164_141,Sclerotome,141,-164,1,49
981,164_142,Sclerotome,142,-164,1,55
982,164_143,Dermomyotome,143,-164,1,49
983,164_144,Dermomyotome,144,-164,1,48
984,164_145,Dermomyotome,145,-164,1,48
985,164_146,Dermomyotome,146,-164,1,79
986,164_147,Mesenchyme,147,-164,1,79
987,164_148,Mesenchyme,148,-164,1,79
988,164_149,Mesenchyme,149,-164,1,79
989,164_150,Mesenchyme,150,-164,1,79
990,164_151,Mesenchyme,151,-164,1,79
991,164_152,Cavity,152,-164,1,77
992,164_80,Cavity,80,-164,1,27
993,164_81,Cavity,81,-164,1,69
994,164_82,Cavity,82,-164,1,69
995,164_83,Mesenchyme,83,-164,1,65
996,164_84,Connective tissue,84,-164,1,49
997,164_85,Connective tissue,85,-164,1,48
998,164_86,Connective tissue,86,-164,1,48
999,164_87,Connective tissue,87,-164,1,48
1000,164_88,Connective tissue,88,-164,1,48
1001,164_89,Connective tissue,89,-164,1,48
1002,164_90,Connective tissue,90,-164,1,48
1003,164_91,Connective tissue,91,-164,1,48
1004,164_92,Connective tissue,92,-164,1,48
1005,164_93,Connective tissue,93,-164,1,48
1006,164_94,Connective tissue,94,-164,1,49
1007,164_95,Connective tissue,95,-164,1,48
1008,164_96,Connective tissue,96,-164,1,50
1009,164_97,Connective tissue,97,-164,1,50
1010,164_98,Connective tissue,98,-164,1,50
1011,164_99,Connective tissue,99,-164,1,65
1012,165_100,Connective tissue,100,-165,1,65
1013,165_101,Connective tissue,101,-165,1,64
1014,165_102,Connective tissue,102,-165,1,67
1015,165_103,Connective tissue,103,-165,1,64
1016,165_104,Connective tissue,104,-165,1,50
1017,165_105,Connective tissue,105,-165,1,67
1018,165_106,Connective tissue,106,-165,1,50
1019,165_107,Connective tissue,107,-165,1,50
1020,165_108,AGM,108,-165,1,50
1021,165_109,AGM,109,-165,1,50
1022,165_110,AGM,110,-165,1,65
1023,165_111,Cavity,111,-165,1,68
1024,165_112,AGM,112,-165,1,65
1025,165_113,AGM,113,-165,1,68
1026,165_114,AGM,114,-165,1,54
1027,165_115,Connective tissue,115,-165,1,50
1028,165_116,Connective tissue,116,-165,1,50
1029,165_117,Connective tissue,117,-165,1,51
1030,165_118,AGM,118,-165,1,51
1031,165_119,AGM,119,-165,1,50
1032,165_120,AGM,120,-165,1,51
1033,165_121,AGM,121,-165,1,50
1034,165_122,AGM,122,-165,1,51
1035,165_123,AGM,123,-165,1,51
1036,165_124,AGM,124,-165,1,48
1037,165_125,AGM,125,-165,1,51
1038,165_126,AGM,126,-165,1,51
1039,165_127,AGM,127,-165,1,51
1040,165_128,AGM,128,-165,1,51
1041,165_129,AGM,129,-165,1,51
1042,165_130,AGM,130,-165,1,51
1043,165_131,AGM,131,-165,1,51
1044,165_132,AGM,132,-165,1,65
1045,165_133,AGM,133,-165,1,67
1046,165_134,Sclerotome,134,-165,1,50
1047,165_135,Sclerotome,135,-165,1,50
1048,165_136,Sclerotome,136,-165,1,50
1049,165_137,Sclerotome,137,-165,1,50
1050,165_138,Sclerotome,138,-165,1,50
1051,165_139,Sclerotome,139,-165,1,49
1052,165_140,Sclerotome,140,-165,1,49
1053,165_141,Sclerotome,141,-165,1,49
1054,165_142,Sclerotome,142,-165,1,55
1055,165_143,Dermomyotome,143,-165,1,49
1056,165_144,Dermomyotome,144,-165,1,49
1057,165_145,Dermomyotome,145,-165,1,49
1058,165_146,Dermomyotome,146,-165,1,49
1059,165_147,Dermomyotome,147,-165,1,79
1060,165_148,Mesenchyme,148,-165,1,79
1061,165_149,Mesenchyme,149,-165,1,79
1062,165_150,Mesenchyme,150,-165,1,79
1063,165_151,Mesenchyme,151,-165,1,79
1064,165_152,Mesenchyme,152,-165,1,79
1065,165_80,Cavity,80,-165,1,26
1066,165_81,Cavity,81,-165,1,68
1067,165_82,Mesenchyme,82,-165,1,68
1068,165_83,Mesenchyme,83,-165,1,64
1069,165_84,Connective tissue,84,-165,1,49
1070,165_85,Connective tissue,85,-165,1,48
1071,165_86,Connective tissue,86,-165,1,48
1072,165_87,Connective tissue,87,-165,1,48
1073,165_88,Connective tissue,88,-165,1,48
1074,165_89,Connective tissue,89,-165,1,48
1075,165_90,Connective tissue,90,-165,1,48
1076,165_91,Connective tissue,91,-165,1,48
1077,165_92,Connective tissue,92,-165,1,48
1078,165_93,Connective tissue,93,-165,1,49
1079,165_94,Connective tissue,94,-165,1,49
1080,165_95,Connective tissue,95,-165,1,49
1081,165_96,Connective tissue,96,-165,1,50
1082,165_97,Connective tissue,97,-165,1,50
1083,165_98,Connective tissue,98,-165,1,64
1084,165_99,Connective tissue,99,-165,1,65
1085,166_100,Connective tissue,100,-166,1,67
1086,166_101,Connective tissue,101,-166,1,64
1087,166_102,Connective tissue,102,-166,1,64
1088,166_103,Connective tissue,103,-166,1,65
1089,166_104,Connective tissue,104,-166,1,64
1090,166_105,Connective tissue,105,-166,1,64
1091,166_106,Connective tissue,106,-166,1,67
1092,166_107,Connective tissue,107,-166,1,50
1093,166_108,Connective tissue,108,-166,1,50
1094,166_109,AGM,109,-166,1,68
1095,166_110,Cavity,110,-166,1,68
1096,166_111,Cavity,111,-166,1,69
1097,166_112,Cavity,112,-166,1,68
1098,166_113,Cavity,113,-166,1,68
1099,166_114,Cavity,114,-166,1,68
1100,166_115,Cavity,115,-166,1,68
1101,166_116,Connective tissue,116,-166,1,65
1102,166_117,Connective tissue,117,-166,1,65
1103,166_118,Connective tissue,118,-166,1,50
1104,166_119,AGM,119,-166,1,51
1105,166_120,AGM,120,-166,1,51
1106,166_121,AGM,121,-166,1,51
1107,166_122,AGM,122,-166,1,49
1108,166_123,AGM,123,-166,1,50
1109,166_124,AGM,124,-166,1,49
1110,166_125,AGM,125,-166,1,48
1111,166_126,AGM,126,-166,1,48
1112,166_127,AGM,127,-166,1,48
1113,166_128,AGM,128,-166,1,48
1114,166_129,AGM,129,-166,1,51
1115,166_130,AGM,130,-166,1,48
1116,166_131,AGM,131,-166,1,51
1117,166_132,AGM,132,-166,1,51
1118,166_133,AGM,133,-166,1,67
1119,166_134,AGM,134,-166,1,50
1120,166_135,Sclerotome,135,-166,1,50
1121,166_136,Sclerotome,136,-166,1,50
1122,166_137,Sclerotome,137,-166,1,50
1123,166_138,Sclerotome,138,-166,1,50
1124,166_139,Sclerotome,139,-166,1,50
1125,166_140,Sclerotome,140,-166,1,50
1126,166_141,Sclerotome,141,-166,1,55
1127,166_142,Sclerotome,142,-166,1,55
1128,166_143,Sclerotome,143,-166,1,55
1129,166_144,Dermomyotome,144,-166,1,49
1130,166_145,Dermomyotome,145,-166,1,49
1131,166_146,Dermomyotome,146,-166,1,48
1132,166_147,Dermomyotome,147,-166,1,48
1133,166_148,Mesenchyme,148,-166,1,79
1134,166_149,Mesenchyme,149,-166,1,79
1135,166_150,Mesenchyme,150,-166,1,79
1136,166_151,Mesenchyme,151,-166,1,79
1137,166_152,Mesenchyme,152,-166,1,79
1138,166_153,Mesenchyme,153,-166,1,76
1139,166_80,Cavity,80,-166,1,27
1140,166_81,Mesenchyme,81,-166,1,69
1141,166_82,Mesenchyme,82,-166,1,78
1142,166_83,Mesenchyme,83,-166,1,78
1143,166_84,Connective tissue,84,-166,1,49
1144,166_85,Connective tissue,85,-166,1,48
1145,166_86,Connective tissue,86,-166,1,48
1146,166_87,Connective tissue,87,-166,1,48
1147,166_88,Connective tissue,88,-166,1,48
1148,166_89,Connective tissue,89,-166,1,48
1149,166_90,Connective tissue,90,-166,1,48
1150,166_91,Connective tissue,91,-166,1,48
1151,166_92,Connective tissue,92,-166,1,49
1152,166_93,Connective tissue,93,-166,1,50
1153,166_94,Connective tissue,94,-166,1,51
1154,166_95,Connective tissue,95,-166,1,50
1155,166_96,Connective tissue,96,-166,1,50
1156,166_97,Connective tissue,97,-166,1,67
1157,166_98,Connective tissue,98,-166,1,65
1158,166_99,Connective tissue,99,-166,1,64
1159,167_100,Connective tissue,100,-167,1,64
1160,167_101,Connective tissue,101,-167,1,68
1161,167_102,Cavity,102,-167,1,69
1162,167_103,Cavity,103,-167,1,69
1163,167_104,Connective tissue,104,-167,1,65
1164,167_105,Connective tissue,105,-167,1,64
1165,167_106,Connective tissue,106,-167,1,64
1166,167_107,Connective tissue,107,-167,1,65
1167,167_108,Cavity,108,-167,1,68
1168,167_109,Cavity,109,-167,1,69
1169,167_110,Cavity,110,-167,1,69
1170,167_111,Cavity,111,-167,1,69
1171,167_112,Cavity,112,-167,1,69
1172,167_113,Cavity,113,-167,1,68
1173,167_114,Connective tissue,114,-167,1,68
1174,167_115,Connective tissue,115,-167,1,64
1175,167_116,Connective tissue,116,-167,1,64
1176,167_117,Connective tissue,117,-167,1,50
1177,167_118,Connective tissue,118,-167,1,51
1178,167_119,AGM,119,-167,1,51
1179,167_120,Liver,120,-167,1,51
1180,167_121,Liver,121,-167,1,51
1181,167_122,Liver,122,-167,1,51
1182,167_123,Liver,123,-167,1,51
1183,167_124,Liver,124,-167,1,51
1184,167_125,Liver,125,-167,1,51
1185,167_126,Liver,126,-167,1,51
1186,167_127,Liver,127,-167,1,51
1187,167_128,Liver,128,-167,1,51
1188,167_129,Liver,129,-167,1,51
1189,167_130,AGM,130,-167,1,48
1190,167_131,AGM,131,-167,1,49
1191,167_132,AGM,132,-167,1,51
1192,167_133,AGM,133,-167,1,51
1193,167_134,AGM,134,-167,1,65
1194,167_135,AGM,135,-167,1,51
1195,167_136,Sclerotome,136,-167,1,50
1196,167_137,Sclerotome,137,-167,1,50
1197,167_138,Sclerotome,138,-167,1,50
1198,167_139,Sclerotome,139,-167,1,50
1199,167_140,Sclerotome,140,-167,1,50
1200,167_141,Sclerotome,141,-167,1,50
1201,167_142,Sclerotome,142,-167,1,49
1202,167_143,Sclerotome,143,-167,1,55
1203,167_144,Sclerotome,144,-167,1,55
1204,167_145,Sclerotome,145,-167,1,49
1205,167_146,Dermomyotome,146,-167,1,49
1206,167_147,Dermomyotome,147,-167,1,49
1207,167_148,Mesenchyme,148,-167,1,79
1208,167_149,Mesenchyme,149,-167,1,79
1209,167_150,Mesenchyme,150,-167,1,79
1210,167_151,Mesenchyme,151,-167,1,79
1211,167_152,Mesenchyme,152,-167,1,79
1212,167_153,Mesenchyme,153,-167,1,79
1213,167_81,Cavity,81,-167,1,76
1214,167_82,Mesenchyme,82,-167,1,79
1215,167_83,Mesenchyme,83,-167,1,78
1216,167_84,Mesenchyme,84,-167,1,79
1217,167_85,Connective tissue,85,-167,1,48
1218,167_86,Connective tissue,86,-167,1,48
1219,167_87,Connective tissue,87,-167,1,48
1220,167_88,Connective tissue,88,-167,1,48
1221,167_89,Connective tissue,89,-167,1,48
1222,167_90,Connective tissue,90,-167,1,48
1223,167_91,Connective tissue,91,-167,1,50
1224,167_92,Connective tissue,92,-167,1,78
1225,167_93,Connective tissue,93,-167,1,78
1226,167_94,Connective tissue,94,-167,1,78
1227,167_95,Connective tissue,95,-167,1,64
1228,167_96,Connective tissue,96,-167,1,64
1229,167_97,Connective tissue,97,-167,1,64
1230,167_98,Connective tissue,98,-167,1,64
1231,167_99,Connective tissue,99,-167,1,64
1232,168_100,Connective tissue,100,-168,1,68
1233,168_101,Cavity,101,-168,1,69
1234,168_102,Cavity,102,-168,1,69
1235,168_103,Cavity,103,-168,1,69
1236,168_104,Cavity,104,-168,1,68
1237,168_105,Cavity,105,-168,1,69
1238,168_106,Cavity,106,-168,1,69
1239,168_107,Cavity,107,-168,1,69
1240,168_108,Cavity,108,-168,1,69
1241,168_109,Cavity,109,-168,1,69
1242,168_110,Cavity,110,-168,1,69
1243,168_111,Cavity,111,-168,1,69
1244,168_112,Connective tissue,112,-168,1,68
1245,168_113,Connective tissue,113,-168,1,64
1246,168_114,Connective tissue,114,-168,1,64
1247,168_115,Connective tissue,115,-168,1,50
1248,168_116,Connective tissue,116,-168,1,50
1249,168_117,Connective tissue,117,-168,1,51
1250,168_118,Liver,118,-168,1,51
1251,168_119,Liver,119,-168,1,51
1252,168_120,Liver,120,-168,1,51
1253,168_121,Liver,121,-168,1,51
1254,168_122,Liver,122,-168,1,51
1255,168_123,Liver,123,-168,1,50
1256,168_124,Liver,124,-168,1,51
1257,168_125,Liver,125,-168,1,51
1258,168_126,Liver,126,-168,1,51
1259,168_127,Liver,127,-168,1,51
1260,168_128,Liver,128,-168,1,51
1261,168_129,Liver,129,-168,1,51
1262,168_130,Liver,130,-168,1,51
1263,168_131,AGM,131,-168,1,51
1264,168_132,AGM,132,-168,1,48
1265,168_133,AGM,133,-168,1,51
1266,168_134,AGM,134,-168,1,67
1267,168_135,AGM,135,-168,1,65
1268,168_136,AGM,136,-168,1,50
1269,168_137,Brain,137,-168,1,50
1270,168_138,Sclerotome,138,-168,1,50
1271,168_139,Sclerotome,139,-168,1,49
1272,168_140,Sclerotome,140,-168,1,50
1273,168_141,Sclerotome,141,-168,1,55
1274,168_142,Sclerotome,142,-168,1,49
1275,168_143,Sclerotome,143,-168,1,49
1276,168_144,Sclerotome,144,-168,1,55
1277,168_145,Sclerotome,145,-168,1,49
1278,168_146,Dermomyotome,146,-168,1,49
1279,168_147,Dermomyotome,147,-168,1,48
1280,168_148,Dermomyotome,148,-168,1,48
1281,168_149,Mesenchyme,149,-168,1,79
1282,168_150,Mesenchyme,150,-168,1,79
1283,168_151,Mesenchyme,151,-168,1,79
1284,168_152,Mesenchyme,152,-168,1,79
1285,168_153,Mesenchyme,153,-168,1,79
1286,168_154,Cavity,154,-168,1,27
1287,168_82,Mesenchyme,82,-168,1,77
1288,168_83,Mesenchyme,83,-168,1,79
1289,168_84,Mesenchyme,84,-168,1,79
1290,168_85,Mesenchyme,85,-168,1,79
1291,168_86,Connective tissue,86,-168,1,79
1292,168_87,Mesenchyme,87,-168,1,79
1293,168_88,Mesenchyme,88,-168,1,79
1294,168_89,Mesenchyme,89,-168,1,79
1295,168_90,Mesenchyme,90,-168,1,79
1296,168_91,Mesenchyme,91,-168,1,79
1297,168_92,Cavity,92,-168,1,78
1298,168_93,Connective tissue,93,-168,1,64
1299,168_94,Connective tissue,94,-168,1,64
1300,168_95,Connective tissue,95,-168,1,70
1301,168_96,Connective tissue,96,-168,1,65
1302,168_97,Connective tissue,97,-168,1,68
1303,168_98,Connective tissue,98,-168,1,70
1304,168_99,Connective tissue,99,-168,1,70
1305,169_100,Cavity,100,-169,1,69
1306,169_101,Cavity,101,-169,1,69
1307,169_102,Cavity,102,-169,1,69
1308,169_103,Cavity,103,-169,1,69
1309,169_104,Cavity,104,-169,1,69
1310,169_105,Cavity,105,-169,1,69
1311,169_106,Cavity,106,-169,1,69
1312,169_107,Cavity,107,-169,1,69
1313,169_108,Cavity,108,-169,1,68
1314,169_109,Cavity,109,-169,1,69
1315,169_110,Connective tissue,110,-169,1,70
1316,169_111,Connective tissue,111,-169,1,70
1317,169_112,Connective tissue,112,-169,1,70
1318,169_113,Connective tissue,113,-169,1,64
1319,169_114,Connective tissue,114,-169,1,50
1320,169_115,Connective tissue,115,-169,1,51
1321,169_116,Connective tissue,116,-169,1,67
1322,169_117,Liver,117,-169,1,51
1323,169_118,Liver,118,-169,1,51
1324,169_119,Liver,119,-169,1,51
1325,169_120,Liver,120,-169,1,51
1326,169_121,Liver,121,-169,1,51
1327,169_122,Liver,122,-169,1,51
1328,169_123,Liver,123,-169,1,51
1329,169_124,Liver,124,-169,1,51
1330,169_125,Liver,125,-169,1,51
1331,169_126,Liver,126,-169,1,51
1332,169_127,Liver,127,-169,1,51
1333,169_128,Liver,128,-169,1,51
1334,169_129,Liver,129,-169,1,51
1335,169_130,Liver,130,-169,1,51
1336,169_131,Liver,131,-169,1,51
1337,169_132,AGM,132,-169,1,51
1338,169_133,AGM,133,-169,1,48
1339,169_134,AGM,134,-169,1,51
1340,169_135,AGM,135,-169,1,67
1341,169_136,AGM,136,-169,1,50
1342,169_137,Sclerotome,137,-169,1,50
1343,169_138,Sclerotome,138,-169,1,50
1344,169_139,Sclerotome,139,-169,1,50
1345,169_140,Sclerotome,140,-169,1,50
1346,169_141,Sclerotome,141,-169,1,50
1347,169_142,Sclerotome,142,-169,1,49
1348,169_143,Sclerotome,143,-169,1,55
1349,169_144,Sclerotome,144,-169,1,49
1350,169_145,Sclerotome,145,-169,1,55
1351,169_146,Dermomyotome,146,-169,1,49
1352,169_147,Dermomyotome,147,-169,1,49
1353,169_148,Dermomyotome,148,-169,1,49
1354,169_149,Dermomyotome,149,-169,1,51
1355,169_150,Mesenchyme,150,-169,1,79
1356,169_151,Mesenchyme,151,-169,1,79
1357,169_152,Mesenchyme,152,-169,1,79
1358,169_153,Mesenchyme,153,-169,1,79
1359,169_154,Cavity,154,-169,1,76
1360,169_82,Cavity,82,-169,1,27
1361,169_83,Cavity,83,-169,1,76
1362,169_84,Cavity,84,-169,1,76
1363,169_85,Cavity,85,-169,1,76
1364,169_86,Cavity,86,-169,1,76
1365,169_87,Cavity,87,-169,1,76
1366,169_88,Cavity,88,-169,1,27
1367,169_92,Cavity,92,-169,1,27
1368,169_93,Cavity,93,-169,1,69
1369,169_94,Cavity,94,-169,1,70
1370,169_95,Cavity,95,-169,1,68
1371,169_96,Connective tissue,96,-169,1,68
1372,169_97,Connective tissue,97,-169,1,68
1373,169_98,Connective tissue,98,-169,1,68
1374,169_99,Connective tissue,99,-169,1,68
1375,170_100,Cavity,100,-170,1,69
1376,170_101,Cavity,101,-170,1,69
1377,170_102,Cavity,102,-170,1,69
1378,170_103,Cavity,103,-170,1,69
1379,170_104,Cavity,104,-170,1,69
1380,170_105,Cavity,105,-170,1,69
1381,170_106,Cavity,106,-170,1,69
1382,170_107,Cavity,107,-170,1,69
1383,170_108,Cavity,108,-170,1,69
1384,170_109,Cavity,109,-170,1,70
1385,170_110,Cavity,110,-170,1,71
1386,170_111,Cavity,111,-170,1,71
1387,170_112,Cavity,112,-170,1,71
1388,170_113,Cavity,113,-170,1,71
1389,170_114,Connective tissue,114,-170,1,64
1390,170_115,Connective tissue,115,-170,1,50
1391,170_116,Connective tissue,116,-170,1,51
1392,170_117,Liver,117,-170,1,51
1393,170_118,Liver,118,-170,1,51
1394,170_119,Liver,119,-170,1,51
1395,170_120,Liver,120,-170,1,51
1396,170_121,Liver,121,-170,1,51
1397,170_122,Liver,122,-170,1,51
1398,170_123,Liver,123,-170,1,51
1399,170_124,Liver,124,-170,1,51
1400,170_125,Liver,125,-170,1,51
1401,170_126,Liver,126,-170,1,51
1402,170_127,Liver,127,-170,1,51
1403,170_128,Liver,128,-170,1,51
1404,170_129,Liver,129,-170,1,51
1405,170_130,Liver,130,-170,1,51
1406,170_131,Liver,131,-170,1,51
1407,170_132,AGM,132,-170,1,48
1408,170_133,AGM,133,-170,1,51
1409,170_134,AGM,134,-170,1,51
1410,170_135,AGM,135,-170,1,65
1411,170_136,AGM,136,-170,1,51
1412,170_137,Sclerotome,137,-170,1,50
1413,170_138,Sclerotome,138,-170,1,50
1414,170_139,Sclerotome,139,-170,1,50
1415,170_140,Sclerotome,140,-170,1,50
1416,170_141,Sclerotome,141,-170,1,50
1417,170_142,Sclerotome,142,-170,1,50
1418,170_143,Sclerotome,143,-170,1,55
1419,170_144,Sclerotome,144,-170,1,55
1420,170_145,Sclerotome,145,-170,1,55
1421,170_146,Sclerotome,146,-170,1,55
1422,170_147,Dermomyotome,147,-170,1,49
1423,170_148,Dermomyotome,148,-170,1,49
1424,170_149,Sclerotome,149,-170,1,49
1425,170_150,Mesenchyme,150,-170,1,79
1426,170_151,Mesenchyme,151,-170,1,79
1427,170_152,Mesenchyme,152,-170,1,79
1428,170_153,Mesenchyme,153,-170,1,79
1429,170_154,Mesenchyme,154,-170,1,79
1430,170_94,Cavity,94,-170,1,27
1431,170_95,Cavity,95,-170,1,69
1432,170_96,Cavity,96,-170,1,69
1433,170_97,Cavity,97,-170,1,68
1434,170_98,Cavity,98,-170,1,69
1435,170_99,Cavity,99,-170,1,69
1436,171_100,Cavity,100,-171,1,69
1437,171_101,Cavity,101,-171,1,69
1438,171_102,Cavity,102,-171,1,69
1439,171_103,Cavity,103,-171,1,69
1440,171_104,Cavity,104,-171,1,69
1441,171_105,Cavity,105,-171,1,69
1442,171_106,Cavity,106,-171,1,69
1443,171_107,Cavity,107,-171,1,69
1444,171_108,Cavity,108,-171,1,71
1445,171_109,Cavity,109,-171,1,71
1446,171_110,Cavity,110,-171,1,71
1447,171_111,Cavity,111,-171,1,71
1448,171_112,Cavity,112,-171,1,70
1449,171_113,Cavity,113,-171,1,58
1450,171_114,Heart,114,-171,1,58
1451,171_115,Heart,115,-171,1,58
1452,171_116,Connective tissue,116,-171,1,51
1453,171_117,Liver,117,-171,1,51
1454,171_118,Liver,118,-171,1,51
1455,171_119,Liver,119,-171,1,51
1456,171_120,Liver,120,-171,1,51
1457,171_121,Liver,121,-171,1,51
1458,171_122,Liver,122,-171,1,51
1459,171_123,Liver,123,-171,1,51
1460,171_124,Liver,124,-171,1,51
1461,171_125,Liver,125,-171,1,51
1462,171_126,Liver,126,-171,1,51
1463,171_127,Liver,127,-171,1,51
1464,171_128,Liver,128,-171,1,51
1465,171_129,Liver,129,-171,1,51
1466,171_130,Liver,130,-171,1,51
1467,171_131,Liver,131,-171,1,51
1468,171_132,AGM,132,-171,1,48
1469,171_133,AGM,133,-171,1,48
1470,171_134,AGM,134,-171,1,51
1471,171_135,AGM,135,-171,1,51
1472,171_136,AGM,136,-171,1,51
1473,171_137,AGM,137,-171,1,67
1474,171_138,Cavity,138,-171,1,65
1475,171_139,AGM,139,-171,1,64
1476,171_140,AGM,140,-171,1,51
1477,171_141,Sclerotome,141,-171,1,50
1478,171_142,Sclerotome,142,-171,1,55
1479,171_143,Sclerotome,143,-171,1,55
1480,171_144,Sclerotome,144,-171,1,55
1481,171_145,Sclerotome,145,-171,1,55
1482,171_146,Sclerotome,146,-171,1,49
1483,171_147,Sclerotome,147,-171,1,55
1484,171_148,Sclerotome,148,-171,1,53
1485,171_149,Sclerotome,149,-171,1,55
1486,171_150,Mesenchyme,150,-171,1,79
1487,171_151,Mesenchyme,151,-171,1,79
1488,171_152,Mesenchyme,152,-171,1,79
1489,171_153,Mesenchyme,153,-171,1,79
1490,171_154,Mesenchyme,154,-171,1,79
1491,171_155,Cavity,155,-171,1,26
1492,171_96,Cavity,96,-171,1,26
1493,171_97,Cavity,97,-171,1,69
1494,171_98,Cavity,98,-171,1,69
1495,171_99,Cavity,99,-171,1,69
1496,172_100,Cavity,100,-172,1,69
1497,172_101,Cavity,101,-172,1,69
1498,172_102,Cavity,102,-172,1,69
1499,172_103,Cavity,103,-172,1,69
1500,172_104,Cavity,104,-172,1,69
1501,172_105,Cavity,105,-172,1,69
1502,172_106,Cavity,106,-172,1,69
1503,172_107,Cavity,107,-172,1,71
1504,172_108,Cavity,108,-172,1,70
1505,172_109,Cavity,109,-172,1,71
1506,172_110,Cavity,110,-172,1,70
1507,172_111,Cavity,111,-172,1,70
1508,172_112,Heart,112,-172,1,57
1509,172_113,Heart,113,-172,1,57
1510,172_114,Heart,114,-172,1,57
1511,172_115,Heart,115,-172,1,57
1512,172_116,Heart,116,-172,1,58
1513,172_117,Liver,117,-172,1,51
1514,172_118,Liver,118,-172,1,51
1515,172_119,Liver,119,-172,1,51
1516,172_120,Liver,120,-172,1,51
1517,172_121,Liver,121,-172,1,51
1518,172_122,Liver,122,-172,1,51
1519,172_123,Liver,123,-172,1,50
1520,172_124,Liver,124,-172,1,51
1521,172_125,AGM,125,-172,1,51
1522,172_126,Liver,126,-172,1,51
1523,172_127,Liver,127,-172,1,51
1524,172_128,Liver,128,-172,1,51
1525,172_129,Liver,129,-172,1,51
1526,172_130,Liver,130,-172,1,51
1527,172_131,Liver,131,-172,1,51
1528,172_132,AGM,132,-172,1,51
1529,172_133,AGM,133,-172,1,51
1530,172_134,AGM,134,-172,1,51
1531,172_135,AGM,135,-172,1,51
1532,172_136,AGM,136,-172,1,65
1533,172_137,AGM,137,-172,1,64
1534,172_138,Cavity,138,-172,1,69
1535,172_139,Cavity,139,-172,1,68
1536,172_140,AGM,140,-172,1,67
1537,172_141,Sclerotome,141,-172,1,50
1538,172_142,Sclerotome,142,-172,1,55
1539,172_143,Sclerotome,143,-172,1,55
1540,172_144,Sclerotome,144,-172,1,55
1541,172_145,Sclerotome,145,-172,1,49
1542,172_146,Sclerotome,146,-172,1,55
1543,172_147,Sclerotome,147,-172,1,55
1544,172_148,Sclerotome,148,-172,1,55
1545,172_149,Sclerotome,149,-172,1,55
1546,172_150,Mesenchyme,150,-172,1,49
1547,172_151,Mesenchyme,151,-172,1,79
1548,172_152,Mesenchyme,152,-172,1,79
1549,172_153,Mesenchyme,153,-172,1,79
1550,172_154,Mesenchyme,154,-172,1,77
1551,172_155,Cavity,155,-172,1,77
1552,172_97,Cavity,97,-172,1,26
1553,172_98,Cavity,98,-172,1,69
1554,172_99,Cavity,99,-172,1,69
1555,173_100,Cavity,100,-173,1,69
1556,173_101,Cavity,101,-173,1,69
1557,173_102,Cavity,102,-173,1,69
1558,173_103,Cavity,103,-173,1,69
1559,173_104,Cavity,104,-173,1,69
1560,173_105,Cavity,105,-173,1,69
1561,173_106,Cavity,106,-173,1,77
1562,173_107,Cavity,107,-173,1,71
1563,173_108,Cavity,108,-173,1,71
1564,173_109,Cavity,109,-173,1,71
1565,173_110,Heart,110,-173,1,58
1566,173_111,Heart,111,-173,1,57
1567,173_112,Heart,112,-173,1,57
1568,173_113,Heart,113,-173,1,57
1569,173_114,Heart,114,-173,1,57
1570,173_115,Heart,115,-173,1,57
1571,173_116,Heart,116,-173,1,56
1572,173_117,Heart,117,-173,1,57
1573,173_118,Heart,118,-173,1,58
1574,173_119,AGM,119,-173,1,64
1575,173_120,AGM,120,-173,1,64
1576,173_121,Heart,121,-173,1,58
1577,173_122,AGM,122,-173,1,58
1578,173_123,AGM,123,-173,1,64
1579,173_124,AGM,124,-173,1,50
1580,173_125,AGM,125,-173,1,51
1581,173_126,AGM,126,-173,1,51
1582,173_127,AGM,127,-173,1,51
1583,173_128,Liver,128,-173,1,51
1584,173_129,Liver,129,-173,1,51
1585,173_130,Liver,130,-173,1,51
1586,173_131,Liver,131,-173,1,51
1587,173_132,AGM,132,-173,1,51
1588,173_133,AGM,133,-173,1,51
1589,173_134,AGM,134,-173,1,51
1590,173_135,AGM,135,-173,1,51
1591,173_136,AGM,136,-173,1,67
1592,173_137,AGM,137,-173,1,67
1593,173_138,Cavity,138,-173,1,69
1594,173_139,Cavity,139,-173,1,69
1595,173_140,AGM,140,-173,1,65
1596,173_141,Sclerotome,141,-173,1,50
1597,173_142,Sclerotome,142,-173,1,50
1598,173_143,Sclerotome,143,-173,1,50
1599,173_144,Sclerotome,144,-173,1,55
1600,173_145,Sclerotome,145,-173,1,55
1601,173_146,Sclerotome,146,-173,1,55
1602,173_147,Sclerotome,147,-173,1,55
1603,173_148,Sclerotome,148,-173,1,55
1604,173_149,Dermomyotome,149,-173,1,49
1605,173_150,Dermomyotome,150,-173,1,49
1606,173_151,Mesenchyme,151,-173,1,79
1607,173_152,Mesenchyme,152,-173,1,79
1608,173_153,Mesenchyme,153,-173,1,79
1609,173_154,Mesenchyme,154,-173,1,79
1610,173_155,Mesenchyme,155,-173,1,77
1611,173_98,Cavity,98,-173,1,26
1612,173_99,Cavity,99,-173,1,69
1613,174_100,Cavity,100,-174,1,71
1614,174_101,Cavity,101,-174,1,71
1615,174_102,Cavity,102,-174,1,71
1616,174_103,Cavity,103,-174,1,71
1617,174_104,Cavity,104,-174,1,71
1618,174_105,Cavity,105,-174,1,71
1619,174_106,Cavity,106,-174,1,71
1620,174_107,Cavity,107,-174,1,71
1621,174_108,Heart,108,-174,1,71
1622,174_109,Heart,109,-174,1,57
1623,174_110,Heart,110,-174,1,57
1624,174_111,Heart,111,-174,1,57
1625,174_112,Heart,112,-174,1,57
1626,174_113,Heart,113,-174,1,57
1627,174_114,Heart,114,-174,1,57
1628,174_115,Heart,115,-174,1,57
1629,174_116,Heart,116,-174,1,57
1630,174_117,Heart,117,-174,1,57
1631,174_118,Heart,118,-174,1,58
1632,174_119,Heart,119,-174,1,58
1633,174_120,Heart,120,-174,1,58
1634,174_121,Heart,121,-174,1,58
1635,174_122,Heart,122,-174,1,58
1636,174_123,Heart,123,-174,1,58
1637,174_124,Heart,124,-174,1,58
1638,174_125,Heart,125,-174,1,58
1639,174_126,AGM,126,-174,1,51
1640,174_127,AGM,127,-174,1,50
1641,174_128,AGM,128,-174,1,51
1642,174_129,AGM,129,-174,1,51
1643,174_130,AGM,130,-174,1,51
1644,174_131,AGM,131,-174,1,51
1645,174_132,AGM,132,-174,1,51
1646,174_133,AGM,133,-174,1,51
1647,174_134,AGM,134,-174,1,51
1648,174_135,AGM,135,-174,1,51
1649,174_136,AGM,136,-174,1,51
1650,174_137,AGM,137,-174,1,67
1651,174_138,Cavity,138,-174,1,69
1652,174_139,Cavity,139,-174,1,69
1653,174_140,Cavity,140,-174,1,68
1654,174_141,AGM,141,-174,1,65
1655,174_142,Sclerotome,142,-174,1,50
1656,174_143,Sclerotome,143,-174,1,55
1657,174_144,Sclerotome,144,-174,1,55
1658,174_145,Sclerotome,145,-174,1,55
1659,174_146,Sclerotome,146,-174,1,55
1660,174_147,Sclerotome,147,-174,1,55
1661,174_148,Sclerotome,148,-174,1,55
1662,174_149,Sclerotome,149,-174,1,49
1663,174_150,Dermomyotome,150,-174,1,49
1664,174_151,Mesenchyme,151,-174,1,51
1665,174_152,Mesenchyme,152,-174,1,79
1666,174_153,Mesenchyme,153,-174,1,79
1667,174_154,Mesenchyme,154,-174,1,77
1668,174_155,Mesenchyme,155,-174,1,79
1669,174_99,Cavity,99,-174,1,27
1670,175_100,Cavity,100,-175,1,69
1671,175_101,Cavity,101,-175,1,69
1672,175_102,Cavity,102,-175,1,71
1673,175_103,Cavity,103,-175,1,69
1674,175_104,Cavity,104,-175,1,71
1675,175_105,Cavity,105,-175,1,71
1676,175_106,Cavity,106,-175,1,71
1677,175_107,Heart,107,-175,1,70
1678,175_108,Heart,108,-175,1,57
1679,175_109,Heart,109,-175,1,57
1680,175_110,Heart,110,-175,1,57
1681,175_111,Heart,111,-175,1,57
1682,175_112,Heart,112,-175,1,57
1683,175_113,Heart,113,-175,1,57
1684,175_114,Heart,114,-175,1,57
1685,175_115,Heart,115,-175,1,57
1686,175_116,Heart,116,-175,1,57
1687,175_117,Heart,117,-175,1,57
1688,175_118,Heart,118,-175,1,57
1689,175_119,Heart,119,-175,1,58
1690,175_120,Heart,120,-175,1,58
1691,175_121,Heart,121,-175,1,59
1692,175_122,Heart,122,-175,1,58
1693,175_123,Heart,123,-175,1,57
1694,175_124,Heart,124,-175,1,58
1695,175_125,Cavity,125,-175,1,70
1696,175_126,Cavity,126,-175,1,70
1697,175_127,AGM,127,-175,1,51
1698,175_128,AGM,128,-175,1,51
1699,175_129,AGM,129,-175,1,50
1700,175_130,AGM,130,-175,1,50
1701,175_131,AGM,131,-175,1,49
1702,175_132,AGM,132,-175,1,51
1703,175_133,AGM,133,-175,1,51
1704,175_134,AGM,134,-175,1,50
1705,175_135,AGM,135,-175,1,51
1706,175_136,AGM,136,-175,1,51
1707,175_137,AGM,137,-175,1,51
1708,175_138,Cavity,138,-175,1,69
1709,175_139,Cavity,139,-175,1,69
1710,175_140,Cavity,140,-175,1,68
1711,175_141,AGM,141,-175,1,65
1712,175_142,Sclerotome,142,-175,1,50
1713,175_143,Sclerotome,143,-175,1,55
1714,175_144,Sclerotome,144,-175,1,55
1715,175_145,Sclerotome,145,-175,1,55
1716,175_146,Sclerotome,146,-175,1,55
1717,175_147,Sclerotome,147,-175,1,55
1718,175_148,Sclerotome,148,-175,1,55
1719,175_149,Sclerotome,149,-175,1,55
1720,175_150,Sclerotome,150,-175,1,55
1721,175_151,Sclerotome,151,-175,1,55
1722,175_152,Mesenchyme,152,-175,1,79
1723,175_153,Mesenchyme,153,-175,1,79
1724,175_154,Mesenchyme,154,-175,1,77
1725,175_155,Mesenchyme,155,-175,1,79
1726,176_100,Cavity,100,-176,1,27
1727,176_101,Cavity,101,-176,1,26
1728,176_102,Cavity,102,-176,1,71
1729,176_103,Cavity,103,-176,1,71
1730,176_104,Cavity,104,-176,1,71
1731,176_105,Cavity,105,-176,1,71
1732,176_106,Cavity,106,-176,1,71
1733,176_107,Heart,107,-176,1,58
1734,176_108,Heart,108,-176,1,57
1735,176_109,Heart,109,-176,1,56
1736,176_110,Heart,110,-176,1,56
1737,176_111,Heart,111,-176,1,57
1738,176_112,Heart,112,-176,1,57
1739,176_113,Heart,113,-176,1,57
1740,176_114,Heart,114,-176,1,57
1741,176_115,Heart,115,-176,1,57
1742,176_116,Heart,116,-176,1,57
1743,176_117,Heart,117,-176,1,57
1744,176_118,Heart,118,-176,1,57
1745,176_119,Heart,119,-176,1,57
1746,176_120,Heart,120,-176,1,57
1747,176_121,Heart,121,-176,1,58
1748,176_122,Heart,122,-176,1,58
1749,176_123,Cavity,123,-176,1,71
1750,176_124,Cavity,124,-176,1,70
1751,176_125,Cavity,125,-176,1,69
1752,176_126,Cavity,126,-176,1,69
1753,176_127,Cavity,127,-176,1,68
1754,176_128,AGM,128,-176,1,64
1755,176_129,AGM,129,-176,1,67
1756,176_130,AGM,130,-176,1,51
1757,176_131,AGM,131,-176,1,51
1758,176_132,AGM,132,-176,1,51
1759,176_133,AGM,133,-176,1,51
1760,176_134,AGM,134,-176,1,51
1761,176_135,AGM,135,-176,1,50
1762,176_136,AGM,136,-176,1,51
1763,176_137,AGM,137,-176,1,51
1764,176_138,AGM,138,-176,1,65
1765,176_139,Cavity,139,-176,1,69
1766,176_140,Cavity,140,-176,1,69
1767,176_141,Cavity,141,-176,1,65
1768,176_142,Sclerotome,142,-176,1,50
1769,176_143,Sclerotome,143,-176,1,55
1770,176_144,Sclerotome,144,-176,1,55
1771,176_145,Sclerotome,145,-176,1,55
1772,176_146,Sclerotome,146,-176,1,55
1773,176_147,Sclerotome,147,-176,1,55
1774,176_148,Sclerotome,148,-176,1,55
1775,176_149,Sclerotome,149,-176,1,55
1776,176_150,Sclerotome,150,-176,1,55
1777,176_151,Sclerotome,151,-176,1,55
1778,176_152,Mesenchyme,152,-176,1,79
1779,176_153,Mesenchyme,153,-176,1,79
1780,176_154,Mesenchyme,154,-176,1,79
1781,176_155,Mesenchyme,155,-176,1,79
1782,176_156,Cavity,156,-176,1,76
1783,177_102,Cavity,102,-177,1,69
1784,177_103,Cavity,103,-177,1,71
1785,177_104,Cavity,104,-177,1,71
1786,177_105,Cavity,105,-177,1,71
1787,177_106,Heart,106,-177,1,58
1788,177_107,Heart,107,-177,1,57
1789,177_108,Heart,108,-177,1,56
1790,177_109,Heart,109,-177,1,57
1791,177_110,Heart,110,-177,1,56
1792,177_111,Heart,111,-177,1,57
1793,177_112,Heart,112,-177,1,57
1794,177_113,Heart,113,-177,1,57
1795,177_114,Heart,114,-177,1,57
1796,177_115,Heart,115,-177,1,57
1797,177_116,Heart,116,-177,1,71
1798,177_117,Heart,117,-177,1,70
1799,177_118,Heart,118,-177,1,57
1800,177_119,Heart,119,-177,1,57
1801,177_120,Heart,120,-177,1,57
1802,177_121,Heart,121,-177,1,57
1803,177_122,Heart,122,-177,1,57
1804,177_123,Cavity,123,-177,1,71
1805,177_124,Cavity,124,-177,1,69
1806,177_125,Cavity,125,-177,1,69
1807,177_126,Cavity,126,-177,1,69
1808,177_127,Cavity,127,-177,1,69
1809,177_128,Cavity,128,-177,1,70
1810,177_129,AGM,129,-177,1,67
1811,177_130,AGM,130,-177,1,51
1812,177_131,AGM,131,-177,1,51
1813,177_132,AGM,132,-177,1,51
1814,177_133,AGM,133,-177,1,51
1815,177_134,AGM,134,-177,1,51
1816,177_135,AGM,135,-177,1,50
1817,177_136,AGM,136,-177,1,50
1818,177_137,AGM,137,-177,1,51
1819,177_138,AGM,138,-177,1,64
1820,177_139,Cavity,139,-177,1,69
1821,177_140,Cavity,140,-177,1,69
1822,177_141,Cavity,141,-177,1,68
1823,177_142,Sclerotome,142,-177,1,55
1824,177_143,Sclerotome,143,-177,1,55
1825,177_144,Sclerotome,144,-177,1,55
1826,177_145,Sclerotome,145,-177,1,55
1827,177_146,Sclerotome,146,-177,1,55
1828,177_147,Sclerotome,147,-177,1,55
1829,177_148,Sclerotome,148,-177,1,55
1830,177_149,Sclerotome,149,-177,1,55
1831,177_150,Sclerotome,150,-177,1,53
1832,177_151,Sclerotome,151,-177,1,55
1833,177_152,Mesenchyme,152,-177,1,55
1834,177_153,Mesenchyme,153,-177,1,79
1835,177_154,Mesenchyme,154,-177,1,79
1836,177_155,Mesenchyme,155,-177,1,79
1837,177_156,Cavity,156,-177,1,26
1838,178_102,Cavity,102,-178,1,27
1839,178_103,Cavity,103,-178,1,71
1840,178_104,Cavity,104,-178,1,71
1841,178_105,Cavity,105,-178,1,70
1842,178_106,Heart,106,-178,1,58
1843,178_107,Heart,107,-178,1,57
1844,178_108,Heart,108,-178,1,56
1845,178_109,Heart,109,-178,1,56
1846,178_110,Heart,110,-178,1,56
1847,178_111,Heart,111,-178,1,57
1848,178_112,Heart,112,-178,1,57
1849,178_113,Heart,113,-178,1,57
1850,178_114,Cavity,114,-178,1,70
1851,178_115,Cavity,115,-178,1,71
1852,178_116,Cavity,116,-178,1,70
1853,178_117,Cavity,117,-178,1,69
1854,178_118,Cavity,118,-178,1,71
1855,178_119,Heart,119,-178,1,71
1856,178_120,Heart,120,-178,1,57
1857,178_121,Heart,121,-178,1,57
1858,178_122,Heart,122,-178,1,57
1859,178_123,Heart,123,-178,1,71
1860,178_124,Cavity,124,-178,1,70
1861,178_125,Cavity,125,-178,1,69
1862,178_126,Cavity,126,-178,1,70
1863,178_127,AGM,127,-178,1,64
1864,178_128,AGM,128,-178,1,58
1865,178_129,Heart,129,-178,1,50
1866,178_130,AGM,130,-178,1,51
1867,178_131,Liver,131,-178,1,51
1868,178_132,AGM,132,-178,1,51
1869,178_133,AGM,133,-178,1,51
1870,178_134,AGM,134,-178,1,51
1871,178_135,AGM,135,-178,1,49
1872,178_136,AGM,136,-178,1,51
1873,178_137,AGM,137,-178,1,51
1874,178_138,AGM,138,-178,1,67
1875,178_139,Cavity,139,-178,1,69
1876,178_140,Cavity,140,-178,1,69
1877,178_141,Cavity,141,-178,1,65
1878,178_142,Sclerotome,142,-178,1,50
1879,178_143,Sclerotome,143,-178,1,55
1880,178_144,Sclerotome,144,-178,1,55
1881,178_145,Sclerotome,145,-178,1,55
1882,178_146,Sclerotome,146,-178,1,55
1883,178_147,Sclerotome,147,-178,1,55
1884,178_148,Sclerotome,148,-178,1,55
1885,178_149,Sclerotome,149,-178,1,55
1886,178_150,Sclerotome,150,-178,1,55
1887,178_151,Sclerotome,151,-178,1,55
1888,178_152,Mesenchyme,152,-178,1,79
1889,178_153,Mesenchyme,153,-178,1,79
1890,178_154,Mesenchyme,154,-178,1,79
1891,178_155,Mesenchyme,155,-178,1,79
1892,178_156,Cavity,156,-178,1,76
1893,179_103,Cavity,103,-179,1,71
1894,179_104,Cavity,104,-179,1,71
1895,179_105,Cavity,105,-179,1,70
1896,179_106,Heart,106,-179,1,58
1897,179_107,Heart,107,-179,1,57
1898,179_108,Heart,108,-179,1,57
1899,179_109,Heart,109,-179,1,56
1900,179_110,Heart,110,-179,1,57
1901,179_111,Heart,111,-179,1,57
1902,179_112,Heart,112,-179,1,57
1903,179_113,Heart,113,-179,1,71
1904,179_114,Cavity,114,-179,1,70
1905,179_115,Cavity,115,-179,1,69
1906,179_116,Cavity,116,-179,1,69
1907,179_117,Cavity,117,-179,1,69
1908,179_118,Cavity,118,-179,1,71
1909,179_119,Heart,119,-179,1,71
1910,179_120,Heart,120,-179,1,57
1911,179_121,Heart,121,-179,1,57
1912,179_122,Heart,122,-179,1,57
1913,179_123,Heart,123,-179,1,57
1914,179_124,Cavity,124,-179,1,70
1915,179_125,Cavity,125,-179,1,70
1916,179_126,AGM,126,-179,1,70
1917,179_127,Heart,127,-179,1,58
1918,179_128,Heart,128,-179,1,58
1919,179_129,Heart,129,-179,1,58
1920,179_130,Branchial arch,130,-179,1,50
1921,179_131,Liver,131,-179,1,51
1922,179_132,Liver,132,-179,1,51
1923,179_133,AGM,133,-179,1,51
1924,179_134,AGM,134,-179,1,51
1925,179_135,AGM,135,-179,1,50
1926,179_136,AGM,136,-179,1,49
1927,179_137,AGM,137,-179,1,51
1928,179_138,AGM,138,-179,1,67
1929,179_139,Cavity,139,-179,1,68
1930,179_140,Cavity,140,-179,1,68
1931,179_141,AGM,141,-179,1,50
1932,179_142,Sclerotome,142,-179,1,50
1933,179_143,Sclerotome,143,-179,1,55
1934,179_144,Sclerotome,144,-179,1,55
1935,179_145,Sclerotome,145,-179,1,55
1936,179_146,Sclerotome,146,-179,1,55
1937,179_147,Sclerotome,147,-179,1,55
1938,179_148,Sclerotome,148,-179,1,55
1939,179_149,Sclerotome,149,-179,1,55
1940,179_150,Sclerotome,150,-179,1,55
1941,179_151,Sclerotome,151,-179,1,55
1942,179_152,Sclerotome,152,-179,1,55
1943,179_153,Mesenchyme,153,-179,1,79
1944,179_154,Mesenchyme,154,-179,1,77
1945,179_155,Mesenchyme,155,-179,1,79
1946,179_156,Cavity,156,-179,1,26
1947,180_103,Cavity,103,-180,1,27
1948,180_104,Cavity,104,-180,1,71
1949,180_105,Cavity,105,-180,1,71
1950,180_106,Heart,106,-180,1,58
1951,180_107,Heart,107,-180,1,58
1952,180_108,Heart,108,-180,1,57
1953,180_109,Heart,109,-180,1,57
1954,180_110,Heart,110,-180,1,57
1955,180_111,Heart,111,-180,1,57
1956,180_112,Heart,112,-180,1,57
1957,180_113,Cavity,113,-180,1,71
1958,180_114,Cavity,114,-180,1,69
1959,180_115,Cavity,115,-180,1,69
1960,180_116,Cavity,116,-180,1,69
1961,180_117,Cavity,117,-180,1,69
1962,180_118,Cavity,118,-180,1,69
1963,180_119,Heart,119,-180,1,71
1964,180_120,Heart,120,-180,1,57
1965,180_121,Heart,121,-180,1,57
1966,180_122,Heart,122,-180,1,57
1967,180_123,Heart,123,-180,1,56
1968,180_124,Heart,124,-180,1,57
1969,180_125,Heart,125,-180,1,70
1970,180_126,Heart,126,-180,1,58
1971,180_127,Heart,127,-180,1,58
1972,180_128,Heart,128,-180,1,58
1973,180_129,Heart,129,-180,1,55
1974,180_130,Branchial arch,130,-180,1,50
1975,180_131,Liver,131,-180,1,51
1976,180_132,AGM,132,-180,1,51
1977,180_133,AGM,133,-180,1,51
1978,180_134,AGM,134,-180,1,51
1979,180_135,AGM,135,-180,1,51
1980,180_136,AGM,136,-180,1,50
1981,180_137,AGM,137,-180,1,55
1982,180_138,AGM,138,-180,1,50
1983,180_139,Cavity,139,-180,1,68
1984,180_140,AGM,140,-180,1,64
1985,180_141,Neural crest,141,-180,1,55
1986,180_142,Sclerotome,142,-180,1,55
1987,180_143,Sclerotome,143,-180,1,55
1988,180_144,Sclerotome,144,-180,1,55
1989,180_145,Sclerotome,145,-180,1,55
1990,180_146,Sclerotome,146,-180,1,55
1991,180_147,Sclerotome,147,-180,1,55
1992,180_148,Sclerotome,148,-180,1,55
1993,180_149,Sclerotome,149,-180,1,55
1994,180_150,Sclerotome,150,-180,1,55
1995,180_151,Sclerotome,151,-180,1,55
1996,180_152,Sclerotome,152,-180,1,55
1997,180_153,Mesenchyme,153,-180,1,79
1998,180_154,Mesenchyme,154,-180,1,79
1999,180_155,Mesenchyme,155,-180,1,79
2000,180_156,Cavity,156,-180,1,76
2001,181_104,Cavity,104,-181,1,71
2002,181_105,Cavity,105,-181,1,71
2003,181_106,Heart,106,-181,1,58
2004,181_107,Heart,107,-181,1,57
2005,181_108,Heart,108,-181,1,57
2006,181_109,Heart,109,-181,1,57
2007,181_110,Heart,110,-181,1,57
2008,181_111,Heart,111,-181,1,57
2009,181_112,Cavity,112,-181,1,71
2010,181_113,Cavity,113,-181,1,69
2011,181_114,Cavity,114,-181,1,69
2012,181_115,Cavity,115,-181,1,69
2013,181_116,Cavity,116,-181,1,69
2014,181_117,Cavity,117,-181,1,69
2015,181_118,Cavity,118,-181,1,71
2016,181_119,Heart,119,-181,1,71
2017,181_120,Heart,120,-181,1,57
2018,181_121,Heart,121,-181,1,57
2019,181_122,Heart,122,-181,1,57
2020,181_123,Heart,123,-181,1,56
2021,181_124,Heart,124,-181,1,57
2022,181_125,Heart,125,-181,1,58
2023,181_126,Heart,126,-181,1,59
2024,181_127,Heart,127,-181,1,58
2025,181_128,Heart,128,-181,1,58
2026,181_129,Heart,129,-181,1,50
2027,181_130,AGM,130,-181,1,51
2028,181_131,Branchial arch,131,-181,1,51
2029,181_132,AGM,132,-181,1,51
2030,181_133,AGM,133,-181,1,51
2031,181_134,AGM,134,-181,1,49
2032,181_135,AGM,135,-181,1,51
2033,181_136,AGM,136,-181,1,55
2034,181_137,AGM,137,-181,1,55
2035,181_138,Neural crest,138,-181,1,50
2036,181_139,Neural crest,139,-181,1,50
2037,181_140,Neural crest,140,-181,1,55
2038,181_141,Neural crest,141,-181,1,55
2039,181_142,Sclerotome,142,-181,1,55
2040,181_143,Sclerotome,143,-181,1,55
2041,181_144,Sclerotome,144,-181,1,55
2042,181_145,Sclerotome,145,-181,1,55
2043,181_146,Sclerotome,146,-181,1,55
2044,181_147,Sclerotome,147,-181,1,55
2045,181_148,Sclerotome,148,-181,1,55
2046,181_149,Sclerotome,149,-181,1,55
2047,181_150,Sclerotome,150,-181,1,55
2048,181_151,Sclerotome,151,-181,1,55
2049,181_152,Sclerotome,152,-181,1,55
2050,181_153,Mesenchyme,153,-181,1,79
2051,181_154,Mesenchyme,154,-181,1,79
2052,181_155,Mesenchyme,155,-181,1,79
2053,181_156,Mesenchyme,156,-181,1,77
2054,182_104,Cavity,104,-182,1,26
2055,182_105,Cavity,105,-182,1,57
2056,182_106,Heart,106,-182,1,58
2057,182_107,Heart,107,-182,1,58
2058,182_108,Heart,108,-182,1,56
2059,182_109,Heart,109,-182,1,56
2060,182_110,Heart,110,-182,1,57
2061,182_111,Heart,111,-182,1,71
2062,182_112,Cavity,112,-182,1,70
2063,182_113,Cavity,113,-182,1,69
2064,182_114,Cavity,114,-182,1,69
2065,182_115,Cavity,115,-182,1,69
2066,182_116,Cavity,116,-182,1,69
2067,182_117,Cavity,117,-182,1,69
2068,182_118,Cavity,118,-182,1,70
2069,182_119,Heart,119,-182,1,57
2070,182_120,Heart,120,-182,1,56
2071,182_121,Heart,121,-182,1,57
2072,182_122,Heart,122,-182,1,57
2073,182_123,Heart,123,-182,1,56
2074,182_124,Heart,124,-182,1,58
2075,182_125,Heart,125,-182,1,58
2076,182_126,Heart,126,-182,1,59
2077,182_127,Heart,127,-182,1,59
2078,182_128,Heart,128,-182,1,58
2079,182_129,Heart,129,-182,1,58
2080,182_130,AGM,130,-182,1,51
2081,182_131,AGM,131,-182,1,51
2082,182_132,AGM,132,-182,1,51
2083,182_133,AGM,133,-182,1,49
2084,182_134,AGM,134,-182,1,51
2085,182_135,AGM,135,-182,1,55
2086,182_136,AGM,136,-182,1,50
2087,182_137,AGM,137,-182,1,55
2088,182_138,Neural crest,138,-182,1,50
2089,182_139,Neural crest,139,-182,1,55
2090,182_140,Neural crest,140,-182,1,55
2091,182_141,Neural crest,141,-182,1,55
2092,182_142,Neural crest,142,-182,1,55
2093,182_143,Neural crest,143,-182,1,55
2094,182_144,Sclerotome,144,-182,1,55
2095,182_145,Sclerotome,145,-182,1,55
2096,182_146,Sclerotome,146,-182,1,55
2097,182_147,Sclerotome,147,-182,1,55
2098,182_148,Sclerotome,148,-182,1,55
2099,182_149,Sclerotome,149,-182,1,55
2100,182_150,Sclerotome,150,-182,1,55
2101,182_151,Sclerotome,151,-182,1,55
2102,182_152,Sclerotome,152,-182,1,55
2103,182_153,Mesenchyme,153,-182,1,79
2104,182_154,Mesenchyme,154,-182,1,77
2105,182_155,Mesenchyme,155,-182,1,79
2106,182_156,Mesenchyme,156,-182,1,77
2107,183_105,Cavity,105,-183,1,57
2108,183_106,Heart,106,-183,1,57
2109,183_107,Heart,107,-183,1,57
2110,183_108,Heart,108,-183,1,56
2111,183_109,Heart,109,-183,1,59
2112,183_110,Heart,110,-183,1,56
2113,183_111,Heart,111,-183,1,57
2114,183_112,Heart,112,-183,1,57
2115,183_113,Heart,113,-183,1,71
2116,183_114,Cavity,114,-183,1,70
2117,183_115,Cavity,115,-183,1,70
2118,183_116,Cavity,116,-183,1,70
2119,183_117,Cavity,117,-183,1,70
2120,183_118,Heart,118,-183,1,71
2121,183_119,Heart,119,-183,1,57
2122,183_120,Heart,120,-183,1,56
2123,183_121,Heart,121,-183,1,58
2124,183_122,Heart,122,-183,1,57
2125,183_123,Heart,123,-183,1,56
2126,183_124,Heart,124,-183,1,59
2127,183_125,Heart,125,-183,1,58
2128,183_126,Heart,126,-183,1,59
2129,183_127,Heart,127,-183,1,59
2130,183_128,Heart,128,-183,1,58
2131,183_129,AGM,129,-183,1,50
2132,183_130,AGM,130,-183,1,51
2133,183_131,AGM,131,-183,1,51
2134,183_132,AGM,132,-183,1,48
2135,183_133,AGM,133,-183,1,51
2136,183_134,AGM,134,-183,1,55
2137,183_135,AGM,135,-183,1,55
2138,183_136,AGM,136,-183,1,50
2139,183_137,Neural crest,137,-183,1,55
2140,183_138,Neural crest,138,-183,1,55
2141,183_139,Neural crest,139,-183,1,54
2142,183_140,Neural crest,140,-183,1,55
2143,183_141,Neural crest,141,-183,1,55
2144,183_142,Neural crest,142,-183,1,55
2145,183_143,Neural crest,143,-183,1,55
2146,183_144,Neural crest,144,-183,1,55
2147,183_145,Neural crest,145,-183,1,55
2148,183_146,Sclerotome,146,-183,1,55
2149,183_147,Sclerotome,147,-183,1,55
2150,183_148,Sclerotome,148,-183,1,55
2151,183_149,Sclerotome,149,-183,1,55
2152,183_150,Sclerotome,150,-183,1,55
2153,183_151,Neural crest,151,-183,1,55
2154,183_152,Sclerotome,152,-183,1,55
2155,183_153,Neural crest,153,-183,1,79
2156,183_154,Mesenchyme,154,-183,1,79
2157,183_155,Mesenchyme,155,-183,1,79
2158,183_156,Mesenchyme,156,-183,1,77
2159,184_105,Cavity,105,-184,1,57
2160,184_106,Heart,106,-184,1,57
2161,184_107,Heart,107,-184,1,57
2162,184_108,Heart,108,-184,1,56
2163,184_109,Heart,109,-184,1,56
2164,184_110,Heart,110,-184,1,56
2165,184_111,Heart,111,-184,1,57
2166,184_112,Heart,112,-184,1,57
2167,184_113,Heart,113,-184,1,57
2168,184_114,Heart,114,-184,1,71
2169,184_115,Cavity,115,-184,1,71
2170,184_116,Cavity,116,-184,1,71
2171,184_117,Cavity,117,-184,1,71
2172,184_118,Heart,118,-184,1,57
2173,184_119,Heart,119,-184,1,57
2174,184_120,Heart,120,-184,1,57
2175,184_121,Heart,121,-184,1,56
2176,184_122,Heart,122,-184,1,56
2177,184_123,Cavity,123,-184,1,56
2178,184_124,Heart,124,-184,1,56
2179,184_125,Heart,125,-184,1,57
2180,184_126,Heart,126,-184,1,57
2181,184_127,Heart,127,-184,1,56
2182,184_128,Heart,128,-184,1,58
2183,184_129,AGM,129,-184,1,50
2184,184_130,AGM,130,-184,1,50
2185,184_131,AGM,131,-184,1,49
2186,184_132,AGM,132,-184,1,48
2187,184_133,AGM,133,-184,1,50
2188,184_134,AGM,134,-184,1,49
2189,184_135,AGM,135,-184,1,55
2190,184_136,AGM,136,-184,1,50
2191,184_137,Neural crest,137,-184,1,55
2192,184_138,Neural crest,138,-184,1,55
2193,184_139,Neural crest,139,-184,1,55
2194,184_140,Neural crest,140,-184,1,54
2195,184_141,Neural crest,141,-184,1,55
2196,184_142,Neural crest,142,-184,1,55
2197,184_143,Neural crest,143,-184,1,54
2198,184_144,Neural crest,144,-184,1,55
2199,184_145,Neural crest,145,-184,1,55
2200,184_146,Neural crest,146,-184,1,55
2201,184_147,Neural crest,147,-184,1,55
2202,184_148,Neural crest,148,-184,1,55
2203,184_149,Neural crest,149,-184,1,55
2204,184_150,Neural crest,150,-184,1,55
2205,184_151,Neural crest,151,-184,1,55
2206,184_152,Neural crest,152,-184,1,55
2207,184_153,Mesenchyme,153,-184,1,55
2208,184_154,Cavity,154,-184,1,76
2209,184_155,Mesenchyme,155,-184,1,77
2210,184_156,Cavity,156,-184,1,76
2211,185_105,Cavity,105,-185,1,27
2212,185_106,Heart,106,-185,1,56
2213,185_107,Heart,107,-185,1,57
2214,185_108,Heart,108,-185,1,57
2215,185_109,Heart,109,-185,1,56
2216,185_110,Heart,110,-185,1,59
2217,185_111,Heart,111,-185,1,58
2218,185_112,Heart,112,-185,1,56
2219,185_113,Heart,113,-185,1,56
2220,185_114,Heart,114,-185,1,56
2221,185_115,Heart,115,-185,1,56
2222,185_116,Heart,116,-185,1,56
2223,185_117,Heart,117,-185,1,56
2224,185_118,Heart,118,-185,1,56
2225,185_119,Heart,119,-185,1,56
2226,185_120,Heart,120,-185,1,59
2227,185_121,Heart,121,-185,1,59
2228,185_122,Heart,122,-185,1,59
2229,185_123,Cavity,123,-185,1,26
2230,185_124,Heart,124,-185,1,56
2231,185_125,Heart,125,-185,1,59
2232,185_126,Heart,126,-185,1,58
2233,185_127,Heart,127,-185,1,59
2234,185_128,Heart,128,-185,1,58
2235,185_129,Branchial arch,129,-185,1,50
2236,185_130,Liver,130,-185,1,51
2237,185_131,AGM,131,-185,1,48
2238,185_132,AGM,132,-185,1,49
2239,185_133,AGM,133,-185,1,51
2240,185_134,AGM,134,-185,1,49
2241,185_135,AGM,135,-185,1,50
2242,185_136,Neural crest,136,-185,1,55
2243,185_137,Neural crest,137,-185,1,50
2244,185_138,Neural crest,138,-185,1,55
2245,185_139,Neural crest,139,-185,1,55
2246,185_140,Neural crest,140,-185,1,55
2247,185_141,Neural crest,141,-185,1,55
2248,185_142,Neural crest,142,-185,1,55
2249,185_143,Neural crest,143,-185,1,55
2250,185_144,Neural crest,144,-185,1,55
2251,185_145,Neural crest,145,-185,1,55
2252,185_146,Neural crest,146,-185,1,55
2253,185_147,Neural crest,147,-185,1,55
2254,185_148,Neural crest,148,-185,1,55
2255,185_149,Neural crest,149,-185,1,55
2256,185_150,Neural crest,150,-185,1,55
2257,185_151,Neural crest,151,-185,1,55
2258,185_152,Neural crest,152,-185,1,55
2259,185_153,Neural crest,153,-185,1,55
2260,185_154,Cavity,154,-185,1,76
2261,185_155,Mesenchyme,155,-185,1,77
2262,185_156,Mesenchyme,156,-185,1,76
2263,186_106,Cavity,106,-186,1,57
2264,186_107,Heart,107,-186,1,57
2265,186_108,Heart,108,-186,1,59
2266,186_109,Heart,109,-186,1,56
2267,186_110,Heart,110,-186,1,56
2268,186_111,Heart,111,-186,1,59
2269,186_112,Heart,112,-186,1,56
2270,186_113,Heart,113,-186,1,56
2271,186_114,Heart,114,-186,1,56
2272,186_115,Heart,115,-186,1,56
2273,186_116,Heart,116,-186,1,59
2274,186_117,Heart,117,-186,1,59
2275,186_118,Heart,118,-186,1,57
2276,186_119,Heart,119,-186,1,59
2277,186_120,Heart,120,-186,1,59
2278,186_121,Heart,121,-186,1,59
2279,186_122,Heart,122,-186,1,59
2280,186_123,Cavity,123,-186,1,56
2281,186_124,Heart,124,-186,1,56
2282,186_125,Heart,125,-186,1,59
2283,186_126,Heart,126,-186,1,59
2284,186_127,Heart,127,-186,1,58
2285,186_128,Heart,128,-186,1,50
2286,186_129,Branchial arch,129,-186,1,50
2287,186_130,Liver,130,-186,1,51
2288,186_131,Liver,131,-186,1,51
2289,186_132,Branchial arch,132,-186,1,51
2290,186_133,Branchial arch,133,-186,1,51
2291,186_134,Branchial arch,134,-186,1,49
2292,186_135,Neural crest,135,-186,1,55
2293,186_136,Neural crest,136,-186,1,55
2294,186_137,Neural crest,137,-186,1,50
2295,186_138,Neural crest,138,-186,1,55
2296,186_139,Neural crest,139,-186,1,55
2297,186_140,Neural crest,140,-186,1,55
2298,186_141,Neural crest,141,-186,1,55
2299,186_142,Neural crest,142,-186,1,55
2300,186_143,Neural crest,143,-186,1,55
2301,186_144,Neural crest,144,-186,1,55
2302,186_145,Neural crest,145,-186,1,55
2303,186_146,Neural crest,146,-186,1,55
2304,186_147,Neural crest,147,-186,1,55
2305,186_148,Neural crest,148,-186,1,55
2306,186_149,Neural crest,149,-186,1,55
2307,186_150,Neural crest,150,-186,1,55
2308,186_151,Neural crest,151,-186,1,55
2309,186_152,Neural crest,152,-186,1,55
2310,186_153,Neural crest,153,-186,1,55
2311,186_154,Mesenchyme,154,-186,1,77
2312,186_155,Mesenchyme,155,-186,1,79
2313,186_156,Mesenchyme,156,-186,1,77
2314,187_106,Cavity,106,-187,1,26
2315,187_107,Cavity,107,-187,1,57
2316,187_108,Heart,108,-187,1,56
2317,187_109,Heart,109,-187,1,56
2318,187_110,Heart,110,-187,1,56
2319,187_111,Heart,111,-187,1,56
2320,187_112,Heart,112,-187,1,56
2321,187_113,Heart,113,-187,1,56
2322,187_114,Heart,114,-187,1,56
2323,187_115,Heart,115,-187,1,59
2324,187_116,Heart,116,-187,1,59
2325,187_117,Heart,117,-187,1,56
2326,187_118,Heart,118,-187,1,59
2327,187_119,Heart,119,-187,1,59
2328,187_120,Heart,120,-187,1,56
2329,187_121,Heart,121,-187,1,56
2330,187_122,Heart,122,-187,1,56
2331,187_123,Heart,123,-187,1,56
2332,187_124,Heart,124,-187,1,56
2333,187_125,Heart,125,-187,1,57
2334,187_126,Heart,126,-187,1,58
2335,187_127,Heart,127,-187,1,58
2336,187_128,Branchial arch,128,-187,1,50
2337,187_129,Branchial arch,129,-187,1,50
2338,187_130,Branchial arch,130,-187,1,51
2339,187_131,Liver,131,-187,1,51
2340,187_132,Liver,132,-187,1,51
2341,187_133,Branchial arch,133,-187,1,51
2342,187_134,Neural crest,134,-187,1,49
2343,187_135,Neural crest,135,-187,1,55
2344,187_136,Neural crest,136,-187,1,55
2345,187_137,Neural crest,137,-187,1,55
2346,187_138,Neural crest,138,-187,1,55
2347,187_139,Neural crest,139,-187,1,55
2348,187_140,Neural crest,140,-187,1,55
2349,187_141,Neural crest,141,-187,1,55
2350,187_142,Neural crest,142,-187,1,55
2351,187_143,Neural crest,143,-187,1,55
2352,187_144,Neural crest,144,-187,1,55
2353,187_145,Neural crest,145,-187,1,55
2354,187_146,Neural crest,146,-187,1,55
2355,187_147,Neural crest,147,-187,1,55
2356,187_148,Neural crest,148,-187,1,55
2357,187_149,Neural crest,149,-187,1,55
2358,187_150,Neural crest,150,-187,1,55
2359,187_151,Neural crest,151,-187,1,55
2360,187_152,Neural crest,152,-187,1,55
2361,187_153,Neural crest,153,-187,1,55
2362,187_154,Mesenchyme,154,-187,1,77
2363,187_155,Mesenchyme,155,-187,1,79
2364,187_156,Mesenchyme,156,-187,1,77
2365,188_106,Cavity,106,-188,1,27
2366,188_107,Cavity,107,-188,1,57
2367,188_108,Heart,108,-188,1,56
2368,188_109,Heart,109,-188,1,56
2369,188_110,Heart,110,-188,1,56
2370,188_111,Heart,111,-188,1,56
2371,188_112,Heart,112,-188,1,59
2372,188_113,Heart,113,-188,1,56
2373,188_114,Heart,114,-188,1,56
2374,188_115,Heart,115,-188,1,59
2375,188_116,Heart,116,-188,1,59
2376,188_117,Heart,117,-188,1,59
2377,188_118,Heart,118,-188,1,59
2378,188_119,Heart,119,-188,1,59
2379,188_120,Heart,120,-188,1,59
2380,188_121,Heart,121,-188,1,56
2381,188_122,Heart,122,-188,1,57
2382,188_123,Heart,123,-188,1,56
2383,188_124,Heart,124,-188,1,58
2384,188_125,Heart,125,-188,1,58
2385,188_126,Heart,126,-188,1,58
2386,188_127,Heart,127,-188,1,58
2387,188_128,Branchial arch,128,-188,1,50
2388,188_129,Branchial arch,129,-188,1,50
2389,188_130,Branchial arch,130,-188,1,50
2390,188_131,Liver,131,-188,1,51
2391,188_132,Branchial arch,132,-188,1,51
2392,188_133,Branchial arch,133,-188,1,50
2393,188_134,Neural crest,134,-188,1,55
2394,188_135,Neural crest,135,-188,1,55
2395,188_136,Neural crest,136,-188,1,55
2396,188_137,Neural crest,137,-188,1,55
2397,188_138,Neural crest,138,-188,1,55
2398,188_139,Neural crest,139,-188,1,55
2399,188_140,Neural crest,140,-188,1,55
2400,188_141,Neural crest,141,-188,1,55
2401,188_142,Neural crest,142,-188,1,55
2402,188_143,Neural crest,143,-188,1,55
2403,188_144,Neural crest,144,-188,1,55
2404,188_145,Neural crest,145,-188,1,55
2405,188_146,Neural crest,146,-188,1,55
2406,188_147,Neural crest,147,-188,1,55
2407,188_148,Neural crest,148,-188,1,55
2408,188_149,Neural crest,149,-188,1,55
2409,188_150,Neural crest,150,-188,1,55
2410,188_151,Neural crest,151,-188,1,55
2411,188_152,Neural crest,152,-188,1,55
2412,188_153,Neural crest,153,-188,1,55
2413,188_154,Mesenchyme,154,-188,1,77
2414,188_155,Mesenchyme,155,-188,1,79
2415,188_156,Mesenchyme,156,-188,1,77
2416,189_107,Cavity,107,-189,1,57
2417,189_108,Heart,108,-189,1,57
2418,189_109,Heart,109,-189,1,56
2419,189_110,Heart,110,-189,1,56
2420,189_111,Heart,111,-189,1,56
2421,189_112,Heart,112,-189,1,56
2422,189_113,Heart,113,-189,1,56
2423,189_114,Heart,114,-189,1,56
2424,189_115,Heart,115,-189,1,59
2425,189_116,Heart,116,-189,1,58
2426,189_117,Heart,117,-189,1,59
2427,189_118,Heart,118,-189,1,59
2428,189_119,Heart,119,-189,1,59
2429,189_120,Heart,120,-189,1,59
2430,189_121,Heart,121,-189,1,59
2431,189_122,Heart,122,-189,1,59
2432,189_123,Heart,123,-189,1,56
2433,189_124,Heart,124,-189,1,59
2434,189_125,Heart,125,-189,1,58
2435,189_126,Heart,126,-189,1,58
2436,189_127,Heart,127,-189,1,58
2437,189_128,Branchial arch,128,-189,1,55
2438,189_129,Branchial arch,129,-189,1,50
2439,189_130,Branchial arch,130,-189,1,51
2440,189_131,Branchial arch,131,-189,1,51
2441,189_132,Branchial arch,132,-189,1,51
2442,189_133,Branchial arch,133,-189,1,55
2443,189_134,Neural crest,134,-189,1,55
2444,189_135,Neural crest,135,-189,1,50
2445,189_136,Neural crest,136,-189,1,55
2446,189_137,Neural crest,137,-189,1,55
2447,189_138,Neural crest,138,-189,1,55
2448,189_139,Neural crest,139,-189,1,55
2449,189_140,Neural crest,140,-189,1,55
2450,189_141,Neural crest,141,-189,1,55
2451,189_142,Neural crest,142,-189,1,55
2452,189_143,Neural crest,143,-189,1,55
2453,189_144,Neural crest,144,-189,1,55
2454,189_145,Neural crest,145,-189,1,55
2455,189_146,Neural crest,146,-189,1,55
2456,189_147,Neural crest,147,-189,1,55
2457,189_148,Neural crest,148,-189,1,55
2458,189_149,Neural crest,149,-189,1,55
2459,189_150,Neural crest,150,-189,1,55
2460,189_151,Neural crest,151,-189,1,55
2461,189_152,Neural crest,152,-189,1,55
2462,189_153,Neural crest,153,-189,1,55
2463,189_154,Mesenchyme,154,-189,1,76
2464,189_155,Mesenchyme,155,-189,1,79
2465,189_156,Mesenchyme,156,-189,1,77
2466,190_107,Cavity,107,-190,1,71
2467,190_108,Heart,108,-190,1,56
2468,190_109,Heart,109,-190,1,56
2469,190_110,Heart,110,-190,1,56
2470,190_111,Heart,111,-190,1,59
2471,190_112,Heart,112,-190,1,59
2472,190_113,Heart,113,-190,1,58
2473,190_114,Heart,114,-190,1,58
2474,190_115,Heart,115,-190,1,58
2475,190_116,Heart,116,-190,1,58
2476,190_117,Heart,117,-190,1,59
2477,190_118,Heart,118,-190,1,59
2478,190_119,Heart,119,-190,1,59
2479,190_120,Heart,120,-190,1,59
2480,190_121,Heart,121,-190,1,59
2481,190_122,Heart,122,-190,1,59
2482,190_123,Heart,123,-190,1,56
2483,190_124,Heart,124,-190,1,58
2484,190_125,Heart,125,-190,1,58
2485,190_126,Heart,126,-190,1,58
2486,190_127,Branchial arch,127,-190,1,58
2487,190_128,Branchial arch,128,-190,1,50
2488,190_129,Branchial arch,129,-190,1,50
2489,190_130,Branchial arch,130,-190,1,50
2490,190_131,Branchial arch,131,-190,1,51
2491,190_132,Branchial arch,132,-190,1,51
2492,190_133,Neural crest,133,-190,1,55
2493,190_134,Neural crest,134,-190,1,55
2494,190_135,Neural crest,135,-190,1,55
2495,190_136,Neural crest,136,-190,1,55
2496,190_137,Neural crest,137,-190,1,55
2497,190_138,Neural crest,138,-190,1,55
2498,190_139,Neural crest,139,-190,1,55
2499,190_140,Neural crest,140,-190,1,55
2500,190_141,Neural crest,141,-190,1,55
2501,190_142,Neural crest,142,-190,1,55
2502,190_143,Neural crest,143,-190,1,55
2503,190_144,Neural crest,144,-190,1,55
2504,190_145,Neural crest,145,-190,1,54
2505,190_146,Neural crest,146,-190,1,55
2506,190_147,Neural crest,147,-190,1,54
2507,190_148,Neural crest,148,-190,1,54
2508,190_149,Neural crest,149,-190,1,55
2509,190_150,Neural crest,150,-190,1,55
2510,190_151,Neural crest,151,-190,1,53
2511,190_152,Neural crest,152,-190,1,55
2512,190_153,Neural crest,153,-190,1,79
2513,190_154,Mesenchyme,154,-190,1,77
2514,190_155,Mesenchyme,155,-190,1,79
2515,190_156,Mesenchyme,156,-190,1,77
2516,191_107,Cavity,107,-191,1,27
2517,191_108,Heart,108,-191,1,57
2518,191_109,Heart,109,-191,1,57
2519,191_110,Heart,110,-191,1,59
2520,191_111,Heart,111,-191,1,59
2521,191_112,Heart,112,-191,1,58
2522,191_113,Heart,113,-191,1,58
2523,191_114,Heart,114,-191,1,58
2524,191_115,Heart,115,-191,1,58
2525,191_116,Heart,116,-191,1,58
2526,191_117,Heart,117,-191,1,59
2527,191_118,Heart,118,-191,1,59
2528,191_119,Heart,119,-191,1,59
2529,191_120,Heart,120,-191,1,58
2530,191_121,Heart,121,-191,1,59
2531,191_122,Heart,122,-191,1,59
2532,191_123,Heart,123,-191,1,71
2533,191_124,Cavity,124,-191,1,70
2534,191_125,Heart,125,-191,1,58
2535,191_126,Heart,126,-191,1,58
2536,191_127,Branchial arch,127,-191,1,58
2537,191_128,Branchial arch,128,-191,1,50
2538,191_129,Branchial arch,129,-191,1,50
2539,191_130,Branchial arch,130,-191,1,50
2540,191_131,Branchial arch,131,-191,1,51
2541,191_132,Branchial arch,132,-191,1,50
2542,191_133,Neural crest,133,-191,1,55
2543,191_134,Neural crest,134,-191,1,55
2544,191_135,Neural crest,135,-191,1,55
2545,191_136,Neural crest,136,-191,1,55
2546,191_137,Neural crest,137,-191,1,55
2547,191_138,Neural crest,138,-191,1,55
2548,191_139,Neural crest,139,-191,1,55
2549,191_140,Neural crest,140,-191,1,55
2550,191_141,Neural crest,141,-191,1,54
2551,191_142,Neural crest,142,-191,1,55
2552,191_143,Neural crest,143,-191,1,55
2553,191_144,Neural crest,144,-191,1,55
2554,191_145,Neural crest,145,-191,1,65
2555,191_146,Neural crest,146,-191,1,65
2556,191_147,Neural crest,147,-191,1,54
2557,191_148,Neural crest,148,-191,1,55
2558,191_149,Neural crest,149,-191,1,54
2559,191_150,Sclerotome,150,-191,1,53
2560,191_151,Sclerotome,151,-191,1,53
2561,191_152,Neural crest,152,-191,1,55
2562,191_153,Neural crest,153,-191,1,75
2563,191_154,Mesenchyme,154,-191,1,73
2564,191_155,Mesenchyme,155,-191,1,72
2565,191_156,Mesenchyme,156,-191,1,77
2566,192_108,Heart,108,-192,1,57
2567,192_109,Heart,109,-192,1,57
2568,192_110,Heart,110,-192,1,58
2569,192_111,Heart,111,-192,1,59
2570,192_112,Heart,112,-192,1,59
2571,192_113,Heart,113,-192,1,59
2572,192_114,Heart,114,-192,1,58
2573,192_115,Heart,115,-192,1,58
2574,192_116,Heart,116,-192,1,59
2575,192_117,Heart,117,-192,1,59
2576,192_118,Heart,118,-192,1,59
2577,192_119,Heart,119,-192,1,58
2578,192_120,Heart,120,-192,1,58
2579,192_121,Heart,121,-192,1,59
2580,192_122,Heart,122,-192,1,59
2581,192_123,Cavity,123,-192,1,71
2582,192_124,Cavity,124,-192,1,70
2583,192_125,Cavity,125,-192,1,70
2584,192_126,Branchial arch,126,-192,1,50
2585,192_127,Branchial arch,127,-192,1,58
2586,192_128,Branchial arch,128,-192,1,50
2587,192_129,Branchial arch,129,-192,1,50
2588,192_130,Branchial arch,130,-192,1,51
2589,192_131,Branchial arch,131,-192,1,50
2590,192_132,Branchial arch,132,-192,1,55
2591,192_133,Neural crest,133,-192,1,55
2592,192_134,Neural crest,134,-192,1,55
2593,192_135,Neural crest,135,-192,1,55
2594,192_136,Neural crest,136,-192,1,55
2595,192_137,Neural crest,137,-192,1,55
2596,192_138,Neural crest,138,-192,1,54
2597,192_139,Neural crest,139,-192,1,55
2598,192_140,Neural crest,140,-192,1,55
2599,192_141,Neural crest,141,-192,1,55
2600,192_142,Neural crest,142,-192,1,55
2601,192_143,Neural crest,143,-192,1,55
2602,192_144,Neural crest,144,-192,1,55
2603,192_145,Neural crest,145,-192,1,52
2604,192_146,Cavity,146,-192,1,68
2605,192_147,Neural crest,147,-192,1,65
2606,192_148,Neural crest,148,-192,1,55
2607,192_149,Neural crest,149,-192,1,53
2608,192_150,Sclerotome,150,-192,1,53
2609,192_151,Sclerotome,151,-192,1,53
2610,192_152,Neural crest,152,-192,1,55
2611,192_153,Neural crest,153,-192,1,75
2612,192_154,Mesenchyme,154,-192,1,73
2613,192_155,Mesenchyme,155,-192,1,72
2614,192_156,Mesenchyme,156,-192,1,73
2615,193_108,Cavity,108,-193,1,26
2616,193_109,Heart,109,-193,1,58
2617,193_110,Heart,110,-193,1,58
2618,193_111,Heart,111,-193,1,58
2619,193_112,Heart,112,-193,1,59
2620,193_113,Heart,113,-193,1,59
2621,193_114,Heart,114,-193,1,59
2622,193_115,Heart,115,-193,1,59
2623,193_116,Heart,116,-193,1,59
2624,193_117,Heart,117,-193,1,58
2625,193_118,Heart,118,-193,1,58
2626,193_119,Heart,119,-193,1,50
2627,193_120,Heart,120,-193,1,58
2628,193_121,Heart,121,-193,1,58
2629,193_122,Heart,122,-193,1,58
2630,193_123,Cavity,123,-193,1,71
2631,193_124,Cavity,124,-193,1,70
2632,193_125,Cavity,125,-193,1,70
2633,193_126,Branchial arch,126,-193,1,64
2634,193_127,Branchial arch,127,-193,1,50
2635,193_128,Branchial arch,128,-193,1,50
2636,193_129,Branchial arch,129,-193,1,50
2637,193_130,Branchial arch,130,-193,1,50
2638,193_131,Branchial arch,131,-193,1,50
2639,193_132,Neural crest,132,-193,1,54
2640,193_133,Neural crest,133,-193,1,55
2641,193_134,Neural crest,134,-193,1,55
2642,193_135,Neural crest,135,-193,1,54
2643,193_136,Neural crest,136,-193,1,55
2644,193_137,Neural crest,137,-193,1,55
2645,193_138,Neural crest,138,-193,1,54
2646,193_139,Neural crest,139,-193,1,54
2647,193_140,Neural crest,140,-193,1,55
2648,193_141,Neural crest,141,-193,1,55
2649,193_142,Neural crest,142,-193,1,55
2650,193_143,Neural crest,143,-193,1,55
2651,193_144,Neural crest,144,-193,1,55
2652,193_145,Neural crest,145,-193,1,52
2653,193_146,Neural crest,146,-193,1,65
2654,193_147,Neural crest,147,-193,1,52
2655,193_148,Neural crest,148,-193,1,52
2656,193_149,Sclerotome,149,-193,1,53
2657,193_150,Sclerotome,150,-193,1,53
2658,193_151,Sclerotome,151,-193,1,53
2659,193_152,Neural crest,152,-193,1,55
2660,193_153,Mesenchyme,153,-193,1,72
2661,193_154,Mesenchyme,154,-193,1,73
2662,193_155,Mesenchyme,155,-193,1,72
2663,193_156,Mesenchyme,156,-193,1,77
2664,194_109,Cavity,109,-194,1,26
2665,194_110,Cavity,110,-194,1,71
2666,194_111,Heart,111,-194,1,79
2667,194_112,Heart,112,-194,1,58
2668,194_113,Heart,113,-194,1,58
2669,194_114,Heart,114,-194,1,58
2670,194_115,Heart,115,-194,1,58
2671,194_116,Branchial arch,116,-194,1,49
2672,194_117,Branchial arch,117,-194,1,49
2673,194_118,Branchial arch,118,-194,1,49
2674,194_119,Branchial arch,119,-194,1,49
2675,194_120,Branchial arch,120,-194,1,50
2676,194_121,Heart,121,-194,1,58
2677,194_122,Heart,122,-194,1,58
2678,194_123,Cavity,123,-194,1,70
2679,194_124,Cavity,124,-194,1,70
2680,194_125,AGM,125,-194,1,64
2681,194_126,Branchial arch,126,-194,1,50
2682,194_127,Branchial arch,127,-194,1,50
2683,194_128,Branchial arch,128,-194,1,50
2684,194_129,Branchial arch,129,-194,1,50
2685,194_130,Branchial arch,130,-194,1,50
2686,194_131,Branchial arch,131,-194,1,50
2687,194_132,Neural crest,132,-194,1,55
2688,194_133,Neural crest,133,-194,1,55
2689,194_134,Neural crest,134,-194,1,55
2690,194_135,Neural crest,135,-194,1,55
2691,194_136,Neural crest,136,-194,1,55
2692,194_137,Neural crest,137,-194,1,55
2693,194_138,Neural crest,138,-194,1,54
2694,194_139,Neural crest,139,-194,1,55
2695,194_140,Neural crest,140,-194,1,55
2696,194_141,Neural crest,141,-194,1,55
2697,194_142,Neural crest,142,-194,1,54
2698,194_143,Neural crest,143,-194,1,55
2699,194_144,Neural crest,144,-194,1,54
2700,194_145,Neural crest,145,-194,1,54
2701,194_146,Neural crest,146,-194,1,52
2702,194_147,Neural crest,147,-194,1,52
2703,194_148,Neural crest,148,-194,1,55
2704,194_149,Sclerotome,149,-194,1,53
2705,194_150,Sclerotome,150,-194,1,53
2706,194_151,Sclerotome,151,-194,1,53
2707,194_152,Neural crest,152,-194,1,55
2708,194_153,Mesenchyme,153,-194,1,72
2709,194_154,Mesenchyme,154,-194,1,72
2710,194_155,Mesenchyme,155,-194,1,72
2711,194_156,Mesenchyme,156,-194,1,72
2712,195_110,Cavity,110,-195,1,26
2713,195_111,Neural crest,111,-195,1,79
2714,195_112,Neural crest,112,-195,1,79
2715,195_113,Neural crest,113,-195,1,79
2716,195_114,Neural crest,114,-195,1,79
2717,195_115,Branchial arch,115,-195,1,49
2718,195_116,Branchial arch,116,-195,1,48
2719,195_117,Branchial arch,117,-195,1,48
2720,195_118,Branchial arch,118,-195,1,49
2721,195_119,Branchial arch,119,-195,1,49
2722,195_120,Branchial arch,120,-195,1,50
2723,195_121,Branchial arch,121,-195,1,49
2724,195_122,Branchial arch,122,-195,1,50
2725,195_123,Branchial arch,123,-195,1,70
2726,195_124,AGM,124,-195,1,64
2727,195_125,Branchial arch,125,-195,1,67
2728,195_126,Branchial arch,126,-195,1,50
2729,195_127,Branchial arch,127,-195,1,50
2730,195_128,Branchial arch,128,-195,1,50
2731,195_129,Branchial arch,129,-195,1,50
2732,195_130,Branchial arch,130,-195,1,50
2733,195_131,Neural crest,131,-195,1,54
2734,195_132,Neural crest,132,-195,1,55
2735,195_133,Neural crest,133,-195,1,55
2736,195_134,Neural crest,134,-195,1,55
2737,195_135,Neural crest,135,-195,1,55
2738,195_136,Neural crest,136,-195,1,55
2739,195_137,Neural crest,137,-195,1,54
2740,195_138,Neural crest,138,-195,1,54
2741,195_139,Neural crest,139,-195,1,54
2742,195_140,Neural crest,140,-195,1,54
2743,195_141,Neural crest,141,-195,1,54
2744,195_142,Neural crest,142,-195,1,54
2745,195_143,Neural crest,143,-195,1,55
2746,195_144,Neural crest,144,-195,1,55
2747,195_145,Neural crest,145,-195,1,52
2748,195_146,Neural crest,146,-195,1,52
2749,195_147,Brain,147,-195,1,52
2750,195_148,Brain,148,-195,1,52
2751,195_149,Neural crest,149,-195,1,52
2752,195_150,Neural crest,150,-195,1,52
2753,195_151,Neural crest,151,-195,1,55
2754,195_152,Brain,152,-195,1,75
2755,195_153,Mesenchyme,153,-195,1,74
2756,195_154,Mesenchyme,154,-195,1,72
2757,195_155,Mesenchyme,155,-195,1,72
2758,195_156,Mesenchyme,156,-195,1,72
2759,196_110,Cavity,110,-196,1,76
2760,196_111,Neural crest,111,-196,1,79
2761,196_112,Neural crest,112,-196,1,79
2762,196_113,Neural crest,113,-196,1,48
2763,196_114,Branchial arch,114,-196,1,48
2764,196_115,Branchial arch,115,-196,1,48
2765,196_116,Branchial arch,116,-196,1,49
2766,196_117,Branchial arch,117,-196,1,48
2767,196_118,Branchial arch,118,-196,1,48
2768,196_119,Branchial arch,119,-196,1,48
2769,196_120,Branchial arch,120,-196,1,49
2770,196_121,Branchial arch,121,-196,1,49
2771,196_122,Branchial arch,122,-196,1,49
2772,196_123,Neural crest,123,-196,1,55
2773,196_124,Branchial arch,124,-196,1,50
2774,196_125,Branchial arch,125,-196,1,50
2775,196_126,Branchial arch,126,-196,1,50
2776,196_127,Branchial arch,127,-196,1,50
2777,196_128,Branchial arch,128,-196,1,50
2778,196_129,Branchial arch,129,-196,1,55
2779,196_130,Neural crest,130,-196,1,55
2780,196_131,Neural crest,131,-196,1,55
2781,196_132,Neural crest,132,-196,1,55
2782,196_133,Neural crest,133,-196,1,54
2783,196_134,Neural crest,134,-196,1,55
2784,196_135,Neural crest,135,-196,1,54
2785,196_136,Neural crest,136,-196,1,54
2786,196_137,Neural crest,137,-196,1,54
2787,196_138,Neural crest,138,-196,1,54
2788,196_139,Neural crest,139,-196,1,54
2789,196_140,Neural crest,140,-196,1,54
2790,196_141,Neural crest,141,-196,1,54
2791,196_142,Neural crest,142,-196,1,52
2792,196_143,Neural crest,143,-196,1,55
2793,196_144,Neural crest,144,-196,1,54
2794,196_145,Neural crest,145,-196,1,52
2795,196_146,Brain,146,-196,1,53
2796,196_147,Brain,147,-196,1,38
2797,196_148,Brain,148,-196,1,38
2798,196_149,Brain,149,-196,1,38
2799,196_150,Neural crest,150,-196,1,53
2800,196_151,Neural crest,151,-196,1,53
2801,196_152,Brain,152,-196,1,74
2802,196_153,Brain,153,-196,1,74
2803,196_154,Mesenchyme,154,-196,1,72
2804,196_155,Brain,155,-196,1,72
2805,196_156,Brain,156,-196,1,72
2806,197_109,Cavity,109,-197,1,76
2807,197_110,Neural crest,110,-197,1,79
2808,197_111,Neural crest,111,-197,1,79
2809,197_112,Neural crest,112,-197,1,79
2810,197_113,Branchial arch,113,-197,1,48
2811,197_114,Branchial arch,114,-197,1,48
2812,197_115,Branchial arch,115,-197,1,48
2813,197_116,Branchial arch,116,-197,1,48
2814,197_117,Branchial arch,117,-197,1,48
2815,197_118,Branchial arch,118,-197,1,48
2816,197_119,Branchial arch,119,-197,1,48
2817,197_120,Branchial arch,120,-197,1,48
2818,197_121,Branchial arch,121,-197,1,49
2819,197_122,Branchial arch,122,-197,1,49
2820,197_123,Branchial arch,123,-197,1,49
2821,197_124,Branchial arch,124,-197,1,50
2822,197_125,Branchial arch,125,-197,1,50
2823,197_126,Branchial arch,126,-197,1,50
2824,197_127,Branchial arch,127,-197,1,50
2825,197_128,Branchial arch,128,-197,1,50
2826,197_129,Neural crest,129,-197,1,55
2827,197_130,Neural crest,130,-197,1,54
2828,197_131,Neural crest,131,-197,1,55
2829,197_132,Neural crest,132,-197,1,54
2830,197_133,Neural crest,133,-197,1,54
2831,197_134,Neural crest,134,-197,1,54
2832,197_135,Neural crest,135,-197,1,54
2833,197_136,Neural crest,136,-197,1,54
2834,197_137,Neural crest,137,-197,1,54
2835,197_138,Neural crest,138,-197,1,54
2836,197_139,Neural crest,139,-197,1,54
2837,197_140,Neural crest,140,-197,1,54
2838,197_141,Neural crest,141,-197,1,54
2839,197_142,Neural crest,142,-197,1,54
2840,197_143,Neural crest,143,-197,1,54
2841,197_144,Neural crest,144,-197,1,52
2842,197_145,Brain,145,-197,1,53
2843,197_146,Brain,146,-197,1,38
2844,197_147,Brain,147,-197,1,39
2845,197_148,Brain,148,-197,1,38
2846,197_149,Brain,149,-197,1,38
2847,197_150,Brain,150,-197,1,53
2848,197_151,Brain,151,-197,1,74
2849,197_152,Brain,152,-197,1,74
2850,197_153,Brain,153,-197,1,74
2851,197_154,Brain,154,-197,1,72
2852,197_155,Brain,155,-197,1,72
2853,197_156,Brain,156,-197,1,73
2854,198_109,Neural crest,109,-198,1,79
2855,198_110,Neural crest,110,-198,1,79
2856,198_111,Neural crest,111,-198,1,79
2857,198_112,Branchial arch,112,-198,1,48
2858,198_113,Branchial arch,113,-198,1,48
2859,198_114,Branchial arch,114,-198,1,48
2860,198_115,Branchial arch,115,-198,1,48
2861,198_116,Branchial arch,116,-198,1,48
2862,198_117,Branchial arch,117,-198,1,48
2863,198_118,Branchial arch,118,-198,1,48
2864,198_119,Branchial arch,119,-198,1,48
2865,198_120,Branchial arch,120,-198,1,48
2866,198_121,Branchial arch,121,-198,1,48
2867,198_122,Branchial arch,122,-198,1,49
2868,198_123,Branchial arch,123,-198,1,55
2869,198_124,Branchial arch,124,-198,1,50
2870,198_125,Branchial arch,125,-198,1,50
2871,198_126,Branchial arch,126,-198,1,50
2872,198_127,Branchial arch,127,-198,1,50
2873,198_128,Branchial arch,128,-198,1,55
2874,198_129,Neural crest,129,-198,1,55
2875,198_130,Neural crest,130,-198,1,55
2876,198_131,Neural crest,131,-198,1,55
2877,198_132,Neural crest,132,-198,1,55
2878,198_133,Neural crest,133,-198,1,55
2879,198_134,Neural crest,134,-198,1,55
2880,198_135,Neural crest,135,-198,1,54
2881,198_136,Neural crest,136,-198,1,54
2882,198_137,Neural crest,137,-198,1,54
2883,198_138,Neural crest,138,-198,1,54
2884,198_139,Neural crest,139,-198,1,54
2885,198_140,Neural crest,140,-198,1,54
2886,198_141,Neural crest,141,-198,1,52
2887,198_142,Neural crest,142,-198,1,52
2888,198_143,Neural crest,143,-198,1,52
2889,198_144,Brain,144,-198,1,53
2890,198_145,Brain,145,-198,1,38
2891,198_146,Brain,146,-198,1,36
2892,198_147,Brain,147,-198,1,36
2893,198_148,Brain,148,-198,1,38
2894,198_149,Brain,149,-198,1,53
2895,198_150,Brain,150,-198,1,53
2896,198_151,Brain,151,-198,1,74
2897,198_152,Brain,152,-198,1,74
2898,198_153,Brain,153,-198,1,72
2899,198_154,Brain,154,-198,1,73
2900,198_155,Brain,155,-198,1,74
2901,198_156,Brain,156,-198,1,73
2902,198_87,Cavity,87,-198,1,27
2903,198_88,Cavity,88,-198,1,76
2904,198_89,Neural crest,89,-198,1,77
2905,198_90,Neural crest,90,-198,1,75
2906,198_91,Neural crest,91,-198,1,79
2907,198_92,Cavity,92,-198,1,76
2908,198_93,Neural crest,93,-198,1,73
2909,198_94,Neural crest,94,-198,1,79
2910,198_95,Neural crest,95,-198,1,73
2911,198_96,Cavity,96,-198,1,26
2912,199_109,Neural crest,109,-199,1,79
2913,199_110,Neural crest,110,-199,1,79
2914,199_111,Neural crest,111,-199,1,79
2915,199_112,Branchial arch,112,-199,1,48
2916,199_113,Branchial arch,113,-199,1,48
2917,199_114,Branchial arch,114,-199,1,48
2918,199_115,Branchial arch,115,-199,1,48
2919,199_116,Branchial arch,116,-199,1,48
2920,199_117,Branchial arch,117,-199,1,48
2921,199_118,Branchial arch,118,-199,1,48
2922,199_119,Branchial arch,119,-199,1,48
2923,199_120,Branchial arch,120,-199,1,48
2924,199_121,Branchial arch,121,-199,1,48
2925,199_122,Neural crest,122,-199,1,79
2926,199_123,Neural crest,123,-199,1,51
2927,199_124,Branchial arch,124,-199,1,50
2928,199_125,Branchial arch,125,-199,1,50
2929,199_126,Branchial arch,126,-199,1,54
2930,199_127,Branchial arch,127,-199,1,54
2931,199_128,Neural crest,128,-199,1,55
2932,199_129,Neural crest,129,-199,1,55
2933,199_130,Neural crest,130,-199,1,55
2934,199_131,Neural crest,131,-199,1,54
2935,199_132,Notochord,132,-199,1,54
2936,199_133,Neural crest,133,-199,1,54
2937,199_134,Neural crest,134,-199,1,54
2938,199_135,Brain,135,-199,1,54
2939,199_136,Brain,136,-199,1,38
2940,199_137,Brain,137,-199,1,54
2941,199_138,Neural crest,138,-199,1,54
2942,199_139,Neural crest,139,-199,1,54
2943,199_140,Neural crest,140,-199,1,54
2944,199_141,Neural crest,141,-199,1,54
2945,199_142,Brain,142,-199,1,37
2946,199_143,Brain,143,-199,1,38
2947,199_144,Brain,144,-199,1,37
2948,199_145,Brain,145,-199,1,36
2949,199_146,Brain,146,-199,1,35
2950,199_147,Brain,147,-199,1,37
2951,199_148,Brain,148,-199,1,38
2952,199_149,Brain,149,-199,1,53
2953,199_150,Brain,150,-199,1,74
2954,199_151,Brain,151,-199,1,74
2955,199_152,Brain,152,-199,1,74
2956,199_153,Brain,153,-199,1,74
2957,199_154,Brain,154,-199,1,74
2958,199_155,Brain,155,-199,1,72
2959,199_156,Brain,156,-199,1,73
2960,199_85,Cavity,85,-199,1,76
2961,199_86,Neural crest,86,-199,1,73
2962,199_87,Neural crest,87,-199,1,75
2963,199_88,Neural crest,88,-199,1,75
2964,199_89,Neural crest,89,-199,1,75
2965,199_90,Neural crest,90,-199,1,75
2966,199_91,Neural crest,91,-199,1,75
2967,199_92,Neural crest,92,-199,1,79
2968,199_93,Neural crest,93,-199,1,75
2969,199_94,Neural crest,94,-199,1,75
2970,199_95,Neural crest,95,-199,1,75
2971,199_96,Neural crest,96,-199,1,75
2972,199_97,Neural crest,97,-199,1,72
2973,199_98,Cavity,98,-199,1,73
2974,200_100,Cavity,100,-200,1,27
2975,200_109,Neural crest,109,-200,1,79
2976,200_110,Neural crest,110,-200,1,79
2977,200_111,Neural crest,111,-200,1,48
2978,200_112,Branchial arch,112,-200,1,48
2979,200_113,Branchial arch,113,-200,1,48
2980,200_114,Branchial arch,114,-200,1,48
2981,200_115,Branchial arch,115,-200,1,48
2982,200_116,Branchial arch,116,-200,1,48
2983,200_117,Branchial arch,117,-200,1,48
2984,200_118,Branchial arch,118,-200,1,48
2985,200_119,Branchial arch,119,-200,1,48
2986,200_120,Branchial arch,120,-200,1,49
2987,200_121,Neural crest,121,-200,1,79
2988,200_122,Neural crest,122,-200,1,79
2989,200_123,Neural crest,123,-200,1,77
2990,200_124,Branchial arch,124,-200,1,50
2991,200_125,Branchial arch,125,-200,1,50
2992,200_126,Branchial arch,126,-200,1,54
2993,200_127,Branchial arch,127,-200,1,54
2994,200_128,Neural crest,128,-200,1,54
2995,200_129,Neural crest,129,-200,1,54
2996,200_130,Neural crest,130,-200,1,54
2997,200_131,Neural crest,131,-200,1,54
2998,200_132,Neural crest,132,-200,1,54
2999,200_133,Neural crest,133,-200,1,54
3000,200_134,Brain,134,-200,1,39
3001,200_135,Brain,135,-200,1,39
3002,200_136,Brain,136,-200,1,39
3003,200_137,Brain,137,-200,1,39
3004,200_138,Brain,138,-200,1,38
3005,200_139,Brain,139,-200,1,52
3006,200_140,Brain,140,-200,1,52
3007,200_141,Brain,141,-200,1,38
3008,200_142,Brain,142,-200,1,39
3009,200_143,Brain,143,-200,1,36
3010,200_144,Brain,144,-200,1,36
3011,200_145,Brain,145,-200,1,36
3012,200_146,Brain,146,-200,1,36
3013,200_147,Brain,147,-200,1,36
3014,200_148,Brain,148,-200,1,38
3015,200_149,Brain,149,-200,1,53
3016,200_150,Brain,150,-200,1,74
3017,200_151,Brain,151,-200,1,74
3018,200_152,Brain,152,-200,1,72
3019,200_153,Brain,153,-200,1,74
3020,200_154,Brain,154,-200,1,72
3021,200_155,Brain,155,-200,1,74
3022,200_156,Brain,156,-200,1,72
3023,200_83,Cavity,83,-200,1,27
3024,200_84,Cavity,84,-200,1,73
3025,200_85,Neural crest,85,-200,1,75
3026,200_86,Neural crest,86,-200,1,75
3027,200_87,Neural crest,87,-200,1,75
3028,200_88,Neural crest,88,-200,1,75
3029,200_89,Neural crest,89,-200,1,75
3030,200_90,Neural crest,90,-200,1,75
3031,200_91,Neural crest,91,-200,1,75
3032,200_92,Neural crest,92,-200,1,75
3033,200_93,Neural crest,93,-200,1,75
3034,200_94,Neural crest,94,-200,1,75
3035,200_95,Neural crest,95,-200,1,75
3036,200_96,Neural crest,96,-200,1,75
3037,200_97,Neural crest,97,-200,1,75
3038,200_98,Neural crest,98,-200,1,75
3039,200_99,Neural crest,99,-200,1,73
3040,201_100,Neural crest,100,-201,1,75
3041,201_101,Cavity,101,-201,1,76
3042,201_109,Neural crest,109,-201,1,79
3043,201_110,Neural crest,110,-201,1,79
3044,201_111,Neural crest,111,-201,1,79
3045,201_112,Branchial arch,112,-201,1,48
3046,201_113,Branchial arch,113,-201,1,48
3047,201_114,Branchial arch,114,-201,1,48
3048,201_115,Branchial arch,115,-201,1,48
3049,201_116,Branchial arch,116,-201,1,48
3050,201_117,Branchial arch,117,-201,1,48
3051,201_118,Branchial arch,118,-201,1,48
3052,201_119,Branchial arch,119,-201,1,48
3053,201_120,Neural crest,120,-201,1,48
3054,201_121,Neural crest,121,-201,1,79
3055,201_122,Neural crest,122,-201,1,79
3056,201_123,Neural crest,123,-201,1,77
3057,201_124,Branchial arch,124,-201,1,50
3058,201_125,Branchial arch,125,-201,1,50
3059,201_126,Branchial arch,126,-201,1,55
3060,201_127,Neural crest,127,-201,1,54
3061,201_128,Neural crest,128,-201,1,54
3062,201_129,Neural crest,129,-201,1,54
3063,201_130,Neural crest,130,-201,1,54
3064,201_131,Cavity,131,-201,1,76
3065,201_132,Cavity,132,-201,1,43
3066,201_133,Brain,133,-201,1,38
3067,201_134,Brain,134,-201,1,39
3068,201_135,Brain,135,-201,1,39
3069,201_136,Brain,136,-201,1,39
3070,201_137,Brain,137,-201,1,39
3071,201_138,Brain,138,-201,1,39
3072,201_139,Brain,139,-201,1,39
3073,201_140,Brain,140,-201,1,39
3074,201_141,Brain,141,-201,1,39
3075,201_142,Brain,142,-201,1,38
3076,201_143,Brain,143,-201,1,35
3077,201_144,Brain,144,-201,1,36
3078,201_145,Brain,145,-201,1,35
3079,201_146,Brain,146,-201,1,35
3080,201_147,Brain,147,-201,1,38
3081,201_148,Brain,148,-201,1,38
3082,201_149,Brain,149,-201,1,74
3083,201_150,Brain,150,-201,1,74
3084,201_151,Brain,151,-201,1,74
3085,201_152,Brain,152,-201,1,74
3086,201_153,Brain,153,-201,1,74
3087,201_154,Brain,154,-201,1,72
3088,201_155,Brain,155,-201,1,72
3089,201_156,Cavity,156,-201,1,76
3090,201_83,Cavity,83,-201,1,73
3091,201_84,Neural crest,84,-201,1,75
3092,201_85,Neural crest,85,-201,1,75
3093,201_86,Neural crest,86,-201,1,75
3094,201_87,Neural crest,87,-201,1,75
3095,201_88,Neural crest,88,-201,1,75
3096,201_89,Neural crest,89,-201,1,75
3097,201_90,Neural crest,90,-201,1,60
3098,201_91,Neural crest,91,-201,1,53
3099,201_92,Neural crest,92,-201,1,53
3100,201_93,Neural crest,93,-201,1,53
3101,201_94,Neural crest,94,-201,1,53
3102,201_95,Neural crest,95,-201,1,75
3103,201_96,Neural crest,96,-201,1,75
3104,201_97,Neural crest,97,-201,1,75
3105,201_98,Neural crest,98,-201,1,79
3106,201_99,Neural crest,99,-201,1,75
3107,202_100,Neural crest,100,-202,1,75
3108,202_101,Neural crest,101,-202,1,75
3109,202_102,Cavity,102,-202,1,76
3110,202_109,Neural crest,109,-202,1,79
3111,202_110,Neural crest,110,-202,1,79
3112,202_111,Neural crest,111,-202,1,79
3113,202_112,Branchial arch,112,-202,1,48
3114,202_113,Branchial arch,113,-202,1,48
3115,202_114,Branchial arch,114,-202,1,48
3116,202_115,Branchial arch,115,-202,1,48
3117,202_116,Branchial arch,116,-202,1,48
3118,202_117,Branchial arch,117,-202,1,48
3119,202_118,Branchial arch,118,-202,1,48
3120,202_119,Branchial arch,119,-202,1,48
3121,202_120,Neural crest,120,-202,1,79
3122,202_121,Neural crest,121,-202,1,79
3123,202_122,Neural crest,122,-202,1,79
3124,202_123,Cavity,123,-202,1,54
3125,202_124,Branchial arch,124,-202,1,50
3126,202_125,Branchial arch,125,-202,1,54
3127,202_126,Neural crest,126,-202,1,54
3128,202_127,Neural crest,127,-202,1,54
3129,202_128,Neural crest,128,-202,1,55
3130,202_129,Notochord,129,-202,1,54
3131,202_130,Notochord,130,-202,1,54
3132,202_131,Notochord,131,-202,1,43
3133,202_132,Notochord,132,-202,1,35
3134,202_133,Brain,133,-202,1,39
3135,202_134,Brain,134,-202,1,39
3136,202_135,Brain,135,-202,1,39
3137,202_136,Brain,136,-202,1,39
3138,202_137,Brain,137,-202,1,39
3139,202_138,Brain,138,-202,1,39
3140,202_139,Brain,139,-202,1,39
3141,202_140,Brain,140,-202,1,38
3142,202_141,Brain,141,-202,1,38
3143,202_142,Brain,142,-202,1,36
3144,202_143,Brain,143,-202,1,36
3145,202_144,Brain,144,-202,1,35
3146,202_145,Brain,145,-202,1,35
3147,202_146,Brain,146,-202,1,36
3148,202_147,Brain,147,-202,1,38
3149,202_148,Brain,148,-202,1,53
3150,202_149,Brain,149,-202,1,74
3151,202_150,Brain,150,-202,1,74
3152,202_151,Brain,151,-202,1,74
3153,202_152,Brain,152,-202,1,74
3154,202_153,Brain,153,-202,1,72
3155,202_154,Brain,154,-202,1,72
3156,202_155,Brain,155,-202,1,74
3157,202_156,Cavity,156,-202,1,26
3158,202_82,Cavity,82,-202,1,73
3159,202_83,Neural crest,83,-202,1,75
3160,202_84,Neural crest,84,-202,1,75
3161,202_85,Neural crest,85,-202,1,75
3162,202_86,Neural crest,86,-202,1,75
3163,202_87,Neural crest,87,-202,1,75
3164,202_88,Neural crest,88,-202,1,53
3165,202_89,Neural crest,89,-202,1,53
3166,202_90,Neural crest,90,-202,1,53
3167,202_91,Neural crest,91,-202,1,53
3168,202_92,Neural crest,92,-202,1,53
3169,202_93,Neural crest,93,-202,1,53
3170,202_94,Neural crest,94,-202,1,53
3171,202_95,Neural crest,95,-202,1,53
3172,202_96,Neural crest,96,-202,1,53
3173,202_97,Neural crest,97,-202,1,53
3174,202_98,Neural crest,98,-202,1,75
3175,202_99,Neural crest,99,-202,1,75
3176,203_100,Neural crest,100,-203,1,75
3177,203_101,Neural crest,101,-203,1,75
3178,203_102,Neural crest,102,-203,1,75
3179,203_103,Cavity,103,-203,1,26
3180,203_109,Cavity,109,-203,1,26
3181,203_110,Neural crest,110,-203,1,79
3182,203_111,Neural crest,111,-203,1,79
3183,203_112,Neural crest,112,-203,1,48
3184,203_113,Branchial arch,113,-203,1,48
3185,203_114,Branchial arch,114,-203,1,48
3186,203_115,Branchial arch,115,-203,1,48
3187,203_116,Branchial arch,116,-203,1,48
3188,203_117,Branchial arch,117,-203,1,51
3189,203_118,Branchial arch,118,-203,1,48
3190,203_119,Branchial arch,119,-203,1,48
3191,203_120,Neural crest,120,-203,1,79
3192,203_121,Neural crest,121,-203,1,75
3193,203_122,Neural crest,122,-203,1,51
3194,203_123,Neural crest,123,-203,1,54
3195,203_124,Branchial arch,124,-203,1,55
3196,203_125,Neural crest,125,-203,1,54
3197,203_126,Neural crest,126,-203,1,55
3198,203_127,Notochord,127,-203,1,54
3199,203_128,Notochord,128,-203,1,55
3200,203_129,Notochord,129,-203,1,54
3201,203_130,Notochord,130,-203,1,43
3202,203_131,Notochord,131,-203,1,35
3203,203_132,Notochord,132,-203,1,35
3204,203_133,Brain,133,-203,1,37
3205,203_134,Brain,134,-203,1,38
3206,203_135,Brain,135,-203,1,39
3207,203_136,Brain,136,-203,1,39
3208,203_137,Brain,137,-203,1,39
3209,203_138,Brain,138,-203,1,39
3210,203_139,Brain,139,-203,1,38
3211,203_140,Brain,140,-203,1,36
3212,203_141,Brain,141,-203,1,35
3213,203_142,Brain,142,-203,1,36
3214,203_143,Brain,143,-203,1,36
3215,203_144,Brain,144,-203,1,36
3216,203_145,Brain,145,-203,1,36
3217,203_146,Brain,146,-203,1,36
3218,203_147,Brain,147,-203,1,38
3219,203_148,Brain,148,-203,1,53
3220,203_149,Brain,149,-203,1,74
3221,203_150,Brain,150,-203,1,74
3222,203_151,Brain,151,-203,1,74
3223,203_152,Brain,152,-203,1,74
3224,203_153,Brain,153,-203,1,74
3225,203_154,Brain,154,-203,1,73
3226,203_155,Brain,155,-203,1,72
3227,203_81,Cavity,81,-203,1,26
3228,203_82,Neural crest,82,-203,1,75
3229,203_83,Neural crest,83,-203,1,75
3230,203_84,Neural crest,84,-203,1,75
3231,203_85,Neural crest,85,-203,1,75
3232,203_86,Neural crest,86,-203,1,75
3233,203_87,Neural crest,87,-203,1,53
3234,203_88,Neural crest,88,-203,1,53
3235,203_89,Neural crest,89,-203,1,53
3236,203_90,Neural crest,90,-203,1,53
3237,203_91,Neural crest,91,-203,1,53
3238,203_92,Neural crest,92,-203,1,53
3239,203_93,Neural crest,93,-203,1,53
3240,203_94,Neural crest,94,-203,1,53
3241,203_95,Neural crest,95,-203,1,53
3242,203_96,Neural crest,96,-203,1,53
3243,203_97,Neural crest,97,-203,1,53
3244,203_98,Neural crest,98,-203,1,53
3245,203_99,Neural crest,99,-203,1,53
3246,204_100,Neural crest,100,-204,1,53
3247,204_101,Neural crest,101,-204,1,79
3248,204_102,Neural crest,102,-204,1,75
3249,204_103,Neural crest,103,-204,1,79
3250,204_104,Cavity,104,-204,1,26
3251,204_110,Cavity,110,-204,1,77
3252,204_111,Neural crest,111,-204,1,79
3253,204_112,Neural crest,112,-204,1,79
3254,204_113,Neural crest,113,-204,1,48
3255,204_114,Branchial arch,114,-204,1,48
3256,204_115,Branchial arch,115,-204,1,48
3257,204_116,Branchial arch,116,-204,1,48
3258,204_117,Branchial arch,117,-204,1,48
3259,204_118,Branchial arch,118,-204,1,48
3260,204_119,Neural crest,119,-204,1,51
3261,204_120,Neural crest,120,-204,1,79
3262,204_121,Neural crest,121,-204,1,55
3263,204_122,Branchial arch,122,-204,1,50
3264,204_123,Neural crest,123,-204,1,54
3265,204_124,Neural crest,124,-204,1,54
3266,204_125,Notochord,125,-204,1,54
3267,204_126,Notochord,126,-204,1,54
3268,204_127,Notochord,127,-204,1,54
3269,204_128,Notochord,128,-204,1,40
3270,204_129,Notochord,129,-204,1,41
3271,204_130,Notochord,130,-204,1,32
3272,204_131,Notochord,131,-204,1,35
3273,204_132,Notochord,132,-204,1,37
3274,204_133,Notochord,133,-204,1,37
3275,204_134,Brain,134,-204,1,38
3276,204_135,Brain,135,-204,1,39
3277,204_136,Brain,136,-204,1,39
3278,204_137,Brain,137,-204,1,38
3279,204_138,Brain,138,-204,1,39
3280,204_139,Brain,139,-204,1,36
3281,204_140,Brain,140,-204,1,36
3282,204_141,Brain,141,-204,1,35
3283,204_142,Brain,142,-204,1,35
3284,204_143,Brain,143,-204,1,36
3285,204_144,Brain,144,-204,1,36
3286,204_145,Brain,145,-204,1,35
3287,204_146,Brain,146,-204,1,38
3288,204_147,Brain,147,-204,1,38
3289,204_148,Brain,148,-204,1,53
3290,204_149,Brain,149,-204,1,74
3291,204_150,Brain,150,-204,1,74
3292,204_151,Brain,151,-204,1,74
3293,204_152,Brain,152,-204,1,74
3294,204_153,Brain,153,-204,1,74
3295,204_154,Brain,154,-204,1,72
3296,204_155,Cavity,155,-204,1,73
3297,204_80,Cavity,80,-204,1,27
3298,204_81,Neural crest,81,-204,1,72
3299,204_82,Neural crest,82,-204,1,75
3300,204_83,Neural crest,83,-204,1,75
3301,204_84,Neural crest,84,-204,1,75
3302,204_85,Neural crest,85,-204,1,53
3303,204_86,Neural crest,86,-204,1,53
3304,204_87,Neural crest,87,-204,1,53
3305,204_88,Neural crest,88,-204,1,53
3306,204_89,Neural crest,89,-204,1,53
3307,204_90,Neural crest,90,-204,1,53
3308,204_91,Neural crest,91,-204,1,53
3309,204_92,Neural crest,92,-204,1,53
3310,204_93,Neural crest,93,-204,1,53
3311,204_94,Neural crest,94,-204,1,53
3312,204_95,Neural crest,95,-204,1,53
3313,204_96,Neural crest,96,-204,1,53
3314,204_97,Neural crest,97,-204,1,53
3315,204_98,Neural crest,98,-204,1,53
3316,204_99,Neural crest,99,-204,1,53
3317,205_100,Neural crest,100,-205,1,53
3318,205_101,Neural crest,101,-205,1,53
3319,205_102,Neural crest,102,-205,1,53
3320,205_103,Neural crest,103,-205,1,75
3321,205_104,Neural crest,104,-205,1,75
3322,205_105,Cavity,105,-205,1,26
3323,205_111,Neural crest,111,-205,1,79
3324,205_112,Neural crest,112,-205,1,79
3325,205_113,Neural crest,113,-205,1,79
3326,205_114,Neural crest,114,-205,1,79
3327,205_115,Neural crest,115,-205,1,48
3328,205_116,Branchial arch,116,-205,1,48
3329,205_117,Branchial arch,117,-205,1,49
3330,205_118,Neural crest,118,-205,1,79
3331,205_119,Neural crest,119,-205,1,75
3332,205_120,Neural crest,120,-205,1,54
3333,205_121,Branchial arch,121,-205,1,54
3334,205_122,Branchial arch,122,-205,1,54
3335,205_123,Neural crest,123,-205,1,54
3336,205_124,Notochord,124,-205,1,54
3337,205_125,Notochord,125,-205,1,55
3338,205_126,Notochord,126,-205,1,55
3339,205_127,Notochord,127,-205,1,54
3340,205_128,Notochord,128,-205,1,33
3341,205_129,Notochord,129,-205,1,35
3342,205_130,Notochord,130,-205,1,32
3343,205_131,Notochord,131,-205,1,35
3344,205_132,Notochord,132,-205,1,35
3345,205_133,Brain,133,-205,1,39
3346,205_134,Brain,134,-205,1,39
3347,205_135,Brain,135,-205,1,39
3348,205_136,Brain,136,-205,1,39
3349,205_137,Brain,137,-205,1,38
3350,205_138,Brain,138,-205,1,38
3351,205_139,Brain,139,-205,1,36
3352,205_140,Brain,140,-205,1,36
3353,205_141,Brain,141,-205,1,36
3354,205_142,Brain,142,-205,1,35
3355,205_143,Brain,143,-205,1,36
3356,205_144,Brain,144,-205,1,35
3357,205_145,Brain,145,-205,1,36
3358,205_146,Brain,146,-205,1,39
3359,205_147,Brain,147,-205,1,53
3360,205_148,Brain,148,-205,1,74
3361,205_149,Brain,149,-205,1,74
3362,205_150,Brain,150,-205,1,74
3363,205_151,Brain,151,-205,1,74
3364,205_152,Brain,152,-205,1,74
3365,205_153,Brain,153,-205,1,72
3366,205_154,Brain,154,-205,1,72
3367,205_155,Cavity,155,-205,1,26
3368,205_80,Neural crest,80,-205,1,75
3369,205_81,Neural crest,81,-205,1,75
3370,205_82,Neural crest,82,-205,1,75
3371,205_83,Neural crest,83,-205,1,75
3372,205_84,Neural crest,84,-205,1,53
3373,205_85,Neural crest,85,-205,1,53
3374,205_86,Neural crest,86,-205,1,53
3375,205_87,Neural crest,87,-205,1,53
3376,205_88,Neural crest,88,-205,1,53
3377,205_89,Neural crest,89,-205,1,53
3378,205_90,Neural crest,90,-205,1,53
3379,205_91,Neural crest,91,-205,1,53
3380,205_92,Neural crest,92,-205,1,53
3381,205_93,Neural crest,93,-205,1,53
3382,205_94,Neural crest,94,-205,1,53
3383,205_95,Neural crest,95,-205,1,53
3384,205_96,Neural crest,96,-205,1,53
3385,205_97,Neural crest,97,-205,1,53
3386,205_98,Neural crest,98,-205,1,53
3387,205_99,Neural crest,99,-205,1,53
3388,206_100,Neural crest,100,-206,1,53
3389,206_101,Neural crest,101,-206,1,53
3390,206_102,Neural crest,102,-206,1,53
3391,206_103,Neural crest,103,-206,1,53
3392,206_104,Neural crest,104,-206,1,79
3393,206_105,Neural crest,105,-206,1,75
3394,206_106,Cavity,106,-206,1,26
3395,206_111,Cavity,111,-206,1,76
3396,206_112,Neural crest,112,-206,1,79
3397,206_113,Neural crest,113,-206,1,79
3398,206_114,Neural crest,114,-206,1,79
3399,206_115,Neural crest,115,-206,1,79
3400,206_116,Neural crest,116,-206,1,79
3401,206_117,Neural crest,117,-206,1,79
3402,206_118,Neural crest,118,-206,1,79
3403,206_119,Neural crest,119,-206,1,79
3404,206_120,Branchial arch,120,-206,1,54
3405,206_121,Branchial arch,121,-206,1,54
3406,206_122,Neural crest,122,-206,1,54
3407,206_123,Neural crest,123,-206,1,54
3408,206_124,Notochord,124,-206,1,54
3409,206_125,Notochord,125,-206,1,52
3410,206_126,Notochord,126,-206,1,42
3411,206_127,Notochord,127,-206,1,33
3412,206_128,Notochord,128,-206,1,32
3413,206_129,Notochord,129,-206,1,35
3414,206_130,Brain,130,-206,1,37
3415,206_131,Brain,131,-206,1,36
3416,206_132,Notochord,132,-206,1,36
3417,206_133,Brain,133,-206,1,37
3418,206_134,Brain,134,-206,1,38
3419,206_135,Brain,135,-206,1,39
3420,206_136,Brain,136,-206,1,39
3421,206_137,Brain,137,-206,1,38
3422,206_138,Brain,138,-206,1,36
3423,206_139,Brain,139,-206,1,36
3424,206_140,Brain,140,-206,1,36
3425,206_141,Brain,141,-206,1,35
3426,206_142,Brain,142,-206,1,35
3427,206_143,Brain,143,-206,1,35
3428,206_144,Brain,144,-206,1,35
3429,206_145,Brain,145,-206,1,36
3430,206_146,Brain,146,-206,1,38
3431,206_147,Brain,147,-206,1,53
3432,206_148,Brain,148,-206,1,74
3433,206_149,Brain,149,-206,1,74
3434,206_150,Brain,150,-206,1,74
3435,206_151,Brain,151,-206,1,74
3436,206_152,Brain,152,-206,1,74
3437,206_153,Brain,153,-206,1,74
3438,206_154,Cavity,154,-206,1,26
3439,206_79,Cavity,79,-206,1,26
3440,206_80,Neural crest,80,-206,1,75
3441,206_81,Neural crest,81,-206,1,75
3442,206_82,Neural crest,82,-206,1,75
3443,206_83,Neural crest,83,-206,1,75
3444,206_84,Neural crest,84,-206,1,53
3445,206_85,Neural crest,85,-206,1,53
3446,206_86,Neural crest,86,-206,1,53
3447,206_87,Neural crest,87,-206,1,53
3448,206_88,Neural crest,88,-206,1,52
3449,206_89,Neural crest,89,-206,1,52
3450,206_90,Neural crest,90,-206,1,52
3451,206_91,Neural crest,91,-206,1,53
3452,206_92,Neural crest,92,-206,1,53
3453,206_93,Neural crest,93,-206,1,52
3454,206_94,Neural crest,94,-206,1,53
3455,206_95,Neural crest,95,-206,1,53
3456,206_96,Neural crest,96,-206,1,53
3457,206_97,Neural crest,97,-206,1,53
3458,206_98,Neural crest,98,-206,1,53
3459,206_99,Neural crest,99,-206,1,53
3460,207_100,Neural crest,100,-207,1,53
3461,207_101,Neural crest,101,-207,1,53
3462,207_102,Neural crest,102,-207,1,53
3463,207_103,Neural crest,103,-207,1,53
3464,207_104,Neural crest,104,-207,1,53
3465,207_105,Neural crest,105,-207,1,79
3466,207_106,Neural crest,106,-207,1,75
3467,207_107,Cavity,107,-207,1,76
3468,207_111,Cavity,111,-207,1,76
3469,207_112,Neural crest,112,-207,1,77
3470,207_113,Neural crest,113,-207,1,79
3471,207_114,Neural crest,114,-207,1,79
3472,207_115,Neural crest,115,-207,1,79
3473,207_116,Neural crest,116,-207,1,79
3474,207_117,Neural crest,117,-207,1,79
3475,207_118,Neural crest,118,-207,1,79
3476,207_119,Branchial arch,119,-207,1,50
3477,207_120,Branchial arch,120,-207,1,54
3478,207_121,Notochord,121,-207,1,54
3479,207_122,Notochord,122,-207,1,54
3480,207_123,Neural crest,123,-207,1,54
3481,207_124,Notochord,124,-207,1,43
3482,207_125,Notochord,125,-207,1,43
3483,207_126,Notochord,126,-207,1,32
3484,207_127,Notochord,127,-207,1,37
3485,207_128,Notochord,128,-207,1,37
3486,207_129,Brain,129,-207,1,37
3487,207_130,Notochord,130,-207,1,35
3488,207_131,Brain,131,-207,1,38
3489,207_132,Brain,132,-207,1,39
3490,207_133,Brain,133,-207,1,38
3491,207_134,Brain,134,-207,1,36
3492,207_135,Brain,135,-207,1,36
3493,207_136,Brain,136,-207,1,36
3494,207_137,Brain,137,-207,1,39
3495,207_138,Brain,138,-207,1,39
3496,207_139,Brain,139,-207,1,36
3497,207_140,Brain,140,-207,1,36
3498,207_141,Brain,141,-207,1,35
3499,207_142,Brain,142,-207,1,35
3500,207_143,Brain,143,-207,1,35
3501,207_144,Brain,144,-207,1,36
3502,207_145,Brain,145,-207,1,36
3503,207_146,Brain,146,-207,1,38
3504,207_147,Brain,147,-207,1,46
3505,207_148,Brain,148,-207,1,74
3506,207_149,Brain,149,-207,1,74
3507,207_150,Brain,150,-207,1,74
3508,207_151,Brain,151,-207,1,74
3509,207_152,Brain,152,-207,1,74
3510,207_153,Brain,153,-207,1,74
3511,207_154,Cavity,154,-207,1,27
3512,207_79,Neural crest,79,-207,1,72
3513,207_80,Neural crest,80,-207,1,75
3514,207_81,Neural crest,81,-207,1,75
3515,207_82,Neural crest,82,-207,1,75
3516,207_83,Neural crest,83,-207,1,53
3517,207_84,Neural crest,84,-207,1,53
3518,207_85,Neural crest,85,-207,1,53
3519,207_86,Neural crest,86,-207,1,53
3520,207_87,Neural crest,87,-207,1,53
3521,207_88,Neural crest,88,-207,1,53
3522,207_89,Neural crest,89,-207,1,53
3523,207_90,Neural crest,90,-207,1,53
3524,207_91,Neural crest,91,-207,1,53
3525,207_92,Neural crest,92,-207,1,53
3526,207_93,Neural crest,93,-207,1,53
3527,207_94,Neural crest,94,-207,1,53
3528,207_95,Neural crest,95,-207,1,52
3529,207_96,Neural crest,96,-207,1,53
3530,207_97,Neural crest,97,-207,1,53
3531,207_98,Neural crest,98,-207,1,53
3532,207_99,Neural crest,99,-207,1,53
3533,208_100,Neural crest,100,-208,1,53
3534,208_101,Brain,101,-208,1,34
3535,208_102,Brain,102,-208,1,53
3536,208_103,Neural crest,103,-208,1,53
3537,208_104,Neural crest,104,-208,1,53
3538,208_105,Neural crest,105,-208,1,55
3539,208_106,Branchial arch,106,-208,1,79
3540,208_107,Neural crest,107,-208,1,79
3541,208_108,Neural crest,108,-208,1,79
3542,208_109,Cavity,109,-208,1,73
3543,208_110,Cavity,110,-208,1,76
3544,208_111,Neural crest,111,-208,1,73
3545,208_112,Neural crest,112,-208,1,72
3546,208_113,Neural crest,113,-208,1,73
3547,208_114,Neural crest,114,-208,1,72
3548,208_115,Neural crest,115,-208,1,77
3549,208_116,Neural crest,116,-208,1,79
3550,208_117,Neural crest,117,-208,1,77
3551,208_118,Neural crest,118,-208,1,52
3552,208_119,Neural crest,119,-208,1,54
3553,208_120,Notochord,120,-208,1,75
3554,208_121,Notochord,121,-208,1,54
3555,208_122,Notochord,122,-208,1,52
3556,208_123,Notochord,123,-208,1,44
3557,208_124,Notochord,124,-208,1,33
3558,208_125,Notochord,125,-208,1,32
3559,208_126,Notochord,126,-208,1,32
3560,208_127,Notochord,127,-208,1,35
3561,208_128,Notochord,128,-208,1,35
3562,208_129,Brain,129,-208,1,37
3563,208_130,Brain,130,-208,1,36
3564,208_131,Brain,131,-208,1,35
3565,208_132,Brain,132,-208,1,39
3566,208_133,Brain,133,-208,1,37
3567,208_134,Brain,134,-208,1,36
3568,208_135,Brain,135,-208,1,36
3569,208_136,Brain,136,-208,1,36
3570,208_137,Brain,137,-208,1,36
3571,208_138,Brain,138,-208,1,36
3572,208_139,Brain,139,-208,1,35
3573,208_140,Brain,140,-208,1,36
3574,208_141,Brain,141,-208,1,36
3575,208_142,Brain,142,-208,1,36
3576,208_143,Brain,143,-208,1,35
3577,208_144,Brain,144,-208,1,36
3578,208_145,Brain,145,-208,1,36
3579,208_146,Brain,146,-208,1,38
3580,208_147,Brain,147,-208,1,42
3581,208_148,Brain,148,-208,1,43
3582,208_149,Brain,149,-208,1,43
3583,208_150,Brain,150,-208,1,43
3584,208_151,Brain,151,-208,1,43
3585,208_152,Brain,152,-208,1,74
3586,208_153,Brain,153,-208,1,72
3587,208_78,Cavity,78,-208,1,26
3588,208_79,Brain,79,-208,1,72
3589,208_80,Brain,80,-208,1,75
3590,208_81,Neural crest,81,-208,1,75
3591,208_82,Neural crest,82,-208,1,75
3592,208_83,Neural crest,83,-208,1,53
3593,208_84,Neural crest,84,-208,1,53
3594,208_85,Neural crest,85,-208,1,53
3595,208_86,Neural crest,86,-208,1,53
3596,208_87,Neural crest,87,-208,1,53
3597,208_88,Neural crest,88,-208,1,53
3598,208_89,Brain,89,-208,1,53
3599,208_90,Brain,90,-208,1,34
3600,208_91,Brain,91,-208,1,33
3601,208_92,Brain,92,-208,1,34
3602,208_93,Brain,93,-208,1,34
3603,208_94,Neural crest,94,-208,1,53
3604,208_95,Neural crest,95,-208,1,53
3605,208_96,Neural crest,96,-208,1,52
3606,208_97,Neural crest,97,-208,1,52
3607,208_98,Neural crest,98,-208,1,53
3608,208_99,Neural crest,99,-208,1,53
3609,209_100,Brain,100,-209,1,53
3610,209_101,Brain,101,-209,1,34
3611,209_102,Brain,102,-209,1,34
3612,209_103,Brain,103,-209,1,53
3613,209_104,Brain,104,-209,1,53
3614,209_105,Neural crest,105,-209,1,53
3615,209_106,Branchial arch,106,-209,1,55
3616,209_107,Branchial arch,107,-209,1,50
3617,209_108,Branchial arch,108,-209,1,50
3618,209_109,Neural crest,109,-209,1,79
3619,209_110,Neural crest,110,-209,1,79
3620,209_111,Neural crest,111,-209,1,79
3621,209_112,Neural crest,112,-209,1,72
3622,209_113,Neural crest,113,-209,1,77
3623,209_114,Neural crest,114,-209,1,79
3624,209_115,Neural crest,115,-209,1,79
3625,209_116,Neural crest,116,-209,1,54
3626,209_117,Neural crest,117,-209,1,55
3627,209_118,Neural crest,118,-209,1,55
3628,209_119,Neural crest,119,-209,1,54
3629,209_120,Notochord,120,-209,1,52
3630,209_121,Notochord,121,-209,1,52
3631,209_122,Notochord,122,-209,1,52
3632,209_123,Notochord,123,-209,1,33
3633,209_124,Notochord,124,-209,1,32
3634,209_125,Notochord,125,-209,1,36
3635,209_126,Notochord,126,-209,1,35
3636,209_127,Notochord,127,-209,1,35
3637,209_128,Notochord,128,-209,1,35
3638,209_129,Brain,129,-209,1,35
3639,209_130,Brain,130,-209,1,35
3640,209_131,Brain,131,-209,1,36
3641,209_132,Brain,132,-209,1,35
3642,209_133,Brain,133,-209,1,39
3643,209_134,Brain,134,-209,1,36
3644,209_135,Brain,135,-209,1,35
3645,209_136,Brain,136,-209,1,36
3646,209_137,Brain,137,-209,1,36
3647,209_138,Brain,138,-209,1,36
3648,209_139,Brain,139,-209,1,36
3649,209_140,Brain,140,-209,1,35
3650,209_141,Brain,141,-209,1,36
3651,209_142,Brain,142,-209,1,36
3652,209_143,Brain,143,-209,1,36
3653,209_144,Brain,144,-209,1,36
3654,209_145,Brain,145,-209,1,36
3655,209_146,Brain,146,-209,1,38
3656,209_147,Brain,147,-209,1,42
3657,209_148,Brain,148,-209,1,43
3658,209_149,Brain,149,-209,1,43
3659,209_150,Brain,150,-209,1,42
3660,209_151,Brain,151,-209,1,74
3661,209_152,Brain,152,-209,1,74
3662,209_153,Brain,153,-209,1,73
3663,209_78,Cavity,78,-209,1,73
3664,209_79,Brain,79,-209,1,75
3665,209_80,Neural crest,80,-209,1,75
3666,209_81,Neural crest,81,-209,1,75
3667,209_82,Neural crest,82,-209,1,53
3668,209_83,Neural crest,83,-209,1,53
3669,209_84,Brain,84,-209,1,53
3670,209_85,Neural crest,85,-209,1,53
3671,209_86,Brain,86,-209,1,52
3672,209_87,Brain,87,-209,1,34
3673,209_88,Brain,88,-209,1,34
3674,209_89,Brain,89,-209,1,34
3675,209_90,Brain,90,-209,1,34
3676,209_91,Brain,91,-209,1,34
3677,209_92,Brain,92,-209,1,34
3678,209_93,Brain,93,-209,1,34
3679,209_94,Brain,94,-209,1,34
3680,209_95,Brain,95,-209,1,53
3681,209_96,Neural crest,96,-209,1,52
3682,209_97,Cavity,97,-209,1,68
3683,209_98,Neural crest,98,-209,1,52
3684,209_99,Neural crest,99,-209,1,53
3685,210_100,Brain,100,-210,1,34
3686,210_101,Brain,101,-210,1,34
3687,210_102,Brain,102,-210,1,34
3688,210_103,Brain,103,-210,1,53
3689,210_104,Brain,104,-210,1,53
3690,210_105,Neural crest,105,-210,1,53
3691,210_106,Neural crest,106,-210,1,53
3692,210_107,Neural crest,107,-210,1,52
3693,210_108,Sclerotome,108,-210,1,50
3694,210_109,Branchial arch,109,-210,1,55
3695,210_110,Branchial arch,110,-210,1,49
3696,210_111,Neural crest,111,-210,1,79
3697,210_112,Neural crest,112,-210,1,79
3698,210_113,Neural crest,113,-210,1,77
3699,210_114,Neural crest,114,-210,1,54
3700,210_115,Neural crest,115,-210,1,54
3701,210_116,Neural crest,116,-210,1,54
3702,210_117,Neural crest,117,-210,1,54
3703,210_118,Notochord,118,-210,1,54
3704,210_119,Notochord,119,-210,1,54
3705,210_120,Notochord,120,-210,1,52
3706,210_121,Notochord,121,-210,1,33
3707,210_122,Notochord,122,-210,1,35
3708,210_123,Notochord,123,-210,1,32
3709,210_124,Notochord,124,-210,1,35
3710,210_125,Notochord,125,-210,1,35
3711,210_126,Notochord,126,-210,1,35
3712,210_127,Notochord,127,-210,1,37
3713,210_128,Notochord,128,-210,1,35
3714,210_129,Brain,129,-210,1,36
3715,210_130,Brain,130,-210,1,36
3716,210_131,Brain,131,-210,1,35
3717,210_132,Brain,132,-210,1,35
3718,210_133,Brain,133,-210,1,36
3719,210_134,Brain,134,-210,1,38
3720,210_135,Brain,135,-210,1,35
3721,210_136,Brain,136,-210,1,36
3722,210_137,Brain,137,-210,1,35
3723,210_138,Brain,138,-210,1,36
3724,210_139,Brain,139,-210,1,36
3725,210_140,Brain,140,-210,1,35
3726,210_141,Brain,141,-210,1,36
3727,210_142,Brain,142,-210,1,36
3728,210_143,Brain,143,-210,1,35
3729,210_144,Brain,144,-210,1,36
3730,210_145,Brain,145,-210,1,38
3731,210_146,Brain,146,-210,1,32
3732,210_147,Brain,147,-210,1,74
3733,210_148,Brain,148,-210,1,43
3734,210_149,Brain,149,-210,1,43
3735,210_150,Brain,150,-210,1,42
3736,210_151,Brain,151,-210,1,74
3737,210_152,Brain,152,-210,1,72
3738,210_78,Brain,78,-210,1,72
3739,210_79,Brain,79,-210,1,75
3740,210_80,Neural crest,80,-210,1,75
3741,210_81,Neural crest,81,-210,1,53
3742,210_82,Brain,82,-210,1,34
3743,210_83,Brain,83,-210,1,34
3744,210_84,Brain,84,-210,1,34
3745,210_85,Brain,85,-210,1,34
3746,210_86,Brain,86,-210,1,34
3747,210_87,Brain,87,-210,1,34
3748,210_88,Brain,88,-210,1,34
3749,210_89,Brain,89,-210,1,34
3750,210_90,Brain,90,-210,1,34
3751,210_91,Brain,91,-210,1,34
3752,210_92,Brain,92,-210,1,34
3753,210_93,Brain,93,-210,1,34
3754,210_94,Brain,94,-210,1,34
3755,210_95,Brain,95,-210,1,34
3756,210_96,Neural crest,96,-210,1,52
3757,210_97,Cavity,97,-210,1,65
3758,210_98,Neural crest,98,-210,1,52
3759,210_99,Brain,99,-210,1,53
3760,211_100,Brain,100,-211,1,34
3761,211_101,Brain,101,-211,1,34
3762,211_102,Brain,102,-211,1,34
3763,211_103,Brain,103,-211,1,33
3764,211_104,Brain,104,-211,1,53
3765,211_105,Neural crest,105,-211,1,55
3766,211_106,Neural crest,106,-211,1,55
3767,211_107,Neural crest,107,-211,1,54
3768,211_108,Neural crest,108,-211,1,54
3769,211_109,Branchial arch,109,-211,1,51
3770,211_110,Neural crest,110,-211,1,79
3771,211_111,Neural crest,111,-211,1,54
3772,211_112,Branchial arch,112,-211,1,50
3773,211_113,Neural crest,113,-211,1,54
3774,211_114,Neural crest,114,-211,1,65
3775,211_115,Neural crest,115,-211,1,54
3776,211_116,Neural crest,116,-211,1,54
3777,211_117,Neural crest,117,-211,1,54
3778,211_118,Notochord,118,-211,1,54
3779,211_119,Notochord,119,-211,1,52
3780,211_120,Notochord,120,-211,1,52
3781,211_121,Notochord,121,-211,1,32
3782,211_122,Notochord,122,-211,1,37
3783,211_123,Notochord,123,-211,1,32
3784,211_124,Notochord,124,-211,1,35
3785,211_125,Notochord,125,-211,1,35
3786,211_126,Notochord,126,-211,1,35
3787,211_127,Notochord,127,-211,1,35
3788,211_128,Brain,128,-211,1,35
3789,211_129,Brain,129,-211,1,35
3790,211_130,Brain,130,-211,1,36
3791,211_131,Brain,131,-211,1,35
3792,211_132,Brain,132,-211,1,36
3793,211_133,Brain,133,-211,1,35
3794,211_134,Brain,134,-211,1,36
3795,211_135,Brain,135,-211,1,38
3796,211_136,Brain,136,-211,1,36
3797,211_137,Brain,137,-211,1,36
3798,211_138,Brain,138,-211,1,36
3799,211_139,Brain,139,-211,1,36
3800,211_140,Brain,140,-211,1,35
3801,211_141,Brain,141,-211,1,36
3802,211_142,Brain,142,-211,1,36
3803,211_143,Brain,143,-211,1,35
3804,211_144,Brain,144,-211,1,36
3805,211_145,Brain,145,-211,1,36
3806,211_146,Brain,146,-211,1,33
3807,211_147,Brain,147,-211,1,43
3808,211_148,Brain,148,-211,1,43
3809,211_149,Brain,149,-211,1,74
3810,211_150,Brain,150,-211,1,74
3811,211_151,Brain,151,-211,1,74
3812,211_152,Cavity,152,-211,1,26
3813,211_77,Cavity,77,-211,1,26
3814,211_78,Brain,78,-211,1,75
3815,211_79,Brain,79,-211,1,75
3816,211_80,Neural crest,80,-211,1,75
3817,211_81,Neural crest,81,-211,1,53
3818,211_82,Brain,82,-211,1,34
3819,211_83,Brain,83,-211,1,34
3820,211_84,Brain,84,-211,1,34
3821,211_85,Brain,85,-211,1,34
3822,211_86,Brain,86,-211,1,34
3823,211_87,Brain,87,-211,1,34
3824,211_88,Brain,88,-211,1,34
3825,211_89,Brain,89,-211,1,34
3826,211_90,Brain,90,-211,1,34
3827,211_91,Brain,91,-211,1,34
3828,211_92,Brain,92,-211,1,34
3829,211_93,Brain,93,-211,1,34
3830,211_94,Brain,94,-211,1,34
3831,211_95,Brain,95,-211,1,34
3832,211_96,Brain,96,-211,1,53
3833,211_97,Neural crest,97,-211,1,52
3834,211_98,Brain,98,-211,1,53
3835,211_99,Brain,99,-211,1,34
3836,212_100,Brain,100,-212,1,34
3837,212_101,Brain,101,-212,1,34
3838,212_102,Brain,102,-212,1,34
3839,212_103,Brain,103,-212,1,53
3840,212_104,Brain,104,-212,1,53
3841,212_105,Neural crest,105,-212,1,52
3842,212_106,Neural crest,106,-212,1,52
3843,212_107,Neural crest,107,-212,1,52
3844,212_108,Neural crest,108,-212,1,52
3845,212_109,Neural crest,109,-212,1,54
3846,212_110,Neural crest,110,-212,1,54
3847,212_111,Neural crest,111,-212,1,65
3848,212_112,Neural crest,112,-212,1,52
3849,212_113,Neural crest,113,-212,1,54
3850,212_114,Neural crest,114,-212,1,54
3851,212_115,Neural crest,115,-212,1,54
3852,212_116,Neural crest,116,-212,1,54
3853,212_117,Neural crest,117,-212,1,52
3854,212_118,Notochord,118,-212,1,54
3855,212_119,Notochord,119,-212,1,52
3856,212_120,Notochord,120,-212,1,32
3857,212_121,Notochord,121,-212,1,35
3858,212_122,Notochord,122,-212,1,36
3859,212_123,Notochord,123,-212,1,34
3860,212_124,Notochord,124,-212,1,32
3861,212_125,Notochord,125,-212,1,32
3862,212_126,Notochord,126,-212,1,35
3863,212_127,Brain,127,-212,1,35
3864,212_128,Brain,128,-212,1,35
3865,212_129,Brain,129,-212,1,36
3866,212_130,Brain,130,-212,1,35
3867,212_131,Brain,131,-212,1,35
3868,212_132,Brain,132,-212,1,35
3869,212_133,Brain,133,-212,1,35
3870,212_134,Brain,134,-212,1,35
3871,212_135,Brain,135,-212,1,39
3872,212_136,Brain,136,-212,1,38
3873,212_137,Brain,137,-212,1,36
3874,212_138,Brain,138,-212,1,36
3875,212_139,Brain,139,-212,1,36
3876,212_140,Brain,140,-212,1,36
3877,212_141,Brain,141,-212,1,36
3878,212_142,Brain,142,-212,1,36
3879,212_143,Brain,143,-212,1,36
3880,212_144,Brain,144,-212,1,35
3881,212_145,Brain,145,-212,1,34
3882,212_146,Brain,146,-212,1,42
3883,212_147,Brain,147,-212,1,43
3884,212_148,Brain,148,-212,1,43
3885,212_149,Brain,149,-212,1,74
3886,212_150,Brain,150,-212,1,74
3887,212_151,Cavity,151,-212,1,73
3888,212_77,Cavity,77,-212,1,73
3889,212_78,Brain,78,-212,1,75
3890,212_79,Brain,79,-212,1,75
3891,212_80,Brain,80,-212,1,75
3892,212_81,Brain,81,-212,1,34
3893,212_82,Brain,82,-212,1,34
3894,212_83,Brain,83,-212,1,34
3895,212_84,Brain,84,-212,1,34
3896,212_85,Brain,85,-212,1,34
3897,212_86,Brain,86,-212,1,34
3898,212_87,Brain,87,-212,1,34
3899,212_88,Brain,88,-212,1,34
3900,212_89,Brain,89,-212,1,34
3901,212_90,Brain,90,-212,1,34
3902,212_91,Brain,91,-212,1,34
3903,212_92,Brain,92,-212,1,34
3904,212_93,Brain,93,-212,1,34
3905,212_94,Brain,94,-212,1,34
3906,212_95,Brain,95,-212,1,34
3907,212_96,Brain,96,-212,1,34
3908,212_97,Brain,97,-212,1,53
3909,212_98,Brain,98,-212,1,53
3910,212_99,Brain,99,-212,1,34
3911,213_100,Brain,100,-213,1,34
3912,213_101,Brain,101,-213,1,34
3913,213_102,Brain,102,-213,1,34
3914,213_103,Brain,103,-213,1,53
3915,213_104,Neural crest,104,-213,1,52
3916,213_105,Neural crest,105,-213,1,65
3917,213_106,Cavity,106,-213,1,68
3918,213_107,Cavity,107,-213,1,68
3919,213_108,Neural crest,108,-213,1,52
3920,213_109,Neural crest,109,-213,1,54
3921,213_110,Neural crest,110,-213,1,52
3922,213_111,Neural crest,111,-213,1,52
3923,213_112,Neural crest,112,-213,1,68
3924,213_113,Neural crest,113,-213,1,65
3925,213_114,Neural crest,114,-213,1,54
3926,213_115,Neural crest,115,-213,1,54
3927,213_116,Neural crest,116,-213,1,54
3928,213_117,Neural crest,117,-213,1,46
3929,213_118,Notochord,118,-213,1,54
3930,213_119,Notochord,119,-213,1,53
3931,213_120,Notochord,120,-213,1,35
3932,213_121,Notochord,121,-213,1,35
3933,213_122,Notochord,122,-213,1,37
3934,213_123,Notochord,123,-213,1,33
3935,213_124,Notochord,124,-213,1,32
3936,213_125,Brain,125,-213,1,32
3937,213_126,Brain,126,-213,1,33
3938,213_127,Brain,127,-213,1,35
3939,213_128,Brain,128,-213,1,35
3940,213_129,Brain,129,-213,1,36
3941,213_130,Brain,130,-213,1,37
3942,213_131,Brain,131,-213,1,35
3943,213_132,Brain,132,-213,1,35
3944,213_133,Brain,133,-213,1,35
3945,213_134,Brain,134,-213,1,35
3946,213_135,Brain,135,-213,1,36
3947,213_136,Brain,136,-213,1,36
3948,213_137,Brain,137,-213,1,36
3949,213_138,Brain,138,-213,1,36
3950,213_139,Brain,139,-213,1,36
3951,213_140,Brain,140,-213,1,36
3952,213_141,Brain,141,-213,1,36
3953,213_142,Brain,142,-213,1,36
3954,213_143,Brain,143,-213,1,35
3955,213_144,Brain,144,-213,1,35
3956,213_145,Brain,145,-213,1,52
3957,213_146,Brain,146,-213,1,43
3958,213_147,Brain,147,-213,1,42
3959,213_148,Brain,148,-213,1,42
3960,213_149,Brain,149,-213,1,42
3961,213_150,Brain,150,-213,1,72
3962,213_77,Cavity,77,-213,1,73
3963,213_78,Brain,78,-213,1,74
3964,213_79,Brain,79,-213,1,75
3965,213_80,Brain,80,-213,1,34
3966,213_81,Brain,81,-213,1,34
3967,213_82,Brain,82,-213,1,34
3968,213_83,Brain,83,-213,1,34
3969,213_84,Brain,84,-213,1,34
3970,213_85,Brain,85,-213,1,34
3971,213_86,Brain,86,-213,1,34
3972,213_87,Brain,87,-213,1,34
3973,213_88,Brain,88,-213,1,34
3974,213_89,Brain,89,-213,1,34
3975,213_90,Brain,90,-213,1,34
3976,213_91,Brain,91,-213,1,34
3977,213_92,Brain,92,-213,1,34
3978,213_93,Brain,93,-213,1,34
3979,213_94,Brain,94,-213,1,34
3980,213_95,Brain,95,-213,1,34
3981,213_96,Brain,96,-213,1,34
3982,213_97,Brain,97,-213,1,34
3983,213_98,Brain,98,-213,1,34
3984,213_99,Brain,99,-213,1,34
3985,214_100,Brain,100,-214,1,34
3986,214_101,Brain,101,-214,1,34
3987,214_102,Brain,102,-214,1,34
3988,214_103,Brain,103,-214,1,53
3989,214_104,Neural crest,104,-214,1,52
3990,214_105,Cavity,105,-214,1,65
3991,214_106,Cavity,106,-214,1,68
3992,214_107,Cavity,107,-214,1,68
3993,214_108,Neural crest,108,-214,1,52
3994,214_109,Neural crest,109,-214,1,52
3995,214_110,Neural crest,110,-214,1,52
3996,214_111,Neural crest,111,-214,1,54
3997,214_112,Neural crest,112,-214,1,54
3998,214_113,Neural crest,113,-214,1,54
3999,214_114,Neural crest,114,-214,1,54
4000,214_115,Neural crest,115,-214,1,54
4001,214_116,Neural crest,116,-214,1,54
4002,214_117,Notochord,117,-214,1,52
4003,214_118,Notochord,118,-214,1,54
4004,214_119,Notochord,119,-214,1,33
4005,214_120,Notochord,120,-214,1,35
4006,214_121,Notochord,121,-214,1,35
4007,214_122,Notochord,122,-214,1,36
4008,214_123,Notochord,123,-214,1,33
4009,214_124,Brain,124,-214,1,35
4010,214_125,Brain,125,-214,1,32
4011,214_126,Brain,126,-214,1,33
4012,214_127,Brain,127,-214,1,32
4013,214_128,Brain,128,-214,1,35
4014,214_129,Brain,129,-214,1,35
4015,214_130,Brain,130,-214,1,38
4016,214_131,Brain,131,-214,1,35
4017,214_132,Brain,132,-214,1,35
4018,214_133,Brain,133,-214,1,35
4019,214_134,Brain,134,-214,1,36
4020,214_135,Brain,135,-214,1,35
4021,214_136,Brain,136,-214,1,36
4022,214_137,Brain,137,-214,1,36
4023,214_138,Brain,138,-214,1,36
4024,214_139,Brain,139,-214,1,36
4025,214_140,Brain,140,-214,1,36
4026,214_141,Brain,141,-214,1,35
4027,214_142,Brain,142,-214,1,35
4028,214_143,Brain,143,-214,1,34
4029,214_144,Brain,144,-214,1,42
4030,214_145,Brain,145,-214,1,43
4031,214_146,Brain,146,-214,1,43
4032,214_147,Brain,147,-214,1,74
4033,214_148,Brain,148,-214,1,74
4034,214_149,Brain,149,-214,1,72
4035,214_150,Cavity,150,-214,1,27
4036,214_77,Cavity,77,-214,1,72
4037,214_78,Brain,78,-214,1,75
4038,214_79,Brain,79,-214,1,75
4039,214_80,Brain,80,-214,1,53
4040,214_81,Brain,81,-214,1,34
4041,214_82,Brain,82,-214,1,34
4042,214_83,Brain,83,-214,1,34
4043,214_84,Brain,84,-214,1,34
4044,214_85,Brain,85,-214,1,34
4045,214_86,Brain,86,-214,1,34
4046,214_87,Brain,87,-214,1,33
4047,214_88,Brain,88,-214,1,43
4048,214_89,Brain,89,-214,1,34
4049,214_90,Brain,90,-214,1,34
4050,214_91,Brain,91,-214,1,34
4051,214_92,Brain,92,-214,1,34
4052,214_93,Brain,93,-214,1,34
4053,214_94,Brain,94,-214,1,34
4054,214_95,Brain,95,-214,1,34
4055,214_96,Brain,96,-214,1,35
4056,214_97,Brain,97,-214,1,34
4057,214_98,Brain,98,-214,1,34
4058,214_99,Brain,99,-214,1,34
4059,215_100,Brain,100,-215,1,34
4060,215_101,Brain,101,-215,1,34
4061,215_102,Neural crest,102,-215,1,52
4062,215_103,Cavity,103,-215,1,65
4063,215_104,Cavity,104,-215,1,65
4064,215_105,Cavity,105,-215,1,69
4065,215_106,Cavity,106,-215,1,69
4066,215_107,Cavity,107,-215,1,69
4067,215_108,Cavity,108,-215,1,68
4068,215_109,Neural crest,109,-215,1,68
4069,215_110,Neural crest,110,-215,1,73
4070,215_111,Neural crest,111,-215,1,54
4071,215_112,Neural crest,112,-215,1,54
4072,215_113,Neural crest,113,-215,1,54
4073,215_114,Neural crest,114,-215,1,54
4074,215_115,Neural crest,115,-215,1,54
4075,215_116,Neural crest,116,-215,1,54
4076,215_117,Neural crest,117,-215,1,50
4077,215_118,Neural crest,118,-215,1,54
4078,215_119,Notochord,119,-215,1,43
4079,215_120,Notochord,120,-215,1,33
4080,215_121,Notochord,121,-215,1,33
4081,215_122,Notochord,122,-215,1,43
4082,215_123,Cavity,123,-215,1,26
4083,215_124,Cavity,124,-215,1,43
4084,215_125,Cavity,125,-215,1,43
4085,215_126,Cavity,126,-215,1,33
4086,215_127,Cavity,127,-215,1,33
4087,215_128,Brain,128,-215,1,33
4088,215_129,Brain,129,-215,1,33
4089,215_130,Brain,130,-215,1,35
4090,215_131,Brain,131,-215,1,35
4091,215_132,Brain,132,-215,1,34
4092,215_133,Brain,133,-215,1,34
4093,215_134,Brain,134,-215,1,34
4094,215_135,Brain,135,-215,1,34
4095,215_136,Brain,136,-215,1,35
4096,215_137,Brain,137,-215,1,35
4097,215_138,Brain,138,-215,1,35
4098,215_139,Brain,139,-215,1,35
4099,215_140,Brain,140,-215,1,35
4100,215_141,Brain,141,-215,1,35
4101,215_142,Brain,142,-215,1,33
4102,215_143,Brain,143,-215,1,44
4103,215_144,Brain,144,-215,1,42
4104,215_145,Cavity,145,-215,1,41
4105,215_146,Brain,146,-215,1,72
4106,215_147,Brain,147,-215,1,73
4107,215_148,Cavity,148,-215,1,76
4108,215_77,Cavity,77,-215,1,73
4109,215_78,Cavity,78,-215,1,73
4110,215_79,Brain,79,-215,1,75
4111,215_80,Brain,80,-215,1,53
4112,215_81,Brain,81,-215,1,34
4113,215_82,Brain,82,-215,1,34
4114,215_83,Brain,83,-215,1,34
4115,215_84,Brain,84,-215,1,34
4116,215_85,Brain,85,-215,1,44
4117,215_86,Cavity,86,-215,1,47
4118,215_87,Brain,87,-215,1,43
4119,215_88,Brain,88,-215,1,42
4120,215_89,Brain,89,-215,1,33
4121,215_90,Brain,90,-215,1,34
4122,215_91,Brain,91,-215,1,43
4123,215_92,Cavity,92,-215,1,26
4124,215_93,Cavity,93,-215,1,43
4125,215_94,Brain,94,-215,1,34
4126,215_95,Brain,95,-215,1,34
4127,215_96,Brain,96,-215,1,34
4128,215_97,Brain,97,-215,1,34
4129,215_98,Brain,98,-215,1,34
4130,215_99,Brain,99,-215,1,51
4131,216_100,Brain,100,-216,1,34
4132,216_101,Brain,101,-216,1,53
4133,216_102,Neural crest,102,-216,1,65
4134,216_103,Cavity,103,-216,1,65
4135,216_104,Cavity,104,-216,1,65
4136,216_105,Cavity,105,-216,1,68
4137,216_106,Cavity,106,-216,1,69
4138,216_107,Cavity,107,-216,1,69
4139,216_108,Cavity,108,-216,1,65
4140,216_109,Neural crest,109,-216,1,54
4141,216_110,Neural crest,110,-216,1,68
4142,216_111,Neural crest,111,-216,1,52
4143,216_112,Neural crest,112,-216,1,54
4144,216_113,Neural crest,113,-216,1,54
4145,216_114,Neural crest,114,-216,1,54
4146,216_115,Neural crest,115,-216,1,54
4147,216_116,Neural crest,116,-216,1,52
4148,216_117,Neural crest,117,-216,1,52
4149,216_118,Notochord,118,-216,1,32
4150,216_119,Notochord,119,-216,1,32
4151,216_120,Notochord,120,-216,1,35
4152,216_121,Notochord,121,-216,1,32
4153,216_122,Notochord,122,-216,1,33
4154,216_123,Cavity,123,-216,1,76
4155,216_124,Notochord,124,-216,1,33
4156,216_125,Brain,125,-216,1,33
4157,216_126,Brain,126,-216,1,33
4158,216_127,Brain,127,-216,1,33
4159,216_128,Brain,128,-216,1,33
4160,216_129,Brain,129,-216,1,33
4161,216_130,Brain,130,-216,1,33
4162,216_131,Brain,131,-216,1,34
4163,216_132,Brain,132,-216,1,35
4164,216_133,Brain,133,-216,1,35
4165,216_134,Brain,134,-216,1,32
4166,216_135,Brain,135,-216,1,33
4167,216_136,Brain,136,-216,1,35
4168,216_137,Brain,137,-216,1,36
4169,216_138,Brain,138,-216,1,35
4170,216_139,Brain,139,-216,1,35
4171,216_140,Brain,140,-216,1,33
4172,216_141,Brain,141,-216,1,33
4173,216_142,Brain,142,-216,1,35
4174,216_143,Brain,143,-216,1,42
4175,216_144,Brain,144,-216,1,43
4176,216_145,Brain,145,-216,1,43
4177,216_146,Brain,146,-216,1,74
4178,216_147,Brain,147,-216,1,72
4179,216_77,Cavity,77,-216,1,72
4180,216_78,Brain,78,-216,1,75
4181,216_79,Brain,79,-216,1,75
4182,216_80,Brain,80,-216,1,53
4183,216_81,Brain,81,-216,1,34
4184,216_82,Brain,82,-216,1,34
4185,216_83,Brain,83,-216,1,34
4186,216_84,Brain,84,-216,1,33
4187,216_85,Brain,85,-216,1,33
4188,216_86,Brain,86,-216,1,43
4189,216_87,Brain,87,-216,1,43
4190,216_88,Brain,88,-216,1,43
4191,216_89,Brain,89,-216,1,34
4192,216_90,Brain,90,-216,1,43
4193,216_91,Brain,91,-216,1,34
4194,216_92,Brain,92,-216,1,34
4195,216_93,Brain,93,-216,1,34
4196,216_94,Brain,94,-216,1,34
4197,216_95,Brain,95,-216,1,34
4198,216_96,Brain,96,-216,1,34
4199,216_97,Brain,97,-216,1,34
4200,216_98,Brain,98,-216,1,34
4201,216_99,Brain,99,-216,1,34
4202,217_100,Brain,100,-217,1,34
4203,217_101,Neural crest,101,-217,1,52
4204,217_102,Cavity,102,-217,1,68
4205,217_103,Cavity,103,-217,1,65
4206,217_104,Neural crest,104,-217,1,52
4207,217_105,Cavity,105,-217,1,68
4208,217_106,Cavity,106,-217,1,68
4209,217_107,Cavity,107,-217,1,68
4210,217_108,Cavity,108,-217,1,65
4211,217_109,Neural crest,109,-217,1,54
4212,217_110,Neural crest,110,-217,1,54
4213,217_111,Neural crest,111,-217,1,54
4214,217_112,Neural crest,112,-217,1,54
4215,217_113,Neural crest,113,-217,1,54
4216,217_114,Neural crest,114,-217,1,54
4217,217_115,Neural crest,115,-217,1,52
4218,217_116,Neural crest,116,-217,1,52
4219,217_117,Neural crest,117,-217,1,52
4220,217_118,Brain,118,-217,1,38
4221,217_119,Notochord,119,-217,1,37
4222,217_120,Notochord,120,-217,1,32
4223,217_121,Brain,121,-217,1,32
4224,217_122,Brain,122,-217,1,32
4225,217_123,Cavity,123,-217,1,44
4226,217_124,Brain,124,-217,1,33
4227,217_125,Brain,125,-217,1,43
4228,217_126,Brain,126,-217,1,33
4229,217_127,Brain,127,-217,1,33
4230,217_128,Brain,128,-217,1,33
4231,217_129,Brain,129,-217,1,33
4232,217_130,Brain,130,-217,1,33
4233,217_131,Brain,131,-217,1,33
4234,217_132,Brain,132,-217,1,33
4235,217_133,Brain,133,-217,1,33
4236,217_134,Brain,134,-217,1,33
4237,217_135,Brain,135,-217,1,33
4238,217_136,Brain,136,-217,1,33
4239,217_137,Brain,137,-217,1,33
4240,217_138,Brain,138,-217,1,34
4241,217_139,Brain,139,-217,1,33
4242,217_140,Brain,140,-217,1,33
4243,217_141,Brain,141,-217,1,35
4244,217_142,Brain,142,-217,1,42
4245,217_143,Brain,143,-217,1,43
4246,217_144,Cavity,144,-217,1,41
4247,217_145,Cavity,145,-217,1,44
4248,217_146,Cavity,146,-217,1,72
4249,217_77,Cavity,77,-217,1,73
4250,217_78,Brain,78,-217,1,72
4251,217_79,Brain,79,-217,1,75
4252,217_80,Brain,80,-217,1,75
4253,217_81,Brain,81,-217,1,34
4254,217_82,Brain,82,-217,1,34
4255,217_83,Brain,83,-217,1,34
4256,217_84,Brain,84,-217,1,33
4257,217_85,Brain,85,-217,1,34
4258,217_86,Brain,86,-217,1,43
4259,217_87,Brain,87,-217,1,42
4260,217_88,Brain,88,-217,1,46
4261,217_89,Brain,89,-217,1,43
4262,217_90,Brain,90,-217,1,33
4263,217_91,Brain,91,-217,1,34
4264,217_92,Brain,92,-217,1,34
4265,217_93,Brain,93,-217,1,34
4266,217_94,Brain,94,-217,1,34
4267,217_95,Brain,95,-217,1,34
4268,217_96,Brain,96,-217,1,34
4269,217_97,Brain,97,-217,1,34
4270,217_98,Brain,98,-217,1,34
4271,217_99,Brain,99,-217,1,34
4272,218_100,Neural crest,100,-218,1,52
4273,218_101,Cavity,101,-218,1,68
4274,218_102,Cavity,102,-218,1,65
4275,218_103,Neural crest,103,-218,1,52
4276,218_104,Neural crest,104,-218,1,65
4277,218_105,Cavity,105,-218,1,65
4278,218_106,Cavity,106,-218,1,65
4279,218_107,Neural crest,107,-218,1,65
4280,218_108,Neural crest,108,-218,1,54
4281,218_109,Neural crest,109,-218,1,52
4282,218_110,Neural crest,110,-218,1,54
4283,218_111,Neural crest,111,-218,1,54
4284,218_112,Neural crest,112,-218,1,54
4285,218_113,Neural crest,113,-218,1,52
4286,218_114,Neural crest,114,-218,1,52
4287,218_115,Neural crest,115,-218,1,52
4288,218_116,Neural crest,116,-218,1,52
4289,218_117,Brain,117,-218,1,38
4290,218_118,Notochord,118,-218,1,32
4291,218_119,Notochord,119,-218,1,37
4292,218_120,Notochord,120,-218,1,32
4293,218_121,Brain,121,-218,1,32
4294,218_122,Brain,122,-218,1,32
4295,218_123,Cavity,123,-218,1,44
4296,218_124,Brain,124,-218,1,33
4297,218_125,Brain,125,-218,1,33
4298,218_126,Brain,126,-218,1,33
4299,218_127,Brain,127,-218,1,40
4300,218_128,Brain,128,-218,1,40
4301,218_129,Brain,129,-218,1,40
4302,218_130,Brain,130,-218,1,33
4303,218_131,Brain,131,-218,1,33
4304,218_132,Brain,132,-218,1,33
4305,218_133,Brain,133,-218,1,40
4306,218_134,Brain,134,-218,1,40
4307,218_135,Brain,135,-218,1,33
4308,218_136,Brain,136,-218,1,33
4309,218_137,Brain,137,-218,1,33
4310,218_138,Brain,138,-218,1,33
4311,218_139,Brain,139,-218,1,33
4312,218_140,Brain,140,-218,1,33
4313,218_141,Brain,141,-218,1,42
4314,218_142,Brain,142,-218,1,42
4315,218_143,Brain,143,-218,1,44
4316,218_144,Brain,144,-218,1,74
4317,218_145,Cavity,145,-218,1,26
4318,218_77,Cavity,77,-218,1,72
4319,218_78,Brain,78,-218,1,74
4320,218_79,Brain,79,-218,1,75
4321,218_80,Brain,80,-218,1,75
4322,218_81,Brain,81,-218,1,34
4323,218_82,Brain,82,-218,1,34
4324,218_83,Brain,83,-218,1,34
4325,218_84,Brain,84,-218,1,33
4326,218_85,Brain,85,-218,1,33
4327,218_86,Brain,86,-218,1,43
4328,218_87,Brain,87,-218,1,34
4329,218_88,Brain,88,-218,1,43
4330,218_89,Brain,89,-218,1,33
4331,218_90,Brain,90,-218,1,33
4332,218_91,Brain,91,-218,1,33
4333,218_92,Brain,92,-218,1,43
4334,218_93,Brain,93,-218,1,34
4335,218_94,Neural crest,94,-218,1,52
4336,218_95,Neural crest,95,-218,1,52
4337,218_96,Brain,96,-218,1,53
4338,218_97,Brain,97,-218,1,34
4339,218_98,Brain,98,-218,1,34
4340,218_99,Neural crest,99,-218,1,52
4341,219_100,Neural crest,100,-219,1,65
4342,219_101,Neural crest,101,-219,1,52
4343,219_102,Neural crest,102,-219,1,52
4344,219_103,Neural crest,103,-219,1,52
4345,219_104,Neural crest,104,-219,1,52
4346,219_105,Neural crest,105,-219,1,54
4347,219_106,Neural crest,106,-219,1,54
4348,219_107,Neural crest,107,-219,1,54
4349,219_108,Neural crest,108,-219,1,54
4350,219_109,Neural crest,109,-219,1,54
4351,219_110,Neural crest,110,-219,1,54
4352,219_111,Neural crest,111,-219,1,54
4353,219_112,Neural crest,112,-219,1,54
4354,219_113,Neural crest,113,-219,1,54
4355,219_114,Neural crest,114,-219,1,54
4356,219_115,Neural crest,115,-219,1,52
4357,219_116,Brain,116,-219,1,38
4358,219_117,Brain,117,-219,1,39
4359,219_118,Notochord,118,-219,1,32
4360,219_119,Notochord,119,-219,1,35
4361,219_120,Notochord,120,-219,1,32
4362,219_121,Brain,121,-219,1,32
4363,219_122,Brain,122,-219,1,33
4364,219_123,Cavity,123,-219,1,47
4365,219_124,Brain,124,-219,1,33
4366,219_125,Brain,125,-219,1,33
4367,219_126,Brain,126,-219,1,33
4368,219_127,Brain,127,-219,1,40
4369,219_128,Cavity,128,-219,1,41
4370,219_129,Cavity,129,-219,1,44
4371,219_130,Cavity,130,-219,1,40
4372,219_131,Cavity,131,-219,1,40
4373,219_132,Cavity,132,-219,1,41
4374,219_133,Cavity,133,-219,1,41
4375,219_134,Cavity,134,-219,1,41
4376,219_135,Brain,135,-219,1,40
4377,219_136,Brain,136,-219,1,40
4378,219_137,Brain,137,-219,1,40
4379,219_138,Brain,138,-219,1,33
4380,219_139,Brain,139,-219,1,43
4381,219_140,Brain,140,-219,1,40
4382,219_141,Brain,141,-219,1,42
4383,219_142,Brain,142,-219,1,72
4384,219_143,Brain,143,-219,1,72
4385,219_144,Cavity,144,-219,1,26
4386,219_77,Cavity,77,-219,1,76
4387,219_78,Brain,78,-219,1,72
4388,219_79,Brain,79,-219,1,74
4389,219_80,Brain,80,-219,1,74
4390,219_81,Brain,81,-219,1,53
4391,219_82,Brain,82,-219,1,34
4392,219_83,Brain,83,-219,1,34
4393,219_84,Brain,84,-219,1,33
4394,219_85,Brain,85,-219,1,43
4395,219_86,Brain,86,-219,1,33
4396,219_87,Brain,87,-219,1,43
4397,219_88,Brain,88,-219,1,43
4398,219_89,Brain,89,-219,1,33
4399,219_90,Brain,90,-219,1,33
4400,219_91,Brain,91,-219,1,34
4401,219_92,Brain,92,-219,1,33
4402,219_93,Brain,93,-219,1,53
4403,219_94,Neural crest,94,-219,1,52
4404,219_95,Neural crest,95,-219,1,52
4405,219_96,Neural crest,96,-219,1,52
4406,219_97,Neural crest,97,-219,1,52
4407,219_98,Neural crest,98,-219,1,53
4408,219_99,Neural crest,99,-219,1,52
4409,220_100,Neural crest,100,-220,1,52
4410,220_101,Neural crest,101,-220,1,52
4411,220_102,Neural crest,102,-220,1,52
4412,220_103,Neural crest,103,-220,1,52
4413,220_104,Neural crest,104,-220,1,52
4414,220_105,Neural crest,105,-220,1,54
4415,220_106,Neural crest,106,-220,1,54
4416,220_107,Neural crest,107,-220,1,54
4417,220_108,Neural crest,108,-220,1,54
4418,220_109,Neural crest,109,-220,1,54
4419,220_110,Neural crest,110,-220,1,54
4420,220_111,Neural crest,111,-220,1,54
4421,220_112,Neural crest,112,-220,1,54
4422,220_113,Neural crest,113,-220,1,54
4423,220_114,Neural crest,114,-220,1,52
4424,220_115,Brain,115,-220,1,38
4425,220_116,Brain,116,-220,1,39
4426,220_117,Notochord,117,-220,1,32
4427,220_118,Notochord,118,-220,1,35
4428,220_119,Notochord,119,-220,1,35
4429,220_120,Notochord,120,-220,1,32
4430,220_121,Brain,121,-220,1,32
4431,220_122,Brain,122,-220,1,33
4432,220_123,Cavity,123,-220,1,44
4433,220_124,Brain,124,-220,1,40
4434,220_125,Brain,125,-220,1,33
4435,220_126,Brain,126,-220,1,41
4436,220_127,Cavity,127,-220,1,44
4437,220_128,Cavity,128,-220,1,44
4438,220_129,Cavity,129,-220,1,47
4439,220_130,Cavity,130,-220,1,44
4440,220_131,Cavity,131,-220,1,44
4441,220_132,Cavity,132,-220,1,44
4442,220_133,Cavity,133,-220,1,44
4443,220_134,Cavity,134,-220,1,44
4444,220_135,Cavity,135,-220,1,45
4445,220_136,Cavity,136,-220,1,41
4446,220_137,Brain,137,-220,1,40
4447,220_138,Brain,138,-220,1,40
4448,220_139,Cavity,139,-220,1,44
4449,220_140,Brain,140,-220,1,42
4450,220_141,Brain,141,-220,1,72
4451,220_142,Brain,142,-220,1,72
4452,220_143,Cavity,143,-220,1,27
4453,220_77,Cavity,77,-220,1,26
4454,220_78,Brain,78,-220,1,72
4455,220_79,Brain,79,-220,1,74
4456,220_80,Brain,80,-220,1,75
4457,220_81,Brain,81,-220,1,75
4458,220_82,Brain,82,-220,1,33
4459,220_83,Brain,83,-220,1,34
4460,220_84,Brain,84,-220,1,34
4461,220_85,Brain,85,-220,1,33
4462,220_86,Brain,86,-220,1,33
4463,220_87,Brain,87,-220,1,33
4464,220_88,Brain,88,-220,1,33
4465,220_89,Brain,89,-220,1,34
4466,220_90,Brain,90,-220,1,34
4467,220_91,Brain,91,-220,1,34
4468,220_92,Brain,92,-220,1,43
4469,220_93,Brain,93,-220,1,53
4470,220_94,Neural crest,94,-220,1,52
4471,220_95,Neural crest,95,-220,1,52
4472,220_96,Neural crest,96,-220,1,52
4473,220_97,Neural crest,97,-220,1,52
4474,220_98,Neural crest,98,-220,1,52
4475,220_99,Neural crest,99,-220,1,52
4476,221_100,Neural crest,100,-221,1,52
4477,221_101,Neural crest,101,-221,1,52
4478,221_102,Neural crest,102,-221,1,52
4479,221_103,Neural crest,103,-221,1,52
4480,221_104,Neural crest,104,-221,1,52
4481,221_105,Neural crest,105,-221,1,54
4482,221_106,Neural crest,106,-221,1,54
4483,221_107,Neural crest,107,-221,1,52
4484,221_108,Neural crest,108,-221,1,54
4485,221_109,Neural crest,109,-221,1,54
4486,221_110,Neural crest,110,-221,1,54
4487,221_111,Neural crest,111,-221,1,54
4488,221_112,Neural crest,112,-221,1,54
4489,221_113,Neural crest,113,-221,1,52
4490,221_114,Neural crest,114,-221,1,52
4491,221_115,Brain,115,-221,1,39
4492,221_116,Brain,116,-221,1,39
4493,221_117,Notochord,117,-221,1,37
4494,221_118,Notochord,118,-221,1,32
4495,221_119,Notochord,119,-221,1,32
4496,221_120,Brain,120,-221,1,32
4497,221_121,Brain,121,-221,1,32
4498,221_122,Brain,122,-221,1,40
4499,221_123,Cavity,123,-221,1,47
4500,221_124,Cavity,124,-221,1,44
4501,221_125,Brain,125,-221,1,40
4502,221_126,Cavity,126,-221,1,44
4503,221_127,Cavity,127,-221,1,45
4504,221_128,Cavity,128,-221,1,47
4505,221_129,Cavity,129,-221,1,47
4506,221_130,Cavity,130,-221,1,44
4507,221_131,Cavity,131,-221,1,47
4508,221_132,Cavity,132,-221,1,47
4509,221_133,Cavity,133,-221,1,47
4510,221_134,Cavity,134,-221,1,47
4511,221_135,Cavity,135,-221,1,47
4512,221_136,Cavity,136,-221,1,45
4513,221_137,Cavity,137,-221,1,40
4514,221_138,Brain,138,-221,1,41
4515,221_139,Cavity,139,-221,1,47
4516,221_140,Brain,140,-221,1,72
4517,221_141,Cavity,141,-221,1,73
4518,221_142,Cavity,142,-221,1,27
4519,221_78,Cavity,78,-221,1,73
4520,221_79,Brain,79,-221,1,74
4521,221_80,Brain,80,-221,1,75
4522,221_81,Brain,81,-221,1,74
4523,221_82,Brain,82,-221,1,53
4524,221_83,Brain,83,-221,1,34
4525,221_84,Brain,84,-221,1,34
4526,221_85,Brain,85,-221,1,33
4527,221_86,Brain,86,-221,1,34
4528,221_87,Brain,87,-221,1,33
4529,221_88,Brain,88,-221,1,34
4530,221_89,Brain,89,-221,1,35
4531,221_90,Brain,90,-221,1,35
4532,221_91,Brain,91,-221,1,53
4533,221_92,Neural crest,92,-221,1,53
4534,221_93,Neural crest,93,-221,1,53
4535,221_94,Neural crest,94,-221,1,52
4536,221_95,Neural crest,95,-221,1,52
4537,221_96,Neural crest,96,-221,1,52
4538,221_97,Neural crest,97,-221,1,52
4539,221_98,Neural crest,98,-221,1,52
4540,221_99,Neural crest,99,-221,1,52
4541,222_100,Neural crest,100,-222,1,52
4542,222_101,Neural crest,101,-222,1,52
4543,222_102,Neural crest,102,-222,1,52
4544,222_103,Neural crest,103,-222,1,52
4545,222_104,Neural crest,104,-222,1,52
4546,222_105,Neural crest,105,-222,1,54
4547,222_106,Neural crest,106,-222,1,54
4548,222_107,Neural crest,107,-222,1,52
4549,222_108,Neural crest,108,-222,1,54
4550,222_109,Neural crest,109,-222,1,54
4551,222_110,Neural crest,110,-222,1,54
4552,222_111,Neural crest,111,-222,1,54
4553,222_112,Neural crest,112,-222,1,54
4554,222_113,Neural crest,113,-222,1,54
4555,222_114,Notochord,114,-222,1,52
4556,222_115,Notochord,115,-222,1,38
4557,222_116,Brain,116,-222,1,38
4558,222_117,Notochord,117,-222,1,37
4559,222_118,Notochord,118,-222,1,32
4560,222_119,Brain,119,-222,1,32
4561,222_120,Brain,120,-222,1,32
4562,222_121,Brain,121,-222,1,33
4563,222_122,Brain,122,-222,1,40
4564,222_123,Cavity,123,-222,1,46
4565,222_124,Cavity,124,-222,1,44
4566,222_125,Cavity,125,-222,1,40
4567,222_126,Cavity,126,-222,1,45
4568,222_127,Cavity,127,-222,1,47
4569,222_128,Cavity,128,-222,1,47
4570,222_129,Cavity,129,-222,1,47
4571,222_130,Cavity,130,-222,1,47
4572,222_131,Cavity,131,-222,1,47
4573,222_132,Cavity,132,-222,1,44
4574,222_133,Cavity,133,-222,1,47
4575,222_134,Cavity,134,-222,1,47
4576,222_135,Cavity,135,-222,1,47
4577,222_136,Cavity,136,-222,1,46
4578,222_137,Cavity,137,-222,1,54
4579,222_138,Cavity,138,-222,1,47
4580,222_139,Cavity,139,-222,1,47
4581,222_140,Cavity,140,-222,1,25
4582,222_78,Cavity,78,-222,1,26
4583,222_79,Brain,79,-222,1,72
4584,222_80,Brain,80,-222,1,74
4585,222_81,Brain,81,-222,1,75
4586,222_82,Brain,82,-222,1,74
4587,222_83,Brain,83,-222,1,53
4588,222_84,Brain,84,-222,1,34
4589,222_85,Brain,85,-222,1,34
4590,222_86,Brain,86,-222,1,34
4591,222_87,Brain,87,-222,1,34
4592,222_88,Brain,88,-222,1,33
4593,222_89,Brain,89,-222,1,33
4594,222_90,Brain,90,-222,1,53
4595,222_91,Brain,91,-222,1,53
4596,222_92,Neural crest,92,-222,1,52
4597,222_93,Neural crest,93,-222,1,53
4598,222_94,Neural crest,94,-222,1,52
4599,222_95,Neural crest,95,-222,1,52
4600,222_96,Neural crest,96,-222,1,52
4601,222_97,Neural crest,97,-222,1,52
4602,222_98,Neural crest,98,-222,1,65
4603,222_99,Neural crest,99,-222,1,52
4604,223_100,Neural crest,100,-223,1,52
4605,223_101,Neural crest,101,-223,1,52
4606,223_102,Neural crest,102,-223,1,52
4607,223_103,Neural crest,103,-223,1,52
4608,223_104,Neural crest,104,-223,1,52
4609,223_105,Neural crest,105,-223,1,52
4610,223_106,Neural crest,106,-223,1,52
4611,223_107,Neural crest,107,-223,1,54
4612,223_108,Neural crest,108,-223,1,54
4613,223_109,Neural crest,109,-223,1,54
4614,223_110,Neural crest,110,-223,1,54
4615,223_111,Neural crest,111,-223,1,54
4616,223_112,Neural crest,112,-223,1,52
4617,223_113,Neural crest,113,-223,1,54
4618,223_114,Notochord,114,-223,1,52
4619,223_115,Notochord,115,-223,1,32
4620,223_116,Notochord,116,-223,1,32
4621,223_117,Notochord,117,-223,1,37
4622,223_118,Notochord,118,-223,1,33
4623,223_119,Brain,119,-223,1,33
4624,223_120,Brain,120,-223,1,33
4625,223_121,Brain,121,-223,1,40
4626,223_122,Cavity,122,-223,1,44
4627,223_123,Cavity,123,-223,1,46
4628,223_124,Cavity,124,-223,1,47
4629,223_125,Cavity,125,-223,1,47
4630,223_126,Cavity,126,-223,1,47
4631,223_127,Cavity,127,-223,1,44
4632,223_128,Cavity,128,-223,1,47
4633,223_129,Cavity,129,-223,1,47
4634,223_130,Cavity,130,-223,1,46
4635,223_131,Cavity,131,-223,1,46
4636,223_132,Cavity,132,-223,1,47
4637,223_133,Cavity,133,-223,1,73
4638,223_134,Cavity,134,-223,1,47
4639,223_135,Brain,135,-223,1,46
4640,223_136,Brain,136,-223,1,47
4641,223_137,Cavity,137,-223,1,46
4642,223_138,Cavity,138,-223,1,47
4643,223_139,Cavity,139,-223,1,26
4644,223_79,Cavity,79,-223,1,73
4645,223_80,Brain,80,-223,1,72
4646,223_81,Brain,81,-223,1,74
4647,223_82,Brain,82,-223,1,74
4648,223_83,Brain,83,-223,1,53
4649,223_84,Brain,84,-223,1,53
4650,223_85,Brain,85,-223,1,53
4651,223_86,Brain,86,-223,1,33
4652,223_87,Brain,87,-223,1,33
4653,223_88,Brain,88,-223,1,53
4654,223_89,Brain,89,-223,1,53
4655,223_90,Brain,90,-223,1,53
4656,223_91,Neural crest,91,-223,1,52
4657,223_92,Neural crest,92,-223,1,52
4658,223_93,Neural crest,93,-223,1,52
4659,223_94,Neural crest,94,-223,1,52
4660,223_95,Neural crest,95,-223,1,52
4661,223_96,Neural crest,96,-223,1,52
4662,223_97,Neural crest,97,-223,1,52
4663,223_98,Neural crest,98,-223,1,65
4664,223_99,Neural crest,99,-223,1,52
4665,224_100,Neural crest,100,-224,1,52
4666,224_101,Neural crest,101,-224,1,52
4667,224_102,Neural crest,102,-224,1,52
4668,224_103,Neural crest,103,-224,1,52
4669,224_104,Brain,104,-224,1,52
4670,224_105,Brain,105,-224,1,53
4671,224_106,Neural crest,106,-224,1,54
4672,224_107,Neural crest,107,-224,1,54
4673,224_108,Neural crest,108,-224,1,47
4674,224_109,Neural crest,109,-224,1,47
4675,224_110,Neural crest,110,-224,1,54
4676,224_111,Neural crest,111,-224,1,54
4677,224_112,Notochord,112,-224,1,54
4678,224_113,Notochord,113,-224,1,52
4679,224_114,Notochord,114,-224,1,33
4680,224_115,Notochord,115,-224,1,35
4681,224_116,Notochord,116,-224,1,32
4682,224_117,Notochord,117,-224,1,32
4683,224_118,Brain,118,-224,1,32
4684,224_119,Brain,119,-224,1,33
4685,224_120,Brain,120,-224,1,33
4686,224_121,Cavity,121,-224,1,40
4687,224_122,Cavity,122,-224,1,44
4688,224_123,Cavity,123,-224,1,46
4689,224_124,Cavity,124,-224,1,47
4690,224_125,Cavity,125,-224,1,47
4691,224_126,Cavity,126,-224,1,44
4692,224_127,Cavity,127,-224,1,45
4693,224_128,Cavity,128,-224,1,47
4694,224_129,Cavity,129,-224,1,47
4695,224_130,Cavity,130,-224,1,47
4696,224_131,Cavity,131,-224,1,46
4697,224_132,Cavity,132,-224,1,47
4698,224_133,Brain,133,-224,1,72
4699,224_134,Brain,134,-224,1,54
4700,224_135,Brain,135,-224,1,54
4701,224_136,Brain,136,-224,1,73
4702,224_137,Cavity,137,-224,1,73
4703,224_138,Cavity,138,-224,1,27
4704,224_79,Cavity,79,-224,1,73
4705,224_80,Brain,80,-224,1,72
4706,224_81,Brain,81,-224,1,72
4707,224_82,Brain,82,-224,1,74
4708,224_83,Brain,83,-224,1,74
4709,224_84,Brain,84,-224,1,53
4710,224_85,Brain,85,-224,1,53
4711,224_86,Brain,86,-224,1,53
4712,224_87,Brain,87,-224,1,53
4713,224_88,Brain,88,-224,1,53
4714,224_89,Brain,89,-224,1,53
4715,224_90,Brain,90,-224,1,53
4716,224_91,Neural crest,91,-224,1,53
4717,224_92,Neural crest,92,-224,1,53
4718,224_93,Neural crest,93,-224,1,53
4719,224_94,Brain,94,-224,1,53
4720,224_95,Neural crest,95,-224,1,52
4721,224_96,Neural crest,96,-224,1,52
4722,224_97,Neural crest,97,-224,1,52
4723,224_98,Neural crest,98,-224,1,65
4724,224_99,Neural crest,99,-224,1,52
4725,225_100,Neural crest,100,-225,1,52
4726,225_101,Neural crest,101,-225,1,52
4727,225_102,Brain,102,-225,1,53
4728,225_103,Neural crest,103,-225,1,52
4729,225_104,Brain,104,-225,1,53
4730,225_105,Brain,105,-225,1,53
4731,225_106,Neural crest,106,-225,1,54
4732,225_107,Neural crest,107,-225,1,54
4733,225_108,Neural crest,108,-225,1,54
4734,225_109,Neural crest,109,-225,1,54
4735,225_110,Neural crest,110,-225,1,54
4736,225_111,Neural crest,111,-225,1,54
4737,225_112,Notochord,112,-225,1,54
4738,225_113,Notochord,113,-225,1,42
4739,225_114,Notochord,114,-225,1,33
4740,225_115,Notochord,115,-225,1,32
4741,225_116,Notochord,116,-225,1,35
4742,225_117,Notochord,117,-225,1,32
4743,225_118,Brain,118,-225,1,33
4744,225_119,Brain,119,-225,1,33
4745,225_120,Brain,120,-225,1,40
4746,225_121,Cavity,121,-225,1,44
4747,225_122,Cavity,122,-225,1,44
4748,225_123,Cavity,123,-225,1,46
4749,225_124,Cavity,124,-225,1,47
4750,225_125,Cavity,125,-225,1,47
4751,225_126,Cavity,126,-225,1,47
4752,225_127,Cavity,127,-225,1,45
4753,225_128,Cavity,128,-225,1,45
4754,225_129,Cavity,129,-225,1,47
4755,225_130,Cavity,130,-225,1,46
4756,225_131,Cavity,131,-225,1,46
4757,225_132,Brain,132,-225,1,73
4758,225_133,Brain,133,-225,1,54
4759,225_134,Brain,134,-225,1,46
4760,225_135,Brain,135,-225,1,73
4761,225_136,Cavity,136,-225,1,26
4762,225_80,Cavity,80,-225,1,73
4763,225_81,Brain,81,-225,1,72
4764,225_82,Brain,82,-225,1,75
4765,225_83,Brain,83,-225,1,75
4766,225_84,Brain,84,-225,1,75
4767,225_85,Brain,85,-225,1,52
4768,225_86,Brain,86,-225,1,53
4769,225_87,Brain,87,-225,1,53
4770,225_88,Brain,88,-225,1,34
4771,225_89,Brain,89,-225,1,34
4772,225_90,Brain,90,-225,1,34
4773,225_91,Brain,91,-225,1,35
4774,225_92,Brain,92,-225,1,34
4775,225_93,Brain,93,-225,1,34
4776,225_94,Brain,94,-225,1,34
4777,225_95,Neural crest,95,-225,1,52
4778,225_96,Neural crest,96,-225,1,52
4779,225_97,Neural crest,97,-225,1,52
4780,225_98,Neural crest,98,-225,1,52
4781,225_99,Neural crest,99,-225,1,52
4782,226_100,Brain,100,-226,1,53
4783,226_101,Neural crest,101,-226,1,52
4784,226_102,Brain,102,-226,1,43
4785,226_103,Brain,103,-226,1,53
4786,226_104,Brain,104,-226,1,43
4787,226_105,Brain,105,-226,1,52
4788,226_106,Neural crest,106,-226,1,54
4789,226_107,Neural crest,107,-226,1,54
4790,226_108,Neural crest,108,-226,1,54
4791,226_109,Neural crest,109,-226,1,54
4792,226_110,Neural crest,110,-226,1,54
4793,226_111,Neural crest,111,-226,1,54
4794,226_112,Notochord,112,-226,1,54
4795,226_113,Notochord,113,-226,1,43
4796,226_114,Notochord,114,-226,1,32
4797,226_115,Notochord,115,-226,1,32
4798,226_116,Notochord,116,-226,1,32
4799,226_117,Brain,117,-226,1,33
4800,226_118,Brain,118,-226,1,33
4801,226_119,Brain,119,-226,1,40
4802,226_120,Brain,120,-226,1,40
4803,226_121,Cavity,121,-226,1,47
4804,226_122,Cavity,122,-226,1,47
4805,226_123,Cavity,123,-226,1,46
4806,226_124,Cavity,124,-226,1,73
4807,226_125,Cavity,125,-226,1,46
4808,226_126,Cavity,126,-226,1,47
4809,226_127,Cavity,127,-226,1,47
4810,226_128,Cavity,128,-226,1,47
4811,226_129,Cavity,129,-226,1,45
4812,226_130,Cavity,130,-226,1,47
4813,226_131,Brain,131,-226,1,47
4814,226_132,Brain,132,-226,1,72
4815,226_133,Brain,133,-226,1,73
4816,226_134,Brain,134,-226,1,73
4817,226_135,Cavity,135,-226,1,26
4818,226_80,Cavity,80,-226,1,27
4819,226_81,Cavity,81,-226,1,73
4820,226_82,Brain,82,-226,1,72
4821,226_83,Brain,83,-226,1,74
4822,226_84,Brain,84,-226,1,75
4823,226_85,Brain,85,-226,1,53
4824,226_86,Neural crest,86,-226,1,52
4825,226_87,Brain,87,-226,1,33
4826,226_88,Brain,88,-226,1,34
4827,226_89,Brain,89,-226,1,34
4828,226_90,Brain,90,-226,1,34
4829,226_91,Brain,91,-226,1,34
4830,226_92,Brain,92,-226,1,34
4831,226_93,Brain,93,-226,1,34
4832,226_94,Brain,94,-226,1,53
4833,226_95,Neural crest,95,-226,1,52
4834,226_96,Neural crest,96,-226,1,52
4835,226_97,Neural crest,97,-226,1,52
4836,226_98,Neural crest,98,-226,1,52
4837,226_99,Neural crest,99,-226,1,52
4838,227_100,Brain,100,-227,1,53
4839,227_101,Neural crest,101,-227,1,52
4840,227_102,Brain,102,-227,1,40
4841,227_103,Brain,103,-227,1,43
4842,227_104,Notochord,104,-227,1,43
4843,227_105,Neural crest,105,-227,1,52
4844,227_106,Neural crest,106,-227,1,54
4845,227_107,Neural crest,107,-227,1,54
4846,227_108,Neural crest,108,-227,1,54
4847,227_109,Neural crest,109,-227,1,54
4848,227_110,Neural crest,110,-227,1,54
4849,227_111,Neural crest,111,-227,1,54
4850,227_112,Notochord,112,-227,1,54
4851,227_113,Notochord,113,-227,1,33
4852,227_114,Notochord,114,-227,1,32
4853,227_115,Notochord,115,-227,1,35
4854,227_116,Brain,116,-227,1,32
4855,227_117,Brain,117,-227,1,33
4856,227_118,Brain,118,-227,1,33
4857,227_119,Brain,119,-227,1,40
4858,227_120,Cavity,120,-227,1,40
4859,227_121,Cavity,121,-227,1,47
4860,227_122,Cavity,122,-227,1,47
4861,227_123,Cavity,123,-227,1,46
4862,227_124,Cavity,124,-227,1,47
4863,227_125,Cavity,125,-227,1,47
4864,227_126,Cavity,126,-227,1,46
4865,227_127,Brain,127,-227,1,47
4866,227_128,Brain,128,-227,1,54
4867,227_129,Brain,129,-227,1,54
4868,227_130,Brain,130,-227,1,46
4869,227_131,Brain,131,-227,1,54
4870,227_132,Brain,132,-227,1,47
4871,227_133,Brain,133,-227,1,46
4872,227_134,Cavity,134,-227,1,26
4873,227_81,Cavity,81,-227,1,76
4874,227_82,Brain,82,-227,1,72
4875,227_83,Brain,83,-227,1,74
4876,227_84,Brain,84,-227,1,72
4877,227_85,Neural crest,85,-227,1,75
4878,227_86,Neural crest,86,-227,1,53
4879,227_87,Brain,87,-227,1,34
4880,227_88,Brain,88,-227,1,34
4881,227_89,Brain,89,-227,1,34
4882,227_90,Brain,90,-227,1,34
4883,227_91,Brain,91,-227,1,34
4884,227_92,Brain,92,-227,1,33
4885,227_93,Brain,93,-227,1,35
4886,227_94,Neural crest,94,-227,1,52
4887,227_95,Neural crest,95,-227,1,52
4888,227_96,Neural crest,96,-227,1,52
4889,227_97,Neural crest,97,-227,1,52
4890,227_98,Neural crest,98,-227,1,52
4891,227_99,Neural crest,99,-227,1,52
4892,228_100,Neural crest,100,-228,1,52
4893,228_101,Neural crest,101,-228,1,52
4894,228_102,Brain,102,-228,1,43
4895,228_103,Notochord,103,-228,1,43
4896,228_104,Notochord,104,-228,1,42
4897,228_105,Notochord,105,-228,1,54
4898,228_106,Neural crest,106,-228,1,54
4899,228_107,Neural crest,107,-228,1,54
4900,228_108,Neural crest,108,-228,1,54
4901,228_109,Neural crest,109,-228,1,54
4902,228_110,Neural crest,110,-228,1,54
4903,228_111,Notochord,111,-228,1,52
4904,228_112,Notochord,112,-228,1,43
4905,228_113,Notochord,113,-228,1,32
4906,228_114,Notochord,114,-228,1,32
4907,228_115,Notochord,115,-228,1,32
4908,228_116,Brain,116,-228,1,32
4909,228_117,Brain,117,-228,1,33
4910,228_118,Brain,118,-228,1,40
4911,228_119,Cavity,119,-228,1,41
4912,228_120,Cavity,120,-228,1,45
4913,228_121,Cavity,121,-228,1,44
4914,228_122,Cavity,122,-228,1,47
4915,228_123,Cavity,123,-228,1,73
4916,228_124,Cavity,124,-228,1,47
4917,228_125,Cavity,125,-228,1,47
4918,228_126,Brain,126,-228,1,47
4919,228_127,Brain,127,-228,1,47
4920,228_128,Brain,128,-228,1,54
4921,228_129,Brain,129,-228,1,47
4922,228_130,Brain,130,-228,1,46
4923,228_131,Brain,131,-228,1,54
4924,228_132,Brain,132,-228,1,73
4925,228_133,Cavity,133,-228,1,26
4926,228_82,Brain,82,-228,1,72
4927,228_83,Brain,83,-228,1,74
4928,228_84,Brain,84,-228,1,72
4929,228_85,Brain,85,-228,1,75
4930,228_86,Brain,86,-228,1,53
4931,228_87,Brain,87,-228,1,34
4932,228_88,Brain,88,-228,1,35
4933,228_89,Brain,89,-228,1,34
4934,228_90,Brain,90,-228,1,34
4935,228_91,Brain,91,-228,1,34
4936,228_92,Brain,92,-228,1,34
4937,228_93,Brain,93,-228,1,35
4938,228_94,Brain,94,-228,1,33
4939,228_95,Neural crest,95,-228,1,52
4940,228_96,Neural crest,96,-228,1,52
4941,228_97,Neural crest,97,-228,1,52
4942,228_98,Neural crest,98,-228,1,52
4943,228_99,Neural crest,99,-228,1,52
4944,229_100,Neural crest,100,-229,1,52
4945,229_101,Neural crest,101,-229,1,52
4946,229_102,Notochord,102,-229,1,41
4947,229_103,Notochord,103,-229,1,41
4948,229_104,Notochord,104,-229,1,41
4949,229_105,Neural crest,105,-229,1,54
4950,229_106,Neural crest,106,-229,1,54
4951,229_107,Neural crest,107,-229,1,54
4952,229_108,Neural crest,108,-229,1,54
4953,229_109,Neural crest,109,-229,1,54
4954,229_110,Notochord,110,-229,1,54
4955,229_111,Notochord,111,-229,1,43
4956,229_112,Notochord,112,-229,1,32
4957,229_113,Notochord,113,-229,1,37
4958,229_114,Notochord,114,-229,1,35
4959,229_115,Notochord,115,-229,1,33
4960,229_116,Brain,116,-229,1,32
4961,229_117,Brain,117,-229,1,33
4962,229_118,Brain,118,-229,1,40
4963,229_119,Cavity,119,-229,1,44
4964,229_120,Cavity,120,-229,1,44
4965,229_121,Cavity,121,-229,1,47
4966,229_122,Cavity,122,-229,1,47
4967,229_123,Cavity,123,-229,1,73
4968,229_124,Cavity,124,-229,1,46
4969,229_125,Cavity,125,-229,1,47
4970,229_126,Brain,126,-229,1,44
4971,229_127,Brain,127,-229,1,54
4972,229_128,Brain,128,-229,1,54
4973,229_129,Brain,129,-229,1,47
4974,229_130,Brain,130,-229,1,73
4975,229_131,Brain,131,-229,1,73
4976,229_132,Cavity,132,-229,1,26
4977,229_82,Cavity,82,-229,1,76
4978,229_83,Brain,83,-229,1,75
4979,229_84,Brain,84,-229,1,72
4980,229_85,Brain,85,-229,1,74
4981,229_86,Brain,86,-229,1,53
4982,229_87,Brain,87,-229,1,34
4983,229_88,Brain,88,-229,1,35
4984,229_89,Brain,89,-229,1,34
4985,229_90,Brain,90,-229,1,34
4986,229_91,Brain,91,-229,1,34
4987,229_92,Brain,92,-229,1,35
4988,229_93,Brain,93,-229,1,34
4989,229_94,Brain,94,-229,1,37
4990,229_95,Brain,95,-229,1,38
4991,229_96,Neural crest,96,-229,1,52
4992,229_97,Neural crest,97,-229,1,52
4993,229_98,Neural crest,98,-229,1,52
4994,229_99,Neural crest,99,-229,1,52
4995,230_100,Neural crest,100,-230,1,52
4996,230_101,Neural crest,101,-230,1,44
4997,230_102,Neural crest,102,-230,1,52
4998,230_103,Neural crest,103,-230,1,54
4999,230_104,Neural crest,104,-230,1,54
5000,230_105,Neural crest,105,-230,1,54
5001,230_106,Neural crest,106,-230,1,54
5002,230_107,Neural crest,107,-230,1,54
5003,230_108,Neural crest,108,-230,1,54
5004,230_109,Notochord,109,-230,1,52
5005,230_110,Notochord,110,-230,1,43
5006,230_111,Notochord,111,-230,1,33
5007,230_112,Notochord,112,-230,1,32
5008,230_113,Notochord,113,-230,1,32
5009,230_114,Notochord,114,-230,1,32
5010,230_115,Brain,115,-230,1,32
5011,230_116,Brain,116,-230,1,33
5012,230_117,Brain,117,-230,1,40
5013,230_118,Cavity,118,-230,1,40
5014,230_119,Cavity,119,-230,1,44
5015,230_120,Cavity,120,-230,1,47
5016,230_121,Cavity,121,-230,1,47
5017,230_122,Cavity,122,-230,1,44
5018,230_123,Cavity,123,-230,1,73
5019,230_124,Cavity,124,-230,1,47
5020,230_125,Cavity,125,-230,1,47
5021,230_126,Brain,126,-230,1,47
5022,230_127,Brain,127,-230,1,54
5023,230_128,Brain,128,-230,1,47
5024,230_129,Brain,129,-230,1,46
5025,230_130,Brain,130,-230,1,73
5026,230_131,Cavity,131,-230,1,73
5027,230_132,Cavity,132,-230,1,27
5028,230_82,Cavity,82,-230,1,27
5029,230_83,Brain,83,-230,1,72
5030,230_84,Brain,84,-230,1,72
5031,230_85,Brain,85,-230,1,74
5032,230_86,Brain,86,-230,1,53
5033,230_87,Brain,87,-230,1,34
5034,230_88,Brain,88,-230,1,34
5035,230_89,Brain,89,-230,1,34
5036,230_90,Brain,90,-230,1,35
5037,230_91,Brain,91,-230,1,35
5038,230_92,Brain,92,-230,1,34
5039,230_93,Brain,93,-230,1,35
5040,230_94,Brain,94,-230,1,39
5041,230_95,Brain,95,-230,1,38
5042,230_96,Brain,96,-230,1,38
5043,230_97,Neural crest,97,-230,1,52
5044,230_98,Neural crest,98,-230,1,52
5045,230_99,Neural crest,99,-230,1,52
5046,231_100,Neural crest,100,-231,1,54
5047,231_101,Neural crest,101,-231,1,54
5048,231_102,Neural crest,102,-231,1,54
5049,231_103,Neural crest,103,-231,1,54
5050,231_104,Neural crest,104,-231,1,54
5051,231_105,Neural crest,105,-231,1,54
5052,231_106,Neural crest,106,-231,1,54
5053,231_107,Neural crest,107,-231,1,54
5054,231_108,Notochord,108,-231,1,52
5055,231_109,Notochord,109,-231,1,43
5056,231_110,Notochord,110,-231,1,33
5057,231_111,Notochord,111,-231,1,32
5058,231_112,Notochord,112,-231,1,32
5059,231_113,Notochord,113,-231,1,33
5060,231_114,Brain,114,-231,1,33
5061,231_115,Brain,115,-231,1,33
5062,231_116,Brain,116,-231,1,33
5063,231_117,Brain,117,-231,1,40
5064,231_118,Cavity,118,-231,1,44
5065,231_119,Cavity,119,-231,1,47
5066,231_120,Cavity,120,-231,1,47
5067,231_121,Cavity,121,-231,1,47
5068,231_122,Cavity,122,-231,1,47
5069,231_123,Cavity,123,-231,1,47
5070,231_124,Cavity,124,-231,1,47
5071,231_125,Cavity,125,-231,1,47
5072,231_126,Cavity,126,-231,1,47
5073,231_127,Brain,127,-231,1,44
5074,231_128,Brain,128,-231,1,41
5075,231_129,Brain,129,-231,1,54
5076,231_130,Brain,130,-231,1,73
5077,231_131,Cavity,131,-231,1,27
5078,231_83,Cavity,83,-231,1,76
5079,231_84,Brain,84,-231,1,74
5080,231_85,Brain,85,-231,1,74
5081,231_86,Brain,86,-231,1,74
5082,231_87,Brain,87,-231,1,35
5083,231_88,Brain,88,-231,1,34
5084,231_89,Brain,89,-231,1,34
5085,231_90,Brain,90,-231,1,34
5086,231_91,Brain,91,-231,1,34
5087,231_92,Brain,92,-231,1,34
5088,231_93,Brain,93,-231,1,35
5089,231_94,Brain,94,-231,1,35
5090,231_95,Brain,95,-231,1,37
5091,231_96,Brain,96,-231,1,38
5092,231_97,Brain,97,-231,1,38
5093,231_98,Neural crest,98,-231,1,52
5094,231_99,Neural crest,99,-231,1,54
5095,232_100,Cavity,100,-232,1,68
5096,232_101,Cavity,101,-232,1,68
5097,232_102,Neural crest,102,-232,1,52
5098,232_103,Neural crest,103,-232,1,54
5099,232_104,Neural crest,104,-232,1,54
5100,232_105,Neural crest,105,-232,1,54
5101,232_106,Neural crest,106,-232,1,54
5102,232_107,Notochord,107,-232,1,52
5103,232_108,Notochord,108,-232,1,43
5104,232_109,Notochord,109,-232,1,43
5105,232_110,Notochord,110,-232,1,33
5106,232_111,Notochord,111,-232,1,32
5107,232_112,Brain,112,-232,1,35
5108,232_113,Brain,113,-232,1,32
5109,232_114,Brain,114,-232,1,33
5110,232_115,Brain,115,-232,1,43
5111,232_116,Brain,116,-232,1,40
5112,232_117,Cavity,117,-232,1,40
5113,232_118,Cavity,118,-232,1,45
5114,232_119,Cavity,119,-232,1,47
5115,232_120,Cavity,120,-232,1,47
5116,232_121,Cavity,121,-232,1,47
5117,232_122,Cavity,122,-232,1,47
5118,232_123,Cavity,123,-232,1,47
5119,232_124,Cavity,124,-232,1,45
5120,232_125,Cavity,125,-232,1,47
5121,232_126,Cavity,126,-232,1,45
5122,232_127,Brain,127,-232,1,40
5123,232_128,Brain,128,-232,1,54
5124,232_129,Brain,129,-232,1,40
5125,232_130,Brain,130,-232,1,72
5126,232_84,Cavity,84,-232,1,72
5127,232_85,Brain,85,-232,1,74
5128,232_86,Brain,86,-232,1,74
5129,232_87,Brain,87,-232,1,53
5130,232_88,Brain,88,-232,1,35
5131,232_89,Brain,89,-232,1,35
5132,232_90,Brain,90,-232,1,35
5133,232_91,Brain,91,-232,1,35
5134,232_92,Brain,92,-232,1,35
5135,232_93,Brain,93,-232,1,35
5136,232_94,Brain,94,-232,1,35
5137,232_95,Brain,95,-232,1,37
5138,232_96,Brain,96,-232,1,32
5139,232_97,Brain,97,-232,1,39
5140,232_98,Brain,98,-232,1,38
5141,232_99,Neural crest,99,-232,1,52
5142,233_100,Neural crest,100,-233,1,52
5143,233_101,Neural crest,101,-233,1,52
5144,233_102,Neural crest,102,-233,1,52
5145,233_103,Neural crest,103,-233,1,68
5146,233_104,Cavity,104,-233,1,68
5147,233_105,Neural crest,105,-233,1,52
5148,233_106,Neural crest,106,-233,1,52
5149,233_107,Notochord,107,-233,1,43
5150,233_108,Notochord,108,-233,1,43
5151,233_109,Notochord,109,-233,1,33
5152,233_110,Notochord,110,-233,1,33
5153,233_111,Brain,111,-233,1,33
5154,233_112,Brain,112,-233,1,32
5155,233_113,Brain,113,-233,1,32
5156,233_114,Brain,114,-233,1,33
5157,233_115,Brain,115,-233,1,40
5158,233_116,Cavity,116,-233,1,41
5159,233_117,Cavity,117,-233,1,45
5160,233_118,Cavity,118,-233,1,47
5161,233_119,Cavity,119,-233,1,47
5162,233_120,Cavity,120,-233,1,47
5163,233_121,Cavity,121,-233,1,47
5164,233_122,Cavity,122,-233,1,47
5165,233_123,Cavity,123,-233,1,47
5166,233_124,Cavity,124,-233,1,47
5167,233_125,Cavity,125,-233,1,47
5168,233_126,Cavity,126,-233,1,45
5169,233_127,Brain,127,-233,1,40
5170,233_128,Brain,128,-233,1,54
5171,233_129,Brain,129,-233,1,44
5172,233_130,Brain,130,-233,1,47
5173,233_131,Cavity,131,-233,1,26
5174,233_84,Cavity,84,-233,1,26
5175,233_85,Brain,85,-233,1,74
5176,233_86,Brain,86,-233,1,74
5177,233_87,Brain,87,-233,1,53
5178,233_88,Brain,88,-233,1,37
5179,233_89,Brain,89,-233,1,35
5180,233_90,Brain,90,-233,1,35
5181,233_91,Brain,91,-233,1,35
5182,233_92,Brain,92,-233,1,34
5183,233_93,Brain,93,-233,1,35
5184,233_94,Brain,94,-233,1,35
5185,233_95,Brain,95,-233,1,35
5186,233_96,Brain,96,-233,1,35
5187,233_97,Brain,97,-233,1,37
5188,233_98,Brain,98,-233,1,38
5189,233_99,Neural crest,99,-233,1,52
5190,234_100,Neural crest,100,-234,1,52
5191,234_101,Neural crest,101,-234,1,52
5192,234_102,Neural crest,102,-234,1,52
5193,234_103,Neural crest,103,-234,1,52
5194,234_104,Neural crest,104,-234,1,52
5195,234_105,Neural crest,105,-234,1,52
5196,234_106,Neural crest,106,-234,1,52
5197,234_107,Notochord,107,-234,1,43
5198,234_108,Notochord,108,-234,1,43
5199,234_109,Notochord,109,-234,1,43
5200,234_110,Notochord,110,-234,1,33
5201,234_111,Brain,111,-234,1,33
5202,234_112,Brain,112,-234,1,33
5203,234_113,Brain,113,-234,1,43
5204,234_114,Brain,114,-234,1,40
5205,234_115,Brain,115,-234,1,40
5206,234_116,Cavity,116,-234,1,45
5207,234_117,Cavity,117,-234,1,47
5208,234_118,Cavity,118,-234,1,47
5209,234_119,Cavity,119,-234,1,45
5210,234_120,Cavity,120,-234,1,45
5211,234_121,Cavity,121,-234,1,45
5212,234_122,Cavity,122,-234,1,47
5213,234_123,Cavity,123,-234,1,46
5214,234_124,Cavity,124,-234,1,47
5215,234_125,Cavity,125,-234,1,47
5216,234_126,Cavity,126,-234,1,45
5217,234_127,Brain,127,-234,1,40
5218,234_128,Brain,128,-234,1,44
5219,234_129,Brain,129,-234,1,44
5220,234_130,Brain,130,-234,1,44
5221,234_131,Cavity,131,-234,1,73
5222,234_85,Cavity,85,-234,1,73
5223,234_86,Brain,86,-234,1,74
5224,234_87,Brain,87,-234,1,74
5225,234_88,Brain,88,-234,1,38
5226,234_89,Brain,89,-234,1,35
5227,234_90,Brain,90,-234,1,34
5228,234_91,Brain,91,-234,1,35
5229,234_92,Brain,92,-234,1,34
5230,234_93,Brain,93,-234,1,34
5231,234_94,Brain,94,-234,1,35
5232,234_95,Brain,95,-234,1,32
5233,234_96,Brain,96,-234,1,32
5234,234_97,Brain,97,-234,1,32
5235,234_98,Brain,98,-234,1,39
5236,234_99,Brain,99,-234,1,38
5237,235_100,Neural crest,100,-235,1,52
5238,235_101,Neural crest,101,-235,1,52
5239,235_102,Neural crest,102,-235,1,52
5240,235_103,Neural crest,103,-235,1,52
5241,235_104,Neural crest,104,-235,1,52
5242,235_105,Neural crest,105,-235,1,52
5243,235_106,Neural crest,106,-235,1,52
5244,235_107,Notochord,107,-235,1,42
5245,235_108,Notochord,108,-235,1,42
5246,235_109,Notochord,109,-235,1,40
5247,235_110,Notochord,110,-235,1,40
5248,235_111,Notochord,111,-235,1,40
5249,235_112,Brain,112,-235,1,40
5250,235_113,Brain,113,-235,1,40
5251,235_114,Cavity,114,-235,1,45
5252,235_115,Cavity,115,-235,1,45
5253,235_116,Cavity,116,-235,1,44
5254,235_117,Cavity,117,-235,1,44
5255,235_118,Cavity,118,-235,1,47
5256,235_119,Cavity,119,-235,1,40
5257,235_120,Cavity,120,-235,1,45
5258,235_121,Cavity,121,-235,1,47
5259,235_122,Cavity,122,-235,1,45
5260,235_123,Cavity,123,-235,1,47
5261,235_124,Cavity,124,-235,1,47
5262,235_125,Cavity,125,-235,1,45
5263,235_126,Cavity,126,-235,1,41
5264,235_127,Brain,127,-235,1,40
5265,235_128,Brain,128,-235,1,44
5266,235_129,Brain,129,-235,1,44
5267,235_130,Brain,130,-235,1,41
5268,235_131,Cavity,131,-235,1,47
5269,235_85,Cavity,85,-235,1,26
5270,235_86,Brain,86,-235,1,74
5271,235_87,Brain,87,-235,1,74
5272,235_88,Brain,88,-235,1,38
5273,235_89,Brain,89,-235,1,32
5274,235_90,Brain,90,-235,1,35
5275,235_91,Brain,91,-235,1,33
5276,235_92,Brain,92,-235,1,34
5277,235_93,Brain,93,-235,1,35
5278,235_94,Brain,94,-235,1,35
5279,235_95,Brain,95,-235,1,32
5280,235_96,Brain,96,-235,1,32
5281,235_97,Brain,97,-235,1,37
5282,235_98,Brain,98,-235,1,37
5283,235_99,Brain,99,-235,1,38
5284,236_100,Brain,100,-236,1,38
5285,236_101,Brain,101,-236,1,38
5286,236_102,Neural crest,102,-236,1,52
5287,236_103,Neural crest,103,-236,1,52
5288,236_104,Neural crest,104,-236,1,52
5289,236_105,Neural crest,105,-236,1,52
5290,236_106,Neural crest,106,-236,1,52
5291,236_107,Notochord,107,-236,1,43
5292,236_108,Notochord,108,-236,1,43
5293,236_109,Notochord,109,-236,1,40
5294,236_110,Notochord,110,-236,1,41
5295,236_111,Notochord,111,-236,1,41
5296,236_112,Notochord,112,-236,1,40
5297,236_113,Cavity,113,-236,1,40
5298,236_114,Cavity,114,-236,1,45
5299,236_115,Cavity,115,-236,1,47
5300,236_116,Cavity,116,-236,1,47
5301,236_117,Cavity,117,-236,1,47
5302,236_118,Cavity,118,-236,1,45
5303,236_119,Cavity,119,-236,1,45
5304,236_120,Cavity,120,-236,1,45
5305,236_121,Cavity,121,-236,1,45
5306,236_122,Cavity,122,-236,1,45
5307,236_123,Cavity,123,-236,1,47
5308,236_124,Cavity,124,-236,1,47
5309,236_125,Cavity,125,-236,1,45
5310,236_126,Cavity,126,-236,1,41
5311,236_127,Brain,127,-236,1,43
5312,236_128,Brain,128,-236,1,42
5313,236_129,Brain,129,-236,1,44
5314,236_130,Brain,130,-236,1,43
5315,236_131,Cavity,131,-236,1,46
5316,236_86,Brain,86,-236,1,72
5317,236_87,Brain,87,-236,1,74
5318,236_88,Brain,88,-236,1,46
5319,236_89,Brain,89,-236,1,32
5320,236_90,Brain,90,-236,1,35
5321,236_91,Brain,91,-236,1,35
5322,236_92,Brain,92,-236,1,33
5323,236_93,Brain,93,-236,1,33
5324,236_94,Brain,94,-236,1,33
5325,236_95,Brain,95,-236,1,33
5326,236_96,Brain,96,-236,1,33
5327,236_97,Brain,97,-236,1,32
5328,236_98,Brain,98,-236,1,32
5329,236_99,Brain,99,-236,1,32
5330,237_100,Brain,100,-237,1,37
5331,237_101,Brain,101,-237,1,38
5332,237_102,Brain,102,-237,1,33
5333,237_103,Neural crest,103,-237,1,52
5334,237_104,Neural crest,104,-237,1,52
5335,237_105,Neural crest,105,-237,1,52
5336,237_106,Notochord,106,-237,1,53
5337,237_107,Notochord,107,-237,1,42
5338,237_108,Notochord,108,-237,1,40
5339,237_109,Notochord,109,-237,1,40
5340,237_110,Notochord,110,-237,1,40
5341,237_111,Cavity,111,-237,1,45
5342,237_112,Cavity,112,-237,1,45
5343,237_113,Cavity,113,-237,1,47
5344,237_114,Cavity,114,-237,1,47
5345,237_115,Notochord,115,-237,1,44
5346,237_116,Cavity,116,-237,1,44
5347,237_117,Cavity,117,-237,1,45
5348,237_118,Cavity,118,-237,1,45
5349,237_119,Cavity,119,-237,1,45
5350,237_120,Cavity,120,-237,1,45
5351,237_121,Cavity,121,-237,1,45
5352,237_122,Cavity,122,-237,1,45
5353,237_123,Cavity,123,-237,1,47
5354,237_124,Cavity,124,-237,1,45
5355,237_125,Brain,125,-237,1,40
5356,237_126,Brain,126,-237,1,40
5357,237_127,Brain,127,-237,1,43
5358,237_128,Brain,128,-237,1,42
5359,237_129,Brain,129,-237,1,42
5360,237_130,Brain,130,-237,1,44
5361,237_131,Brain,131,-237,1,73
5362,237_86,Cavity,86,-237,1,26
5363,237_87,Brain,87,-237,1,74
5364,237_88,Brain,88,-237,1,74
5365,237_89,Brain,89,-237,1,38
5366,237_90,Brain,90,-237,1,37
5367,237_91,Brain,91,-237,1,33
5368,237_92,Brain,92,-237,1,33
5369,237_93,Brain,93,-237,1,33
5370,237_94,Brain,94,-237,1,33
5371,237_95,Brain,95,-237,1,43
5372,237_96,Brain,96,-237,1,33
5373,237_97,Brain,97,-237,1,32
5374,237_98,Brain,98,-237,1,32
5375,237_99,Brain,99,-237,1,33
5376,238_100,Brain,100,-238,1,32
5377,238_101,Brain,101,-238,1,33
5378,238_102,Brain,102,-238,1,32
5379,238_103,Brain,103,-238,1,33
5380,238_104,Notochord,104,-238,1,33
5381,238_105,Notochord,105,-238,1,33
5382,238_106,Notochord,106,-238,1,43
5383,238_107,Notochord,107,-238,1,43
5384,238_108,Notochord,108,-238,1,40
5385,238_109,Notochord,109,-238,1,40
5386,238_110,Notochord,110,-238,1,44
5387,238_111,Cavity,111,-238,1,45
5388,238_112,Cavity,112,-238,1,47
5389,238_113,Cavity,113,-238,1,47
5390,238_114,Cavity,114,-238,1,47
5391,238_115,Cavity,115,-238,1,47
5392,238_116,Cavity,116,-238,1,47
5393,238_117,Cavity,117,-238,1,45
5394,238_118,Cavity,118,-238,1,45
5395,238_119,Cavity,119,-238,1,47
5396,238_120,Cavity,120,-238,1,45
5397,238_121,Cavity,121,-238,1,45
5398,238_122,Cavity,122,-238,1,40
5399,238_123,Cavity,123,-238,1,40
5400,238_124,Brain,124,-238,1,40
5401,238_125,Brain,125,-238,1,43
5402,238_126,Brain,126,-238,1,43
5403,238_127,Brain,127,-238,1,43
5404,238_128,Brain,128,-238,1,44
5405,238_129,Brain,129,-238,1,42
5406,238_130,Brain,130,-238,1,42
5407,238_131,Cavity,131,-238,1,76
5408,238_87,Brain,87,-238,1,72
5409,238_88,Brain,88,-238,1,74
5410,238_89,Brain,89,-238,1,74
5411,238_90,Brain,90,-238,1,39
5412,238_91,Brain,91,-238,1,37
5413,238_92,Brain,92,-238,1,33
5414,238_93,Brain,93,-238,1,32
5415,238_94,Brain,94,-238,1,33
5416,238_95,Brain,95,-238,1,33
5417,238_96,Brain,96,-238,1,33
5418,238_97,Brain,97,-238,1,33
5419,238_98,Brain,98,-238,1,33
5420,238_99,Brain,99,-238,1,32
5421,239_100,Brain,100,-239,1,33
5422,239_101,Brain,101,-239,1,33
5423,239_102,Brain,102,-239,1,32
5424,239_103,Brain,103,-239,1,33
5425,239_104,Brain,104,-239,1,32
5426,239_105,Notochord,105,-239,1,33
5427,239_106,Notochord,106,-239,1,43
5428,239_107,Notochord,107,-239,1,40
5429,239_108,Notochord,108,-239,1,40
5430,239_109,Notochord,109,-239,1,41
5431,239_110,Cavity,110,-239,1,45
5432,239_111,Cavity,111,-239,1,47
5433,239_112,Cavity,112,-239,1,47
5434,239_113,Cavity,113,-239,1,47
5435,239_114,Cavity,114,-239,1,47
5436,239_115,Cavity,115,-239,1,47
5437,239_116,Cavity,116,-239,1,47
5438,239_117,Cavity,117,-239,1,47
5439,239_118,Cavity,118,-239,1,45
5440,239_119,Cavity,119,-239,1,45
5441,239_120,Cavity,120,-239,1,45
5442,239_121,Brain,121,-239,1,43
5443,239_122,Brain,122,-239,1,40
5444,239_123,Cavity,123,-239,1,40
5445,239_124,Brain,124,-239,1,43
5446,239_125,Brain,125,-239,1,33
5447,239_126,Brain,126,-239,1,33
5448,239_127,Brain,127,-239,1,42
5449,239_128,Brain,128,-239,1,44
5450,239_129,Brain,129,-239,1,44
5451,239_130,Brain,130,-239,1,47
5452,239_131,Cavity,131,-239,1,76
5453,239_87,Cavity,87,-239,1,26
5454,239_88,Brain,88,-239,1,72
5455,239_89,Brain,89,-239,1,74
5456,239_90,Brain,90,-239,1,38
5457,239_91,Brain,91,-239,1,39
5458,239_92,Brain,92,-239,1,43
5459,239_93,Brain,93,-239,1,33
5460,239_94,Brain,94,-239,1,32
5461,239_95,Brain,95,-239,1,33
5462,239_96,Brain,96,-239,1,33
5463,239_97,Brain,97,-239,1,33
5464,239_98,Brain,98,-239,1,33
5465,239_99,Brain,99,-239,1,33
5466,240_100,Brain,100,-240,1,33
5467,240_101,Brain,101,-240,1,33
5468,240_102,Brain,102,-240,1,33
5469,240_103,Brain,103,-240,1,33
5470,240_104,Brain,104,-240,1,40
5471,240_105,Notochord,105,-240,1,33
5472,240_106,Notochord,106,-240,1,40
5473,240_107,Notochord,107,-240,1,40
5474,240_108,Cavity,108,-240,1,44
5475,240_109,Cavity,109,-240,1,45
5476,240_110,Cavity,110,-240,1,47
5477,240_111,Cavity,111,-240,1,47
5478,240_112,Cavity,112,-240,1,45
5479,240_113,Cavity,113,-240,1,45
5480,240_114,Cavity,114,-240,1,47
5481,240_115,Cavity,115,-240,1,47
5482,240_116,Cavity,116,-240,1,47
5483,240_117,Cavity,117,-240,1,45
5484,240_118,Cavity,118,-240,1,44
5485,240_119,Cavity,119,-240,1,41
5486,240_120,Brain,120,-240,1,40
5487,240_121,Brain,121,-240,1,43
5488,240_122,Brain,122,-240,1,33
5489,240_123,Brain,123,-240,1,43
5490,240_124,Brain,124,-240,1,33
5491,240_125,Brain,125,-240,1,34
5492,240_126,Brain,126,-240,1,33
5493,240_127,Brain,127,-240,1,43
5494,240_128,Brain,128,-240,1,53
5495,240_129,Brain,129,-240,1,41
5496,240_130,Brain,130,-240,1,72
5497,240_88,Cavity,88,-240,1,73
5498,240_89,Brain,89,-240,1,74
5499,240_90,Brain,90,-240,1,74
5500,240_91,Brain,91,-240,1,39
5501,240_92,Brain,92,-240,1,38
5502,240_93,Brain,93,-240,1,35
5503,240_94,Brain,94,-240,1,35
5504,240_95,Brain,95,-240,1,33
5505,240_96,Brain,96,-240,1,32
5506,240_97,Brain,97,-240,1,33
5507,240_98,Brain,98,-240,1,43
5508,240_99,Brain,99,-240,1,43
5509,241_100,Brain,100,-241,1,40
5510,241_101,Brain,101,-241,1,43
5511,241_102,Brain,102,-241,1,41
5512,241_103,Brain,103,-241,1,41
5513,241_104,Cavity,104,-241,1,41
5514,241_105,Cavity,105,-241,1,44
5515,241_106,Cavity,106,-241,1,41
5516,241_107,Cavity,107,-241,1,44
5517,241_108,Cavity,108,-241,1,45
5518,241_109,Cavity,109,-241,1,47
5519,241_110,Cavity,110,-241,1,47
5520,241_111,Cavity,111,-241,1,47
5521,241_112,Cavity,112,-241,1,47
5522,241_113,Cavity,113,-241,1,47
5523,241_114,Cavity,114,-241,1,45
5524,241_115,Cavity,115,-241,1,45
5525,241_116,Cavity,116,-241,1,45
5526,241_117,Cavity,117,-241,1,41
5527,241_118,Brain,118,-241,1,40
5528,241_119,Brain,119,-241,1,43
5529,241_120,Brain,120,-241,1,43
5530,241_121,Brain,121,-241,1,33
5531,241_122,Brain,122,-241,1,33
5532,241_123,Brain,123,-241,1,34
5533,241_124,Brain,124,-241,1,34
5534,241_125,Brain,125,-241,1,34
5535,241_126,Brain,126,-241,1,33
5536,241_127,Brain,127,-241,1,42
5537,241_128,Brain,128,-241,1,42
5538,241_129,Brain,129,-241,1,44
5539,241_130,Cavity,130,-241,1,73
5540,241_88,Cavity,88,-241,1,27
5541,241_89,Brain,89,-241,1,72
5542,241_90,Brain,90,-241,1,74
5543,241_91,Brain,91,-241,1,74
5544,241_92,Brain,92,-241,1,38
5545,241_93,Brain,93,-241,1,38
5546,241_94,Brain,94,-241,1,38
5547,241_95,Brain,95,-241,1,35
5548,241_96,Brain,96,-241,1,32
5549,241_97,Brain,97,-241,1,32
5550,241_98,Brain,98,-241,1,33
5551,241_99,Brain,99,-241,1,33
5552,242_100,Brain,100,-242,1,42
5553,242_101,Brain,101,-242,1,42
5554,242_102,Brain,102,-242,1,44
5555,242_103,Cavity,103,-242,1,41
5556,242_104,Cavity,104,-242,1,41
5557,242_105,Cavity,105,-242,1,44
5558,242_106,Cavity,106,-242,1,44
5559,242_107,Cavity,107,-242,1,45
5560,242_108,Cavity,108,-242,1,45
5561,242_109,Cavity,109,-242,1,47
5562,242_110,Cavity,110,-242,1,45
5563,242_111,Cavity,111,-242,1,47
5564,242_112,Cavity,112,-242,1,45
5565,242_113,Cavity,113,-242,1,47
5566,242_114,Cavity,114,-242,1,45
5567,242_115,Cavity,115,-242,1,45
5568,242_116,Brain,116,-242,1,40
5569,242_117,Brain,117,-242,1,43
5570,242_118,Brain,118,-242,1,43
5571,242_119,Brain,119,-242,1,33
5572,242_120,Brain,120,-242,1,33
5573,242_121,Brain,121,-242,1,33
5574,242_122,Brain,122,-242,1,34
5575,242_123,Brain,123,-242,1,34
5576,242_124,Brain,124,-242,1,35
5577,242_125,Brain,125,-242,1,34
5578,242_126,Brain,126,-242,1,53
5579,242_127,Brain,127,-242,1,74
5580,242_128,Brain,128,-242,1,44
5581,242_129,Brain,129,-242,1,44
5582,242_130,Cavity,130,-242,1,26
5583,242_89,Cavity,89,-242,1,27
5584,242_90,Brain,90,-242,1,72
5585,242_91,Brain,91,-242,1,72
5586,242_92,Brain,92,-242,1,72
5587,242_93,Brain,93,-242,1,38
5588,242_94,Brain,94,-242,1,38
5589,242_95,Brain,95,-242,1,34
5590,242_96,Brain,96,-242,1,32
5591,242_97,Brain,97,-242,1,33
5592,242_98,Brain,98,-242,1,33
5593,242_99,Brain,99,-242,1,33
5594,243_100,Brain,100,-243,1,43
5595,243_101,Brain,101,-243,1,43
5596,243_102,Brain,102,-243,1,42
5597,243_103,Cavity,103,-243,1,41
5598,243_104,Cavity,104,-243,1,40
5599,243_105,Cavity,105,-243,1,44
5600,243_106,Cavity,106,-243,1,45
5601,243_107,Cavity,107,-243,1,45
5602,243_108,Cavity,108,-243,1,45
5603,243_109,Cavity,109,-243,1,44
5604,243_110,Cavity,110,-243,1,47
5605,243_111,Cavity,111,-243,1,45
5606,243_112,Cavity,112,-243,1,47
5607,243_113,Cavity,113,-243,1,45
5608,243_114,Cavity,114,-243,1,47
5609,243_115,Cavity,115,-243,1,41
5610,243_116,Brain,116,-243,1,43
5611,243_117,Brain,117,-243,1,43
5612,243_118,Brain,118,-243,1,33
5613,243_119,Brain,119,-243,1,33
5614,243_120,Brain,120,-243,1,33
5615,243_121,Brain,121,-243,1,35
5616,243_122,Brain,122,-243,1,34
5617,243_123,Brain,123,-243,1,33
5618,243_124,Brain,124,-243,1,35
5619,243_125,Brain,125,-243,1,53
5620,243_126,Brain,126,-243,1,74
5621,243_127,Brain,127,-243,1,41
5622,243_128,Cavity,128,-243,1,44
5623,243_129,Cavity,129,-243,1,46
5624,243_90,Cavity,90,-243,1,26
5625,243_91,Brain,91,-243,1,73
5626,243_92,Cavity,92,-243,1,73
5627,243_93,Brain,93,-243,1,74
5628,243_94,Brain,94,-243,1,39
5629,243_95,Brain,95,-243,1,37
5630,243_96,Brain,96,-243,1,35
5631,243_97,Brain,97,-243,1,33
5632,243_98,Brain,98,-243,1,34
5633,243_99,Brain,99,-243,1,33
5634,244_100,Brain,100,-244,1,33
5635,244_101,Brain,101,-244,1,33
5636,244_102,Brain,102,-244,1,43
5637,244_103,Brain,103,-244,1,41
5638,244_104,Cavity,104,-244,1,41
5639,244_105,Cavity,105,-244,1,41
5640,244_106,Cavity,106,-244,1,44
5641,244_107,Cavity,107,-244,1,44
5642,244_108,Cavity,108,-244,1,44
5643,244_109,Cavity,109,-244,1,44
5644,244_110,Cavity,110,-244,1,44
5645,244_111,Cavity,111,-244,1,44
5646,244_112,Cavity,112,-244,1,45
5647,244_113,Cavity,113,-244,1,45
5648,244_114,Cavity,114,-244,1,41
5649,244_115,Brain,115,-244,1,40
5650,244_116,Brain,116,-244,1,43
5651,244_117,Brain,117,-244,1,33
5652,244_118,Brain,118,-244,1,33
5653,244_119,Brain,119,-244,1,34
5654,244_120,Brain,120,-244,1,34
5655,244_121,Brain,121,-244,1,34
5656,244_122,Brain,122,-244,1,34
5657,244_123,Cavity,123,-244,1,42
5658,244_124,Brain,124,-244,1,53
5659,244_125,Brain,125,-244,1,74
5660,244_126,Brain,126,-244,1,72
5661,244_127,Cavity,127,-244,1,44
5662,244_128,Cavity,128,-244,1,45
5663,244_129,Cavity,129,-244,1,46
5664,244_91,Cavity,91,-244,1,25
5665,244_92,Cavity,92,-244,1,76
5666,244_93,Brain,93,-244,1,74
5667,244_94,Brain,94,-244,1,74
5668,244_95,Brain,95,-244,1,38
5669,244_96,Brain,96,-244,1,38
5670,244_97,Brain,97,-244,1,35
5671,244_98,Brain,98,-244,1,35
5672,244_99,Brain,99,-244,1,35
5673,245_100,Brain,100,-245,1,34
5674,245_101,Brain,101,-245,1,33
5675,245_102,Brain,102,-245,1,33
5676,245_103,Brain,103,-245,1,43
5677,245_104,Brain,104,-245,1,43
5678,245_105,Cavity,105,-245,1,41
5679,245_106,Cavity,106,-245,1,43
5680,245_107,Cavity,107,-245,1,40
5681,245_108,Cavity,108,-245,1,41
5682,245_109,Cavity,109,-245,1,44
5683,245_110,Cavity,110,-245,1,44
5684,245_111,Cavity,111,-245,1,44
5685,245_112,Cavity,112,-245,1,44
5686,245_113,Cavity,113,-245,1,47
5687,245_114,Cavity,114,-245,1,44
5688,245_115,Brain,115,-245,1,43
5689,245_116,Brain,116,-245,1,33
5690,245_117,Brain,117,-245,1,34
5691,245_118,Brain,118,-245,1,37
5692,245_119,Brain,119,-245,1,34
5693,245_120,Brain,120,-245,1,33
5694,245_121,Brain,121,-245,1,33
5695,245_122,Brain,122,-245,1,43
5696,245_123,Cavity,123,-245,1,76
5697,245_124,Brain,124,-245,1,72
5698,245_125,Brain,125,-245,1,74
5699,245_126,Brain,126,-245,1,74
5700,245_127,Brain,127,-245,1,74
5701,245_128,Cavity,128,-245,1,76
5702,245_93,Brain,93,-245,1,72
5703,245_94,Brain,94,-245,1,74
5704,245_95,Brain,95,-245,1,74
5705,245_96,Brain,96,-245,1,38
5706,245_97,Brain,97,-245,1,38
5707,245_98,Brain,98,-245,1,34
5708,245_99,Brain,99,-245,1,34
5709,246_100,Brain,100,-246,1,33
5710,246_101,Brain,101,-246,1,33
5711,246_102,Brain,102,-246,1,33
5712,246_103,Brain,103,-246,1,33
5713,246_104,Brain,104,-246,1,40
5714,246_105,Brain,105,-246,1,43
5715,246_106,Brain,106,-246,1,43
5716,246_107,Brain,107,-246,1,43
5717,246_108,Brain,108,-246,1,43
5718,246_109,Cavity,109,-246,1,40
5719,246_110,Cavity,110,-246,1,44
5720,246_111,Cavity,111,-246,1,47
5721,246_112,Cavity,112,-246,1,44
5722,246_113,Cavity,113,-246,1,47
5723,246_114,Cavity,114,-246,1,44
5724,246_115,Cavity,115,-246,1,41
5725,246_116,Cavity,116,-246,1,43
5726,246_117,Brain,117,-246,1,34
5727,246_118,Brain,118,-246,1,33
5728,246_119,Brain,119,-246,1,53
5729,246_120,Neural crest,120,-246,1,55
5730,246_121,Neural crest,121,-246,1,52
5731,246_122,Brain,122,-246,1,76
5732,246_123,Cavity,123,-246,1,27
5733,246_124,Cavity,124,-246,1,76
5734,246_125,Cavity,125,-246,1,25
5735,246_126,Cavity,126,-246,1,26
5736,246_94,Cavity,94,-246,1,27
5737,246_95,Cavity,95,-246,1,73
5738,246_96,Brain,96,-246,1,73
5739,246_97,Brain,97,-246,1,74
5740,246_98,Brain,98,-246,1,37
5741,246_99,Brain,99,-246,1,33
5742,247_100,Brain,100,-247,1,34
5743,247_101,Brain,101,-247,1,34
5744,247_102,Brain,102,-247,1,34
5745,247_103,Brain,103,-247,1,34
5746,247_104,Brain,104,-247,1,33
5747,247_105,Brain,105,-247,1,33
5748,247_106,Brain,106,-247,1,33
5749,247_107,Brain,107,-247,1,43
5750,247_108,Brain,108,-247,1,43
5751,247_109,Brain,109,-247,1,40
5752,247_110,Cavity,110,-247,1,41
5753,247_111,Cavity,111,-247,1,40
5754,247_112,Cavity,112,-247,1,41
5755,247_113,Cavity,113,-247,1,41
5756,247_114,Cavity,114,-247,1,42
5757,247_115,Brain,115,-247,1,43
5758,247_116,Brain,116,-247,1,33
5759,247_117,Brain,117,-247,1,34
5760,247_118,Brain,118,-247,1,34
5761,247_119,Brain,119,-247,1,74
5762,247_120,Brain,120,-247,1,74
5763,247_121,Brain,121,-247,1,74
5764,247_122,Brain,122,-247,1,72
5765,247_123,Cavity,123,-247,1,26
5766,247_124,Cavity,124,-247,1,73
5767,247_125,Cavity,125,-247,1,73
5768,247_126,Cavity,126,-247,1,76
5769,247_94,Cavity,94,-247,1,27
5770,247_95,Cavity,95,-247,1,73
5771,247_96,Brain,96,-247,1,72
5772,247_97,Brain,97,-247,1,74
5773,247_98,Brain,98,-247,1,38
5774,247_99,Brain,99,-247,1,35
5775,248_100,Brain,100,-248,1,33
5776,248_101,Brain,101,-248,1,34
5777,248_102,Brain,102,-248,1,34
5778,248_103,Brain,103,-248,1,34
5779,248_104,Brain,104,-248,1,33
5780,248_105,Brain,105,-248,1,34
5781,248_106,Brain,106,-248,1,33
5782,248_107,Brain,107,-248,1,43
5783,248_108,Brain,108,-248,1,43
5784,248_109,Brain,109,-248,1,43
5785,248_110,Brain,110,-248,1,43
5786,248_111,Brain,111,-248,1,43
5787,248_112,Brain,112,-248,1,43
5788,248_113,Brain,113,-248,1,33
5789,248_114,Brain,114,-248,1,34
5790,248_115,Brain,115,-248,1,34
5791,248_116,Brain,116,-248,1,34
5792,248_117,Brain,117,-248,1,74
5793,248_118,Brain,118,-248,1,74
5794,248_119,Brain,119,-248,1,74
5795,248_120,Brain,120,-248,1,74
5796,248_121,Brain,121,-248,1,74
5797,248_122,Brain,122,-248,1,72
5798,248_123,Cavity,123,-248,1,26
5799,248_124,Cavity,124,-248,1,73
5800,248_125,Cavity,125,-248,1,26
5801,248_95,Cavity,95,-248,1,26
5802,248_96,Brain,96,-248,1,72
5803,248_97,Brain,97,-248,1,74
5804,248_98,Brain,98,-248,1,74
5805,248_99,Brain,99,-248,1,43
5806,249_100,Brain,100,-249,1,74
5807,249_101,Brain,101,-249,1,53
5808,249_102,Brain,102,-249,1,34
5809,249_103,Brain,103,-249,1,33
5810,249_104,Brain,104,-249,1,33
5811,249_105,Brain,105,-249,1,33
5812,249_106,Brain,106,-249,1,43
5813,249_107,Brain,107,-249,1,43
5814,249_108,Brain,108,-249,1,33
5815,249_109,Brain,109,-249,1,33
5816,249_110,Brain,110,-249,1,33
5817,249_111,Brain,111,-249,1,33
5818,249_112,Brain,112,-249,1,34
5819,249_113,Brain,113,-249,1,34
5820,249_114,Brain,114,-249,1,60
5821,249_115,Brain,115,-249,1,74
5822,249_116,Brain,116,-249,1,74
5823,249_117,Brain,117,-249,1,74
5824,249_118,Brain,118,-249,1,74
5825,249_119,Brain,119,-249,1,74
5826,249_120,Brain,120,-249,1,74
5827,249_121,Brain,121,-249,1,72
5828,249_122,Brain,122,-249,1,72
5829,249_123,Cavity,123,-249,1,27
5830,249_96,Cavity,96,-249,1,27
5831,249_97,Brain,97,-249,1,72
5832,249_98,Brain,98,-249,1,74
5833,249_99,Brain,99,-249,1,74
5834,250_100,Brain,100,-250,1,74
5835,250_101,Brain,101,-250,1,74
5836,250_102,Brain,102,-250,1,74
5837,250_103,Brain,103,-250,1,74
5838,250_104,Brain,104,-250,1,74
5839,250_105,Brain,105,-250,1,74
5840,250_106,Brain,106,-250,1,53
5841,250_107,Brain,107,-250,1,53
5842,250_108,Brain,108,-250,1,43
5843,250_109,Brain,109,-250,1,43
5844,250_110,Brain,110,-250,1,75
5845,250_111,Brain,111,-250,1,74
5846,250_112,Brain,112,-250,1,74
5847,250_113,Brain,113,-250,1,74
5848,250_114,Brain,114,-250,1,74
5849,250_115,Brain,115,-250,1,74
5850,250_116,Brain,116,-250,1,74
5851,250_117,Brain,117,-250,1,74
5852,250_118,Brain,118,-250,1,74
5853,250_119,Brain,119,-250,1,74
5854,250_120,Brain,120,-250,1,72
5855,250_121,Brain,121,-250,1,72
5856,250_122,Cavity,122,-250,1,73
5857,250_97,Cavity,97,-250,1,27
5858,250_98,Cavity,98,-250,1,73
5859,250_99,Brain,99,-250,1,74
5860,251_100,Brain,100,-251,1,72
5861,251_101,Brain,101,-251,1,72
5862,251_102,Brain,102,-251,1,72
5863,251_103,Brain,103,-251,1,74
5864,251_104,Brain,104,-251,1,75
5865,251_105,Brain,105,-251,1,75
5866,251_106,Brain,106,-251,1,74
5867,251_107,Brain,107,-251,1,74
5868,251_108,Brain,108,-251,1,74
5869,251_109,Brain,109,-251,1,74
5870,251_110,Brain,110,-251,1,74
5871,251_111,Brain,111,-251,1,74
5872,251_112,Brain,112,-251,1,74
5873,251_113,Brain,113,-251,1,74
5874,251_114,Brain,114,-251,1,74
5875,251_115,Brain,115,-251,1,74
5876,251_116,Brain,116,-251,1,74
5877,251_117,Brain,117,-251,1,72
5878,251_118,Brain,118,-251,1,72
5879,251_119,Brain,119,-251,1,72
5880,251_120,Cavity,120,-251,1,73
5881,251_99,Cavity,99,-251,1,73
5882,252_100,Cavity,100,-252,1,27
5883,252_101,Cavity,101,-252,1,76
5884,252_102,Cavity,102,-252,1,73
5885,252_103,Brain,103,-252,1,72
5886,252_104,Brain,104,-252,1,72
5887,252_105,Brain,105,-252,1,72
5888,252_106,Brain,106,-252,1,72
5889,252_107,Brain,107,-252,1,72
5890,252_108,Brain,108,-252,1,74
5891,252_109,Brain,109,-252,1,74
5892,252_110,Brain,110,-252,1,74
5893,252_111,Brain,111,-252,1,74
5894,252_112,Brain,112,-252,1,74
5895,252_113,Brain,113,-252,1,74
5896,252_114,Brain,114,-252,1,74
5897,252_115,Brain,115,-252,1,72
5898,252_116,Brain,116,-252,1,72
5899,252_117,Cavity,117,-252,1,73
5900,252_118,Cavity,118,-252,1,26
5901,253_103,Cavity,103,-253,1,26
5902,253_104,Cavity,104,-253,1,73
5903,253_105,Cavity,105,-253,1,73
5904,253_106,Cavity,106,-253,1,73
5905,253_107,Cavity,107,-253,1,73
5906,253_108,Cavity,108,-253,1,73
5907,253_109,Cavity,109,-253,1,73
5908,253_110,Cavity,110,-253,1,73
5909,253_111,Cavity,111,-253,1,73
5910,253_112,Cavity,112,-253,1,73
5911,253_113,Cavity,113,-253,1,73
5912,253_114,Cavity,114,-253,1,27
5913,109_198,Cavity,-109,-198,2,26
5914,109_199,Cavity,-109,-199,2,26
5915,109_200,Cavity,-109,-200,2,27
5916,110_192,Cavity,-110,-192,2,27
5917,110_193,Cavity,-110,-193,2,26
5918,110_194,Cavity,-110,-194,2,24
5919,110_195,Cavity,-110,-195,2,29
5920,110_196,Cavity,-110,-196,2,28
5921,110_197,Cavity,-110,-197,2,28
5922,110_198,Cavity,-110,-198,2,28
5923,110_199,Cavity,-110,-199,2,28
5924,110_200,Cavity,-110,-200,2,28
5925,110_201,Cavity,-110,-201,2,28
5926,110_202,Cavity,-110,-202,2,28
5927,110_203,Cavity,-110,-203,2,29
5928,110_204,Cavity,-110,-204,2,28
5929,110_205,Cavity,-110,-205,2,26
5930,110_206,Cavity,-110,-206,2,26
5931,110_207,Cavity,-110,-207,2,27
5932,111_188,Cavity,-111,-188,2,27
5933,111_189,Cavity,-111,-189,2,24
5934,111_190,Cavity,-111,-190,2,29
5935,111_191,Cavity,-111,-191,2,28
5936,111_192,Cavity,-111,-192,2,28
5937,111_193,Cavity,-111,-193,2,28
5938,111_194,Cavity,-111,-194,2,28
5939,111_195,Cavity,-111,-195,2,28
5940,111_196,Surface ectoderm,-111,-196,2,23
5941,111_197,Surface ectoderm,-111,-197,2,23
5942,111_198,Surface ectoderm,-111,-198,2,23
5943,111_199,Surface ectoderm,-111,-199,2,28
5944,111_200,Surface ectoderm,-111,-200,2,23
5945,111_201,Surface ectoderm,-111,-201,2,23
5946,111_202,Surface ectoderm,-111,-202,2,28
5947,111_203,Surface ectoderm,-111,-203,2,28
5948,111_204,Cavity,-111,-204,2,97
5949,111_205,Cavity,-111,-205,2,116
5950,111_206,Cavity,-111,-206,2,117
5951,111_207,Cavity,-111,-207,2,28
5952,111_208,Cavity,-111,-208,2,28
5953,111_209,Cavity,-111,-209,2,24
5954,111_210,Cavity,-111,-210,2,24
5955,111_211,Cavity,-111,-211,2,25
5956,112_184,Cavity,-112,-184,2,27
5957,112_185,Cavity,-112,-185,2,27
5958,112_186,Cavity,-112,-186,2,24
5959,112_187,Cavity,-112,-187,2,29
5960,112_188,Cavity,-112,-188,2,113
5961,112_189,Cavity,-112,-189,2,97
5962,112_190,Cavity,-112,-190,2,28
5963,112_191,Surface ectoderm,-112,-191,2,28
5964,112_192,Surface ectoderm,-112,-192,2,28
5965,112_193,Surface ectoderm,-112,-193,2,23
5966,112_194,Surface ectoderm,-112,-194,2,22
5967,112_195,Surface ectoderm,-112,-195,2,22
5968,112_196,Surface ectoderm,-112,-196,2,22
5969,112_197,Surface ectoderm,-112,-197,2,21
5970,112_198,Surface ectoderm,-112,-198,2,21
5971,112_199,Surface ectoderm,-112,-199,2,22
5972,112_200,Surface ectoderm,-112,-200,2,22
5973,112_201,Surface ectoderm,-112,-201,2,22
5974,112_202,Surface ectoderm,-112,-202,2,21
5975,112_203,Surface ectoderm,-112,-203,2,22
5976,112_204,Surface ectoderm,-112,-204,2,23
5977,112_205,Surface ectoderm,-112,-205,2,23
5978,112_206,Surface ectoderm,-112,-206,2,28
5979,112_207,Surface ectoderm,-112,-207,2,112
5980,112_208,Cavity,-112,-208,2,23
5981,112_209,Cavity,-112,-209,2,28
5982,112_210,Cavity,-112,-210,2,28
5983,112_211,Cavity,-112,-211,2,28
5984,112_212,Cavity,-112,-212,2,28
5985,112_213,Cavity,-112,-213,2,28
5986,112_214,Cavity,-112,-214,2,29
5987,112_215,Cavity,-112,-215,2,28
5988,112_216,Cavity,-112,-216,2,26
5989,112_217,Cavity,-112,-217,2,26
5990,112_218,Cavity,-112,-218,2,27
5991,113_182,Cavity,-113,-182,2,26
5992,113_183,Cavity,-113,-183,2,24
5993,113_184,Cavity,-113,-184,2,28
5994,113_185,Cavity,-113,-185,2,28
5995,113_186,Cavity,-113,-186,2,28
5996,113_187,Cavity,-113,-187,2,28
5997,113_188,Surface ectoderm,-113,-188,2,96
5998,113_189,Surface ectoderm,-113,-189,2,22
5999,113_190,Surface ectoderm,-113,-190,2,99
6000,113_191,Surface ectoderm,-113,-191,2,23
6001,113_192,Surface ectoderm,-113,-192,2,21
6002,113_193,Surface ectoderm,-113,-193,2,22
6003,113_194,Surface ectoderm,-113,-194,2,22
6004,113_195,Surface ectoderm,-113,-195,2,22
6005,113_196,Spinal cord,-113,-196,2,21
6006,113_197,Spinal cord,-113,-197,2,22
6007,113_198,Spinal cord,-113,-198,2,101
6008,113_199,Spinal cord,-113,-199,2,22
6009,113_200,Spinal cord,-113,-200,2,101
6010,113_201,Spinal cord,-113,-201,2,101
6011,113_202,Spinal cord,-113,-202,2,21
6012,113_203,Surface ectoderm,-113,-203,2,22
6013,113_204,Surface ectoderm,-113,-204,2,22
6014,113_205,Surface ectoderm,-113,-205,2,22
6015,113_206,Surface ectoderm,-113,-206,2,23
6016,113_207,Surface ectoderm,-113,-207,2,23
6017,113_208,Surface ectoderm,-113,-208,2,22
6018,113_209,Surface ectoderm,-113,-209,2,22
6019,113_210,Surface ectoderm,-113,-210,2,22
6020,113_211,Cavity,-113,-211,2,28
6021,113_212,Cavity,-113,-212,2,28
6022,113_213,Cavity,-113,-213,2,28
6023,113_214,Cavity,-113,-214,2,28
6024,113_215,Cavity,-113,-215,2,28
6025,113_216,Cavity,-113,-216,2,28
6026,113_217,Cavity,-113,-217,2,29
6027,113_218,Cavity,-113,-218,2,29
6028,113_219,Cavity,-113,-219,2,29
6029,113_220,Cavity,-113,-220,2,25
6030,113_221,Cavity,-113,-221,2,25
6031,113_222,Cavity,-113,-222,2,27
6032,114_178,Cavity,-114,-178,2,27
6033,114_179,Cavity,-114,-179,2,25
6034,114_180,Cavity,-114,-180,2,29
6035,114_181,Cavity,-114,-181,2,28
6036,114_182,Cavity,-114,-182,2,28
6037,114_183,Surface ectoderm,-114,-183,2,30
6038,114_184,Surface ectoderm,-114,-184,2,22
6039,114_185,Surface ectoderm,-114,-185,2,23
6040,114_186,Surface ectoderm,-114,-186,2,23
6041,114_187,Surface ectoderm,-114,-187,2,16
6042,114_188,Surface ectoderm,-114,-188,2,22
6043,114_189,Spinal cord,-114,-189,2,21
6044,114_190,Surface ectoderm,-114,-190,2,22
6045,114_191,Surface ectoderm,-114,-191,2,22
6046,114_192,Spinal cord,-114,-192,2,21
6047,114_193,Spinal cord,-114,-193,2,101
6048,114_194,Spinal cord,-114,-194,2,101
6049,114_195,Spinal cord,-114,-195,2,101
6050,114_196,Spinal cord,-114,-196,2,103
6051,114_197,Spinal cord,-114,-197,2,101
6052,114_198,Spinal cord,-114,-198,2,101
6053,114_199,Spinal cord,-114,-199,2,102
6054,114_200,Spinal cord,-114,-200,2,101
6055,114_201,Spinal cord,-114,-201,2,103
6056,114_202,Spinal cord,-114,-202,2,101
6057,114_203,Spinal cord,-114,-203,2,101
6058,114_204,Spinal cord,-114,-204,2,101
6059,114_205,Spinal cord,-114,-205,2,101
6060,114_206,Spinal cord,-114,-206,2,101
6061,114_207,Spinal cord,-114,-207,2,101
6062,114_208,Surface ectoderm,-114,-208,2,21
6063,114_209,Surface ectoderm,-114,-209,2,22
6064,114_210,Surface ectoderm,-114,-210,2,22
6065,114_211,Surface ectoderm,-114,-211,2,22
6066,114_212,Surface ectoderm,-114,-212,2,22
6067,114_213,Surface ectoderm,-114,-213,2,22
6068,114_214,Surface ectoderm,-114,-214,2,28
6069,114_215,Surface ectoderm,-114,-215,2,23
6070,114_216,Surface ectoderm,-114,-216,2,23
6071,114_217,Cavity,-114,-217,2,28
6072,114_218,Cavity,-114,-218,2,28
6073,114_219,Cavity,-114,-219,2,28
6074,114_220,Cavity,-114,-220,2,28
6075,114_221,Cavity,-114,-221,2,28
6076,114_222,Cavity,-114,-222,2,31
6077,114_223,Cavity,-114,-223,2,31
6078,114_224,Cavity,-114,-224,2,27
6079,114_225,Cavity,-114,-225,2,27
6080,115_175,Cavity,-115,-175,2,27
6081,115_176,Cavity,-115,-176,2,25
6082,115_177,Cavity,-115,-177,2,24
6083,115_178,Cavity,-115,-178,2,29
6084,115_179,Cavity,-115,-179,2,28
6085,115_180,Cavity,-115,-180,2,28
6086,115_181,Surface ectoderm,-115,-181,2,23
6087,115_182,Surface ectoderm,-115,-182,2,28
6088,115_183,Surface ectoderm,-115,-183,2,22
6089,115_184,Surface ectoderm,-115,-184,2,22
6090,115_185,Surface ectoderm,-115,-185,2,22
6091,115_186,Surface ectoderm,-115,-186,2,22
6092,115_187,Spinal cord,-115,-187,2,22
6093,115_188,Spinal cord,-115,-188,2,21
6094,115_189,Spinal cord,-115,-189,2,100
6095,115_190,Spinal cord,-115,-190,2,101
6096,115_191,Spinal cord,-115,-191,2,21
6097,115_192,Spinal cord,-115,-192,2,101
6098,115_193,Spinal cord,-115,-193,2,101
6099,115_194,Spinal cord,-115,-194,2,101
6100,115_195,Spinal cord,-115,-195,2,101
6101,115_196,Spinal cord,-115,-196,2,102
6102,115_197,Spinal cord,-115,-197,2,103
6103,115_198,Brain,-115,-198,2,102
6104,115_199,Spinal cord,-115,-199,2,101
6105,115_200,Brain,-115,-200,2,102
6106,115_201,Spinal cord,-115,-201,2,102
6107,115_202,Spinal cord,-115,-202,2,101
6108,115_203,Spinal cord,-115,-203,2,100
6109,115_204,Spinal cord,-115,-204,2,101
6110,115_205,Spinal cord,-115,-205,2,101
6111,115_206,Spinal cord,-115,-206,2,103
6112,115_207,Spinal cord,-115,-207,2,103
6113,115_208,Spinal cord,-115,-208,2,101
6114,115_209,Spinal cord,-115,-209,2,101
6115,115_210,Spinal cord,-115,-210,2,122
6116,115_211,Spinal cord,-115,-211,2,101
6117,115_212,Spinal cord,-115,-212,2,101
6118,115_213,Surface ectoderm,-115,-213,2,22
6119,115_214,Surface ectoderm,-115,-214,2,22
6120,115_215,Surface ectoderm,-115,-215,2,22
6121,115_216,Surface ectoderm,-115,-216,2,22
6122,115_217,Surface ectoderm,-115,-217,2,23
6123,115_218,Surface ectoderm,-115,-218,2,28
6124,115_219,Surface ectoderm,-115,-219,2,23
6125,115_220,Cavity,-115,-220,2,28
6126,115_221,Cavity,-115,-221,2,31
6127,115_222,Cavity,-115,-222,2,28
6128,115_223,Cavity,-115,-223,2,29
6129,115_224,Cavity,-115,-224,2,31
6130,115_225,Cavity,-115,-225,2,29
6131,115_226,Cavity,-115,-226,2,25
6132,115_227,Cavity,-115,-227,2,26
6133,116_173,Cavity,-116,-173,2,27
6134,116_174,Cavity,-116,-174,2,25
6135,116_175,Cavity,-116,-175,2,28
6136,116_176,Cavity,-116,-176,2,28
6137,116_177,Cavity,-116,-177,2,28
6138,116_178,Cavity,-116,-178,2,126
6139,116_179,Cavity,-116,-179,2,28
6140,116_180,Surface ectoderm,-116,-180,2,23
6141,116_181,Surface ectoderm,-116,-181,2,20
6142,116_182,Surface ectoderm,-116,-182,2,21
6143,116_183,Spinal cord,-116,-183,2,21
6144,116_184,Spinal cord,-116,-184,2,21
6145,116_185,Spinal cord,-116,-185,2,101
6146,116_186,Spinal cord,-116,-186,2,101
6147,116_187,Spinal cord,-116,-187,2,101
6148,116_188,Spinal cord,-116,-188,2,101
6149,116_189,Spinal cord,-116,-189,2,101
6150,116_190,Spinal cord,-116,-190,2,101
6151,116_191,Spinal cord,-116,-191,2,103
6152,116_192,Spinal cord,-116,-192,2,103
6153,116_193,Spinal cord,-116,-193,2,101
6154,116_194,Spinal cord,-116,-194,2,101
6155,116_195,Spinal cord,-116,-195,2,103
6156,116_196,Spinal cord,-116,-196,2,102
6157,116_197,Spinal cord,-116,-197,2,102
6158,116_198,Brain,-116,-198,2,102
6159,116_199,Brain,-116,-199,2,102
6160,116_200,Spinal cord,-116,-200,2,102
6161,116_201,Spinal cord,-116,-201,2,101
6162,116_202,Spinal cord,-116,-202,2,103
6163,116_203,Spinal cord,-116,-203,2,101
6164,116_204,Spinal cord,-116,-204,2,100
6165,116_205,Spinal cord,-116,-205,2,101
6166,116_206,Spinal cord,-116,-206,2,103
6167,116_207,Spinal cord,-116,-207,2,102
6168,116_208,Spinal cord,-116,-208,2,100
6169,116_209,Spinal cord,-116,-209,2,103
6170,116_210,Spinal cord,-116,-210,2,101
6171,116_211,Brain,-116,-211,2,102
6172,116_212,Brain,-116,-212,2,103
6173,116_213,Brain,-116,-213,2,102
6174,116_214,Brain,-116,-214,2,102
6175,116_215,Brain,-116,-215,2,98
6176,116_216,Brain,-116,-216,2,121
6177,116_217,Surface ectoderm,-116,-217,2,23
6178,116_218,Surface ectoderm,-116,-218,2,22
6179,116_219,Surface ectoderm,-116,-219,2,20
6180,116_220,Surface ectoderm,-116,-220,2,23
6181,116_221,Cavity,-116,-221,2,28
6182,116_222,Cavity,-116,-222,2,28
6183,116_223,Cavity,-116,-223,2,28
6184,116_224,Cavity,-116,-224,2,30
6185,116_225,Cavity,-116,-225,2,29
6186,116_226,Cavity,-116,-226,2,29
6187,116_227,Cavity,-116,-227,2,29
6188,116_228,Cavity,-116,-228,2,24
6189,116_229,Cavity,-116,-229,2,26
6190,116_230,Cavity,-116,-230,2,27
6191,117_172,Cavity,-117,-172,2,27
6192,117_173,Cavity,-117,-173,2,29
6193,117_174,Cavity,-117,-174,2,29
6194,117_175,Cavity,-117,-175,2,31
6195,117_176,Cavity,-117,-176,2,28
6196,117_177,Cavity,-117,-177,2,28
6197,117_178,Surface ectoderm,-117,-178,2,97
6198,117_179,Surface ectoderm,-117,-179,2,22
6199,117_180,Surface ectoderm,-117,-180,2,20
6200,117_181,Surface ectoderm,-117,-181,2,22
6201,117_182,Spinal cord,-117,-182,2,21
6202,117_183,Spinal cord,-117,-183,2,101
6203,117_184,Spinal cord,-117,-184,2,100
6204,117_185,Spinal cord,-117,-185,2,101
6205,117_186,Spinal cord,-117,-186,2,101
6206,117_187,Spinal cord,-117,-187,2,101
6207,117_188,Spinal cord,-117,-188,2,101
6208,117_189,Spinal cord,-117,-189,2,101
6209,117_190,Spinal cord,-117,-190,2,101
6210,117_191,Spinal cord,-117,-191,2,102
6211,117_192,Spinal cord,-117,-192,2,103
6212,117_193,Spinal cord,-117,-193,2,101
6213,117_194,Spinal cord,-117,-194,2,103
6214,117_195,Spinal cord,-117,-195,2,100
6215,117_196,Spinal cord,-117,-196,2,101
6216,117_197,Spinal cord,-117,-197,2,100
6217,117_198,Spinal cord,-117,-198,2,100
6218,117_199,Spinal cord,-117,-199,2,103
6219,117_200,Spinal cord,-117,-200,2,102
6220,117_201,Spinal cord,-117,-201,2,103
6221,117_202,Spinal cord,-117,-202,2,103
6222,117_203,Spinal cord,-117,-203,2,101
6223,117_204,Spinal cord,-117,-204,2,100
6224,117_205,Spinal cord,-117,-205,2,100
6225,117_206,Spinal cord,-117,-206,2,102
6226,117_207,Spinal cord,-117,-207,2,101
6227,117_208,Spinal cord,-117,-208,2,103
6228,117_209,Spinal cord,-117,-209,2,103
6229,117_210,Spinal cord,-117,-210,2,102
6230,117_211,Spinal cord,-117,-211,2,103
6231,117_212,Brain,-117,-212,2,101
6232,117_213,Spinal cord,-117,-213,2,100
6233,117_214,Brain,-117,-214,2,102
6234,117_215,Brain,-117,-215,2,102
6235,117_216,Brain,-117,-216,2,102
6236,117_217,Brain,-117,-217,2,103
6237,117_218,Spinal cord,-117,-218,2,13
6238,117_219,Surface ectoderm,-117,-219,2,21
6239,117_220,Surface ectoderm,-117,-220,2,23
6240,117_221,Surface ectoderm,-117,-221,2,23
6241,117_222,Surface ectoderm,-117,-222,2,23
6242,117_223,Surface ectoderm,-117,-223,2,23
6243,117_224,Surface ectoderm,-117,-224,2,23
6244,117_225,Cavity,-117,-225,2,30
6245,117_226,Cavity,-117,-226,2,30
6246,117_227,Cavity,-117,-227,2,31
6247,117_228,Cavity,-117,-228,2,29
6248,117_229,Cavity,-117,-229,2,29
6249,117_230,Cavity,-117,-230,2,25
6250,117_231,Cavity,-117,-231,2,25
6251,117_232,Cavity,-117,-232,2,26
6252,118_171,Cavity,-118,-171,2,26
6253,118_172,Cavity,-118,-172,2,24
6254,118_173,Cavity,-118,-173,2,29
6255,118_174,Cavity,-118,-174,2,28
6256,118_175,Cavity,-118,-175,2,28
6257,118_176,Cavity,-118,-176,2,28
6258,118_177,Surface ectoderm,-118,-177,2,22
6259,118_178,Surface ectoderm,-118,-178,2,22
6260,118_179,Surface ectoderm,-118,-179,2,21
6261,118_180,Spinal cord,-118,-180,2,21
6262,118_181,Spinal cord,-118,-181,2,101
6263,118_182,Spinal cord,-118,-182,2,103
6264,118_183,Spinal cord,-118,-183,2,101
6265,118_184,Spinal cord,-118,-184,2,103
6266,118_185,Spinal cord,-118,-185,2,102
6267,118_186,Spinal cord,-118,-186,2,100
6268,118_187,Spinal cord,-118,-187,2,103
6269,118_188,Spinal cord,-118,-188,2,103
6270,118_189,Spinal cord,-118,-189,2,101
6271,118_190,Spinal cord,-118,-190,2,100
6272,118_191,Spinal cord,-118,-191,2,103
6273,118_192,Spinal cord,-118,-192,2,101
6274,118_193,Spinal cord,-118,-193,2,103
6275,118_194,Spinal cord,-118,-194,2,103
6276,118_195,Spinal cord,-118,-195,2,102
6277,118_196,Spinal cord,-118,-196,2,101
6278,118_197,Spinal cord,-118,-197,2,103
6279,118_198,Spinal cord,-118,-198,2,102
6280,118_199,Spinal cord,-118,-199,2,102
6281,118_200,Spinal cord,-118,-200,2,103
6282,118_201,Spinal cord,-118,-201,2,103
6283,118_202,Spinal cord,-118,-202,2,101
6284,118_203,Spinal cord,-118,-203,2,103
6285,118_204,Spinal cord,-118,-204,2,103
6286,118_205,Spinal cord,-118,-205,2,101
6287,118_206,Spinal cord,-118,-206,2,100
6288,118_207,Spinal cord,-118,-207,2,101
6289,118_208,Spinal cord,-118,-208,2,102
6290,118_209,Spinal cord,-118,-209,2,101
6291,118_210,Spinal cord,-118,-210,2,103
6292,118_211,Spinal cord,-118,-211,2,103
6293,118_212,Spinal cord,-118,-212,2,103
6294,118_213,Brain,-118,-213,2,102
6295,118_214,Brain,-118,-214,2,103
6296,118_215,Brain,-118,-215,2,102
6297,118_216,Brain,-118,-216,2,109
6298,118_217,Brain,-118,-217,2,101
6299,118_218,Brain,-118,-218,2,103
6300,118_219,Brain,-118,-219,2,109
6301,118_220,Surface ectoderm,-118,-220,2,22
6302,118_221,Surface ectoderm,-118,-221,2,22
6303,118_222,Surface ectoderm,-118,-222,2,22
6304,118_223,Surface ectoderm,-118,-223,2,21
6305,118_224,Surface ectoderm,-118,-224,2,22
6306,118_225,Surface ectoderm,-118,-225,2,21
6307,118_226,Surface ectoderm,-118,-226,2,23
6308,118_227,Cavity,-118,-227,2,28
6309,118_228,Cavity,-118,-228,2,29
6310,118_229,Cavity,-118,-229,2,31
6311,118_230,Cavity,-118,-230,2,31
6312,118_231,Cavity,-118,-231,2,24
6313,118_232,Cavity,-118,-232,2,29
6314,118_233,Cavity,-118,-233,2,26
6315,118_234,Cavity,-118,-234,2,27
6316,119_170,Cavity,-119,-170,2,26
6317,119_171,Cavity,-119,-171,2,29
6318,119_172,Cavity,-119,-172,2,28
6319,119_173,Cavity,-119,-173,2,29
6320,119_174,Cavity,-119,-174,2,28
6321,119_175,Cavity,-119,-175,2,23
6322,119_176,Surface ectoderm,-119,-176,2,22
6323,119_177,Surface ectoderm,-119,-177,2,21
6324,119_178,Spinal cord,-119,-178,2,101
6325,119_179,Spinal cord,-119,-179,2,101
6326,119_180,Spinal cord,-119,-180,2,101
6327,119_181,Spinal cord,-119,-181,2,103
6328,119_182,Spinal cord,-119,-182,2,100
6329,119_183,Spinal cord,-119,-183,2,102
6330,119_184,Spinal cord,-119,-184,2,103
6331,119_185,Spinal cord,-119,-185,2,102
6332,119_186,Spinal cord,-119,-186,2,101
6333,119_187,Spinal cord,-119,-187,2,102
6334,119_188,Spinal cord,-119,-188,2,103
6335,119_189,Spinal cord,-119,-189,2,102
6336,119_190,Spinal cord,-119,-190,2,101
6337,119_191,Spinal cord,-119,-191,2,100
6338,119_192,Spinal cord,-119,-192,2,103
6339,119_193,Spinal cord,-119,-193,2,103
6340,119_194,Spinal cord,-119,-194,2,103
6341,119_195,Spinal cord,-119,-195,2,102
6342,119_196,Spinal cord,-119,-196,2,100
6343,119_197,Spinal cord,-119,-197,2,103
6344,119_198,Spinal cord,-119,-198,2,102
6345,119_199,Spinal cord,-119,-199,2,101
6346,119_200,Spinal cord,-119,-200,2,101
6347,119_201,Spinal cord,-119,-201,2,101
6348,119_202,Spinal cord,-119,-202,2,101
6349,119_203,Spinal cord,-119,-203,2,100
6350,119_204,Spinal cord,-119,-204,2,101
6351,119_205,Spinal cord,-119,-205,2,101
6352,119_206,Spinal cord,-119,-206,2,103
6353,119_207,Spinal cord,-119,-207,2,100
6354,119_208,Spinal cord,-119,-208,2,101
6355,119_209,Spinal cord,-119,-209,2,101
6356,119_210,Spinal cord,-119,-210,2,100
6357,119_211,Spinal cord,-119,-211,2,100
6358,119_212,Spinal cord,-119,-212,2,103
6359,119_213,Brain,-119,-213,2,102
6360,119_214,Brain,-119,-214,2,102
6361,119_215,Spinal cord,-119,-215,2,100
6362,119_216,Brain,-119,-216,2,108
6363,119_217,Brain,-119,-217,2,102
6364,119_218,Brain,-119,-218,2,102
6365,119_219,Brain,-119,-219,2,103
6366,119_220,Brain,-119,-220,2,103
6367,119_221,Brain,-119,-221,2,101
6368,119_222,Brain,-119,-222,2,103
6369,119_223,Brain,-119,-223,2,102
6370,119_224,Brain,-119,-224,2,102
6371,119_225,Brain,-119,-225,2,102
6372,119_226,Surface ectoderm,-119,-226,2,22
6373,119_227,Surface ectoderm,-119,-227,2,23
6374,119_228,Cavity,-119,-228,2,30
6375,119_229,Cavity,-119,-229,2,28
6376,119_230,Cavity,-119,-230,2,29
6377,119_231,Cavity,-119,-231,2,31
6378,119_232,Cavity,-119,-232,2,31
6379,119_233,Cavity,-119,-233,2,29
6380,119_234,Cavity,-119,-234,2,25
6381,120_168,Cavity,-120,-168,2,27
6382,120_169,Cavity,-120,-169,2,26
6383,120_170,Cavity,-120,-170,2,29
6384,120_171,Cavity,-120,-171,2,29
6385,120_172,Cavity,-120,-172,2,28
6386,120_173,Cavity,-120,-173,2,28
6387,120_174,Surface ectoderm,-120,-174,2,23
6388,120_175,Surface ectoderm,-120,-175,2,22
6389,120_176,Surface ectoderm,-120,-176,2,22
6390,120_177,Spinal cord,-120,-177,2,102
6391,120_178,Spinal cord,-120,-178,2,100
6392,120_179,Spinal cord,-120,-179,2,100
6393,120_180,Spinal cord,-120,-180,2,101
6394,120_181,Spinal cord,-120,-181,2,102
6395,120_182,Spinal cord,-120,-182,2,102
6396,120_183,Brain,-120,-183,2,102
6397,120_184,Spinal cord,-120,-184,2,102
6398,120_185,Spinal cord,-120,-185,2,103
6399,120_186,Spinal cord,-120,-186,2,101
6400,120_187,Spinal cord,-120,-187,2,101
6401,120_188,Spinal cord,-120,-188,2,101
6402,120_189,Spinal cord,-120,-189,2,100
6403,120_190,Spinal cord,-120,-190,2,103
6404,120_191,Spinal cord,-120,-191,2,103
6405,120_192,Spinal cord,-120,-192,2,100
6406,120_193,Spinal cord,-120,-193,2,103
6407,120_194,Spinal cord,-120,-194,2,100
6408,120_195,Spinal cord,-120,-195,2,101
6409,120_196,Spinal cord,-120,-196,2,100
6410,120_197,Spinal cord,-120,-197,2,100
6411,120_198,Spinal cord,-120,-198,2,101
6412,120_199,Spinal cord,-120,-199,2,103
6413,120_200,Spinal cord,-120,-200,2,101
6414,120_201,Spinal cord,-120,-201,2,101
6415,120_202,Spinal cord,-120,-202,2,101
6416,120_203,Spinal cord,-120,-203,2,101
6417,120_204,Spinal cord,-120,-204,2,101
6418,120_205,Spinal cord,-120,-205,2,100
6419,120_206,Spinal cord,-120,-206,2,101
6420,120_207,Spinal cord,-120,-207,2,101
6421,120_208,Spinal cord,-120,-208,2,100
6422,120_209,Spinal cord,-120,-209,2,101
6423,120_210,Spinal cord,-120,-210,2,100
6424,120_211,Spinal cord,-120,-211,2,103
6425,120_212,Spinal cord,-120,-212,2,100
6426,120_213,Spinal cord,-120,-213,2,102
6427,120_214,Spinal cord,-120,-214,2,103
6428,120_215,Spinal cord,-120,-215,2,103
6429,120_216,Brain,-120,-216,2,102
6430,120_217,Brain,-120,-217,2,102
6431,120_218,Brain,-120,-218,2,109
6432,120_219,Spinal cord,-120,-219,2,103
6433,120_220,Brain,-120,-220,2,102
6434,120_221,Brain,-120,-221,2,103
6435,120_222,Brain,-120,-222,2,109
6436,120_223,Brain,-120,-223,2,102
6437,120_224,Brain,-120,-224,2,102
6438,120_225,Brain,-120,-225,2,102
6439,120_226,Spinal cord,-120,-226,2,102
6440,120_227,Surface ectoderm,-120,-227,2,23
6441,120_228,Surface ectoderm,-120,-228,2,28
6442,120_229,Surface ectoderm,-120,-229,2,28
6443,120_230,Connective tissue,-120,-230,2,31
6444,120_231,Cavity,-120,-231,2,31
6445,120_232,Cavity,-120,-232,2,29
6446,120_233,Cavity,-120,-233,2,29
6447,120_234,Cavity,-120,-234,2,31
6448,120_235,Cavity,-120,-235,2,25
6449,120_236,Cavity,-120,-236,2,27
6450,121_168,Cavity,-121,-168,2,24
6451,121_169,Cavity,-121,-169,2,24
6452,121_170,Cavity,-121,-170,2,28
6453,121_171,Cavity,-121,-171,2,28
6454,121_172,Cavity,-121,-172,2,23
6455,121_173,Surface ectoderm,-121,-173,2,23
6456,121_174,Surface ectoderm,-121,-174,2,20
6457,121_175,Surface ectoderm,-121,-175,2,21
6458,121_176,Spinal cord,-121,-176,2,94
6459,121_177,Spinal cord,-121,-177,2,101
6460,121_178,Spinal cord,-121,-178,2,102
6461,121_179,Spinal cord,-121,-179,2,103
6462,121_180,Spinal cord,-121,-180,2,102
6463,121_181,Spinal cord,-121,-181,2,103
6464,121_182,Spinal cord,-121,-182,2,102
6465,121_183,Spinal cord,-121,-183,2,102
6466,121_184,Spinal cord,-121,-184,2,101
6467,121_185,Spinal cord,-121,-185,2,100
6468,121_186,Spinal cord,-121,-186,2,101
6469,121_187,Spinal cord,-121,-187,2,101
6470,121_188,Spinal cord,-121,-188,2,101
6471,121_189,Spinal cord,-121,-189,2,101
6472,121_190,Spinal cord,-121,-190,2,101
6473,121_191,Spinal cord,-121,-191,2,100
6474,121_192,Spinal cord,-121,-192,2,103
6475,121_193,Spinal cord,-121,-193,2,101
6476,121_194,Spinal cord,-121,-194,2,101
6477,121_195,Spinal cord,-121,-195,2,103
6478,121_196,Spinal cord,-121,-196,2,101
6479,121_197,Spinal cord,-121,-197,2,102
6480,121_198,Spinal cord,-121,-198,2,101
6481,121_199,Spinal cord,-121,-199,2,100
6482,121_200,Spinal cord,-121,-200,2,101
6483,121_201,Spinal cord,-121,-201,2,100
6484,121_202,Spinal cord,-121,-202,2,101
6485,121_203,Spinal cord,-121,-203,2,101
6486,121_204,Spinal cord,-121,-204,2,100
6487,121_205,Spinal cord,-121,-205,2,101
6488,121_206,Spinal cord,-121,-206,2,102
6489,121_207,Spinal cord,-121,-207,2,101
6490,121_208,Spinal cord,-121,-208,2,101
6491,121_209,Spinal cord,-121,-209,2,101
6492,121_210,Spinal cord,-121,-210,2,100
6493,121_211,Spinal cord,-121,-211,2,103
6494,121_212,Spinal cord,-121,-212,2,101
6495,121_213,Spinal cord,-121,-213,2,103
6496,121_214,Spinal cord,-121,-214,2,101
6497,121_215,Spinal cord,-121,-215,2,103
6498,121_216,Brain,-121,-216,2,102
6499,121_217,Brain,-121,-217,2,102
6500,121_218,Brain,-121,-218,2,102
6501,121_219,Brain,-121,-219,2,102
6502,121_220,Brain,-121,-220,2,109
6503,121_221,Brain,-121,-221,2,102
6504,121_222,Brain,-121,-222,2,102
6505,121_223,Brain,-121,-223,2,108
6506,121_224,Brain,-121,-224,2,109
6507,121_225,Brain,-121,-225,2,102
6508,121_226,Brain,-121,-226,2,102
6509,121_227,Surface ectoderm,-121,-227,2,21
6510,121_228,Surface ectoderm,-121,-228,2,20
6511,121_229,Surface ectoderm,-121,-229,2,18
6512,121_230,Connective tissue,-121,-230,2,17
6513,121_231,Connective tissue,-121,-231,2,17
6514,121_232,Cavity,-121,-232,2,31
6515,121_233,Cavity,-121,-233,2,29
6516,121_234,Cavity,-121,-234,2,29
6517,121_235,Cavity,-121,-235,2,24
6518,121_236,Cavity,-121,-236,2,25
6519,121_237,Cavity,-121,-237,2,26
6520,122_166,Cavity,-122,-166,2,27
6521,122_167,Cavity,-122,-167,2,24
6522,122_168,Cavity,-122,-168,2,28
6523,122_169,Cavity,-122,-169,2,29
6524,122_170,Cavity,-122,-170,2,28
6525,122_171,Cavity,-122,-171,2,28
6526,122_172,Surface ectoderm,-122,-172,2,22
6527,122_173,Surface ectoderm,-122,-173,2,22
6528,122_174,Surface ectoderm,-122,-174,2,22
6529,122_175,Surface ectoderm,-122,-175,2,22
6530,122_176,Spinal cord,-122,-176,2,100
6531,122_177,Spinal cord,-122,-177,2,103
6532,122_178,Spinal cord,-122,-178,2,103
6533,122_179,Spinal cord,-122,-179,2,103
6534,122_180,Spinal cord,-122,-180,2,101
6535,122_181,Spinal cord,-122,-181,2,102
6536,122_182,Spinal cord,-122,-182,2,103
6537,122_183,Spinal cord,-122,-183,2,103
6538,122_184,Spinal cord,-122,-184,2,103
6539,122_185,Spinal cord,-122,-185,2,100
6540,122_186,Spinal cord,-122,-186,2,100
6541,122_187,Spinal cord,-122,-187,2,101
6542,122_188,Spinal cord,-122,-188,2,101
6543,122_189,Spinal cord,-122,-189,2,101
6544,122_190,Spinal cord,-122,-190,2,100
6545,122_191,Spinal cord,-122,-191,2,100
6546,122_192,Spinal cord,-122,-192,2,103
6547,122_193,Spinal cord,-122,-193,2,100
6548,122_194,Spinal cord,-122,-194,2,101
6549,122_195,Spinal cord,-122,-195,2,103
6550,122_196,Spinal cord,-122,-196,2,102
6551,122_197,Spinal cord,-122,-197,2,102
6552,122_198,Spinal cord,-122,-198,2,101
6553,122_199,Spinal cord,-122,-199,2,101
6554,122_200,Spinal cord,-122,-200,2,101
6555,122_201,Spinal cord,-122,-201,2,101
6556,122_202,Spinal cord,-122,-202,2,102
6557,122_203,Spinal cord,-122,-203,2,100
6558,122_204,Spinal cord,-122,-204,2,101
6559,122_205,Spinal cord,-122,-205,2,101
6560,122_206,Spinal cord,-122,-206,2,103
6561,122_207,Spinal cord,-122,-207,2,101
6562,122_208,Spinal cord,-122,-208,2,100
6563,122_209,Spinal cord,-122,-209,2,101
6564,122_210,Spinal cord,-122,-210,2,103
6565,122_211,Spinal cord,-122,-211,2,100
6566,122_212,Spinal cord,-122,-212,2,101
6567,122_213,Spinal cord,-122,-213,2,101
6568,122_214,Spinal cord,-122,-214,2,101
6569,122_215,Brain,-122,-215,2,102
6570,122_216,Brain,-122,-216,2,102
6571,122_217,Brain,-122,-217,2,109
6572,122_218,Brain,-122,-218,2,102
6573,122_219,Spinal cord,-122,-219,2,101
6574,122_220,Brain,-122,-220,2,102
6575,122_221,Brain,-122,-221,2,102
6576,122_222,Brain,-122,-222,2,109
6577,122_223,Brain,-122,-223,2,108
6578,122_224,Brain,-122,-224,2,102
6579,122_225,Brain,-122,-225,2,102
6580,122_226,Brain,-122,-226,2,102
6581,122_227,Brain,-122,-227,2,121
6582,122_228,Surface ectoderm,-122,-228,2,124
6583,122_229,Surface ectoderm,-122,-229,2,23
6584,122_230,Surface ectoderm,-122,-230,2,18
6585,122_231,Connective tissue,-122,-231,2,18
6586,122_232,Connective tissue,-122,-232,2,17
6587,122_233,Connective tissue,-122,-233,2,17
6588,122_234,Cavity,-122,-234,2,31
6589,122_235,Cavity,-122,-235,2,29
6590,122_236,Cavity,-122,-236,2,29
6591,122_237,Cavity,-122,-237,2,29
6592,122_238,Cavity,-122,-238,2,26
6593,123_166,Cavity,-123,-166,2,24
6594,123_167,Cavity,-123,-167,2,28
6595,123_168,Cavity,-123,-168,2,28
6596,123_169,Cavity,-123,-169,2,28
6597,123_170,Surface ectoderm,-123,-170,2,23
6598,123_171,Surface ectoderm,-123,-171,2,23
6599,123_172,Surface ectoderm,-123,-172,2,22
6600,123_173,Surface ectoderm,-123,-173,2,22
6601,123_174,Surface ectoderm,-123,-174,2,103
6602,123_175,Spinal cord,-123,-175,2,100
6603,123_176,Spinal cord,-123,-176,2,103
6604,123_177,Spinal cord,-123,-177,2,101
6605,123_178,Spinal cord,-123,-178,2,101
6606,123_179,Spinal cord,-123,-179,2,102
6607,123_180,Spinal cord,-123,-180,2,102
6608,123_181,Spinal cord,-123,-181,2,101
6609,123_182,Spinal cord,-123,-182,2,100
6610,123_183,Spinal cord,-123,-183,2,102
6611,123_184,Spinal cord,-123,-184,2,103
6612,123_185,Spinal cord,-123,-185,2,100
6613,123_186,Spinal cord,-123,-186,2,101
6614,123_187,Spinal cord,-123,-187,2,101
6615,123_188,Spinal cord,-123,-188,2,101
6616,123_189,Spinal cord,-123,-189,2,101
6617,123_190,Spinal cord,-123,-190,2,100
6618,123_191,Spinal cord,-123,-191,2,100
6619,123_192,Spinal cord,-123,-192,2,101
6620,123_193,Spinal cord,-123,-193,2,103
6621,123_194,Spinal cord,-123,-194,2,103
6622,123_195,Spinal cord,-123,-195,2,101
6623,123_196,Spinal cord,-123,-196,2,103
6624,123_197,Spinal cord,-123,-197,2,103
6625,123_198,Spinal cord,-123,-198,2,100
6626,123_199,Spinal cord,-123,-199,2,100
6627,123_200,Spinal cord,-123,-200,2,100
6628,123_201,Spinal cord,-123,-201,2,100
6629,123_202,Spinal cord,-123,-202,2,103
6630,123_203,Spinal cord,-123,-203,2,100
6631,123_204,Spinal cord,-123,-204,2,101
6632,123_205,Spinal cord,-123,-205,2,100
6633,123_206,Spinal cord,-123,-206,2,101
6634,123_207,Spinal cord,-123,-207,2,101
6635,123_208,Spinal cord,-123,-208,2,101
6636,123_209,Spinal cord,-123,-209,2,103
6637,123_210,Spinal cord,-123,-210,2,101
6638,123_211,Spinal cord,-123,-211,2,101
6639,123_212,Spinal cord,-123,-212,2,101
6640,123_213,Spinal cord,-123,-213,2,100
6641,123_214,Spinal cord,-123,-214,2,103
6642,123_215,Spinal cord,-123,-215,2,101
6643,123_216,Brain,-123,-216,2,102
6644,123_217,Brain,-123,-217,2,102
6645,123_218,Brain,-123,-218,2,102
6646,123_219,Brain,-123,-219,2,102
6647,123_220,Brain,-123,-220,2,108
6648,123_221,Brain,-123,-221,2,109
6649,123_222,Brain,-123,-222,2,109
6650,123_223,Brain,-123,-223,2,102
6651,123_224,Brain,-123,-224,2,102
6652,123_225,Brain,-123,-225,2,102
6653,123_226,Brain,-123,-226,2,109
6654,123_227,Brain,-123,-227,2,102
6655,123_228,Brain,-123,-228,2,103
6656,123_229,Surface ectoderm,-123,-229,2,123
6657,123_230,Surface ectoderm,-123,-230,2,23
6658,123_231,Surface ectoderm,-123,-231,2,23
6659,123_232,Connective tissue,-123,-232,2,17
6660,123_233,Connective tissue,-123,-233,2,17
6661,123_234,Connective tissue,-123,-234,2,17
6662,123_235,Cavity,-123,-235,2,28
6663,123_236,Cavity,-123,-236,2,29
6664,123_237,Cavity,-123,-237,2,29
6665,123_238,Cavity,-123,-238,2,29
6666,123_239,Cavity,-123,-239,2,25
6667,123_240,Cavity,-123,-240,2,27
6668,124_165,Cavity,-124,-165,2,24
6669,124_166,Cavity,-124,-166,2,28
6670,124_167,Cavity,-124,-167,2,28
6671,124_168,Cavity,-124,-168,2,28
6672,124_169,Cavity,-124,-169,2,28
6673,124_170,Surface ectoderm,-124,-170,2,22
6674,124_171,Surface ectoderm,-124,-171,2,22
6675,124_172,Spinal cord,-124,-172,2,103
6676,124_173,Spinal cord,-124,-173,2,102
6677,124_174,Spinal cord,-124,-174,2,103
6678,124_175,Spinal cord,-124,-175,2,101
6679,124_176,Spinal cord,-124,-176,2,103
6680,124_177,Spinal cord,-124,-177,2,102
6681,124_178,Spinal cord,-124,-178,2,100
6682,124_179,Spinal cord,-124,-179,2,103
6683,124_180,Spinal cord,-124,-180,2,103
6684,124_181,Spinal cord,-124,-181,2,103
6685,124_182,Spinal cord,-124,-182,2,100
6686,124_183,Spinal cord,-124,-183,2,102
6687,124_184,Spinal cord,-124,-184,2,103
6688,124_185,Spinal cord,-124,-185,2,100
6689,124_186,Spinal cord,-124,-186,2,100
6690,124_187,Spinal cord,-124,-187,2,101
6691,124_188,Spinal cord,-124,-188,2,101
6692,124_189,Spinal cord,-124,-189,2,100
6693,124_190,Spinal cord,-124,-190,2,101
6694,124_191,Spinal cord,-124,-191,2,101
6695,124_192,Spinal cord,-124,-192,2,103
6696,124_193,Spinal cord,-124,-193,2,101
6697,124_194,Spinal cord,-124,-194,2,101
6698,124_195,Spinal cord,-124,-195,2,102
6699,124_196,Spinal cord,-124,-196,2,101
6700,124_197,Spinal cord,-124,-197,2,103
6701,124_198,Spinal cord,-124,-198,2,100
6702,124_199,Spinal cord,-124,-199,2,101
6703,124_200,Spinal cord,-124,-200,2,101
6704,124_201,Spinal cord,-124,-201,2,101
6705,124_202,Spinal cord,-124,-202,2,101
6706,124_203,Spinal cord,-124,-203,2,101
6707,124_204,Spinal cord,-124,-204,2,101
6708,124_205,Spinal cord,-124,-205,2,101
6709,124_206,Spinal cord,-124,-206,2,101
6710,124_207,Spinal cord,-124,-207,2,101
6711,124_208,Spinal cord,-124,-208,2,101
6712,124_209,Spinal cord,-124,-209,2,101
6713,124_210,Spinal cord,-124,-210,2,101
6714,124_211,Spinal cord,-124,-211,2,100
6715,124_212,Spinal cord,-124,-212,2,101
6716,124_213,Spinal cord,-124,-213,2,103
6717,124_214,Spinal cord,-124,-214,2,103
6718,124_215,Brain,-124,-215,2,103
6719,124_216,Brain,-124,-216,2,102
6720,124_217,Brain,-124,-217,2,109
6721,124_218,Brain,-124,-218,2,102
6722,124_219,Brain,-124,-219,2,102
6723,124_220,Brain,-124,-220,2,108
6724,124_221,Brain,-124,-221,2,108
6725,124_222,Cavity,-124,-222,2,107
6726,124_223,Brain,-124,-223,2,109
6727,124_224,Brain,-124,-224,2,109
6728,124_225,Brain,-124,-225,2,102
6729,124_226,Brain,-124,-226,2,99
6730,124_227,Brain,-124,-227,2,109
6731,124_228,Brain,-124,-228,2,102
6732,124_229,Brain,-124,-229,2,102
6733,124_230,Surface ectoderm,-124,-230,2,121
6734,124_231,Surface ectoderm,-124,-231,2,118
6735,124_232,Surface ectoderm,-124,-232,2,18
6736,124_233,Connective tissue,-124,-233,2,17
6737,124_234,Connective tissue,-124,-234,2,17
6738,124_235,Connective tissue,-124,-235,2,17
6739,124_236,Cavity,-124,-236,2,31
6740,124_237,Cavity,-124,-237,2,31
6741,124_238,Cavity,-124,-238,2,29
6742,124_239,Cavity,-124,-239,2,25
6743,124_240,Cavity,-124,-240,2,25
6744,124_241,Cavity,-124,-241,2,27
6745,125_164,Cavity,-125,-164,2,27
6746,125_165,Cavity,-125,-165,2,28
6747,125_166,Cavity,-125,-166,2,28
6748,125_167,Cavity,-125,-167,2,28
6749,125_168,Cavity,-125,-168,2,28
6750,125_169,Surface ectoderm,-125,-169,2,28
6751,125_170,Surface ectoderm,-125,-170,2,22
6752,125_171,Surface ectoderm,-125,-171,2,22
6753,125_172,Spinal cord,-125,-172,2,103
6754,125_173,Spinal cord,-125,-173,2,100
6755,125_174,Spinal cord,-125,-174,2,102
6756,125_175,Spinal cord,-125,-175,2,103
6757,125_176,Spinal cord,-125,-176,2,100
6758,125_177,Spinal cord,-125,-177,2,103
6759,125_178,Spinal cord,-125,-178,2,103
6760,125_179,Spinal cord,-125,-179,2,101
6761,125_180,Spinal cord,-125,-180,2,103
6762,125_181,Spinal cord,-125,-181,2,100
6763,125_182,Spinal cord,-125,-182,2,102
6764,125_183,Spinal cord,-125,-183,2,103
6765,125_184,Spinal cord,-125,-184,2,103
6766,125_185,Spinal cord,-125,-185,2,101
6767,125_186,Spinal cord,-125,-186,2,101
6768,125_187,Spinal cord,-125,-187,2,101
6769,125_188,Spinal cord,-125,-188,2,101
6770,125_189,Spinal cord,-125,-189,2,103
6771,125_190,Spinal cord,-125,-190,2,103
6772,125_191,Spinal cord,-125,-191,2,101
6773,125_192,Spinal cord,-125,-192,2,100
6774,125_193,Spinal cord,-125,-193,2,103
6775,125_194,Spinal cord,-125,-194,2,103
6776,125_195,Spinal cord,-125,-195,2,103
6777,125_196,Spinal cord,-125,-196,2,100
6778,125_197,Spinal cord,-125,-197,2,102
6779,125_198,Spinal cord,-125,-198,2,100
6780,125_199,Spinal cord,-125,-199,2,101
6781,125_200,Spinal cord,-125,-200,2,103
6782,125_201,Spinal cord,-125,-201,2,101
6783,125_202,Spinal cord,-125,-202,2,101
6784,125_203,Spinal cord,-125,-203,2,101
6785,125_204,Spinal cord,-125,-204,2,101
6786,125_205,Spinal cord,-125,-205,2,101
6787,125_206,Spinal cord,-125,-206,2,101
6788,125_207,Spinal cord,-125,-207,2,100
6789,125_208,Spinal cord,-125,-208,2,101
6790,125_209,Spinal cord,-125,-209,2,101
6791,125_210,Spinal cord,-125,-210,2,101
6792,125_211,Spinal cord,-125,-211,2,101
6793,125_212,Spinal cord,-125,-212,2,101
6794,125_213,Spinal cord,-125,-213,2,101
6795,125_214,Spinal cord,-125,-214,2,103
6796,125_215,Spinal cord,-125,-215,2,101
6797,125_216,Brain,-125,-216,2,101
6798,125_217,Brain,-125,-217,2,102
6799,125_218,Brain,-125,-218,2,108
6800,125_219,Brain,-125,-219,2,108
6801,125_220,Brain,-125,-220,2,108
6802,125_221,Brain,-125,-221,2,108
6803,125_222,Brain,-125,-222,2,109
6804,125_223,Brain,-125,-223,2,108
6805,125_224,Brain,-125,-224,2,109
6806,125_225,Brain,-125,-225,2,102
6807,125_226,Brain,-125,-226,2,102
6808,125_227,Brain,-125,-227,2,102
6809,125_228,Brain,-125,-228,2,102
6810,125_229,Brain,-125,-229,2,108
6811,125_230,Brain,-125,-230,2,109
6812,125_231,Surface ectoderm,-125,-231,2,123
6813,125_232,Surface ectoderm,-125,-232,2,98
6814,125_233,Urogenital ridge,-125,-233,2,4
6815,125_234,Connective tissue,-125,-234,2,17
6816,125_235,Connective tissue,-125,-235,2,17
6817,125_236,Connective tissue,-125,-236,2,17
6818,125_237,Connective tissue,-125,-237,2,31
6819,125_238,Cavity,-125,-238,2,31
6820,125_239,Cavity,-125,-239,2,29
6821,125_240,Cavity,-125,-240,2,29
6822,125_241,Cavity,-125,-241,2,24
6823,125_242,Cavity,-125,-242,2,26
6824,126_164,Cavity,-126,-164,2,28
6825,126_165,Cavity,-126,-165,2,28
6826,126_166,Cavity,-126,-166,2,28
6827,126_167,Cavity,-126,-167,2,28
6828,126_168,Surface ectoderm,-126,-168,2,23
6829,126_169,Surface ectoderm,-126,-169,2,22
6830,126_170,Surface ectoderm,-126,-170,2,22
6831,126_171,Surface ectoderm,-126,-171,2,89
6832,126_172,Spinal cord,-126,-172,2,103
6833,126_173,Spinal cord,-126,-173,2,102
6834,126_174,Spinal cord,-126,-174,2,103
6835,126_175,Spinal cord,-126,-175,2,102
6836,126_176,Spinal cord,-126,-176,2,100
6837,126_177,Spinal cord,-126,-177,2,103
6838,126_178,Spinal cord,-126,-178,2,102
6839,126_179,Spinal cord,-126,-179,2,100
6840,126_180,Spinal cord,-126,-180,2,102
6841,126_181,Spinal cord,-126,-181,2,102
6842,126_182,Spinal cord,-126,-182,2,103
6843,126_183,Spinal cord,-126,-183,2,103
6844,126_184,Spinal cord,-126,-184,2,100
6845,126_185,Spinal cord,-126,-185,2,100
6846,126_186,Spinal cord,-126,-186,2,103
6847,126_187,Spinal cord,-126,-187,2,101
6848,126_188,Spinal cord,-126,-188,2,100
6849,126_189,Spinal cord,-126,-189,2,100
6850,126_190,Spinal cord,-126,-190,2,100
6851,126_191,Spinal cord,-126,-191,2,100
6852,126_192,Spinal cord,-126,-192,2,101
6853,126_193,Spinal cord,-126,-193,2,100
6854,126_194,Spinal cord,-126,-194,2,100
6855,126_195,Spinal cord,-126,-195,2,103
6856,126_196,Spinal cord,-126,-196,2,100
6857,126_197,Spinal cord,-126,-197,2,101
6858,126_198,Spinal cord,-126,-198,2,101
6859,126_199,Spinal cord,-126,-199,2,101
6860,126_200,Spinal cord,-126,-200,2,101
6861,126_201,Spinal cord,-126,-201,2,101
6862,126_202,Spinal cord,-126,-202,2,101
6863,126_203,Spinal cord,-126,-203,2,100
6864,126_204,Spinal cord,-126,-204,2,101
6865,126_205,Spinal cord,-126,-205,2,101
6866,126_206,Spinal cord,-126,-206,2,101
6867,126_207,Spinal cord,-126,-207,2,101
6868,126_208,Spinal cord,-126,-208,2,101
6869,126_209,Spinal cord,-126,-209,2,101
6870,126_210,Spinal cord,-126,-210,2,101
6871,126_211,Spinal cord,-126,-211,2,100
6872,126_212,Spinal cord,-126,-212,2,100
6873,126_213,Spinal cord,-126,-213,2,101
6874,126_214,Spinal cord,-126,-214,2,102
6875,126_215,Brain,-126,-215,2,101
6876,126_216,Brain,-126,-216,2,109
6877,126_217,Brain,-126,-217,2,109
6878,126_218,Brain,-126,-218,2,108
6879,126_219,Brain,-126,-219,2,108
6880,126_220,Brain,-126,-220,2,108
6881,126_221,Brain,-126,-221,2,108
6882,126_222,Brain,-126,-222,2,108
6883,126_223,Brain,-126,-223,2,108
6884,126_224,Brain,-126,-224,2,108
6885,126_225,Brain,-126,-225,2,102
6886,126_226,Brain,-126,-226,2,102
6887,126_227,Brain,-126,-227,2,102
6888,126_228,Brain,-126,-228,2,102
6889,126_229,Brain,-126,-229,2,102
6890,126_230,Brain,-126,-230,2,102
6891,126_231,Brain,-126,-231,2,108
6892,126_232,Brain,-126,-232,2,123
6893,126_233,Surface ectoderm,-126,-233,2,23
6894,126_234,Urogenital ridge,-126,-234,2,4
6895,126_235,Connective tissue,-126,-235,2,17
6896,126_236,Connective tissue,-126,-236,2,17
6897,126_237,Connective tissue,-126,-237,2,17
6898,126_238,Connective tissue,-126,-238,2,17
6899,126_239,Cavity,-126,-239,2,17
6900,126_240,Cavity,-126,-240,2,29
6901,126_241,Cavity,-126,-241,2,24
6902,126_242,Cavity,-126,-242,2,25
6903,126_243,Cavity,-126,-243,2,25
6904,126_244,Cavity,-126,-244,2,27
6905,127_163,Cavity,-127,-163,2,25
6906,127_164,Cavity,-127,-164,2,28
6907,127_165,Cavity,-127,-165,2,28
6908,127_166,Surface ectoderm,-127,-166,2,28
6909,127_167,Surface ectoderm,-127,-167,2,23
6910,127_168,Surface ectoderm,-127,-168,2,22
6911,127_169,Surface ectoderm,-127,-169,2,22
6912,127_170,Spinal cord,-127,-170,2,89
6913,127_171,Spinal cord,-127,-171,2,89
6914,127_172,Spinal cord,-127,-172,2,103
6915,127_173,Spinal cord,-127,-173,2,102
6916,127_174,Spinal cord,-127,-174,2,103
6917,127_175,Spinal cord,-127,-175,2,100
6918,127_176,Spinal cord,-127,-176,2,103
6919,127_177,Spinal cord,-127,-177,2,100
6920,127_178,Spinal cord,-127,-178,2,100
6921,127_179,Spinal cord,-127,-179,2,123
6922,127_180,Spinal cord,-127,-180,2,100
6923,127_181,Spinal cord,-127,-181,2,100
6924,127_182,Spinal cord,-127,-182,2,100
6925,127_183,Spinal cord,-127,-183,2,103
6926,127_184,Spinal cord,-127,-184,2,103
6927,127_185,Spinal cord,-127,-185,2,100
6928,127_186,Spinal cord,-127,-186,2,100
6929,127_187,Spinal cord,-127,-187,2,101
6930,127_188,Spinal cord,-127,-188,2,103
6931,127_189,Spinal cord,-127,-189,2,101
6932,127_190,Spinal cord,-127,-190,2,100
6933,127_191,Spinal cord,-127,-191,2,101
6934,127_192,Spinal cord,-127,-192,2,101
6935,127_193,Spinal cord,-127,-193,2,100
6936,127_194,Spinal cord,-127,-194,2,100
6937,127_195,Spinal cord,-127,-195,2,101
6938,127_196,Spinal cord,-127,-196,2,100
6939,127_197,Spinal cord,-127,-197,2,103
6940,127_198,Spinal cord,-127,-198,2,100
6941,127_199,Spinal cord,-127,-199,2,100
6942,127_200,Spinal cord,-127,-200,2,100
6943,127_201,Spinal cord,-127,-201,2,100
6944,127_202,Spinal cord,-127,-202,2,100
6945,127_203,Spinal cord,-127,-203,2,103
6946,127_204,Spinal cord,-127,-204,2,100
6947,127_205,Spinal cord,-127,-205,2,101
6948,127_206,Spinal cord,-127,-206,2,101
6949,127_207,Spinal cord,-127,-207,2,100
6950,127_208,Spinal cord,-127,-208,2,100
6951,127_209,Spinal cord,-127,-209,2,100
6952,127_210,Spinal cord,-127,-210,2,101
6953,127_211,Spinal cord,-127,-211,2,100
6954,127_212,Spinal cord,-127,-212,2,102
6955,127_213,Spinal cord,-127,-213,2,102
6956,127_214,Spinal cord,-127,-214,2,102
6957,127_215,Brain,-127,-215,2,109
6958,127_216,Brain,-127,-216,2,109
6959,127_217,Brain,-127,-217,2,108
6960,127_218,Brain,-127,-218,2,108
6961,127_219,Brain,-127,-219,2,108
6962,127_220,Brain,-127,-220,2,108
6963,127_221,Brain,-127,-221,2,108
6964,127_222,Brain,-127,-222,2,108
6965,127_223,Brain,-127,-223,2,108
6966,127_224,Brain,-127,-224,2,108
6967,127_225,Brain,-127,-225,2,102
6968,127_226,Brain,-127,-226,2,102
6969,127_227,Brain,-127,-227,2,102
6970,127_228,Brain,-127,-228,2,109
6971,127_229,Brain,-127,-229,2,102
6972,127_230,Brain,-127,-230,2,108
6973,127_231,Brain,-127,-231,2,109
6974,127_232,Brain,-127,-232,2,109
6975,127_233,Cavity,-127,-233,2,124
6976,127_234,Urogenital ridge,-127,-234,2,5
6977,127_235,Blood vessel,-127,-235,2,6
6978,127_236,Blood vessel,-127,-236,2,6
6979,127_237,Blood vessel,-127,-237,2,6
6980,127_238,Connective tissue,-127,-238,2,17
6981,127_239,Connective tissue,-127,-239,2,31
6982,127_240,Cavity,-127,-240,2,29
6983,127_241,Cavity,-127,-241,2,24
6984,127_242,Cavity,-127,-242,2,24
6985,127_243,Cavity,-127,-243,2,29
6986,127_244,Cavity,-127,-244,2,25
6987,127_245,Cavity,-127,-245,2,27
6988,128_162,Cavity,-128,-162,2,27
6989,128_163,Cavity,-128,-163,2,29
6990,128_164,Cavity,-128,-164,2,28
6991,128_165,Surface ectoderm,-128,-165,2,28
6992,128_166,Surface ectoderm,-128,-166,2,22
6993,128_167,Surface ectoderm,-128,-167,2,23
6994,128_168,Surface ectoderm,-128,-168,2,22
6995,128_169,Surface ectoderm,-128,-169,2,91
6996,128_170,Spinal cord,-128,-170,2,89
6997,128_171,Spinal cord,-128,-171,2,94
6998,128_172,Spinal cord,-128,-172,2,103
6999,128_173,Spinal cord,-128,-173,2,102
7000,128_174,Spinal cord,-128,-174,2,100
7001,128_175,Spinal cord,-128,-175,2,102
7002,128_176,Spinal cord,-128,-176,2,100
7003,128_177,Spinal cord,-128,-177,2,100
7004,128_178,Spinal cord,-128,-178,2,103
7005,128_179,Spinal cord,-128,-179,2,100
7006,128_180,Spinal cord,-128,-180,2,100
7007,128_181,Spinal cord,-128,-181,2,103
7008,128_182,Spinal cord,-128,-182,2,100
7009,128_183,Spinal cord,-128,-183,2,103
7010,128_184,Spinal cord,-128,-184,2,100
7011,128_185,Spinal cord,-128,-185,2,88
7012,128_186,Spinal cord,-128,-186,2,100
7013,128_187,Spinal cord,-128,-187,2,101
7014,128_188,Spinal cord,-128,-188,2,100
7015,128_189,Spinal cord,-128,-189,2,100
7016,128_190,Spinal cord,-128,-190,2,100
7017,128_191,Spinal cord,-128,-191,2,101
7018,128_192,Spinal cord,-128,-192,2,100
7019,128_193,Spinal cord,-128,-193,2,100
7020,128_194,Spinal cord,-128,-194,2,100
7021,128_195,Spinal cord,-128,-195,2,101
7022,128_196,Spinal cord,-128,-196,2,100
7023,128_197,Spinal cord,-128,-197,2,101
7024,128_198,Spinal cord,-128,-198,2,100
7025,128_199,Spinal cord,-128,-199,2,100
7026,128_200,Spinal cord,-128,-200,2,100
7027,128_201,Spinal cord,-128,-201,2,101
7028,128_202,Spinal cord,-128,-202,2,103
7029,128_203,Spinal cord,-128,-203,2,101
7030,128_204,Spinal cord,-128,-204,2,101
7031,128_205,Spinal cord,-128,-205,2,101
7032,128_206,Spinal cord,-128,-206,2,103
7033,128_207,Spinal cord,-128,-207,2,100
7034,128_208,Spinal cord,-128,-208,2,100
7035,128_209,Spinal cord,-128,-209,2,101
7036,128_210,Spinal cord,-128,-210,2,100
7037,128_211,Spinal cord,-128,-211,2,100
7038,128_212,Brain,-128,-212,2,102
7039,128_213,Spinal cord,-128,-213,2,100
7040,128_214,Cavity,-128,-214,2,107
7041,128_215,Cavity,-128,-215,2,106
7042,128_216,Cavity,-128,-216,2,106
7043,128_217,Cavity,-128,-217,2,106
7044,128_218,Cavity,-128,-218,2,106
7045,128_219,Cavity,-128,-219,2,108
7046,128_220,Cavity,-128,-220,2,106
7047,128_221,Brain,-128,-221,2,108
7048,128_222,Brain,-128,-222,2,111
7049,128_223,Brain,-128,-223,2,111
7050,128_224,Brain,-128,-224,2,108
7051,128_225,Brain,-128,-225,2,108
7052,128_226,Brain,-128,-226,2,108
7053,128_227,Brain,-128,-227,2,108
7054,128_228,Brain,-128,-228,2,109
7055,128_229,Brain,-128,-229,2,102
7056,128_230,Brain,-128,-230,2,102
7057,128_231,Brain,-128,-231,2,108
7058,128_232,Brain,-128,-232,2,109
7059,128_233,Brain,-128,-233,2,97
7060,128_234,Cavity,-128,-234,2,116
7061,128_235,Urogenital ridge,-128,-235,2,4
7062,128_236,Blood vessel,-128,-236,2,5
7063,128_237,Blood vessel,-128,-237,2,7
7064,128_238,Urogenital ridge,-128,-238,2,6
7065,128_239,Connective tissue,-128,-239,2,17
7066,128_240,Connective tissue,-128,-240,2,6
7067,128_241,Cavity,-128,-241,2,29
7068,128_242,Cavity,-128,-242,2,29
7069,128_243,Cavity,-128,-243,2,29
7070,128_244,Cavity,-128,-244,2,24
7071,128_245,Cavity,-128,-245,2,25
7072,128_246,Cavity,-128,-246,2,27
7073,129_161,Cavity,-129,-161,2,26
7074,129_162,Cavity,-129,-162,2,28
7075,129_163,Cavity,-129,-163,2,28
7076,129_164,Cavity,-129,-164,2,23
7077,129_165,Surface ectoderm,-129,-165,2,23
7078,129_166,Surface ectoderm,-129,-166,2,23
7079,129_167,Surface ectoderm,-129,-167,2,22
7080,129_168,Surface ectoderm,-129,-168,2,89
7081,129_169,Spinal cord,-129,-169,2,89
7082,129_170,Spinal cord,-129,-170,2,89
7083,129_171,Spinal cord,-129,-171,2,102
7084,129_172,Spinal cord,-129,-172,2,100
7085,129_173,Spinal cord,-129,-173,2,103
7086,129_174,Spinal cord,-129,-174,2,101
7087,129_175,Spinal cord,-129,-175,2,102
7088,129_176,Spinal cord,-129,-176,2,101
7089,129_177,Spinal cord,-129,-177,2,103
7090,129_178,Spinal cord,-129,-178,2,103
7091,129_179,Spinal cord,-129,-179,2,101
7092,129_180,Spinal cord,-129,-180,2,103
7093,129_181,Spinal cord,-129,-181,2,103
7094,129_182,Spinal cord,-129,-182,2,103
7095,129_183,Spinal cord,-129,-183,2,103
7096,129_184,Spinal cord,-129,-184,2,100
7097,129_185,Spinal cord,-129,-185,2,100
7098,129_186,Spinal cord,-129,-186,2,100
7099,129_187,Spinal cord,-129,-187,2,100
7100,129_188,Spinal cord,-129,-188,2,100
7101,129_189,Spinal cord,-129,-189,2,103
7102,129_190,Spinal cord,-129,-190,2,100
7103,129_191,Spinal cord,-129,-191,2,100
7104,129_192,Spinal cord,-129,-192,2,101
7105,129_193,Spinal cord,-129,-193,2,100
7106,129_194,Spinal cord,-129,-194,2,103
7107,129_195,Spinal cord,-129,-195,2,103
7108,129_196,Spinal cord,-129,-196,2,101
7109,129_197,Spinal cord,-129,-197,2,100
7110,129_198,Spinal cord,-129,-198,2,101
7111,129_199,Spinal cord,-129,-199,2,101
7112,129_200,Spinal cord,-129,-200,2,101
7113,129_201,Spinal cord,-129,-201,2,100
7114,129_202,Spinal cord,-129,-202,2,100
7115,129_203,Spinal cord,-129,-203,2,101
7116,129_204,Spinal cord,-129,-204,2,101
7117,129_205,Spinal cord,-129,-205,2,100
7118,129_206,Spinal cord,-129,-206,2,103
7119,129_207,Spinal cord,-129,-207,2,103
7120,129_208,Spinal cord,-129,-208,2,100
7121,129_209,Spinal cord,-129,-209,2,100
7122,129_210,Spinal cord,-129,-210,2,101
7123,129_211,Spinal cord,-129,-211,2,103
7124,129_212,Spinal cord,-129,-212,2,103
7125,129_213,Cavity,-129,-213,2,107
7126,129_214,Cavity,-129,-214,2,107
7127,129_215,Cavity,-129,-215,2,106
7128,129_216,Cavity,-129,-216,2,107
7129,129_217,Cavity,-129,-217,2,107
7130,129_218,Cavity,-129,-218,2,106
7131,129_219,Cavity,-129,-219,2,106
7132,129_220,Cavity,-129,-220,2,106
7133,129_221,Brain,-129,-221,2,108
7134,129_222,Brain,-129,-222,2,108
7135,129_223,Brain,-129,-223,2,111
7136,129_224,Brain,-129,-224,2,108
7137,129_225,Brain,-129,-225,2,108
7138,129_226,Brain,-129,-226,2,108
7139,129_227,Brain,-129,-227,2,109
7140,129_228,Brain,-129,-228,2,102
7141,129_229,Brain,-129,-229,2,109
7142,129_230,Brain,-129,-230,2,109
7143,129_231,Brain,-129,-231,2,102
7144,129_232,Brain,-129,-232,2,109
7145,129_233,Brain,-129,-233,2,97
7146,129_234,Brain,-129,-234,2,97
7147,129_235,Cavity,-129,-235,2,125
7148,129_236,Cavity,-129,-236,2,127
7149,129_237,Urogenital ridge,-129,-237,2,5
7150,129_238,Blood vessel,-129,-238,2,7
7151,129_239,Urogenital ridge,-129,-239,2,4
7152,129_240,Urogenital ridge,-129,-240,2,4
7153,129_241,Urogenital ridge,-129,-241,2,16
7154,129_242,Cavity,-129,-242,2,6
7155,129_243,Cavity,-129,-243,2,29
7156,129_244,Cavity,-129,-244,2,29
7157,129_245,Cavity,-129,-245,2,29
7158,129_246,Cavity,-129,-246,2,25
7159,129_247,Cavity,-129,-247,2,26
7160,130_160,Cavity,-130,-160,2,26
7161,130_161,Cavity,-130,-161,2,29
7162,130_162,Cavity,-130,-162,2,28
7163,130_163,Cavity,-130,-163,2,28
7164,130_164,Surface ectoderm,-130,-164,2,28
7165,130_165,Surface ectoderm,-130,-165,2,23
7166,130_166,Surface ectoderm,-130,-166,2,22
7167,130_167,Surface ectoderm,-130,-167,2,89
7168,130_168,Spinal cord,-130,-168,2,95
7169,130_169,Spinal cord,-130,-169,2,81
7170,130_170,Spinal cord,-130,-170,2,95
7171,130_171,Spinal cord,-130,-171,2,109
7172,130_172,Spinal cord,-130,-172,2,109
7173,130_173,Spinal cord,-130,-173,2,103
7174,130_174,Spinal cord,-130,-174,2,102
7175,130_175,Spinal cord,-130,-175,2,100
7176,130_176,Spinal cord,-130,-176,2,100
7177,130_177,Spinal cord,-130,-177,2,100
7178,130_178,Spinal cord,-130,-178,2,100
7179,130_179,Spinal cord,-130,-179,2,103
7180,130_180,Spinal cord,-130,-180,2,100
7181,130_181,Spinal cord,-130,-181,2,100
7182,130_182,Spinal cord,-130,-182,2,100
7183,130_183,Spinal cord,-130,-183,2,89
7184,130_184,Spinal cord,-130,-184,2,88
7185,130_185,Spinal cord,-130,-185,2,100
7186,130_186,Spinal cord,-130,-186,2,100
7187,130_187,Spinal cord,-130,-187,2,100
7188,130_188,Spinal cord,-130,-188,2,100
7189,130_189,Spinal cord,-130,-189,2,100
7190,130_190,Spinal cord,-130,-190,2,100
7191,130_191,Spinal cord,-130,-191,2,103
7192,130_192,Spinal cord,-130,-192,2,101
7193,130_193,Spinal cord,-130,-193,2,103
7194,130_194,Spinal cord,-130,-194,2,103
7195,130_195,Spinal cord,-130,-195,2,100
7196,130_196,Spinal cord,-130,-196,2,101
7197,130_197,Spinal cord,-130,-197,2,100
7198,130_198,Spinal cord,-130,-198,2,100
7199,130_199,Spinal cord,-130,-199,2,100
7200,130_200,Spinal cord,-130,-200,2,100
7201,130_201,Spinal cord,-130,-201,2,100
7202,130_202,Spinal cord,-130,-202,2,100
7203,130_203,Spinal cord,-130,-203,2,101
7204,130_204,Spinal cord,-130,-204,2,103
7205,130_205,Spinal cord,-130,-205,2,101
7206,130_206,Spinal cord,-130,-206,2,101
7207,130_207,Spinal cord,-130,-207,2,100
7208,130_208,Spinal cord,-130,-208,2,101
7209,130_209,Spinal cord,-130,-209,2,101
7210,130_210,Spinal cord,-130,-210,2,100
7211,130_211,Spinal cord,-130,-211,2,100
7212,130_212,Spinal cord,-130,-212,2,100
7213,130_213,Brain,-130,-213,2,109
7214,130_214,Brain,-130,-214,2,108
7215,130_215,Cavity,-130,-215,2,106
7216,130_216,Cavity,-130,-216,2,106
7217,130_217,Cavity,-130,-217,2,106
7218,130_218,Cavity,-130,-218,2,106
7219,130_219,Cavity,-130,-219,2,106
7220,130_220,Cavity,-130,-220,2,106
7221,130_221,Cavity,-130,-221,2,106
7222,130_222,Cavity,-130,-222,2,106
7223,130_223,Brain,-130,-223,2,108
7224,130_224,Brain,-130,-224,2,108
7225,130_225,Brain,-130,-225,2,108
7226,130_226,Brain,-130,-226,2,108
7227,130_227,Brain,-130,-227,2,108
7228,130_228,Brain,-130,-228,2,108
7229,130_229,Brain,-130,-229,2,109
7230,130_230,Brain,-130,-230,2,109
7231,130_231,Brain,-130,-231,2,108
7232,130_232,Brain,-130,-232,2,102
7233,130_233,Brain,-130,-233,2,108
7234,130_234,Brain,-130,-234,2,97
7235,130_235,Brain,-130,-235,2,97
7236,130_236,Cavity,-130,-236,2,127
7237,130_237,Cavity,-130,-237,2,125
7238,130_238,Cavity,-130,-238,2,5
7239,130_239,Cavity,-130,-239,2,5
7240,130_240,Cavity,-130,-240,2,5
7241,130_241,Urogenital ridge,-130,-241,2,5
7242,130_242,Urogenital ridge,-130,-242,2,5
7243,130_243,Cavity,-130,-243,2,28
7244,130_244,Cavity,-130,-244,2,29
7245,130_245,Cavity,-130,-245,2,24
7246,130_246,Cavity,-130,-246,2,24
7247,130_247,Cavity,-130,-247,2,24
7248,130_248,Cavity,-130,-248,2,24
7249,130_249,Cavity,-130,-249,2,27
7250,131_159,Cavity,-131,-159,2,25
7251,131_160,Cavity,-131,-160,2,28
7252,131_161,Cavity,-131,-161,2,28
7253,131_162,Cavity,-131,-162,2,28
7254,131_163,Surface ectoderm,-131,-163,2,23
7255,131_164,Surface ectoderm,-131,-164,2,22
7256,131_165,Head mesenchyme,-131,-165,2,124
7257,131_166,Spinal cord,-131,-166,2,97
7258,131_167,Spinal cord,-131,-167,2,87
7259,131_168,Spinal cord,-131,-168,2,85
7260,131_169,Spinal cord,-131,-169,2,91
7261,131_170,Spinal cord,-131,-170,2,93
7262,131_171,Spinal cord,-131,-171,2,93
7263,131_172,Spinal cord,-131,-172,2,103
7264,131_173,Spinal cord,-131,-173,2,94
7265,131_174,Spinal cord,-131,-174,2,103
7266,131_175,Spinal cord,-131,-175,2,101
7267,131_176,Spinal cord,-131,-176,2,100
7268,131_177,Spinal cord,-131,-177,2,100
7269,131_178,Spinal cord,-131,-178,2,100
7270,131_179,Spinal cord,-131,-179,2,100
7271,131_180,Spinal cord,-131,-180,2,100
7272,131_181,Spinal cord,-131,-181,2,89
7273,131_182,Spinal cord,-131,-182,2,88
7274,131_183,Spinal cord,-131,-183,2,103
7275,131_184,Spinal cord,-131,-184,2,88
7276,131_185,Spinal cord,-131,-185,2,100
7277,131_186,Spinal cord,-131,-186,2,89
7278,131_187,Spinal cord,-131,-187,2,103
7279,131_188,Spinal cord,-131,-188,2,100
7280,131_189,Spinal cord,-131,-189,2,100
7281,131_190,Spinal cord,-131,-190,2,100
7282,131_191,Spinal cord,-131,-191,2,100
7283,131_192,Spinal cord,-131,-192,2,101
7284,131_193,Spinal cord,-131,-193,2,100
7285,131_194,Spinal cord,-131,-194,2,100
7286,131_195,Spinal cord,-131,-195,2,103
7287,131_196,Spinal cord,-131,-196,2,100
7288,131_197,Spinal cord,-131,-197,2,100
7289,131_198,Spinal cord,-131,-198,2,100
7290,131_199,Spinal cord,-131,-199,2,103
7291,131_200,Spinal cord,-131,-200,2,100
7292,131_201,Spinal cord,-131,-201,2,88
7293,131_202,Spinal cord,-131,-202,2,100
7294,131_203,Spinal cord,-131,-203,2,103
7295,131_204,Spinal cord,-131,-204,2,100
7296,131_205,Spinal cord,-131,-205,2,100
7297,131_206,Spinal cord,-131,-206,2,100
7298,131_207,Spinal cord,-131,-207,2,100
7299,131_208,Spinal cord,-131,-208,2,100
7300,131_209,Spinal cord,-131,-209,2,100
7301,131_210,Spinal cord,-131,-210,2,103
7302,131_211,Spinal cord,-131,-211,2,101
7303,131_212,Spinal cord,-131,-212,2,101
7304,131_213,Spinal cord,-131,-213,2,100
7305,131_214,Spinal cord,-131,-214,2,103
7306,131_215,Brain,-131,-215,2,102
7307,131_216,Brain,-131,-216,2,108
7308,131_217,Brain,-131,-217,2,108
7309,131_218,Cavity,-131,-218,2,106
7310,131_219,Cavity,-131,-219,2,106
7311,131_220,Cavity,-131,-220,2,106
7312,131_221,Cavity,-131,-221,2,106
7313,131_222,Cavity,-131,-222,2,106
7314,131_223,Cavity,-131,-223,2,106
7315,131_224,Cavity,-131,-224,2,106
7316,131_225,Brain,-131,-225,2,111
7317,131_226,Brain,-131,-226,2,108
7318,131_227,Cavity,-131,-227,2,107
7319,131_228,Cavity,-131,-228,2,107
7320,131_229,Cavity,-131,-229,2,107
7321,131_230,Cavity,-131,-230,2,106
7322,131_231,Cavity,-131,-231,2,106
7323,131_232,Brain,-131,-232,2,102
7324,131_233,Brain,-131,-233,2,109
7325,131_234,Brain,-131,-234,2,108
7326,131_235,Brain,-131,-235,2,98
7327,131_236,Brain,-131,-236,2,108
7328,131_237,Cavity,-131,-237,2,126
7329,131_238,Cavity,-131,-238,2,126
7330,131_239,Cavity,-131,-239,2,5
7331,131_240,Cavity,-131,-240,2,5
7332,131_241,Cavity,-131,-241,2,5
7333,131_242,Cavity,-131,-242,2,104
7334,131_243,Cavity,-131,-243,2,28
7335,131_244,Cavity,-131,-244,2,29
7336,131_245,Cavity,-131,-245,2,29
7337,131_246,Cavity,-131,-246,2,24
7338,131_247,Cavity,-131,-247,2,29
7339,131_248,Cavity,-131,-248,2,24
7340,131_249,Cavity,-131,-249,2,29
7341,131_250,Cavity,-131,-250,2,25
7342,131_251,Cavity,-131,-251,2,27
7343,132_158,Cavity,-132,-158,2,24
7344,132_159,Cavity,-132,-159,2,28
7345,132_160,Cavity,-132,-160,2,28
7346,132_161,Cavity,-132,-161,2,28
7347,132_162,Surface ectoderm,-132,-162,2,23
7348,132_163,Surface ectoderm,-132,-163,2,23
7349,132_164,Surface ectoderm,-132,-164,2,22
7350,132_165,Spinal cord,-132,-165,2,116
7351,132_166,Spinal cord,-132,-166,2,87
7352,132_167,Spinal cord,-132,-167,2,87
7353,132_168,Spinal cord,-132,-168,2,85
7354,132_169,Spinal cord,-132,-169,2,86
7355,132_170,Spinal cord,-132,-170,2,81
7356,132_171,Spinal cord,-132,-171,2,88
7357,132_172,Spinal cord,-132,-172,2,89
7358,132_173,Spinal cord,-132,-173,2,94
7359,132_174,Spinal cord,-132,-174,2,100
7360,132_175,Spinal cord,-132,-175,2,103
7361,132_176,Spinal cord,-132,-176,2,100
7362,132_177,Spinal cord,-132,-177,2,103
7363,132_178,Spinal cord,-132,-178,2,100
7364,132_179,Spinal cord,-132,-179,2,100
7365,132_180,Spinal cord,-132,-180,2,100
7366,132_181,Spinal cord,-132,-181,2,88
7367,132_182,Spinal cord,-132,-182,2,103
7368,132_183,Spinal cord,-132,-183,2,100
7369,132_184,Spinal cord,-132,-184,2,89
7370,132_185,Spinal cord,-132,-185,2,88
7371,132_186,Spinal cord,-132,-186,2,89
7372,132_187,Spinal cord,-132,-187,2,88
7373,132_188,Spinal cord,-132,-188,2,100
7374,132_189,Spinal cord,-132,-189,2,103
7375,132_190,Spinal cord,-132,-190,2,103
7376,132_191,Spinal cord,-132,-191,2,100
7377,132_192,Spinal cord,-132,-192,2,100
7378,132_193,Spinal cord,-132,-193,2,103
7379,132_194,Spinal cord,-132,-194,2,103
7380,132_195,Spinal cord,-132,-195,2,103
7381,132_196,Spinal cord,-132,-196,2,89
7382,132_197,Spinal cord,-132,-197,2,100
7383,132_198,Spinal cord,-132,-198,2,89
7384,132_199,Spinal cord,-132,-199,2,100
7385,132_200,Spinal cord,-132,-200,2,88
7386,132_201,Spinal cord,-132,-201,2,88
7387,132_202,Spinal cord,-132,-202,2,103
7388,132_203,Spinal cord,-132,-203,2,88
7389,132_204,Spinal cord,-132,-204,2,100
7390,132_205,Spinal cord,-132,-205,2,100
7391,132_206,Spinal cord,-132,-206,2,100
7392,132_207,Spinal cord,-132,-207,2,100
7393,132_208,Spinal cord,-132,-208,2,100
7394,132_209,Spinal cord,-132,-209,2,101
7395,132_210,Spinal cord,-132,-210,2,100
7396,132_211,Spinal cord,-132,-211,2,100
7397,132_212,Spinal cord,-132,-212,2,100
7398,132_213,Spinal cord,-132,-213,2,100
7399,132_214,Spinal cord,-132,-214,2,101
7400,132_215,Spinal cord,-132,-215,2,102
7401,132_216,Brain,-132,-216,2,102
7402,132_217,Brain,-132,-217,2,102
7403,132_218,Brain,-132,-218,2,108
7404,132_219,Cavity,-132,-219,2,111
7405,132_220,Cavity,-132,-220,2,106
7406,132_221,Cavity,-132,-221,2,106
7407,132_222,Cavity,-132,-222,2,106
7408,132_223,Cavity,-132,-223,2,106
7409,132_224,Cavity,-132,-224,2,106
7410,132_225,Cavity,-132,-225,2,106
7411,132_226,Cavity,-132,-226,2,106
7412,132_227,Cavity,-132,-227,2,106
7413,132_228,Cavity,-132,-228,2,106
7414,132_229,Cavity,-132,-229,2,107
7415,132_230,Cavity,-132,-230,2,107
7416,132_231,Cavity,-132,-231,2,117
7417,132_232,Brain,-132,-232,2,108
7418,132_233,Brain,-132,-233,2,108
7419,132_234,Brain,-132,-234,2,108
7420,132_235,Brain,-132,-235,2,108
7421,132_236,Brain,-132,-236,2,102
7422,132_237,Brain,-132,-237,2,97
7423,132_238,Cavity,-132,-238,2,125
7424,132_239,Cavity,-132,-239,2,107
7425,132_240,Cavity,-132,-240,2,7
7426,132_241,Blood vessel,-132,-241,2,7
7427,132_242,Cavity,-132,-242,2,5
7428,132_243,Cavity,-132,-243,2,104
7429,132_244,Urogenital ridge,-132,-244,2,16
7430,132_245,Connective tissue,-132,-245,2,7
7431,132_246,Cavity,-132,-246,2,29
7432,132_247,Cavity,-132,-247,2,29
7433,132_248,Cavity,-132,-248,2,6
7434,132_249,Cavity,-132,-249,2,24
7435,132_250,Cavity,-132,-250,2,24
7436,132_251,Cavity,-132,-251,2,24
7437,132_252,Cavity,-132,-252,2,25
7438,132_253,Cavity,-132,-253,2,27
7439,133_157,Cavity,-133,-157,2,24
7440,133_158,Cavity,-133,-158,2,28
7441,133_159,Cavity,-133,-159,2,28
7442,133_160,Cavity,-133,-160,2,28
7443,133_161,Cavity,-133,-161,2,28
7444,133_162,Surface ectoderm,-133,-162,2,23
7445,133_163,Surface ectoderm,-133,-163,2,23
7446,133_164,Spinal cord,-133,-164,2,95
7447,133_165,Spinal cord,-133,-165,2,87
7448,133_166,Spinal cord,-133,-166,2,87
7449,133_167,Spinal cord,-133,-167,2,84
7450,133_168,Spinal cord,-133,-168,2,84
7451,133_169,Spinal cord,-133,-169,2,80
7452,133_170,Spinal cord,-133,-170,2,86
7453,133_171,Spinal cord,-133,-171,2,89
7454,133_172,Spinal cord,-133,-172,2,89
7455,133_173,Spinal cord,-133,-173,2,103
7456,133_174,Spinal cord,-133,-174,2,89
7457,133_175,Spinal cord,-133,-175,2,100
7458,133_176,Spinal cord,-133,-176,2,103
7459,133_177,Spinal cord,-133,-177,2,89
7460,133_178,Spinal cord,-133,-178,2,100
7461,133_179,Spinal cord,-133,-179,2,100
7462,133_180,Spinal cord,-133,-180,2,89
7463,133_181,Spinal cord,-133,-181,2,89
7464,133_182,Spinal cord,-133,-182,2,89
7465,133_183,Spinal cord,-133,-183,2,88
7466,133_184,Spinal cord,-133,-184,2,91
7467,133_185,Spinal cord,-133,-185,2,89
7468,133_186,Spinal cord,-133,-186,2,90
7469,133_187,Spinal cord,-133,-187,2,88
7470,133_188,Spinal cord,-133,-188,2,88
7471,133_189,Spinal cord,-133,-189,2,103
7472,133_190,Spinal cord,-133,-190,2,103
7473,133_191,Spinal cord,-133,-191,2,88
7474,133_192,Spinal cord,-133,-192,2,103
7475,133_193,Spinal cord,-133,-193,2,103
7476,133_194,Spinal cord,-133,-194,2,89
7477,133_195,Spinal cord,-133,-195,2,89
7478,133_196,Spinal cord,-133,-196,2,91
7479,133_197,Spinal cord,-133,-197,2,92
7480,133_198,Spinal cord,-133,-198,2,103
7481,133_199,Spinal cord,-133,-199,2,89
7482,133_200,Spinal cord,-133,-200,2,88
7483,133_201,Spinal cord,-133,-201,2,88
7484,133_202,Spinal cord,-133,-202,2,91
7485,133_203,Spinal cord,-133,-203,2,93
7486,133_204,Spinal cord,-133,-204,2,100
7487,133_205,Spinal cord,-133,-205,2,100
7488,133_206,Spinal cord,-133,-206,2,100
7489,133_207,Spinal cord,-133,-207,2,100
7490,133_208,Spinal cord,-133,-208,2,103
7491,133_209,Spinal cord,-133,-209,2,103
7492,133_210,Spinal cord,-133,-210,2,103
7493,133_211,Spinal cord,-133,-211,2,100
7494,133_212,Spinal cord,-133,-212,2,100
7495,133_213,Spinal cord,-133,-213,2,100
7496,133_214,Spinal cord,-133,-214,2,100
7497,133_215,Spinal cord,-133,-215,2,100
7498,133_216,Spinal cord,-133,-216,2,102
7499,133_217,Spinal cord,-133,-217,2,102
7500,133_218,Brain,-133,-218,2,102
7501,133_219,Brain,-133,-219,2,108
7502,133_220,Cavity,-133,-220,2,106
7503,133_221,Cavity,-133,-221,2,106
7504,133_222,Cavity,-133,-222,2,106
7505,133_223,Cavity,-133,-223,2,107
7506,133_224,Cavity,-133,-224,2,107
7507,133_225,Cavity,-133,-225,2,106
7508,133_226,Cavity,-133,-226,2,107
7509,133_227,Cavity,-133,-227,2,107
7510,133_228,Cavity,-133,-228,2,106
7511,133_229,Cavity,-133,-229,2,106
7512,133_230,Cavity,-133,-230,2,106
7513,133_231,Cavity,-133,-231,2,106
7514,133_232,Cavity,-133,-232,2,107
7515,133_233,Brain,-133,-233,2,106
7516,133_234,Brain,-133,-234,2,108
7517,133_235,Brain,-133,-235,2,108
7518,133_236,Brain,-133,-236,2,108
7519,133_237,Brain,-133,-237,2,108
7520,133_238,Cavity,-133,-238,2,125
7521,133_239,Cavity,-133,-239,2,107
7522,133_240,Blood vessel,-133,-240,2,7
7523,133_241,Blood vessel,-133,-241,2,5
7524,133_242,Cavity,-133,-242,2,5
7525,133_243,Cavity,-133,-243,2,5
7526,133_244,Cavity,-133,-244,2,5
7527,133_245,Urogenital ridge,-133,-245,2,5
7528,133_246,Urogenital ridge,-133,-246,2,5
7529,133_247,Cavity,-133,-247,2,6
7530,133_248,Cavity,-133,-248,2,29
7531,133_249,Cavity,-133,-249,2,24
7532,133_250,Cavity,-133,-250,2,24
7533,133_251,Cavity,-133,-251,2,24
7534,133_252,Cavity,-133,-252,2,24
7535,133_253,Cavity,-133,-253,2,24
7536,133_254,Cavity,-133,-254,2,25
7537,133_255,Cavity,-133,-255,2,27
7538,134_155,Cavity,-134,-155,2,27
7539,134_156,Cavity,-134,-156,2,28
7540,134_157,Cavity,-134,-157,2,28
7541,134_158,Cavity,-134,-158,2,28
7542,134_159,Cavity,-134,-159,2,28
7543,134_160,Surface ectoderm,-134,-160,2,28
7544,134_161,Surface ectoderm,-134,-161,2,22
7545,134_162,Surface ectoderm,-134,-162,2,22
7546,134_163,Spinal cord,-134,-163,2,94
7547,134_164,Spinal cord,-134,-164,2,86
7548,134_165,Spinal cord,-134,-165,2,86
7549,134_166,Spinal cord,-134,-166,2,84
7550,134_167,Spinal cord,-134,-167,2,84
7551,134_168,Spinal cord,-134,-168,2,84
7552,134_169,Spinal cord,-134,-169,2,86
7553,134_170,Spinal cord,-134,-170,2,86
7554,134_171,Spinal cord,-134,-171,2,93
7555,134_172,Spinal cord,-134,-172,2,93
7556,134_173,Spinal cord,-134,-173,2,89
7557,134_174,Spinal cord,-134,-174,2,93
7558,134_175,Spinal cord,-134,-175,2,100
7559,134_176,Spinal cord,-134,-176,2,100
7560,134_177,Spinal cord,-134,-177,2,88
7561,134_178,Spinal cord,-134,-178,2,89
7562,134_179,Spinal cord,-134,-179,2,88
7563,134_180,Spinal cord,-134,-180,2,103
7564,134_181,Spinal cord,-134,-181,2,89
7565,134_182,Spinal cord,-134,-182,2,88
7566,134_183,Spinal cord,-134,-183,2,91
7567,134_184,Spinal cord,-134,-184,2,91
7568,134_185,Spinal cord,-134,-185,2,89
7569,134_186,Spinal cord,-134,-186,2,89
7570,134_187,Spinal cord,-134,-187,2,89
7571,134_188,Spinal cord,-134,-188,2,88
7572,134_189,Spinal cord,-134,-189,2,94
7573,134_190,Spinal cord,-134,-190,2,94
7574,134_191,Spinal cord,-134,-191,2,94
7575,134_192,Spinal cord,-134,-192,2,89
7576,134_193,Spinal cord,-134,-193,2,89
7577,134_194,Spinal cord,-134,-194,2,91
7578,134_195,Spinal cord,-134,-195,2,103
7579,134_196,Spinal cord,-134,-196,2,94
7580,134_197,Spinal cord,-134,-197,2,89
7581,134_198,Spinal cord,-134,-198,2,94
7582,134_199,Spinal cord,-134,-199,2,94
7583,134_200,Spinal cord,-134,-200,2,91
7584,134_201,Spinal cord,-134,-201,2,91
7585,134_202,Spinal cord,-134,-202,2,91
7586,134_203,Spinal cord,-134,-203,2,91
7587,134_204,Spinal cord,-134,-204,2,93
7588,134_205,Spinal cord,-134,-205,2,88
7589,134_206,Spinal cord,-134,-206,2,89
7590,134_207,Spinal cord,-134,-207,2,100
7591,134_208,Spinal cord,-134,-208,2,100
7592,134_209,Spinal cord,-134,-209,2,100
7593,134_210,Spinal cord,-134,-210,2,100
7594,134_211,Spinal cord,-134,-211,2,103
7595,134_212,Spinal cord,-134,-212,2,100
7596,134_213,Spinal cord,-134,-213,2,100
7597,134_214,Spinal cord,-134,-214,2,101
7598,134_215,Spinal cord,-134,-215,2,100
7599,134_216,Spinal cord,-134,-216,2,100
7600,134_217,Spinal cord,-134,-217,2,101
7601,134_218,Spinal cord,-134,-218,2,102
7602,134_219,Brain,-134,-219,2,108
7603,134_220,Brain,-134,-220,2,108
7604,134_221,Brain,-134,-221,2,106
7605,134_222,Cavity,-134,-222,2,106
7606,134_223,Cavity,-134,-223,2,106
7607,134_224,Cavity,-134,-224,2,106
7608,134_225,Cavity,-134,-225,2,106
7609,134_226,Cavity,-134,-226,2,107
7610,134_227,Cavity,-134,-227,2,104
7611,134_228,Cavity,-134,-228,2,107
7612,134_229,Cavity,-134,-229,2,106
7613,134_230,Cavity,-134,-230,2,106
7614,134_231,Cavity,-134,-231,2,106
7615,134_232,Cavity,-134,-232,2,107
7616,134_233,Cavity,-134,-233,2,107
7617,134_234,Cavity,-134,-234,2,106
7618,134_235,Cavity,-134,-235,2,107
7619,134_236,Cavity,-134,-236,2,106
7620,134_237,Cavity,-134,-237,2,106
7621,134_238,Cavity,-134,-238,2,107
7622,134_239,Blood vessel,-134,-239,2,7
7623,134_240,Blood vessel,-134,-240,2,7
7624,134_241,Blood vessel,-134,-241,2,107
7625,134_242,Cavity,-134,-242,2,107
7626,134_243,Cavity,-134,-243,2,5
7627,134_244,Cavity,-134,-244,2,104
7628,134_245,Cavity,-134,-245,2,113
7629,134_246,Cavity,-134,-246,2,113
7630,134_247,Urogenital ridge,-134,-247,2,117
7631,134_248,Urogenital ridge,-134,-248,2,5
7632,134_249,Cavity,-134,-249,2,29
7633,134_250,Cavity,-134,-250,2,29
7634,134_251,Cavity,-134,-251,2,24
7635,134_252,Cavity,-134,-252,2,29
7636,134_253,Cavity,-134,-253,2,24
7637,134_254,Cavity,-134,-254,2,24
7638,134_255,Cavity,-134,-255,2,24
7639,134_256,Cavity,-134,-256,2,25
7640,134_257,Cavity,-134,-257,2,25
7641,134_258,Cavity,-134,-258,2,26
7642,134_259,Cavity,-134,-259,2,27
7643,134_260,Cavity,-134,-260,2,27
7644,134_261,Cavity,-134,-261,2,27
7645,134_262,Cavity,-134,-262,2,27
7646,134_263,Cavity,-134,-263,2,27
7647,135_154,Cavity,-135,-154,2,26
7648,135_155,Cavity,-135,-155,2,28
7649,135_156,Cavity,-135,-156,2,28
7650,135_157,Cavity,-135,-157,2,28
7651,135_158,Cavity,-135,-158,2,28
7652,135_159,Surface ectoderm,-135,-159,2,28
7653,135_160,Surface ectoderm,-135,-160,2,22
7654,135_161,Surface ectoderm,-135,-161,2,22
7655,135_162,Spinal cord,-135,-162,2,94
7656,135_163,Spinal cord,-135,-163,2,91
7657,135_164,Spinal cord,-135,-164,2,93
7658,135_165,Spinal cord,-135,-165,2,84
7659,135_166,Spinal cord,-135,-166,2,84
7660,135_167,Spinal cord,-135,-167,2,87
7661,135_168,Spinal cord,-135,-168,2,86
7662,135_169,Spinal cord,-135,-169,2,84
7663,135_170,Spinal cord,-135,-170,2,84
7664,135_171,Spinal cord,-135,-171,2,93
7665,135_172,Spinal cord,-135,-172,2,82
7666,135_173,Spinal cord,-135,-173,2,90
7667,135_174,Spinal cord,-135,-174,2,91
7668,135_175,Spinal cord,-135,-175,2,89
7669,135_176,Spinal cord,-135,-176,2,88
7670,135_177,Spinal cord,-135,-177,2,88
7671,135_178,Spinal cord,-135,-178,2,89
7672,135_179,Spinal cord,-135,-179,2,89
7673,135_180,Spinal cord,-135,-180,2,90
7674,135_181,Spinal cord,-135,-181,2,89
7675,135_182,Spinal cord,-135,-182,2,93
7676,135_183,Spinal cord,-135,-183,2,89
7677,135_184,Spinal cord,-135,-184,2,90
7678,135_185,Spinal cord,-135,-185,2,90
7679,135_186,Spinal cord,-135,-186,2,81
7680,135_187,Spinal cord,-135,-187,2,90
7681,135_188,Spinal cord,-135,-188,2,91
7682,135_189,Spinal cord,-135,-189,2,91
7683,135_190,Spinal cord,-135,-190,2,89
7684,135_191,Spinal cord,-135,-191,2,93
7685,135_192,Spinal cord,-135,-192,2,93
7686,135_193,Spinal cord,-135,-193,2,93
7687,135_194,Spinal cord,-135,-194,2,81
7688,135_195,Spinal cord,-135,-195,2,83
7689,135_196,Spinal cord,-135,-196,2,82
7690,135_197,Spinal cord,-135,-197,2,82
7691,135_198,Spinal cord,-135,-198,2,82
7692,135_199,Spinal cord,-135,-199,2,90
7693,135_200,Spinal cord,-135,-200,2,91
7694,135_201,Spinal cord,-135,-201,2,90
7695,135_202,Spinal cord,-135,-202,2,91
7696,135_203,Spinal cord,-135,-203,2,91
7697,135_204,Spinal cord,-135,-204,2,90
7698,135_205,Spinal cord,-135,-205,2,91
7699,135_206,Spinal cord,-135,-206,2,92
7700,135_207,Spinal cord,-135,-207,2,91
7701,135_208,Spinal cord,-135,-208,2,89
7702,135_209,Spinal cord,-135,-209,2,103
7703,135_210,Spinal cord,-135,-210,2,89
7704,135_211,Spinal cord,-135,-211,2,100
7705,135_212,Spinal cord,-135,-212,2,88
7706,135_213,Spinal cord,-135,-213,2,100
7707,135_214,Spinal cord,-135,-214,2,100
7708,135_215,Spinal cord,-135,-215,2,100
7709,135_216,Spinal cord,-135,-216,2,100
7710,135_217,Spinal cord,-135,-217,2,103
7711,135_218,Spinal cord,-135,-218,2,103
7712,135_219,Spinal cord,-135,-219,2,103
7713,135_220,Brain,-135,-220,2,102
7714,135_221,Brain,-135,-221,2,108
7715,135_222,Brain,-135,-222,2,108
7716,135_223,Brain,-135,-223,2,106
7717,135_224,Cavity,-135,-224,2,106
7718,135_225,Cavity,-135,-225,2,106
7719,135_226,Cavity,-135,-226,2,106
7720,135_227,Cavity,-135,-227,2,104
7721,135_228,Cavity,-135,-228,2,104
7722,135_229,Cavity,-135,-229,2,104
7723,135_230,Cavity,-135,-230,2,104
7724,135_231,Cavity,-135,-231,2,106
7725,135_232,Cavity,-135,-232,2,107
7726,135_233,Cavity,-135,-233,2,107
7727,135_234,Cavity,-135,-234,2,107
7728,135_235,Cavity,-135,-235,2,107
7729,135_236,Cavity,-135,-236,2,107
7730,135_237,Cavity,-135,-237,2,104
7731,135_238,Cavity,-135,-238,2,107
7732,135_239,Cavity,-135,-239,2,107
7733,135_240,Cavity,-135,-240,2,107
7734,135_241,Cavity,-135,-241,2,107
7735,135_242,Cavity,-135,-242,2,107
7736,135_243,Cavity,-135,-243,2,107
7737,135_244,Cavity,-135,-244,2,107
7738,135_245,Cavity,-135,-245,2,107
7739,135_246,Cavity,-135,-246,2,104
7740,135_247,Cavity,-135,-247,2,115
7741,135_248,Cavity,-135,-248,2,115
7742,135_249,Cavity,-135,-249,2,115
7743,135_250,Cavity,-135,-250,2,115
7744,135_251,Cavity,-135,-251,2,115
7745,135_252,Cavity,-135,-252,2,29
7746,135_253,Cavity,-135,-253,2,24
7747,135_254,Cavity,-135,-254,2,29
7748,135_255,Cavity,-135,-255,2,24
7749,135_256,Cavity,-135,-256,2,24
7750,135_257,Cavity,-135,-257,2,24
7751,135_258,Cavity,-135,-258,2,24
7752,135_259,Cavity,-135,-259,2,24
7753,135_260,Cavity,-135,-260,2,24
7754,135_261,Cavity,-135,-261,2,24
7755,135_262,Cavity,-135,-262,2,25
7756,135_263,Cavity,-135,-263,2,25
7757,135_264,Cavity,-135,-264,2,25
7758,135_265,Cavity,-135,-265,2,25
7759,135_266,Cavity,-135,-266,2,25
7760,135_267,Cavity,-135,-267,2,25
7761,135_268,Cavity,-135,-268,2,25
7762,135_269,Cavity,-135,-269,2,26
7763,135_270,Cavity,-135,-270,2,26
7764,135_271,Cavity,-135,-271,2,26
7765,135_272,Cavity,-135,-272,2,26
7766,135_273,Cavity,-135,-273,2,27
7767,136_152,Cavity,-136,-152,2,27
7768,136_153,Cavity,-136,-153,2,29
7769,136_154,Cavity,-136,-154,2,28
7770,136_155,Cavity,-136,-155,2,28
7771,136_156,Cavity,-136,-156,2,28
7772,136_157,Surface ectoderm,-136,-157,2,28
7773,136_158,Surface ectoderm,-136,-158,2,22
7774,136_159,Surface ectoderm,-136,-159,2,22
7775,136_160,Surface ectoderm,-136,-160,2,22
7776,136_161,Spinal cord,-136,-161,2,95
7777,136_162,Spinal cord,-136,-162,2,86
7778,136_163,Spinal cord,-136,-163,2,81
7779,136_164,Spinal cord,-136,-164,2,86
7780,136_165,Spinal cord,-136,-165,2,85
7781,136_166,Spinal cord,-136,-166,2,84
7782,136_167,Spinal cord,-136,-167,2,84
7783,136_168,Spinal cord,-136,-168,2,86
7784,136_169,Spinal cord,-136,-169,2,84
7785,136_170,Spinal cord,-136,-170,2,87
7786,136_171,Spinal cord,-136,-171,2,86
7787,136_172,Spinal cord,-136,-172,2,81
7788,136_173,Spinal cord,-136,-173,2,91
7789,136_174,Spinal cord,-136,-174,2,92
7790,136_175,Spinal cord,-136,-175,2,91
7791,136_176,Spinal cord,-136,-176,2,89
7792,136_177,Spinal cord,-136,-177,2,89
7793,136_178,Spinal cord,-136,-178,2,91
7794,136_179,Spinal cord,-136,-179,2,93
7795,136_180,Spinal cord,-136,-180,2,91
7796,136_181,Spinal cord,-136,-181,2,93
7797,136_182,Spinal cord,-136,-182,2,89
7798,136_183,Spinal cord,-136,-183,2,89
7799,136_184,Spinal cord,-136,-184,2,81
7800,136_185,Spinal cord,-136,-185,2,82
7801,136_186,Spinal cord,-136,-186,2,83
7802,136_187,Spinal cord,-136,-187,2,82
7803,136_188,Spinal cord,-136,-188,2,82
7804,136_189,Spinal cord,-136,-189,2,82
7805,136_190,Spinal cord,-136,-190,2,82
7806,136_191,Spinal cord,-136,-191,2,82
7807,136_192,Spinal cord,-136,-192,2,83
7808,136_193,Spinal cord,-136,-193,2,82
7809,136_194,Spinal cord,-136,-194,2,80
7810,136_195,Spinal cord,-136,-195,2,80
7811,136_196,Spinal cord,-136,-196,2,80
7812,136_197,Spinal cord,-136,-197,2,80
7813,136_198,Spinal cord,-136,-198,2,80
7814,136_199,Spinal cord,-136,-199,2,83
7815,136_200,Spinal cord,-136,-200,2,80
7816,136_201,Spinal cord,-136,-201,2,83
7817,136_202,Spinal cord,-136,-202,2,81
7818,136_203,Spinal cord,-136,-203,2,93
7819,136_204,Spinal cord,-136,-204,2,93
7820,136_205,Spinal cord,-136,-205,2,91
7821,136_206,Spinal cord,-136,-206,2,91
7822,136_207,Spinal cord,-136,-207,2,93
7823,136_208,Spinal cord,-136,-208,2,89
7824,136_209,Spinal cord,-136,-209,2,89
7825,136_210,Spinal cord,-136,-210,2,91
7826,136_211,Spinal cord,-136,-211,2,88
7827,136_212,Spinal cord,-136,-212,2,88
7828,136_213,Spinal cord,-136,-213,2,100
7829,136_214,Spinal cord,-136,-214,2,4
7830,136_215,Spinal cord,-136,-215,2,100
7831,136_216,Spinal cord,-136,-216,2,100
7832,136_217,Spinal cord,-136,-217,2,103
7833,136_218,Spinal cord,-136,-218,2,103
7834,136_219,Spinal cord,-136,-219,2,100
7835,136_220,Spinal cord,-136,-220,2,103
7836,136_221,Brain,-136,-221,2,109
7837,136_222,Brain,-136,-222,2,108
7838,136_223,Brain,-136,-223,2,108
7839,136_224,Brain,-136,-224,2,108
7840,136_225,Cavity,-136,-225,2,106
7841,136_226,Cavity,-136,-226,2,106
7842,136_227,Cavity,-136,-227,2,104
7843,136_228,Cavity,-136,-228,2,104
7844,136_229,Cavity,-136,-229,2,104
7845,136_230,Cavity,-136,-230,2,104
7846,136_231,Cavity,-136,-231,2,107
7847,136_232,Cavity,-136,-232,2,106
7848,136_233,Cavity,-136,-233,2,106
7849,136_234,Cavity,-136,-234,2,107
7850,136_235,Cavity,-136,-235,2,107
7851,136_236,Cavity,-136,-236,2,107
7852,136_237,Cavity,-136,-237,2,104
7853,136_238,Cavity,-136,-238,2,104
7854,136_239,Cavity,-136,-239,2,104
7855,136_240,Cavity,-136,-240,2,104
7856,136_241,Cavity,-136,-241,2,104
7857,136_242,Cavity,-136,-242,2,104
7858,136_243,Cavity,-136,-243,2,104
7859,136_244,Cavity,-136,-244,2,104
7860,136_245,Cavity,-136,-245,2,104
7861,136_246,Cavity,-136,-246,2,104
7862,136_247,Cavity,-136,-247,2,107
7863,136_248,Cavity,-136,-248,2,107
7864,136_249,Cavity,-136,-249,2,107
7865,136_250,Cavity,-136,-250,2,107
7866,136_251,Cavity,-136,-251,2,115
7867,136_252,Cavity,-136,-252,2,29
7868,136_253,Cavity,-136,-253,2,29
7869,136_254,Cavity,-136,-254,2,29
7870,136_255,Cavity,-136,-255,2,29
7871,136_256,Cavity,-136,-256,2,24
7872,136_257,Cavity,-136,-257,2,29
7873,136_258,Cavity,-136,-258,2,29
7874,136_259,Cavity,-136,-259,2,29
7875,136_260,Cavity,-136,-260,2,29
7876,136_261,Cavity,-136,-261,2,29
7877,136_262,Cavity,-136,-262,2,29
7878,136_263,Cavity,-136,-263,2,29
7879,136_264,Cavity,-136,-264,2,29
7880,136_265,Cavity,-136,-265,2,25
7881,136_266,Cavity,-136,-266,2,24
7882,136_267,Cavity,-136,-267,2,24
7883,136_268,Cavity,-136,-268,2,24
7884,136_269,Cavity,-136,-269,2,24
7885,136_270,Cavity,-136,-270,2,24
7886,136_271,Cavity,-136,-271,2,29
7887,136_272,Cavity,-136,-272,2,29
7888,136_273,Cavity,-136,-273,2,24
7889,136_274,Cavity,-136,-274,2,29
7890,136_275,Cavity,-136,-275,2,28
7891,136_276,Cavity,-136,-276,2,29
7892,136_277,Cavity,-136,-277,2,29
7893,136_278,Cavity,-136,-278,2,29
7894,136_279,Cavity,-136,-279,2,24
7895,136_280,Cavity,-136,-280,2,24
7896,136_281,Cavity,-136,-281,2,24
7897,136_282,Cavity,-136,-282,2,24
7898,136_283,Cavity,-136,-283,2,24
7899,136_284,Cavity,-136,-284,2,26
7900,137_151,Cavity,-137,-151,2,25
7901,137_152,Cavity,-137,-152,2,28
7902,137_153,Cavity,-137,-153,2,28
7903,137_154,Cavity,-137,-154,2,28
7904,137_155,Cavity,-137,-155,2,28
7905,137_156,Cavity,-137,-156,2,23
7906,137_157,Surface ectoderm,-137,-157,2,22
7907,137_158,Surface ectoderm,-137,-158,2,23
7908,137_159,Surface ectoderm,-137,-159,2,22
7909,137_160,Spinal cord,-137,-160,2,89
7910,137_161,Spinal cord,-137,-161,2,93
7911,137_162,Spinal cord,-137,-162,2,93
7912,137_163,Spinal cord,-137,-163,2,82
7913,137_164,Spinal cord,-137,-164,2,86
7914,137_165,Spinal cord,-137,-165,2,86
7915,137_166,Spinal cord,-137,-166,2,86
7916,137_167,Spinal cord,-137,-167,2,86
7917,137_168,Spinal cord,-137,-168,2,87
7918,137_169,Spinal cord,-137,-169,2,84
7919,137_170,Spinal cord,-137,-170,2,87
7920,137_171,Spinal cord,-137,-171,2,86
7921,137_172,Spinal cord,-137,-172,2,90
7922,137_173,Spinal cord,-137,-173,2,81
7923,137_174,Spinal cord,-137,-174,2,81
7924,137_175,Spinal cord,-137,-175,2,91
7925,137_176,Spinal cord,-137,-176,2,89
7926,137_177,Spinal cord,-137,-177,2,91
7927,137_178,Spinal cord,-137,-178,2,90
7928,137_179,Spinal cord,-137,-179,2,86
7929,137_180,Spinal cord,-137,-180,2,91
7930,137_181,Spinal cord,-137,-181,2,89
7931,137_182,Spinal cord,-137,-182,2,80
7932,137_183,Spinal cord,-137,-183,2,82
7933,137_184,Spinal cord,-137,-184,2,82
7934,137_185,Spinal cord,-137,-185,2,80
7935,137_186,Spinal cord,-137,-186,2,83
7936,137_187,Spinal cord,-137,-187,2,83
7937,137_188,Spinal cord,-137,-188,2,83
7938,137_189,Spinal cord,-137,-189,2,80
7939,137_190,Spinal cord,-137,-190,2,80
7940,137_191,Spinal cord,-137,-191,2,83
7941,137_192,Spinal cord,-137,-192,2,83
7942,137_193,Spinal cord,-137,-193,2,80
7943,137_194,Spinal cord,-137,-194,2,80
7944,137_195,Spinal cord,-137,-195,2,80
7945,137_196,Spinal cord,-137,-196,2,80
7946,137_197,Spinal cord,-137,-197,2,80
7947,137_198,Spinal cord,-137,-198,2,80
7948,137_199,Spinal cord,-137,-199,2,80
7949,137_200,Spinal cord,-137,-200,2,80
7950,137_201,Spinal cord,-137,-201,2,80
7951,137_202,Spinal cord,-137,-202,2,80
7952,137_203,Spinal cord,-137,-203,2,86
7953,137_204,Spinal cord,-137,-204,2,91
7954,137_205,Spinal cord,-137,-205,2,86
7955,137_206,Spinal cord,-137,-206,2,93
7956,137_207,Spinal cord,-137,-207,2,91
7957,137_208,Spinal cord,-137,-208,2,91
7958,137_209,Spinal cord,-137,-209,2,93
7959,137_210,Spinal cord,-137,-210,2,91
7960,137_211,Spinal cord,-137,-211,2,91
7961,137_212,Spinal cord,-137,-212,2,91
7962,137_213,Spinal cord,-137,-213,2,93
7963,137_214,Spinal cord,-137,-214,2,100
7964,137_215,Spinal cord,-137,-215,2,102
7965,137_216,Spinal cord,-137,-216,2,100
7966,137_217,Spinal cord,-137,-217,2,100
7967,137_218,Spinal cord,-137,-218,2,103
7968,137_219,Spinal cord,-137,-219,2,103
7969,137_220,Spinal cord,-137,-220,2,103
7970,137_221,Spinal cord,-137,-221,2,101
7971,137_222,Brain,-137,-222,2,102
7972,137_223,Brain,-137,-223,2,108
7973,137_224,Brain,-137,-224,2,111
7974,137_225,Brain,-137,-225,2,111
7975,137_226,Cavity,-137,-226,2,106
7976,137_227,Cavity,-137,-227,2,106
7977,137_228,Cavity,-137,-228,2,104
7978,137_229,Cavity,-137,-229,2,104
7979,137_230,Cavity,-137,-230,2,104
7980,137_231,Cavity,-137,-231,2,104
7981,137_232,Cavity,-137,-232,2,106
7982,137_233,Cavity,-137,-233,2,106
7983,137_234,Cavity,-137,-234,2,107
7984,137_235,Cavity,-137,-235,2,104
7985,137_236,Cavity,-137,-236,2,104
7986,137_237,Cavity,-137,-237,2,104
7987,137_238,Cavity,-137,-238,2,104
7988,137_239,Cavity,-137,-239,2,105
7989,137_240,Cavity,-137,-240,2,104
7990,137_241,Cavity,-137,-241,2,104
7991,137_242,Cavity,-137,-242,2,105
7992,137_243,Cavity,-137,-243,2,104
7993,137_244,Cavity,-137,-244,2,104
7994,137_245,Cavity,-137,-245,2,104
7995,137_246,Cavity,-137,-246,2,104
7996,137_247,Cavity,-137,-247,2,104
7997,137_248,Cavity,-137,-248,2,104
7998,137_249,Cavity,-137,-249,2,104
7999,137_250,Cavity,-137,-250,2,104
8000,137_251,Cavity,-137,-251,2,115
8001,137_252,Cavity,-137,-252,2,115
8002,137_253,Cavity,-137,-253,2,107
8003,137_254,Cavity,-137,-254,2,115
8004,137_255,Cavity,-137,-255,2,115
8005,137_256,Cavity,-137,-256,2,28
8006,137_257,Cavity,-137,-257,2,28
8007,137_258,Cavity,-137,-258,2,29
8008,137_259,Cavity,-137,-259,2,29
8009,137_260,Cavity,-137,-260,2,29
8010,137_261,Cavity,-137,-261,2,29
8011,137_262,Cavity,-137,-262,2,24
8012,137_263,Cavity,-137,-263,2,24
8013,137_264,Cavity,-137,-264,2,29
8014,137_265,Cavity,-137,-265,2,24
8015,137_266,Cavity,-137,-266,2,24
8016,137_267,Cavity,-137,-267,2,29
8017,137_268,Cavity,-137,-268,2,24
8018,137_269,Cavity,-137,-269,2,24
8019,137_270,Cavity,-137,-270,2,24
8020,137_271,Cavity,-137,-271,2,29
8021,137_272,Cavity,-137,-272,2,29
8022,137_273,Cavity,-137,-273,2,29
8023,137_274,Cavity,-137,-274,2,28
8024,137_275,Surface ectoderm,-137,-275,2,23
8025,137_276,Surface ectoderm,-137,-276,2,23
8026,137_277,Surface ectoderm,-137,-277,2,23
8027,137_278,Surface ectoderm,-137,-278,2,28
8028,137_279,Cavity,-137,-279,2,117
8029,137_280,Cavity,-137,-280,2,24
8030,137_281,Cavity,-137,-281,2,29
8031,137_282,Cavity,-137,-282,2,24
8032,137_283,Cavity,-137,-283,2,24
8033,137_284,Cavity,-137,-284,2,24
8034,137_285,Cavity,-137,-285,2,25
8035,137_286,Cavity,-137,-286,2,27
8036,138_150,Cavity,-138,-150,2,24
8037,138_151,Cavity,-138,-151,2,28
8038,138_152,Cavity,-138,-152,2,28
8039,138_153,Cavity,-138,-153,2,28
8040,138_154,Cavity,-138,-154,2,28
8041,138_155,Cavity,-138,-155,2,23
8042,138_156,Surface ectoderm,-138,-156,2,118
8043,138_157,Surface ectoderm,-138,-157,2,22
8044,138_158,Surface ectoderm,-138,-158,2,89
8045,138_159,Spinal cord,-138,-159,2,90
8046,138_160,Spinal cord,-138,-160,2,93
8047,138_161,Spinal cord,-138,-161,2,92
8048,138_162,Spinal cord,-138,-162,2,93
8049,138_163,Spinal cord,-138,-163,2,86
8050,138_164,Spinal cord,-138,-164,2,86
8051,138_165,Spinal cord,-138,-165,2,86
8052,138_166,Spinal cord,-138,-166,2,86
8053,138_167,Spinal cord,-138,-167,2,86
8054,138_168,Spinal cord,-138,-168,2,92
8055,138_169,Spinal cord,-138,-169,2,86
8056,138_170,Spinal cord,-138,-170,2,95
8057,138_171,Spinal cord,-138,-171,2,86
8058,138_172,Spinal cord,-138,-172,2,81
8059,138_173,Spinal cord,-138,-173,2,81
8060,138_174,Spinal cord,-138,-174,2,93
8061,138_175,Spinal cord,-138,-175,2,90
8062,138_176,Spinal cord,-138,-176,2,90
8063,138_177,Spinal cord,-138,-177,2,90
8064,138_178,Spinal cord,-138,-178,2,81
8065,138_179,Spinal cord,-138,-179,2,93
8066,138_180,Spinal cord,-138,-180,2,81
8067,138_181,Spinal cord,-138,-181,2,91
8068,138_182,Spinal cord,-138,-182,2,82
8069,138_183,Spinal cord,-138,-183,2,83
8070,138_184,Spinal cord,-138,-184,2,82
8071,138_185,Spinal cord,-138,-185,2,83
8072,138_186,Spinal cord,-138,-186,2,83
8073,138_187,Spinal cord,-138,-187,2,80
8074,138_188,Spinal cord,-138,-188,2,80
8075,138_189,Spinal cord,-138,-189,2,80
8076,138_190,Spinal cord,-138,-190,2,80
8077,138_191,Spinal cord,-138,-191,2,80
8078,138_192,Spinal cord,-138,-192,2,80
8079,138_193,Spinal cord,-138,-193,2,80
8080,138_194,Spinal cord,-138,-194,2,80
8081,138_195,Spinal cord,-138,-195,2,80
8082,138_196,Spinal cord,-138,-196,2,80
8083,138_197,Spinal cord,-138,-197,2,80
8084,138_198,Spinal cord,-138,-198,2,80
8085,138_199,Spinal cord,-138,-199,2,85
8086,138_200,Spinal cord,-138,-200,2,80
8087,138_201,Spinal cord,-138,-201,2,80
8088,138_202,Spinal cord,-138,-202,2,83
8089,138_203,Spinal cord,-138,-203,2,86
8090,138_204,Spinal cord,-138,-204,2,85
8091,138_205,Spinal cord,-138,-205,2,85
8092,138_206,Spinal cord,-138,-206,2,85
8093,138_207,Spinal cord,-138,-207,2,92
8094,138_208,Spinal cord,-138,-208,2,93
8095,138_209,Spinal cord,-138,-209,2,93
8096,138_210,Spinal cord,-138,-210,2,93
8097,138_211,Spinal cord,-138,-211,2,89
8098,138_212,Spinal cord,-138,-212,2,93
8099,138_213,Spinal cord,-138,-213,2,88
8100,138_214,Spinal cord,-138,-214,2,88
8101,138_215,Spinal cord,-138,-215,2,101
8102,138_216,Spinal cord,-138,-216,2,100
8103,138_217,Spinal cord,-138,-217,2,100
8104,138_218,Spinal cord,-138,-218,2,100
8105,138_219,Spinal cord,-138,-219,2,103
8106,138_220,Spinal cord,-138,-220,2,101
8107,138_221,Spinal cord,-138,-221,2,101
8108,138_222,Spinal cord,-138,-222,2,102
8109,138_223,Brain,-138,-223,2,109
8110,138_224,Brain,-138,-224,2,108
8111,138_225,Brain,-138,-225,2,108
8112,138_226,Brain,-138,-226,2,111
8113,138_227,Brain,-138,-227,2,106
8114,138_228,Cavity,-138,-228,2,106
8115,138_229,Cavity,-138,-229,2,104
8116,138_230,Cavity,-138,-230,2,104
8117,138_231,Cavity,-138,-231,2,104
8118,138_232,Cavity,-138,-232,2,104
8119,138_233,Cavity,-138,-233,2,104
8120,138_234,Cavity,-138,-234,2,104
8121,138_235,Cavity,-138,-235,2,104
8122,138_236,Cavity,-138,-236,2,104
8123,138_237,Cavity,-138,-237,2,104
8124,138_238,Cavity,-138,-238,2,105
8125,138_239,Cavity,-138,-239,2,104
8126,138_240,Cavity,-138,-240,2,104
8127,138_241,Cavity,-138,-241,2,104
8128,138_242,Cavity,-138,-242,2,104
8129,138_243,Cavity,-138,-243,2,104
8130,138_244,Cavity,-138,-244,2,104
8131,138_245,Cavity,-138,-245,2,104
8132,138_246,Cavity,-138,-246,2,104
8133,138_247,Cavity,-138,-247,2,104
8134,138_248,Cavity,-138,-248,2,104
8135,138_249,Cavity,-138,-249,2,107
8136,138_250,Cavity,-138,-250,2,107
8137,138_251,Cavity,-138,-251,2,104
8138,138_252,Cavity,-138,-252,2,107
8139,138_253,Cavity,-138,-253,2,104
8140,138_254,Cavity,-138,-254,2,107
8141,138_255,Cavity,-138,-255,2,107
8142,138_256,Cavity,-138,-256,2,113
8143,138_257,Cavity,-138,-257,2,117
8144,138_258,Urogenital ridge,-138,-258,2,5
8145,138_259,Surface ectoderm,-138,-259,2,23
8146,138_260,Cavity,-138,-260,2,116
8147,138_261,Cavity,-138,-261,2,113
8148,138_262,Cavity,-138,-262,2,28
8149,138_263,Cavity,-138,-263,2,29
8150,138_264,Cavity,-138,-264,2,24
8151,138_265,Cavity,-138,-265,2,24
8152,138_266,Cavity,-138,-266,2,24
8153,138_267,Cavity,-138,-267,2,24
8154,138_268,Cavity,-138,-268,2,29
8155,138_269,Cavity,-138,-269,2,29
8156,138_270,Cavity,-138,-270,2,24
8157,138_271,Cavity,-138,-271,2,29
8158,138_272,Cavity,-138,-272,2,29
8159,138_273,Connective tissue,-138,-273,2,29
8160,138_274,Surface ectoderm,-138,-274,2,22
8161,138_275,Surface ectoderm,-138,-275,2,23
8162,138_276,Surface ectoderm,-138,-276,2,127
8163,138_277,Surface ectoderm,-138,-277,2,23
8164,138_278,Surface ectoderm,-138,-278,2,23
8165,138_279,Surface ectoderm,-138,-279,2,23
8166,138_280,Cavity,-138,-280,2,28
8167,138_281,Cavity,-138,-281,2,24
8168,138_282,Cavity,-138,-282,2,24
8169,138_283,Cavity,-138,-283,2,24
8170,138_284,Cavity,-138,-284,2,24
8171,138_285,Cavity,-138,-285,2,24
8172,138_286,Cavity,-138,-286,2,25
8173,138_287,Cavity,-138,-287,2,27
8174,139_149,Cavity,-139,-149,2,24
8175,139_150,Cavity,-139,-150,2,28
8176,139_151,Cavity,-139,-151,2,28
8177,139_152,Cavity,-139,-152,2,28
8178,139_153,Cavity,-139,-153,2,28
8179,139_154,Surface ectoderm,-139,-154,2,28
8180,139_155,Surface ectoderm,-139,-155,2,23
8181,139_156,Surface ectoderm,-139,-156,2,22
8182,139_157,Surface ectoderm,-139,-157,2,89
8183,139_158,Spinal cord,-139,-158,2,89
8184,139_159,Spinal cord,-139,-159,2,94
8185,139_160,Spinal cord,-139,-160,2,86
8186,139_161,Spinal cord,-139,-161,2,81
8187,139_162,Spinal cord,-139,-162,2,81
8188,139_163,Spinal cord,-139,-163,2,86
8189,139_164,Spinal cord,-139,-164,2,86
8190,139_165,Spinal cord,-139,-165,2,86
8191,139_166,Spinal cord,-139,-166,2,86
8192,139_167,Spinal cord,-139,-167,2,86
8193,139_168,Spinal cord,-139,-168,2,81
8194,139_169,Spinal cord,-139,-169,2,86
8195,139_170,Spinal cord,-139,-170,2,86
8196,139_171,Spinal cord,-139,-171,2,80
8197,139_172,Spinal cord,-139,-172,2,81
8198,139_173,Spinal cord,-139,-173,2,81
8199,139_174,Spinal cord,-139,-174,2,82
8200,139_175,Spinal cord,-139,-175,2,82
8201,139_176,Spinal cord,-139,-176,2,90
8202,139_177,Spinal cord,-139,-177,2,91
8203,139_178,Spinal cord,-139,-178,2,91
8204,139_179,Spinal cord,-139,-179,2,81
8205,139_180,Spinal cord,-139,-180,2,83
8206,139_181,Spinal cord,-139,-181,2,83
8207,139_182,Spinal cord,-139,-182,2,83
8208,139_183,Spinal cord,-139,-183,2,80
8209,139_184,Spinal cord,-139,-184,2,80
8210,139_185,Spinal cord,-139,-185,2,83
8211,139_186,Spinal cord,-139,-186,2,84
8212,139_187,Spinal cord,-139,-187,2,84
8213,139_188,Spinal cord,-139,-188,2,84
8214,139_189,Spinal cord,-139,-189,2,80
8215,139_190,Spinal cord,-139,-190,2,83
8216,139_191,Spinal cord,-139,-191,2,80
8217,139_192,Spinal cord,-139,-192,2,80
8218,139_193,Spinal cord,-139,-193,2,80
8219,139_194,Spinal cord,-139,-194,2,85
8220,139_195,Spinal cord,-139,-195,2,84
8221,139_196,Spinal cord,-139,-196,2,84
8222,139_197,Spinal cord,-139,-197,2,84
8223,139_198,Spinal cord,-139,-198,2,84
8224,139_199,Sclerotome,-139,-199,2,115
8225,139_200,Spinal cord,-139,-200,2,115
8226,139_201,Spinal cord,-139,-201,2,84
8227,139_202,Spinal cord,-139,-202,2,80
8228,139_203,Spinal cord,-139,-203,2,80
8229,139_204,Spinal cord,-139,-204,2,85
8230,139_205,Spinal cord,-139,-205,2,85
8231,139_206,Spinal cord,-139,-206,2,87
8232,139_207,Spinal cord,-139,-207,2,87
8233,139_208,Spinal cord,-139,-208,2,86
8234,139_209,Spinal cord,-139,-209,2,81
8235,139_210,Spinal cord,-139,-210,2,93
8236,139_211,Spinal cord,-139,-211,2,94
8237,139_212,Spinal cord,-139,-212,2,88
8238,139_213,Spinal cord,-139,-213,2,88
8239,139_214,Spinal cord,-139,-214,2,88
8240,139_215,Spinal cord,-139,-215,2,89
8241,139_216,Spinal cord,-139,-216,2,103
8242,139_217,Spinal cord,-139,-217,2,103
8243,139_218,Spinal cord,-139,-218,2,103
8244,139_219,Spinal cord,-139,-219,2,100
8245,139_220,Spinal cord,-139,-220,2,100
8246,139_221,Spinal cord,-139,-221,2,101
8247,139_222,Spinal cord,-139,-222,2,101
8248,139_223,Spinal cord,-139,-223,2,102
8249,139_224,Brain,-139,-224,2,102
8250,139_225,Brain,-139,-225,2,109
8251,139_226,Brain,-139,-226,2,108
8252,139_227,Brain,-139,-227,2,108
8253,139_228,Brain,-139,-228,2,111
8254,139_229,Cavity,-139,-229,2,106
8255,139_230,Cavity,-139,-230,2,106
8256,139_231,Cavity,-139,-231,2,104
8257,139_232,Cavity,-139,-232,2,104
8258,139_233,Cavity,-139,-233,2,104
8259,139_234,Cavity,-139,-234,2,106
8260,139_235,Cavity,-139,-235,2,104
8261,139_236,Cavity,-139,-236,2,104
8262,139_237,Cavity,-139,-237,2,105
8263,139_238,Cavity,-139,-238,2,105
8264,139_239,Cavity,-139,-239,2,104
8265,139_240,Cavity,-139,-240,2,104
8266,139_241,Cavity,-139,-241,2,104
8267,139_242,Cavity,-139,-242,2,104
8268,139_243,Cavity,-139,-243,2,104
8269,139_244,Cavity,-139,-244,2,104
8270,139_245,Cavity,-139,-245,2,104
8271,139_246,Cavity,-139,-246,2,104
8272,139_247,Cavity,-139,-247,2,104
8273,139_248,Cavity,-139,-248,2,104
8274,139_249,Cavity,-139,-249,2,104
8275,139_250,Cavity,-139,-250,2,104
8276,139_251,Cavity,-139,-251,2,104
8277,139_252,Cavity,-139,-252,2,104
8278,139_253,Cavity,-139,-253,2,104
8279,139_254,Cavity,-139,-254,2,104
8280,139_255,Cavity,-139,-255,2,104
8281,139_256,Cavity,-139,-256,2,107
8282,139_257,Cavity,-139,-257,2,104
8283,139_258,Cavity,-139,-258,2,117
8284,139_259,Cavity,-139,-259,2,113
8285,139_260,Cavity,-139,-260,2,117
8286,139_261,Cavity,-139,-261,2,107
8287,139_262,Cavity,-139,-262,2,117
8288,139_263,Cavity,-139,-263,2,23
8289,139_264,Cavity,-139,-264,2,28
8290,139_265,Cavity,-139,-265,2,29
8291,139_266,Cavity,-139,-266,2,24
8292,139_267,Cavity,-139,-267,2,29
8293,139_268,Cavity,-139,-268,2,29
8294,139_269,Cavity,-139,-269,2,29
8295,139_270,Cavity,-139,-270,2,29
8296,139_271,Connective tissue,-139,-271,2,29
8297,139_272,Connective tissue,-139,-272,2,16
8298,139_273,Connective tissue,-139,-273,2,17
8299,139_274,Urogenital ridge,-139,-274,2,5
8300,139_275,Cavity,-139,-275,2,127
8301,139_276,Surface ectoderm,-139,-276,2,5
8302,139_277,Surface ectoderm,-139,-277,2,124
8303,139_278,Surface ectoderm,-139,-278,2,118
8304,139_279,Surface ectoderm,-139,-279,2,118
8305,139_280,Surface ectoderm,-139,-280,2,23
8306,139_281,Cavity,-139,-281,2,29
8307,139_282,Cavity,-139,-282,2,24
8308,139_283,Cavity,-139,-283,2,24
8309,139_284,Cavity,-139,-284,2,29
8310,139_285,Cavity,-139,-285,2,24
8311,139_286,Cavity,-139,-286,2,24
8312,139_287,Cavity,-139,-287,2,24
8313,139_288,Cavity,-139,-288,2,25
8314,139_289,Cavity,-139,-289,2,26
8315,139_290,Cavity,-139,-290,2,26
8316,139_291,Cavity,-139,-291,2,26
8317,139_292,Cavity,-139,-292,2,27
8318,140_147,Cavity,-140,-147,2,27
8319,140_148,Cavity,-140,-148,2,24
8320,140_149,Cavity,-140,-149,2,28
8321,140_150,Cavity,-140,-150,2,28
8322,140_151,Cavity,-140,-151,2,28
8323,140_152,Cavity,-140,-152,2,28
8324,140_153,Surface ectoderm,-140,-153,2,28
8325,140_154,Surface ectoderm,-140,-154,2,23
8326,140_155,Surface ectoderm,-140,-155,2,22
8327,140_156,Surface ectoderm,-140,-156,2,89
8328,140_157,Spinal cord,-140,-157,2,103
8329,140_158,Spinal cord,-140,-158,2,103
8330,140_159,Spinal cord,-140,-159,2,89
8331,140_160,Spinal cord,-140,-160,2,91
8332,140_161,Spinal cord,-140,-161,2,86
8333,140_162,Spinal cord,-140,-162,2,86
8334,140_163,Spinal cord,-140,-163,2,84
8335,140_164,Spinal cord,-140,-164,2,86
8336,140_165,Spinal cord,-140,-165,2,92
8337,140_166,Spinal cord,-140,-166,2,86
8338,140_167,Spinal cord,-140,-167,2,81
8339,140_168,Spinal cord,-140,-168,2,86
8340,140_169,Spinal cord,-140,-169,2,81
8341,140_170,Spinal cord,-140,-170,2,81
8342,140_171,Spinal cord,-140,-171,2,83
8343,140_172,Spinal cord,-140,-172,2,80
8344,140_173,Spinal cord,-140,-173,2,81
8345,140_174,Spinal cord,-140,-174,2,82
8346,140_175,Spinal cord,-140,-175,2,93
8347,140_176,Spinal cord,-140,-176,2,91
8348,140_177,Spinal cord,-140,-177,2,82
8349,140_178,Spinal cord,-140,-178,2,82
8350,140_179,Spinal cord,-140,-179,2,83
8351,140_180,Spinal cord,-140,-180,2,83
8352,140_181,Spinal cord,-140,-181,2,83
8353,140_182,Spinal cord,-140,-182,2,83
8354,140_183,Spinal cord,-140,-183,2,80
8355,140_184,Spinal cord,-140,-184,2,85
8356,140_185,Spinal cord,-140,-185,2,84
8357,140_186,Sclerotome,-140,-186,2,115
8358,140_187,Blood vessel,-140,-187,2,114
8359,140_188,Sclerotome,-140,-188,2,114
8360,140_189,Spinal cord,-140,-189,2,115
8361,140_190,Spinal cord,-140,-190,2,84
8362,140_191,Spinal cord,-140,-191,2,85
8363,140_192,Spinal cord,-140,-192,2,84
8364,140_193,Spinal cord,-140,-193,2,84
8365,140_194,Spinal cord,-140,-194,2,84
8366,140_195,Blood vessel,-140,-195,2,114
8367,140_196,Blood vessel,-140,-196,2,114
8368,140_197,Blood vessel,-140,-197,2,114
8369,140_198,Sclerotome,-140,-198,2,114
8370,140_199,Sclerotome,-140,-199,2,114
8371,140_200,Blood vessel,-140,-200,2,114
8372,140_201,Blood vessel,-140,-201,2,114
8373,140_202,Spinal cord,-140,-202,2,84
8374,140_203,Spinal cord,-140,-203,2,80
8375,140_204,Spinal cord,-140,-204,2,80
8376,140_205,Spinal cord,-140,-205,2,80
8377,140_206,Spinal cord,-140,-206,2,85
8378,140_207,Spinal cord,-140,-207,2,85
8379,140_208,Spinal cord,-140,-208,2,85
8380,140_209,Spinal cord,-140,-209,2,80
8381,140_210,Cavity,-140,-210,2,91
8382,140_211,Spinal cord,-140,-211,2,94
8383,140_212,Spinal cord,-140,-212,2,91
8384,140_213,Spinal cord,-140,-213,2,89
8385,140_214,Spinal cord,-140,-214,2,88
8386,140_215,Spinal cord,-140,-215,2,88
8387,140_216,Spinal cord,-140,-216,2,89
8388,140_217,Spinal cord,-140,-217,2,103
8389,140_218,Spinal cord,-140,-218,2,103
8390,140_219,Spinal cord,-140,-219,2,102
8391,140_220,Spinal cord,-140,-220,2,103
8392,140_221,Spinal cord,-140,-221,2,100
8393,140_222,Spinal cord,-140,-222,2,100
8394,140_223,Spinal cord,-140,-223,2,103
8395,140_224,Spinal cord,-140,-224,2,103
8396,140_225,Brain,-140,-225,2,103
8397,140_226,Brain,-140,-226,2,102
8398,140_227,Brain,-140,-227,2,108
8399,140_228,Brain,-140,-228,2,108
8400,140_229,Brain,-140,-229,2,111
8401,140_230,Brain,-140,-230,2,106
8402,140_231,Cavity,-140,-231,2,106
8403,140_232,Cavity,-140,-232,2,106
8404,140_233,Cavity,-140,-233,2,111
8405,140_234,Cavity,-140,-234,2,106
8406,140_235,Brain,-140,-235,2,106
8407,140_236,Brain,-140,-236,2,106
8408,140_237,Cavity,-140,-237,2,104
8409,140_238,Cavity,-140,-238,2,104
8410,140_239,Cavity,-140,-239,2,104
8411,140_240,Cavity,-140,-240,2,104
8412,140_241,Cavity,-140,-241,2,104
8413,140_242,Cavity,-140,-242,2,104
8414,140_243,Cavity,-140,-243,2,104
8415,140_244,Cavity,-140,-244,2,105
8416,140_245,Cavity,-140,-245,2,104
8417,140_246,Cavity,-140,-246,2,104
8418,140_247,Cavity,-140,-247,2,104
8419,140_248,Cavity,-140,-248,2,104
8420,140_249,Cavity,-140,-249,2,106
8421,140_250,Brain,-140,-250,2,106
8422,140_251,Cavity,-140,-251,2,106
8423,140_252,Cavity,-140,-252,2,104
8424,140_253,Cavity,-140,-253,2,104
8425,140_254,Cavity,-140,-254,2,104
8426,140_255,Cavity,-140,-255,2,104
8427,140_256,Cavity,-140,-256,2,104
8428,140_257,Cavity,-140,-257,2,104
8429,140_258,Cavity,-140,-258,2,104
8430,140_259,Cavity,-140,-259,2,107
8431,140_260,Cavity,-140,-260,2,104
8432,140_261,Cavity,-140,-261,2,104
8433,140_262,Cavity,-140,-262,2,107
8434,140_263,Cavity,-140,-263,2,117
8435,140_264,Cavity,-140,-264,2,115
8436,140_265,Cavity,-140,-265,2,115
8437,140_266,Cavity,-140,-266,2,115
8438,140_267,Cavity,-140,-267,2,28
8439,140_268,Cavity,-140,-268,2,23
8440,140_269,Cavity,-140,-269,2,116
8441,140_270,Surface ectoderm,-140,-270,2,28
8442,140_271,Urogenital ridge,-140,-271,2,5
8443,140_272,Urogenital ridge,-140,-272,2,5
8444,140_273,Urogenital ridge,-140,-273,2,5
8445,140_274,Cavity,-140,-274,2,116
8446,140_275,Cavity,-140,-275,2,107
8447,140_276,Brain,-140,-276,2,108
8448,140_277,Brain,-140,-277,2,124
8449,140_278,Brain,-140,-278,2,102
8450,140_279,Brain,-140,-279,2,102
8451,140_280,Surface ectoderm,-140,-280,2,22
8452,140_281,Surface ectoderm,-140,-281,2,28
8453,140_282,Cavity,-140,-282,2,23
8454,140_283,Cavity,-140,-283,2,29
8455,140_284,Cavity,-140,-284,2,29
8456,140_285,Cavity,-140,-285,2,24
8457,140_286,Cavity,-140,-286,2,29
8458,140_287,Cavity,-140,-287,2,24
8459,140_288,Cavity,-140,-288,2,24
8460,140_289,Cavity,-140,-289,2,24
8461,140_290,Cavity,-140,-290,2,24
8462,140_291,Cavity,-140,-291,2,24
8463,140_292,Cavity,-140,-292,2,24
8464,140_293,Cavity,-140,-293,2,24
8465,140_294,Cavity,-140,-294,2,24
8466,140_295,Cavity,-140,-295,2,24
8467,140_296,Cavity,-140,-296,2,25
8468,140_297,Cavity,-140,-297,2,25
8469,140_298,Cavity,-140,-298,2,25
8470,140_299,Cavity,-140,-299,2,27
8471,140_300,Cavity,-140,-300,2,27
8472,140_301,Cavity,-140,-301,2,27
8473,140_302,Cavity,-140,-302,2,27
8474,141_146,Cavity,-141,-146,2,27
8475,141_147,Cavity,-141,-147,2,29
8476,141_148,Cavity,-141,-148,2,28
8477,141_149,Cavity,-141,-149,2,28
8478,141_150,Cavity,-141,-150,2,28
8479,141_151,Cavity,-141,-151,2,28
8480,141_152,Surface ectoderm,-141,-152,2,23
8481,141_153,Surface ectoderm,-141,-153,2,22
8482,141_154,Surface ectoderm,-141,-154,2,22
8483,141_155,Surface ectoderm,-141,-155,2,22
8484,141_156,Surface ectoderm,-141,-156,2,88
8485,141_157,Spinal cord,-141,-157,2,103
8486,141_158,Spinal cord,-141,-158,2,103
8487,141_159,Spinal cord,-141,-159,2,103
8488,141_160,Spinal cord,-141,-160,2,94
8489,141_161,Spinal cord,-141,-161,2,91
8490,141_162,Spinal cord,-141,-162,2,86
8491,141_163,Spinal cord,-141,-163,2,86
8492,141_164,Spinal cord,-141,-164,2,81
8493,141_165,Spinal cord,-141,-165,2,92
8494,141_166,Spinal cord,-141,-166,2,86
8495,141_167,Spinal cord,-141,-167,2,86
8496,141_168,Spinal cord,-141,-168,2,81
8497,141_169,Spinal cord,-141,-169,2,81
8498,141_170,Spinal cord,-141,-170,2,81
8499,141_171,Spinal cord,-141,-171,2,82
8500,141_172,Spinal cord,-141,-172,2,80
8501,141_173,Spinal cord,-141,-173,2,81
8502,141_174,Spinal cord,-141,-174,2,86
8503,141_175,Spinal cord,-141,-175,2,91
8504,141_176,Spinal cord,-141,-176,2,81
8505,141_177,Spinal cord,-141,-177,2,83
8506,141_178,Spinal cord,-141,-178,2,80
8507,141_179,Spinal cord,-141,-179,2,83
8508,141_180,Spinal cord,-141,-180,2,83
8509,141_181,Spinal cord,-141,-181,2,83
8510,141_182,Spinal cord,-141,-182,2,80
8511,141_183,Spinal cord,-141,-183,2,85
8512,141_184,Spinal cord,-141,-184,2,84
8513,141_185,Blood vessel,-141,-185,2,114
8514,141_186,Blood vessel,-141,-186,2,114
8515,141_187,Blood vessel,-141,-187,2,114
8516,141_188,Blood vessel,-141,-188,2,114
8517,141_189,Blood vessel,-141,-189,2,114
8518,141_190,Blood vessel,-141,-190,2,114
8519,141_191,Sclerotome,-141,-191,2,114
8520,141_192,Blood vessel,-141,-192,2,114
8521,141_193,Blood vessel,-141,-193,2,114
8522,141_194,Blood vessel,-141,-194,2,114
8523,141_195,Blood vessel,-141,-195,2,114
8524,141_196,Blood vessel,-141,-196,2,114
8525,141_197,Blood vessel,-141,-197,2,114
8526,141_198,Blood vessel,-141,-198,2,114
8527,141_199,Blood vessel,-141,-199,2,114
8528,141_200,Blood vessel,-141,-200,2,114
8529,141_201,Blood vessel,-141,-201,2,114
8530,141_202,Sclerotome,-141,-202,2,115
8531,141_203,Spinal cord,-141,-203,2,84
8532,141_204,Spinal cord,-141,-204,2,85
8533,141_205,Spinal cord,-141,-205,2,85
8534,141_206,Spinal cord,-141,-206,2,85
8535,141_207,Spinal cord,-141,-207,2,85
8536,141_208,Spinal cord,-141,-208,2,85
8537,141_209,Spinal cord,-141,-209,2,80
8538,141_210,Spinal cord,-141,-210,2,85
8539,141_211,Spinal cord,-141,-211,2,80
8540,141_212,Spinal cord,-141,-212,2,80
8541,141_213,Spinal cord,-141,-213,2,86
8542,141_214,Spinal cord,-141,-214,2,93
8543,141_215,Spinal cord,-141,-215,2,88
8544,141_216,Spinal cord,-141,-216,2,91
8545,141_217,Spinal cord,-141,-217,2,89
8546,141_218,Spinal cord,-141,-218,2,94
8547,141_219,Spinal cord,-141,-219,2,103
8548,141_220,Spinal cord,-141,-220,2,88
8549,141_221,Spinal cord,-141,-221,2,100
8550,141_222,Spinal cord,-141,-222,2,100
8551,141_223,Spinal cord,-141,-223,2,101
8552,141_224,Spinal cord,-141,-224,2,100
8553,141_225,Spinal cord,-141,-225,2,101
8554,141_226,Spinal cord,-141,-226,2,103
8555,141_227,Brain,-141,-227,2,108
8556,141_228,Brain,-141,-228,2,109
8557,141_229,Brain,-141,-229,2,108
8558,141_230,Brain,-141,-230,2,111
8559,141_231,Brain,-141,-231,2,111
8560,141_232,Brain,-141,-232,2,111
8561,141_233,Cavity,-141,-233,2,106
8562,141_234,Brain,-141,-234,2,111
8563,141_235,Brain,-141,-235,2,106
8564,141_236,Cavity,-141,-236,2,106
8565,141_237,Brain,-141,-237,2,111
8566,141_238,Cavity,-141,-238,2,104
8567,141_239,Cavity,-141,-239,2,104
8568,141_240,Cavity,-141,-240,2,104
8569,141_241,Cavity,-141,-241,2,106
8570,141_242,Cavity,-141,-242,2,104
8571,141_243,Cavity,-141,-243,2,104
8572,141_244,Cavity,-141,-244,2,104
8573,141_245,Cavity,-141,-245,2,104
8574,141_246,Cavity,-141,-246,2,104
8575,141_247,Cavity,-141,-247,2,104
8576,141_248,Cavity,-141,-248,2,106
8577,141_249,Brain,-141,-249,2,111
8578,141_250,Brain,-141,-250,2,111
8579,141_251,Brain,-141,-251,2,111
8580,141_252,Brain,-141,-252,2,106
8581,141_253,Cavity,-141,-253,2,104
8582,141_254,Cavity,-141,-254,2,104
8583,141_255,Cavity,-141,-255,2,104
8584,141_256,Cavity,-141,-256,2,104
8585,141_257,Cavity,-141,-257,2,104
8586,141_258,Cavity,-141,-258,2,104
8587,141_259,Cavity,-141,-259,2,104
8588,141_260,Cavity,-141,-260,2,104
8589,141_261,Cavity,-141,-261,2,104
8590,141_262,Cavity,-141,-262,2,104
8591,141_263,Cavity,-141,-263,2,104
8592,141_264,Cavity,-141,-264,2,104
8593,141_265,Cavity,-141,-265,2,107
8594,141_266,Cavity,-141,-266,2,115
8595,141_267,Cavity,-141,-267,2,115
8596,141_268,Cavity,-141,-268,2,115
8597,141_269,Cavity,-141,-269,2,116
8598,141_270,Cavity,-141,-270,2,113
8599,141_271,Cavity,-141,-271,2,113
8600,141_272,Cavity,-141,-272,2,113
8601,141_273,Cavity,-141,-273,2,113
8602,141_274,Cavity,-141,-274,2,107
8603,141_275,Brain,-141,-275,2,108
8604,141_276,Brain,-141,-276,2,108
8605,141_277,Brain,-141,-277,2,108
8606,141_278,Brain,-141,-278,2,109
8607,141_279,Brain,-141,-279,2,124
8608,141_280,Brain,-141,-280,2,109
8609,141_281,Surface ectoderm,-141,-281,2,23
8610,141_282,Surface ectoderm,-141,-282,2,23
8611,141_283,Cavity,-141,-283,2,28
8612,141_284,Cavity,-141,-284,2,29
8613,141_285,Cavity,-141,-285,2,24
8614,141_286,Cavity,-141,-286,2,24
8615,141_287,Cavity,-141,-287,2,28
8616,141_288,Cavity,-141,-288,2,24
8617,141_289,Cavity,-141,-289,2,29
8618,141_290,Cavity,-141,-290,2,24
8619,141_291,Cavity,-141,-291,2,24
8620,141_292,Cavity,-141,-292,2,24
8621,141_293,Cavity,-141,-293,2,29
8622,141_294,Cavity,-141,-294,2,24
8623,141_295,Cavity,-141,-295,2,24
8624,141_296,Cavity,-141,-296,2,24
8625,141_297,Cavity,-141,-297,2,24
8626,141_298,Cavity,-141,-298,2,24
8627,141_299,Cavity,-141,-299,2,24
8628,141_300,Cavity,-141,-300,2,24
8629,141_301,Cavity,-141,-301,2,24
8630,141_302,Cavity,-141,-302,2,114
8631,141_303,Cavity,-141,-303,2,25
8632,141_304,Cavity,-141,-304,2,24
8633,141_305,Cavity,-141,-305,2,25
8634,141_306,Cavity,-141,-306,2,26
8635,141_307,Cavity,-141,-307,2,26
8636,141_308,Cavity,-141,-308,2,27
8637,141_309,Cavity,-141,-309,2,26
8638,141_310,Cavity,-141,-310,2,27
8639,142_145,Cavity,-142,-145,2,27
8640,142_146,Cavity,-142,-146,2,29
8641,142_147,Cavity,-142,-147,2,28
8642,142_148,Cavity,-142,-148,2,28
8643,142_149,Cavity,-142,-149,2,28
8644,142_150,Surface ectoderm,-142,-150,2,28
8645,142_151,Surface ectoderm,-142,-151,2,22
8646,142_152,Surface ectoderm,-142,-152,2,22
8647,142_153,Surface ectoderm,-142,-153,2,22
8648,142_154,Surface ectoderm,-142,-154,2,89
8649,142_155,Spinal cord,-142,-155,2,100
8650,142_156,Spinal cord,-142,-156,2,89
8651,142_157,Spinal cord,-142,-157,2,100
8652,142_158,Spinal cord,-142,-158,2,94
8653,142_159,Spinal cord,-142,-159,2,103
8654,142_160,Spinal cord,-142,-160,2,103
8655,142_161,Spinal cord,-142,-161,2,91
8656,142_162,Spinal cord,-142,-162,2,86
8657,142_163,Spinal cord,-142,-163,2,86
8658,142_164,Spinal cord,-142,-164,2,86
8659,142_165,Spinal cord,-142,-165,2,86
8660,142_166,Spinal cord,-142,-166,2,86
8661,142_167,Spinal cord,-142,-167,2,87
8662,142_168,Spinal cord,-142,-168,2,86
8663,142_169,Spinal cord,-142,-169,2,80
8664,142_170,Spinal cord,-142,-170,2,86
8665,142_171,Spinal cord,-142,-171,2,85
8666,142_172,Spinal cord,-142,-172,2,86
8667,142_173,Spinal cord,-142,-173,2,81
8668,142_174,Spinal cord,-142,-174,2,91
8669,142_175,Spinal cord,-142,-175,2,80
8670,142_176,Spinal cord,-142,-176,2,83
8671,142_177,Spinal cord,-142,-177,2,83
8672,142_178,Spinal cord,-142,-178,2,83
8673,142_179,Spinal cord,-142,-179,2,83
8674,142_180,Spinal cord,-142,-180,2,83
8675,142_181,Spinal cord,-142,-181,2,80
8676,142_182,Spinal cord,-142,-182,2,85
8677,142_183,Spinal cord,-142,-183,2,84
8678,142_184,Blood vessel,-142,-184,2,114
8679,142_185,Blood vessel,-142,-185,2,114
8680,142_186,Blood vessel,-142,-186,2,114
8681,142_187,Blood vessel,-142,-187,2,114
8682,142_188,Blood vessel,-142,-188,2,114
8683,142_189,Blood vessel,-142,-189,2,114
8684,142_190,Blood vessel,-142,-190,2,114
8685,142_191,Blood vessel,-142,-191,2,114
8686,142_192,Blood vessel,-142,-192,2,114
8687,142_193,Blood vessel,-142,-193,2,114
8688,142_194,Blood vessel,-142,-194,2,114
8689,142_195,Blood vessel,-142,-195,2,114
8690,142_196,Blood vessel,-142,-196,2,114
8691,142_197,Blood vessel,-142,-197,2,114
8692,142_198,Blood vessel,-142,-198,2,114
8693,142_199,Blood vessel,-142,-199,2,114
8694,142_200,Blood vessel,-142,-200,2,114
8695,142_201,Sclerotome,-142,-201,2,115
8696,142_202,Sclerotome,-142,-202,2,115
8697,142_203,Sclerotome,-142,-203,2,115
8698,142_204,Spinal cord,-142,-204,2,115
8699,142_205,Spinal cord,-142,-205,2,84
8700,142_206,Spinal cord,-142,-206,2,80
8701,142_207,Spinal cord,-142,-207,2,80
8702,142_208,Spinal cord,-142,-208,2,85
8703,142_209,Spinal cord,-142,-209,2,80
8704,142_210,Spinal cord,-142,-210,2,80
8705,142_211,Spinal cord,-142,-211,2,80
8706,142_212,Spinal cord,-142,-212,2,80
8707,142_213,Spinal cord,-142,-213,2,80
8708,142_214,Spinal cord,-142,-214,2,81
8709,142_215,Spinal cord,-142,-215,2,87
8710,142_216,Spinal cord,-142,-216,2,88
8711,142_217,Spinal cord,-142,-217,2,91
8712,142_218,Spinal cord,-142,-218,2,89
8713,142_219,Spinal cord,-142,-219,2,89
8714,142_220,Spinal cord,-142,-220,2,88
8715,142_221,Spinal cord,-142,-221,2,88
8716,142_222,Spinal cord,-142,-222,2,102
8717,142_223,Spinal cord,-142,-223,2,103
8718,142_224,Spinal cord,-142,-224,2,100
8719,142_225,Spinal cord,-142,-225,2,103
8720,142_226,Spinal cord,-142,-226,2,103
8721,142_227,Spinal cord,-142,-227,2,100
8722,142_228,Spinal cord,-142,-228,2,102
8723,142_229,Brain,-142,-229,2,108
8724,142_230,Brain,-142,-230,2,108
8725,142_231,Brain,-142,-231,2,108
8726,142_232,Brain,-142,-232,2,111
8727,142_233,Cavity,-142,-233,2,111
8728,142_234,Cavity,-142,-234,2,111
8729,142_235,Cavity,-142,-235,2,107
8730,142_236,Cavity,-142,-236,2,107
8731,142_237,Cavity,-142,-237,2,106
8732,142_238,Cavity,-142,-238,2,106
8733,142_239,Cavity,-142,-239,2,104
8734,142_240,Cavity,-142,-240,2,106
8735,142_241,Cavity,-142,-241,2,106
8736,142_242,Cavity,-142,-242,2,106
8737,142_243,Cavity,-142,-243,2,106
8738,142_244,Cavity,-142,-244,2,106
8739,142_245,Cavity,-142,-245,2,106
8740,142_246,Cavity,-142,-246,2,106
8741,142_247,Cavity,-142,-247,2,106
8742,142_248,Brain,-142,-248,2,111
8743,142_249,Brain,-142,-249,2,108
8744,142_250,Brain,-142,-250,2,111
8745,142_251,Brain,-142,-251,2,111
8746,142_252,Brain,-142,-252,2,111
8747,142_253,Brain,-142,-253,2,111
8748,142_254,Brain,-142,-254,2,110
8749,142_255,Cavity,-142,-255,2,104
8750,142_256,Cavity,-142,-256,2,104
8751,142_257,Cavity,-142,-257,2,104
8752,142_258,Cavity,-142,-258,2,104
8753,142_259,Cavity,-142,-259,2,104
8754,142_260,Cavity,-142,-260,2,104
8755,142_261,Cavity,-142,-261,2,104
8756,142_262,Cavity,-142,-262,2,105
8757,142_263,Cavity,-142,-263,2,104
8758,142_264,Cavity,-142,-264,2,104
8759,142_265,Cavity,-142,-265,2,104
8760,142_266,Cavity,-142,-266,2,104
8761,142_267,Cavity,-142,-267,2,104
8762,142_268,Cavity,-142,-268,2,104
8763,142_269,Cavity,-142,-269,2,104
8764,142_270,Cavity,-142,-270,2,104
8765,142_271,Cavity,-142,-271,2,104
8766,142_272,Cavity,-142,-272,2,107
8767,142_273,Cavity,-142,-273,2,104
8768,142_274,Cavity,-142,-274,2,106
8769,142_275,Brain,-142,-275,2,108
8770,142_276,Brain,-142,-276,2,108
8771,142_277,Brain,-142,-277,2,102
8772,142_278,Brain,-142,-278,2,108
8773,142_279,Brain,-142,-279,2,108
8774,142_280,Brain,-142,-280,2,108
8775,142_281,Urogenital ridge,-142,-281,2,5
8776,142_282,Surface ectoderm,-142,-282,2,23
8777,142_283,Surface ectoderm,-142,-283,2,23
8778,142_284,Surface ectoderm,-142,-284,2,23
8779,142_285,Cavity,-142,-285,2,28
8780,142_286,Cavity,-142,-286,2,28
8781,142_287,Cavity,-142,-287,2,29
8782,142_288,Cavity,-142,-288,2,29
8783,142_289,Cavity,-142,-289,2,29
8784,142_290,Cavity,-142,-290,2,28
8785,142_291,Cavity,-142,-291,2,29
8786,142_292,Cavity,-142,-292,2,28
8787,142_293,Cavity,-142,-293,2,28
8788,142_294,Cavity,-142,-294,2,29
8789,142_295,Cavity,-142,-295,2,24
8790,142_296,Cavity,-142,-296,2,24
8791,142_297,Cavity,-142,-297,2,115
8792,142_298,Cavity,-142,-298,2,29
8793,142_299,Cavity,-142,-299,2,96
8794,142_300,Cavity,-142,-300,2,104
8795,142_301,Cavity,-142,-301,2,29
8796,142_302,Cavity,-142,-302,2,29
8797,142_303,Cavity,-142,-303,2,28
8798,142_304,Cavity,-142,-304,2,29
8799,142_305,Cavity,-142,-305,2,29
8800,142_306,Cavity,-142,-306,2,29
8801,142_307,Cavity,-142,-307,2,25
8802,142_308,Cavity,-142,-308,2,25
8803,142_309,Cavity,-142,-309,2,25
8804,142_310,Cavity,-142,-310,2,25
8805,142_311,Cavity,-142,-311,2,25
8806,142_312,Cavity,-142,-312,2,26
8807,143_144,Cavity,-143,-144,2,27
8808,143_145,Cavity,-143,-145,2,29
8809,143_146,Cavity,-143,-146,2,28
8810,143_147,Cavity,-143,-147,2,28
8811,143_148,Cavity,-143,-148,2,28
8812,143_149,Surface ectoderm,-143,-149,2,22
8813,143_150,Surface ectoderm,-143,-150,2,22
8814,143_151,Surface ectoderm,-143,-151,2,22
8815,143_152,Surface ectoderm,-143,-152,2,103
8816,143_153,Spinal cord,-143,-153,2,100
8817,143_154,Spinal cord,-143,-154,2,100
8818,143_155,Spinal cord,-143,-155,2,101
8819,143_156,Spinal cord,-143,-156,2,103
8820,143_157,Spinal cord,-143,-157,2,100
8821,143_158,Spinal cord,-143,-158,2,103
8822,143_159,Spinal cord,-143,-159,2,100
8823,143_160,Spinal cord,-143,-160,2,103
8824,143_161,Spinal cord,-143,-161,2,88
8825,143_162,Spinal cord,-143,-162,2,91
8826,143_163,Spinal cord,-143,-163,2,86
8827,143_164,Spinal cord,-143,-164,2,86
8828,143_165,Spinal cord,-143,-165,2,84
8829,143_166,Spinal cord,-143,-166,2,86
8830,143_167,Spinal cord,-143,-167,2,84
8831,143_168,Spinal cord,-143,-168,2,81
8832,143_169,Spinal cord,-143,-169,2,80
8833,143_170,Spinal cord,-143,-170,2,83
8834,143_171,Spinal cord,-143,-171,2,86
8835,143_172,Spinal cord,-143,-172,2,81
8836,143_173,Spinal cord,-143,-173,2,81
8837,143_174,Spinal cord,-143,-174,2,83
8838,143_175,Spinal cord,-143,-175,2,80
8839,143_176,Spinal cord,-143,-176,2,80
8840,143_177,Spinal cord,-143,-177,2,80
8841,143_178,Spinal cord,-143,-178,2,80
8842,143_179,Spinal cord,-143,-179,2,80
8843,143_180,Spinal cord,-143,-180,2,80
8844,143_181,Spinal cord,-143,-181,2,85
8845,143_182,Spinal cord,-143,-182,2,84
8846,143_183,Blood vessel,-143,-183,2,114
8847,143_184,Blood vessel,-143,-184,2,114
8848,143_185,Blood vessel,-143,-185,2,114
8849,143_186,Blood vessel,-143,-186,2,114
8850,143_187,Blood vessel,-143,-187,2,114
8851,143_188,Blood vessel,-143,-188,2,114
8852,143_189,Blood vessel,-143,-189,2,114
8853,143_190,Blood vessel,-143,-190,2,114
8854,143_191,Blood vessel,-143,-191,2,114
8855,143_192,Blood vessel,-143,-192,2,114
8856,143_193,Blood vessel,-143,-193,2,114
8857,143_194,Blood vessel,-143,-194,2,114
8858,143_195,Blood vessel,-143,-195,2,114
8859,143_196,Blood vessel,-143,-196,2,114
8860,143_197,Blood vessel,-143,-197,2,114
8861,143_198,Blood vessel,-143,-198,2,114
8862,143_199,Blood vessel,-143,-199,2,114
8863,143_200,Sclerotome,-143,-200,2,115
8864,143_201,Sclerotome,-143,-201,2,115
8865,143_202,Sclerotome,-143,-202,2,113
8866,143_203,Sclerotome,-143,-203,2,113
8867,143_204,Sclerotome,-143,-204,2,115
8868,143_205,Sclerotome,-143,-205,2,115
8869,143_206,Spinal cord,-143,-206,2,84
8870,143_207,Spinal cord,-143,-207,2,85
8871,143_208,Spinal cord,-143,-208,2,85
8872,143_209,Spinal cord,-143,-209,2,85
8873,143_210,Spinal cord,-143,-210,2,80
8874,143_211,Spinal cord,-143,-211,2,80
8875,143_212,Spinal cord,-143,-212,2,80
8876,143_213,Spinal cord,-143,-213,2,85
8877,143_214,Spinal cord,-143,-214,2,83
8878,143_215,Spinal cord,-143,-215,2,81
8879,143_216,Spinal cord,-143,-216,2,92
8880,143_217,Spinal cord,-143,-217,2,91
8881,143_218,Spinal cord,-143,-218,2,91
8882,143_219,Spinal cord,-143,-219,2,91
8883,143_220,Spinal cord,-143,-220,2,91
8884,143_221,Spinal cord,-143,-221,2,91
8885,143_222,Spinal cord,-143,-222,2,100
8886,143_223,Spinal cord,-143,-223,2,100
8887,143_224,Spinal cord,-143,-224,2,103
8888,143_225,Spinal cord,-143,-225,2,103
8889,143_226,Spinal cord,-143,-226,2,99
8890,143_227,Spinal cord,-143,-227,2,102
8891,143_228,Spinal cord,-143,-228,2,103
8892,143_229,Spinal cord,-143,-229,2,103
8893,143_230,Brain,-143,-230,2,108
8894,143_231,Brain,-143,-231,2,108
8895,143_232,Brain,-143,-232,2,108
8896,143_233,Brain,-143,-233,2,111
8897,143_234,Cavity,-143,-234,2,106
8898,143_235,Cavity,-143,-235,2,107
8899,143_236,Blood vessel,-143,-236,2,7
8900,143_237,Cavity,-143,-237,2,107
8901,143_238,Cavity,-143,-238,2,106
8902,143_239,Cavity,-143,-239,2,106
8903,143_240,Cavity,-143,-240,2,106
8904,143_241,Cavity,-143,-241,2,106
8905,143_242,Cavity,-143,-242,2,106
8906,143_243,Cavity,-143,-243,2,106
8907,143_244,Cavity,-143,-244,2,106
8908,143_245,Cavity,-143,-245,2,106
8909,143_246,Cavity,-143,-246,2,107
8910,143_247,Brain,-143,-247,2,106
8911,143_248,Brain,-143,-248,2,111
8912,143_249,Brain,-143,-249,2,108
8913,143_250,Brain,-143,-250,2,108
8914,143_251,Brain,-143,-251,2,108
8915,143_252,Brain,-143,-252,2,108
8916,143_253,Brain,-143,-253,2,108
8917,143_254,Brain,-143,-254,2,111
8918,143_255,Brain,-143,-255,2,106
8919,143_256,Cavity,-143,-256,2,104
8920,143_257,Cavity,-143,-257,2,104
8921,143_258,Cavity,-143,-258,2,104
8922,143_259,Cavity,-143,-259,2,105
8923,143_260,Cavity,-143,-260,2,104
8924,143_261,Cavity,-143,-261,2,105
8925,143_262,Cavity,-143,-262,2,104
8926,143_263,Cavity,-143,-263,2,104
8927,143_264,Cavity,-143,-264,2,104
8928,143_265,Cavity,-143,-265,2,104
8929,143_266,Cavity,-143,-266,2,105
8930,143_267,Cavity,-143,-267,2,104
8931,143_268,Cavity,-143,-268,2,104
8932,143_269,Cavity,-143,-269,2,104
8933,143_270,Cavity,-143,-270,2,104
8934,143_271,Cavity,-143,-271,2,104
8935,143_272,Cavity,-143,-272,2,104
8936,143_273,Cavity,-143,-273,2,104
8937,143_274,Brain,-143,-274,2,111
8938,143_275,Brain,-143,-275,2,108
8939,143_276,Brain,-143,-276,2,108
8940,143_277,Brain,-143,-277,2,108
8941,143_278,Brain,-143,-278,2,108
8942,143_279,Brain,-143,-279,2,108
8943,143_280,Brain,-143,-280,2,108
8944,143_281,Urogenital ridge,-143,-281,2,5
8945,143_282,Urogenital ridge,-143,-282,2,4
8946,143_283,Surface ectoderm,-143,-283,2,18
8947,143_284,Surface ectoderm,-143,-284,2,23
8948,143_285,Surface ectoderm,-143,-285,2,23
8949,143_286,Surface ectoderm,-143,-286,2,23
8950,143_287,Surface ectoderm,-143,-287,2,23
8951,143_288,Surface ectoderm,-143,-288,2,23
8952,143_289,Surface ectoderm,-143,-289,2,23
8953,143_290,Surface ectoderm,-143,-290,2,23
8954,143_291,Cavity,-143,-291,2,30
8955,143_292,Surface ectoderm,-143,-292,2,23
8956,143_293,Cavity,-143,-293,2,28
8957,143_294,Cavity,-143,-294,2,28
8958,143_295,Cavity,-143,-295,2,28
8959,143_296,Cavity,-143,-296,2,28
8960,143_297,Cavity,-143,-297,2,24
8961,143_298,Cavity,-143,-298,2,28
8962,143_299,Cavity,-143,-299,2,29
8963,143_300,Cavity,-143,-300,2,28
8964,143_301,Cavity,-143,-301,2,28
8965,143_302,Cavity,-143,-302,2,23
8966,143_303,Connective tissue,-143,-303,2,28
8967,143_304,Cavity,-143,-304,2,28
8968,143_305,Connective tissue,-143,-305,2,28
8969,143_306,Cavity,-143,-306,2,31
8970,143_307,Cavity,-143,-307,2,29
8971,143_308,Cavity,-143,-308,2,31
8972,143_309,Cavity,-143,-309,2,25
8973,143_310,Cavity,-143,-310,2,29
8974,143_311,Cavity,-143,-311,2,25
8975,143_312,Cavity,-143,-312,2,25
8976,143_313,Cavity,-143,-313,2,27
8977,144_143,Cavity,-144,-143,2,26
8978,144_144,Cavity,-144,-144,2,29
8979,144_145,Cavity,-144,-145,2,28
8980,144_146,Cavity,-144,-146,2,28
8981,144_147,Cavity,-144,-147,2,28
8982,144_148,Surface ectoderm,-144,-148,2,23
8983,144_149,Surface ectoderm,-144,-149,2,21
8984,144_150,Surface ectoderm,-144,-150,2,22
8985,144_151,Surface ectoderm,-144,-151,2,100
8986,144_152,Spinal cord,-144,-152,2,100
8987,144_153,Spinal cord,-144,-153,2,102
8988,144_154,Spinal cord,-144,-154,2,103
8989,144_155,Spinal cord,-144,-155,2,103
8990,144_156,Spinal cord,-144,-156,2,103
8991,144_157,Spinal cord,-144,-157,2,100
8992,144_158,Spinal cord,-144,-158,2,100
8993,144_159,Spinal cord,-144,-159,2,103
8994,144_160,Spinal cord,-144,-160,2,103
8995,144_161,Spinal cord,-144,-161,2,89
8996,144_162,Spinal cord,-144,-162,2,91
8997,144_163,Spinal cord,-144,-163,2,86
8998,144_164,Spinal cord,-144,-164,2,86
8999,144_165,Spinal cord,-144,-165,2,87
9000,144_166,Spinal cord,-144,-166,2,86
9001,144_167,Spinal cord,-144,-167,2,85
9002,144_168,Spinal cord,-144,-168,2,81
9003,144_169,Spinal cord,-144,-169,2,81
9004,144_170,Spinal cord,-144,-170,2,82
9005,144_171,Spinal cord,-144,-171,2,81
9006,144_172,Spinal cord,-144,-172,2,81
9007,144_173,Spinal cord,-144,-173,2,83
9008,144_174,Spinal cord,-144,-174,2,83
9009,144_175,Spinal cord,-144,-175,2,83
9010,144_176,Spinal cord,-144,-176,2,83
9011,144_177,Spinal cord,-144,-177,2,80
9012,144_178,Spinal cord,-144,-178,2,85
9013,144_179,Spinal cord,-144,-179,2,85
9014,144_180,Spinal cord,-144,-180,2,84
9015,144_181,Blood vessel,-144,-181,2,114
9016,144_182,Blood vessel,-144,-182,2,114
9017,144_183,Blood vessel,-144,-183,2,114
9018,144_184,Blood vessel,-144,-184,2,114
9019,144_185,Blood vessel,-144,-185,2,114
9020,144_186,Blood vessel,-144,-186,2,114
9021,144_187,Blood vessel,-144,-187,2,114
9022,144_188,Sclerotome,-144,-188,2,115
9023,144_189,Sclerotome,-144,-189,2,114
9024,144_190,Sclerotome,-144,-190,2,115
9025,144_191,Blood vessel,-144,-191,2,114
9026,144_192,Sclerotome,-144,-192,2,114
9027,144_193,Sclerotome,-144,-193,2,115
9028,144_194,Sclerotome,-144,-194,2,115
9029,144_195,Sclerotome,-144,-195,2,114
9030,144_196,Sclerotome,-144,-196,2,115
9031,144_197,Sclerotome,-144,-197,2,115
9032,144_198,Sclerotome,-144,-198,2,115
9033,144_199,Sclerotome,-144,-199,2,115
9034,144_200,Sclerotome,-144,-200,2,115
9035,144_201,Sclerotome,-144,-201,2,115
9036,144_202,Sclerotome,-144,-202,2,113
9037,144_203,Sclerotome,-144,-203,2,113
9038,144_204,Sclerotome,-144,-204,2,116
9039,144_205,Sclerotome,-144,-205,2,113
9040,144_206,Sclerotome,-144,-206,2,115
9041,144_207,Spinal cord,-144,-207,2,115
9042,144_208,Spinal cord,-144,-208,2,84
9043,144_209,Spinal cord,-144,-209,2,84
9044,144_210,Spinal cord,-144,-210,2,85
9045,144_211,Spinal cord,-144,-211,2,85
9046,144_212,Spinal cord,-144,-212,2,85
9047,144_213,Spinal cord,-144,-213,2,80
9048,144_214,Spinal cord,-144,-214,2,80
9049,144_215,Spinal cord,-144,-215,2,80
9050,144_216,Spinal cord,-144,-216,2,81
9051,144_217,Spinal cord,-144,-217,2,93
9052,144_218,Spinal cord,-144,-218,2,92
9053,144_219,Spinal cord,-144,-219,2,93
9054,144_220,Spinal cord,-144,-220,2,91
9055,144_221,Spinal cord,-144,-221,2,93
9056,144_222,Spinal cord,-144,-222,2,89
9057,144_223,Spinal cord,-144,-223,2,94
9058,144_224,Spinal cord,-144,-224,2,89
9059,144_225,Spinal cord,-144,-225,2,102
9060,144_226,Spinal cord,-144,-226,2,100
9061,144_227,Spinal cord,-144,-227,2,103
9062,144_228,Spinal cord,-144,-228,2,103
9063,144_229,Spinal cord,-144,-229,2,102
9064,144_230,Spinal cord,-144,-230,2,102
9065,144_231,Brain,-144,-231,2,109
9066,144_232,Brain,-144,-232,2,108
9067,144_233,Cavity,-144,-233,2,106
9068,144_234,Cavity,-144,-234,2,107
9069,144_235,Cavity,-144,-235,2,107
9070,144_236,Blood vessel,-144,-236,2,7
9071,144_237,Cavity,-144,-237,2,107
9072,144_238,Cavity,-144,-238,2,107
9073,144_239,Cavity,-144,-239,2,107
9074,144_240,Cavity,-144,-240,2,107
9075,144_241,Cavity,-144,-241,2,107
9076,144_242,Cavity,-144,-242,2,107
9077,144_243,Cavity,-144,-243,2,107
9078,144_244,Cavity,-144,-244,2,106
9079,144_245,Cavity,-144,-245,2,107
9080,144_246,Cavity,-144,-246,2,106
9081,144_247,Brain,-144,-247,2,111
9082,144_248,Brain,-144,-248,2,108
9083,144_249,Brain,-144,-249,2,109
9084,144_250,Brain,-144,-250,2,108
9085,144_251,Brain,-144,-251,2,109
9086,144_252,Brain,-144,-252,2,109
9087,144_253,Brain,-144,-253,2,108
9088,144_254,Brain,-144,-254,2,108
9089,144_255,Brain,-144,-255,2,111
9090,144_256,Brain,-144,-256,2,104
9091,144_257,Cavity,-144,-257,2,104
9092,144_258,Cavity,-144,-258,2,104
9093,144_259,Cavity,-144,-259,2,104
9094,144_260,Cavity,-144,-260,2,104
9095,144_261,Cavity,-144,-261,2,104
9096,144_262,Cavity,-144,-262,2,105
9097,144_263,Cavity,-144,-263,2,104
9098,144_264,Cavity,-144,-264,2,104
9099,144_265,Cavity,-144,-265,2,105
9100,144_266,Cavity,-144,-266,2,104
9101,144_267,Cavity,-144,-267,2,105
9102,144_268,Cavity,-144,-268,2,104
9103,144_269,Cavity,-144,-269,2,105
9104,144_270,Cavity,-144,-270,2,105
9105,144_271,Cavity,-144,-271,2,105
9106,144_272,Cavity,-144,-272,2,104
9107,144_273,Cavity,-144,-273,2,106
9108,144_274,Brain,-144,-274,2,108
9109,144_275,Brain,-144,-275,2,108
9110,144_276,Brain,-144,-276,2,108
9111,144_277,Brain,-144,-277,2,108
9112,144_278,Brain,-144,-278,2,109
9113,144_279,Brain,-144,-279,2,108
9114,144_280,Brain,-144,-280,2,108
9115,144_281,Head mesenchyme,-144,-281,2,116
9116,144_282,Urogenital ridge,-144,-282,2,5
9117,144_283,Urogenital ridge,-144,-283,2,4
9118,144_284,Head mesenchyme,-144,-284,2,118
9119,144_285,Surface ectoderm,-144,-285,2,22
9120,144_286,Surface ectoderm,-144,-286,2,22
9121,144_287,Surface ectoderm,-144,-287,2,22
9122,144_288,Surface ectoderm,-144,-288,2,22
9123,144_289,Surface ectoderm,-144,-289,2,23
9124,144_290,Surface ectoderm,-144,-290,2,22
9125,144_291,Surface ectoderm,-144,-291,2,22
9126,144_292,Surface ectoderm,-144,-292,2,18
9127,144_293,Surface ectoderm,-144,-293,2,23
9128,144_294,Surface ectoderm,-144,-294,2,23
9129,144_295,Surface ectoderm,-144,-295,2,23
9130,144_296,Surface ectoderm,-144,-296,2,23
9131,144_297,Surface ectoderm,-144,-297,2,18
9132,144_298,Surface ectoderm,-144,-298,2,23
9133,144_299,Surface ectoderm,-144,-299,2,23
9134,144_300,Surface ectoderm,-144,-300,2,23
9135,144_301,Surface ectoderm,-144,-301,2,22
9136,144_302,Surface ectoderm,-144,-302,2,23
9137,144_303,Surface ectoderm,-144,-303,2,23
9138,144_304,Surface ectoderm,-144,-304,2,23
9139,144_305,Surface ectoderm,-144,-305,2,19
9140,144_306,Connective tissue,-144,-306,2,17
9141,144_307,Connective tissue,-144,-307,2,30
9142,144_308,Connective tissue,-144,-308,2,17
9143,144_309,Cavity,-144,-309,2,29
9144,144_310,Cavity,-144,-310,2,29
9145,144_311,Cavity,-144,-311,2,25
9146,144_312,Cavity,-144,-312,2,25
9147,144_313,Cavity,-144,-313,2,26
9148,145_142,Cavity,-145,-142,2,25
9149,145_143,Cavity,-145,-143,2,28
9150,145_144,Cavity,-145,-144,2,28
9151,145_145,Cavity,-145,-145,2,28
9152,145_146,Cavity,-145,-146,2,28
9153,145_147,Surface ectoderm,-145,-147,2,23
9154,145_148,Surface ectoderm,-145,-148,2,22
9155,145_149,Surface ectoderm,-145,-149,2,22
9156,145_150,Surface ectoderm,-145,-150,2,103
9157,145_151,Spinal cord,-145,-151,2,100
9158,145_152,Spinal cord,-145,-152,2,102
9159,145_153,Spinal cord,-145,-153,2,103
9160,145_154,Spinal cord,-145,-154,2,102
9161,145_155,Spinal cord,-145,-155,2,103
9162,145_156,Spinal cord,-145,-156,2,100
9163,145_157,Spinal cord,-145,-157,2,100
9164,145_158,Spinal cord,-145,-158,2,101
9165,145_159,Spinal cord,-145,-159,2,100
9166,145_160,Spinal cord,-145,-160,2,100
9167,145_161,Spinal cord,-145,-161,2,89
9168,145_162,Spinal cord,-145,-162,2,93
9169,145_163,Spinal cord,-145,-163,2,93
9170,145_164,Spinal cord,-145,-164,2,87
9171,145_165,Spinal cord,-145,-165,2,86
9172,145_166,Spinal cord,-145,-166,2,86
9173,145_167,Spinal cord,-145,-167,2,80
9174,145_168,Spinal cord,-145,-168,2,85
9175,145_169,Spinal cord,-145,-169,2,80
9176,145_170,Spinal cord,-145,-170,2,82
9177,145_171,Spinal cord,-145,-171,2,85
9178,145_172,Spinal cord,-145,-172,2,80
9179,145_173,Spinal cord,-145,-173,2,83
9180,145_174,Spinal cord,-145,-174,2,80
9181,145_175,Spinal cord,-145,-175,2,80
9182,145_176,Spinal cord,-145,-176,2,85
9183,145_177,Spinal cord,-145,-177,2,85
9184,145_178,Spinal cord,-145,-178,2,84
9185,145_179,Spinal cord,-145,-179,2,84
9186,145_180,Blood vessel,-145,-180,2,114
9187,145_181,Blood vessel,-145,-181,2,114
9188,145_182,Blood vessel,-145,-182,2,114
9189,145_183,Blood vessel,-145,-183,2,114
9190,145_184,Blood vessel,-145,-184,2,114
9191,145_185,Blood vessel,-145,-185,2,114
9192,145_186,Blood vessel,-145,-186,2,114
9193,145_187,Sclerotome,-145,-187,2,114
9194,145_188,Sclerotome,-145,-188,2,115
9195,145_189,Sclerotome,-145,-189,2,113
9196,145_190,Sclerotome,-145,-190,2,115
9197,145_191,Sclerotome,-145,-191,2,115
9198,145_192,Sclerotome,-145,-192,2,115
9199,145_193,Sclerotome,-145,-193,2,115
9200,145_194,Sclerotome,-145,-194,2,115
9201,145_195,Sclerotome,-145,-195,2,115
9202,145_196,Sclerotome,-145,-196,2,115
9203,145_197,Sclerotome,-145,-197,2,115
9204,145_198,Sclerotome,-145,-198,2,113
9205,145_199,Sclerotome,-145,-199,2,112
9206,145_200,Sclerotome,-145,-200,2,115
9207,145_201,Sclerotome,-145,-201,2,113
9208,145_202,Sclerotome,-145,-202,2,113
9209,145_203,Sclerotome,-145,-203,2,113
9210,145_204,Sclerotome,-145,-204,2,113
9211,145_205,Sclerotome,-145,-205,2,115
9212,145_206,Sclerotome,-145,-206,2,113
9213,145_207,Sclerotome,-145,-207,2,113
9214,145_208,Sclerotome,-145,-208,2,115
9215,145_209,Sclerotome,-145,-209,2,115
9216,145_210,Spinal cord,-145,-210,2,115
9217,145_211,Spinal cord,-145,-211,2,115
9218,145_212,Spinal cord,-145,-212,2,84
9219,145_213,Spinal cord,-145,-213,2,85
9220,145_214,Spinal cord,-145,-214,2,80
9221,145_215,Spinal cord,-145,-215,2,80
9222,145_216,Spinal cord,-145,-216,2,83
9223,145_217,Spinal cord,-145,-217,2,93
9224,145_218,Spinal cord,-145,-218,2,86
9225,145_219,Spinal cord,-145,-219,2,85
9226,145_220,Spinal cord,-145,-220,2,86
9227,145_221,Spinal cord,-145,-221,2,86
9228,145_222,Spinal cord,-145,-222,2,92
9229,145_223,Spinal cord,-145,-223,2,91
9230,145_224,Spinal cord,-145,-224,2,91
9231,145_225,Spinal cord,-145,-225,2,93
9232,145_226,Spinal cord,-145,-226,2,89
9233,145_227,Spinal cord,-145,-227,2,89
9234,145_228,Spinal cord,-145,-228,2,100
9235,145_229,Spinal cord,-145,-229,2,103
9236,145_230,Spinal cord,-145,-230,2,100
9237,145_231,Brain,-145,-231,2,109
9238,145_232,Brain,-145,-232,2,109
9239,145_233,Cavity,-145,-233,2,108
9240,145_234,Cavity,-145,-234,2,107
9241,145_235,Brain,-145,-235,2,108
9242,145_236,Brain,-145,-236,2,109
9243,145_237,Cavity,-145,-237,2,106
9244,145_238,Brain,-145,-238,2,108
9245,145_239,Cavity,-145,-239,2,107
9246,145_240,Cavity,-145,-240,2,5
9247,145_241,Cavity,-145,-241,2,107
9248,145_242,Cavity,-145,-242,2,107
9249,145_243,Cavity,-145,-243,2,106
9250,145_244,Cavity,-145,-244,2,104
9251,145_245,Cavity,-145,-245,2,107
9252,145_246,Cavity,-145,-246,2,106
9253,145_247,Brain,-145,-247,2,111
9254,145_248,Brain,-145,-248,2,108
9255,145_249,Brain,-145,-249,2,109
9256,145_250,Brain,-145,-250,2,102
9257,145_251,Brain,-145,-251,2,102
9258,145_252,Brain,-145,-252,2,109
9259,145_253,Brain,-145,-253,2,109
9260,145_254,Brain,-145,-254,2,108
9261,145_255,Brain,-145,-255,2,111
9262,145_256,Brain,-145,-256,2,111
9263,145_257,Cavity,-145,-257,2,104
9264,145_258,Cavity,-145,-258,2,104
9265,145_259,Cavity,-145,-259,2,104
9266,145_260,Cavity,-145,-260,2,104
9267,145_261,Cavity,-145,-261,2,105
9268,145_262,Cavity,-145,-262,2,104
9269,145_263,Cavity,-145,-263,2,104
9270,145_264,Cavity,-145,-264,2,105
9271,145_265,Cavity,-145,-265,2,105
9272,145_266,Cavity,-145,-266,2,105
9273,145_267,Cavity,-145,-267,2,105
9274,145_268,Cavity,-145,-268,2,105
9275,145_269,Cavity,-145,-269,2,105
9276,145_270,Cavity,-145,-270,2,105
9277,145_271,Cavity,-145,-271,2,105
9278,145_272,Cavity,-145,-272,2,105
9279,145_273,Cavity,-145,-273,2,104
9280,145_274,Cavity,-145,-274,2,104
9281,145_275,Brain,-145,-275,2,108
9282,145_276,Brain,-145,-276,2,102
9283,145_277,Brain,-145,-277,2,108
9284,145_278,Brain,-145,-278,2,96
9285,145_279,Brain,-145,-279,2,108
9286,145_280,Brain,-145,-280,2,109
9287,145_281,Brain,-145,-281,2,108
9288,145_282,Brain,-145,-282,2,102
9289,145_283,Urogenital ridge,-145,-283,2,118
9290,145_284,Head mesenchyme,-145,-284,2,5
9291,145_285,Head mesenchyme,-145,-285,2,5
9292,145_286,Head mesenchyme,-145,-286,2,127
9293,145_287,Head mesenchyme,-145,-287,2,118
9294,145_288,Head mesenchyme,-145,-288,2,118
9295,145_289,Head mesenchyme,-145,-289,2,118
9296,145_290,Head mesenchyme,-145,-290,2,116
9297,145_291,Urogenital ridge,-145,-291,2,116
9298,145_292,Urogenital ridge,-145,-292,2,5
9299,145_293,Sclerotome,-145,-293,2,124
9300,145_294,Sclerotome,-145,-294,2,113
9301,145_295,Surface ectoderm,-145,-295,2,23
9302,145_296,Head mesenchyme,-145,-296,2,116
9303,145_297,Head mesenchyme,-145,-297,2,116
9304,145_298,Head mesenchyme,-145,-298,2,118
9305,145_299,Head mesenchyme,-145,-299,2,116
9306,145_300,Head mesenchyme,-145,-300,2,116
9307,145_301,Head mesenchyme,-145,-301,2,118
9308,145_302,Head mesenchyme,-145,-302,2,118
9309,145_303,Surface ectoderm,-145,-303,2,118
9310,145_304,Surface ectoderm,-145,-304,2,22
9311,145_305,Surface ectoderm,-145,-305,2,20
9312,145_306,Surface ectoderm,-145,-306,2,18
9313,145_307,Surface ectoderm,-145,-307,2,17
9314,145_308,Connective tissue,-145,-308,2,17
9315,145_309,Cavity,-145,-309,2,31
9316,145_310,Cavity,-145,-310,2,29
9317,145_311,Cavity,-145,-311,2,25
9318,145_312,Cavity,-145,-312,2,24
9319,145_313,Cavity,-145,-313,2,26
9320,145_314,Cavity,-145,-314,2,27
9321,146_141,Cavity,-146,-141,2,25
9322,146_142,Cavity,-146,-142,2,28
9323,146_143,Cavity,-146,-143,2,28
9324,146_144,Cavity,-146,-144,2,28
9325,146_145,Cavity,-146,-145,2,28
9326,146_146,Surface ectoderm,-146,-146,2,22
9327,146_147,Surface ectoderm,-146,-147,2,22
9328,146_148,Spinal cord,-146,-148,2,21
9329,146_149,Spinal cord,-146,-149,2,101
9330,146_150,Spinal cord,-146,-150,2,103
9331,146_151,Spinal cord,-146,-151,2,102
9332,146_152,Spinal cord,-146,-152,2,102
9333,146_153,Spinal cord,-146,-153,2,102
9334,146_154,Spinal cord,-146,-154,2,102
9335,146_155,Spinal cord,-146,-155,2,100
9336,146_156,Spinal cord,-146,-156,2,101
9337,146_157,Spinal cord,-146,-157,2,100
9338,146_158,Spinal cord,-146,-158,2,101
9339,146_159,Spinal cord,-146,-159,2,100
9340,146_160,Spinal cord,-146,-160,2,103
9341,146_161,Spinal cord,-146,-161,2,94
9342,146_162,Spinal cord,-146,-162,2,91
9343,146_163,Spinal cord,-146,-163,2,93
9344,146_164,Spinal cord,-146,-164,2,86
9345,146_165,Spinal cord,-146,-165,2,81
9346,146_166,Spinal cord,-146,-166,2,86
9347,146_167,Spinal cord,-146,-167,2,80
9348,146_168,Spinal cord,-146,-168,2,83
9349,146_169,Spinal cord,-146,-169,2,81
9350,146_170,Spinal cord,-146,-170,2,83
9351,146_171,Spinal cord,-146,-171,2,83
9352,146_172,Spinal cord,-146,-172,2,83
9353,146_173,Spinal cord,-146,-173,2,80
9354,146_174,Spinal cord,-146,-174,2,80
9355,146_175,Spinal cord,-146,-175,2,85
9356,146_176,Spinal cord,-146,-176,2,84
9357,146_177,Spinal cord,-146,-177,2,84
9358,146_178,Blood vessel,-146,-178,2,114
9359,146_179,Blood vessel,-146,-179,2,114
9360,146_180,Blood vessel,-146,-180,2,114
9361,146_181,Blood vessel,-146,-181,2,114
9362,146_182,Blood vessel,-146,-182,2,114
9363,146_183,Blood vessel,-146,-183,2,114
9364,146_184,Blood vessel,-146,-184,2,114
9365,146_185,Blood vessel,-146,-185,2,114
9366,146_186,Blood vessel,-146,-186,2,114
9367,146_187,Sclerotome,-146,-187,2,115
9368,146_188,Sclerotome,-146,-188,2,112
9369,146_189,Sclerotome,-146,-189,2,113
9370,146_190,Sclerotome,-146,-190,2,113
9371,146_191,Sclerotome,-146,-191,2,113
9372,146_192,Sclerotome,-146,-192,2,113
9373,146_193,Sclerotome,-146,-193,2,113
9374,146_194,Sclerotome,-146,-194,2,113
9375,146_195,Sclerotome,-146,-195,2,113
9376,146_196,Sclerotome,-146,-196,2,115
9377,146_197,Sclerotome,-146,-197,2,113
9378,146_198,Sclerotome,-146,-198,2,113
9379,146_199,Sclerotome,-146,-199,2,113
9380,146_200,Sclerotome,-146,-200,2,113
9381,146_201,Sclerotome,-146,-201,2,115
9382,146_202,Sclerotome,-146,-202,2,115
9383,146_203,Sclerotome,-146,-203,2,115
9384,146_204,Sclerotome,-146,-204,2,115
9385,146_205,Sclerotome,-146,-205,2,115
9386,146_206,Sclerotome,-146,-206,2,115
9387,146_207,Sclerotome,-146,-207,2,115
9388,146_208,Sclerotome,-146,-208,2,113
9389,146_209,Sclerotome,-146,-209,2,113
9390,146_210,Sclerotome,-146,-210,2,113
9391,146_211,Sclerotome,-146,-211,2,115
9392,146_212,Sclerotome,-146,-212,2,115
9393,146_213,Sclerotome,-146,-213,2,115
9394,146_214,Spinal cord,-146,-214,2,85
9395,146_215,Spinal cord,-146,-215,2,85
9396,146_216,Spinal cord,-146,-216,2,85
9397,146_217,Spinal cord,-146,-217,2,80
9398,146_218,Spinal cord,-146,-218,2,85
9399,146_219,Spinal cord,-146,-219,2,85
9400,146_220,Spinal cord,-146,-220,2,81
9401,146_221,Spinal cord,-146,-221,2,86
9402,146_222,Spinal cord,-146,-222,2,81
9403,146_223,Spinal cord,-146,-223,2,86
9404,146_224,Spinal cord,-146,-224,2,93
9405,146_225,Spinal cord,-146,-225,2,91
9406,146_226,Spinal cord,-146,-226,2,90
9407,146_227,Spinal cord,-146,-227,2,93
9408,146_228,Spinal cord,-146,-228,2,89
9409,146_229,Spinal cord,-146,-229,2,100
9410,146_230,Spinal cord,-146,-230,2,103
9411,146_231,Spinal cord,-146,-231,2,101
9412,146_232,Spinal cord,-146,-232,2,100
9413,146_233,Brain,-146,-233,2,102
9414,146_234,Brain,-146,-234,2,109
9415,146_235,Brain,-146,-235,2,108
9416,146_236,Brain,-146,-236,2,108
9417,146_237,Brain,-146,-237,2,108
9418,146_238,Brain,-146,-238,2,102
9419,146_239,Brain,-146,-239,2,108
9420,146_240,Brain,-146,-240,2,106
9421,146_241,Cavity,-146,-241,2,106
9422,146_242,Cavity,-146,-242,2,106
9423,146_243,Cavity,-146,-243,2,107
9424,146_244,Cavity,-146,-244,2,107
9425,146_245,Cavity,-146,-245,2,106
9426,146_246,Cavity,-146,-246,2,106
9427,146_247,Cavity,-146,-247,2,106
9428,146_248,Brain,-146,-248,2,108
9429,146_249,Brain,-146,-249,2,102
9430,146_250,Brain,-146,-250,2,102
9431,146_251,Brain,-146,-251,2,102
9432,146_252,Brain,-146,-252,2,109
9433,146_253,Brain,-146,-253,2,108
9434,146_254,Brain,-146,-254,2,108
9435,146_255,Brain,-146,-255,2,111
9436,146_256,Brain,-146,-256,2,111
9437,146_257,Brain,-146,-257,2,104
9438,146_258,Cavity,-146,-258,2,104
9439,146_259,Cavity,-146,-259,2,104
9440,146_260,Cavity,-146,-260,2,104
9441,146_261,Cavity,-146,-261,2,105
9442,146_262,Cavity,-146,-262,2,104
9443,146_263,Cavity,-146,-263,2,104
9444,146_264,Cavity,-146,-264,2,105
9445,146_265,Cavity,-146,-265,2,105
9446,146_266,Cavity,-146,-266,2,105
9447,146_267,Cavity,-146,-267,2,105
9448,146_268,Cavity,-146,-268,2,105
9449,146_269,Cavity,-146,-269,2,105
9450,146_270,Cavity,-146,-270,2,105
9451,146_271,Cavity,-146,-271,2,105
9452,146_272,Cavity,-146,-272,2,105
9453,146_273,Cavity,-146,-273,2,105
9454,146_274,Cavity,-146,-274,2,104
9455,146_275,Cavity,-146,-275,2,106
9456,146_276,Brain,-146,-276,2,108
9457,146_277,Brain,-146,-277,2,109
9458,146_278,Brain,-146,-278,2,102
9459,146_279,Brain,-146,-279,2,108
9460,146_280,Brain,-146,-280,2,102
9461,146_281,Spinal cord,-146,-281,2,102
9462,146_282,Brain,-146,-282,2,87
9463,146_283,Brain,-146,-283,2,118
9464,146_284,Head mesenchyme,-146,-284,2,126
9465,146_285,Urogenital ridge,-146,-285,2,5
9466,146_286,Sclerotome,-146,-286,2,95
9467,146_287,Sclerotome,-146,-287,2,116
9468,146_288,Head mesenchyme,-146,-288,2,116
9469,146_289,Head mesenchyme,-146,-289,2,116
9470,146_290,Urogenital ridge,-146,-290,2,5
9471,146_291,Urogenital ridge,-146,-291,2,5
9472,146_292,Sclerotome,-146,-292,2,112
9473,146_293,Sclerotome,-146,-293,2,117
9474,146_294,Sclerotome,-146,-294,2,116
9475,146_295,Sclerotome,-146,-295,2,113
9476,146_296,Sclerotome,-146,-296,2,113
9477,146_297,Head mesenchyme,-146,-297,2,117
9478,146_298,Head mesenchyme,-146,-298,2,116
9479,146_299,Head mesenchyme,-146,-299,2,118
9480,146_300,Head mesenchyme,-146,-300,2,118
9481,146_301,Head mesenchyme,-146,-301,2,118
9482,146_302,Head mesenchyme,-146,-302,2,118
9483,146_303,Head mesenchyme,-146,-303,2,116
9484,146_304,Head mesenchyme,-146,-304,2,118
9485,146_305,Surface ectoderm,-146,-305,2,20
9486,146_306,Surface ectoderm,-146,-306,2,18
9487,146_307,Surface ectoderm,-146,-307,2,18
9488,146_308,Surface ectoderm,-146,-308,2,18
9489,146_309,Connective tissue,-146,-309,2,30
9490,146_310,Cavity,-146,-310,2,31
9491,146_311,Cavity,-146,-311,2,25
9492,146_312,Cavity,-146,-312,2,24
9493,146_313,Cavity,-146,-313,2,25
9494,146_314,Cavity,-146,-314,2,26
9495,147_140,Cavity,-147,-140,2,27
9496,147_141,Cavity,-147,-141,2,28
9497,147_142,Cavity,-147,-142,2,28
9498,147_143,Cavity,-147,-143,2,28
9499,147_144,Cavity,-147,-144,2,23
9500,147_145,Surface ectoderm,-147,-145,2,23
9501,147_146,Surface ectoderm,-147,-146,2,22
9502,147_147,Surface ectoderm,-147,-147,2,21
9503,147_148,Spinal cord,-147,-148,2,101
9504,147_149,Spinal cord,-147,-149,2,103
9505,147_150,Spinal cord,-147,-150,2,102
9506,147_151,Spinal cord,-147,-151,2,103
9507,147_152,Spinal cord,-147,-152,2,103
9508,147_153,Spinal cord,-147,-153,2,102
9509,147_154,Spinal cord,-147,-154,2,103
9510,147_155,Spinal cord,-147,-155,2,100
9511,147_156,Spinal cord,-147,-156,2,100
9512,147_157,Spinal cord,-147,-157,2,100
9513,147_158,Spinal cord,-147,-158,2,100
9514,147_159,Spinal cord,-147,-159,2,100
9515,147_160,Spinal cord,-147,-160,2,89
9516,147_161,Spinal cord,-147,-161,2,91
9517,147_162,Spinal cord,-147,-162,2,91
9518,147_163,Spinal cord,-147,-163,2,82
9519,147_164,Spinal cord,-147,-164,2,81
9520,147_165,Spinal cord,-147,-165,2,81
9521,147_166,Spinal cord,-147,-166,2,80
9522,147_167,Spinal cord,-147,-167,2,83
9523,147_168,Spinal cord,-147,-168,2,85
9524,147_169,Spinal cord,-147,-169,2,85
9525,147_170,Spinal cord,-147,-170,2,83
9526,147_171,Spinal cord,-147,-171,2,80
9527,147_172,Spinal cord,-147,-172,2,83
9528,147_173,Spinal cord,-147,-173,2,80
9529,147_174,Spinal cord,-147,-174,2,85
9530,147_175,Spinal cord,-147,-175,2,84
9531,147_176,Blood vessel,-147,-176,2,114
9532,147_177,Blood vessel,-147,-177,2,114
9533,147_178,Blood vessel,-147,-178,2,114
9534,147_179,Blood vessel,-147,-179,2,114
9535,147_180,Blood vessel,-147,-180,2,114
9536,147_181,Sclerotome,-147,-181,2,115
9537,147_182,Sclerotome,-147,-182,2,115
9538,147_183,Sclerotome,-147,-183,2,115
9539,147_184,Blood vessel,-147,-184,2,114
9540,147_185,Sclerotome,-147,-185,2,115
9541,147_186,Sclerotome,-147,-186,2,115
9542,147_187,Sclerotome,-147,-187,2,113
9543,147_188,Sclerotome,-147,-188,2,113
9544,147_189,Sclerotome,-147,-189,2,112
9545,147_190,Sclerotome,-147,-190,2,112
9546,147_191,Sclerotome,-147,-191,2,113
9547,147_192,Sclerotome,-147,-192,2,112
9548,147_193,Sclerotome,-147,-193,2,112
9549,147_194,Sclerotome,-147,-194,2,113
9550,147_195,Sclerotome,-147,-195,2,112
9551,147_196,Sclerotome,-147,-196,2,113
9552,147_197,Sclerotome,-147,-197,2,113
9553,147_198,Sclerotome,-147,-198,2,113
9554,147_199,Sclerotome,-147,-199,2,113
9555,147_200,Sclerotome,-147,-200,2,115
9556,147_201,Sclerotome,-147,-201,2,115
9557,147_202,Sclerotome,-147,-202,2,115
9558,147_203,Sclerotome,-147,-203,2,115
9559,147_204,Sclerotome,-147,-204,2,115
9560,147_205,Sclerotome,-147,-205,2,115
9561,147_206,Sclerotome,-147,-206,2,115
9562,147_207,Sclerotome,-147,-207,2,115
9563,147_208,Sclerotome,-147,-208,2,115
9564,147_209,Sclerotome,-147,-209,2,115
9565,147_210,Sclerotome,-147,-210,2,115
9566,147_211,Sclerotome,-147,-211,2,115
9567,147_212,Sclerotome,-147,-212,2,115
9568,147_213,Sclerotome,-147,-213,2,115
9569,147_214,Sclerotome,-147,-214,2,84
9570,147_215,Spinal cord,-147,-215,2,84
9571,147_216,Spinal cord,-147,-216,2,80
9572,147_217,Spinal cord,-147,-217,2,85
9573,147_218,Spinal cord,-147,-218,2,85
9574,147_219,Spinal cord,-147,-219,2,80
9575,147_220,Spinal cord,-147,-220,2,85
9576,147_221,Spinal cord,-147,-221,2,85
9577,147_222,Spinal cord,-147,-222,2,81
9578,147_223,Spinal cord,-147,-223,2,81
9579,147_224,Spinal cord,-147,-224,2,86
9580,147_225,Spinal cord,-147,-225,2,86
9581,147_226,Spinal cord,-147,-226,2,91
9582,147_227,Spinal cord,-147,-227,2,82
9583,147_228,Spinal cord,-147,-228,2,91
9584,147_229,Spinal cord,-147,-229,2,91
9585,147_230,Spinal cord,-147,-230,2,103
9586,147_231,Spinal cord,-147,-231,2,103
9587,147_232,Spinal cord,-147,-232,2,103
9588,147_233,Spinal cord,-147,-233,2,101
9589,147_234,Spinal cord,-147,-234,2,109
9590,147_235,Spinal cord,-147,-235,2,102
9591,147_236,Brain,-147,-236,2,102
9592,147_237,Brain,-147,-237,2,109
9593,147_238,Brain,-147,-238,2,109
9594,147_239,Brain,-147,-239,2,108
9595,147_240,Brain,-147,-240,2,109
9596,147_241,Brain,-147,-241,2,108
9597,147_242,Brain,-147,-242,2,108
9598,147_243,Cavity,-147,-243,2,106
9599,147_244,Cavity,-147,-244,2,106
9600,147_245,Cavity,-147,-245,2,107
9601,147_246,Cavity,-147,-246,2,104
9602,147_247,Brain,-147,-247,2,111
9603,147_248,Brain,-147,-248,2,108
9604,147_249,Brain,-147,-249,2,108
9605,147_250,Brain,-147,-250,2,103
9606,147_251,Brain,-147,-251,2,108
9607,147_252,Brain,-147,-252,2,108
9608,147_253,Brain,-147,-253,2,109
9609,147_254,Brain,-147,-254,2,108
9610,147_255,Brain,-147,-255,2,111
9611,147_256,Brain,-147,-256,2,111
9612,147_257,Cavity,-147,-257,2,104
9613,147_258,Cavity,-147,-258,2,104
9614,147_259,Cavity,-147,-259,2,104
9615,147_260,Cavity,-147,-260,2,105
9616,147_261,Cavity,-147,-261,2,105
9617,147_262,Cavity,-147,-262,2,105
9618,147_263,Cavity,-147,-263,2,105
9619,147_264,Cavity,-147,-264,2,105
9620,147_265,Cavity,-147,-265,2,105
9621,147_266,Cavity,-147,-266,2,110
9622,147_267,Cavity,-147,-267,2,105
9623,147_268,Cavity,-147,-268,2,105
9624,147_269,Cavity,-147,-269,2,105
9625,147_270,Cavity,-147,-270,2,105
9626,147_271,Cavity,-147,-271,2,105
9627,147_272,Cavity,-147,-272,2,105
9628,147_273,Cavity,-147,-273,2,105
9629,147_274,Cavity,-147,-274,2,105
9630,147_275,Cavity,-147,-275,2,104
9631,147_276,Brain,-147,-276,2,108
9632,147_277,Brain,-147,-277,2,108
9633,147_278,Brain,-147,-278,2,109
9634,147_279,Brain,-147,-279,2,102
9635,147_280,Brain,-147,-280,2,109
9636,147_281,Brain,-147,-281,2,98
9637,147_282,Brain,-147,-282,2,102
9638,147_283,Brain,-147,-283,2,87
9639,147_284,Brain,-147,-284,2,87
9640,147_285,Brain,-147,-285,2,85
9641,147_286,Brain,-147,-286,2,85
9642,147_287,Brain,-147,-287,2,84
9643,147_288,Brain,-147,-288,2,84
9644,147_289,Cavity,-147,-289,2,117
9645,147_290,Urogenital ridge,-147,-290,2,5
9646,147_291,Urogenital ridge,-147,-291,2,5
9647,147_292,Sclerotome,-147,-292,2,113
9648,147_293,Sclerotome,-147,-293,2,113
9649,147_294,Sclerotome,-147,-294,2,113
9650,147_295,Sclerotome,-147,-295,2,113
9651,147_296,Sclerotome,-147,-296,2,115
9652,147_297,Sclerotome,-147,-297,2,113
9653,147_298,Head mesenchyme,-147,-298,2,117
9654,147_299,Head mesenchyme,-147,-299,2,116
9655,147_300,Head mesenchyme,-147,-300,2,116
9656,147_301,Brain,-147,-301,2,108
9657,147_302,Brain,-147,-302,2,96
9658,147_303,Brain,-147,-303,2,96
9659,147_304,Connective tissue,-147,-304,2,117
9660,147_305,Head mesenchyme,-147,-305,2,5
9661,147_306,Surface ectoderm,-147,-306,2,8
9662,147_307,Surface ectoderm,-147,-307,2,22
9663,147_308,Surface ectoderm,-147,-308,2,20
9664,147_309,Connective tissue,-147,-309,2,19
9665,147_310,Cavity,-147,-310,2,30
9666,147_311,Cavity,-147,-311,2,29
9667,147_312,Cavity,-147,-312,2,25
9668,147_313,Cavity,-147,-313,2,25
9669,147_314,Cavity,-147,-314,2,25
9670,148_140,Cavity,-148,-140,2,26
9671,148_141,Cavity,-148,-141,2,28
9672,148_142,Cavity,-148,-142,2,28
9673,148_143,Surface ectoderm,-148,-143,2,23
9674,148_144,Surface ectoderm,-148,-144,2,23
9675,148_145,Surface ectoderm,-148,-145,2,22
9676,148_146,Surface ectoderm,-148,-146,2,21
9677,148_147,Spinal cord,-148,-147,2,103
9678,148_148,Spinal cord,-148,-148,2,100
9679,148_149,Spinal cord,-148,-149,2,103
9680,148_150,Spinal cord,-148,-150,2,103
9681,148_151,Spinal cord,-148,-151,2,102
9682,148_152,Spinal cord,-148,-152,2,103
9683,148_153,Spinal cord,-148,-153,2,101
9684,148_154,Spinal cord,-148,-154,2,103
9685,148_155,Spinal cord,-148,-155,2,101
9686,148_156,Spinal cord,-148,-156,2,103
9687,148_157,Spinal cord,-148,-157,2,101
9688,148_158,Spinal cord,-148,-158,2,100
9689,148_159,Spinal cord,-148,-159,2,93
9690,148_160,Spinal cord,-148,-160,2,89
9691,148_161,Spinal cord,-148,-161,2,89
9692,148_162,Spinal cord,-148,-162,2,91
9693,148_163,Spinal cord,-148,-163,2,91
9694,148_164,Spinal cord,-148,-164,2,81
9695,148_165,Spinal cord,-148,-165,2,80
9696,148_166,Spinal cord,-148,-166,2,80
9697,148_167,Spinal cord,-148,-167,2,81
9698,148_168,Spinal cord,-148,-168,2,80
9699,148_169,Spinal cord,-148,-169,2,80
9700,148_170,Spinal cord,-148,-170,2,80
9701,148_171,Spinal cord,-148,-171,2,80
9702,148_172,Spinal cord,-148,-172,2,80
9703,148_173,Spinal cord,-148,-173,2,85
9704,148_174,Spinal cord,-148,-174,2,80
9705,148_175,Blood vessel,-148,-175,2,114
9706,148_176,Blood vessel,-148,-176,2,114
9707,148_177,Blood vessel,-148,-177,2,114
9708,148_178,Blood vessel,-148,-178,2,114
9709,148_179,Blood vessel,-148,-179,2,114
9710,148_180,Sclerotome,-148,-180,2,114
9711,148_181,Sclerotome,-148,-181,2,115
9712,148_182,Sclerotome,-148,-182,2,113
9713,148_183,Sclerotome,-148,-183,2,112
9714,148_184,Sclerotome,-148,-184,2,113
9715,148_185,Sclerotome,-148,-185,2,113
9716,148_186,Sclerotome,-148,-186,2,113
9717,148_187,Sclerotome,-148,-187,2,112
9718,148_188,Sclerotome,-148,-188,2,113
9719,148_189,Sclerotome,-148,-189,2,113
9720,148_190,Sclerotome,-148,-190,2,113
9721,148_191,Sclerotome,-148,-191,2,113
9722,148_192,Sclerotome,-148,-192,2,112
9723,148_193,Sclerotome,-148,-193,2,112
9724,148_194,Sclerotome,-148,-194,2,113
9725,148_195,Sclerotome,-148,-195,2,113
9726,148_196,Sclerotome,-148,-196,2,113
9727,148_197,Sclerotome,-148,-197,2,113
9728,148_198,Sclerotome,-148,-198,2,113
9729,148_199,Sclerotome,-148,-199,2,113
9730,148_200,Sclerotome,-148,-200,2,113
9731,148_201,Sclerotome,-148,-201,2,113
9732,148_202,Sclerotome,-148,-202,2,115
9733,148_203,Sclerotome,-148,-203,2,115
9734,148_204,Sclerotome,-148,-204,2,115
9735,148_205,Sclerotome,-148,-205,2,115
9736,148_206,Sclerotome,-148,-206,2,115
9737,148_207,Sclerotome,-148,-207,2,115
9738,148_208,Sclerotome,-148,-208,2,115
9739,148_209,Sclerotome,-148,-209,2,115
9740,148_210,Sclerotome,-148,-210,2,115
9741,148_211,Sclerotome,-148,-211,2,115
9742,148_212,Sclerotome,-148,-212,2,115
9743,148_213,Sclerotome,-148,-213,2,115
9744,148_214,Sclerotome,-148,-214,2,115
9745,148_215,Sclerotome,-148,-215,2,84
9746,148_216,Spinal cord,-148,-216,2,84
9747,148_217,Spinal cord,-148,-217,2,84
9748,148_218,Spinal cord,-148,-218,2,85
9749,148_219,Spinal cord,-148,-219,2,85
9750,148_220,Spinal cord,-148,-220,2,85
9751,148_221,Spinal cord,-148,-221,2,85
9752,148_222,Spinal cord,-148,-222,2,85
9753,148_223,Spinal cord,-148,-223,2,85
9754,148_224,Spinal cord,-148,-224,2,85
9755,148_225,Spinal cord,-148,-225,2,85
9756,148_226,Spinal cord,-148,-226,2,85
9757,148_227,Spinal cord,-148,-227,2,85
9758,148_228,Spinal cord,-148,-228,2,85
9759,148_229,Spinal cord,-148,-229,2,81
9760,148_230,Spinal cord,-148,-230,2,91
9761,148_231,Spinal cord,-148,-231,2,89
9762,148_232,Spinal cord,-148,-232,2,101
9763,148_233,Spinal cord,-148,-233,2,103
9764,148_234,Spinal cord,-148,-234,2,103
9765,148_235,Brain,-148,-235,2,102
9766,148_236,Spinal cord,-148,-236,2,102
9767,148_237,Brain,-148,-237,2,102
9768,148_238,Spinal cord,-148,-238,2,103
9769,148_239,Spinal cord,-148,-239,2,100
9770,148_240,Brain,-148,-240,2,109
9771,148_241,Brain,-148,-241,2,108
9772,148_242,Brain,-148,-242,2,108
9773,148_243,Cavity,-148,-243,2,108
9774,148_244,Cavity,-148,-244,2,107
9775,148_245,Cavity,-148,-245,2,104
9776,148_246,Cavity,-148,-246,2,104
9777,148_247,Brain,-148,-247,2,111
9778,148_248,Brain,-148,-248,2,111
9779,148_249,Brain,-148,-249,2,108
9780,148_250,Brain,-148,-250,2,108
9781,148_251,Brain,-148,-251,2,108
9782,148_252,Brain,-148,-252,2,108
9783,148_253,Brain,-148,-253,2,108
9784,148_254,Brain,-148,-254,2,108
9785,148_255,Brain,-148,-255,2,111
9786,148_256,Brain,-148,-256,2,111
9787,148_257,Brain,-148,-257,2,106
9788,148_258,Cavity,-148,-258,2,104
9789,148_259,Cavity,-148,-259,2,104
9790,148_260,Cavity,-148,-260,2,104
9791,148_261,Cavity,-148,-261,2,105
9792,148_262,Cavity,-148,-262,2,105
9793,148_263,Cavity,-148,-263,2,105
9794,148_264,Cavity,-148,-264,2,105
9795,148_265,Cavity,-148,-265,2,105
9796,148_266,Cavity,-148,-266,2,110
9797,148_267,Cavity,-148,-267,2,110
9798,148_268,Cavity,-148,-268,2,105
9799,148_269,Cavity,-148,-269,2,105
9800,148_270,Cavity,-148,-270,2,105
9801,148_271,Cavity,-148,-271,2,105
9802,148_272,Cavity,-148,-272,2,105
9803,148_273,Cavity,-148,-273,2,105
9804,148_274,Cavity,-148,-274,2,105
9805,148_275,Cavity,-148,-275,2,104
9806,148_276,Brain,-148,-276,2,111
9807,148_277,Brain,-148,-277,2,108
9808,148_278,Brain,-148,-278,2,108
9809,148_279,Brain,-148,-279,2,109
9810,148_280,Brain,-148,-280,2,102
9811,148_281,Brain,-148,-281,2,109
9812,148_282,Brain,-148,-282,2,102
9813,148_283,Spinal cord,-148,-283,2,95
9814,148_284,Spinal cord,-148,-284,2,94
9815,148_285,Brain,-148,-285,2,87
9816,148_286,Brain,-148,-286,2,85
9817,148_287,Brain,-148,-287,2,85
9818,148_288,Brain,-148,-288,2,85
9819,148_289,Brain,-148,-289,2,84
9820,148_290,Brain,-148,-290,2,84
9821,148_291,Cavity,-148,-291,2,115
9822,148_292,Sclerotome,-148,-292,2,115
9823,148_293,Sclerotome,-148,-293,2,113
9824,148_294,Sclerotome,-148,-294,2,113
9825,148_295,Sclerotome,-148,-295,2,113
9826,148_296,Sclerotome,-148,-296,2,117
9827,148_297,Sclerotome,-148,-297,2,113
9828,148_298,Head mesenchyme,-148,-298,2,117
9829,148_299,Brain,-148,-299,2,96
9830,148_300,Brain,-148,-300,2,97
9831,148_301,Brain,-148,-301,2,98
9832,148_302,Brain,-148,-302,2,99
9833,148_303,Brain,-148,-303,2,97
9834,148_304,Brain,-148,-304,2,111
9835,148_305,Brain,-148,-305,2,96
9836,148_306,Head mesenchyme,-148,-306,2,118
9837,148_307,Head mesenchyme,-148,-307,2,118
9838,148_308,Surface ectoderm,-148,-308,2,20
9839,148_309,Connective tissue,-148,-309,2,18
9840,148_310,Cavity,-148,-310,2,30
9841,148_311,Cavity,-148,-311,2,31
9842,148_312,Cavity,-148,-312,2,29
9843,148_313,Cavity,-148,-313,2,24
9844,148_314,Cavity,-148,-314,2,25
9845,148_315,Cavity,-148,-315,2,27
9846,149_140,Cavity,-149,-140,2,27
9847,149_141,Cavity,-149,-141,2,28
9848,149_142,Surface ectoderm,-149,-142,2,28
9849,149_143,Surface ectoderm,-149,-143,2,22
9850,149_144,Surface ectoderm,-149,-144,2,22
9851,149_145,Spinal cord,-149,-145,2,101
9852,149_146,Spinal cord,-149,-146,2,102
9853,149_147,Spinal cord,-149,-147,2,103
9854,149_148,Spinal cord,-149,-148,2,98
9855,149_149,Spinal cord,-149,-149,2,100
9856,149_150,Spinal cord,-149,-150,2,102
9857,149_151,Spinal cord,-149,-151,2,102
9858,149_152,Spinal cord,-149,-152,2,103
9859,149_153,Spinal cord,-149,-153,2,100
9860,149_154,Spinal cord,-149,-154,2,100
9861,149_155,Spinal cord,-149,-155,2,101
9862,149_156,Spinal cord,-149,-156,2,99
9863,149_157,Spinal cord,-149,-157,2,101
9864,149_158,Spinal cord,-149,-158,2,100
9865,149_159,Spinal cord,-149,-159,2,88
9866,149_160,Spinal cord,-149,-160,2,89
9867,149_161,Spinal cord,-149,-161,2,89
9868,149_162,Spinal cord,-149,-162,2,89
9869,149_163,Spinal cord,-149,-163,2,93
9870,149_164,Spinal cord,-149,-164,2,81
9871,149_165,Spinal cord,-149,-165,2,86
9872,149_166,Spinal cord,-149,-166,2,86
9873,149_167,Spinal cord,-149,-167,2,81
9874,149_168,Spinal cord,-149,-168,2,80
9875,149_169,Spinal cord,-149,-169,2,83
9876,149_170,Spinal cord,-149,-170,2,80
9877,149_171,Spinal cord,-149,-171,2,83
9878,149_172,Spinal cord,-149,-172,2,84
9879,149_173,Spinal cord,-149,-173,2,84
9880,149_174,Blood vessel,-149,-174,2,114
9881,149_175,Blood vessel,-149,-175,2,114
9882,149_176,Blood vessel,-149,-176,2,114
9883,149_177,Blood vessel,-149,-177,2,114
9884,149_178,Blood vessel,-149,-178,2,114
9885,149_179,Blood vessel,-149,-179,2,114
9886,149_180,Sclerotome,-149,-180,2,113
9887,149_181,Sclerotome,-149,-181,2,113
9888,149_182,Sclerotome,-149,-182,2,112
9889,149_183,Sclerotome,-149,-183,2,112
9890,149_184,Sclerotome,-149,-184,2,112
9891,149_185,Sclerotome,-149,-185,2,112
9892,149_186,Sclerotome,-149,-186,2,112
9893,149_187,Sclerotome,-149,-187,2,125
9894,149_188,Sclerotome,-149,-188,2,113
9895,149_189,Sclerotome,-149,-189,2,112
9896,149_190,Sclerotome,-149,-190,2,113
9897,149_191,Sclerotome,-149,-191,2,113
9898,149_192,Sclerotome,-149,-192,2,113
9899,149_193,Sclerotome,-149,-193,2,112
9900,149_194,Sclerotome,-149,-194,2,113
9901,149_195,Sclerotome,-149,-195,2,112
9902,149_196,Sclerotome,-149,-196,2,113
9903,149_197,Sclerotome,-149,-197,2,113
9904,149_198,Sclerotome,-149,-198,2,113
9905,149_199,Sclerotome,-149,-199,2,113
9906,149_200,Sclerotome,-149,-200,2,113
9907,149_201,Sclerotome,-149,-201,2,113
9908,149_202,Sclerotome,-149,-202,2,115
9909,149_203,Sclerotome,-149,-203,2,115
9910,149_204,Sclerotome,-149,-204,2,115
9911,149_205,Sclerotome,-149,-205,2,115
9912,149_206,Sclerotome,-149,-206,2,114
9913,149_207,Sclerotome,-149,-207,2,115
9914,149_208,Sclerotome,-149,-208,2,115
9915,149_209,Sclerotome,-149,-209,2,115
9916,149_210,Sclerotome,-149,-210,2,115
9917,149_211,Sclerotome,-149,-211,2,115
9918,149_212,Sclerotome,-149,-212,2,115
9919,149_213,Sclerotome,-149,-213,2,115
9920,149_214,Sclerotome,-149,-214,2,115
9921,149_215,Sclerotome,-149,-215,2,115
9922,149_216,Sclerotome,-149,-216,2,115
9923,149_217,Sclerotome,-149,-217,2,115
9924,149_218,Spinal cord,-149,-218,2,84
9925,149_219,Spinal cord,-149,-219,2,85
9926,149_220,Spinal cord,-149,-220,2,80
9927,149_221,Spinal cord,-149,-221,2,80
9928,149_222,Spinal cord,-149,-222,2,85
9929,149_223,Spinal cord,-149,-223,2,85
9930,149_224,Spinal cord,-149,-224,2,85
9931,149_225,Spinal cord,-149,-225,2,85
9932,149_226,Spinal cord,-149,-226,2,85
9933,149_227,Spinal cord,-149,-227,2,84
9934,149_228,Spinal cord,-149,-228,2,80
9935,149_229,Spinal cord,-149,-229,2,86
9936,149_230,Spinal cord,-149,-230,2,86
9937,149_231,Spinal cord,-149,-231,2,91
9938,149_232,Spinal cord,-149,-232,2,100
9939,149_233,Spinal cord,-149,-233,2,103
9940,149_234,Spinal cord,-149,-234,2,103
9941,149_235,Spinal cord,-149,-235,2,102
9942,149_236,Spinal cord,-149,-236,2,101
9943,149_237,Spinal cord,-149,-237,2,102
9944,149_238,Spinal cord,-149,-238,2,103
9945,149_239,Brain,-149,-239,2,109
9946,149_240,Brain,-149,-240,2,102
9947,149_241,Brain,-149,-241,2,109
9948,149_242,Cavity,-149,-242,2,106
9949,149_243,Cavity,-149,-243,2,107
9950,149_244,Cavity,-149,-244,2,107
9951,149_245,Cavity,-149,-245,2,104
9952,149_246,Cavity,-149,-246,2,104
9953,149_247,Brain,-149,-247,2,111
9954,149_248,Brain,-149,-248,2,108
9955,149_249,Brain,-149,-249,2,108
9956,149_250,Brain,-149,-250,2,108
9957,149_251,Brain,-149,-251,2,108
9958,149_252,Brain,-149,-252,2,108
9959,149_253,Brain,-149,-253,2,108
9960,149_254,Brain,-149,-254,2,108
9961,149_255,Brain,-149,-255,2,111
9962,149_256,Brain,-149,-256,2,111
9963,149_257,Brain,-149,-257,2,111
9964,149_258,Cavity,-149,-258,2,104
9965,149_259,Cavity,-149,-259,2,104
9966,149_260,Cavity,-149,-260,2,104
9967,149_261,Cavity,-149,-261,2,104
9968,149_262,Cavity,-149,-262,2,105
9969,149_263,Cavity,-149,-263,2,105
9970,149_264,Cavity,-149,-264,2,105
9971,149_265,Cavity,-149,-265,2,105
9972,149_266,Cavity,-149,-266,2,110
9973,149_267,Cavity,-149,-267,2,110
9974,149_268,Cavity,-149,-268,2,110
9975,149_269,Cavity,-149,-269,2,105
9976,149_270,Cavity,-149,-270,2,110
9977,149_271,Cavity,-149,-271,2,106
9978,149_272,Cavity,-149,-272,2,110
9979,149_273,Cavity,-149,-273,2,105
9980,149_274,Cavity,-149,-274,2,105
9981,149_275,Cavity,-149,-275,2,105
9982,149_276,Cavity,-149,-276,2,105
9983,149_277,Brain,-149,-277,2,106
9984,149_278,Brain,-149,-278,2,111
9985,149_279,Brain,-149,-279,2,108
9986,149_280,Brain,-149,-280,2,102
9987,149_281,Brain,-149,-281,2,109
9988,149_282,Spinal cord,-149,-282,2,100
9989,149_283,Spinal cord,-149,-283,2,102
9990,149_284,Spinal cord,-149,-284,2,94
9991,149_285,Spinal cord,-149,-285,2,83
9992,149_286,Brain,-149,-286,2,85
9993,149_287,Brain,-149,-287,2,85
9994,149_288,Brain,-149,-288,2,84
9995,149_289,Brain,-149,-289,2,85
9996,149_290,Brain,-149,-290,2,85
9997,149_291,Brain,-149,-291,2,84
9998,149_292,Brain,-149,-292,2,84
9999,149_293,Sclerotome,-149,-293,2,115
10000,149_294,Sclerotome,-149,-294,2,115
10001,149_295,Sclerotome,-149,-295,2,115
10002,149_296,Head mesenchyme,-149,-296,2,117
10003,149_297,Sclerotome,-149,-297,2,116
10004,149_298,Head mesenchyme,-149,-298,2,116
10005,149_299,Brain,-149,-299,2,96
10006,149_300,Brain,-149,-300,2,98
10007,149_301,Brain,-149,-301,2,98
10008,149_302,Brain,-149,-302,2,102
10009,149_303,Brain,-149,-303,2,102
10010,149_304,Brain,-149,-304,2,98
10011,149_305,Brain,-149,-305,2,108
10012,149_306,Brain,-149,-306,2,117
10013,149_307,Head mesenchyme,-149,-307,2,116
10014,149_308,Surface ectoderm,-149,-308,2,22
10015,149_309,Surface ectoderm,-149,-309,2,20
10016,149_310,Cavity,-149,-310,2,20
10017,149_311,Cavity,-149,-311,2,31
10018,149_312,Cavity,-149,-312,2,31
10019,149_313,Cavity,-149,-313,2,25
10020,149_314,Cavity,-149,-314,2,24
10021,149_315,Cavity,-149,-315,2,26
10022,150_139,Cavity,-150,-139,2,25
10023,150_140,Cavity,-150,-140,2,28
10024,150_141,Surface ectoderm,-150,-141,2,23
10025,150_142,Surface ectoderm,-150,-142,2,22
10026,150_143,Surface ectoderm,-150,-143,2,21
10027,150_144,Spinal cord,-150,-144,2,21
10028,150_145,Spinal cord,-150,-145,2,101
10029,150_146,Spinal cord,-150,-146,2,102
10030,150_147,Spinal cord,-150,-147,2,99
10031,150_148,Spinal cord,-150,-148,2,103
10032,150_149,Spinal cord,-150,-149,2,102
10033,150_150,Spinal cord,-150,-150,2,101
10034,150_151,Spinal cord,-150,-151,2,102
10035,150_152,Spinal cord,-150,-152,2,103
10036,150_153,Spinal cord,-150,-153,2,102
10037,150_154,Spinal cord,-150,-154,2,101
10038,150_155,Spinal cord,-150,-155,2,100
10039,150_156,Spinal cord,-150,-156,2,101
10040,150_157,Spinal cord,-150,-157,2,100
10041,150_158,Spinal cord,-150,-158,2,103
10042,150_159,Spinal cord,-150,-159,2,103
10043,150_160,Spinal cord,-150,-160,2,88
10044,150_161,Spinal cord,-150,-161,2,91
10045,150_162,Spinal cord,-150,-162,2,81
10046,150_163,Spinal cord,-150,-163,2,90
10047,150_164,Spinal cord,-150,-164,2,86
10048,150_165,Spinal cord,-150,-165,2,82
10049,150_166,Spinal cord,-150,-166,2,80
10050,150_167,Spinal cord,-150,-167,2,83
10051,150_168,Spinal cord,-150,-168,2,80
10052,150_169,Spinal cord,-150,-169,2,80
10053,150_170,Spinal cord,-150,-170,2,80
10054,150_171,Spinal cord,-150,-171,2,85
10055,150_172,Blood vessel,-150,-172,2,84
10056,150_173,Blood vessel,-150,-173,2,114
10057,150_174,Blood vessel,-150,-174,2,114
10058,150_175,Blood vessel,-150,-175,2,114
10059,150_176,Blood vessel,-150,-176,2,114
10060,150_177,Blood vessel,-150,-177,2,114
10061,150_178,Sclerotome,-150,-178,2,115
10062,150_179,Sclerotome,-150,-179,2,113
10063,150_180,Sclerotome,-150,-180,2,113
10064,150_181,Lung primordium,-150,-181,2,127
10065,150_182,Sclerotome,-150,-182,2,127
10066,150_183,Sclerotome,-150,-183,2,112
10067,150_184,Sclerotome,-150,-184,2,125
10068,150_185,Sclerotome,-150,-185,2,112
10069,150_186,Sclerotome,-150,-186,2,127
10070,150_187,Sclerotome,-150,-187,2,125
10071,150_188,Sclerotome,-150,-188,2,112
10072,150_189,Sclerotome,-150,-189,2,113
10073,150_190,Sclerotome,-150,-190,2,113
10074,150_191,Sclerotome,-150,-191,2,113
10075,150_192,Sclerotome,-150,-192,2,113
10076,150_193,Sclerotome,-150,-193,2,113
10077,150_194,Sclerotome,-150,-194,2,113
10078,150_195,Sclerotome,-150,-195,2,112
10079,150_196,Sclerotome,-150,-196,2,113
10080,150_197,Sclerotome,-150,-197,2,115
10081,150_198,Sclerotome,-150,-198,2,126
10082,150_199,Sclerotome,-150,-199,2,113
10083,150_200,Sclerotome,-150,-200,2,113
10084,150_201,Sclerotome,-150,-201,2,115
10085,150_202,Sclerotome,-150,-202,2,115
10086,150_203,Sclerotome,-150,-203,2,115
10087,150_204,Sclerotome,-150,-204,2,115
10088,150_205,Sclerotome,-150,-205,2,115
10089,150_206,Sclerotome,-150,-206,2,115
10090,150_207,Sclerotome,-150,-207,2,115
10091,150_208,Sclerotome,-150,-208,2,115
10092,150_209,Sclerotome,-150,-209,2,115
10093,150_210,Sclerotome,-150,-210,2,115
10094,150_211,Sclerotome,-150,-211,2,115
10095,150_212,Sclerotome,-150,-212,2,115
10096,150_213,Sclerotome,-150,-213,2,115
10097,150_214,Sclerotome,-150,-214,2,115
10098,150_215,Sclerotome,-150,-215,2,115
10099,150_216,Sclerotome,-150,-216,2,115
10100,150_217,Sclerotome,-150,-217,2,115
10101,150_218,Spinal cord,-150,-218,2,84
10102,150_219,Spinal cord,-150,-219,2,84
10103,150_220,Spinal cord,-150,-220,2,84
10104,150_221,Spinal cord,-150,-221,2,85
10105,150_222,Spinal cord,-150,-222,2,85
10106,150_223,Spinal cord,-150,-223,2,84
10107,150_224,Spinal cord,-150,-224,2,84
10108,150_225,Spinal cord,-150,-225,2,84
10109,150_226,Spinal cord,-150,-226,2,84
10110,150_227,Spinal cord,-150,-227,2,84
10111,150_228,Spinal cord,-150,-228,2,85
10112,150_229,Spinal cord,-150,-229,2,84
10113,150_230,Spinal cord,-150,-230,2,84
10114,150_231,Spinal cord,-150,-231,2,85
10115,150_232,Spinal cord,-150,-232,2,86
10116,150_233,Spinal cord,-150,-233,2,98
10117,150_234,Spinal cord,-150,-234,2,103
10118,150_235,Spinal cord,-150,-235,2,100
10119,150_236,Spinal cord,-150,-236,2,102
10120,150_237,Spinal cord,-150,-237,2,102
10121,150_238,Spinal cord,-150,-238,2,102
10122,150_239,Cavity,-150,-239,2,107
10123,150_240,Brain,-150,-240,2,102
10124,150_241,Brain,-150,-241,2,108
10125,150_242,Cavity,-150,-242,2,107
10126,150_243,Cavity,-150,-243,2,117
10127,150_244,Cavity,-150,-244,2,107
10128,150_245,Cavity,-150,-245,2,107
10129,150_246,Cavity,-150,-246,2,106
10130,150_247,Brain,-150,-247,2,111
10131,150_248,Brain,-150,-248,2,108
10132,150_249,Brain,-150,-249,2,108
10133,150_250,Brain,-150,-250,2,109
10134,150_251,Brain,-150,-251,2,109
10135,150_252,Brain,-150,-252,2,108
10136,150_253,Brain,-150,-253,2,108
10137,150_254,Brain,-150,-254,2,108
10138,150_255,Brain,-150,-255,2,108
10139,150_256,Brain,-150,-256,2,111
10140,150_257,Brain,-150,-257,2,111
10141,150_258,Brain,-150,-258,2,111
10142,150_259,Cavity,-150,-259,2,104
10143,150_260,Cavity,-150,-260,2,104
10144,150_261,Cavity,-150,-261,2,105
10145,150_262,Cavity,-150,-262,2,105
10146,150_263,Cavity,-150,-263,2,105
10147,150_264,Cavity,-150,-264,2,105
10148,150_265,Cavity,-150,-265,2,105
10149,150_266,Cavity,-150,-266,2,110
10150,150_267,Cavity,-150,-267,2,110
10151,150_268,Cavity,-150,-268,2,110
10152,150_269,Cavity,-150,-269,2,110
10153,150_270,Cavity,-150,-270,2,110
10154,150_271,Cavity,-150,-271,2,110
10155,150_272,Cavity,-150,-272,2,110
10156,150_273,Cavity,-150,-273,2,110
10157,150_274,Cavity,-150,-274,2,105
10158,150_275,Cavity,-150,-275,2,105
10159,150_276,Cavity,-150,-276,2,105
10160,150_277,Cavity,-150,-277,2,104
10161,150_278,Brain,-150,-278,2,104
10162,150_279,Brain,-150,-279,2,108
10163,150_280,Brain,-150,-280,2,108
10164,150_281,Brain,-150,-281,2,108
10165,150_282,Brain,-150,-282,2,101
10166,150_283,Brain,-150,-283,2,109
10167,150_284,Spinal cord,-150,-284,2,103
10168,150_285,Spinal cord,-150,-285,2,95
10169,150_286,Spinal cord,-150,-286,2,93
10170,150_287,Brain,-150,-287,2,86
10171,150_288,Spinal cord,-150,-288,2,93
10172,150_289,Spinal cord,-150,-289,2,85
10173,150_290,Brain,-150,-290,2,85
10174,150_291,Brain,-150,-291,2,85
10175,150_292,Brain,-150,-292,2,84
10176,150_293,Cavity,-150,-293,2,84
10177,150_294,Sclerotome,-150,-294,2,115
10178,150_295,Sclerotome,-150,-295,2,112
10179,150_296,Sclerotome,-150,-296,2,117
10180,150_297,Sclerotome,-150,-297,2,117
10181,150_298,Head mesenchyme,-150,-298,2,117
10182,150_299,Brain,-150,-299,2,97
10183,150_300,Brain,-150,-300,2,101
10184,150_301,Brain,-150,-301,2,102
10185,150_302,Brain,-150,-302,2,98
10186,150_303,Brain,-150,-303,2,98
10187,150_304,Brain,-150,-304,2,97
10188,150_305,Brain,-150,-305,2,96
10189,150_306,Brain,-150,-306,2,111
10190,150_307,Brain,-150,-307,2,111
10191,150_308,Head mesenchyme,-150,-308,2,116
10192,150_309,Head mesenchyme,-150,-309,2,118
10193,150_310,Surface ectoderm,-150,-310,2,22
10194,150_311,Surface ectoderm,-150,-311,2,23
10195,150_312,Cavity,-150,-312,2,31
10196,150_313,Cavity,-150,-313,2,29
10197,150_314,Cavity,-150,-314,2,24
10198,150_315,Cavity,-150,-315,2,25
10199,150_316,Cavity,-150,-316,2,27
10200,151_138,Cavity,-151,-138,2,27
10201,151_139,Cavity,-151,-139,2,29
10202,151_140,Cavity,-151,-140,2,28
10203,151_141,Surface ectoderm,-151,-141,2,23
10204,151_142,Surface ectoderm,-151,-142,2,22
10205,151_143,Spinal cord,-151,-143,2,21
10206,151_144,Spinal cord,-151,-144,2,101
10207,151_145,Spinal cord,-151,-145,2,101
10208,151_146,Spinal cord,-151,-146,2,102
10209,151_147,Spinal cord,-151,-147,2,102
10210,151_148,Spinal cord,-151,-148,2,102
10211,151_149,Spinal cord,-151,-149,2,100
10212,151_150,Spinal cord,-151,-150,2,103
10213,151_151,Spinal cord,-151,-151,2,102
10214,151_152,Spinal cord,-151,-152,2,100
10215,151_153,Spinal cord,-151,-153,2,103
10216,151_154,Spinal cord,-151,-154,2,103
10217,151_155,Spinal cord,-151,-155,2,100
10218,151_156,Spinal cord,-151,-156,2,103
10219,151_157,Spinal cord,-151,-157,2,100
10220,151_158,Spinal cord,-151,-158,2,101
10221,151_159,Spinal cord,-151,-159,2,91
10222,151_160,Spinal cord,-151,-160,2,89
10223,151_161,Spinal cord,-151,-161,2,91
10224,151_162,Spinal cord,-151,-162,2,93
10225,151_163,Spinal cord,-151,-163,2,91
10226,151_164,Spinal cord,-151,-164,2,93
10227,151_165,Spinal cord,-151,-165,2,80
10228,151_166,Spinal cord,-151,-166,2,83
10229,151_167,Spinal cord,-151,-167,2,83
10230,151_168,Spinal cord,-151,-168,2,80
10231,151_169,Spinal cord,-151,-169,2,83
10232,151_170,Spinal cord,-151,-170,2,85
10233,151_171,Spinal cord,-151,-171,2,84
10234,151_172,Blood vessel,-151,-172,2,114
10235,151_173,Blood vessel,-151,-173,2,114
10236,151_174,Blood vessel,-151,-174,2,114
10237,151_175,Blood vessel,-151,-175,2,114
10238,151_176,Sclerotome,-151,-176,2,115
10239,151_177,Sclerotome,-151,-177,2,115
10240,151_178,Sclerotome,-151,-178,2,113
10241,151_179,Sclerotome,-151,-179,2,113
10242,151_180,Sclerotome,-151,-180,2,126
10243,151_181,Sclerotome,-151,-181,2,113
10244,151_182,Sclerotome,-151,-182,2,113
10245,151_183,Sclerotome,-151,-183,2,112
10246,151_184,Sclerotome,-151,-184,2,112
10247,151_185,Sclerotome,-151,-185,2,112
10248,151_186,Sclerotome,-151,-186,2,113
10249,151_187,Sclerotome,-151,-187,2,113
10250,151_188,Sclerotome,-151,-188,2,112
10251,151_189,Sclerotome,-151,-189,2,113
10252,151_190,Sclerotome,-151,-190,2,113
10253,151_191,Sclerotome,-151,-191,2,113
10254,151_192,Sclerotome,-151,-192,2,112
10255,151_193,Sclerotome,-151,-193,2,126
10256,151_194,Sclerotome,-151,-194,2,112
10257,151_195,Sclerotome,-151,-195,2,113
10258,151_196,Sclerotome,-151,-196,2,115
10259,151_197,Sclerotome,-151,-197,2,113
10260,151_198,Sclerotome,-151,-198,2,113
10261,151_199,Sclerotome,-151,-199,2,113
10262,151_200,Sclerotome,-151,-200,2,113
10263,151_201,Sclerotome,-151,-201,2,115
10264,151_202,Sclerotome,-151,-202,2,115
10265,151_203,Sclerotome,-151,-203,2,115
10266,151_204,Sclerotome,-151,-204,2,115
10267,151_205,Sclerotome,-151,-205,2,115
10268,151_206,Sclerotome,-151,-206,2,115
10269,151_207,Sclerotome,-151,-207,2,115
10270,151_208,Sclerotome,-151,-208,2,115
10271,151_209,Sclerotome,-151,-209,2,115
10272,151_210,Sclerotome,-151,-210,2,115
10273,151_211,Sclerotome,-151,-211,2,115
10274,151_212,Sclerotome,-151,-212,2,115
10275,151_213,Sclerotome,-151,-213,2,115
10276,151_214,Sclerotome,-151,-214,2,113
10277,151_215,Sclerotome,-151,-215,2,115
10278,151_216,Sclerotome,-151,-216,2,115
10279,151_217,Sclerotome,-151,-217,2,115
10280,151_218,Spinal cord,-151,-218,2,115
10281,151_219,Sclerotome,-151,-219,2,114
10282,151_220,Sclerotome,-151,-220,2,114
10283,151_221,Sclerotome,-151,-221,2,114
10284,151_222,Spinal cord,-151,-222,2,84
10285,151_223,Spinal cord,-151,-223,2,84
10286,151_224,Spinal cord,-151,-224,2,84
10287,151_225,Spinal cord,-151,-225,2,84
10288,151_226,Spinal cord,-151,-226,2,84
10289,151_227,Spinal cord,-151,-227,2,84
10290,151_228,Spinal cord,-151,-228,2,84
10291,151_229,Spinal cord,-151,-229,2,84
10292,151_230,Spinal cord,-151,-230,2,84
10293,151_231,Spinal cord,-151,-231,2,85
10294,151_232,Spinal cord,-151,-232,2,86
10295,151_233,Spinal cord,-151,-233,2,91
10296,151_234,Spinal cord,-151,-234,2,89
10297,151_235,Spinal cord,-151,-235,2,91
10298,151_236,Spinal cord,-151,-236,2,93
10299,151_237,Spinal cord,-151,-237,2,103
10300,151_238,Spinal cord,-151,-238,2,102
10301,151_239,Spinal cord,-151,-239,2,101
10302,151_240,Brain,-151,-240,2,109
10303,151_241,Cavity,-151,-241,2,106
10304,151_242,Cavity,-151,-242,2,107
10305,151_243,Cavity,-151,-243,2,107
10306,151_244,Cavity,-151,-244,2,107
10307,151_245,Cavity,-151,-245,2,106
10308,151_246,Cavity,-151,-246,2,106
10309,151_247,Brain,-151,-247,2,111
10310,151_248,Brain,-151,-248,2,108
10311,151_249,Brain,-151,-249,2,108
10312,151_250,Brain,-151,-250,2,102
10313,151_251,Brain,-151,-251,2,102
10314,151_252,Brain,-151,-252,2,102
10315,151_253,Brain,-151,-253,2,109
10316,151_254,Brain,-151,-254,2,108
10317,151_255,Brain,-151,-255,2,108
10318,151_256,Brain,-151,-256,2,108
10319,151_257,Brain,-151,-257,2,108
10320,151_258,Brain,-151,-258,2,111
10321,151_259,Brain,-151,-259,2,111
10322,151_260,Brain,-151,-260,2,104
10323,151_261,Cavity,-151,-261,2,104
10324,151_262,Cavity,-151,-262,2,105
10325,151_263,Cavity,-151,-263,2,105
10326,151_264,Cavity,-151,-264,2,110
10327,151_265,Cavity,-151,-265,2,110
10328,151_266,Cavity,-151,-266,2,110
10329,151_267,Cavity,-151,-267,2,110
10330,151_268,Cavity,-151,-268,2,110
10331,151_269,Cavity,-151,-269,2,110
10332,151_270,Cavity,-151,-270,2,110
10333,151_271,Cavity,-151,-271,2,110
10334,151_272,Cavity,-151,-272,2,110
10335,151_273,Cavity,-151,-273,2,110
10336,151_274,Cavity,-151,-274,2,110
10337,151_275,Cavity,-151,-275,2,105
10338,151_276,Cavity,-151,-276,2,105
10339,151_277,Cavity,-151,-277,2,105
10340,151_278,Cavity,-151,-278,2,110
10341,151_279,Cavity,-151,-279,2,111
10342,151_280,Brain,-151,-280,2,111
10343,151_281,Brain,-151,-281,2,108
10344,151_282,Brain,-151,-282,2,108
10345,151_283,Spinal cord,-151,-283,2,101
10346,151_284,Brain,-151,-284,2,103
10347,151_285,Brain,-151,-285,2,103
10348,151_286,Brain,-151,-286,2,102
10349,151_287,Spinal cord,-151,-287,2,109
10350,151_288,Brain,-151,-288,2,86
10351,151_289,Spinal cord,-151,-289,2,81
10352,151_290,Brain,-151,-290,2,93
10353,151_291,Brain,-151,-291,2,86
10354,151_292,Brain,-151,-292,2,87
10355,151_293,Brain,-151,-293,2,111
10356,151_294,Cavity,-151,-294,2,115
10357,151_295,Sclerotome,-151,-295,2,113
10358,151_296,Head mesenchyme,-151,-296,2,116
10359,151_297,Cavity,-151,-297,2,115
10360,151_298,Cavity,-151,-298,2,96
10361,151_299,Brain,-151,-299,2,96
10362,151_300,Brain,-151,-300,2,97
10363,151_301,Brain,-151,-301,2,99
10364,151_302,Brain,-151,-302,2,97
10365,151_303,Brain,-151,-303,2,124
10366,151_304,Brain,-151,-304,2,108
10367,151_305,Brain,-151,-305,2,108
10368,151_306,Brain,-151,-306,2,111
10369,151_307,Brain,-151,-307,2,111
10370,151_308,Head mesenchyme,-151,-308,2,117
10371,151_309,Head mesenchyme,-151,-309,2,118
10372,151_310,Surface ectoderm,-151,-310,2,20
10373,151_311,Surface ectoderm,-151,-311,2,21
10374,151_312,Cavity,-151,-312,2,30
10375,151_313,Cavity,-151,-313,2,29
10376,151_314,Cavity,-151,-314,2,29
10377,151_315,Cavity,-151,-315,2,29
10378,151_316,Cavity,-151,-316,2,26
10379,152_137,Cavity,-152,-137,2,27
10380,152_138,Cavity,-152,-138,2,28
10381,152_139,Cavity,-152,-139,2,28
10382,152_140,Surface ectoderm,-152,-140,2,23
10383,152_141,Surface ectoderm,-152,-141,2,21
10384,152_142,Surface ectoderm,-152,-142,2,21
10385,152_143,Spinal cord,-152,-143,2,101
10386,152_144,Spinal cord,-152,-144,2,101
10387,152_145,Spinal cord,-152,-145,2,100
10388,152_146,Spinal cord,-152,-146,2,101
10389,152_147,Spinal cord,-152,-147,2,101
10390,152_148,Spinal cord,-152,-148,2,100
10391,152_149,Spinal cord,-152,-149,2,102
10392,152_150,Spinal cord,-152,-150,2,101
10393,152_151,Spinal cord,-152,-151,2,103
10394,152_152,Spinal cord,-152,-152,2,101
10395,152_153,Spinal cord,-152,-153,2,100
10396,152_154,Spinal cord,-152,-154,2,100
10397,152_155,Spinal cord,-152,-155,2,103
10398,152_156,Spinal cord,-152,-156,2,100
10399,152_157,Spinal cord,-152,-157,2,100
10400,152_158,Spinal cord,-152,-158,2,100
10401,152_159,Spinal cord,-152,-159,2,89
10402,152_160,Spinal cord,-152,-160,2,91
10403,152_161,Spinal cord,-152,-161,2,81
10404,152_162,Spinal cord,-152,-162,2,82
10405,152_163,Spinal cord,-152,-163,2,82
10406,152_164,Spinal cord,-152,-164,2,82
10407,152_165,Spinal cord,-152,-165,2,80
10408,152_166,Spinal cord,-152,-166,2,83
10409,152_167,Spinal cord,-152,-167,2,83
10410,152_168,Spinal cord,-152,-168,2,80
10411,152_169,Spinal cord,-152,-169,2,81
10412,152_170,Spinal cord,-152,-170,2,85
10413,152_171,Sclerotome,-152,-171,2,115
10414,152_172,Blood vessel,-152,-172,2,114
10415,152_173,Blood vessel,-152,-173,2,114
10416,152_174,Sclerotome,-152,-174,2,114
10417,152_175,Sclerotome,-152,-175,2,115
10418,152_176,Sclerotome,-152,-176,2,113
10419,152_177,Sclerotome,-152,-177,2,112
10420,152_178,Sclerotome,-152,-178,2,112
10421,152_179,Sclerotome,-152,-179,2,112
10422,152_180,Sclerotome,-152,-180,2,112
10423,152_181,Sclerotome,-152,-181,2,115
10424,152_182,Sclerotome,-152,-182,2,113
10425,152_183,Sclerotome,-152,-183,2,113
10426,152_184,Sclerotome,-152,-184,2,113
10427,152_185,Sclerotome,-152,-185,2,113
10428,152_186,Sclerotome,-152,-186,2,113
10429,152_187,Sclerotome,-152,-187,2,112
10430,152_188,Sclerotome,-152,-188,2,112
10431,152_189,Sclerotome,-152,-189,2,112
10432,152_190,Urogenital ridge,-152,-190,2,5
10433,152_191,Sclerotome,-152,-191,2,113
10434,152_192,Sclerotome,-152,-192,2,112
10435,152_193,Sclerotome,-152,-193,2,126
10436,152_194,Sclerotome,-152,-194,2,126
10437,152_195,Sclerotome,-152,-195,2,113
10438,152_196,Sclerotome,-152,-196,2,112
10439,152_197,Sclerotome,-152,-197,2,113
10440,152_198,Sclerotome,-152,-198,2,112
10441,152_199,Sclerotome,-152,-199,2,113
10442,152_200,Sclerotome,-152,-200,2,113
10443,152_201,Sclerotome,-152,-201,2,115
10444,152_202,Sclerotome,-152,-202,2,115
10445,152_203,Sclerotome,-152,-203,2,115
10446,152_204,Sclerotome,-152,-204,2,115
10447,152_205,Sclerotome,-152,-205,2,115
10448,152_206,Sclerotome,-152,-206,2,115
10449,152_207,Sclerotome,-152,-207,2,114
10450,152_208,Sclerotome,-152,-208,2,115
10451,152_209,Sclerotome,-152,-209,2,115
10452,152_210,Sclerotome,-152,-210,2,115
10453,152_211,Sclerotome,-152,-211,2,115
10454,152_212,Sclerotome,-152,-212,2,113
10455,152_213,Sclerotome,-152,-213,2,115
10456,152_214,Sclerotome,-152,-214,2,115
10457,152_215,Sclerotome,-152,-215,2,115
10458,152_216,Sclerotome,-152,-216,2,115
10459,152_217,Sclerotome,-152,-217,2,115
10460,152_218,Sclerotome,-152,-218,2,115
10461,152_219,Sclerotome,-152,-219,2,115
10462,152_220,Sclerotome,-152,-220,2,115
10463,152_221,Sclerotome,-152,-221,2,115
10464,152_222,Sclerotome,-152,-222,2,114
10465,152_223,Blood vessel,-152,-223,2,114
10466,152_224,Blood vessel,-152,-224,2,114
10467,152_225,Blood vessel,-152,-225,2,97
10468,152_226,Blood vessel,-152,-226,2,114
10469,152_227,Cavity,-152,-227,2,110
10470,152_228,Cavity,-152,-228,2,111
10471,152_229,Sclerotome,-152,-229,2,115
10472,152_230,Spinal cord,-152,-230,2,115
10473,152_231,Spinal cord,-152,-231,2,84
10474,152_232,Spinal cord,-152,-232,2,84
10475,152_233,Spinal cord,-152,-233,2,85
10476,152_234,Spinal cord,-152,-234,2,86
10477,152_235,Spinal cord,-152,-235,2,86
10478,152_236,Spinal cord,-152,-236,2,84
10479,152_237,Spinal cord,-152,-237,2,91
10480,152_238,Spinal cord,-152,-238,2,102
10481,152_239,Spinal cord,-152,-239,2,102
10482,152_240,Brain,-152,-240,2,108
10483,152_241,Cavity,-152,-241,2,106
10484,152_242,Cavity,-152,-242,2,107
10485,152_243,Cavity,-152,-243,2,107
10486,152_244,Cavity,-152,-244,2,106
10487,152_245,Brain,-152,-245,2,106
10488,152_246,Brain,-152,-246,2,108
10489,152_247,Brain,-152,-247,2,108
10490,152_248,Brain,-152,-248,2,108
10491,152_249,Brain,-152,-249,2,102
10492,152_250,Brain,-152,-250,2,103
10493,152_251,Brain,-152,-251,2,102
10494,152_252,Brain,-152,-252,2,102
10495,152_253,Brain,-152,-253,2,109
10496,152_254,Brain,-152,-254,2,108
10497,152_255,Brain,-152,-255,2,108
10498,152_256,Brain,-152,-256,2,108
10499,152_257,Brain,-152,-257,2,108
10500,152_258,Brain,-152,-258,2,111
10501,152_259,Brain,-152,-259,2,111
10502,152_260,Brain,-152,-260,2,111
10503,152_261,Cavity,-152,-261,2,104
10504,152_262,Cavity,-152,-262,2,104
10505,152_263,Cavity,-152,-263,2,105
10506,152_264,Cavity,-152,-264,2,110
10507,152_265,Cavity,-152,-265,2,110
10508,152_266,Cavity,-152,-266,2,110
10509,152_267,Cavity,-152,-267,2,110
10510,152_268,Cavity,-152,-268,2,110
10511,152_269,Cavity,-152,-269,2,110
10512,152_270,Cavity,-152,-270,2,110
10513,152_271,Cavity,-152,-271,2,110
10514,152_272,Cavity,-152,-272,2,110
10515,152_273,Cavity,-152,-273,2,110
10516,152_274,Cavity,-152,-274,2,110
10517,152_275,Cavity,-152,-275,2,105
10518,152_276,Cavity,-152,-276,2,105
10519,152_277,Cavity,-152,-277,2,105
10520,152_278,Cavity,-152,-278,2,105
10521,152_279,Cavity,-152,-279,2,105
10522,152_280,Brain,-152,-280,2,111
10523,152_281,Brain,-152,-281,2,111
10524,152_282,Brain,-152,-282,2,108
10525,152_283,Brain,-152,-283,2,102
10526,152_284,Brain,-152,-284,2,109
10527,152_285,Spinal cord,-152,-285,2,103
10528,152_286,Spinal cord,-152,-286,2,102
10529,152_287,Brain,-152,-287,2,97
10530,152_288,Spinal cord,-152,-288,2,102
10531,152_289,Brain,-152,-289,2,108
10532,152_290,Brain,-152,-290,2,109
10533,152_291,Brain,-152,-291,2,109
10534,152_292,Brain,-152,-292,2,87
10535,152_293,Brain,-152,-293,2,116
10536,152_294,Cavity,-152,-294,2,117
10537,152_295,Sclerotome,-152,-295,2,117
10538,152_296,Cavity,-152,-296,2,117
10539,152_297,Cavity,-152,-297,2,115
10540,152_298,Brain,-152,-298,2,96
10541,152_299,Brain,-152,-299,2,96
10542,152_300,Brain,-152,-300,2,102
10543,152_301,Brain,-152,-301,2,102
10544,152_302,Brain,-152,-302,2,99
10545,152_303,Brain,-152,-303,2,96
10546,152_304,Brain,-152,-304,2,108
10547,152_305,Brain,-152,-305,2,108
10548,152_306,Brain,-152,-306,2,111
10549,152_307,Brain,-152,-307,2,111
10550,152_308,Brain,-152,-308,2,111
10551,152_309,Head mesenchyme,-152,-309,2,116
10552,152_310,Surface ectoderm,-152,-310,2,22
10553,152_311,Surface ectoderm,-152,-311,2,20
10554,152_312,Connective tissue,-152,-312,2,23
10555,152_313,Connective tissue,-152,-313,2,30
10556,152_314,Cavity,-152,-314,2,31
10557,152_315,Cavity,-152,-315,2,31
10558,152_316,Cavity,-152,-316,2,25
10559,152_317,Cavity,-152,-317,2,27
10560,153_137,Cavity,-153,-137,2,29
10561,153_138,Cavity,-153,-138,2,28
10562,153_139,Cavity,-153,-139,2,28
10563,153_140,Surface ectoderm,-153,-140,2,23
10564,153_141,Surface ectoderm,-153,-141,2,22
10565,153_142,Surface ectoderm,-153,-142,2,21
10566,153_143,Spinal cord,-153,-143,2,100
10567,153_144,Spinal cord,-153,-144,2,101
10568,153_145,Spinal cord,-153,-145,2,102
10569,153_146,Spinal cord,-153,-146,2,100
10570,153_147,Spinal cord,-153,-147,2,100
10571,153_148,Spinal cord,-153,-148,2,123
10572,153_149,Spinal cord,-153,-149,2,103
10573,153_150,Spinal cord,-153,-150,2,123
10574,153_151,Spinal cord,-153,-151,2,103
10575,153_152,Spinal cord,-153,-152,2,103
10576,153_153,Spinal cord,-153,-153,2,102
10577,153_154,Spinal cord,-153,-154,2,100
10578,153_155,Spinal cord,-153,-155,2,100
10579,153_156,Spinal cord,-153,-156,2,103
10580,153_157,Spinal cord,-153,-157,2,100
10581,153_158,Spinal cord,-153,-158,2,100
10582,153_159,Spinal cord,-153,-159,2,88
10583,153_160,Spinal cord,-153,-160,2,88
10584,153_161,Spinal cord,-153,-161,2,89
10585,153_162,Spinal cord,-153,-162,2,81
10586,153_163,Spinal cord,-153,-163,2,83
10587,153_164,Spinal cord,-153,-164,2,80
10588,153_165,Spinal cord,-153,-165,2,80
10589,153_166,Spinal cord,-153,-166,2,80
10590,153_167,Spinal cord,-153,-167,2,80
10591,153_168,Spinal cord,-153,-168,2,83
10592,153_169,Spinal cord,-153,-169,2,80
10593,153_170,Spinal cord,-153,-170,2,113
10594,153_171,Sclerotome,-153,-171,2,113
10595,153_172,Sclerotome,-153,-172,2,115
10596,153_173,Sclerotome,-153,-173,2,115
10597,153_174,Sclerotome,-153,-174,2,115
10598,153_175,Sclerotome,-153,-175,2,113
10599,153_176,Sclerotome,-153,-176,2,113
10600,153_177,Sclerotome,-153,-177,2,112
10601,153_178,Sclerotome,-153,-178,2,112
10602,153_179,Sclerotome,-153,-179,2,113
10603,153_180,Sclerotome,-153,-180,2,113
10604,153_181,Sclerotome,-153,-181,2,113
10605,153_182,Sclerotome,-153,-182,2,113
10606,153_183,Sclerotome,-153,-183,2,113
10607,153_184,Sclerotome,-153,-184,2,113
10608,153_185,Sclerotome,-153,-185,2,113
10609,153_186,Sclerotome,-153,-186,2,112
10610,153_187,Sclerotome,-153,-187,2,126
10611,153_188,Sclerotome,-153,-188,2,113
10612,153_189,Sclerotome,-153,-189,2,126
10613,153_190,Urogenital ridge,-153,-190,2,118
10614,153_191,Sclerotome,-153,-191,2,112
10615,153_192,Sclerotome,-153,-192,2,113
10616,153_193,Sclerotome,-153,-193,2,113
10617,153_194,Sclerotome,-153,-194,2,125
10618,153_195,Sclerotome,-153,-195,2,113
10619,153_196,Sclerotome,-153,-196,2,11
10620,153_197,Sclerotome,-153,-197,2,116
10621,153_198,Sclerotome,-153,-198,2,115
10622,153_199,Sclerotome,-153,-199,2,113
10623,153_200,Sclerotome,-153,-200,2,113
10624,153_201,Sclerotome,-153,-201,2,115
10625,153_202,Sclerotome,-153,-202,2,115
10626,153_203,Sclerotome,-153,-203,2,115
10627,153_204,Sclerotome,-153,-204,2,115
10628,153_205,Sclerotome,-153,-205,2,115
10629,153_206,Sclerotome,-153,-206,2,115
10630,153_207,Sclerotome,-153,-207,2,115
10631,153_208,Sclerotome,-153,-208,2,115
10632,153_209,Sclerotome,-153,-209,2,115
10633,153_210,Sclerotome,-153,-210,2,115
10634,153_211,Sclerotome,-153,-211,2,115
10635,153_212,Sclerotome,-153,-212,2,115
10636,153_213,Sclerotome,-153,-213,2,115
10637,153_214,Sclerotome,-153,-214,2,115
10638,153_215,Sclerotome,-153,-215,2,115
10639,153_216,Sclerotome,-153,-216,2,115
10640,153_217,Sclerotome,-153,-217,2,115
10641,153_218,Sclerotome,-153,-218,2,115
10642,153_219,Sclerotome,-153,-219,2,115
10643,153_220,Sclerotome,-153,-220,2,115
10644,153_221,Sclerotome,-153,-221,2,115
10645,153_222,Sclerotome,-153,-222,2,115
10646,153_223,Sclerotome,-153,-223,2,115
10647,153_224,Blood vessel,-153,-224,2,114
10648,153_225,Blood vessel,-153,-225,2,114
10649,153_226,Sclerotome,-153,-226,2,115
10650,153_227,Sclerotome,-153,-227,2,115
10651,153_228,Sclerotome,-153,-228,2,115
10652,153_229,Sclerotome,-153,-229,2,116
10653,153_230,Sclerotome,-153,-230,2,113
10654,153_231,Sclerotome,-153,-231,2,113
10655,153_232,Spinal cord,-153,-232,2,115
10656,153_233,Spinal cord,-153,-233,2,84
10657,153_234,Spinal cord,-153,-234,2,84
10658,153_235,Spinal cord,-153,-235,2,84
10659,153_236,Spinal cord,-153,-236,2,86
10660,153_237,Spinal cord,-153,-237,2,94
10661,153_238,Spinal cord,-153,-238,2,102
10662,153_239,Spinal cord,-153,-239,2,102
10663,153_240,Brain,-153,-240,2,109
10664,153_241,Brain,-153,-241,2,108
10665,153_242,Cavity,-153,-242,2,106
10666,153_243,Cavity,-153,-243,2,108
10667,153_244,Brain,-153,-244,2,111
10668,153_245,Brain,-153,-245,2,111
10669,153_246,Brain,-153,-246,2,108
10670,153_247,Brain,-153,-247,2,108
10671,153_248,Brain,-153,-248,2,108
10672,153_249,Brain,-153,-249,2,108
10673,153_250,Spinal cord,-153,-250,2,102
10674,153_251,Spinal cord,-153,-251,2,103
10675,153_252,Spinal cord,-153,-252,2,103
10676,153_253,Brain,-153,-253,2,109
10677,153_254,Spinal cord,-153,-254,2,103
10678,153_255,Brain,-153,-255,2,109
10679,153_256,Brain,-153,-256,2,108
10680,153_257,Brain,-153,-257,2,108
10681,153_258,Brain,-153,-258,2,111
10682,153_259,Brain,-153,-259,2,111
10683,153_260,Brain,-153,-260,2,111
10684,153_261,Brain,-153,-261,2,111
10685,153_262,Cavity,-153,-262,2,104
10686,153_263,Cavity,-153,-263,2,104
10687,153_264,Cavity,-153,-264,2,110
10688,153_265,Cavity,-153,-265,2,110
10689,153_266,Cavity,-153,-266,2,110
10690,153_267,Cavity,-153,-267,2,110
10691,153_268,Cavity,-153,-268,2,110
10692,153_269,Cavity,-153,-269,2,110
10693,153_270,Cavity,-153,-270,2,110
10694,153_271,Cavity,-153,-271,2,110
10695,153_272,Cavity,-153,-272,2,110
10696,153_273,Cavity,-153,-273,2,110
10697,153_274,Cavity,-153,-274,2,110
10698,153_275,Cavity,-153,-275,2,110
10699,153_276,Cavity,-153,-276,2,110
10700,153_277,Cavity,-153,-277,2,110
10701,153_278,Cavity,-153,-278,2,105
10702,153_279,Cavity,-153,-279,2,105
10703,153_280,Cavity,-153,-280,2,104
10704,153_281,Brain,-153,-281,2,111
10705,153_282,Brain,-153,-282,2,111
10706,153_283,Brain,-153,-283,2,108
10707,153_284,Brain,-153,-284,2,108
10708,153_285,Brain,-153,-285,2,108
10709,153_286,Brain,-153,-286,2,108
10710,153_287,Spinal cord,-153,-287,2,109
10711,153_288,Spinal cord,-153,-288,2,103
10712,153_289,Spinal cord,-153,-289,2,103
10713,153_290,Brain,-153,-290,2,108
10714,153_291,Brain,-153,-291,2,108
10715,153_292,Brain,-153,-292,2,87
10716,153_293,Brain,-153,-293,2,111
10717,153_294,Cavity,-153,-294,2,96
10718,153_295,Cavity,-153,-295,2,96
10719,153_296,Cavity,-153,-296,2,96
10720,153_297,Cavity,-153,-297,2,96
10721,153_298,Brain,-153,-298,2,111
10722,153_299,Brain,-153,-299,2,108
10723,153_300,Brain,-153,-300,2,97
10724,153_301,Brain,-153,-301,2,108
10725,153_302,Brain,-153,-302,2,96
10726,153_303,Brain,-153,-303,2,96
10727,153_304,Brain,-153,-304,2,111
10728,153_305,Brain,-153,-305,2,108
10729,153_306,Brain,-153,-306,2,111
10730,153_307,Brain,-153,-307,2,111
10731,153_308,Brain,-153,-308,2,111
10732,153_309,Head mesenchyme,-153,-309,2,117
10733,153_310,Head mesenchyme,-153,-310,2,118
10734,153_311,Surface ectoderm,-153,-311,2,23
10735,153_312,Surface ectoderm,-153,-312,2,18
10736,153_313,Connective tissue,-153,-313,2,18
10737,153_314,Cavity,-153,-314,2,31
10738,153_315,Cavity,-153,-315,2,31
10739,153_316,Cavity,-153,-316,2,24
10740,153_317,Cavity,-153,-317,2,26
10741,154_136,Cavity,-154,-136,2,26
10742,154_137,Cavity,-154,-137,2,28
10743,154_138,Cavity,-154,-138,2,28
10744,154_139,Surface ectoderm,-154,-139,2,28
10745,154_140,Surface ectoderm,-154,-140,2,22
10746,154_141,Surface ectoderm,-154,-141,2,21
10747,154_142,Spinal cord,-154,-142,2,101
10748,154_143,Spinal cord,-154,-143,2,100
10749,154_144,Spinal cord,-154,-144,2,100
10750,154_145,Spinal cord,-154,-145,2,103
10751,154_146,Spinal cord,-154,-146,2,102
10752,154_147,Spinal cord,-154,-147,2,103
10753,154_148,Spinal cord,-154,-148,2,100
10754,154_149,Spinal cord,-154,-149,2,100
10755,154_150,Spinal cord,-154,-150,2,100
10756,154_151,Spinal cord,-154,-151,2,100
10757,154_152,Spinal cord,-154,-152,2,102
10758,154_153,Spinal cord,-154,-153,2,102
10759,154_154,Spinal cord,-154,-154,2,100
10760,154_155,Spinal cord,-154,-155,2,103
10761,154_156,Spinal cord,-154,-156,2,103
10762,154_157,Spinal cord,-154,-157,2,100
10763,154_158,Spinal cord,-154,-158,2,100
10764,154_159,Spinal cord,-154,-159,2,89
10765,154_160,Spinal cord,-154,-160,2,91
10766,154_161,Spinal cord,-154,-161,2,81
10767,154_162,Spinal cord,-154,-162,2,81
10768,154_163,Spinal cord,-154,-163,2,83
10769,154_164,Spinal cord,-154,-164,2,83
10770,154_165,Spinal cord,-154,-165,2,83
10771,154_166,Spinal cord,-154,-166,2,83
10772,154_167,Spinal cord,-154,-167,2,80
10773,154_168,Spinal cord,-154,-168,2,80
10774,154_169,Spinal cord,-154,-169,2,86
10775,154_170,Sclerotome,-154,-170,2,113
10776,154_171,Sclerotome,-154,-171,2,126
10777,154_172,Sclerotome,-154,-172,2,113
10778,154_173,Sclerotome,-154,-173,2,113
10779,154_174,Sclerotome,-154,-174,2,115
10780,154_175,Sclerotome,-154,-175,2,113
10781,154_176,Sclerotome,-154,-176,2,113
10782,154_177,Sclerotome,-154,-177,2,113
10783,154_178,Sclerotome,-154,-178,2,112
10784,154_179,Sclerotome,-154,-179,2,112
10785,154_180,Sclerotome,-154,-180,2,113
10786,154_181,Sclerotome,-154,-181,2,115
10787,154_182,Sclerotome,-154,-182,2,113
10788,154_183,Sclerotome,-154,-183,2,115
10789,154_184,Sclerotome,-154,-184,2,113
10790,154_185,Sclerotome,-154,-185,2,125
10791,154_186,Sclerotome,-154,-186,2,126
10792,154_187,Sclerotome,-154,-187,2,126
10793,154_188,Urogenital ridge,-154,-188,2,5
10794,154_189,Urogenital ridge,-154,-189,2,5
10795,154_190,Sclerotome,-154,-190,2,126
10796,154_191,Sclerotome,-154,-191,2,116
10797,154_192,Sclerotome,-154,-192,2,113
10798,154_193,Sclerotome,-154,-193,2,126
10799,154_194,Sclerotome,-154,-194,2,126
10800,154_195,Lung primordium,-154,-195,2,126
10801,154_196,Sclerotome,-154,-196,2,126
10802,154_197,Sclerotome,-154,-197,2,113
10803,154_198,Sclerotome,-154,-198,2,112
10804,154_199,Sclerotome,-154,-199,2,113
10805,154_200,Sclerotome,-154,-200,2,112
10806,154_201,Sclerotome,-154,-201,2,113
10807,154_202,Sclerotome,-154,-202,2,113
10808,154_203,Sclerotome,-154,-203,2,115
10809,154_204,Sclerotome,-154,-204,2,115
10810,154_205,Sclerotome,-154,-205,2,115
10811,154_206,Sclerotome,-154,-206,2,115
10812,154_207,Sclerotome,-154,-207,2,115
10813,154_208,Sclerotome,-154,-208,2,115
10814,154_209,Sclerotome,-154,-209,2,115
10815,154_210,Sclerotome,-154,-210,2,115
10816,154_211,Sclerotome,-154,-211,2,115
10817,154_212,Sclerotome,-154,-212,2,115
10818,154_213,Sclerotome,-154,-213,2,115
10819,154_214,Sclerotome,-154,-214,2,115
10820,154_215,Sclerotome,-154,-215,2,115
10821,154_216,Sclerotome,-154,-216,2,115
10822,154_217,Sclerotome,-154,-217,2,115
10823,154_218,Sclerotome,-154,-218,2,115
10824,154_219,Sclerotome,-154,-219,2,115
10825,154_220,Sclerotome,-154,-220,2,115
10826,154_221,Sclerotome,-154,-221,2,115
10827,154_222,Sclerotome,-154,-222,2,115
10828,154_223,Sclerotome,-154,-223,2,115
10829,154_224,Sclerotome,-154,-224,2,115
10830,154_225,Sclerotome,-154,-225,2,115
10831,154_226,Sclerotome,-154,-226,2,115
10832,154_227,Sclerotome,-154,-227,2,115
10833,154_228,Sclerotome,-154,-228,2,113
10834,154_229,Sclerotome,-154,-229,2,113
10835,154_230,Sclerotome,-154,-230,2,113
10836,154_231,Sclerotome,-154,-231,2,113
10837,154_232,Sclerotome,-154,-232,2,112
10838,154_233,Spinal cord,-154,-233,2,113
10839,154_234,Spinal cord,-154,-234,2,84
10840,154_235,Spinal cord,-154,-235,2,84
10841,154_236,Spinal cord,-154,-236,2,84
10842,154_237,Spinal cord,-154,-237,2,94
10843,154_238,Spinal cord,-154,-238,2,102
10844,154_239,Spinal cord,-154,-239,2,99
10845,154_240,Spinal cord,-154,-240,2,101
10846,154_241,Brain,-154,-241,2,102
10847,154_242,Brain,-154,-242,2,111
10848,154_243,Brain,-154,-243,2,108
10849,154_244,Brain,-154,-244,2,108
10850,154_245,Brain,-154,-245,2,108
10851,154_246,Brain,-154,-246,2,108
10852,154_247,Brain,-154,-247,2,108
10853,154_248,Brain,-154,-248,2,108
10854,154_249,Spinal cord,-154,-249,2,102
10855,154_250,Spinal cord,-154,-250,2,102
10856,154_251,Spinal cord,-154,-251,2,102
10857,154_252,Spinal cord,-154,-252,2,102
10858,154_253,Spinal cord,-154,-253,2,103
10859,154_254,Spinal cord,-154,-254,2,108
10860,154_255,Spinal cord,-154,-255,2,102
10861,154_256,Brain,-154,-256,2,108
10862,154_257,Brain,-154,-257,2,108
10863,154_258,Brain,-154,-258,2,108
10864,154_259,Brain,-154,-259,2,108
10865,154_260,Brain,-154,-260,2,111
10866,154_261,Brain,-154,-261,2,111
10867,154_262,Brain,-154,-262,2,104
10868,154_263,Cavity,-154,-263,2,104
10869,154_264,Cavity,-154,-264,2,104
10870,154_265,Cavity,-154,-265,2,104
10871,154_266,Cavity,-154,-266,2,105
10872,154_267,Cavity,-154,-267,2,110
10873,154_268,Cavity,-154,-268,2,110
10874,154_269,Cavity,-154,-269,2,110
10875,154_270,Cavity,-154,-270,2,110
10876,154_271,Cavity,-154,-271,2,110
10877,154_272,Cavity,-154,-272,2,110
10878,154_273,Cavity,-154,-273,2,110
10879,154_274,Cavity,-154,-274,2,110
10880,154_275,Cavity,-154,-275,2,110
10881,154_276,Cavity,-154,-276,2,110
10882,154_277,Cavity,-154,-277,2,110
10883,154_278,Cavity,-154,-278,2,110
10884,154_279,Cavity,-154,-279,2,110
10885,154_280,Cavity,-154,-280,2,110
10886,154_281,Brain,-154,-281,2,111
10887,154_282,Brain,-154,-282,2,111
10888,154_283,Brain,-154,-283,2,111
10889,154_284,Brain,-154,-284,2,108
10890,154_285,Brain,-154,-285,2,108
10891,154_286,Brain,-154,-286,2,109
10892,154_287,Brain,-154,-287,2,108
10893,154_288,Brain,-154,-288,2,108
10894,154_289,Spinal cord,-154,-289,2,102
10895,154_290,Brain,-154,-290,2,87
10896,154_291,Brain,-154,-291,2,111
10897,154_292,Cavity,-154,-292,2,117
10898,154_293,Cavity,-154,-293,2,115
10899,154_294,Cavity,-154,-294,2,117
10900,154_295,Cavity,-154,-295,2,96
10901,154_296,Cavity,-154,-296,2,96
10902,154_297,Brain,-154,-297,2,111
10903,154_298,Brain,-154,-298,2,111
10904,154_299,Brain,-154,-299,2,96
10905,154_300,Brain,-154,-300,2,108
10906,154_301,Brain,-154,-301,2,96
10907,154_302,Brain,-154,-302,2,108
10908,154_303,Brain,-154,-303,2,111
10909,154_304,Brain,-154,-304,2,108
10910,154_305,Brain,-154,-305,2,111
10911,154_306,Brain,-154,-306,2,111
10912,154_307,Brain,-154,-307,2,111
10913,154_308,Brain,-154,-308,2,111
10914,154_309,Brain,-154,-309,2,111
10915,154_310,Head mesenchyme,-154,-310,2,116
10916,154_311,Head mesenchyme,-154,-311,2,121
10917,154_312,Surface ectoderm,-154,-312,2,23
10918,154_313,Connective tissue,-154,-313,2,18
10919,154_314,Connective tissue,-154,-314,2,17
10920,154_315,Cavity,-154,-315,2,31
10921,154_316,Cavity,-154,-316,2,24
10922,154_317,Cavity,-154,-317,2,25
10923,155_136,Cavity,-155,-136,2,29
10924,155_137,Cavity,-155,-137,2,28
10925,155_138,Cavity,-155,-138,2,28
10926,155_139,Surface ectoderm,-155,-139,2,22
10927,155_140,Surface ectoderm,-155,-140,2,22
10928,155_141,Surface ectoderm,-155,-141,2,21
10929,155_142,Spinal cord,-155,-142,2,100
10930,155_143,Spinal cord,-155,-143,2,100
10931,155_144,Spinal cord,-155,-144,2,100
10932,155_145,Spinal cord,-155,-145,2,100
10933,155_146,Spinal cord,-155,-146,2,100
10934,155_147,Spinal cord,-155,-147,2,102
10935,155_148,Spinal cord,-155,-148,2,103
10936,155_149,Spinal cord,-155,-149,2,100
10937,155_150,Spinal cord,-155,-150,2,103
10938,155_151,Spinal cord,-155,-151,2,100
10939,155_152,Spinal cord,-155,-152,2,103
10940,155_153,Spinal cord,-155,-153,2,103
10941,155_154,Spinal cord,-155,-154,2,100
10942,155_155,Spinal cord,-155,-155,2,88
10943,155_156,Spinal cord,-155,-156,2,103
10944,155_157,Spinal cord,-155,-157,2,100
10945,155_158,Spinal cord,-155,-158,2,89
10946,155_159,Spinal cord,-155,-159,2,89
10947,155_160,Spinal cord,-155,-160,2,81
10948,155_161,Spinal cord,-155,-161,2,83
10949,155_162,Spinal cord,-155,-162,2,83
10950,155_163,Spinal cord,-155,-163,2,83
10951,155_164,Spinal cord,-155,-164,2,83
10952,155_165,Spinal cord,-155,-165,2,83
10953,155_166,Spinal cord,-155,-166,2,83
10954,155_167,Spinal cord,-155,-167,2,85
10955,155_168,Sclerotome,-155,-168,2,113
10956,155_169,Sclerotome,-155,-169,2,113
10957,155_170,Sclerotome,-155,-170,2,113
10958,155_171,Sclerotome,-155,-171,2,112
10959,155_172,Sclerotome,-155,-172,2,112
10960,155_173,Lung primordium,-155,-173,2,127
10961,155_174,Sclerotome,-155,-174,2,115
10962,155_175,Sclerotome,-155,-175,2,113
10963,155_176,Sclerotome,-155,-176,2,113
10964,155_177,Sclerotome,-155,-177,2,112
10965,155_178,Sclerotome,-155,-178,2,112
10966,155_179,Sclerotome,-155,-179,2,112
10967,155_180,Sclerotome,-155,-180,2,113
10968,155_181,Cavity,-155,-181,2,117
10969,155_182,Sclerotome,-155,-182,2,112
10970,155_183,Sclerotome,-155,-183,2,112
10971,155_184,Sclerotome,-155,-184,2,126
10972,155_185,Sclerotome,-155,-185,2,126
10973,155_186,Sclerotome,-155,-186,2,125
10974,155_187,Urogenital ridge,-155,-187,2,116
10975,155_188,Sclerotome,-155,-188,2,112
10976,155_189,Sclerotome,-155,-189,2,113
10977,155_190,Lung primordium,-155,-190,2,127
10978,155_191,Lung primordium,-155,-191,2,127
10979,155_192,Sclerotome,-155,-192,2,126
10980,155_193,Lung primordium,-155,-193,2,112
10981,155_194,Sclerotome,-155,-194,2,112
10982,155_195,Sclerotome,-155,-195,2,126
10983,155_196,Sclerotome,-155,-196,2,126
10984,155_197,Sclerotome,-155,-197,2,112
10985,155_198,Sclerotome,-155,-198,2,113
10986,155_199,Sclerotome,-155,-199,2,112
10987,155_200,Sclerotome,-155,-200,2,113
10988,155_201,Sclerotome,-155,-201,2,113
10989,155_202,Sclerotome,-155,-202,2,113
10990,155_203,Sclerotome,-155,-203,2,115
10991,155_204,Sclerotome,-155,-204,2,115
10992,155_205,Sclerotome,-155,-205,2,113
10993,155_206,Sclerotome,-155,-206,2,115
10994,155_207,Sclerotome,-155,-207,2,115
10995,155_208,Sclerotome,-155,-208,2,115
10996,155_209,Sclerotome,-155,-209,2,115
10997,155_210,Sclerotome,-155,-210,2,115
10998,155_211,Sclerotome,-155,-211,2,115
10999,155_212,Sclerotome,-155,-212,2,115
11000,155_213,Sclerotome,-155,-213,2,115
11001,155_214,Sclerotome,-155,-214,2,115
11002,155_215,Sclerotome,-155,-215,2,115
11003,155_216,Sclerotome,-155,-216,2,115
11004,155_217,Sclerotome,-155,-217,2,115
11005,155_218,Sclerotome,-155,-218,2,115
11006,155_219,Sclerotome,-155,-219,2,115
11007,155_220,Sclerotome,-155,-220,2,115
11008,155_221,Sclerotome,-155,-221,2,113
11009,155_222,Sclerotome,-155,-222,2,115
11010,155_223,Sclerotome,-155,-223,2,115
11011,155_224,Sclerotome,-155,-224,2,113
11012,155_225,Sclerotome,-155,-225,2,115
11013,155_226,Sclerotome,-155,-226,2,113
11014,155_227,Sclerotome,-155,-227,2,113
11015,155_228,Sclerotome,-155,-228,2,116
11016,155_229,Sclerotome,-155,-229,2,113
11017,155_230,Sclerotome,-155,-230,2,112
11018,155_231,Sclerotome,-155,-231,2,112
11019,155_232,Sclerotome,-155,-232,2,113
11020,155_233,Cavity,-155,-233,2,113
11021,155_234,Spinal cord,-155,-234,2,84
11022,155_235,Spinal cord,-155,-235,2,84
11023,155_236,Spinal cord,-155,-236,2,84
11024,155_237,Spinal cord,-155,-237,2,102
11025,155_238,Spinal cord,-155,-238,2,103
11026,155_239,Spinal cord,-155,-239,2,103
11027,155_240,Spinal cord,-155,-240,2,103
11028,155_241,Spinal cord,-155,-241,2,100
11029,155_242,Brain,-155,-242,2,109
11030,155_243,Brain,-155,-243,2,109
11031,155_244,Brain,-155,-244,2,102
11032,155_245,Brain,-155,-245,2,102
11033,155_246,Brain,-155,-246,2,109
11034,155_247,Brain,-155,-247,2,108
11035,155_248,Brain,-155,-248,2,108
11036,155_249,Spinal cord,-155,-249,2,102
11037,155_250,Spinal cord,-155,-250,2,100
11038,155_251,Spinal cord,-155,-251,2,102
11039,155_252,Spinal cord,-155,-252,2,102
11040,155_253,Spinal cord,-155,-253,2,102
11041,155_254,Spinal cord,-155,-254,2,103
11042,155_255,Spinal cord,-155,-255,2,102
11043,155_256,Brain,-155,-256,2,108
11044,155_257,Brain,-155,-257,2,108
11045,155_258,Brain,-155,-258,2,108
11046,155_259,Brain,-155,-259,2,108
11047,155_260,Brain,-155,-260,2,108
11048,155_261,Brain,-155,-261,2,111
11049,155_262,Brain,-155,-262,2,111
11050,155_263,Cavity,-155,-263,2,106
11051,155_264,Cavity,-155,-264,2,104
11052,155_265,Cavity,-155,-265,2,104
11053,155_266,Cavity,-155,-266,2,105
11054,155_267,Cavity,-155,-267,2,110
11055,155_268,Cavity,-155,-268,2,110
11056,155_269,Cavity,-155,-269,2,110
11057,155_270,Cavity,-155,-270,2,110
11058,155_271,Cavity,-155,-271,2,110
11059,155_272,Cavity,-155,-272,2,110
11060,155_273,Cavity,-155,-273,2,110
11061,155_274,Cavity,-155,-274,2,110
11062,155_275,Cavity,-155,-275,2,110
11063,155_276,Cavity,-155,-276,2,110
11064,155_277,Cavity,-155,-277,2,110
11065,155_278,Cavity,-155,-278,2,110
11066,155_279,Cavity,-155,-279,2,110
11067,155_280,Cavity,-155,-280,2,110
11068,155_281,Cavity,-155,-281,2,111
11069,155_282,Brain,-155,-282,2,111
11070,155_283,Brain,-155,-283,2,111
11071,155_284,Brain,-155,-284,2,111
11072,155_285,Brain,-155,-285,2,111
11073,155_286,Brain,-155,-286,2,108
11074,155_287,Brain,-155,-287,2,108
11075,155_288,Brain,-155,-288,2,96
11076,155_289,Brain,-155,-289,2,96
11077,155_290,Brain,-155,-290,2,84
11078,155_291,Blood vessel,-155,-291,2,114
11079,155_292,Cavity,-155,-292,2,115
11080,155_293,Cavity,-155,-293,2,115
11081,155_294,Cavity,-155,-294,2,115
11082,155_295,Cavity,-155,-295,2,96
11083,155_296,Brain,-155,-296,2,111
11084,155_297,Brain,-155,-297,2,111
11085,155_298,Brain,-155,-298,2,111
11086,155_299,Brain,-155,-299,2,108
11087,155_300,Brain,-155,-300,2,108
11088,155_301,Brain,-155,-301,2,108
11089,155_302,Brain,-155,-302,2,108
11090,155_303,Brain,-155,-303,2,108
11091,155_304,Brain,-155,-304,2,108
11092,155_305,Brain,-155,-305,2,108
11093,155_306,Brain,-155,-306,2,108
11094,155_307,Brain,-155,-307,2,111
11095,155_308,Brain,-155,-308,2,111
11096,155_309,Brain,-155,-309,2,111
11097,155_310,Head mesenchyme,-155,-310,2,117
11098,155_311,Head mesenchyme,-155,-311,2,118
11099,155_312,Surface ectoderm,-155,-312,2,18
11100,155_313,Surface ectoderm,-155,-313,2,18
11101,155_314,Connective tissue,-155,-314,2,18
11102,155_315,Cavity,-155,-315,2,31
11103,155_316,Cavity,-155,-316,2,29
11104,155_317,Cavity,-155,-317,2,29
11105,155_318,Cavity,-155,-318,2,26
11106,156_135,Cavity,-156,-135,2,29
11107,156_136,Cavity,-156,-136,2,28
11108,156_137,Cavity,-156,-137,2,28
11109,156_138,Surface ectoderm,-156,-138,2,23
11110,156_139,Surface ectoderm,-156,-139,2,21
11111,156_140,Surface ectoderm,-156,-140,2,22
11112,156_141,Spinal cord,-156,-141,2,100
11113,156_142,Spinal cord,-156,-142,2,100
11114,156_143,Spinal cord,-156,-143,2,100
11115,156_144,Spinal cord,-156,-144,2,101
11116,156_145,Spinal cord,-156,-145,2,100
11117,156_146,Spinal cord,-156,-146,2,101
11118,156_147,Spinal cord,-156,-147,2,100
11119,156_148,Spinal cord,-156,-148,2,100
11120,156_149,Spinal cord,-156,-149,2,103
11121,156_150,Spinal cord,-156,-150,2,103
11122,156_151,Spinal cord,-156,-151,2,103
11123,156_152,Spinal cord,-156,-152,2,103
11124,156_153,Spinal cord,-156,-153,2,103
11125,156_154,Spinal cord,-156,-154,2,103
11126,156_155,Spinal cord,-156,-155,2,100
11127,156_156,Spinal cord,-156,-156,2,100
11128,156_157,Spinal cord,-156,-157,2,89
11129,156_158,Spinal cord,-156,-158,2,88
11130,156_159,Spinal cord,-156,-159,2,90
11131,156_160,Spinal cord,-156,-160,2,81
11132,156_161,Spinal cord,-156,-161,2,82
11133,156_162,Spinal cord,-156,-162,2,83
11134,156_163,Spinal cord,-156,-163,2,83
11135,156_164,Spinal cord,-156,-164,2,81
11136,156_165,Spinal cord,-156,-165,2,80
11137,156_166,Spinal cord,-156,-166,2,85
11138,156_167,Sclerotome,-156,-167,2,113
11139,156_168,Sclerotome,-156,-168,2,118
11140,156_169,Sclerotome,-156,-169,2,115
11141,156_170,Sclerotome,-156,-170,2,113
11142,156_171,Sclerotome,-156,-171,2,112
11143,156_172,Sclerotome,-156,-172,2,113
11144,156_173,Sclerotome,-156,-173,2,112
11145,156_174,Sclerotome,-156,-174,2,112
11146,156_175,Sclerotome,-156,-175,2,115
11147,156_176,Sclerotome,-156,-176,2,113
11148,156_177,Sclerotome,-156,-177,2,113
11149,156_178,Sclerotome,-156,-178,2,112
11150,156_179,Sclerotome,-156,-179,2,113
11151,156_180,Sclerotome,-156,-180,2,126
11152,156_181,Urogenital ridge,-156,-181,2,5
11153,156_182,Sclerotome,-156,-182,2,126
11154,156_183,Urogenital ridge,-156,-183,2,126
11155,156_184,Urogenital ridge,-156,-184,2,5
11156,156_185,Urogenital ridge,-156,-185,2,5
11157,156_186,Sclerotome,-156,-186,2,126
11158,156_187,Lung primordium,-156,-187,2,127
11159,156_188,Lung primordium,-156,-188,2,127
11160,156_189,Lung primordium,-156,-189,2,127
11161,156_190,Lung primordium,-156,-190,2,112
11162,156_191,Lung primordium,-156,-191,2,127
11163,156_192,Lung primordium,-156,-192,2,127
11164,156_193,Sclerotome,-156,-193,2,127
11165,156_194,Lung primordium,-156,-194,2,127
11166,156_195,Lung primordium,-156,-195,2,124
11167,156_196,Sclerotome,-156,-196,2,113
11168,156_197,Sclerotome,-156,-197,2,126
11169,156_198,Sclerotome,-156,-198,2,126
11170,156_199,Sclerotome,-156,-199,2,112
11171,156_200,Sclerotome,-156,-200,2,112
11172,156_201,Sclerotome,-156,-201,2,113
11173,156_202,Sclerotome,-156,-202,2,126
11174,156_203,Sclerotome,-156,-203,2,113
11175,156_204,Sclerotome,-156,-204,2,113
11176,156_205,Sclerotome,-156,-205,2,115
11177,156_206,Sclerotome,-156,-206,2,115
11178,156_207,Sclerotome,-156,-207,2,115
11179,156_208,Sclerotome,-156,-208,2,113
11180,156_209,Sclerotome,-156,-209,2,115
11181,156_210,Sclerotome,-156,-210,2,113
11182,156_211,Sclerotome,-156,-211,2,113
11183,156_212,Sclerotome,-156,-212,2,113
11184,156_213,Sclerotome,-156,-213,2,115
11185,156_214,Sclerotome,-156,-214,2,113
11186,156_215,Sclerotome,-156,-215,2,115
11187,156_216,Sclerotome,-156,-216,2,115
11188,156_217,Sclerotome,-156,-217,2,115
11189,156_218,Sclerotome,-156,-218,2,115
11190,156_219,Sclerotome,-156,-219,2,115
11191,156_220,Sclerotome,-156,-220,2,115
11192,156_221,Sclerotome,-156,-221,2,115
11193,156_222,Sclerotome,-156,-222,2,115
11194,156_223,Sclerotome,-156,-223,2,115
11195,156_224,Sclerotome,-156,-224,2,113
11196,156_225,Sclerotome,-156,-225,2,113
11197,156_226,Sclerotome,-156,-226,2,115
11198,156_227,Sclerotome,-156,-227,2,116
11199,156_228,Urogenital ridge,-156,-228,2,113
11200,156_229,Sclerotome,-156,-229,2,116
11201,156_230,Sclerotome,-156,-230,2,5
11202,156_231,Sclerotome,-156,-231,2,113
11203,156_232,Head mesenchyme,-156,-232,2,124
11204,156_233,Sclerotome,-156,-233,2,117
11205,156_234,Spinal cord,-156,-234,2,84
11206,156_235,Spinal cord,-156,-235,2,85
11207,156_236,Spinal cord,-156,-236,2,86
11208,156_237,Spinal cord,-156,-237,2,95
11209,156_238,Brain,-156,-238,2,102
11210,156_239,Spinal cord,-156,-239,2,102
11211,156_240,Spinal cord,-156,-240,2,100
11212,156_241,Spinal cord,-156,-241,2,103
11213,156_242,Spinal cord,-156,-242,2,100
11214,156_243,Spinal cord,-156,-243,2,102
11215,156_244,Brain,-156,-244,2,102
11216,156_245,Brain,-156,-245,2,109
11217,156_246,Brain,-156,-246,2,109
11218,156_247,Spinal cord,-156,-247,2,108
11219,156_248,Spinal cord,-156,-248,2,102
11220,156_249,Spinal cord,-156,-249,2,103
11221,156_250,Spinal cord,-156,-250,2,103
11222,156_251,Spinal cord,-156,-251,2,109
11223,156_252,Spinal cord,-156,-252,2,102
11224,156_253,Spinal cord,-156,-253,2,102
11225,156_254,Spinal cord,-156,-254,2,102
11226,156_255,Spinal cord,-156,-255,2,102
11227,156_256,Spinal cord,-156,-256,2,109
11228,156_257,Brain,-156,-257,2,108
11229,156_258,Brain,-156,-258,2,108
11230,156_259,Brain,-156,-259,2,108
11231,156_260,Brain,-156,-260,2,108
11232,156_261,Brain,-156,-261,2,111
11233,156_262,Brain,-156,-262,2,111
11234,156_263,Brain,-156,-263,2,111
11235,156_264,Brain,-156,-264,2,104
11236,156_265,Cavity,-156,-265,2,110
11237,156_266,Cavity,-156,-266,2,110
11238,156_267,Cavity,-156,-267,2,110
11239,156_268,Cavity,-156,-268,2,110
11240,156_269,Cavity,-156,-269,2,106
11241,156_270,Cavity,-156,-270,2,110
11242,156_271,Cavity,-156,-271,2,110
11243,156_272,Cavity,-156,-272,2,110
11244,156_273,Cavity,-156,-273,2,110
11245,156_274,Cavity,-156,-274,2,110
11246,156_275,Cavity,-156,-275,2,110
11247,156_276,Cavity,-156,-276,2,110
11248,156_277,Cavity,-156,-277,2,110
11249,156_278,Cavity,-156,-278,2,110
11250,156_279,Cavity,-156,-279,2,110
11251,156_280,Cavity,-156,-280,2,110
11252,156_281,Cavity,-156,-281,2,110
11253,156_282,Cavity,-156,-282,2,110
11254,156_283,Brain,-156,-283,2,111
11255,156_284,Brain,-156,-284,2,111
11256,156_285,Brain,-156,-285,2,111
11257,156_286,Brain,-156,-286,2,111
11258,156_287,Brain,-156,-287,2,108
11259,156_288,Brain,-156,-288,2,108
11260,156_289,Cavity,-156,-289,2,96
11261,156_290,Cavity,-156,-290,2,115
11262,156_291,Cavity,-156,-291,2,115
11263,156_292,Cavity,-156,-292,2,111
11264,156_293,Cavity,-156,-293,2,115
11265,156_294,Cavity,-156,-294,2,115
11266,156_295,Cavity,-156,-295,2,111
11267,156_296,Brain,-156,-296,2,111
11268,156_297,Brain,-156,-297,2,111
11269,156_298,Brain,-156,-298,2,111
11270,156_299,Brain,-156,-299,2,111
11271,156_300,Brain,-156,-300,2,108
11272,156_301,Brain,-156,-301,2,108
11273,156_302,Brain,-156,-302,2,108
11274,156_303,Brain,-156,-303,2,108
11275,156_304,Brain,-156,-304,2,108
11276,156_305,Brain,-156,-305,2,111
11277,156_306,Brain,-156,-306,2,108
11278,156_307,Brain,-156,-307,2,84
11279,156_308,Brain,-156,-308,2,84
11280,156_309,Brain,-156,-309,2,111
11281,156_310,Head mesenchyme,-156,-310,2,117
11282,156_311,Head mesenchyme,-156,-311,2,125
11283,156_312,Head mesenchyme,-156,-312,2,118
11284,156_313,Surface ectoderm,-156,-313,2,20
11285,156_314,Surface ectoderm,-156,-314,2,20
11286,156_315,Cavity,-156,-315,2,30
11287,156_316,Cavity,-156,-316,2,31
11288,156_317,Cavity,-156,-317,2,24
11289,156_318,Cavity,-156,-318,2,25
11290,157_134,Cavity,-157,-134,2,26
11291,157_135,Cavity,-157,-135,2,28
11292,157_136,Cavity,-157,-136,2,29
11293,157_137,Surface ectoderm,-157,-137,2,28
11294,157_138,Surface ectoderm,-157,-138,2,22
11295,157_139,Surface ectoderm,-157,-139,2,21
11296,157_140,Spinal cord,-157,-140,2,100
11297,157_141,Spinal cord,-157,-141,2,101
11298,157_142,Spinal cord,-157,-142,2,102
11299,157_143,Spinal cord,-157,-143,2,101
11300,157_144,Spinal cord,-157,-144,2,100
11301,157_145,Spinal cord,-157,-145,2,101
11302,157_146,Spinal cord,-157,-146,2,100
11303,157_147,Spinal cord,-157,-147,2,100
11304,157_148,Spinal cord,-157,-148,2,103
11305,157_149,Spinal cord,-157,-149,2,100
11306,157_150,Spinal cord,-157,-150,2,109
11307,157_151,Spinal cord,-157,-151,2,100
11308,157_152,Spinal cord,-157,-152,2,103
11309,157_153,Spinal cord,-157,-153,2,109
11310,157_154,Spinal cord,-157,-154,2,103
11311,157_155,Spinal cord,-157,-155,2,103
11312,157_156,Spinal cord,-157,-156,2,93
11313,157_157,Spinal cord,-157,-157,2,89
11314,157_158,Spinal cord,-157,-158,2,91
11315,157_159,Spinal cord,-157,-159,2,83
11316,157_160,Spinal cord,-157,-160,2,82
11317,157_161,Spinal cord,-157,-161,2,83
11318,157_162,Spinal cord,-157,-162,2,80
11319,157_163,Spinal cord,-157,-163,2,80
11320,157_164,Spinal cord,-157,-164,2,80
11321,157_165,Spinal cord,-157,-165,2,85
11322,157_166,Spinal cord,-157,-166,2,86
11323,157_167,Sclerotome,-157,-167,2,113
11324,157_168,Sclerotome,-157,-168,2,115
11325,157_169,Sclerotome,-157,-169,2,115
11326,157_170,Sclerotome,-157,-170,2,113
11327,157_171,Sclerotome,-157,-171,2,113
11328,157_172,Sclerotome,-157,-172,2,112
11329,157_173,Sclerotome,-157,-173,2,113
11330,157_174,Sclerotome,-157,-174,2,112
11331,157_175,Sclerotome,-157,-175,2,113
11332,157_176,Sclerotome,-157,-176,2,126
11333,157_177,Sclerotome,-157,-177,2,126
11334,157_178,Sclerotome,-157,-178,2,112
11335,157_179,Sclerotome,-157,-179,2,126
11336,157_180,Urogenital ridge,-157,-180,2,5
11337,157_181,Blood vessel,-157,-181,2,7
11338,157_182,Urogenital ridge,-157,-182,2,5
11339,157_183,Urogenital ridge,-157,-183,2,5
11340,157_184,Urogenital ridge,-157,-184,2,126
11341,157_185,Sclerotome,-157,-185,2,125
11342,157_186,Lung primordium,-157,-186,2,126
11343,157_187,Lung primordium,-157,-187,2,127
11344,157_188,Lung primordium,-157,-188,2,127
11345,157_189,Lung primordium,-157,-189,2,112
11346,157_190,Lung primordium,-157,-190,2,126
11347,157_191,Lung primordium,-157,-191,2,112
11348,157_192,Lung primordium,-157,-192,2,126
11349,157_193,Lung primordium,-157,-193,2,112
11350,157_194,Lung primordium,-157,-194,2,127
11351,157_195,Lung primordium,-157,-195,2,112
11352,157_196,Sclerotome,-157,-196,2,112
11353,157_197,Sclerotome,-157,-197,2,112
11354,157_198,Sclerotome,-157,-198,2,112
11355,157_199,Sclerotome,-157,-199,2,126
11356,157_200,Sclerotome,-157,-200,2,126
11357,157_201,Sclerotome,-157,-201,2,112
11358,157_202,Sclerotome,-157,-202,2,113
11359,157_203,Sclerotome,-157,-203,2,125
11360,157_204,Sclerotome,-157,-204,2,113
11361,157_205,Sclerotome,-157,-205,2,113
11362,157_206,Sclerotome,-157,-206,2,115
11363,157_207,Sclerotome,-157,-207,2,115
11364,157_208,Sclerotome,-157,-208,2,113
11365,157_209,Sclerotome,-157,-209,2,125
11366,157_210,Sclerotome,-157,-210,2,126
11367,157_211,Sclerotome,-157,-211,2,113
11368,157_212,Sclerotome,-157,-212,2,112
11369,157_213,Sclerotome,-157,-213,2,113
11370,157_214,Sclerotome,-157,-214,2,113
11371,157_215,Sclerotome,-157,-215,2,115
11372,157_216,Sclerotome,-157,-216,2,115
11373,157_217,Sclerotome,-157,-217,2,115
11374,157_218,Sclerotome,-157,-218,2,115
11375,157_219,Sclerotome,-157,-219,2,115
11376,157_220,Sclerotome,-157,-220,2,115
11377,157_221,Sclerotome,-157,-221,2,115
11378,157_222,Sclerotome,-157,-222,2,115
11379,157_223,Sclerotome,-157,-223,2,113
11380,157_224,Sclerotome,-157,-224,2,113
11381,157_225,Sclerotome,-157,-225,2,113
11382,157_226,Sclerotome,-157,-226,2,113
11383,157_227,Sclerotome,-157,-227,2,112
11384,157_228,Sclerotome,-157,-228,2,113
11385,157_229,Sclerotome,-157,-229,2,113
11386,157_230,Sclerotome,-157,-230,2,113
11387,157_231,Sclerotome,-157,-231,2,115
11388,157_232,Sclerotome,-157,-232,2,115
11389,157_233,Sclerotome,-157,-233,2,115
11390,157_234,Spinal cord,-157,-234,2,84
11391,157_235,Spinal cord,-157,-235,2,84
11392,157_236,Spinal cord,-157,-236,2,86
11393,157_237,Spinal cord,-157,-237,2,95
11394,157_238,Spinal cord,-157,-238,2,95
11395,157_239,Spinal cord,-157,-239,2,102
11396,157_240,Spinal cord,-157,-240,2,102
11397,157_241,Spinal cord,-157,-241,2,102
11398,157_242,Spinal cord,-157,-242,2,103
11399,157_243,Spinal cord,-157,-243,2,103
11400,157_244,Brain,-157,-244,2,109
11401,157_245,Spinal cord,-157,-245,2,102
11402,157_246,Brain,-157,-246,2,109
11403,157_247,Spinal cord,-157,-247,2,102
11404,157_248,Spinal cord,-157,-248,2,103
11405,157_249,Spinal cord,-157,-249,2,100
11406,157_250,Spinal cord,-157,-250,2,102
11407,157_251,Spinal cord,-157,-251,2,103
11408,157_252,Spinal cord,-157,-252,2,100
11409,157_253,Spinal cord,-157,-253,2,103
11410,157_254,Spinal cord,-157,-254,2,109
11411,157_255,Spinal cord,-157,-255,2,103
11412,157_256,Spinal cord,-157,-256,2,108
11413,157_257,Brain,-157,-257,2,108
11414,157_258,Brain,-157,-258,2,108
11415,157_259,Brain,-157,-259,2,108
11416,157_260,Brain,-157,-260,2,108
11417,157_261,Brain,-157,-261,2,108
11418,157_262,Brain,-157,-262,2,108
11419,157_263,Brain,-157,-263,2,111
11420,157_264,Brain,-157,-264,2,111
11421,157_265,Brain,-157,-265,2,106
11422,157_266,Brain,-157,-266,2,106
11423,157_267,Cavity,-157,-267,2,110
11424,157_268,Cavity,-157,-268,2,105
11425,157_269,Cavity,-157,-269,2,104
11426,157_270,Cavity,-157,-270,2,105
11427,157_271,Cavity,-157,-271,2,110
11428,157_272,Cavity,-157,-272,2,110
11429,157_273,Cavity,-157,-273,2,110
11430,157_274,Cavity,-157,-274,2,110
11431,157_275,Cavity,-157,-275,2,110
11432,157_276,Cavity,-157,-276,2,110
11433,157_277,Cavity,-157,-277,2,110
11434,157_278,Cavity,-157,-278,2,110
11435,157_279,Cavity,-157,-279,2,110
11436,157_280,Cavity,-157,-280,2,110
11437,157_281,Cavity,-157,-281,2,110
11438,157_282,Cavity,-157,-282,2,110
11439,157_283,Cavity,-157,-283,2,110
11440,157_284,Cavity,-157,-284,2,110
11441,157_285,Cavity,-157,-285,2,110
11442,157_286,Brain,-157,-286,2,111
11443,157_287,Brain,-157,-287,2,111
11444,157_288,Brain,-157,-288,2,111
11445,157_289,Brain,-157,-289,2,111
11446,157_290,Cavity,-157,-290,2,111
11447,157_291,Cavity,-157,-291,2,115
11448,157_292,Cavity,-157,-292,2,117
11449,157_293,Cavity,-157,-293,2,110
11450,157_294,Cavity,-157,-294,2,115
11451,157_295,Cavity,-157,-295,2,110
11452,157_296,Brain,-157,-296,2,111
11453,157_297,Brain,-157,-297,2,111
11454,157_298,Brain,-157,-298,2,111
11455,157_299,Brain,-157,-299,2,108
11456,157_300,Brain,-157,-300,2,111
11457,157_301,Brain,-157,-301,2,108
11458,157_302,Brain,-157,-302,2,108
11459,157_303,Brain,-157,-303,2,108
11460,157_304,Brain,-157,-304,2,111
11461,157_305,Brain,-157,-305,2,108
11462,157_306,Brain,-157,-306,2,111
11463,157_307,Brain,-157,-307,2,111
11464,157_308,Brain,-157,-308,2,111
11465,157_309,Brain,-157,-309,2,111
11466,157_310,Brain,-157,-310,2,111
11467,157_311,Head mesenchyme,-157,-311,2,117
11468,157_312,Head mesenchyme,-157,-312,2,118
11469,157_313,Surface ectoderm,-157,-313,2,118
11470,157_314,Surface ectoderm,-157,-314,2,20
11471,157_315,Cavity,-157,-315,2,28
11472,157_316,Cavity,-157,-316,2,30
11473,157_317,Cavity,-157,-317,2,31
11474,157_318,Cavity,-157,-318,2,29
11475,157_319,Cavity,-157,-319,2,27
11476,158_134,Cavity,-158,-134,2,29
11477,158_135,Cavity,-158,-135,2,28
11478,158_136,Cavity,-158,-136,2,28
11479,158_137,Surface ectoderm,-158,-137,2,22
11480,158_138,Surface ectoderm,-158,-138,2,21
11481,158_139,Surface ectoderm,-158,-139,2,100
11482,158_140,Spinal cord,-158,-140,2,100
11483,158_141,Spinal cord,-158,-141,2,101
11484,158_142,Spinal cord,-158,-142,2,101
11485,158_143,Spinal cord,-158,-143,2,100
11486,158_144,Spinal cord,-158,-144,2,101
11487,158_145,Spinal cord,-158,-145,2,100
11488,158_146,Spinal cord,-158,-146,2,101
11489,158_147,Spinal cord,-158,-147,2,103
11490,158_148,Spinal cord,-158,-148,2,100
11491,158_149,Spinal cord,-158,-149,2,100
11492,158_150,Spinal cord,-158,-150,2,103
11493,158_151,Spinal cord,-158,-151,2,101
11494,158_152,Spinal cord,-158,-152,2,103
11495,158_153,Spinal cord,-158,-153,2,103
11496,158_154,Spinal cord,-158,-154,2,103
11497,158_155,Spinal cord,-158,-155,2,89
11498,158_156,Spinal cord,-158,-156,2,88
11499,158_157,Spinal cord,-158,-157,2,93
11500,158_158,Spinal cord,-158,-158,2,82
11501,158_159,Spinal cord,-158,-159,2,83
11502,158_160,Spinal cord,-158,-160,2,83
11503,158_161,Spinal cord,-158,-161,2,83
11504,158_162,Spinal cord,-158,-162,2,83
11505,158_163,Spinal cord,-158,-163,2,80
11506,158_164,Spinal cord,-158,-164,2,81
11507,158_165,Sclerotome,-158,-165,2,112
11508,158_166,Sclerotome,-158,-166,2,113
11509,158_167,Sclerotome,-158,-167,2,113
11510,158_168,Sclerotome,-158,-168,2,113
11511,158_169,Sclerotome,-158,-169,2,113
11512,158_170,Sclerotome,-158,-170,2,113
11513,158_171,Sclerotome,-158,-171,2,115
11514,158_172,Sclerotome,-158,-172,2,113
11515,158_173,Sclerotome,-158,-173,2,112
11516,158_174,Sclerotome,-158,-174,2,113
11517,158_175,Sclerotome,-158,-175,2,126
11518,158_176,Sclerotome,-158,-176,2,126
11519,158_177,Sclerotome,-158,-177,2,126
11520,158_178,Urogenital ridge,-158,-178,2,5
11521,158_179,Blood vessel,-158,-179,2,6
11522,158_180,Blood vessel,-158,-180,2,7
11523,158_181,Blood vessel,-158,-181,2,7
11524,158_182,Urogenital ridge,-158,-182,2,4
11525,158_183,Branchial arch,-158,-183,2,126
11526,158_184,Lung primordium,-158,-184,2,127
11527,158_185,Urogenital ridge,-158,-185,2,5
11528,158_186,Lung primordium,-158,-186,2,120
11529,158_187,Lung primordium,-158,-187,2,120
11530,158_188,Lung primordium,-158,-188,2,120
11531,158_189,Lung primordium,-158,-189,2,127
11532,158_190,Lung primordium,-158,-190,2,127
11533,158_191,Lung primordium,-158,-191,2,112
11534,158_192,Lung primordium,-158,-192,2,112
11535,158_193,Lung primordium,-158,-193,2,126
11536,158_194,Lung primordium,-158,-194,2,126
11537,158_195,Lung primordium,-158,-195,2,126
11538,158_196,Lung primordium,-158,-196,2,112
11539,158_197,Lung primordium,-158,-197,2,112
11540,158_198,Sclerotome,-158,-198,2,112
11541,158_199,Lung primordium,-158,-199,2,112
11542,158_200,Sclerotome,-158,-200,2,112
11543,158_201,Lung primordium,-158,-201,2,112
11544,158_202,Sclerotome,-158,-202,2,113
11545,158_203,Sclerotome,-158,-203,2,113
11546,158_204,Lung primordium,-158,-204,2,126
11547,158_205,Branchial arch,-158,-205,2,127
11548,158_206,Lung primordium,-158,-206,2,97
11549,158_207,Urogenital ridge,-158,-207,2,126
11550,158_208,Urogenital ridge,-158,-208,2,4
11551,158_209,Blood vessel,-158,-209,2,7
11552,158_210,Blood vessel,-158,-210,2,5
11553,158_211,Blood vessel,-158,-211,2,5
11554,158_212,Urogenital ridge,-158,-212,2,5
11555,158_213,Sclerotome,-158,-213,2,125
11556,158_214,Sclerotome,-158,-214,2,125
11557,158_215,Sclerotome,-158,-215,2,113
11558,158_216,Sclerotome,-158,-216,2,113
11559,158_217,Sclerotome,-158,-217,2,115
11560,158_218,Sclerotome,-158,-218,2,115
11561,158_219,Sclerotome,-158,-219,2,115
11562,158_220,Sclerotome,-158,-220,2,115
11563,158_221,Sclerotome,-158,-221,2,115
11564,158_222,Sclerotome,-158,-222,2,115
11565,158_223,Sclerotome,-158,-223,2,113
11566,158_224,Sclerotome,-158,-224,2,113
11567,158_225,Sclerotome,-158,-225,2,113
11568,158_226,Sclerotome,-158,-226,2,113
11569,158_227,Sclerotome,-158,-227,2,113
11570,158_228,Sclerotome,-158,-228,2,113
11571,158_229,Sclerotome,-158,-229,2,113
11572,158_230,Sclerotome,-158,-230,2,113
11573,158_231,Sclerotome,-158,-231,2,113
11574,158_232,Sclerotome,-158,-232,2,113
11575,158_233,Sclerotome,-158,-233,2,113
11576,158_234,Spinal cord,-158,-234,2,111
11577,158_235,Spinal cord,-158,-235,2,84
11578,158_236,Spinal cord,-158,-236,2,87
11579,158_237,Spinal cord,-158,-237,2,86
11580,158_238,Spinal cord,-158,-238,2,102
11581,158_239,Spinal cord,-158,-239,2,103
11582,158_240,Spinal cord,-158,-240,2,102
11583,158_241,Spinal cord,-158,-241,2,103
11584,158_242,Spinal cord,-158,-242,2,102
11585,158_243,Spinal cord,-158,-243,2,103
11586,158_244,Spinal cord,-158,-244,2,101
11587,158_245,Brain,-158,-245,2,102
11588,158_246,Spinal cord,-158,-246,2,102
11589,158_247,Spinal cord,-158,-247,2,102
11590,158_248,Spinal cord,-158,-248,2,102
11591,158_249,Spinal cord,-158,-249,2,103
11592,158_250,Spinal cord,-158,-250,2,100
11593,158_251,Spinal cord,-158,-251,2,103
11594,158_252,Spinal cord,-158,-252,2,103
11595,158_253,Spinal cord,-158,-253,2,102
11596,158_254,Spinal cord,-158,-254,2,102
11597,158_255,Spinal cord,-158,-255,2,103
11598,158_256,Brain,-158,-256,2,108
11599,158_257,Brain,-158,-257,2,108
11600,158_258,Spinal cord,-158,-258,2,101
11601,158_259,Brain,-158,-259,2,109
11602,158_260,Brain,-158,-260,2,108
11603,158_261,Brain,-158,-261,2,108
11604,158_262,Brain,-158,-262,2,108
11605,158_263,Brain,-158,-263,2,108
11606,158_264,Brain,-158,-264,2,111
11607,158_265,Brain,-158,-265,2,111
11608,158_266,Brain,-158,-266,2,111
11609,158_267,Brain,-158,-267,2,111
11610,158_268,Brain,-158,-268,2,104
11611,158_269,Brain,-158,-269,2,111
11612,158_270,Brain,-158,-270,2,111
11613,158_271,Brain,-158,-271,2,111
11614,158_272,Brain,-158,-272,2,111
11615,158_273,Brain,-158,-273,2,111
11616,158_274,Brain,-158,-274,2,111
11617,158_275,Cavity,-158,-275,2,110
11618,158_276,Brain,-158,-276,2,111
11619,158_277,Brain,-158,-277,2,111
11620,158_278,Cavity,-158,-278,2,110
11621,158_279,Cavity,-158,-279,2,110
11622,158_280,Cavity,-158,-280,2,110
11623,158_281,Cavity,-158,-281,2,110
11624,158_282,Cavity,-158,-282,2,110
11625,158_283,Cavity,-158,-283,2,110
11626,158_284,Cavity,-158,-284,2,110
11627,158_285,Cavity,-158,-285,2,110
11628,158_286,Cavity,-158,-286,2,110
11629,158_287,Cavity,-158,-287,2,114
11630,158_288,Cavity,-158,-288,2,114
11631,158_289,Cavity,-158,-289,2,105
11632,158_290,Cavity,-158,-290,2,114
11633,158_291,Cavity,-158,-291,2,117
11634,158_292,Cavity,-158,-292,2,97
11635,158_293,Cavity,-158,-293,2,115
11636,158_294,Cavity,-158,-294,2,111
11637,158_295,Brain,-158,-295,2,111
11638,158_296,Brain,-158,-296,2,111
11639,158_297,Brain,-158,-297,2,111
11640,158_298,Brain,-158,-298,2,111
11641,158_299,Brain,-158,-299,2,111
11642,158_300,Brain,-158,-300,2,111
11643,158_301,Brain,-158,-301,2,108
11644,158_302,Brain,-158,-302,2,111
11645,158_303,Brain,-158,-303,2,108
11646,158_304,Brain,-158,-304,2,111
11647,158_305,Brain,-158,-305,2,111
11648,158_306,Brain,-158,-306,2,111
11649,158_307,Brain,-158,-307,2,111
11650,158_308,Brain,-158,-308,2,111
11651,158_309,Brain,-158,-309,2,111
11652,158_310,Brain,-158,-310,2,111
11653,158_311,Head mesenchyme,-158,-311,2,116
11654,158_312,Head mesenchyme,-158,-312,2,117
11655,158_313,Head mesenchyme,-158,-313,2,118
11656,158_314,Surface ectoderm,-158,-314,2,21
11657,158_315,Surface ectoderm,-158,-315,2,20
11658,158_316,Cavity,-158,-316,2,19
11659,158_317,Cavity,-158,-317,2,30
11660,158_318,Cavity,-158,-318,2,29
11661,158_319,Cavity,-158,-319,2,26
11662,159_133,Cavity,-159,-133,2,25
11663,159_134,Cavity,-159,-134,2,28
11664,159_135,Cavity,-159,-135,2,28
11665,159_136,Surface ectoderm,-159,-136,2,23
11666,159_137,Surface ectoderm,-159,-137,2,22
11667,159_138,Surface ectoderm,-159,-138,2,22
11668,159_139,Surface ectoderm,-159,-139,2,100
11669,159_140,Spinal cord,-159,-140,2,103
11670,159_141,Spinal cord,-159,-141,2,100
11671,159_142,Spinal cord,-159,-142,2,101
11672,159_143,Spinal cord,-159,-143,2,101
11673,159_144,Spinal cord,-159,-144,2,101
11674,159_145,Spinal cord,-159,-145,2,100
11675,159_146,Spinal cord,-159,-146,2,103
11676,159_147,Spinal cord,-159,-147,2,100
11677,159_148,Spinal cord,-159,-148,2,101
11678,159_149,Spinal cord,-159,-149,2,103
11679,159_150,Spinal cord,-159,-150,2,100
11680,159_151,Spinal cord,-159,-151,2,103
11681,159_152,Spinal cord,-159,-152,2,103
11682,159_153,Spinal cord,-159,-153,2,93
11683,159_154,Spinal cord,-159,-154,2,89
11684,159_155,Spinal cord,-159,-155,2,93
11685,159_156,Spinal cord,-159,-156,2,82
11686,159_157,Spinal cord,-159,-157,2,13
11687,159_158,Spinal cord,-159,-158,2,82
11688,159_159,Spinal cord,-159,-159,2,82
11689,159_160,Spinal cord,-159,-160,2,83
11690,159_161,Spinal cord,-159,-161,2,83
11691,159_162,Spinal cord,-159,-162,2,85
11692,159_163,Spinal cord,-159,-163,2,84
11693,159_164,Sclerotome,-159,-164,2,112
11694,159_165,Sclerotome,-159,-165,2,112
11695,159_166,Sclerotome,-159,-166,2,112
11696,159_167,Sclerotome,-159,-167,2,113
11697,159_168,Sclerotome,-159,-168,2,113
11698,159_169,Sclerotome,-159,-169,2,113
11699,159_170,Sclerotome,-159,-170,2,113
11700,159_171,Sclerotome,-159,-171,2,112
11701,159_172,Sclerotome,-159,-172,2,113
11702,159_173,Sclerotome,-159,-173,2,113
11703,159_174,Sclerotome,-159,-174,2,112
11704,159_175,Sclerotome,-159,-175,2,112
11705,159_176,Urogenital ridge,-159,-176,2,5
11706,159_177,Blood vessel,-159,-177,2,6
11707,159_178,Blood vessel,-159,-178,2,6
11708,159_179,Blood vessel,-159,-179,2,6
11709,159_180,Urogenital ridge,-159,-180,2,4
11710,159_181,Urogenital ridge,-159,-181,2,5
11711,159_182,Sclerotome,-159,-182,2,126
11712,159_183,Lung primordium,-159,-183,2,127
11713,159_184,Lung primordium,-159,-184,2,120
11714,159_185,Lung primordium,-159,-185,2,121
11715,159_186,Lung primordium,-159,-186,2,121
11716,159_187,Lung primordium,-159,-187,2,127
11717,159_188,Lung primordium,-159,-188,2,121
11718,159_189,Lung primordium,-159,-189,2,120
11719,159_190,Lung primordium,-159,-190,2,112
11720,159_191,Lung primordium,-159,-191,2,112
11721,159_192,Lung primordium,-159,-192,2,120
11722,159_193,Lung primordium,-159,-193,2,124
11723,159_194,Lung primordium,-159,-194,2,112
11724,159_195,Lung primordium,-159,-195,2,127
11725,159_196,Lung primordium,-159,-196,2,112
11726,159_197,Lung primordium,-159,-197,2,127
11727,159_198,Lung primordium,-159,-198,2,127
11728,159_199,Lung primordium,-159,-199,2,126
11729,159_200,Lung primordium,-159,-200,2,127
11730,159_201,Lung primordium,-159,-201,2,112
11731,159_202,Lung primordium,-159,-202,2,112
11732,159_203,Lung primordium,-159,-203,2,127
11733,159_204,Urogenital ridge,-159,-204,2,126
11734,159_205,Blood vessel,-159,-205,2,5
11735,159_206,Blood vessel,-159,-206,2,6
11736,159_207,Blood vessel,-159,-207,2,7
11737,159_208,Blood vessel,-159,-208,2,7
11738,159_209,Blood vessel,-159,-209,2,6
11739,159_210,Blood vessel,-159,-210,2,6
11740,159_211,Blood vessel,-159,-211,2,7
11741,159_212,Blood vessel,-159,-212,2,7
11742,159_213,Urogenital ridge,-159,-213,2,4
11743,159_214,Sclerotome,-159,-214,2,113
11744,159_215,Sclerotome,-159,-215,2,113
11745,159_216,Sclerotome,-159,-216,2,113
11746,159_217,Sclerotome,-159,-217,2,115
11747,159_218,Sclerotome,-159,-218,2,115
11748,159_219,Sclerotome,-159,-219,2,115
11749,159_220,Sclerotome,-159,-220,2,115
11750,159_221,Sclerotome,-159,-221,2,115
11751,159_222,Sclerotome,-159,-222,2,115
11752,159_223,Sclerotome,-159,-223,2,113
11753,159_224,Sclerotome,-159,-224,2,113
11754,159_225,Sclerotome,-159,-225,2,113
11755,159_226,Sclerotome,-159,-226,2,113
11756,159_227,Sclerotome,-159,-227,2,112
11757,159_228,Sclerotome,-159,-228,2,113
11758,159_229,Sclerotome,-159,-229,2,113
11759,159_230,Sclerotome,-159,-230,2,113
11760,159_231,Sclerotome,-159,-231,2,117
11761,159_232,Sclerotome,-159,-232,2,116
11762,159_233,Sclerotome,-159,-233,2,117
11763,159_234,Sclerotome,-159,-234,2,116
11764,159_235,Spinal cord,-159,-235,2,84
11765,159_236,Spinal cord,-159,-236,2,86
11766,159_237,Spinal cord,-159,-237,2,95
11767,159_238,Spinal cord,-159,-238,2,102
11768,159_239,Spinal cord,-159,-239,2,103
11769,159_240,Spinal cord,-159,-240,2,103
11770,159_241,Spinal cord,-159,-241,2,102
11771,159_242,Spinal cord,-159,-242,2,103
11772,159_243,Spinal cord,-159,-243,2,103
11773,159_244,Spinal cord,-159,-244,2,103
11774,159_245,Spinal cord,-159,-245,2,121
11775,159_246,Spinal cord,-159,-246,2,101
11776,159_247,Spinal cord,-159,-247,2,102
11777,159_248,Spinal cord,-159,-248,2,103
11778,159_249,Spinal cord,-159,-249,2,102
11779,159_250,Spinal cord,-159,-250,2,108
11780,159_251,Spinal cord,-159,-251,2,100
11781,159_252,Spinal cord,-159,-252,2,108
11782,159_253,Spinal cord,-159,-253,2,103
11783,159_254,Spinal cord,-159,-254,2,109
11784,159_255,Spinal cord,-159,-255,2,109
11785,159_256,Spinal cord,-159,-256,2,108
11786,159_257,Brain,-159,-257,2,108
11787,159_258,Brain,-159,-258,2,108
11788,159_259,Spinal cord,-159,-259,2,103
11789,159_260,Spinal cord,-159,-260,2,103
11790,159_261,Spinal cord,-159,-261,2,100
11791,159_262,Brain,-159,-262,2,102
11792,159_263,Brain,-159,-263,2,108
11793,159_264,Brain,-159,-264,2,111
11794,159_265,Brain,-159,-265,2,111
11795,159_266,Brain,-159,-266,2,111
11796,159_267,Brain,-159,-267,2,111
11797,159_268,Brain,-159,-268,2,111
11798,159_269,Brain,-159,-269,2,111
11799,159_270,Brain,-159,-270,2,111
11800,159_271,Brain,-159,-271,2,111
11801,159_272,Brain,-159,-272,2,111
11802,159_273,Brain,-159,-273,2,111
11803,159_274,Brain,-159,-274,2,111
11804,159_275,Brain,-159,-275,2,111
11805,159_276,Brain,-159,-276,2,111
11806,159_277,Brain,-159,-277,2,111
11807,159_278,Cavity,-159,-278,2,110
11808,159_279,Cavity,-159,-279,2,110
11809,159_280,Cavity,-159,-280,2,110
11810,159_281,Cavity,-159,-281,2,110
11811,159_282,Cavity,-159,-282,2,110
11812,159_283,Cavity,-159,-283,2,110
11813,159_284,Cavity,-159,-284,2,110
11814,159_285,Cavity,-159,-285,2,110
11815,159_286,Cavity,-159,-286,2,110
11816,159_287,Cavity,-159,-287,2,115
11817,159_288,Cavity,-159,-288,2,105
11818,159_289,Cavity,-159,-289,2,105
11819,159_290,Sclerotome,-159,-290,2,115
11820,159_291,Cavity,-159,-291,2,111
11821,159_292,Cavity,-159,-292,2,117
11822,159_293,Cavity,-159,-293,2,111
11823,159_294,Cavity,-159,-294,2,115
11824,159_295,Brain,-159,-295,2,111
11825,159_296,Brain,-159,-296,2,111
11826,159_297,Brain,-159,-297,2,111
11827,159_298,Brain,-159,-298,2,111
11828,159_299,Brain,-159,-299,2,111
11829,159_300,Brain,-159,-300,2,108
11830,159_301,Brain,-159,-301,2,111
11831,159_302,Brain,-159,-302,2,111
11832,159_303,Brain,-159,-303,2,108
11833,159_304,Brain,-159,-304,2,111
11834,159_305,Brain,-159,-305,2,111
11835,159_306,Brain,-159,-306,2,111
11836,159_307,Brain,-159,-307,2,111
11837,159_308,Brain,-159,-308,2,111
11838,159_309,Brain,-159,-309,2,111
11839,159_310,Brain,-159,-310,2,107
11840,159_311,Head mesenchyme,-159,-311,2,116
11841,159_312,Head mesenchyme,-159,-312,2,116
11842,159_313,Head mesenchyme,-159,-313,2,118
11843,159_314,Surface ectoderm,-159,-314,2,23
11844,159_315,Surface ectoderm,-159,-315,2,23
11845,159_316,Surface ectoderm,-159,-316,2,23
11846,159_317,Cavity,-159,-317,2,23
11847,159_318,Cavity,-159,-318,2,31
11848,159_319,Cavity,-159,-319,2,29
11849,160_132,Cavity,-160,-132,2,27
11850,160_133,Cavity,-160,-133,2,28
11851,160_134,Cavity,-160,-134,2,28
11852,160_135,Cavity,-160,-135,2,28
11853,160_136,Surface ectoderm,-160,-136,2,22
11854,160_137,Surface ectoderm,-160,-137,2,22
11855,160_138,Surface ectoderm,-160,-138,2,100
11856,160_139,Spinal cord,-160,-139,2,100
11857,160_140,Spinal cord,-160,-140,2,103
11858,160_141,Spinal cord,-160,-141,2,102
11859,160_142,Spinal cord,-160,-142,2,101
11860,160_143,Spinal cord,-160,-143,2,100
11861,160_144,Spinal cord,-160,-144,2,100
11862,160_145,Spinal cord,-160,-145,2,100
11863,160_146,Spinal cord,-160,-146,2,100
11864,160_147,Spinal cord,-160,-147,2,100
11865,160_148,Spinal cord,-160,-148,2,103
11866,160_149,Spinal cord,-160,-149,2,103
11867,160_150,Spinal cord,-160,-150,2,100
11868,160_151,Spinal cord,-160,-151,2,88
11869,160_152,Spinal cord,-160,-152,2,89
11870,160_153,Spinal cord,-160,-153,2,94
11871,160_154,Spinal cord,-160,-154,2,89
11872,160_155,Spinal cord,-160,-155,2,91
11873,160_156,Spinal cord,-160,-156,2,83
11874,160_157,Spinal cord,-160,-157,2,82
11875,160_158,Spinal cord,-160,-158,2,83
11876,160_159,Spinal cord,-160,-159,2,83
11877,160_160,Spinal cord,-160,-160,2,80
11878,160_161,Spinal cord,-160,-161,2,85
11879,160_162,Spinal cord,-160,-162,2,84
11880,160_163,Sclerotome,-160,-163,2,113
11881,160_164,Sclerotome,-160,-164,2,127
11882,160_165,Sclerotome,-160,-165,2,113
11883,160_166,Sclerotome,-160,-166,2,126
11884,160_167,Sclerotome,-160,-167,2,112
11885,160_168,Sclerotome,-160,-168,2,112
11886,160_169,Sclerotome,-160,-169,2,112
11887,160_170,Sclerotome,-160,-170,2,126
11888,160_171,Sclerotome,-160,-171,2,113
11889,160_172,Sclerotome,-160,-172,2,113
11890,160_173,Sclerotome,-160,-173,2,113
11891,160_174,Sclerotome,-160,-174,2,126
11892,160_175,Urogenital ridge,-160,-175,2,5
11893,160_176,Blood vessel,-160,-176,2,6
11894,160_177,Blood vessel,-160,-177,2,7
11895,160_178,Blood vessel,-160,-178,2,7
11896,160_179,Urogenital ridge,-160,-179,2,5
11897,160_180,Branchial arch,-160,-180,2,126
11898,160_181,Lung primordium,-160,-181,2,126
11899,160_182,Lung primordium,-160,-182,2,127
11900,160_183,Lung primordium,-160,-183,2,127
11901,160_184,Lung primordium,-160,-184,2,127
11902,160_185,Lung primordium,-160,-185,2,120
11903,160_186,Lung primordium,-160,-186,2,127
11904,160_187,Lung primordium,-160,-187,2,121
11905,160_188,Lung primordium,-160,-188,2,120
11906,160_189,Lung primordium,-160,-189,2,126
11907,160_190,Lung primordium,-160,-190,2,127
11908,160_191,Lung primordium,-160,-191,2,127
11909,160_192,Lung primordium,-160,-192,2,127
11910,160_193,Lung primordium,-160,-193,2,127
11911,160_194,Lung primordium,-160,-194,2,120
11912,160_195,Lung primordium,-160,-195,2,127
11913,160_196,Lung primordium,-160,-196,2,112
11914,160_197,Lung primordium,-160,-197,2,112
11915,160_198,Lung primordium,-160,-198,2,113
11916,160_199,Lung primordium,-160,-199,2,116
11917,160_200,Lung primordium,-160,-200,2,127
11918,160_201,Lung primordium,-160,-201,2,126
11919,160_202,Lung primordium,-160,-202,2,127
11920,160_203,Lung primordium,-160,-203,2,127
11921,160_204,Lung primordium,-160,-204,2,126
11922,160_205,Blood vessel,-160,-205,2,7
11923,160_206,Blood vessel,-160,-206,2,7
11924,160_207,Blood vessel,-160,-207,2,6
11925,160_208,Blood vessel,-160,-208,2,6
11926,160_209,Blood vessel,-160,-209,2,6
11927,160_210,Urogenital ridge,-160,-210,2,4
11928,160_211,Urogenital ridge,-160,-211,2,4
11929,160_212,Urogenital ridge,-160,-212,2,4
11930,160_213,Urogenital ridge,-160,-213,2,5
11931,160_214,Urogenital ridge,-160,-214,2,5
11932,160_215,Urogenital ridge,-160,-215,2,5
11933,160_216,Sclerotome,-160,-216,2,116
11934,160_217,Sclerotome,-160,-217,2,113
11935,160_218,Sclerotome,-160,-218,2,115
11936,160_219,Sclerotome,-160,-219,2,115
11937,160_220,Sclerotome,-160,-220,2,115
11938,160_221,Sclerotome,-160,-221,2,115
11939,160_222,Sclerotome,-160,-222,2,115
11940,160_223,Sclerotome,-160,-223,2,115
11941,160_224,Sclerotome,-160,-224,2,115
11942,160_225,Sclerotome,-160,-225,2,115
11943,160_226,Sclerotome,-160,-226,2,113
11944,160_227,Sclerotome,-160,-227,2,113
11945,160_228,Sclerotome,-160,-228,2,113
11946,160_229,Sclerotome,-160,-229,2,113
11947,160_230,Sclerotome,-160,-230,2,113
11948,160_231,Sclerotome,-160,-231,2,113
11949,160_232,Sclerotome,-160,-232,2,113
11950,160_233,Sclerotome,-160,-233,2,113
11951,160_234,Sclerotome,-160,-234,2,112
11952,160_235,Spinal cord,-160,-235,2,84
11953,160_236,Spinal cord,-160,-236,2,87
11954,160_237,Spinal cord,-160,-237,2,94
11955,160_238,Spinal cord,-160,-238,2,102
11956,160_239,Spinal cord,-160,-239,2,100
11957,160_240,Spinal cord,-160,-240,2,103
11958,160_241,Spinal cord,-160,-241,2,100
11959,160_242,Spinal cord,-160,-242,2,102
11960,160_243,Spinal cord,-160,-243,2,100
11961,160_244,Spinal cord,-160,-244,2,101
11962,160_245,Spinal cord,-160,-245,2,103
11963,160_246,Spinal cord,-160,-246,2,101
11964,160_247,Spinal cord,-160,-247,2,103
11965,160_248,Spinal cord,-160,-248,2,103
11966,160_249,Spinal cord,-160,-249,2,103
11967,160_250,Spinal cord,-160,-250,2,102
11968,160_251,Spinal cord,-160,-251,2,102
11969,160_252,Spinal cord,-160,-252,2,100
11970,160_253,Spinal cord,-160,-253,2,103
11971,160_254,Spinal cord,-160,-254,2,103
11972,160_255,Spinal cord,-160,-255,2,100
11973,160_256,Spinal cord,-160,-256,2,103
11974,160_257,Spinal cord,-160,-257,2,103
11975,160_258,Brain,-160,-258,2,109
11976,160_259,Spinal cord,-160,-259,2,103
11977,160_260,Spinal cord,-160,-260,2,103
11978,160_261,Spinal cord,-160,-261,2,109
11979,160_262,Spinal cord,-160,-262,2,109
11980,160_263,Brain,-160,-263,2,108
11981,160_264,Brain,-160,-264,2,108
11982,160_265,Brain,-160,-265,2,111
11983,160_266,Brain,-160,-266,2,111
11984,160_267,Brain,-160,-267,2,111
11985,160_268,Brain,-160,-268,2,111
11986,160_269,Brain,-160,-269,2,111
11987,160_270,Brain,-160,-270,2,111
11988,160_271,Brain,-160,-271,2,111
11989,160_272,Brain,-160,-272,2,111
11990,160_273,Brain,-160,-273,2,111
11991,160_274,Brain,-160,-274,2,111
11992,160_275,Brain,-160,-275,2,111
11993,160_276,Brain,-160,-276,2,111
11994,160_277,Cavity,-160,-277,2,110
11995,160_278,Cavity,-160,-278,2,110
11996,160_279,Cavity,-160,-279,2,110
11997,160_280,Cavity,-160,-280,2,110
11998,160_281,Cavity,-160,-281,2,110
11999,160_282,Cavity,-160,-282,2,110
12000,160_283,Cavity,-160,-283,2,110
12001,160_284,Cavity,-160,-284,2,110
12002,160_285,Cavity,-160,-285,2,110
12003,160_286,Cavity,-160,-286,2,114
12004,160_287,Cavity,-160,-287,2,117
12005,160_288,Cavity,-160,-288,2,115
12006,160_289,Cavity,-160,-289,2,115
12007,160_290,Cavity,-160,-290,2,117
12008,160_291,Cavity,-160,-291,2,115
12009,160_292,Cavity,-160,-292,2,117
12010,160_293,Cavity,-160,-293,2,117
12011,160_294,Cavity,-160,-294,2,115
12012,160_295,Brain,-160,-295,2,111
12013,160_296,Brain,-160,-296,2,111
12014,160_297,Brain,-160,-297,2,111
12015,160_298,Brain,-160,-298,2,111
12016,160_299,Brain,-160,-299,2,111
12017,160_300,Brain,-160,-300,2,111
12018,160_301,Brain,-160,-301,2,108
12019,160_302,Brain,-160,-302,2,108
12020,160_303,Brain,-160,-303,2,108
12021,160_304,Brain,-160,-304,2,108
12022,160_305,Brain,-160,-305,2,111
12023,160_306,Brain,-160,-306,2,111
12024,160_307,Brain,-160,-307,2,111
12025,160_308,Brain,-160,-308,2,111
12026,160_309,Brain,-160,-309,2,111
12027,160_310,Brain,-160,-310,2,111
12028,160_311,Head mesenchyme,-160,-311,2,118
12029,160_312,Head mesenchyme,-160,-312,2,116
12030,160_313,Head mesenchyme,-160,-313,2,116
12031,160_314,Head mesenchyme,-160,-314,2,118
12032,160_315,Surface ectoderm,-160,-315,2,20
12033,160_316,Surface ectoderm,-160,-316,2,20
12034,160_317,Cavity,-160,-317,2,30
12035,160_318,Cavity,-160,-318,2,31
12036,160_319,Cavity,-160,-319,2,25
12037,161_132,Cavity,-161,-132,2,24
12038,161_133,Cavity,-161,-133,2,28
12039,161_134,Surface ectoderm,-161,-134,2,28
12040,161_135,Surface ectoderm,-161,-135,2,23
12041,161_136,Surface ectoderm,-161,-136,2,22
12042,161_137,Surface ectoderm,-161,-137,2,21
12043,161_138,Spinal cord,-161,-138,2,100
12044,161_139,Spinal cord,-161,-139,2,100
12045,161_140,Spinal cord,-161,-140,2,102
12046,161_141,Spinal cord,-161,-141,2,102
12047,161_142,Spinal cord,-161,-142,2,100
12048,161_143,Spinal cord,-161,-143,2,100
12049,161_144,Spinal cord,-161,-144,2,101
12050,161_145,Spinal cord,-161,-145,2,101
12051,161_146,Spinal cord,-161,-146,2,100
12052,161_147,Spinal cord,-161,-147,2,103
12053,161_148,Spinal cord,-161,-148,2,100
12054,161_149,Spinal cord,-161,-149,2,103
12055,161_150,Spinal cord,-161,-150,2,94
12056,161_151,Spinal cord,-161,-151,2,89
12057,161_152,Spinal cord,-161,-152,2,93
12058,161_153,Spinal cord,-161,-153,2,91
12059,161_154,Spinal cord,-161,-154,2,82
12060,161_155,Spinal cord,-161,-155,2,85
12061,161_156,Spinal cord,-161,-156,2,83
12062,161_157,Spinal cord,-161,-157,2,83
12063,161_158,Spinal cord,-161,-158,2,81
12064,161_159,Spinal cord,-161,-159,2,83
12065,161_160,Spinal cord,-161,-160,2,81
12066,161_161,Spinal cord,-161,-161,2,85
12067,161_162,Sclerotome,-161,-162,2,116
12068,161_163,Sclerotome,-161,-163,2,112
12069,161_164,Sclerotome,-161,-164,2,113
12070,161_165,Sclerotome,-161,-165,2,115
12071,161_166,Sclerotome,-161,-166,2,113
12072,161_167,Sclerotome,-161,-167,2,112
12073,161_168,Sclerotome,-161,-168,2,113
12074,161_169,Sclerotome,-161,-169,2,112
12075,161_170,Sclerotome,-161,-170,2,126
12076,161_171,Urogenital ridge,-161,-171,2,126
12077,161_172,Sclerotome,-161,-172,2,5
12078,161_173,Sclerotome,-161,-173,2,112
12079,161_174,Urogenital ridge,-161,-174,2,5
12080,161_175,Blood vessel,-161,-175,2,6
12081,161_176,Blood vessel,-161,-176,2,6
12082,161_177,Urogenital ridge,-161,-177,2,5
12083,161_178,Sclerotome,-161,-178,2,118
12084,161_179,Lung primordium,-161,-179,2,126
12085,161_180,Lung primordium,-161,-180,2,126
12086,161_181,Lung primordium,-161,-181,2,127
12087,161_182,Lung primordium,-161,-182,2,127
12088,161_183,Lung primordium,-161,-183,2,120
12089,161_184,Lung primordium,-161,-184,2,121
12090,161_185,Lung primordium,-161,-185,2,120
12091,161_186,Lung primordium,-161,-186,2,127
12092,161_187,Lung primordium,-161,-187,2,120
12093,161_188,Lung primordium,-161,-188,2,127
12094,161_189,Lung primordium,-161,-189,2,120
12095,161_190,Lung primordium,-161,-190,2,127
12096,161_191,Lung primordium,-161,-191,2,124
12097,161_192,Lung primordium,-161,-192,2,127
12098,161_193,Lung primordium,-161,-193,2,127
12099,161_194,Lung primordium,-161,-194,2,127
12100,161_195,Lung primordium,-161,-195,2,127
12101,161_196,Lung primordium,-161,-196,2,127
12102,161_197,Lung primordium,-161,-197,2,127
12103,161_198,Lung primordium,-161,-198,2,127
12104,161_199,Lung primordium,-161,-199,2,127
12105,161_200,Lung primordium,-161,-200,2,127
12106,161_201,Lung primordium,-161,-201,2,127
12107,161_202,Lung primordium,-161,-202,2,127
12108,161_203,Lung primordium,-161,-203,2,127
12109,161_204,Lung primordium,-161,-204,2,127
12110,161_205,Urogenital ridge,-161,-205,2,5
12111,161_206,Blood vessel,-161,-206,2,7
12112,161_207,Blood vessel,-161,-207,2,7
12113,161_208,Urogenital ridge,-161,-208,2,4
12114,161_209,Urogenital ridge,-161,-209,2,121
12115,161_210,Branchial arch,-161,-210,2,124
12116,161_211,Lung primordium,-161,-211,2,127
12117,161_212,Branchial arch,-161,-212,2,121
12118,161_213,Urogenital ridge,-161,-213,2,5
12119,161_214,Urogenital ridge,-161,-214,2,7
12120,161_215,Urogenital ridge,-161,-215,2,5
12121,161_216,Urogenital ridge,-161,-216,2,4
12122,161_217,Blood vessel,-161,-217,2,7
12123,161_218,Urogenital ridge,-161,-218,2,5
12124,161_219,Sclerotome,-161,-219,2,115
12125,161_220,Sclerotome,-161,-220,2,115
12126,161_221,Sclerotome,-161,-221,2,115
12127,161_222,Sclerotome,-161,-222,2,115
12128,161_223,Sclerotome,-161,-223,2,115
12129,161_224,Sclerotome,-161,-224,2,115
12130,161_225,Sclerotome,-161,-225,2,115
12131,161_226,Sclerotome,-161,-226,2,115
12132,161_227,Sclerotome,-161,-227,2,113
12133,161_228,Sclerotome,-161,-228,2,113
12134,161_229,Sclerotome,-161,-229,2,115
12135,161_230,Sclerotome,-161,-230,2,115
12136,161_231,Sclerotome,-161,-231,2,113
12137,161_232,Sclerotome,-161,-232,2,117
12138,161_233,Sclerotome,-161,-233,2,113
12139,161_234,Sclerotome,-161,-234,2,113
12140,161_235,Spinal cord,-161,-235,2,84
12141,161_236,Spinal cord,-161,-236,2,87
12142,161_237,Spinal cord,-161,-237,2,100
12143,161_238,Spinal cord,-161,-238,2,99
12144,161_239,Spinal cord,-161,-239,2,89
12145,161_240,Spinal cord,-161,-240,2,103
12146,161_241,Spinal cord,-161,-241,2,94
12147,161_242,Spinal cord,-161,-242,2,103
12148,161_243,Spinal cord,-161,-243,2,100
12149,161_244,Spinal cord,-161,-244,2,100
12150,161_245,Spinal cord,-161,-245,2,101
12151,161_246,Spinal cord,-161,-246,2,101
12152,161_247,Spinal cord,-161,-247,2,103
12153,161_248,Spinal cord,-161,-248,2,103
12154,161_249,Spinal cord,-161,-249,2,100
12155,161_250,Spinal cord,-161,-250,2,103
12156,161_251,Spinal cord,-161,-251,2,103
12157,161_252,Spinal cord,-161,-252,2,100
12158,161_253,Spinal cord,-161,-253,2,100
12159,161_254,Spinal cord,-161,-254,2,102
12160,161_255,Spinal cord,-161,-255,2,102
12161,161_256,Spinal cord,-161,-256,2,102
12162,161_257,Spinal cord,-161,-257,2,103
12163,161_258,Brain,-161,-258,2,102
12164,161_259,Spinal cord,-161,-259,2,100
12165,161_260,Spinal cord,-161,-260,2,100
12166,161_261,Spinal cord,-161,-261,2,101
12167,161_262,Spinal cord,-161,-262,2,98
12168,161_263,Brain,-161,-263,2,108
12169,161_264,Brain,-161,-264,2,108
12170,161_265,Brain,-161,-265,2,111
12171,161_266,Brain,-161,-266,2,111
12172,161_267,Brain,-161,-267,2,111
12173,161_268,Brain,-161,-268,2,110
12174,161_269,Brain,-161,-269,2,111
12175,161_270,Brain,-161,-270,2,111
12176,161_271,Brain,-161,-271,2,111
12177,161_272,Brain,-161,-272,2,111
12178,161_273,Cavity,-161,-273,2,110
12179,161_274,Cavity,-161,-274,2,110
12180,161_275,Cavity,-161,-275,2,110
12181,161_276,Cavity,-161,-276,2,110
12182,161_277,Cavity,-161,-277,2,110
12183,161_278,Cavity,-161,-278,2,110
12184,161_279,Cavity,-161,-279,2,110
12185,161_280,Cavity,-161,-280,2,110
12186,161_281,Cavity,-161,-281,2,110
12187,161_282,Cavity,-161,-282,2,104
12188,161_283,Cavity,-161,-283,2,111
12189,161_284,Cavity,-161,-284,2,114
12190,161_285,Cavity,-161,-285,2,105
12191,161_286,Sclerotome,-161,-286,2,115
12192,161_287,Cavity,-161,-287,2,115
12193,161_288,Cavity,-161,-288,2,117
12194,161_289,Cavity,-161,-289,2,117
12195,161_290,Cavity,-161,-290,2,117
12196,161_291,Cavity,-161,-291,2,117
12197,161_292,Cavity,-161,-292,2,117
12198,161_293,Cavity,-161,-293,2,115
12199,161_294,Cavity,-161,-294,2,115
12200,161_295,Cavity,-161,-295,2,111
12201,161_296,Brain,-161,-296,2,111
12202,161_297,Brain,-161,-297,2,110
12203,161_298,Brain,-161,-298,2,111
12204,161_299,Brain,-161,-299,2,111
12205,161_300,Brain,-161,-300,2,111
12206,161_301,Brain,-161,-301,2,96
12207,161_302,Brain,-161,-302,2,96
12208,161_303,Brain,-161,-303,2,108
12209,161_304,Brain,-161,-304,2,96
12210,161_305,Brain,-161,-305,2,111
12211,161_306,Brain,-161,-306,2,111
12212,161_307,Brain,-161,-307,2,111
12213,161_308,Brain,-161,-308,2,111
12214,161_309,Brain,-161,-309,2,111
12215,161_310,Brain,-161,-310,2,117
12216,161_311,Head mesenchyme,-161,-311,2,116
12217,161_312,Head mesenchyme,-161,-312,2,118
12218,161_313,Head mesenchyme,-161,-313,2,116
12219,161_314,Head mesenchyme,-161,-314,2,118
12220,161_315,Surface ectoderm,-161,-315,2,23
12221,161_316,Surface ectoderm,-161,-316,2,23
12222,161_317,Cavity,-161,-317,2,20
12223,161_318,Cavity,-161,-318,2,28
12224,161_319,Cavity,-161,-319,2,29
12225,161_320,Cavity,-161,-320,2,27
12226,162_131,Cavity,-162,-131,2,26
12227,162_132,Cavity,-162,-132,2,28
12228,162_133,Cavity,-162,-133,2,28
12229,162_134,Cavity,-162,-134,2,28
12230,162_135,Surface ectoderm,-162,-135,2,23
12231,162_136,Surface ectoderm,-162,-136,2,22
12232,162_137,Surface ectoderm,-162,-137,2,100
12233,162_138,Spinal cord,-162,-138,2,103
12234,162_139,Spinal cord,-162,-139,2,94
12235,162_140,Spinal cord,-162,-140,2,103
12236,162_141,Spinal cord,-162,-141,2,100
12237,162_142,Spinal cord,-162,-142,2,100
12238,162_143,Spinal cord,-162,-143,2,101
12239,162_144,Spinal cord,-162,-144,2,100
12240,162_145,Spinal cord,-162,-145,2,100
12241,162_146,Spinal cord,-162,-146,2,101
12242,162_147,Spinal cord,-162,-147,2,100
12243,162_148,Spinal cord,-162,-148,2,94
12244,162_149,Spinal cord,-162,-149,2,100
12245,162_150,Spinal cord,-162,-150,2,91
12246,162_151,Spinal cord,-162,-151,2,89
12247,162_152,Spinal cord,-162,-152,2,91
12248,162_153,Spinal cord,-162,-153,2,86
12249,162_154,Spinal cord,-162,-154,2,80
12250,162_155,Spinal cord,-162,-155,2,83
12251,162_156,Spinal cord,-162,-156,2,83
12252,162_157,Spinal cord,-162,-157,2,82
12253,162_158,Spinal cord,-162,-158,2,80
12254,162_159,Spinal cord,-162,-159,2,81
12255,162_160,Spinal cord,-162,-160,2,84
12256,162_161,Sclerotome,-162,-161,2,113
12257,162_162,Sclerotome,-162,-162,2,113
12258,162_163,Sclerotome,-162,-163,2,115
12259,162_164,Sclerotome,-162,-164,2,115
12260,162_165,Sclerotome,-162,-165,2,115
12261,162_166,Sclerotome,-162,-166,2,115
12262,162_167,Sclerotome,-162,-167,2,112
12263,162_168,Sclerotome,-162,-168,2,126
12264,162_169,Sclerotome,-162,-169,2,125
12265,162_170,Sclerotome,-162,-170,2,126
12266,162_171,Sclerotome,-162,-171,2,126
12267,162_172,Urogenital ridge,-162,-172,2,5
12268,162_173,Urogenital ridge,-162,-173,2,5
12269,162_174,Blood vessel,-162,-174,2,6
12270,162_175,Blood vessel,-162,-175,2,7
12271,162_176,Urogenital ridge,-162,-176,2,5
12272,162_177,Lung primordium,-162,-177,2,126
12273,162_178,Lung primordium,-162,-178,2,120
12274,162_179,Lung primordium,-162,-179,2,112
12275,162_180,Lung primordium,-162,-180,2,127
12276,162_181,Lung primordium,-162,-181,2,127
12277,162_182,Lung primordium,-162,-182,2,127
12278,162_183,Lung primordium,-162,-183,2,126
12279,162_184,Lung primordium,-162,-184,2,120
12280,162_185,Lung primordium,-162,-185,2,120
12281,162_186,Lung primordium,-162,-186,2,121
12282,162_187,Lung primordium,-162,-187,2,120
12283,162_188,Lung primordium,-162,-188,2,23
12284,162_189,Lung primordium,-162,-189,2,121
12285,162_190,Lung primordium,-162,-190,2,120
12286,162_191,Lung primordium,-162,-191,2,98
12287,162_192,Lung primordium,-162,-192,2,127
12288,162_193,Lung primordium,-162,-193,2,127
12289,162_194,Lung primordium,-162,-194,2,120
12290,162_195,Lung primordium,-162,-195,2,125
12291,162_196,Lung primordium,-162,-196,2,121
12292,162_197,Lung primordium,-162,-197,2,127
12293,162_198,Lung primordium,-162,-198,2,98
12294,162_199,Lung primordium,-162,-199,2,127
12295,162_200,Lung primordium,-162,-200,2,127
12296,162_201,Lung primordium,-162,-201,2,127
12297,162_202,Lung primordium,-162,-202,2,127
12298,162_203,Lung primordium,-162,-203,2,127
12299,162_204,Lung primordium,-162,-204,2,121
12300,162_205,Connective tissue,-162,-205,2,118
12301,162_206,Urogenital ridge,-162,-206,2,5
12302,162_207,Urogenital ridge,-162,-207,2,5
12303,162_208,Urogenital ridge,-162,-208,2,121
12304,162_209,Lung primordium,-162,-209,2,124
12305,162_210,Lung primordium,-162,-210,2,127
12306,162_211,Lung primordium,-162,-211,2,127
12307,162_212,Branchial arch,-162,-212,2,125
12308,162_213,Urogenital ridge,-162,-213,2,5
12309,162_214,Urogenital ridge,-162,-214,2,4
12310,162_215,Blood vessel,-162,-215,2,7
12311,162_216,Urogenital ridge,-162,-216,2,5
12312,162_217,Urogenital ridge,-162,-217,2,5
12313,162_218,Urogenital ridge,-162,-218,2,18
12314,162_219,Urogenital ridge,-162,-219,2,5
12315,162_220,Urogenital ridge,-162,-220,2,116
12316,162_221,Connective tissue,-162,-221,2,113
12317,162_222,Connective tissue,-162,-222,2,117
12318,162_223,Sclerotome,-162,-223,2,115
12319,162_224,Sclerotome,-162,-224,2,113
12320,162_225,Sclerotome,-162,-225,2,113
12321,162_226,Sclerotome,-162,-226,2,115
12322,162_227,Sclerotome,-162,-227,2,115
12323,162_228,Sclerotome,-162,-228,2,115
12324,162_229,Sclerotome,-162,-229,2,115
12325,162_230,Sclerotome,-162,-230,2,112
12326,162_231,Sclerotome,-162,-231,2,113
12327,162_232,Sclerotome,-162,-232,2,112
12328,162_233,Sclerotome,-162,-233,2,112
12329,162_234,Spinal cord,-162,-234,2,84
12330,162_235,Spinal cord,-162,-235,2,84
12331,162_236,Spinal cord,-162,-236,2,102
12332,162_237,Spinal cord,-162,-237,2,103
12333,162_238,Spinal cord,-162,-238,2,103
12334,162_239,Spinal cord,-162,-239,2,92
12335,162_240,Spinal cord,-162,-240,2,109
12336,162_241,Spinal cord,-162,-241,2,100
12337,162_242,Spinal cord,-162,-242,2,103
12338,162_243,Spinal cord,-162,-243,2,103
12339,162_244,Spinal cord,-162,-244,2,103
12340,162_245,Spinal cord,-162,-245,2,103
12341,162_246,Spinal cord,-162,-246,2,103
12342,162_247,Spinal cord,-162,-247,2,103
12343,162_248,Spinal cord,-162,-248,2,103
12344,162_249,Spinal cord,-162,-249,2,102
12345,162_250,Spinal cord,-162,-250,2,100
12346,162_251,Spinal cord,-162,-251,2,103
12347,162_252,Spinal cord,-162,-252,2,103
12348,162_253,Spinal cord,-162,-253,2,100
12349,162_254,Spinal cord,-162,-254,2,100
12350,162_255,Spinal cord,-162,-255,2,100
12351,162_256,Spinal cord,-162,-256,2,101
12352,162_257,Spinal cord,-162,-257,2,100
12353,162_258,Spinal cord,-162,-258,2,101
12354,162_259,Spinal cord,-162,-259,2,101
12355,162_260,Spinal cord,-162,-260,2,103
12356,162_261,Spinal cord,-162,-261,2,100
12357,162_262,Spinal cord,-162,-262,2,101
12358,162_263,Brain,-162,-263,2,102
12359,162_264,Brain,-162,-264,2,108
12360,162_265,Brain,-162,-265,2,111
12361,162_266,Brain,-162,-266,2,111
12362,162_267,Brain,-162,-267,2,110
12363,162_268,Brain,-162,-268,2,110
12364,162_269,Brain,-162,-269,2,111
12365,162_270,Brain,-162,-270,2,111
12366,162_271,Brain,-162,-271,2,111
12367,162_272,Cavity,-162,-272,2,110
12368,162_273,Brain,-162,-273,2,110
12369,162_274,Brain,-162,-274,2,111
12370,162_275,Brain,-162,-275,2,111
12371,162_276,Brain,-162,-276,2,111
12372,162_277,Cavity,-162,-277,2,110
12373,162_278,Cavity,-162,-278,2,110
12374,162_279,Cavity,-162,-279,2,110
12375,162_280,Cavity,-162,-280,2,110
12376,162_281,Cavity,-162,-281,2,117
12377,162_282,Cavity,-162,-282,2,115
12378,162_283,Cavity,-162,-283,2,115
12379,162_284,Cavity,-162,-284,2,117
12380,162_285,Cavity,-162,-285,2,7
12381,162_286,Cavity,-162,-286,2,117
12382,162_287,Cavity,-162,-287,2,117
12383,162_288,Cavity,-162,-288,2,117
12384,162_289,Cavity,-162,-289,2,117
12385,162_290,Cavity,-162,-290,2,117
12386,162_291,Head mesenchyme,-162,-291,2,116
12387,162_292,Cavity,-162,-292,2,117
12388,162_293,Cavity,-162,-293,2,117
12389,162_294,Head mesenchyme,-162,-294,2,117
12390,162_295,Cavity,-162,-295,2,111
12391,162_296,Brain,-162,-296,2,111
12392,162_297,Brain,-162,-297,2,111
12393,162_298,Brain,-162,-298,2,111
12394,162_299,Brain,-162,-299,2,111
12395,162_300,Brain,-162,-300,2,108
12396,162_301,Brain,-162,-301,2,108
12397,162_302,Brain,-162,-302,2,108
12398,162_303,Brain,-162,-303,2,96
12399,162_304,Brain,-162,-304,2,111
12400,162_305,Brain,-162,-305,2,96
12401,162_306,Head mesenchyme,-162,-306,2,108
12402,162_307,Brain,-162,-307,2,118
12403,162_308,Head mesenchyme,-162,-308,2,118
12404,162_309,Brain,-162,-309,2,111
12405,162_310,Head mesenchyme,-162,-310,2,117
12406,162_311,Head mesenchyme,-162,-311,2,118
12407,162_312,Head mesenchyme,-162,-312,2,125
12408,162_313,Head mesenchyme,-162,-313,2,116
12409,162_314,Head mesenchyme,-162,-314,2,116
12410,162_315,Surface ectoderm,-162,-315,2,23
12411,162_316,Surface ectoderm,-162,-316,2,23
12412,162_317,Surface ectoderm,-162,-317,2,23
12413,162_318,Cavity,-162,-318,2,29
12414,162_319,Cavity,-162,-319,2,31
12415,162_320,Cavity,-162,-320,2,26
12416,163_130,Cavity,-163,-130,2,27
12417,163_131,Cavity,-163,-131,2,28
12418,163_132,Cavity,-163,-132,2,28
12419,163_133,Cavity,-163,-133,2,28
12420,163_134,Surface ectoderm,-163,-134,2,23
12421,163_135,Surface ectoderm,-163,-135,2,22
12422,163_136,Surface ectoderm,-163,-136,2,22
12423,163_137,Spinal cord,-163,-137,2,102
12424,163_138,Spinal cord,-163,-138,2,103
12425,163_139,Spinal cord,-163,-139,2,102
12426,163_140,Spinal cord,-163,-140,2,102
12427,163_141,Spinal cord,-163,-141,2,100
12428,163_142,Spinal cord,-163,-142,2,100
12429,163_143,Spinal cord,-163,-143,2,100
12430,163_144,Spinal cord,-163,-144,2,103
12431,163_145,Spinal cord,-163,-145,2,100
12432,163_146,Spinal cord,-163,-146,2,100
12433,163_147,Spinal cord,-163,-147,2,103
12434,163_148,Spinal cord,-163,-148,2,100
12435,163_149,Spinal cord,-163,-149,2,94
12436,163_150,Spinal cord,-163,-150,2,94
12437,163_151,Spinal cord,-163,-151,2,120
12438,163_152,Spinal cord,-163,-152,2,85
12439,163_153,Spinal cord,-163,-153,2,83
12440,163_154,Spinal cord,-163,-154,2,80
12441,163_155,Spinal cord,-163,-155,2,83
12442,163_156,Spinal cord,-163,-156,2,80
12443,163_157,Spinal cord,-163,-157,2,81
12444,163_158,Spinal cord,-163,-158,2,84
12445,163_159,Spinal cord,-163,-159,2,95
12446,163_160,Sclerotome,-163,-160,2,118
12447,163_161,Sclerotome,-163,-161,2,113
12448,163_162,Sclerotome,-163,-162,2,115
12449,163_163,Sclerotome,-163,-163,2,115
12450,163_164,Sclerotome,-163,-164,2,115
12451,163_165,Sclerotome,-163,-165,2,113
12452,163_166,Sclerotome,-163,-166,2,113
12453,163_167,Sclerotome,-163,-167,2,112
12454,163_168,Sclerotome,-163,-168,2,113
12455,163_169,Branchial arch,-163,-169,2,127
12456,163_170,Urogenital ridge,-163,-170,2,5
12457,163_171,Blood vessel,-163,-171,2,7
12458,163_172,Blood vessel,-163,-172,2,6
12459,163_173,Blood vessel,-163,-173,2,6
12460,163_174,Urogenital ridge,-163,-174,2,4
12461,163_175,Sclerotome,-163,-175,2,126
12462,163_176,Lung primordium,-163,-176,2,127
12463,163_177,Lung primordium,-163,-177,2,126
12464,163_178,Sclerotome,-163,-178,2,113
12465,163_179,Lung primordium,-163,-179,2,112
12466,163_180,Lung primordium,-163,-180,2,127
12467,163_181,Lung primordium,-163,-181,2,120
12468,163_182,Lung primordium,-163,-182,2,120
12469,163_183,Lung primordium,-163,-183,2,127
12470,163_184,Lung primordium,-163,-184,2,120
12471,163_185,Lung primordium,-163,-185,2,121
12472,163_186,Lung primordium,-163,-186,2,120
12473,163_187,Lung primordium,-163,-187,2,127
12474,163_188,Lung primordium,-163,-188,2,127
12475,163_189,Lung primordium,-163,-189,2,123
12476,163_190,Lung primordium,-163,-190,2,123
12477,163_191,Lung primordium,-163,-191,2,100
12478,163_192,Lung primordium,-163,-192,2,120
12479,163_193,Lung primordium,-163,-193,2,120
12480,163_194,Lung primordium,-163,-194,2,127
12481,163_195,Lung primordium,-163,-195,2,127
12482,163_196,Lung primordium,-163,-196,2,127
12483,163_197,Lung primordium,-163,-197,2,121
12484,163_198,Lung primordium,-163,-198,2,127
12485,163_199,Lung primordium,-163,-199,2,127
12486,163_200,Lung primordium,-163,-200,2,120
12487,163_201,Lung primordium,-163,-201,2,120
12488,163_202,Lung primordium,-163,-202,2,127
12489,163_203,Lung primordium,-163,-203,2,120
12490,163_204,Lung primordium,-163,-204,2,127
12491,163_205,Lung primordium,-163,-205,2,127
12492,163_206,Connective tissue,-163,-206,2,125
12493,163_207,Connective tissue,-163,-207,2,125
12494,163_208,Branchial arch,-163,-208,2,126
12495,163_209,Lung primordium,-163,-209,2,124
12496,163_210,Lung primordium,-163,-210,2,127
12497,163_211,Lung primordium,-163,-211,2,127
12498,163_212,Branchial arch,-163,-212,2,126
12499,163_213,Urogenital ridge,-163,-213,2,5
12500,163_214,Blood vessel,-163,-214,2,7
12501,163_215,Urogenital ridge,-163,-215,2,5
12502,163_216,Urogenital ridge,-163,-216,2,116
12503,163_217,Urogenital ridge,-163,-217,2,127
12504,163_218,Urogenital ridge,-163,-218,2,5
12505,163_219,Urogenital ridge,-163,-219,2,4
12506,163_220,Urogenital ridge,-163,-220,2,5
12507,163_221,Cavity,-163,-221,2,23
12508,163_222,Connective tissue,-163,-222,2,28
12509,163_223,Cavity,-163,-223,2,113
12510,163_224,Sclerotome,-163,-224,2,113
12511,163_225,Sclerotome,-163,-225,2,113
12512,163_226,Sclerotome,-163,-226,2,113
12513,163_227,Sclerotome,-163,-227,2,113
12514,163_228,Sclerotome,-163,-228,2,115
12515,163_229,Sclerotome,-163,-229,2,115
12516,163_230,Sclerotome,-163,-230,2,115
12517,163_231,Sclerotome,-163,-231,2,112
12518,163_232,Sclerotome,-163,-232,2,112
12519,163_233,Sclerotome,-163,-233,2,112
12520,163_234,Spinal cord,-163,-234,2,85
12521,163_235,Spinal cord,-163,-235,2,102
12522,163_236,Spinal cord,-163,-236,2,93
12523,163_237,Spinal cord,-163,-237,2,102
12524,163_238,Spinal cord,-163,-238,2,95
12525,163_239,Spinal cord,-163,-239,2,88
12526,163_240,Spinal cord,-163,-240,2,103
12527,163_241,Spinal cord,-163,-241,2,89
12528,163_242,Spinal cord,-163,-242,2,103
12529,163_243,Spinal cord,-163,-243,2,109
12530,163_244,Spinal cord,-163,-244,2,101
12531,163_245,Spinal cord,-163,-245,2,102
12532,163_246,Spinal cord,-163,-246,2,102
12533,163_247,Spinal cord,-163,-247,2,98
12534,163_248,Spinal cord,-163,-248,2,102
12535,163_249,Spinal cord,-163,-249,2,102
12536,163_250,Spinal cord,-163,-250,2,103
12537,163_251,Spinal cord,-163,-251,2,100
12538,163_252,Spinal cord,-163,-252,2,100
12539,163_253,Spinal cord,-163,-253,2,100
12540,163_254,Spinal cord,-163,-254,2,101
12541,163_255,Spinal cord,-163,-255,2,100
12542,163_256,Spinal cord,-163,-256,2,103
12543,163_257,Spinal cord,-163,-257,2,100
12544,163_258,Spinal cord,-163,-258,2,100
12545,163_259,Spinal cord,-163,-259,2,103
12546,163_260,Spinal cord,-163,-260,2,100
12547,163_261,Spinal cord,-163,-261,2,100
12548,163_262,Spinal cord,-163,-262,2,102
12549,163_263,Spinal cord,-163,-263,2,102
12550,163_264,Brain,-163,-264,2,108
12551,163_265,Brain,-163,-265,2,111
12552,163_266,Brain,-163,-266,2,111
12553,163_267,Brain,-163,-267,2,110
12554,163_268,Brain,-163,-268,2,110
12555,163_269,Brain,-163,-269,2,111
12556,163_270,Brain,-163,-270,2,110
12557,163_271,Brain,-163,-271,2,110
12558,163_272,Brain,-163,-272,2,111
12559,163_273,Brain,-163,-273,2,111
12560,163_274,Brain,-163,-274,2,111
12561,163_275,Brain,-163,-275,2,111
12562,163_276,Brain,-163,-276,2,111
12563,163_277,Brain,-163,-277,2,110
12564,163_278,Cavity,-163,-278,2,110
12565,163_279,Cavity,-163,-279,2,110
12566,163_280,Cavity,-163,-280,2,110
12567,163_281,Cavity,-163,-281,2,115
12568,163_282,Cavity,-163,-282,2,117
12569,163_283,Cavity,-163,-283,2,107
12570,163_284,Blood vessel,-163,-284,2,7
12571,163_285,Blood vessel,-163,-285,2,7
12572,163_286,Cavity,-163,-286,2,107
12573,163_287,Cavity,-163,-287,2,117
12574,163_288,Cavity,-163,-288,2,115
12575,163_289,Cavity,-163,-289,2,115
12576,163_290,Cavity,-163,-290,2,117
12577,163_291,Cavity,-163,-291,2,117
12578,163_292,Cavity,-163,-292,2,115
12579,163_293,Cavity,-163,-293,2,117
12580,163_294,Cavity,-163,-294,2,115
12581,163_295,Cavity,-163,-295,2,111
12582,163_296,Brain,-163,-296,2,111
12583,163_297,Brain,-163,-297,2,111
12584,163_298,Brain,-163,-298,2,111
12585,163_299,Brain,-163,-299,2,111
12586,163_300,Brain,-163,-300,2,108
12587,163_301,Brain,-163,-301,2,108
12588,163_302,Brain,-163,-302,2,108
12589,163_303,Brain,-163,-303,2,98
12590,163_304,Brain,-163,-304,2,97
12591,163_305,Cavity,-163,-305,2,96
12592,163_306,Head mesenchyme,-163,-306,2,116
12593,163_307,Head mesenchyme,-163,-307,2,118
12594,163_308,Head mesenchyme,-163,-308,2,118
12595,163_309,Head mesenchyme,-163,-309,2,118
12596,163_310,Head mesenchyme,-163,-310,2,116
12597,163_311,Head mesenchyme,-163,-311,2,118
12598,163_312,Head mesenchyme,-163,-312,2,118
12599,163_313,Head mesenchyme,-163,-313,2,118
12600,163_314,Head mesenchyme,-163,-314,2,118
12601,163_315,Head mesenchyme,-163,-315,2,118
12602,163_316,Surface ectoderm,-163,-316,2,23
12603,163_317,Connective tissue,-163,-317,2,18
12604,163_318,Cavity,-163,-318,2,30
12605,163_319,Cavity,-163,-319,2,31
12606,163_320,Cavity,-163,-320,2,25
12607,164_130,Cavity,-164,-130,2,24
12608,164_131,Cavity,-164,-131,2,28
12609,164_132,Cavity,-164,-132,2,28
12610,164_133,Cavity,-164,-133,2,28
12611,164_134,Surface ectoderm,-164,-134,2,22
12612,164_135,Surface ectoderm,-164,-135,2,22
12613,164_136,Surface ectoderm,-164,-136,2,89
12614,164_137,Spinal cord,-164,-137,2,103
12615,164_138,Spinal cord,-164,-138,2,103
12616,164_139,Spinal cord,-164,-139,2,103
12617,164_140,Spinal cord,-164,-140,2,100
12618,164_141,Spinal cord,-164,-141,2,100
12619,164_142,Spinal cord,-164,-142,2,100
12620,164_143,Spinal cord,-164,-143,2,100
12621,164_144,Spinal cord,-164,-144,2,101
12622,164_145,Spinal cord,-164,-145,2,100
12623,164_146,Spinal cord,-164,-146,2,100
12624,164_147,Spinal cord,-164,-147,2,99
12625,164_148,Spinal cord,-164,-148,2,88
12626,164_149,Spinal cord,-164,-149,2,89
12627,164_150,Spinal cord,-164,-150,2,89
12628,164_151,Spinal cord,-164,-151,2,90
12629,164_152,Spinal cord,-164,-152,2,81
12630,164_153,Spinal cord,-164,-153,2,80
12631,164_154,Spinal cord,-164,-154,2,83
12632,164_155,Spinal cord,-164,-155,2,80
12633,164_156,Spinal cord,-164,-156,2,80
12634,164_157,Spinal cord,-164,-157,2,80
12635,164_158,Spinal cord,-164,-158,2,86
12636,164_159,Sclerotome,-164,-159,2,116
12637,164_160,Sclerotome,-164,-160,2,112
12638,164_161,Sclerotome,-164,-161,2,115
12639,164_162,Sclerotome,-164,-162,2,115
12640,164_163,Sclerotome,-164,-163,2,115
12641,164_164,Sclerotome,-164,-164,2,113
12642,164_165,Sclerotome,-164,-165,2,126
12643,164_166,Sclerotome,-164,-166,2,112
12644,164_167,Sclerotome,-164,-167,2,126
12645,164_168,Sclerotome,-164,-168,2,126
12646,164_169,Urogenital ridge,-164,-169,2,5
12647,164_170,Blood vessel,-164,-170,2,7
12648,164_171,Blood vessel,-164,-171,2,6
12649,164_172,Urogenital ridge,-164,-172,2,4
12650,164_173,Urogenital ridge,-164,-173,2,5
12651,164_174,Sclerotome,-164,-174,2,112
12652,164_175,Lung primordium,-164,-175,2,112
12653,164_176,Lung primordium,-164,-176,2,127
12654,164_177,Lung primordium,-164,-177,2,127
12655,164_178,Lung primordium,-164,-178,2,127
12656,164_179,Lung primordium,-164,-179,2,121
12657,164_180,Lung primordium,-164,-180,2,124
12658,164_181,Lung primordium,-164,-181,2,120
12659,164_182,Lung primordium,-164,-182,2,121
12660,164_183,Lung primordium,-164,-183,2,120
12661,164_184,Lung primordium,-164,-184,2,120
12662,164_185,Lung primordium,-164,-185,2,120
12663,164_186,Lung primordium,-164,-186,2,127
12664,164_187,Lung primordium,-164,-187,2,121
12665,164_188,Lung primordium,-164,-188,2,121
12666,164_189,Lung primordium,-164,-189,2,120
12667,164_190,Lung primordium,-164,-190,2,122
12668,164_191,Lung primordium,-164,-191,2,121
12669,164_192,Lung primordium,-164,-192,2,101
12670,164_193,Lung primordium,-164,-193,2,120
12671,164_194,Lung primordium,-164,-194,2,120
12672,164_195,Lung primordium,-164,-195,2,127
12673,164_196,Lung primordium,-164,-196,2,127
12674,164_197,Lung primordium,-164,-197,2,112
12675,164_198,Lung primordium,-164,-198,2,127
12676,164_199,Lung primordium,-164,-199,2,127
12677,164_200,Lung primordium,-164,-200,2,120
12678,164_201,Lung primordium,-164,-201,2,127
12679,164_202,Lung primordium,-164,-202,2,127
12680,164_203,Lung primordium,-164,-203,2,127
12681,164_204,Lung primordium,-164,-204,2,120
12682,164_205,Lung primordium,-164,-205,2,120
12683,164_206,Lung primordium,-164,-206,2,125
12684,164_207,Branchial arch,-164,-207,2,121
12685,164_208,Branchial arch,-164,-208,2,121
12686,164_209,Branchial arch,-164,-209,2,121
12687,164_210,Branchial arch,-164,-210,2,124
12688,164_211,Branchial arch,-164,-211,2,127
12689,164_212,Branchial arch,-164,-212,2,127
12690,164_213,Urogenital ridge,-164,-213,2,121
12691,164_214,Urogenital ridge,-164,-214,2,125
12692,164_215,Lung primordium,-164,-215,2,126
12693,164_216,Urogenital ridge,-164,-216,2,126
12694,164_217,Urogenital ridge,-164,-217,2,5
12695,164_218,Blood vessel,-164,-218,2,7
12696,164_219,Urogenital ridge,-164,-219,2,4
12697,164_220,Connective tissue,-164,-220,2,18
12698,164_221,Connective tissue,-164,-221,2,17
12699,164_222,Cavity,-164,-222,2,28
12700,164_223,Cavity,-164,-223,2,23
12701,164_224,Sclerotome,-164,-224,2,113
12702,164_225,Sclerotome,-164,-225,2,113
12703,164_226,Sclerotome,-164,-226,2,113
12704,164_227,Sclerotome,-164,-227,2,115
12705,164_228,Sclerotome,-164,-228,2,113
12706,164_229,Sclerotome,-164,-229,2,113
12707,164_230,Sclerotome,-164,-230,2,115
12708,164_231,Sclerotome,-164,-231,2,113
12709,164_232,Sclerotome,-164,-232,2,113
12710,164_233,Sclerotome,-164,-233,2,113
12711,164_234,Spinal cord,-164,-234,2,84
12712,164_235,Spinal cord,-164,-235,2,92
12713,164_236,Spinal cord,-164,-236,2,81
12714,164_237,Spinal cord,-164,-237,2,86
12715,164_238,Spinal cord,-164,-238,2,86
12716,164_239,Spinal cord,-164,-239,2,93
12717,164_240,Spinal cord,-164,-240,2,94
12718,164_241,Spinal cord,-164,-241,2,102
12719,164_242,Spinal cord,-164,-242,2,100
12720,164_243,Spinal cord,-164,-243,2,100
12721,164_244,Spinal cord,-164,-244,2,103
12722,164_245,Spinal cord,-164,-245,2,100
12723,164_246,Spinal cord,-164,-246,2,103
12724,164_247,Spinal cord,-164,-247,2,100
12725,164_248,Spinal cord,-164,-248,2,99
12726,164_249,Spinal cord,-164,-249,2,103
12727,164_250,Spinal cord,-164,-250,2,100
12728,164_251,Spinal cord,-164,-251,2,99
12729,164_252,Spinal cord,-164,-252,2,101
12730,164_253,Spinal cord,-164,-253,2,100
12731,164_254,Spinal cord,-164,-254,2,101
12732,164_255,Spinal cord,-164,-255,2,101
12733,164_256,Brain,-164,-256,2,103
12734,164_257,Spinal cord,-164,-257,2,101
12735,164_258,Spinal cord,-164,-258,2,100
12736,164_259,Spinal cord,-164,-259,2,100
12737,164_260,Spinal cord,-164,-260,2,100
12738,164_261,Spinal cord,-164,-261,2,102
12739,164_262,Spinal cord,-164,-262,2,109
12740,164_263,Brain,-164,-263,2,108
12741,164_264,Brain,-164,-264,2,111
12742,164_265,Brain,-164,-265,2,111
12743,164_266,Brain,-164,-266,2,111
12744,164_267,Brain,-164,-267,2,108
12745,164_268,Brain,-164,-268,2,111
12746,164_269,Brain,-164,-269,2,111
12747,164_270,Brain,-164,-270,2,110
12748,164_271,Brain,-164,-271,2,111
12749,164_272,Brain,-164,-272,2,111
12750,164_273,Brain,-164,-273,2,111
12751,164_274,Brain,-164,-274,2,111
12752,164_275,Brain,-164,-275,2,111
12753,164_276,Brain,-164,-276,2,111
12754,164_277,Brain,-164,-277,2,111
12755,164_278,Cavity,-164,-278,2,111
12756,164_279,Cavity,-164,-279,2,111
12757,164_280,Cavity,-164,-280,2,111
12758,164_281,Cavity,-164,-281,2,117
12759,164_282,Cavity,-164,-282,2,104
12760,164_283,Blood vessel,-164,-283,2,5
12761,164_284,Blood vessel,-164,-284,2,5
12762,164_285,Blood vessel,-164,-285,2,7
12763,164_286,Cavity,-164,-286,2,104
12764,164_287,Head mesenchyme,-164,-287,2,116
12765,164_288,Head mesenchyme,-164,-288,2,117
12766,164_289,Head mesenchyme,-164,-289,2,117
12767,164_290,Cavity,-164,-290,2,117
12768,164_291,Head mesenchyme,-164,-291,2,117
12769,164_292,Cavity,-164,-292,2,117
12770,164_293,Cavity,-164,-293,2,104
12771,164_294,Cavity,-164,-294,2,117
12772,164_295,Cavity,-164,-295,2,111
12773,164_296,Brain,-164,-296,2,111
12774,164_297,Brain,-164,-297,2,111
12775,164_298,Brain,-164,-298,2,111
12776,164_299,Brain,-164,-299,2,111
12777,164_300,Brain,-164,-300,2,111
12778,164_301,Brain,-164,-301,2,96
12779,164_302,Brain,-164,-302,2,102
12780,164_303,Brain,-164,-303,2,99
12781,164_304,Brain,-164,-304,2,99
12782,164_305,Brain,-164,-305,2,99
12783,164_306,Brain,-164,-306,2,97
12784,164_307,Head mesenchyme,-164,-307,2,116
12785,164_308,Head mesenchyme,-164,-308,2,118
12786,164_309,Head mesenchyme,-164,-309,2,116
12787,164_310,Head mesenchyme,-164,-310,2,117
12788,164_311,Head mesenchyme,-164,-311,2,118
12789,164_312,Head mesenchyme,-164,-312,2,23
12790,164_313,Head mesenchyme,-164,-313,2,5
12791,164_314,Head mesenchyme,-164,-314,2,5
12792,164_315,Surface ectoderm,-164,-315,2,18
12793,164_316,Surface ectoderm,-164,-316,2,17
12794,164_317,Connective tissue,-164,-317,2,20
12795,164_318,Connective tissue,-164,-318,2,31
12796,164_319,Cavity,-164,-319,2,29
12797,164_320,Cavity,-164,-320,2,25
12798,165_129,Cavity,-165,-129,2,27
12799,165_130,Cavity,-165,-130,2,28
12800,165_131,Cavity,-165,-131,2,28
12801,165_132,Cavity,-165,-132,2,28
12802,165_133,Cavity,-165,-133,2,28
12803,165_134,Surface ectoderm,-165,-134,2,22
12804,165_135,Surface ectoderm,-165,-135,2,22
12805,165_136,Spinal cord,-165,-136,2,103
12806,165_137,Spinal cord,-165,-137,2,102
12807,165_138,Spinal cord,-165,-138,2,109
12808,165_139,Spinal cord,-165,-139,2,102
12809,165_140,Spinal cord,-165,-140,2,103
12810,165_141,Spinal cord,-165,-141,2,102
12811,165_142,Spinal cord,-165,-142,2,103
12812,165_143,Spinal cord,-165,-143,2,100
12813,165_144,Spinal cord,-165,-144,2,100
12814,165_145,Spinal cord,-165,-145,2,100
12815,165_146,Spinal cord,-165,-146,2,88
12816,165_147,Spinal cord,-165,-147,2,100
12817,165_148,Spinal cord,-165,-148,2,103
12818,165_149,Spinal cord,-165,-149,2,88
12819,165_150,Spinal cord,-165,-150,2,93
12820,165_151,Spinal cord,-165,-151,2,82
12821,165_152,Spinal cord,-165,-152,2,83
12822,165_153,Spinal cord,-165,-153,2,83
12823,165_154,Spinal cord,-165,-154,2,80
12824,165_155,Spinal cord,-165,-155,2,80
12825,165_156,Spinal cord,-165,-156,2,85
12826,165_157,Spinal cord,-165,-157,2,86
12827,165_158,Head mesenchyme,-165,-158,2,116
12828,165_159,Sclerotome,-165,-159,2,112
12829,165_160,Sclerotome,-165,-160,2,113
12830,165_161,Sclerotome,-165,-161,2,113
12831,165_162,Sclerotome,-165,-162,2,113
12832,165_163,Sclerotome,-165,-163,2,113
12833,165_164,Sclerotome,-165,-164,2,126
12834,165_165,Urogenital ridge,-165,-165,2,5
12835,165_166,Urogenital ridge,-165,-166,2,5
12836,165_167,Urogenital ridge,-165,-167,2,5
12837,165_168,Urogenital ridge,-165,-168,2,5
12838,165_169,Blood vessel,-165,-169,2,6
12839,165_170,Urogenital ridge,-165,-170,2,4
12840,165_171,Urogenital ridge,-165,-171,2,126
12841,165_172,Lung primordium,-165,-172,2,126
12842,165_173,Connective tissue,-165,-173,2,126
12843,165_174,Lung primordium,-165,-174,2,126
12844,165_175,Lung primordium,-165,-175,2,127
12845,165_176,Lung primordium,-165,-176,2,121
12846,165_177,Lung primordium,-165,-177,2,112
12847,165_178,Lung primordium,-165,-178,2,120
12848,165_179,Branchial arch,-165,-179,2,127
12849,165_180,Branchial arch,-165,-180,2,121
12850,165_181,Lung primordium,-165,-181,2,120
12851,165_182,Lung primordium,-165,-182,2,123
12852,165_183,Lung primordium,-165,-183,2,120
12853,165_184,Lung primordium,-165,-184,2,99
12854,165_185,Lung primordium,-165,-185,2,121
12855,165_186,Lung primordium,-165,-186,2,120
12856,165_187,Lung primordium,-165,-187,2,120
12857,165_188,Lung primordium,-165,-188,2,121
12858,165_189,Lung primordium,-165,-189,2,127
12859,165_190,Lung primordium,-165,-190,2,121
12860,165_191,Lung primordium,-165,-191,2,127
12861,165_192,Lung primordium,-165,-192,2,124
12862,165_193,Lung primordium,-165,-193,2,127
12863,165_194,Lung primordium,-165,-194,2,118
12864,165_195,Lung primordium,-165,-195,2,120
12865,165_196,Lung primordium,-165,-196,2,124
12866,165_197,Branchial arch,-165,-197,2,127
12867,165_198,Lung primordium,-165,-198,2,112
12868,165_199,Lung primordium,-165,-199,2,127
12869,165_200,Lung primordium,-165,-200,2,127
12870,165_201,Branchial arch,-165,-201,2,126
12871,165_202,Branchial arch,-165,-202,2,120
12872,165_203,Branchial arch,-165,-203,2,121
12873,165_204,Lung primordium,-165,-204,2,120
12874,165_205,Lung primordium,-165,-205,2,120
12875,165_206,Lung primordium,-165,-206,2,120
12876,165_207,Lung primordium,-165,-207,2,127
12877,165_208,Lung primordium,-165,-208,2,120
12878,165_209,Branchial arch,-165,-209,2,120
12879,165_210,Branchial arch,-165,-210,2,127
12880,165_211,Branchial arch,-165,-211,2,127
12881,165_212,Branchial arch,-165,-212,2,126
12882,165_213,Lung primordium,-165,-213,2,120
12883,165_214,Lung primordium,-165,-214,2,127
12884,165_215,Lung primordium,-165,-215,2,127
12885,165_216,Lung primordium,-165,-216,2,5
12886,165_217,Urogenital ridge,-165,-217,2,5
12887,165_218,Blood vessel,-165,-218,2,7
12888,165_219,Blood vessel,-165,-219,2,6
12889,165_220,Connective tissue,-165,-220,2,16
12890,165_221,Connective tissue,-165,-221,2,30
12891,165_222,Cavity,-165,-222,2,18
12892,165_223,Cavity,-165,-223,2,19
12893,165_224,Cavity,-165,-224,2,20
12894,165_225,Cavity,-165,-225,2,112
12895,165_226,Sclerotome,-165,-226,2,115
12896,165_227,Sclerotome,-165,-227,2,115
12897,165_228,Sclerotome,-165,-228,2,113
12898,165_229,Sclerotome,-165,-229,2,115
12899,165_230,Sclerotome,-165,-230,2,112
12900,165_231,Sclerotome,-165,-231,2,113
12901,165_232,Sclerotome,-165,-232,2,112
12902,165_233,Sclerotome,-165,-233,2,112
12903,165_234,Spinal cord,-165,-234,2,112
12904,165_235,Spinal cord,-165,-235,2,86
12905,165_236,Spinal cord,-165,-236,2,85
12906,165_237,Spinal cord,-165,-237,2,81
12907,165_238,Spinal cord,-165,-238,2,95
12908,165_239,Spinal cord,-165,-239,2,89
12909,165_240,Spinal cord,-165,-240,2,103
12910,165_241,Spinal cord,-165,-241,2,103
12911,165_242,Spinal cord,-165,-242,2,103
12912,165_243,Spinal cord,-165,-243,2,98
12913,165_244,Spinal cord,-165,-244,2,103
12914,165_245,Spinal cord,-165,-245,2,100
12915,165_246,Spinal cord,-165,-246,2,100
12916,165_247,Spinal cord,-165,-247,2,100
12917,165_248,Spinal cord,-165,-248,2,99
12918,165_249,Spinal cord,-165,-249,2,101
12919,165_250,Spinal cord,-165,-250,2,101
12920,165_251,Spinal cord,-165,-251,2,100
12921,165_252,Spinal cord,-165,-252,2,100
12922,165_253,Spinal cord,-165,-253,2,103
12923,165_254,Spinal cord,-165,-254,2,99
12924,165_255,Spinal cord,-165,-255,2,100
12925,165_256,Spinal cord,-165,-256,2,100
12926,165_257,Spinal cord,-165,-257,2,101
12927,165_258,Spinal cord,-165,-258,2,100
12928,165_259,Spinal cord,-165,-259,2,102
12929,165_260,Spinal cord,-165,-260,2,99
12930,165_261,Brain,-165,-261,2,108
12931,165_262,Brain,-165,-262,2,108
12932,165_263,Brain,-165,-263,2,108
12933,165_264,Brain,-165,-264,2,108
12934,165_265,Brain,-165,-265,2,111
12935,165_266,Brain,-165,-266,2,108
12936,165_267,Brain,-165,-267,2,109
12937,165_268,Brain,-165,-268,2,109
12938,165_269,Brain,-165,-269,2,108
12939,165_270,Brain,-165,-270,2,111
12940,165_271,Brain,-165,-271,2,111
12941,165_272,Brain,-165,-272,2,111
12942,165_273,Brain,-165,-273,2,111
12943,165_274,Brain,-165,-274,2,111
12944,165_275,Brain,-165,-275,2,111
12945,165_276,Brain,-165,-276,2,111
12946,165_277,Brain,-165,-277,2,111
12947,165_278,Cavity,-165,-278,2,111
12948,165_279,Cavity,-165,-279,2,111
12949,165_280,Cavity,-165,-280,2,115
12950,165_281,Cavity,-165,-281,2,115
12951,165_282,Cavity,-165,-282,2,117
12952,165_283,Urogenital ridge,-165,-283,2,5
12953,165_284,Urogenital ridge,-165,-284,2,5
12954,165_285,Blood vessel,-165,-285,2,7
12955,165_286,Blood vessel,-165,-286,2,7
12956,165_287,Head mesenchyme,-165,-287,2,117
12957,165_288,Head mesenchyme,-165,-288,2,118
12958,165_289,Head mesenchyme,-165,-289,2,116
12959,165_290,Cavity,-165,-290,2,117
12960,165_291,Cavity,-165,-291,2,117
12961,165_292,Head mesenchyme,-165,-292,2,117
12962,165_293,Cavity,-165,-293,2,115
12963,165_294,Cavity,-165,-294,2,104
12964,165_295,Cavity,-165,-295,2,117
12965,165_296,Brain,-165,-296,2,111
12966,165_297,Brain,-165,-297,2,111
12967,165_298,Brain,-165,-298,2,111
12968,165_299,Brain,-165,-299,2,111
12969,165_300,Brain,-165,-300,2,97
12970,165_301,Brain,-165,-301,2,98
12971,165_302,Brain,-165,-302,2,97
12972,165_303,Brain,-165,-303,2,99
12973,165_304,Brain,-165,-304,2,98
12974,165_305,Brain,-165,-305,2,97
12975,165_306,Head mesenchyme,-165,-306,2,98
12976,165_307,Head mesenchyme,-165,-307,2,118
12977,165_308,Head mesenchyme,-165,-308,2,118
12978,165_309,Head mesenchyme,-165,-309,2,118
12979,165_310,Head mesenchyme,-165,-310,2,116
12980,165_311,Head mesenchyme,-165,-311,2,116
12981,165_312,Head mesenchyme,-165,-312,2,118
12982,165_313,Urogenital ridge,-165,-313,2,5
12983,165_314,Blood vessel,-165,-314,2,6
12984,165_315,Urogenital ridge,-165,-315,2,6
12985,165_316,Connective tissue,-165,-316,2,18
12986,165_317,Connective tissue,-165,-317,2,17
12987,165_318,Connective tissue,-165,-318,2,17
12988,165_319,Cavity,-165,-319,2,31
12989,165_320,Cavity,-165,-320,2,29
12990,166_129,Cavity,-166,-129,2,24
12991,166_130,Cavity,-166,-130,2,28
12992,166_131,Cavity,-166,-131,2,28
12993,166_132,Cavity,-166,-132,2,28
12994,166_133,Surface ectoderm,-166,-133,2,23
12995,166_134,Surface ectoderm,-166,-134,2,22
12996,166_135,Surface ectoderm,-166,-135,2,88
12997,166_136,Spinal cord,-166,-136,2,103
12998,166_137,Spinal cord,-166,-137,2,103
12999,166_138,Spinal cord,-166,-138,2,109
13000,166_139,Spinal cord,-166,-139,2,102
13001,166_140,Spinal cord,-166,-140,2,102
13002,166_141,Spinal cord,-166,-141,2,98
13003,166_142,Spinal cord,-166,-142,2,100
13004,166_143,Spinal cord,-166,-143,2,103
13005,166_144,Spinal cord,-166,-144,2,100
13006,166_145,Spinal cord,-166,-145,2,100
13007,166_146,Spinal cord,-166,-146,2,88
13008,166_147,Spinal cord,-166,-147,2,91
13009,166_148,Spinal cord,-166,-148,2,90
13010,166_149,Spinal cord,-166,-149,2,89
13011,166_150,Spinal cord,-166,-150,2,81
13012,166_151,Spinal cord,-166,-151,2,83
13013,166_152,Spinal cord,-166,-152,2,81
13014,166_153,Spinal cord,-166,-153,2,83
13015,166_154,Spinal cord,-166,-154,2,82
13016,166_155,Spinal cord,-166,-155,2,80
13017,166_156,Spinal cord,-166,-156,2,84
13018,166_157,Sclerotome,-166,-157,2,112
13019,166_158,Sclerotome,-166,-158,2,112
13020,166_159,Sclerotome,-166,-159,2,113
13021,166_160,Sclerotome,-166,-160,2,115
13022,166_161,Sclerotome,-166,-161,2,115
13023,166_162,Sclerotome,-166,-162,2,112
13024,166_163,Sclerotome,-166,-163,2,112
13025,166_164,Sclerotome,-166,-164,2,126
13026,166_165,Blood vessel,-166,-165,2,4
13027,166_166,Blood vessel,-166,-166,2,6
13028,166_167,Blood vessel,-166,-167,2,6
13029,166_168,Urogenital ridge,-166,-168,2,4
13030,166_169,Urogenital ridge,-166,-169,2,5
13031,166_170,Branchial arch,-166,-170,2,120
13032,166_171,Lung primordium,-166,-171,2,127
13033,166_172,Lung primordium,-166,-172,2,127
13034,166_173,Lung primordium,-166,-173,2,124
13035,166_174,Branchial arch,-166,-174,2,127
13036,166_175,Lung primordium,-166,-175,2,16
13037,166_176,Lung primordium,-166,-176,2,127
13038,166_177,Lung primordium,-166,-177,2,127
13039,166_178,Lung primordium,-166,-178,2,120
13040,166_179,Lung primordium,-166,-179,2,120
13041,166_180,Lung primordium,-166,-180,2,99
13042,166_181,Lung primordium,-166,-181,2,120
13043,166_182,Lung primordium,-166,-182,2,127
13044,166_183,Lung primordium,-166,-183,2,121
13045,166_184,Lung primordium,-166,-184,2,123
13046,166_185,Lung primordium,-166,-185,2,120
13047,166_186,Lung primordium,-166,-186,2,121
13048,166_187,Lung primordium,-166,-187,2,121
13049,166_188,Lung primordium,-166,-188,2,121
13050,166_189,Lung primordium,-166,-189,2,98
13051,166_190,Lung primordium,-166,-190,2,127
13052,166_191,Lung primordium,-166,-191,2,112
13053,166_192,Lung primordium,-166,-192,2,118
13054,166_193,Lung primordium,-166,-193,2,127
13055,166_194,Lung primordium,-166,-194,2,98
13056,166_195,Lung primordium,-166,-195,2,127
13057,166_196,Lung primordium,-166,-196,2,121
13058,166_197,Lung primordium,-166,-197,2,127
13059,166_198,Lung primordium,-166,-198,2,120
13060,166_199,Lung primordium,-166,-199,2,121
13061,166_200,Lung primordium,-166,-200,2,127
13062,166_201,Branchial arch,-166,-201,2,127
13063,166_202,Branchial arch,-166,-202,2,120
13064,166_203,Branchial arch,-166,-203,2,127
13065,166_204,Branchial arch,-166,-204,2,121
13066,166_205,Branchial arch,-166,-205,2,127
13067,166_206,Branchial arch,-166,-206,2,120
13068,166_207,Branchial arch,-166,-207,2,127
13069,166_208,Urogenital ridge,-166,-208,2,120
13070,166_209,Urogenital ridge,-166,-209,2,127
13071,166_210,Branchial arch,-166,-210,2,126
13072,166_211,Branchial arch,-166,-211,2,127
13073,166_212,Branchial arch,-166,-212,2,127
13074,166_213,Lung primordium,-166,-213,2,127
13075,166_214,Lung primordium,-166,-214,2,120
13076,166_215,Lung primordium,-166,-215,2,112
13077,166_216,Lung primordium,-166,-216,2,127
13078,166_217,Branchial arch,-166,-217,2,126
13079,166_218,Branchial arch,-166,-218,2,125
13080,166_219,Urogenital ridge,-166,-219,2,4
13081,166_220,Connective tissue,-166,-220,2,17
13082,166_221,Connective tissue,-166,-221,2,17
13083,166_222,Cavity,-166,-222,2,23
13084,166_223,Connective tissue,-166,-223,2,17
13085,166_224,Cavity,-166,-224,2,18
13086,166_225,Cavity,-166,-225,2,30
13087,166_226,Cavity,-166,-226,2,23
13088,166_227,Cavity,-166,-227,2,28
13089,166_228,Sclerotome,-166,-228,2,118
13090,166_229,Surface ectoderm,-166,-229,2,112
13091,166_230,Sclerotome,-166,-230,2,113
13092,166_231,Sclerotome,-166,-231,2,116
13093,166_232,Sclerotome,-166,-232,2,113
13094,166_233,Sclerotome,-166,-233,2,113
13095,166_234,Sclerotome,-166,-234,2,115
13096,166_235,Spinal cord,-166,-235,2,84
13097,166_236,Spinal cord,-166,-236,2,81
13098,166_237,Spinal cord,-166,-237,2,80
13099,166_238,Spinal cord,-166,-238,2,85
13100,166_239,Spinal cord,-166,-239,2,93
13101,166_240,Spinal cord,-166,-240,2,89
13102,166_241,Spinal cord,-166,-241,2,102
13103,166_242,Spinal cord,-166,-242,2,100
13104,166_243,Spinal cord,-166,-243,2,102
13105,166_244,Spinal cord,-166,-244,2,103
13106,166_245,Spinal cord,-166,-245,2,103
13107,166_246,Spinal cord,-166,-246,2,100
13108,166_247,Spinal cord,-166,-247,2,102
13109,166_248,Spinal cord,-166,-248,2,100
13110,166_249,Spinal cord,-166,-249,2,100
13111,166_250,Spinal cord,-166,-250,2,103
13112,166_251,Spinal cord,-166,-251,2,100
13113,166_252,Spinal cord,-166,-252,2,101
13114,166_253,Spinal cord,-166,-253,2,101
13115,166_254,Spinal cord,-166,-254,2,100
13116,166_255,Spinal cord,-166,-255,2,101
13117,166_256,Spinal cord,-166,-256,2,100
13118,166_257,Spinal cord,-166,-257,2,101
13119,166_258,Brain,-166,-258,2,98
13120,166_259,Spinal cord,-166,-259,2,101
13121,166_260,Brain,-166,-260,2,98
13122,166_261,Brain,-166,-261,2,109
13123,166_262,Brain,-166,-262,2,109
13124,166_263,Brain,-166,-263,2,109
13125,166_264,Brain,-166,-264,2,108
13126,166_265,Brain,-166,-265,2,109
13127,166_266,Brain,-166,-266,2,108
13128,166_267,Brain,-166,-267,2,102
13129,166_268,Brain,-166,-268,2,108
13130,166_269,Brain,-166,-269,2,108
13131,166_270,Brain,-166,-270,2,108
13132,166_271,Brain,-166,-271,2,111
13133,166_272,Brain,-166,-272,2,108
13134,166_273,Brain,-166,-273,2,111
13135,166_274,Brain,-166,-274,2,111
13136,166_275,Brain,-166,-275,2,111
13137,166_276,Brain,-166,-276,2,84
13138,166_277,Brain,-166,-277,2,84
13139,166_278,Cavity,-166,-278,2,96
13140,166_279,Cavity,-166,-279,2,111
13141,166_280,Cavity,-166,-280,2,117
13142,166_281,Cavity,-166,-281,2,115
13143,166_282,Cavity,-166,-282,2,117
13144,166_283,Cavity,-166,-283,2,117
13145,166_284,Cavity,-166,-284,2,107
13146,166_285,Blood vessel,-166,-285,2,5
13147,166_286,Urogenital ridge,-166,-286,2,5
13148,166_287,Head mesenchyme,-166,-287,2,117
13149,166_288,Head mesenchyme,-166,-288,2,117
13150,166_289,Head mesenchyme,-166,-289,2,117
13151,166_290,Head mesenchyme,-166,-290,2,117
13152,166_291,Head mesenchyme,-166,-291,2,116
13153,166_292,Head mesenchyme,-166,-292,2,117
13154,166_293,Head mesenchyme,-166,-293,2,117
13155,166_294,Head mesenchyme,-166,-294,2,117
13156,166_295,Head mesenchyme,-166,-295,2,117
13157,166_296,Head mesenchyme,-166,-296,2,117
13158,166_297,Brain,-166,-297,2,106
13159,166_298,Brain,-166,-298,2,111
13160,166_299,Brain,-166,-299,2,111
13161,166_300,Brain,-166,-300,2,96
13162,166_301,Brain,-166,-301,2,97
13163,166_302,Brain,-166,-302,2,97
13164,166_303,Brain,-166,-303,2,98
13165,166_304,Brain,-166,-304,2,98
13166,166_305,Head mesenchyme,-166,-305,2,118
13167,166_306,Head mesenchyme,-166,-306,2,118
13168,166_307,Head mesenchyme,-166,-307,2,118
13169,166_308,Head mesenchyme,-166,-308,2,116
13170,166_309,Head mesenchyme,-166,-309,2,118
13171,166_310,Head mesenchyme,-166,-310,2,118
13172,166_311,Head mesenchyme,-166,-311,2,118
13173,166_312,Head mesenchyme,-166,-312,2,116
13174,166_313,Blood vessel,-166,-313,2,5
13175,166_314,Blood vessel,-166,-314,2,4
13176,166_315,Blood vessel,-166,-315,2,6
13177,166_316,Connective tissue,-166,-316,2,6
13178,166_317,Connective tissue,-166,-317,2,17
13179,166_318,Connective tissue,-166,-318,2,31
13180,166_319,Cavity,-166,-319,2,31
13181,166_320,Cavity,-166,-320,2,17
13182,167_129,Cavity,-167,-129,2,28
13183,167_130,Cavity,-167,-130,2,28
13184,167_131,Cavity,-167,-131,2,29
13185,167_132,Cavity,-167,-132,2,23
13186,167_133,Surface ectoderm,-167,-133,2,22
13187,167_134,Surface ectoderm,-167,-134,2,22
13188,167_135,Surface ectoderm,-167,-135,2,88
13189,167_136,Spinal cord,-167,-136,2,103
13190,167_137,Spinal cord,-167,-137,2,109
13191,167_138,Spinal cord,-167,-138,2,103
13192,167_139,Spinal cord,-167,-139,2,109
13193,167_140,Spinal cord,-167,-140,2,102
13194,167_141,Spinal cord,-167,-141,2,103
13195,167_142,Spinal cord,-167,-142,2,100
13196,167_143,Spinal cord,-167,-143,2,100
13197,167_144,Spinal cord,-167,-144,2,88
13198,167_145,Spinal cord,-167,-145,2,91
13199,167_146,Spinal cord,-167,-146,2,91
13200,167_147,Spinal cord,-167,-147,2,88
13201,167_148,Spinal cord,-167,-148,2,91
13202,167_149,Spinal cord,-167,-149,2,82
13203,167_150,Spinal cord,-167,-150,2,82
13204,167_151,Spinal cord,-167,-151,2,83
13205,167_152,Spinal cord,-167,-152,2,82
13206,167_153,Spinal cord,-167,-153,2,80
13207,167_154,Spinal cord,-167,-154,2,80
13208,167_155,Spinal cord,-167,-155,2,85
13209,167_156,Sclerotome,-167,-156,2,116
13210,167_157,Sclerotome,-167,-157,2,116
13211,167_158,Sclerotome,-167,-158,2,115
13212,167_159,Sclerotome,-167,-159,2,115
13213,167_160,Sclerotome,-167,-160,2,115
13214,167_161,Sclerotome,-167,-161,2,113
13215,167_162,Sclerotome,-167,-162,2,113
13216,167_163,Urogenital ridge,-167,-163,2,5
13217,167_164,Urogenital ridge,-167,-164,2,4
13218,167_165,Blood vessel,-167,-165,2,6
13219,167_166,Blood vessel,-167,-166,2,6
13220,167_167,Blood vessel,-167,-167,2,6
13221,167_168,Branchial arch,-167,-168,2,126
13222,167_169,Lung primordium,-167,-169,2,127
13223,167_170,Lung primordium,-167,-170,2,127
13224,167_171,Lung primordium,-167,-171,2,127
13225,167_172,Branchial arch,-167,-172,2,121
13226,167_173,Lung primordium,-167,-173,2,121
13227,167_174,Lung primordium,-167,-174,2,127
13228,167_175,Lung primordium,-167,-175,2,127
13229,167_176,Lung primordium,-167,-176,2,121
13230,167_177,Lung primordium,-167,-177,2,120
13231,167_178,Lung primordium,-167,-178,2,121
13232,167_179,Lung primordium,-167,-179,2,123
13233,167_180,Lung primordium,-167,-180,2,124
13234,167_181,Lung primordium,-167,-181,2,120
13235,167_182,Lung primordium,-167,-182,2,120
13236,167_183,Urogenital ridge,-167,-183,2,121
13237,167_184,Lung primordium,-167,-184,2,124
13238,167_185,Lung primordium,-167,-185,2,123
13239,167_186,Lung primordium,-167,-186,2,120
13240,167_187,Lung primordium,-167,-187,2,120
13241,167_188,Lung primordium,-167,-188,2,120
13242,167_189,Lung primordium,-167,-189,2,120
13243,167_190,Lung primordium,-167,-190,2,127
13244,167_191,Lung primordium,-167,-191,2,124
13245,167_192,Lung primordium,-167,-192,2,121
13246,167_193,Heart,-167,-193,2,3
13247,167_194,Lung primordium,-167,-194,2,124
13248,167_195,Heart,-167,-195,2,3
13249,167_196,Lung primordium,-167,-196,2,3
13250,167_197,Lung primordium,-167,-197,2,127
13251,167_198,Lung primordium,-167,-198,2,124
13252,167_199,Heart,-167,-199,2,3
13253,167_200,Heart,-167,-200,2,3
13254,167_201,Heart,-167,-201,2,1
13255,167_202,Branchial arch,-167,-202,2,127
13256,167_203,Branchial arch,-167,-203,2,120
13257,167_204,Lung primordium,-167,-204,2,121
13258,167_205,Branchial arch,-167,-205,2,120
13259,167_206,Branchial arch,-167,-206,2,120
13260,167_207,Branchial arch,-167,-207,2,120
13261,167_208,Urogenital ridge,-167,-208,2,4
13262,167_209,Blood vessel,-167,-209,2,4
13263,167_210,Urogenital ridge,-167,-210,2,4
13264,167_211,Branchial arch,-167,-211,2,120
13265,167_212,Branchial arch,-167,-212,2,127
13266,167_213,Branchial arch,-167,-213,2,120
13267,167_214,Branchial arch,-167,-214,2,124
13268,167_215,Branchial arch,-167,-215,2,127
13269,167_216,Branchial arch,-167,-216,2,121
13270,167_217,Branchial arch,-167,-217,2,124
13271,167_218,Lung primordium,-167,-218,2,125
13272,167_219,Lung primordium,-167,-219,2,127
13273,167_220,Cavity,-167,-220,2,23
13274,167_221,Cavity,-167,-221,2,19
13275,167_222,Cavity,-167,-222,2,30
13276,167_223,Cavity,-167,-223,2,23
13277,167_224,Cavity,-167,-224,2,30
13278,167_225,Cavity,-167,-225,2,23
13279,167_226,Cavity,-167,-226,2,30
13280,167_227,Cavity,-167,-227,2,30
13281,167_228,Cavity,-167,-228,2,19
13282,167_229,Cavity,-167,-229,2,30
13283,167_230,Sclerotome,-167,-230,2,28
13284,167_231,Cavity,-167,-231,2,20
13285,167_232,Sclerotome,-167,-232,2,113
13286,167_233,Sclerotome,-167,-233,2,115
13287,167_234,Sclerotome,-167,-234,2,115
13288,167_235,Sclerotome,-167,-235,2,113
13289,167_236,Spinal cord,-167,-236,2,85
13290,167_237,Spinal cord,-167,-237,2,80
13291,167_238,Spinal cord,-167,-238,2,80
13292,167_239,Spinal cord,-167,-239,2,81
13293,167_240,Spinal cord,-167,-240,2,101
13294,167_241,Spinal cord,-167,-241,2,103
13295,167_242,Spinal cord,-167,-242,2,95
13296,167_243,Spinal cord,-167,-243,2,103
13297,167_244,Spinal cord,-167,-244,2,100
13298,167_245,Spinal cord,-167,-245,2,100
13299,167_246,Spinal cord,-167,-246,2,100
13300,167_247,Spinal cord,-167,-247,2,103
13301,167_248,Brain,-167,-248,2,101
13302,167_249,Spinal cord,-167,-249,2,100
13303,167_250,Spinal cord,-167,-250,2,101
13304,167_251,Spinal cord,-167,-251,2,88
13305,167_252,Spinal cord,-167,-252,2,100
13306,167_253,Spinal cord,-167,-253,2,100
13307,167_254,Brain,-167,-254,2,100
13308,167_255,Brain,-167,-255,2,99
13309,167_256,Spinal cord,-167,-256,2,101
13310,167_257,Brain,-167,-257,2,98
13311,167_258,Brain,-167,-258,2,102
13312,167_259,Brain,-167,-259,2,103
13313,167_260,Brain,-167,-260,2,101
13314,167_261,Brain,-167,-261,2,101
13315,167_262,Brain,-167,-262,2,108
13316,167_263,Brain,-167,-263,2,102
13317,167_264,Brain,-167,-264,2,108
13318,167_265,Brain,-167,-265,2,98
13319,167_266,Brain,-167,-266,2,109
13320,167_267,Brain,-167,-267,2,97
13321,167_268,Brain,-167,-268,2,108
13322,167_269,Brain,-167,-269,2,108
13323,167_270,Brain,-167,-270,2,108
13324,167_271,Brain,-167,-271,2,111
13325,167_272,Brain,-167,-272,2,96
13326,167_273,Brain,-167,-273,2,111
13327,167_274,Brain,-167,-274,2,111
13328,167_275,Brain,-167,-275,2,111
13329,167_276,Brain,-167,-276,2,84
13330,167_277,Brain,-167,-277,2,84
13331,167_278,Cavity,-167,-278,2,111
13332,167_279,Cavity,-167,-279,2,115
13333,167_280,Cavity,-167,-280,2,117
13334,167_281,Cavity,-167,-281,2,104
13335,167_282,Cavity,-167,-282,2,117
13336,167_283,Head mesenchyme,-167,-283,2,117
13337,167_284,Cavity,-167,-284,2,117
13338,167_285,Urogenital ridge,-167,-285,2,5
13339,167_286,Urogenital ridge,-167,-286,2,5
13340,167_287,Head mesenchyme,-167,-287,2,117
13341,167_288,Head mesenchyme,-167,-288,2,116
13342,167_289,Head mesenchyme,-167,-289,2,116
13343,167_290,Head mesenchyme,-167,-290,2,118
13344,167_291,Head mesenchyme,-167,-291,2,116
13345,167_292,Head mesenchyme,-167,-292,2,116
13346,167_293,Head mesenchyme,-167,-293,2,117
13347,167_294,Head mesenchyme,-167,-294,2,117
13348,167_295,Head mesenchyme,-167,-295,2,116
13349,167_296,Head mesenchyme,-167,-296,2,116
13350,167_297,Cavity,-167,-297,2,106
13351,167_298,Brain,-167,-298,2,111
13352,167_299,Brain,-167,-299,2,96
13353,167_300,Brain,-167,-300,2,96
13354,167_301,Brain,-167,-301,2,97
13355,167_302,Brain,-167,-302,2,97
13356,167_303,Brain,-167,-303,2,98
13357,167_304,Head mesenchyme,-167,-304,2,118
13358,167_305,Head mesenchyme,-167,-305,2,23
13359,167_306,Head mesenchyme,-167,-306,2,116
13360,167_307,Head mesenchyme,-167,-307,2,118
13361,167_308,Head mesenchyme,-167,-308,2,116
13362,167_309,Head mesenchyme,-167,-309,2,118
13363,167_310,Head mesenchyme,-167,-310,2,118
13364,167_311,Head mesenchyme,-167,-311,2,5
13365,167_312,Urogenital ridge,-167,-312,2,5
13366,167_313,Blood vessel,-167,-313,2,7
13367,167_314,Blood vessel,-167,-314,2,6
13368,167_315,Connective tissue,-167,-315,2,6
13369,167_316,Connective tissue,-167,-316,2,6
13370,167_317,Connective tissue,-167,-317,2,6
13371,167_318,Cavity,-167,-318,2,17
13372,167_319,Cavity,-167,-319,2,31
13373,167_320,Cavity,-167,-320,2,29
13374,167_321,Cavity,-167,-321,2,27
13375,168_128,Cavity,-168,-128,2,27
13376,168_129,Cavity,-168,-129,2,28
13377,168_130,Cavity,-168,-130,2,29
13378,168_131,Cavity,-168,-131,2,28
13379,168_132,Surface ectoderm,-168,-132,2,28
13380,168_133,Surface ectoderm,-168,-133,2,22
13381,168_134,Surface ectoderm,-168,-134,2,22
13382,168_135,Spinal cord,-168,-135,2,88
13383,168_136,Spinal cord,-168,-136,2,103
13384,168_137,Spinal cord,-168,-137,2,103
13385,168_138,Spinal cord,-168,-138,2,102
13386,168_139,Spinal cord,-168,-139,2,109
13387,168_140,Spinal cord,-168,-140,2,103
13388,168_141,Spinal cord,-168,-141,2,93
13389,168_142,Spinal cord,-168,-142,2,100
13390,168_143,Spinal cord,-168,-143,2,100
13391,168_144,Spinal cord,-168,-144,2,88
13392,168_145,Spinal cord,-168,-145,2,91
13393,168_146,Spinal cord,-168,-146,2,91
13394,168_147,Spinal cord,-168,-147,2,86
13395,168_148,Spinal cord,-168,-148,2,88
13396,168_149,Spinal cord,-168,-149,2,82
13397,168_150,Spinal cord,-168,-150,2,83
13398,168_151,Spinal cord,-168,-151,2,82
13399,168_152,Spinal cord,-168,-152,2,80
13400,168_153,Spinal cord,-168,-153,2,80
13401,168_154,Spinal cord,-168,-154,2,87
13402,168_155,Sclerotome,-168,-155,2,126
13403,168_156,Sclerotome,-168,-156,2,112
13404,168_157,Sclerotome,-168,-157,2,113
13405,168_158,Sclerotome,-168,-158,2,113
13406,168_159,Sclerotome,-168,-159,2,113
13407,168_160,Sclerotome,-168,-160,2,112
13408,168_161,Sclerotome,-168,-161,2,112
13409,168_162,Sclerotome,-168,-162,2,126
13410,168_163,Sclerotome,-168,-163,2,5
13411,168_164,Blood vessel,-168,-164,2,6
13412,168_165,Blood vessel,-168,-165,2,7
13413,168_166,Urogenital ridge,-168,-166,2,5
13414,168_167,Branchial arch,-168,-167,2,121
13415,168_168,Lung primordium,-168,-168,2,120
13416,168_169,Lung primordium,-168,-169,2,127
13417,168_170,Lung primordium,-168,-170,2,120
13418,168_171,Lung primordium,-168,-171,2,121
13419,168_172,Urogenital ridge,-168,-172,2,120
13420,168_173,Lung primordium,-168,-173,2,121
13421,168_174,Lung primordium,-168,-174,2,127
13422,168_175,Lung primordium,-168,-175,2,120
13423,168_176,Lung primordium,-168,-176,2,120
13424,168_177,Lung primordium,-168,-177,2,120
13425,168_178,Lung primordium,-168,-178,2,120
13426,168_179,Lung primordium,-168,-179,2,127
13427,168_180,Urogenital ridge,-168,-180,2,123
13428,168_181,Urogenital ridge,-168,-181,2,123
13429,168_182,Lung primordium,-168,-182,2,121
13430,168_183,Urogenital ridge,-168,-183,2,123
13431,168_184,Lung primordium,-168,-184,2,121
13432,168_185,Lung primordium,-168,-185,2,123
13433,168_186,Lung primordium,-168,-186,2,120
13434,168_187,Lung primordium,-168,-187,2,120
13435,168_188,Lung primordium,-168,-188,2,121
13436,168_189,Lung primordium,-168,-189,2,120
13437,168_190,Lung primordium,-168,-190,2,120
13438,168_191,Heart,-168,-191,2,1
13439,168_192,Heart,-168,-192,2,3
13440,168_193,Heart,-168,-193,2,2
13441,168_194,Heart,-168,-194,2,3
13442,168_195,Heart,-168,-195,2,3
13443,168_196,Heart,-168,-196,2,3
13444,168_197,Heart,-168,-197,2,3
13445,168_198,Heart,-168,-198,2,3
13446,168_199,Heart,-168,-199,2,3
13447,168_200,Heart,-168,-200,2,3
13448,168_201,Heart,-168,-201,2,2
13449,168_202,Heart,-168,-202,2,3
13450,168_203,Heart,-168,-203,2,3
13451,168_204,Heart,-168,-204,2,3
13452,168_205,Branchial arch,-168,-205,2,127
13453,168_206,Branchial arch,-168,-206,2,121
13454,168_207,Urogenital ridge,-168,-207,2,127
13455,168_208,Blood vessel,-168,-208,2,6
13456,168_209,Blood vessel,-168,-209,2,7
13457,168_210,Urogenital ridge,-168,-210,2,4
13458,168_211,Branchial arch,-168,-211,2,127
13459,168_212,Branchial arch,-168,-212,2,126
13460,168_213,Connective tissue,-168,-213,2,126
13461,168_214,Branchial arch,-168,-214,2,127
13462,168_215,Branchial arch,-168,-215,2,120
13463,168_216,Branchial arch,-168,-216,2,127
13464,168_217,Branchial arch,-168,-217,2,127
13465,168_218,Blood vessel,-168,-218,2,127
13466,168_219,Lung primordium,-168,-219,2,127
13467,168_220,Lung primordium,-168,-220,2,119
13468,168_221,Cavity,-168,-221,2,18
13469,168_222,Cavity,-168,-222,2,19
13470,168_223,Cavity,-168,-223,2,18
13471,168_224,Cavity,-168,-224,2,17
13472,168_225,Cavity,-168,-225,2,31
13473,168_226,Cavity,-168,-226,2,19
13474,168_227,Cavity,-168,-227,2,30
13475,168_228,Cavity,-168,-228,2,31
13476,168_229,Cavity,-168,-229,2,20
13477,168_230,Cavity,-168,-230,2,31
13478,168_231,Cavity,-168,-231,2,31
13479,168_232,Surface ectoderm,-168,-232,2,23
13480,168_233,Head mesenchyme,-168,-233,2,116
13481,168_234,Head mesenchyme,-168,-234,2,116
13482,168_235,Sclerotome,-168,-235,2,116
13483,168_236,Spinal cord,-168,-236,2,86
13484,168_237,Spinal cord,-168,-237,2,80
13485,168_238,Spinal cord,-168,-238,2,80
13486,168_239,Spinal cord,-168,-239,2,80
13487,168_240,Spinal cord,-168,-240,2,81
13488,168_241,Spinal cord,-168,-241,2,103
13489,168_242,Spinal cord,-168,-242,2,103
13490,168_243,Spinal cord,-168,-243,2,89
13491,168_244,Brain,-168,-244,2,98
13492,168_245,Spinal cord,-168,-245,2,89
13493,168_246,Spinal cord,-168,-246,2,90
13494,168_247,Spinal cord,-168,-247,2,88
13495,168_248,Spinal cord,-168,-248,2,101
13496,168_249,Spinal cord,-168,-249,2,101
13497,168_250,Spinal cord,-168,-250,2,100
13498,168_251,Brain,-168,-251,2,98
13499,168_252,Brain,-168,-252,2,109
13500,168_253,Spinal cord,-168,-253,2,100
13501,168_254,Brain,-168,-254,2,100
13502,168_255,Brain,-168,-255,2,101
13503,168_256,Brain,-168,-256,2,102
13504,168_257,Brain,-168,-257,2,99
13505,168_258,Spinal cord,-168,-258,2,101
13506,168_259,Brain,-168,-259,2,101
13507,168_260,Brain,-168,-260,2,102
13508,168_261,Brain,-168,-261,2,98
13509,168_262,Brain,-168,-262,2,101
13510,168_263,Brain,-168,-263,2,98
13511,168_264,Brain,-168,-264,2,109
13512,168_265,Brain,-168,-265,2,109
13513,168_266,Brain,-168,-266,2,97
13514,168_267,Spinal cord,-168,-267,2,109
13515,168_268,Brain,-168,-268,2,108
13516,168_269,Brain,-168,-269,2,108
13517,168_270,Brain,-168,-270,2,108
13518,168_271,Brain,-168,-271,2,108
13519,168_272,Brain,-168,-272,2,108
13520,168_273,Brain,-168,-273,2,111
13521,168_274,Brain,-168,-274,2,108
13522,168_275,Brain,-168,-275,2,111
13523,168_276,Brain,-168,-276,2,84
13524,168_277,Brain,-168,-277,2,84
13525,168_278,Cavity,-168,-278,2,84
13526,168_279,Cavity,-168,-279,2,115
13527,168_280,Cavity,-168,-280,2,107
13528,168_281,Urogenital ridge,-168,-281,2,5
13529,168_282,Urogenital ridge,-168,-282,2,117
13530,168_283,Head mesenchyme,-168,-283,2,117
13531,168_284,Head mesenchyme,-168,-284,2,116
13532,168_285,Cavity,-168,-285,2,117
13533,168_286,Cavity,-168,-286,2,117
13534,168_287,Head mesenchyme,-168,-287,2,116
13535,168_288,Head mesenchyme,-168,-288,2,116
13536,168_289,Head mesenchyme,-168,-289,2,118
13537,168_290,Head mesenchyme,-168,-290,2,118
13538,168_291,Head mesenchyme,-168,-291,2,118
13539,168_292,Head mesenchyme,-168,-292,2,116
13540,168_293,Head mesenchyme,-168,-293,2,116
13541,168_294,Head mesenchyme,-168,-294,2,116
13542,168_295,Head mesenchyme,-168,-295,2,116
13543,168_296,Head mesenchyme,-168,-296,2,116
13544,168_297,Head mesenchyme,-168,-297,2,116
13545,168_298,Head mesenchyme,-168,-298,2,118
13546,168_299,Brain,-168,-299,2,98
13547,168_300,Brain,-168,-300,2,118
13548,168_301,Brain,-168,-301,2,98
13549,168_302,Brain,-168,-302,2,118
13550,168_303,Head mesenchyme,-168,-303,2,98
13551,168_304,Head mesenchyme,-168,-304,2,23
13552,168_305,Head mesenchyme,-168,-305,2,118
13553,168_306,Head mesenchyme,-168,-306,2,118
13554,168_307,Head mesenchyme,-168,-307,2,118
13555,168_308,Head mesenchyme,-168,-308,2,118
13556,168_309,Head mesenchyme,-168,-309,2,118
13557,168_310,Head mesenchyme,-168,-310,2,118
13558,168_311,Head mesenchyme,-168,-311,2,118
13559,168_312,Urogenital ridge,-168,-312,2,5
13560,168_313,Blood vessel,-168,-313,2,6
13561,168_314,Blood vessel,-168,-314,2,6
13562,168_315,Blood vessel,-168,-315,2,6
13563,168_316,Blood vessel,-168,-316,2,6
13564,168_317,Blood vessel,-168,-317,2,6
13565,168_318,Cavity,-168,-318,2,17
13566,168_319,Cavity,-168,-319,2,29
13567,168_320,Cavity,-168,-320,2,31
13568,168_321,Cavity,-168,-321,2,26
13569,169_128,Cavity,-169,-128,2,26
13570,169_129,Cavity,-169,-129,2,28
13571,169_130,Cavity,-169,-130,2,28
13572,169_131,Cavity,-169,-131,2,28
13573,169_132,Surface ectoderm,-169,-132,2,22
13574,169_133,Surface ectoderm,-169,-133,2,23
13575,169_134,Spinal cord,-169,-134,2,89
13576,169_135,Spinal cord,-169,-135,2,89
13577,169_136,Spinal cord,-169,-136,2,102
13578,169_137,Spinal cord,-169,-137,2,103
13579,169_138,Spinal cord,-169,-138,2,103
13580,169_139,Spinal cord,-169,-139,2,103
13581,169_140,Spinal cord,-169,-140,2,89
13582,169_141,Spinal cord,-169,-141,2,88
13583,169_142,Spinal cord,-169,-142,2,88
13584,169_143,Spinal cord,-169,-143,2,88
13585,169_144,Spinal cord,-169,-144,2,88
13586,169_145,Spinal cord,-169,-145,2,88
13587,169_146,Spinal cord,-169,-146,2,88
13588,169_147,Spinal cord,-169,-147,2,90
13589,169_148,Spinal cord,-169,-148,2,80
13590,169_149,Spinal cord,-169,-149,2,83
13591,169_150,Spinal cord,-169,-150,2,83
13592,169_151,Spinal cord,-169,-151,2,83
13593,169_152,Spinal cord,-169,-152,2,80
13594,169_153,Spinal cord,-169,-153,2,86
13595,169_154,Spinal cord,-169,-154,2,86
13596,169_155,Sclerotome,-169,-155,2,113
13597,169_156,Sclerotome,-169,-156,2,116
13598,169_157,Sclerotome,-169,-157,2,112
13599,169_158,Sclerotome,-169,-158,2,112
13600,169_159,Sclerotome,-169,-159,2,112
13601,169_160,Sclerotome,-169,-160,2,112
13602,169_161,Sclerotome,-169,-161,2,126
13603,169_162,Urogenital ridge,-169,-162,2,5
13604,169_163,Blood vessel,-169,-163,2,7
13605,169_164,Blood vessel,-169,-164,2,6
13606,169_165,Urogenital ridge,-169,-165,2,4
13607,169_166,Connective tissue,-169,-166,2,126
13608,169_167,Lung primordium,-169,-167,2,120
13609,169_168,Lung primordium,-169,-168,2,121
13610,169_169,Lung primordium,-169,-169,2,120
13611,169_170,Urogenital ridge,-169,-170,2,121
13612,169_171,Lung primordium,-169,-171,2,123
13613,169_172,Urogenital ridge,-169,-172,2,123
13614,169_173,Lung primordium,-169,-173,2,120
13615,169_174,Urogenital ridge,-169,-174,2,123
13616,169_175,Lung primordium,-169,-175,2,120
13617,169_176,Lung primordium,-169,-176,2,123
13618,169_177,Lung primordium,-169,-177,2,120
13619,169_178,Lung primordium,-169,-178,2,123
13620,169_179,Lung primordium,-169,-179,2,121
13621,169_180,Lung primordium,-169,-180,2,123
13622,169_181,Lung primordium,-169,-181,2,123
13623,169_182,Lung primordium,-169,-182,2,121
13624,169_183,Urogenital ridge,-169,-183,2,121
13625,169_184,Lung primordium,-169,-184,2,121
13626,169_185,Lung primordium,-169,-185,2,120
13627,169_186,Lung primordium,-169,-186,2,123
13628,169_187,Lung primordium,-169,-187,2,120
13629,169_188,Lung primordium,-169,-188,2,3
13630,169_189,Heart,-169,-189,2,2
13631,169_190,Heart,-169,-190,2,2
13632,169_191,Heart,-169,-191,2,3
13633,169_192,Heart,-169,-192,2,3
13634,169_193,Heart,-169,-193,2,4
13635,169_194,Blood vessel,-169,-194,2,6
13636,169_195,Blood vessel,-169,-195,2,6
13637,169_196,Blood vessel,-169,-196,2,7
13638,169_197,Blood vessel,-169,-197,2,7
13639,169_198,Blood vessel,-169,-198,2,6
13640,169_199,Blood vessel,-169,-199,2,7
13641,169_200,Heart,-169,-200,2,3
13642,169_201,Heart,-169,-201,2,3
13643,169_202,Heart,-169,-202,2,3
13644,169_203,Heart,-169,-203,2,3
13645,169_204,Heart,-169,-204,2,3
13646,169_205,Branchial arch,-169,-205,2,121
13647,169_206,Branchial arch,-169,-206,2,120
13648,169_207,Urogenital ridge,-169,-207,2,127
13649,169_208,Urogenital ridge,-169,-208,2,7
13650,169_209,Blood vessel,-169,-209,2,6
13651,169_210,Blood vessel,-169,-210,2,5
13652,169_211,Blood vessel,-169,-211,2,5
13653,169_212,Urogenital ridge,-169,-212,2,5
13654,169_213,Connective tissue,-169,-213,2,125
13655,169_214,Branchial arch,-169,-214,2,127
13656,169_215,Branchial arch,-169,-215,2,127
13657,169_216,Branchial arch,-169,-216,2,127
13658,169_217,Branchial arch,-169,-217,2,112
13659,169_218,Lung primordium,-169,-218,2,112
13660,169_219,Lung primordium,-169,-219,2,124
13661,169_220,Lung primordium,-169,-220,2,126
13662,169_221,Cavity,-169,-221,2,18
13663,169_222,Cavity,-169,-222,2,19
13664,169_223,Cavity,-169,-223,2,31
13665,169_224,Cavity,-169,-224,2,19
13666,169_225,Cavity,-169,-225,2,19
13667,169_226,Cavity,-169,-226,2,30
13668,169_227,Cavity,-169,-227,2,30
13669,169_228,Cavity,-169,-228,2,31
13670,169_229,Cavity,-169,-229,2,17
13671,169_230,Cavity,-169,-230,2,28
13672,169_231,Cavity,-169,-231,2,31
13673,169_232,Cavity,-169,-232,2,23
13674,169_233,Cavity,-169,-233,2,18
13675,169_234,Cavity,-169,-234,2,18
13676,169_235,Head mesenchyme,-169,-235,2,112
13677,169_236,Head mesenchyme,-169,-236,2,118
13678,169_237,Spinal cord,-169,-237,2,85
13679,169_238,Spinal cord,-169,-238,2,81
13680,169_239,Spinal cord,-169,-239,2,90
13681,169_240,Spinal cord,-169,-240,2,82
13682,169_241,Spinal cord,-169,-241,2,81
13683,169_242,Spinal cord,-169,-242,2,93
13684,169_243,Spinal cord,-169,-243,2,91
13685,169_244,Spinal cord,-169,-244,2,93
13686,169_245,Spinal cord,-169,-245,2,82
13687,169_246,Spinal cord,-169,-246,2,91
13688,169_247,Spinal cord,-169,-247,2,88
13689,169_248,Spinal cord,-169,-248,2,100
13690,169_249,Brain,-169,-249,2,102
13691,169_250,Brain,-169,-250,2,98
13692,169_251,Brain,-169,-251,2,102
13693,169_252,Brain,-169,-252,2,99
13694,169_253,Brain,-169,-253,2,102
13695,169_254,Brain,-169,-254,2,101
13696,169_255,Brain,-169,-255,2,101
13697,169_256,Brain,-169,-256,2,98
13698,169_257,Brain,-169,-257,2,100
13699,169_258,Brain,-169,-258,2,100
13700,169_259,Brain,-169,-259,2,101
13701,169_260,Brain,-169,-260,2,102
13702,169_261,Brain,-169,-261,2,98
13703,169_262,Brain,-169,-262,2,101
13704,169_263,Brain,-169,-263,2,98
13705,169_264,Brain,-169,-264,2,103
13706,169_265,Brain,-169,-265,2,98
13707,169_266,Brain,-169,-266,2,98
13708,169_267,Brain,-169,-267,2,97
13709,169_268,Brain,-169,-268,2,107
13710,169_269,Brain,-169,-269,2,109
13711,169_270,Brain,-169,-270,2,108
13712,169_271,Brain,-169,-271,2,108
13713,169_272,Brain,-169,-272,2,111
13714,169_273,Brain,-169,-273,2,111
13715,169_274,Brain,-169,-274,2,111
13716,169_275,Brain,-169,-275,2,111
13717,169_276,Brain,-169,-276,2,84
13718,169_277,Brain,-169,-277,2,84
13719,169_278,Cavity,-169,-278,2,115
13720,169_279,Cavity,-169,-279,2,96
13721,169_280,Cavity,-169,-280,2,107
13722,169_281,Urogenital ridge,-169,-281,2,5
13723,169_282,Urogenital ridge,-169,-282,2,5
13724,169_283,Cavity,-169,-283,2,117
13725,169_284,Head mesenchyme,-169,-284,2,116
13726,169_285,Head mesenchyme,-169,-285,2,116
13727,169_286,Head mesenchyme,-169,-286,2,117
13728,169_287,Head mesenchyme,-169,-287,2,116
13729,169_288,Head mesenchyme,-169,-288,2,118
13730,169_289,Head mesenchyme,-169,-289,2,118
13731,169_290,Head mesenchyme,-169,-290,2,118
13732,169_291,Head mesenchyme,-169,-291,2,118
13733,169_292,Head mesenchyme,-169,-292,2,96
13734,169_293,Head mesenchyme,-169,-293,2,116
13735,169_294,Head mesenchyme,-169,-294,2,118
13736,169_295,Head mesenchyme,-169,-295,2,118
13737,169_296,Head mesenchyme,-169,-296,2,118
13738,169_297,Head mesenchyme,-169,-297,2,118
13739,169_298,Head mesenchyme,-169,-298,2,98
13740,169_299,Brain,-169,-299,2,98
13741,169_300,Head mesenchyme,-169,-300,2,118
13742,169_301,Head mesenchyme,-169,-301,2,97
13743,169_302,Head mesenchyme,-169,-302,2,118
13744,169_303,Cavity,-169,-303,2,96
13745,169_304,Head mesenchyme,-169,-304,2,118
13746,169_305,Head mesenchyme,-169,-305,2,118
13747,169_306,Head mesenchyme,-169,-306,2,118
13748,169_307,Head mesenchyme,-169,-307,2,118
13749,169_308,Head mesenchyme,-169,-308,2,116
13750,169_309,Head mesenchyme,-169,-309,2,116
13751,169_310,Head mesenchyme,-169,-310,2,116
13752,169_311,Urogenital ridge,-169,-311,2,4
13753,169_312,Urogenital ridge,-169,-312,2,5
13754,169_313,Blood vessel,-169,-313,2,7
13755,169_314,Blood vessel,-169,-314,2,7
13756,169_315,Blood vessel,-169,-315,2,6
13757,169_316,Blood vessel,-169,-316,2,6
13758,169_317,Connective tissue,-169,-317,2,6
13759,169_318,Connective tissue,-169,-318,2,6
13760,169_319,Cavity,-169,-319,2,31
13761,169_320,Cavity,-169,-320,2,31
13762,169_321,Cavity,-169,-321,2,25
13763,170_128,Cavity,-170,-128,2,25
13764,170_129,Cavity,-170,-129,2,28
13765,170_130,Cavity,-170,-130,2,28
13766,170_131,Surface ectoderm,-170,-131,2,28
13767,170_132,Surface ectoderm,-170,-132,2,22
13768,170_133,Surface ectoderm,-170,-133,2,22
13769,170_134,Spinal cord,-170,-134,2,89
13770,170_135,Spinal cord,-170,-135,2,103
13771,170_136,Spinal cord,-170,-136,2,102
13772,170_137,Spinal cord,-170,-137,2,102
13773,170_138,Spinal cord,-170,-138,2,102
13774,170_139,Spinal cord,-170,-139,2,103
13775,170_140,Spinal cord,-170,-140,2,89
13776,170_141,Spinal cord,-170,-141,2,89
13777,170_142,Spinal cord,-170,-142,2,91
13778,170_143,Spinal cord,-170,-143,2,88
13779,170_144,Spinal cord,-170,-144,2,88
13780,170_145,Spinal cord,-170,-145,2,91
13781,170_146,Spinal cord,-170,-146,2,93
13782,170_147,Spinal cord,-170,-147,2,90
13783,170_148,Spinal cord,-170,-148,2,83
13784,170_149,Spinal cord,-170,-149,2,83
13785,170_150,Spinal cord,-170,-150,2,83
13786,170_151,Spinal cord,-170,-151,2,83
13787,170_152,Spinal cord,-170,-152,2,81
13788,170_153,Spinal cord,-170,-153,2,87
13789,170_154,Lung primordium,-170,-154,2,118
13790,170_155,Sclerotome,-170,-155,2,113
13791,170_156,Sclerotome,-170,-156,2,113
13792,170_157,Sclerotome,-170,-157,2,112
13793,170_158,Sclerotome,-170,-158,2,127
13794,170_159,Sclerotome,-170,-159,2,112
13795,170_160,Sclerotome,-170,-160,2,126
13796,170_161,Urogenital ridge,-170,-161,2,5
13797,170_162,Blood vessel,-170,-162,2,6
13798,170_163,Blood vessel,-170,-163,2,6
13799,170_164,Urogenital ridge,-170,-164,2,5
13800,170_165,Branchial arch,-170,-165,2,126
13801,170_166,Lung primordium,-170,-166,2,127
13802,170_167,Lung primordium,-170,-167,2,120
13803,170_168,Lung primordium,-170,-168,2,123
13804,170_169,Urogenital ridge,-170,-169,2,120
13805,170_170,Urogenital ridge,-170,-170,2,123
13806,170_171,Urogenital ridge,-170,-171,2,123
13807,170_172,Lung primordium,-170,-172,2,123
13808,170_173,Lung primordium,-170,-173,2,121
13809,170_174,Lung primordium,-170,-174,2,120
13810,170_175,Lung primordium,-170,-175,2,120
13811,170_176,Lung primordium,-170,-176,2,120
13812,170_177,Lung primordium,-170,-177,2,123
13813,170_178,Lung primordium,-170,-178,2,121
13814,170_179,Lung primordium,-170,-179,2,123
13815,170_180,Lung primordium,-170,-180,2,123
13816,170_181,Lung primordium,-170,-181,2,120
13817,170_182,Lung primordium,-170,-182,2,120
13818,170_183,Lung primordium,-170,-183,2,121
13819,170_184,Lung primordium,-170,-184,2,127
13820,170_185,Lung primordium,-170,-185,2,120
13821,170_186,Lung primordium,-170,-186,2,123
13822,170_187,Lung primordium,-170,-187,2,120
13823,170_188,Heart,-170,-188,2,3
13824,170_189,Heart,-170,-189,2,3
13825,170_190,Blood vessel,-170,-190,2,6
13826,170_191,Blood vessel,-170,-191,2,6
13827,170_192,Blood vessel,-170,-192,2,6
13828,170_193,Blood vessel,-170,-193,2,6
13829,170_194,Blood vessel,-170,-194,2,6
13830,170_195,Blood vessel,-170,-195,2,6
13831,170_196,Blood vessel,-170,-196,2,6
13832,170_197,Blood vessel,-170,-197,2,7
13833,170_198,Blood vessel,-170,-198,2,6
13834,170_199,Blood vessel,-170,-199,2,7
13835,170_200,Heart,-170,-200,2,3
13836,170_201,Heart,-170,-201,2,3
13837,170_202,Heart,-170,-202,2,3
13838,170_203,Heart,-170,-203,2,7
13839,170_204,Heart,-170,-204,2,3
13840,170_205,Heart,-170,-205,2,3
13841,170_206,Branchial arch,-170,-206,2,127
13842,170_207,Branchial arch,-170,-207,2,126
13843,170_208,Urogenital ridge,-170,-208,2,127
13844,170_209,Urogenital ridge,-170,-209,2,126
13845,170_210,Urogenital ridge,-170,-210,2,126
13846,170_211,Branchial arch,-170,-211,2,126
13847,170_212,Connective tissue,-170,-212,2,125
13848,170_213,Branchial arch,-170,-213,2,125
13849,170_214,Branchial arch,-170,-214,2,127
13850,170_215,Branchial arch,-170,-215,2,127
13851,170_216,Branchial arch,-170,-216,2,126
13852,170_217,Branchial arch,-170,-217,2,127
13853,170_218,Sclerotome,-170,-218,2,127
13854,170_219,Branchial arch,-170,-219,2,126
13855,170_220,Lung primordium,-170,-220,2,127
13856,170_221,Cavity,-170,-221,2,23
13857,170_222,Cavity,-170,-222,2,20
13858,170_223,Cavity,-170,-223,2,18
13859,170_224,Cavity,-170,-224,2,23
13860,170_225,Cavity,-170,-225,2,19
13861,170_226,Cavity,-170,-226,2,30
13862,170_227,Cavity,-170,-227,2,19
13863,170_228,Cavity,-170,-228,2,29
13864,170_229,Cavity,-170,-229,2,30
13865,170_230,Cavity,-170,-230,2,29
13866,170_231,Cavity,-170,-231,2,30
13867,170_232,Cavity,-170,-232,2,31
13868,170_233,Cavity,-170,-233,2,19
13869,170_234,Cavity,-170,-234,2,23
13870,170_235,Surface ectoderm,-170,-235,2,23
13871,170_236,Head mesenchyme,-170,-236,2,118
13872,170_237,Head mesenchyme,-170,-237,2,116
13873,170_238,Spinal cord,-170,-238,2,86
13874,170_239,Spinal cord,-170,-239,2,86
13875,170_240,Spinal cord,-170,-240,2,81
13876,170_241,Spinal cord,-170,-241,2,80
13877,170_242,Spinal cord,-170,-242,2,80
13878,170_243,Spinal cord,-170,-243,2,81
13879,170_244,Spinal cord,-170,-244,2,82
13880,170_245,Spinal cord,-170,-245,2,82
13881,170_246,Spinal cord,-170,-246,2,82
13882,170_247,Spinal cord,-170,-247,2,91
13883,170_248,Spinal cord,-170,-248,2,101
13884,170_249,Brain,-170,-249,2,88
13885,170_250,Brain,-170,-250,2,101
13886,170_251,Brain,-170,-251,2,101
13887,170_252,Brain,-170,-252,2,103
13888,170_253,Brain,-170,-253,2,101
13889,170_254,Brain,-170,-254,2,99
13890,170_255,Brain,-170,-255,2,98
13891,170_256,Spinal cord,-170,-256,2,101
13892,170_257,Brain,-170,-257,2,102
13893,170_258,Brain,-170,-258,2,103
13894,170_259,Brain,-170,-259,2,109
13895,170_260,Brain,-170,-260,2,99
13896,170_261,Brain,-170,-261,2,101
13897,170_262,Brain,-170,-262,2,103
13898,170_263,Brain,-170,-263,2,98
13899,170_264,Spinal cord,-170,-264,2,109
13900,170_265,Brain,-170,-265,2,102
13901,170_266,Spinal cord,-170,-266,2,102
13902,170_267,Brain,-170,-267,2,108
13903,170_268,Brain,-170,-268,2,108
13904,170_269,Brain,-170,-269,2,108
13905,170_270,Brain,-170,-270,2,108
13906,170_271,Brain,-170,-271,2,108
13907,170_272,Brain,-170,-272,2,108
13908,170_273,Brain,-170,-273,2,111
13909,170_274,Brain,-170,-274,2,111
13910,170_275,Brain,-170,-275,2,84
13911,170_276,Brain,-170,-276,2,84
13912,170_277,Brain,-170,-277,2,84
13913,170_278,Cavity,-170,-278,2,84
13914,170_279,Cavity,-170,-279,2,107
13915,170_280,Cavity,-170,-280,2,117
13916,170_281,Urogenital ridge,-170,-281,2,5
13917,170_282,Urogenital ridge,-170,-282,2,5
13918,170_283,Head mesenchyme,-170,-283,2,5
13919,170_284,Head mesenchyme,-170,-284,2,116
13920,170_285,Head mesenchyme,-170,-285,2,116
13921,170_286,Head mesenchyme,-170,-286,2,116
13922,170_287,Head mesenchyme,-170,-287,2,116
13923,170_288,Head mesenchyme,-170,-288,2,118
13924,170_289,Head mesenchyme,-170,-289,2,118
13925,170_290,Head mesenchyme,-170,-290,2,118
13926,170_291,Head mesenchyme,-170,-291,2,118
13927,170_292,Head mesenchyme,-170,-292,2,118
13928,170_293,Head mesenchyme,-170,-293,2,118
13929,170_294,Head mesenchyme,-170,-294,2,23
13930,170_295,Head mesenchyme,-170,-295,2,118
13931,170_296,Head mesenchyme,-170,-296,2,118
13932,170_297,Head mesenchyme,-170,-297,2,22
13933,170_298,Surface ectoderm,-170,-298,2,22
13934,170_299,Head mesenchyme,-170,-299,2,118
13935,170_300,Head mesenchyme,-170,-300,2,118
13936,170_301,Head mesenchyme,-170,-301,2,98
13937,170_302,Head mesenchyme,-170,-302,2,118
13938,170_303,Head mesenchyme,-170,-303,2,118
13939,170_304,Head mesenchyme,-170,-304,2,117
13940,170_305,Head mesenchyme,-170,-305,2,116
13941,170_306,Head mesenchyme,-170,-306,2,118
13942,170_307,Head mesenchyme,-170,-307,2,118
13943,170_308,Head mesenchyme,-170,-308,2,118
13944,170_309,Head mesenchyme,-170,-309,2,116
13945,170_310,Urogenital ridge,-170,-310,2,117
13946,170_311,Urogenital ridge,-170,-311,2,5
13947,170_312,Urogenital ridge,-170,-312,2,5
13948,170_313,Urogenital ridge,-170,-313,2,5
13949,170_314,Urogenital ridge,-170,-314,2,5
13950,170_315,Blood vessel,-170,-315,2,7
13951,170_316,Blood vessel,-170,-316,2,6
13952,170_317,Blood vessel,-170,-317,2,6
13953,170_318,Connective tissue,-170,-318,2,17
13954,170_319,Cavity,-170,-319,2,6
13955,170_320,Cavity,-170,-320,2,31
13956,170_321,Cavity,-170,-321,2,31
13957,171_128,Cavity,-171,-128,2,24
13958,171_129,Cavity,-171,-129,2,28
13959,171_130,Cavity,-171,-130,2,28
13960,171_131,Surface ectoderm,-171,-131,2,23
13961,171_132,Surface ectoderm,-171,-132,2,21
13962,171_133,Surface ectoderm,-171,-133,2,88
13963,171_134,Spinal cord,-171,-134,2,100
13964,171_135,Spinal cord,-171,-135,2,94
13965,171_136,Spinal cord,-171,-136,2,100
13966,171_137,Spinal cord,-171,-137,2,102
13967,171_138,Spinal cord,-171,-138,2,102
13968,171_139,Spinal cord,-171,-139,2,98
13969,171_140,Spinal cord,-171,-140,2,95
13970,171_141,Spinal cord,-171,-141,2,103
13971,171_142,Spinal cord,-171,-142,2,89
13972,171_143,Spinal cord,-171,-143,2,88
13973,171_144,Spinal cord,-171,-144,2,88
13974,171_145,Spinal cord,-171,-145,2,89
13975,171_146,Spinal cord,-171,-146,2,91
13976,171_147,Spinal cord,-171,-147,2,82
13977,171_148,Spinal cord,-171,-148,2,82
13978,171_149,Spinal cord,-171,-149,2,83
13979,171_150,Spinal cord,-171,-150,2,83
13980,171_151,Spinal cord,-171,-151,2,81
13981,171_152,Spinal cord,-171,-152,2,87
13982,171_153,Sclerotome,-171,-153,2,116
13983,171_154,Sclerotome,-171,-154,2,112
13984,171_155,Sclerotome,-171,-155,2,113
13985,171_156,Sclerotome,-171,-156,2,113
13986,171_157,Sclerotome,-171,-157,2,113
13987,171_158,Sclerotome,-171,-158,2,126
13988,171_159,Urogenital ridge,-171,-159,2,5
13989,171_160,Urogenital ridge,-171,-160,2,4
13990,171_161,Blood vessel,-171,-161,2,4
13991,171_162,Blood vessel,-171,-162,2,7
13992,171_163,Urogenital ridge,-171,-163,2,4
13993,171_164,Connective tissue,-171,-164,2,127
13994,171_165,Lung primordium,-171,-165,2,126
13995,171_166,Lung primordium,-171,-166,2,127
13996,171_167,Lung primordium,-171,-167,2,127
13997,171_168,Urogenital ridge,-171,-168,2,123
13998,171_169,Urogenital ridge,-171,-169,2,123
13999,171_170,Urogenital ridge,-171,-170,2,123
14000,171_171,Lung primordium,-171,-171,2,120
14001,171_172,Lung primordium,-171,-172,2,120
14002,171_173,Lung primordium,-171,-173,2,120
14003,171_174,Lung primordium,-171,-174,2,127
14004,171_175,Lung primordium,-171,-175,2,120
14005,171_176,Lung primordium,-171,-176,2,121
14006,171_177,Lung primordium,-171,-177,2,121
14007,171_178,Lung primordium,-171,-178,2,120
14008,171_179,Lung primordium,-171,-179,2,121
14009,171_180,Lung primordium,-171,-180,2,127
14010,171_181,Urogenital ridge,-171,-181,2,120
14011,171_182,Lung primordium,-171,-182,2,121
14012,171_183,Lung primordium,-171,-183,2,121
14013,171_184,Lung primordium,-171,-184,2,123
14014,171_185,Lung primordium,-171,-185,2,120
14015,171_186,Lung primordium,-171,-186,2,121
14016,171_187,Heart,-171,-187,2,2
14017,171_188,Heart,-171,-188,2,2
14018,171_189,Blood vessel,-171,-189,2,4
14019,171_190,Blood vessel,-171,-190,2,6
14020,171_191,Blood vessel,-171,-191,2,6
14021,171_192,Blood vessel,-171,-192,2,6
14022,171_193,Blood vessel,-171,-193,2,6
14023,171_194,Blood vessel,-171,-194,2,6
14024,171_195,Blood vessel,-171,-195,2,7
14025,171_196,Blood vessel,-171,-196,2,6
14026,171_197,Blood vessel,-171,-197,2,6
14027,171_198,Blood vessel,-171,-198,2,7
14028,171_199,Blood vessel,-171,-199,2,6
14029,171_200,Blood vessel,-171,-200,2,7
14030,171_201,Blood vessel,-171,-201,2,7
14031,171_202,Blood vessel,-171,-202,2,7
14032,171_203,Blood vessel,-171,-203,2,7
14033,171_204,Heart,-171,-204,2,3
14034,171_205,Heart,-171,-205,2,3
14035,171_206,Heart,-171,-206,2,120
14036,171_207,Branchial arch,-171,-207,2,127
14037,171_208,Branchial arch,-171,-208,2,127
14038,171_209,Branchial arch,-171,-209,2,127
14039,171_210,Branchial arch,-171,-210,2,127
14040,171_211,Branchial arch,-171,-211,2,127
14041,171_212,Branchial arch,-171,-212,2,127
14042,171_213,Branchial arch,-171,-213,2,127
14043,171_214,Branchial arch,-171,-214,2,121
14044,171_215,Branchial arch,-171,-215,2,127
14045,171_216,Branchial arch,-171,-216,2,120
14046,171_217,Branchial arch,-171,-217,2,127
14047,171_218,Sclerotome,-171,-218,2,112
14048,171_219,Branchial arch,-171,-219,2,126
14049,171_220,Branchial arch,-171,-220,2,126
14050,171_221,Cavity,-171,-221,2,18
14051,171_222,Cavity,-171,-222,2,23
14052,171_223,Cavity,-171,-223,2,30
14053,171_224,Cavity,-171,-224,2,30
14054,171_225,Cavity,-171,-225,2,30
14055,171_226,Cavity,-171,-226,2,20
14056,171_227,Cavity,-171,-227,2,30
14057,171_228,Cavity,-171,-228,2,31
14058,171_229,Cavity,-171,-229,2,30
14059,171_230,Cavity,-171,-230,2,30
14060,171_231,Cavity,-171,-231,2,17
14061,171_232,Cavity,-171,-232,2,28
14062,171_233,Cavity,-171,-233,2,19
14063,171_234,Cavity,-171,-234,2,20
14064,171_235,Cavity,-171,-235,2,19
14065,171_236,Head mesenchyme,-171,-236,2,18
14066,171_237,Head mesenchyme,-171,-237,2,112
14067,171_238,Head mesenchyme,-171,-238,2,113
14068,171_239,Spinal cord,-171,-239,2,116
14069,171_240,Spinal cord,-171,-240,2,87
14070,171_241,Spinal cord,-171,-241,2,84
14071,171_242,Spinal cord,-171,-242,2,84
14072,171_243,Spinal cord,-171,-243,2,81
14073,171_244,Spinal cord,-171,-244,2,81
14074,171_245,Spinal cord,-171,-245,2,82
14075,171_246,Spinal cord,-171,-246,2,81
14076,171_247,Spinal cord,-171,-247,2,81
14077,171_248,Spinal cord,-171,-248,2,90
14078,171_249,Spinal cord,-171,-249,2,91
14079,171_250,Brain,-171,-250,2,99
14080,171_251,Brain,-171,-251,2,109
14081,171_252,Brain,-171,-252,2,101
14082,171_253,Brain,-171,-253,2,99
14083,171_254,Brain,-171,-254,2,102
14084,171_255,Brain,-171,-255,2,109
14085,171_256,Brain,-171,-256,2,109
14086,171_257,Brain,-171,-257,2,109
14087,171_258,Brain,-171,-258,2,109
14088,171_259,Brain,-171,-259,2,109
14089,171_260,Brain,-171,-260,2,97
14090,171_261,Brain,-171,-261,2,102
14091,171_262,Brain,-171,-262,2,102
14092,171_263,Brain,-171,-263,2,109
14093,171_264,Brain,-171,-264,2,97
14094,171_265,Brain,-171,-265,2,103
14095,171_266,Brain,-171,-266,2,109
14096,171_267,Brain,-171,-267,2,108
14097,171_268,Brain,-171,-268,2,108
14098,171_269,Brain,-171,-269,2,108
14099,171_270,Brain,-171,-270,2,108
14100,171_271,Brain,-171,-271,2,108
14101,171_272,Brain,-171,-272,2,108
14102,171_273,Brain,-171,-273,2,108
14103,171_274,Brain,-171,-274,2,108
14104,171_275,Brain,-171,-275,2,111
14105,171_276,Brain,-171,-276,2,84
14106,171_277,Brain,-171,-277,2,84
14107,171_278,Brain,-171,-278,2,117
14108,171_279,Cavity,-171,-279,2,5
14109,171_280,Cavity,-171,-280,2,104
14110,171_281,Urogenital ridge,-171,-281,2,5
14111,171_282,Head mesenchyme,-171,-282,2,5
14112,171_283,Head mesenchyme,-171,-283,2,5
14113,171_284,Head mesenchyme,-171,-284,2,116
14114,171_285,Head mesenchyme,-171,-285,2,116
14115,171_286,Head mesenchyme,-171,-286,2,118
14116,171_287,Head mesenchyme,-171,-287,2,116
14117,171_288,Head mesenchyme,-171,-288,2,116
14118,171_289,Head mesenchyme,-171,-289,2,118
14119,171_290,Head mesenchyme,-171,-290,2,116
14120,171_291,Head mesenchyme,-171,-291,2,116
14121,171_292,Head mesenchyme,-171,-292,2,118
14122,171_293,Head mesenchyme,-171,-293,2,118
14123,171_294,Head mesenchyme,-171,-294,2,118
14124,171_295,Head mesenchyme,-171,-295,2,116
14125,171_296,Head mesenchyme,-171,-296,2,116
14126,171_297,Surface ectoderm,-171,-297,2,22
14127,171_298,Head mesenchyme,-171,-298,2,13
14128,171_299,Head mesenchyme,-171,-299,2,118
14129,171_300,Head mesenchyme,-171,-300,2,118
14130,171_301,Head mesenchyme,-171,-301,2,118
14131,171_302,Head mesenchyme,-171,-302,2,118
14132,171_303,Head mesenchyme,-171,-303,2,118
14133,171_304,Head mesenchyme,-171,-304,2,116
14134,171_305,Head mesenchyme,-171,-305,2,97
14135,171_306,Head mesenchyme,-171,-306,2,118
14136,171_307,Head mesenchyme,-171,-307,2,5
14137,171_308,Head mesenchyme,-171,-308,2,116
14138,171_309,Head mesenchyme,-171,-309,2,116
14139,171_310,Urogenital ridge,-171,-310,2,5
14140,171_311,Head mesenchyme,-171,-311,2,116
14141,171_312,Head mesenchyme,-171,-312,2,116
14142,171_313,Urogenital ridge,-171,-313,2,116
14143,171_314,Urogenital ridge,-171,-314,2,117
14144,171_315,Urogenital ridge,-171,-315,2,4
14145,171_316,Blood vessel,-171,-316,2,17
14146,171_317,Connective tissue,-171,-317,2,17
14147,171_318,Connective tissue,-171,-318,2,30
14148,171_319,Cavity,-171,-319,2,31
14149,171_320,Cavity,-171,-320,2,31
14150,171_321,Cavity,-171,-321,2,31
14151,172_128,Cavity,-172,-128,2,29
14152,172_129,Cavity,-172,-129,2,28
14153,172_130,Surface ectoderm,-172,-130,2,23
14154,172_131,Surface ectoderm,-172,-131,2,22
14155,172_132,Surface ectoderm,-172,-132,2,22
14156,172_133,Spinal cord,-172,-133,2,103
14157,172_134,Spinal cord,-172,-134,2,89
14158,172_135,Spinal cord,-172,-135,2,94
14159,172_136,Spinal cord,-172,-136,2,102
14160,172_137,Spinal cord,-172,-137,2,103
14161,172_138,Spinal cord,-172,-138,2,103
14162,172_139,Spinal cord,-172,-139,2,94
14163,172_140,Spinal cord,-172,-140,2,103
14164,172_141,Spinal cord,-172,-141,2,94
14165,172_142,Spinal cord,-172,-142,2,88
14166,172_143,Spinal cord,-172,-143,2,93
14167,172_144,Spinal cord,-172,-144,2,88
14168,172_145,Spinal cord,-172,-145,2,89
14169,172_146,Spinal cord,-172,-146,2,91
14170,172_147,Spinal cord,-172,-147,2,83
14171,172_148,Spinal cord,-172,-148,2,80
14172,172_149,Spinal cord,-172,-149,2,83
14173,172_150,Spinal cord,-172,-150,2,85
14174,172_151,Spinal cord,-172,-151,2,84
14175,172_152,Sclerotome,-172,-152,2,112
14176,172_153,Sclerotome,-172,-153,2,118
14177,172_154,Sclerotome,-172,-154,2,116
14178,172_155,Sclerotome,-172,-155,2,112
14179,172_156,Sclerotome,-172,-156,2,115
14180,172_157,Urogenital ridge,-172,-157,2,116
14181,172_158,Urogenital ridge,-172,-158,2,4
14182,172_159,Urogenital ridge,-172,-159,2,4
14183,172_160,Blood vessel,-172,-160,2,7
14184,172_161,Blood vessel,-172,-161,2,6
14185,172_162,Blood vessel,-172,-162,2,6
14186,172_163,Branchial arch,-172,-163,2,120
14187,172_164,Lung primordium,-172,-164,2,127
14188,172_165,Lung primordium,-172,-165,2,127
14189,172_166,Lung primordium,-172,-166,2,121
14190,172_167,Lung primordium,-172,-167,2,121
14191,172_168,Urogenital ridge,-172,-168,2,120
14192,172_169,Urogenital ridge,-172,-169,2,123
14193,172_170,Urogenital ridge,-172,-170,2,121
14194,172_171,Urogenital ridge,-172,-171,2,121
14195,172_172,Lung primordium,-172,-172,2,120
14196,172_173,Lung primordium,-172,-173,2,123
14197,172_174,Lung primordium,-172,-174,2,120
14198,172_175,Lung primordium,-172,-175,2,127
14199,172_176,Lung primordium,-172,-176,2,123
14200,172_177,Lung primordium,-172,-177,2,123
14201,172_178,Lung primordium,-172,-178,2,123
14202,172_179,Lung primordium,-172,-179,2,127
14203,172_180,Lung primordium,-172,-180,2,120
14204,172_181,Lung primordium,-172,-181,2,121
14205,172_182,Lung primordium,-172,-182,2,120
14206,172_183,Lung primordium,-172,-183,2,123
14207,172_184,Lung primordium,-172,-184,2,120
14208,172_185,Heart,-172,-185,2,11
14209,172_186,Heart,-172,-186,2,3
14210,172_187,Heart,-172,-187,2,3
14211,172_188,Heart,-172,-188,2,3
14212,172_189,Blood vessel,-172,-189,2,6
14213,172_190,Blood vessel,-172,-190,2,6
14214,172_191,Blood vessel,-172,-191,2,6
14215,172_192,Blood vessel,-172,-192,2,6
14216,172_193,Blood vessel,-172,-193,2,6
14217,172_194,Blood vessel,-172,-194,2,6
14218,172_195,Blood vessel,-172,-195,2,6
14219,172_196,Blood vessel,-172,-196,2,6
14220,172_197,Blood vessel,-172,-197,2,6
14221,172_198,Blood vessel,-172,-198,2,6
14222,172_199,Blood vessel,-172,-199,2,6
14223,172_200,Blood vessel,-172,-200,2,7
14224,172_201,Heart,-172,-201,2,3
14225,172_202,Heart,-172,-202,2,3
14226,172_203,Heart,-172,-203,2,3
14227,172_204,Heart,-172,-204,2,3
14228,172_205,Heart,-172,-205,2,2
14229,172_206,Heart,-172,-206,2,2
14230,172_207,Heart,-172,-207,2,3
14231,172_208,Branchial arch,-172,-208,2,120
14232,172_209,Branchial arch,-172,-209,2,127
14233,172_210,Branchial arch,-172,-210,2,120
14234,172_211,Sclerotome,-172,-211,2,126
14235,172_212,Branchial arch,-172,-212,2,121
14236,172_213,Branchial arch,-172,-213,2,127
14237,172_214,Branchial arch,-172,-214,2,127
14238,172_215,Branchial arch,-172,-215,2,127
14239,172_216,Branchial arch,-172,-216,2,127
14240,172_217,Branchial arch,-172,-217,2,127
14241,172_218,Branchial arch,-172,-218,2,121
14242,172_219,Lung primordium,-172,-219,2,127
14243,172_220,Branchial arch,-172,-220,2,127
14244,172_221,Lung primordium,-172,-221,2,123
14245,172_222,Cavity,-172,-222,2,28
14246,172_223,Cavity,-172,-223,2,20
14247,172_224,Cavity,-172,-224,2,23
14248,172_225,Cavity,-172,-225,2,19
14249,172_226,Cavity,-172,-226,2,19
14250,172_227,Cavity,-172,-227,2,30
14251,172_228,Cavity,-172,-228,2,30
14252,172_229,Cavity,-172,-229,2,17
14253,172_230,Cavity,-172,-230,2,19
14254,172_231,Cavity,-172,-231,2,30
14255,172_232,Cavity,-172,-232,2,19
14256,172_233,Cavity,-172,-233,2,20
14257,172_234,Cavity,-172,-234,2,18
14258,172_235,Cavity,-172,-235,2,30
14259,172_236,Cavity,-172,-236,2,18
14260,172_237,Surface ectoderm,-172,-237,2,23
14261,172_238,Head mesenchyme,-172,-238,2,118
14262,172_239,Head mesenchyme,-172,-239,2,118
14263,172_240,Spinal cord,-172,-240,2,115
14264,172_241,Spinal cord,-172,-241,2,84
14265,172_242,Spinal cord,-172,-242,2,87
14266,172_243,Spinal cord,-172,-243,2,80
14267,172_244,Spinal cord,-172,-244,2,86
14268,172_245,Spinal cord,-172,-245,2,85
14269,172_246,Spinal cord,-172,-246,2,87
14270,172_247,Spinal cord,-172,-247,2,86
14271,172_248,Spinal cord,-172,-248,2,86
14272,172_249,Spinal cord,-172,-249,2,85
14273,172_250,Spinal cord,-172,-250,2,87
14274,172_251,Spinal cord,-172,-251,2,95
14275,172_252,Brain,-172,-252,2,108
14276,172_253,Brain,-172,-253,2,109
14277,172_254,Brain,-172,-254,2,98
14278,172_255,Brain,-172,-255,2,108
14279,172_256,Brain,-172,-256,2,108
14280,172_257,Spinal cord,-172,-257,2,102
14281,172_258,Spinal cord,-172,-258,2,102
14282,172_259,Brain,-172,-259,2,97
14283,172_260,Brain,-172,-260,2,103
14284,172_261,Spinal cord,-172,-261,2,102
14285,172_262,Brain,-172,-262,2,97
14286,172_263,Brain,-172,-263,2,109
14287,172_264,Brain,-172,-264,2,102
14288,172_265,Brain,-172,-265,2,108
14289,172_266,Brain,-172,-266,2,108
14290,172_267,Brain,-172,-267,2,108
14291,172_268,Brain,-172,-268,2,108
14292,172_269,Brain,-172,-269,2,108
14293,172_270,Brain,-172,-270,2,108
14294,172_271,Brain,-172,-271,2,108
14295,172_272,Brain,-172,-272,2,108
14296,172_273,Brain,-172,-273,2,108
14297,172_274,Brain,-172,-274,2,108
14298,172_275,Brain,-172,-275,2,111
14299,172_276,Brain,-172,-276,2,108
14300,172_277,Brain,-172,-277,2,84
14301,172_278,Brain,-172,-278,2,84
14302,172_279,Urogenital ridge,-172,-279,2,117
14303,172_280,Urogenital ridge,-172,-280,2,117
14304,172_281,Urogenital ridge,-172,-281,2,5
14305,172_282,Urogenital ridge,-172,-282,2,5
14306,172_283,Head mesenchyme,-172,-283,2,5
14307,172_284,Head mesenchyme,-172,-284,2,118
14308,172_285,Head mesenchyme,-172,-285,2,118
14309,172_286,Head mesenchyme,-172,-286,2,118
14310,172_287,Head mesenchyme,-172,-287,2,118
14311,172_288,Head mesenchyme,-172,-288,2,118
14312,172_289,Head mesenchyme,-172,-289,2,118
14313,172_290,Head mesenchyme,-172,-290,2,118
14314,172_291,Head mesenchyme,-172,-291,2,118
14315,172_292,Head mesenchyme,-172,-292,2,116
14316,172_293,Head mesenchyme,-172,-293,2,118
14317,172_294,Head mesenchyme,-172,-294,2,118
14318,172_295,Head mesenchyme,-172,-295,2,118
14319,172_296,Head mesenchyme,-172,-296,2,118
14320,172_297,Head mesenchyme,-172,-297,2,118
14321,172_298,Head mesenchyme,-172,-298,2,118
14322,172_299,Head mesenchyme,-172,-299,2,118
14323,172_300,Head mesenchyme,-172,-300,2,116
14324,172_301,Head mesenchyme,-172,-301,2,118
14325,172_302,Head mesenchyme,-172,-302,2,118
14326,172_303,Head mesenchyme,-172,-303,2,118
14327,172_304,Head mesenchyme,-172,-304,2,118
14328,172_305,Head mesenchyme,-172,-305,2,116
14329,172_306,Head mesenchyme,-172,-306,2,117
14330,172_307,Head mesenchyme,-172,-307,2,116
14331,172_308,Head mesenchyme,-172,-308,2,116
14332,172_309,Head mesenchyme,-172,-309,2,5
14333,172_310,Head mesenchyme,-172,-310,2,118
14334,172_311,Head mesenchyme,-172,-311,2,118
14335,172_312,Urogenital ridge,-172,-312,2,5
14336,172_313,Urogenital ridge,-172,-313,2,5
14337,172_314,Urogenital ridge,-172,-314,2,5
14338,172_315,Urogenital ridge,-172,-315,2,5
14339,172_316,Connective tissue,-172,-316,2,6
14340,172_317,Connective tissue,-172,-317,2,17
14341,172_318,Connective tissue,-172,-318,2,17
14342,172_319,Cavity,-172,-319,2,31
14343,172_320,Cavity,-172,-320,2,31
14344,172_321,Cavity,-172,-321,2,31
14345,172_322,Cavity,-172,-322,2,27
14346,173_127,Cavity,-173,-127,2,26
14347,173_128,Cavity,-173,-128,2,29
14348,173_129,Cavity,-173,-129,2,28
14349,173_130,Surface ectoderm,-173,-130,2,23
14350,173_131,Surface ectoderm,-173,-131,2,22
14351,173_132,Surface ectoderm,-173,-132,2,89
14352,173_133,Spinal cord,-173,-133,2,103
14353,173_134,Spinal cord,-173,-134,2,103
14354,173_135,Spinal cord,-173,-135,2,100
14355,173_136,Spinal cord,-173,-136,2,102
14356,173_137,Spinal cord,-173,-137,2,103
14357,173_138,Spinal cord,-173,-138,2,103
14358,173_139,Spinal cord,-173,-139,2,103
14359,173_140,Spinal cord,-173,-140,2,102
14360,173_141,Spinal cord,-173,-141,2,91
14361,173_142,Spinal cord,-173,-142,2,89
14362,173_143,Spinal cord,-173,-143,2,89
14363,173_144,Spinal cord,-173,-144,2,88
14364,173_145,Spinal cord,-173,-145,2,91
14365,173_146,Spinal cord,-173,-146,2,82
14366,173_147,Spinal cord,-173,-147,2,82
14367,173_148,Spinal cord,-173,-148,2,83
14368,173_149,Spinal cord,-173,-149,2,82
14369,173_150,Spinal cord,-173,-150,2,80
14370,173_151,Spinal cord,-173,-151,2,113
14371,173_152,Sclerotome,-173,-152,2,112
14372,173_153,Sclerotome,-173,-153,2,113
14373,173_154,Sclerotome,-173,-154,2,113
14374,173_155,Sclerotome,-173,-155,2,113
14375,173_156,Sclerotome,-173,-156,2,126
14376,173_157,Urogenital ridge,-173,-157,2,4
14377,173_158,Urogenital ridge,-173,-158,2,4
14378,173_159,Blood vessel,-173,-159,2,6
14379,173_160,Blood vessel,-173,-160,2,6
14380,173_161,Blood vessel,-173,-161,2,6
14381,173_162,Urogenital ridge,-173,-162,2,4
14382,173_163,Lung primordium,-173,-163,2,121
14383,173_164,Lung primordium,-173,-164,2,127
14384,173_165,Lung primordium,-173,-165,2,120
14385,173_166,Urogenital ridge,-173,-166,2,120
14386,173_167,Blood vessel,-173,-167,2,121
14387,173_168,Blood vessel,-173,-168,2,124
14388,173_169,Urogenital ridge,-173,-169,2,120
14389,173_170,Urogenital ridge,-173,-170,2,123
14390,173_171,Urogenital ridge,-173,-171,2,123
14391,173_172,Urogenital ridge,-173,-172,2,121
14392,173_173,Lung primordium,-173,-173,2,124
14393,173_174,Lung primordium,-173,-174,2,127
14394,173_175,Lung primordium,-173,-175,2,120
14395,173_176,Lung primordium,-173,-176,2,120
14396,173_177,Lung primordium,-173,-177,2,120
14397,173_178,Lung primordium,-173,-178,2,127
14398,173_179,Lung primordium,-173,-179,2,121
14399,173_180,Lung primordium,-173,-180,2,127
14400,173_181,Urogenital ridge,-173,-181,2,121
14401,173_182,Lung primordium,-173,-182,2,121
14402,173_183,Lung primordium,-173,-183,2,121
14403,173_184,Lung primordium,-173,-184,2,121
14404,173_185,Heart,-173,-185,2,126
14405,173_186,Heart,-173,-186,2,3
14406,173_187,Heart,-173,-187,2,3
14407,173_188,Heart,-173,-188,2,3
14408,173_189,Heart,-173,-189,2,16
14409,173_190,Heart,-173,-190,2,6
14410,173_191,Blood vessel,-173,-191,2,6
14411,173_192,Blood vessel,-173,-192,2,6
14412,173_193,Blood vessel,-173,-193,2,6
14413,173_194,Blood vessel,-173,-194,2,6
14414,173_195,Blood vessel,-173,-195,2,6
14415,173_196,Blood vessel,-173,-196,2,6
14416,173_197,Blood vessel,-173,-197,2,6
14417,173_198,Blood vessel,-173,-198,2,6
14418,173_199,Blood vessel,-173,-199,2,6
14419,173_200,Heart,-173,-200,2,5
14420,173_201,Heart,-173,-201,2,3
14421,173_202,Heart,-173,-202,2,3
14422,173_203,Heart,-173,-203,2,3
14423,173_204,Heart,-173,-204,2,3
14424,173_205,Heart,-173,-205,2,2
14425,173_206,Heart,-173,-206,2,2
14426,173_207,Heart,-173,-207,2,2
14427,173_208,Heart,-173,-208,2,127
14428,173_209,Branchial arch,-173,-209,2,126
14429,173_210,Branchial arch,-173,-210,2,127
14430,173_211,Branchial arch,-173,-211,2,125
14431,173_212,Branchial arch,-173,-212,2,125
14432,173_213,Branchial arch,-173,-213,2,124
14433,173_214,Branchial arch,-173,-214,2,121
14434,173_215,Branchial arch,-173,-215,2,124
14435,173_216,Branchial arch,-173,-216,2,127
14436,173_217,Branchial arch,-173,-217,2,127
14437,173_218,Branchial arch,-173,-218,2,124
14438,173_219,Branchial arch,-173,-219,2,126
14439,173_220,Branchial arch,-173,-220,2,126
14440,173_221,Urogenital ridge,-173,-221,2,23
14441,173_222,Cavity,-173,-222,2,18
14442,173_223,Cavity,-173,-223,2,23
14443,173_224,Cavity,-173,-224,2,19
14444,173_225,Surface ectoderm,-173,-225,2,28
14445,173_226,Cavity,-173,-226,2,22
14446,173_227,Cavity,-173,-227,2,20
14447,173_228,Cavity,-173,-228,2,20
14448,173_229,Cavity,-173,-229,2,20
14449,173_230,Cavity,-173,-230,2,20
14450,173_231,Cavity,-173,-231,2,20
14451,173_232,Cavity,-173,-232,2,20
14452,173_233,Cavity,-173,-233,2,20
14453,173_234,Cavity,-173,-234,2,20
14454,173_235,Cavity,-173,-235,2,20
14455,173_236,Cavity,-173,-236,2,20
14456,173_237,Cavity,-173,-237,2,20
14457,173_238,Cavity,-173,-238,2,20
14458,173_239,Surface ectoderm,-173,-239,2,23
14459,173_240,Head mesenchyme,-173,-240,2,118
14460,173_241,Spinal cord,-173,-241,2,84
14461,173_242,Spinal cord,-173,-242,2,87
14462,173_243,Spinal cord,-173,-243,2,84
14463,173_244,Spinal cord,-173,-244,2,84
14464,173_245,Spinal cord,-173,-245,2,84
14465,173_246,Spinal cord,-173,-246,2,84
14466,173_247,Spinal cord,-173,-247,2,84
14467,173_248,Spinal cord,-173,-248,2,87
14468,173_249,Spinal cord,-173,-249,2,87
14469,173_250,Brain,-173,-250,2,87
14470,173_251,Brain,-173,-251,2,108
14471,173_252,Brain,-173,-252,2,109
14472,173_253,Brain,-173,-253,2,108
14473,173_254,Brain,-173,-254,2,108
14474,173_255,Brain,-173,-255,2,109
14475,173_256,Brain,-173,-256,2,108
14476,173_257,Brain,-173,-257,2,108
14477,173_258,Spinal cord,-173,-258,2,109
14478,173_259,Spinal cord,-173,-259,2,98
14479,173_260,Brain,-173,-260,2,108
14480,173_261,Brain,-173,-261,2,108
14481,173_262,Brain,-173,-262,2,109
14482,173_263,Brain,-173,-263,2,96
14483,173_264,Brain,-173,-264,2,97
14484,173_265,Brain,-173,-265,2,108
14485,173_266,Brain,-173,-266,2,108
14486,173_267,Brain,-173,-267,2,108
14487,173_268,Brain,-173,-268,2,108
14488,173_269,Brain,-173,-269,2,108
14489,173_270,Brain,-173,-270,2,108
14490,173_271,Brain,-173,-271,2,108
14491,173_272,Brain,-173,-272,2,108
14492,173_273,Brain,-173,-273,2,108
14493,173_274,Brain,-173,-274,2,108
14494,173_275,Brain,-173,-275,2,108
14495,173_276,Brain,-173,-276,2,108
14496,173_277,Brain,-173,-277,2,87
14497,173_278,Brain,-173,-278,2,87
14498,173_279,Urogenital ridge,-173,-279,2,116
14499,173_280,Urogenital ridge,-173,-280,2,5
14500,173_281,Urogenital ridge,-173,-281,2,5
14501,173_282,Urogenital ridge,-173,-282,2,5
14502,173_283,Head mesenchyme,-173,-283,2,118
14503,173_284,Head mesenchyme,-173,-284,2,116
14504,173_285,Head mesenchyme,-173,-285,2,118
14505,173_286,Head mesenchyme,-173,-286,2,118
14506,173_287,Head mesenchyme,-173,-287,2,118
14507,173_288,Head mesenchyme,-173,-288,2,118
14508,173_289,Head mesenchyme,-173,-289,2,118
14509,173_290,Head mesenchyme,-173,-290,2,116
14510,173_291,Head mesenchyme,-173,-291,2,118
14511,173_292,Head mesenchyme,-173,-292,2,118
14512,173_293,Head mesenchyme,-173,-293,2,118
14513,173_294,Head mesenchyme,-173,-294,2,118
14514,173_295,Head mesenchyme,-173,-295,2,118
14515,173_296,Head mesenchyme,-173,-296,2,118
14516,173_297,Head mesenchyme,-173,-297,2,118
14517,173_298,Head mesenchyme,-173,-298,2,118
14518,173_299,Head mesenchyme,-173,-299,2,118
14519,173_300,Head mesenchyme,-173,-300,2,118
14520,173_301,Head mesenchyme,-173,-301,2,116
14521,173_302,Head mesenchyme,-173,-302,2,118
14522,173_303,Head mesenchyme,-173,-303,2,116
14523,173_304,Head mesenchyme,-173,-304,2,116
14524,173_305,Head mesenchyme,-173,-305,2,117
14525,173_306,Head mesenchyme,-173,-306,2,118
14526,173_307,Head mesenchyme,-173,-307,2,23
14527,173_308,Head mesenchyme,-173,-308,2,118
14528,173_309,Head mesenchyme,-173,-309,2,116
14529,173_310,Head mesenchyme,-173,-310,2,118
14530,173_311,Urogenital ridge,-173,-311,2,5
14531,173_312,Blood vessel,-173,-312,2,7
14532,173_313,Urogenital ridge,-173,-313,2,5
14533,173_314,Urogenital ridge,-173,-314,2,116
14534,173_315,Urogenital ridge,-173,-315,2,5
14535,173_316,Urogenital ridge,-173,-316,2,6
14536,173_317,Connective tissue,-173,-317,2,17
14537,173_318,Connective tissue,-173,-318,2,17
14538,173_319,Cavity,-173,-319,2,31
14539,173_320,Cavity,-173,-320,2,29
14540,173_321,Cavity,-173,-321,2,31
14541,173_322,Cavity,-173,-322,2,26
14542,174_127,Cavity,-174,-127,2,25
14543,174_128,Cavity,-174,-128,2,28
14544,174_129,Surface ectoderm,-174,-129,2,30
14545,174_130,Surface ectoderm,-174,-130,2,22
14546,174_131,Surface ectoderm,-174,-131,2,22
14547,174_132,Surface ectoderm,-174,-132,2,103
14548,174_133,Spinal cord,-174,-133,2,101
14549,174_134,Spinal cord,-174,-134,2,102
14550,174_135,Spinal cord,-174,-135,2,102
14551,174_136,Spinal cord,-174,-136,2,103
14552,174_137,Spinal cord,-174,-137,2,107
14553,174_138,Spinal cord,-174,-138,2,103
14554,174_139,Spinal cord,-174,-139,2,98
14555,174_140,Spinal cord,-174,-140,2,89
14556,174_141,Spinal cord,-174,-141,2,88
14557,174_142,Spinal cord,-174,-142,2,88
14558,174_143,Spinal cord,-174,-143,2,93
14559,174_144,Spinal cord,-174,-144,2,92
14560,174_145,Spinal cord,-174,-145,2,80
14561,174_146,Spinal cord,-174,-146,2,83
14562,174_147,Spinal cord,-174,-147,2,83
14563,174_148,Spinal cord,-174,-148,2,82
14564,174_149,Spinal cord,-174,-149,2,80
14565,174_150,Spinal cord,-174,-150,2,86
14566,174_151,Spinal cord,-174,-151,2,86
14567,174_152,Sclerotome,-174,-152,2,112
14568,174_153,Sclerotome,-174,-153,2,115
14569,174_154,Sclerotome,-174,-154,2,113
14570,174_155,Sclerotome,-174,-155,2,113
14571,174_156,Sclerotome,-174,-156,2,125
14572,174_157,Urogenital ridge,-174,-157,2,5
14573,174_158,Blood vessel,-174,-158,2,7
14574,174_159,Blood vessel,-174,-159,2,6
14575,174_160,Blood vessel,-174,-160,2,6
14576,174_161,Urogenital ridge,-174,-161,2,6
14577,174_162,Branchial arch,-174,-162,2,121
14578,174_163,Lung primordium,-174,-163,2,120
14579,174_164,Lung primordium,-174,-164,2,127
14580,174_165,Lung primordium,-174,-165,2,121
14581,174_166,Lung primordium,-174,-166,2,121
14582,174_167,Urogenital ridge,-174,-167,2,120
14583,174_168,Urogenital ridge,-174,-168,2,121
14584,174_169,Urogenital ridge,-174,-169,2,123
14585,174_170,Urogenital ridge,-174,-170,2,122
14586,174_171,Liver,-174,-171,2,123
14587,174_172,Urogenital ridge,-174,-172,2,122
14588,174_173,Urogenital ridge,-174,-173,2,123
14589,174_174,Urogenital ridge,-174,-174,2,123
14590,174_175,Lung primordium,-174,-175,2,121
14591,174_176,Lung primordium,-174,-176,2,123
14592,174_177,Lung primordium,-174,-177,2,120
14593,174_178,Lung primordium,-174,-178,2,121
14594,174_179,Lung primordium,-174,-179,2,120
14595,174_180,Lung primordium,-174,-180,2,127
14596,174_181,Lung primordium,-174,-181,2,121
14597,174_182,Lung primordium,-174,-182,2,124
14598,174_183,Lung primordium,-174,-183,2,124
14599,174_184,Heart,-174,-184,2,3
14600,174_185,Heart,-174,-185,2,3
14601,174_186,Heart,-174,-186,2,6
14602,174_187,Blood vessel,-174,-187,2,6
14603,174_188,Blood vessel,-174,-188,2,6
14604,174_189,Blood vessel,-174,-189,2,6
14605,174_190,Blood vessel,-174,-190,2,6
14606,174_191,Blood vessel,-174,-191,2,6
14607,174_192,Blood vessel,-174,-192,2,6
14608,174_193,Blood vessel,-174,-193,2,6
14609,174_194,Blood vessel,-174,-194,2,6
14610,174_195,Blood vessel,-174,-195,2,6
14611,174_196,Blood vessel,-174,-196,2,6
14612,174_197,Blood vessel,-174,-197,2,6
14613,174_198,Blood vessel,-174,-198,2,6
14614,174_199,Blood vessel,-174,-199,2,6
14615,174_200,Blood vessel,-174,-200,2,7
14616,174_201,Heart,-174,-201,2,3
14617,174_202,Blood vessel,-174,-202,2,7
14618,174_203,Heart,-174,-203,2,3
14619,174_204,Heart,-174,-204,2,3
14620,174_205,Heart,-174,-205,2,2
14621,174_206,Heart,-174,-206,2,2
14622,174_207,Heart,-174,-207,2,3
14623,174_208,Heart,-174,-208,2,3
14624,174_209,Branchial arch,-174,-209,2,126
14625,174_210,Branchial arch,-174,-210,2,126
14626,174_211,Urogenital ridge,-174,-211,2,124
14627,174_212,Connective tissue,-174,-212,2,125
14628,174_213,Branchial arch,-174,-213,2,127
14629,174_214,Branchial arch,-174,-214,2,121
14630,174_215,Branchial arch,-174,-215,2,127
14631,174_216,Branchial arch,-174,-216,2,127
14632,174_217,Branchial arch,-174,-217,2,127
14633,174_218,Branchial arch,-174,-218,2,127
14634,174_219,Branchial arch,-174,-219,2,124
14635,174_220,Branchial arch,-174,-220,2,112
14636,174_221,Branchial arch,-174,-221,2,127
14637,174_222,Lung primordium,-174,-222,2,121
14638,174_223,Urogenital ridge,-174,-223,2,121
14639,174_224,Lung primordium,-174,-224,2,121
14640,174_225,Lung primordium,-174,-225,2,123
14641,174_226,Cavity,-174,-226,2,20
14642,174_227,Cavity,-174,-227,2,23
14643,174_228,Urogenital ridge,-174,-228,2,121
14644,174_229,Urogenital ridge,-174,-229,2,120
14645,174_230,Cavity,-174,-230,2,20
14646,174_231,Cavity,-174,-231,2,20
14647,174_232,Cavity,-174,-232,2,20
14648,174_233,Cavity,-174,-233,2,20
14649,174_234,Cavity,-174,-234,2,20
14650,174_235,Cavity,-174,-235,2,20
14651,174_236,Cavity,-174,-236,2,20
14652,174_237,Cavity,-174,-237,2,20
14653,174_238,Cavity,-174,-238,2,20
14654,174_239,Cavity,-174,-239,2,23
14655,174_240,Surface ectoderm,-174,-240,2,23
14656,174_241,Head mesenchyme,-174,-241,2,118
14657,174_242,Head mesenchyme,-174,-242,2,116
14658,174_243,Head mesenchyme,-174,-243,2,87
14659,174_244,Head mesenchyme,-174,-244,2,117
14660,174_245,Head mesenchyme,-174,-245,2,118
14661,174_246,Spinal cord,-174,-246,2,86
14662,174_247,Spinal cord,-174,-247,2,84
14663,174_248,Spinal cord,-174,-248,2,87
14664,174_249,Brain,-174,-249,2,108
14665,174_250,Brain,-174,-250,2,108
14666,174_251,Brain,-174,-251,2,108
14667,174_252,Brain,-174,-252,2,108
14668,174_253,Brain,-174,-253,2,108
14669,174_254,Brain,-174,-254,2,108
14670,174_255,Brain,-174,-255,2,108
14671,174_256,Brain,-174,-256,2,108
14672,174_257,Brain,-174,-257,2,108
14673,174_258,Brain,-174,-258,2,108
14674,174_259,Brain,-174,-259,2,102
14675,174_260,Brain,-174,-260,2,109
14676,174_261,Brain,-174,-261,2,108
14677,174_262,Brain,-174,-262,2,109
14678,174_263,Brain,-174,-263,2,108
14679,174_264,Brain,-174,-264,2,108
14680,174_265,Brain,-174,-265,2,108
14681,174_266,Brain,-174,-266,2,108
14682,174_267,Brain,-174,-267,2,108
14683,174_268,Brain,-174,-268,2,108
14684,174_269,Brain,-174,-269,2,108
14685,174_270,Brain,-174,-270,2,108
14686,174_271,Brain,-174,-271,2,108
14687,174_272,Brain,-174,-272,2,108
14688,174_273,Brain,-174,-273,2,108
14689,174_274,Brain,-174,-274,2,108
14690,174_275,Brain,-174,-275,2,108
14691,174_276,Brain,-174,-276,2,97
14692,174_277,Brain,-174,-277,2,118
14693,174_278,Brain,-174,-278,2,87
14694,174_279,Urogenital ridge,-174,-279,2,5
14695,174_280,Urogenital ridge,-174,-280,2,5
14696,174_281,Connective tissue,-174,-281,2,17
14697,174_282,Urogenital ridge,-174,-282,2,5
14698,174_283,Head mesenchyme,-174,-283,2,118
14699,174_284,Head mesenchyme,-174,-284,2,118
14700,174_285,Head mesenchyme,-174,-285,2,118
14701,174_286,Head mesenchyme,-174,-286,2,118
14702,174_287,Head mesenchyme,-174,-287,2,118
14703,174_288,Head mesenchyme,-174,-288,2,118
14704,174_289,Head mesenchyme,-174,-289,2,23
14705,174_290,Head mesenchyme,-174,-290,2,118
14706,174_291,Head mesenchyme,-174,-291,2,118
14707,174_292,Head mesenchyme,-174,-292,2,118
14708,174_293,Head mesenchyme,-174,-293,2,116
14709,174_294,Head mesenchyme,-174,-294,2,116
14710,174_295,Head mesenchyme,-174,-295,2,118
14711,174_296,Head mesenchyme,-174,-296,2,22
14712,174_297,Head mesenchyme,-174,-297,2,118
14713,174_298,Head mesenchyme,-174,-298,2,118
14714,174_299,Head mesenchyme,-174,-299,2,118
14715,174_300,Head mesenchyme,-174,-300,2,118
14716,174_301,Head mesenchyme,-174,-301,2,118
14717,174_302,Head mesenchyme,-174,-302,2,116
14718,174_303,Head mesenchyme,-174,-303,2,116
14719,174_304,Head mesenchyme,-174,-304,2,116
14720,174_305,Head mesenchyme,-174,-305,2,116
14721,174_306,Head mesenchyme,-174,-306,2,117
14722,174_307,Head mesenchyme,-174,-307,2,116
14723,174_308,Head mesenchyme,-174,-308,2,118
14724,174_309,Head mesenchyme,-174,-309,2,116
14725,174_310,Head mesenchyme,-174,-310,2,118
14726,174_311,Urogenital ridge,-174,-311,2,116
14727,174_312,Urogenital ridge,-174,-312,2,5
14728,174_313,Urogenital ridge,-174,-313,2,117
14729,174_314,Head mesenchyme,-174,-314,2,116
14730,174_315,Urogenital ridge,-174,-315,2,117
14731,174_316,Urogenital ridge,-174,-316,2,5
14732,174_317,Connective tissue,-174,-317,2,17
14733,174_318,Connective tissue,-174,-318,2,31
14734,174_319,Cavity,-174,-319,2,29
14735,174_320,Cavity,-174,-320,2,31
14736,174_321,Cavity,-174,-321,2,31
14737,174_322,Cavity,-174,-322,2,31
14738,175_127,Cavity,-175,-127,2,29
14739,175_128,Cavity,-175,-128,2,28
14740,175_129,Surface ectoderm,-175,-129,2,28
14741,175_130,Surface ectoderm,-175,-130,2,22
14742,175_131,Surface ectoderm,-175,-131,2,22
14743,175_132,Spinal cord,-175,-132,2,100
14744,175_133,Spinal cord,-175,-133,2,103
14745,175_134,Spinal cord,-175,-134,2,102
14746,175_135,Spinal cord,-175,-135,2,103
14747,175_136,Spinal cord,-175,-136,2,102
14748,175_137,Spinal cord,-175,-137,2,109
14749,175_138,Urogenital ridge,-175,-138,2,5
14750,175_139,Spinal cord,-175,-139,2,103
14751,175_140,Spinal cord,-175,-140,2,94
14752,175_141,Spinal cord,-175,-141,2,103
14753,175_142,Spinal cord,-175,-142,2,94
14754,175_143,Spinal cord,-175,-143,2,82
14755,175_144,Spinal cord,-175,-144,2,93
14756,175_145,Spinal cord,-175,-145,2,82
14757,175_146,Spinal cord,-175,-146,2,83
14758,175_147,Spinal cord,-175,-147,2,82
14759,175_148,Spinal cord,-175,-148,2,83
14760,175_149,Spinal cord,-175,-149,2,82
14761,175_150,Spinal cord,-175,-150,2,87
14762,175_151,Sclerotome,-175,-151,2,112
14763,175_152,Sclerotome,-175,-152,2,117
14764,175_153,Sclerotome,-175,-153,2,115
14765,175_154,Sclerotome,-175,-154,2,115
14766,175_155,Sclerotome,-175,-155,2,113
14767,175_156,Lung primordium,-175,-156,2,126
14768,175_157,Urogenital ridge,-175,-157,2,4
14769,175_158,Blood vessel,-175,-158,2,6
14770,175_159,Blood vessel,-175,-159,2,6
14771,175_160,Blood vessel,-175,-160,2,6
14772,175_161,Urogenital ridge,-175,-161,2,127
14773,175_162,Branchial arch,-175,-162,2,121
14774,175_163,Lung primordium,-175,-163,2,120
14775,175_164,Lung primordium,-175,-164,2,127
14776,175_165,Lung primordium,-175,-165,2,120
14777,175_166,Urogenital ridge,-175,-166,2,121
14778,175_167,Urogenital ridge,-175,-167,2,121
14779,175_168,Urogenital ridge,-175,-168,2,120
14780,175_169,Liver,-175,-169,2,123
14781,175_170,Liver,-175,-170,2,123
14782,175_171,Liver,-175,-171,2,123
14783,175_172,Liver,-175,-172,2,123
14784,175_173,Liver,-175,-173,2,123
14785,175_174,Liver,-175,-174,2,123
14786,175_175,Urogenital ridge,-175,-175,2,123
14787,175_176,Urogenital ridge,-175,-176,2,120
14788,175_177,Lung primordium,-175,-177,2,112
14789,175_178,Lung primordium,-175,-178,2,127
14790,175_179,Lung primordium,-175,-179,2,123
14791,175_180,Lung primordium,-175,-180,2,121
14792,175_181,Lung primordium,-175,-181,2,121
14793,175_182,Lung primordium,-175,-182,2,127
14794,175_183,Lung primordium,-175,-183,2,127
14795,175_184,Heart,-175,-184,2,3
14796,175_185,Heart,-175,-185,2,3
14797,175_186,Blood vessel,-175,-186,2,6
14798,175_187,Blood vessel,-175,-187,2,6
14799,175_188,Blood vessel,-175,-188,2,6
14800,175_189,Blood vessel,-175,-189,2,6
14801,175_190,Blood vessel,-175,-190,2,6
14802,175_191,Blood vessel,-175,-191,2,6
14803,175_192,Blood vessel,-175,-192,2,6
14804,175_193,Blood vessel,-175,-193,2,6
14805,175_194,Blood vessel,-175,-194,2,6
14806,175_195,Blood vessel,-175,-195,2,6
14807,175_196,Blood vessel,-175,-196,2,6
14808,175_197,Blood vessel,-175,-197,2,6
14809,175_198,Blood vessel,-175,-198,2,6
14810,175_199,Blood vessel,-175,-199,2,6
14811,175_200,Heart,-175,-200,2,3
14812,175_201,Heart,-175,-201,2,6
14813,175_202,Blood vessel,-175,-202,2,7
14814,175_203,Blood vessel,-175,-203,2,7
14815,175_204,Heart,-175,-204,2,5
14816,175_205,Heart,-175,-205,2,2
14817,175_206,Heart,-175,-206,2,3
14818,175_207,Heart,-175,-207,2,2
14819,175_208,Heart,-175,-208,2,3
14820,175_209,Heart,-175,-209,2,3
14821,175_210,Urogenital ridge,-175,-210,2,3
14822,175_211,Urogenital ridge,-175,-211,2,125
14823,175_212,Sclerotome,-175,-212,2,112
14824,175_213,Branchial arch,-175,-213,2,127
14825,175_214,Branchial arch,-175,-214,2,121
14826,175_215,Branchial arch,-175,-215,2,121
14827,175_216,Branchial arch,-175,-216,2,127
14828,175_217,Branchial arch,-175,-217,2,127
14829,175_218,Branchial arch,-175,-218,2,126
14830,175_219,Urogenital ridge,-175,-219,2,5
14831,175_220,Branchial arch,-175,-220,2,124
14832,175_221,Lung primordium,-175,-221,2,121
14833,175_222,Lung primordium,-175,-222,2,121
14834,175_223,Branchial arch,-175,-223,2,121
14835,175_224,Urogenital ridge,-175,-224,2,121
14836,175_225,Branchial arch,-175,-225,2,127
14837,175_226,Branchial arch,-175,-226,2,121
14838,175_227,Urogenital ridge,-175,-227,2,120
14839,175_228,Branchial arch,-175,-228,2,120
14840,175_229,Branchial arch,-175,-229,2,121
14841,175_230,Branchial arch,-175,-230,2,123
14842,175_231,Branchial arch,-175,-231,2,123
14843,175_232,Cavity,-175,-232,2,21
14844,175_233,Cavity,-175,-233,2,20
14845,175_234,Cavity,-175,-234,2,20
14846,175_235,Cavity,-175,-235,2,20
14847,175_236,Cavity,-175,-236,2,20
14848,175_237,Cavity,-175,-237,2,20
14849,175_238,Cavity,-175,-238,2,19
14850,175_239,Cavity,-175,-239,2,19
14851,175_240,Cavity,-175,-240,2,23
14852,175_241,Head mesenchyme,-175,-241,2,118
14853,175_242,Head mesenchyme,-175,-242,2,118
14854,175_243,Head mesenchyme,-175,-243,2,117
14855,175_244,Head mesenchyme,-175,-244,2,116
14856,175_245,Head mesenchyme,-175,-245,2,116
14857,175_246,Head mesenchyme,-175,-246,2,116
14858,175_247,Head mesenchyme,-175,-247,2,118
14859,175_248,Head mesenchyme,-175,-248,2,116
14860,175_249,Spinal cord,-175,-249,2,87
14861,175_250,Brain,-175,-250,2,111
14862,175_251,Brain,-175,-251,2,96
14863,175_252,Brain,-175,-252,2,108
14864,175_253,Brain,-175,-253,2,108
14865,175_254,Brain,-175,-254,2,108
14866,175_255,Brain,-175,-255,2,108
14867,175_256,Brain,-175,-256,2,108
14868,175_257,Brain,-175,-257,2,108
14869,175_258,Brain,-175,-258,2,108
14870,175_259,Brain,-175,-259,2,108
14871,175_260,Brain,-175,-260,2,108
14872,175_261,Brain,-175,-261,2,109
14873,175_262,Brain,-175,-262,2,108
14874,175_263,Brain,-175,-263,2,108
14875,175_264,Brain,-175,-264,2,109
14876,175_265,Brain,-175,-265,2,108
14877,175_266,Brain,-175,-266,2,108
14878,175_267,Brain,-175,-267,2,108
14879,175_268,Brain,-175,-268,2,96
14880,175_269,Brain,-175,-269,2,108
14881,175_270,Brain,-175,-270,2,108
14882,175_271,Brain,-175,-271,2,108
14883,175_272,Brain,-175,-272,2,109
14884,175_273,Brain,-175,-273,2,97
14885,175_274,Brain,-175,-274,2,98
14886,175_275,Brain,-175,-275,2,96
14887,175_276,Brain,-175,-276,2,87
14888,175_277,Brain,-175,-277,2,118
14889,175_278,Brain,-175,-278,2,28
14890,175_279,Urogenital ridge,-175,-279,2,23
14891,175_280,Urogenital ridge,-175,-280,2,18
14892,175_281,Urogenital ridge,-175,-281,2,118
14893,175_282,Head mesenchyme,-175,-282,2,116
14894,175_283,Head mesenchyme,-175,-283,2,116
14895,175_284,Head mesenchyme,-175,-284,2,124
14896,175_285,Head mesenchyme,-175,-285,2,118
14897,175_286,Head mesenchyme,-175,-286,2,117
14898,175_287,Head mesenchyme,-175,-287,2,118
14899,175_288,Head mesenchyme,-175,-288,2,118
14900,175_289,Head mesenchyme,-175,-289,2,118
14901,175_290,Head mesenchyme,-175,-290,2,118
14902,175_291,Head mesenchyme,-175,-291,2,116
14903,175_292,Head mesenchyme,-175,-292,2,116
14904,175_293,Head mesenchyme,-175,-293,2,118
14905,175_294,Head mesenchyme,-175,-294,2,116
14906,175_295,Head mesenchyme,-175,-295,2,118
14907,175_296,Head mesenchyme,-175,-296,2,118
14908,175_297,Head mesenchyme,-175,-297,2,118
14909,175_298,Head mesenchyme,-175,-298,2,118
14910,175_299,Head mesenchyme,-175,-299,2,118
14911,175_300,Head mesenchyme,-175,-300,2,118
14912,175_301,Head mesenchyme,-175,-301,2,116
14913,175_302,Head mesenchyme,-175,-302,2,113
14914,175_303,Head mesenchyme,-175,-303,2,116
14915,175_304,Head mesenchyme,-175,-304,2,116
14916,175_305,Head mesenchyme,-175,-305,2,118
14917,175_306,Head mesenchyme,-175,-306,2,116
14918,175_307,Head mesenchyme,-175,-307,2,118
14919,175_308,Urogenital ridge,-175,-308,2,116
14920,175_309,Head mesenchyme,-175,-309,2,116
14921,175_310,Head mesenchyme,-175,-310,2,126
14922,175_311,Head mesenchyme,-175,-311,2,116
14923,175_312,Head mesenchyme,-175,-312,2,116
14924,175_313,Head mesenchyme,-175,-313,2,116
14925,175_314,Head mesenchyme,-175,-314,2,116
14926,175_315,Head mesenchyme,-175,-315,2,116
14927,175_316,Head mesenchyme,-175,-316,2,5
14928,175_317,Connective tissue,-175,-317,2,17
14929,175_318,Connective tissue,-175,-318,2,17
14930,175_319,Cavity,-175,-319,2,30
14931,175_320,Cavity,-175,-320,2,31
14932,175_321,Cavity,-175,-321,2,29
14933,175_322,Cavity,-175,-322,2,25
14934,176_126,Cavity,-176,-126,2,27
14935,176_127,Cavity,-176,-127,2,28
14936,176_128,Cavity,-176,-128,2,28
14937,176_129,Surface ectoderm,-176,-129,2,23
14938,176_130,Surface ectoderm,-176,-130,2,22
14939,176_131,Surface ectoderm,-176,-131,2,88
14940,176_132,Spinal cord,-176,-132,2,100
14941,176_133,Spinal cord,-176,-133,2,100
14942,176_134,Spinal cord,-176,-134,2,103
14943,176_135,Spinal cord,-176,-135,2,102
14944,176_136,Spinal cord,-176,-136,2,99
14945,176_137,Spinal cord,-176,-137,2,102
14946,176_138,Spinal cord,-176,-138,2,100
14947,176_139,Spinal cord,-176,-139,2,103
14948,176_140,Spinal cord,-176,-140,2,103
14949,176_141,Spinal cord,-176,-141,2,94
14950,176_142,Spinal cord,-176,-142,2,103
14951,176_143,Spinal cord,-176,-143,2,92
14952,176_144,Spinal cord,-176,-144,2,90
14953,176_145,Spinal cord,-176,-145,2,82
14954,176_146,Spinal cord,-176,-146,2,83
14955,176_147,Spinal cord,-176,-147,2,80
14956,176_148,Spinal cord,-176,-148,2,83
14957,176_149,Spinal cord,-176,-149,2,87
14958,176_150,Sclerotome,-176,-150,2,112
14959,176_151,Sclerotome,-176,-151,2,112
14960,176_152,Sclerotome,-176,-152,2,113
14961,176_153,Sclerotome,-176,-153,2,115
14962,176_154,Sclerotome,-176,-154,2,112
14963,176_155,Sclerotome,-176,-155,2,126
14964,176_156,Lung primordium,-176,-156,2,120
14965,176_157,Urogenital ridge,-176,-157,2,5
14966,176_158,Blood vessel,-176,-158,2,6
14967,176_159,Blood vessel,-176,-159,2,6
14968,176_160,Urogenital ridge,-176,-160,2,7
14969,176_161,Branchial arch,-176,-161,2,121
14970,176_162,Lung primordium,-176,-162,2,120
14971,176_163,Lung primordium,-176,-163,2,127
14972,176_164,Lung primordium,-176,-164,2,121
14973,176_165,Lung primordium,-176,-165,2,120
14974,176_166,Urogenital ridge,-176,-166,2,120
14975,176_167,Urogenital ridge,-176,-167,2,120
14976,176_168,Liver,-176,-168,2,123
14977,176_169,Liver,-176,-169,2,123
14978,176_170,Liver,-176,-170,2,123
14979,176_171,Liver,-176,-171,2,122
14980,176_172,Liver,-176,-172,2,122
14981,176_173,Liver,-176,-173,2,123
14982,176_174,Liver,-176,-174,2,123
14983,176_175,Urogenital ridge,-176,-175,2,99
14984,176_176,Urogenital ridge,-176,-176,2,123
14985,176_177,Lung primordium,-176,-177,2,127
14986,176_178,Lung primordium,-176,-178,2,121
14987,176_179,Lung primordium,-176,-179,2,120
14988,176_180,Liver,-176,-180,2,123
14989,176_181,Urogenital ridge,-176,-181,2,118
14990,176_182,Lung primordium,-176,-182,2,123
14991,176_183,Lung primordium,-176,-183,2,124
14992,176_184,Heart,-176,-184,2,1
14993,176_185,Heart,-176,-185,2,2
14994,176_186,Heart,-176,-186,2,2
14995,176_187,Blood vessel,-176,-187,2,6
14996,176_188,Blood vessel,-176,-188,2,6
14997,176_189,Blood vessel,-176,-189,2,6
14998,176_190,Blood vessel,-176,-190,2,6
14999,176_191,Blood vessel,-176,-191,2,6
15000,176_192,Blood vessel,-176,-192,2,6
15001,176_193,Blood vessel,-176,-193,2,6
15002,176_194,Blood vessel,-176,-194,2,6
15003,176_195,Blood vessel,-176,-195,2,6
15004,176_196,Blood vessel,-176,-196,2,6
15005,176_197,Blood vessel,-176,-197,2,6
15006,176_198,Blood vessel,-176,-198,2,6
15007,176_199,Blood vessel,-176,-199,2,6
15008,176_200,Heart,-176,-200,2,3
15009,176_201,Heart,-176,-201,2,5
15010,176_202,Blood vessel,-176,-202,2,7
15011,176_203,Blood vessel,-176,-203,2,7
15012,176_204,Blood vessel,-176,-204,2,7
15013,176_205,Heart,-176,-205,2,3
15014,176_206,Heart,-176,-206,2,2
15015,176_207,Heart,-176,-207,2,2
15016,176_208,Heart,-176,-208,2,1
15017,176_209,Heart,-176,-209,2,1
15018,176_210,Urogenital ridge,-176,-210,2,125
15019,176_211,Branchial arch,-176,-211,2,126
15020,176_212,Lung primordium,-176,-212,2,125
15021,176_213,Branchial arch,-176,-213,2,127
15022,176_214,Branchial arch,-176,-214,2,121
15023,176_215,Branchial arch,-176,-215,2,127
15024,176_216,Branchial arch,-176,-216,2,121
15025,176_217,Branchial arch,-176,-217,2,127
15026,176_218,Branchial arch,-176,-218,2,121
15027,176_219,Branchial arch,-176,-219,2,127
15028,176_220,Branchial arch,-176,-220,2,123
15029,176_221,Branchial arch,-176,-221,2,120
15030,176_222,Urogenital ridge,-176,-222,2,4
15031,176_223,Branchial arch,-176,-223,2,127
15032,176_224,Urogenital ridge,-176,-224,2,121
15033,176_225,Branchial arch,-176,-225,2,121
15034,176_226,Branchial arch,-176,-226,2,123
15035,176_227,Branchial arch,-176,-227,2,123
15036,176_228,Branchial arch,-176,-228,2,123
15037,176_229,Branchial arch,-176,-229,2,123
15038,176_230,Branchial arch,-176,-230,2,124
15039,176_231,Branchial arch,-176,-231,2,121
15040,176_232,Branchial arch,-176,-232,2,124
15041,176_233,Branchial arch,-176,-233,2,124
15042,176_234,Cavity,-176,-234,2,20
15043,176_235,Cavity,-176,-235,2,20
15044,176_236,Cavity,-176,-236,2,20
15045,176_237,Cavity,-176,-237,2,20
15046,176_238,Cavity,-176,-238,2,19
15047,176_239,Cavity,-176,-239,2,20
15048,176_240,Cavity,-176,-240,2,19
15049,176_241,Cavity,-176,-241,2,20
15050,176_242,Cavity,-176,-242,2,23
15051,176_243,Cavity,-176,-243,2,23
15052,176_244,Head mesenchyme,-176,-244,2,124
15053,176_245,Head mesenchyme,-176,-245,2,116
15054,176_246,Head mesenchyme,-176,-246,2,118
15055,176_247,Head mesenchyme,-176,-247,2,118
15056,176_248,Head mesenchyme,-176,-248,2,118
15057,176_249,Head mesenchyme,-176,-249,2,118
15058,176_250,Head mesenchyme,-176,-250,2,117
15059,176_251,Brain,-176,-251,2,111
15060,176_252,Brain,-176,-252,2,108
15061,176_253,Brain,-176,-253,2,108
15062,176_254,Brain,-176,-254,2,108
15063,176_255,Brain,-176,-255,2,108
15064,176_256,Brain,-176,-256,2,108
15065,176_257,Brain,-176,-257,2,108
15066,176_258,Brain,-176,-258,2,111
15067,176_259,Brain,-176,-259,2,108
15068,176_260,Brain,-176,-260,2,109
15069,176_261,Brain,-176,-261,2,108
15070,176_262,Brain,-176,-262,2,108
15071,176_263,Brain,-176,-263,2,108
15072,176_264,Brain,-176,-264,2,108
15073,176_265,Brain,-176,-265,2,109
15074,176_266,Brain,-176,-266,2,109
15075,176_267,Brain,-176,-267,2,108
15076,176_268,Brain,-176,-268,2,108
15077,176_269,Brain,-176,-269,2,108
15078,176_270,Brain,-176,-270,2,108
15079,176_271,Brain,-176,-271,2,108
15080,176_272,Brain,-176,-272,2,109
15081,176_273,Brain,-176,-273,2,98
15082,176_274,Brain,-176,-274,2,108
15083,176_275,Brain,-176,-275,2,98
15084,176_276,Brain,-176,-276,2,98
15085,176_277,Brain,-176,-277,2,97
15086,176_278,Brain,-176,-278,2,118
15087,176_279,Head mesenchyme,-176,-279,2,118
15088,176_280,Urogenital ridge,-176,-280,2,18
15089,176_281,Brain,-176,-281,2,23
15090,176_282,Brain,-176,-282,2,97
15091,176_283,Brain,-176,-283,2,97
15092,176_284,Brain,-176,-284,2,98
15093,176_285,Brain,-176,-285,2,124
15094,176_286,Head mesenchyme,-176,-286,2,116
15095,176_287,Head mesenchyme,-176,-287,2,118
15096,176_288,Head mesenchyme,-176,-288,2,118
15097,176_289,Head mesenchyme,-176,-289,2,116
15098,176_290,Head mesenchyme,-176,-290,2,116
15099,176_291,Head mesenchyme,-176,-291,2,118
15100,176_292,Head mesenchyme,-176,-292,2,118
15101,176_293,Head mesenchyme,-176,-293,2,118
15102,176_294,Head mesenchyme,-176,-294,2,116
15103,176_295,Head mesenchyme,-176,-295,2,116
15104,176_296,Head mesenchyme,-176,-296,2,118
15105,176_297,Head mesenchyme,-176,-297,2,118
15106,176_298,Head mesenchyme,-176,-298,2,118
15107,176_299,Head mesenchyme,-176,-299,2,118
15108,176_300,Head mesenchyme,-176,-300,2,118
15109,176_301,Head mesenchyme,-176,-301,2,118
15110,176_302,Head mesenchyme,-176,-302,2,116
15111,176_303,Head mesenchyme,-176,-303,2,118
15112,176_304,Head mesenchyme,-176,-304,2,118
15113,176_305,Head mesenchyme,-176,-305,2,116
15114,176_306,Head mesenchyme,-176,-306,2,116
15115,176_307,Head mesenchyme,-176,-307,2,118
15116,176_308,Head mesenchyme,-176,-308,2,116
15117,176_309,Head mesenchyme,-176,-309,2,117
15118,176_310,Head mesenchyme,-176,-310,2,117
15119,176_311,Head mesenchyme,-176,-311,2,117
15120,176_312,Head mesenchyme,-176,-312,2,117
15121,176_313,Head mesenchyme,-176,-313,2,117
15122,176_314,Head mesenchyme,-176,-314,2,117
15123,176_315,Head mesenchyme,-176,-315,2,117
15124,176_316,Head mesenchyme,-176,-316,2,116
15125,176_317,Connective tissue,-176,-317,2,18
15126,176_318,Connective tissue,-176,-318,2,6
15127,176_319,Cavity,-176,-319,2,31
15128,176_320,Cavity,-176,-320,2,31
15129,176_321,Cavity,-176,-321,2,31
15130,176_322,Cavity,-176,-322,2,31
15131,177_126,Cavity,-177,-126,2,26
15132,177_127,Cavity,-177,-127,2,28
15133,177_128,Cavity,-177,-128,2,28
15134,177_129,Surface ectoderm,-177,-129,2,23
15135,177_130,Surface ectoderm,-177,-130,2,21
15136,177_131,Surface ectoderm,-177,-131,2,89
15137,177_132,Spinal cord,-177,-132,2,100
15138,177_133,Spinal cord,-177,-133,2,103
15139,177_134,Spinal cord,-177,-134,2,108
15140,177_135,Spinal cord,-177,-135,2,102
15141,177_136,Spinal cord,-177,-136,2,103
15142,177_137,Spinal cord,-177,-137,2,97
15143,177_138,Spinal cord,-177,-138,2,100
15144,177_139,Spinal cord,-177,-139,2,89
15145,177_140,Spinal cord,-177,-140,2,89
15146,177_141,Spinal cord,-177,-141,2,89
15147,177_142,Spinal cord,-177,-142,2,89
15148,177_143,Spinal cord,-177,-143,2,93
15149,177_144,Spinal cord,-177,-144,2,82
15150,177_145,Spinal cord,-177,-145,2,82
15151,177_146,Spinal cord,-177,-146,2,83
15152,177_147,Spinal cord,-177,-147,2,82
15153,177_148,Spinal cord,-177,-148,2,80
15154,177_149,Sclerotome,-177,-149,2,116
15155,177_150,Sclerotome,-177,-150,2,126
15156,177_151,Sclerotome,-177,-151,2,113
15157,177_152,Sclerotome,-177,-152,2,126
15158,177_153,Sclerotome,-177,-153,2,126
15159,177_154,Sclerotome,-177,-154,2,112
15160,177_155,Sclerotome,-177,-155,2,126
15161,177_156,Branchial arch,-177,-156,2,126
15162,177_157,Blood vessel,-177,-157,2,5
15163,177_158,Blood vessel,-177,-158,2,6
15164,177_159,Blood vessel,-177,-159,2,6
15165,177_160,Urogenital ridge,-177,-160,2,4
15166,177_161,Branchial arch,-177,-161,2,127
15167,177_162,Lung primordium,-177,-162,2,127
15168,177_163,Branchial arch,-177,-163,2,127
15169,177_164,Lung primordium,-177,-164,2,120
15170,177_165,Lung primordium,-177,-165,2,120
15171,177_166,Urogenital ridge,-177,-166,2,120
15172,177_167,Urogenital ridge,-177,-167,2,123
15173,177_168,Liver,-177,-168,2,122
15174,177_169,Liver,-177,-169,2,122
15175,177_170,Blood vessel,-177,-170,2,6
15176,177_171,Liver,-177,-171,2,122
15177,177_172,Liver,-177,-172,2,123
15178,177_173,Liver,-177,-173,2,4
15179,177_174,Liver,-177,-174,2,122
15180,177_175,Liver,-177,-175,2,123
15181,177_176,Liver,-177,-176,2,123
15182,177_177,Liver,-177,-177,2,123
15183,177_178,Urogenital ridge,-177,-178,2,123
15184,177_179,Liver,-177,-179,2,123
15185,177_180,Liver,-177,-180,2,121
15186,177_181,Liver,-177,-181,2,123
15187,177_182,Liver,-177,-182,2,123
15188,177_183,Liver,-177,-183,2,121
15189,177_184,Urogenital ridge,-177,-184,2,123
15190,177_185,Heart,-177,-185,2,3
15191,177_186,Heart,-177,-186,2,1
15192,177_187,Heart,-177,-187,2,3
15193,177_188,Blood vessel,-177,-188,2,6
15194,177_189,Blood vessel,-177,-189,2,6
15195,177_190,Blood vessel,-177,-190,2,6
15196,177_191,Blood vessel,-177,-191,2,6
15197,177_192,Blood vessel,-177,-192,2,6
15198,177_193,Blood vessel,-177,-193,2,6
15199,177_194,Blood vessel,-177,-194,2,6
15200,177_195,Blood vessel,-177,-195,2,6
15201,177_196,Blood vessel,-177,-196,2,6
15202,177_197,Blood vessel,-177,-197,2,6
15203,177_198,Blood vessel,-177,-198,2,6
15204,177_199,Heart,-177,-199,2,3
15205,177_200,Heart,-177,-200,2,0
15206,177_201,Heart,-177,-201,2,3
15207,177_202,Blood vessel,-177,-202,2,7
15208,177_203,Blood vessel,-177,-203,2,5
15209,177_204,Blood vessel,-177,-204,2,7
15210,177_205,Blood vessel,-177,-205,2,7
15211,177_206,Heart,-177,-206,2,3
15212,177_207,Heart,-177,-207,2,0
15213,177_208,Heart,-177,-208,2,1
15214,177_209,Heart,-177,-209,2,125
15215,177_210,Connective tissue,-177,-210,2,125
15216,177_211,Branchial arch,-177,-211,2,126
15217,177_212,Lung primordium,-177,-212,2,127
15218,177_213,Lung primordium,-177,-213,2,118
15219,177_214,Branchial arch,-177,-214,2,127
15220,177_215,Branchial arch,-177,-215,2,124
15221,177_216,Branchial arch,-177,-216,2,121
15222,177_217,Branchial arch,-177,-217,2,127
15223,177_218,Urogenital ridge,-177,-218,2,121
15224,177_219,Branchial arch,-177,-219,2,123
15225,177_220,Branchial arch,-177,-220,2,127
15226,177_221,Lung primordium,-177,-221,2,121
15227,177_222,Urogenital ridge,-177,-222,2,127
15228,177_223,Urogenital ridge,-177,-223,2,123
15229,177_224,Branchial arch,-177,-224,2,124
15230,177_225,Branchial arch,-177,-225,2,127
15231,177_226,Branchial arch,-177,-226,2,124
15232,177_227,Branchial arch,-177,-227,2,124
15233,177_228,Branchial arch,-177,-228,2,121
15234,177_229,Branchial arch,-177,-229,2,121
15235,177_230,Branchial arch,-177,-230,2,123
15236,177_231,Branchial arch,-177,-231,2,123
15237,177_232,Branchial arch,-177,-232,2,124
15238,177_233,Branchial arch,-177,-233,2,124
15239,177_234,Branchial arch,-177,-234,2,123
15240,177_235,Cavity,-177,-235,2,20
15241,177_236,Cavity,-177,-236,2,20
15242,177_237,Cavity,-177,-237,2,20
15243,177_238,Cavity,-177,-238,2,20
15244,177_239,Cavity,-177,-239,2,20
15245,177_240,Cavity,-177,-240,2,20
15246,177_241,Cavity,-177,-241,2,30
15247,177_242,Cavity,-177,-242,2,19
15248,177_243,Cavity,-177,-243,2,19
15249,177_244,Cavity,-177,-244,2,20
15250,177_245,Cavity,-177,-245,2,20
15251,177_246,Head mesenchyme,-177,-246,2,118
15252,177_247,Head mesenchyme,-177,-247,2,118
15253,177_248,Head mesenchyme,-177,-248,2,118
15254,177_249,Head mesenchyme,-177,-249,2,116
15255,177_250,Sclerotome,-177,-250,2,126
15256,177_251,Head mesenchyme,-177,-251,2,118
15257,177_252,Brain,-177,-252,2,96
15258,177_253,Brain,-177,-253,2,108
15259,177_254,Brain,-177,-254,2,108
15260,177_255,Brain,-177,-255,2,111
15261,177_256,Brain,-177,-256,2,108
15262,177_257,Brain,-177,-257,2,96
15263,177_258,Brain,-177,-258,2,108
15264,177_259,Brain,-177,-259,2,96
15265,177_260,Brain,-177,-260,2,108
15266,177_261,Brain,-177,-261,2,108
15267,177_262,Brain,-177,-262,2,108
15268,177_263,Brain,-177,-263,2,108
15269,177_264,Brain,-177,-264,2,108
15270,177_265,Spinal cord,-177,-265,2,103
15271,177_266,Brain,-177,-266,2,109
15272,177_267,Brain,-177,-267,2,97
15273,177_268,Brain,-177,-268,2,97
15274,177_269,Brain,-177,-269,2,108
15275,177_270,Brain,-177,-270,2,97
15276,177_271,Brain,-177,-271,2,97
15277,177_272,Brain,-177,-272,2,98
15278,177_273,Brain,-177,-273,2,99
15279,177_274,Brain,-177,-274,2,98
15280,177_275,Brain,-177,-275,2,97
15281,177_276,Brain,-177,-276,2,97
15282,177_277,Brain,-177,-277,2,97
15283,177_278,Brain,-177,-278,2,99
15284,177_279,Brain,-177,-279,2,30
15285,177_280,Brain,-177,-280,2,118
15286,177_281,Brain,-177,-281,2,98
15287,177_282,Brain,-177,-282,2,97
15288,177_283,Brain,-177,-283,2,97
15289,177_284,Brain,-177,-284,2,97
15290,177_285,Brain,-177,-285,2,96
15291,177_286,Brain,-177,-286,2,98
15292,177_287,Brain,-177,-287,2,96
15293,177_288,Head mesenchyme,-177,-288,2,116
15294,177_289,Head mesenchyme,-177,-289,2,118
15295,177_290,Head mesenchyme,-177,-290,2,118
15296,177_291,Head mesenchyme,-177,-291,2,118
15297,177_292,Head mesenchyme,-177,-292,2,23
15298,177_293,Head mesenchyme,-177,-293,2,116
15299,177_294,Head mesenchyme,-177,-294,2,113
15300,177_295,Head mesenchyme,-177,-295,2,116
15301,177_296,Head mesenchyme,-177,-296,2,118
15302,177_297,Head mesenchyme,-177,-297,2,117
15303,177_298,Head mesenchyme,-177,-298,2,118
15304,177_299,Head mesenchyme,-177,-299,2,116
15305,177_300,Urogenital ridge,-177,-300,2,5
15306,177_301,Urogenital ridge,-177,-301,2,5
15307,177_302,Head mesenchyme,-177,-302,2,116
15308,177_303,Head mesenchyme,-177,-303,2,118
15309,177_304,Head mesenchyme,-177,-304,2,118
15310,177_305,Head mesenchyme,-177,-305,2,118
15311,177_306,Head mesenchyme,-177,-306,2,116
15312,177_307,Head mesenchyme,-177,-307,2,117
15313,177_308,Head mesenchyme,-177,-308,2,117
15314,177_309,Head mesenchyme,-177,-309,2,117
15315,177_310,Brain,-177,-310,2,116
15316,177_311,Brain,-177,-311,2,118
15317,177_312,Brain,-177,-312,2,117
15318,177_313,Head mesenchyme,-177,-313,2,118
15319,177_314,Brain,-177,-314,2,117
15320,177_315,Cavity,-177,-315,2,111
15321,177_316,Cavity,-177,-316,2,117
15322,177_317,Cavity,-177,-317,2,28
15323,177_318,Cavity,-177,-318,2,19
15324,177_319,Cavity,-177,-319,2,30
15325,177_320,Cavity,-177,-320,2,29
15326,177_321,Cavity,-177,-321,2,31
15327,177_322,Cavity,-177,-322,2,31
15328,178_126,Cavity,-178,-126,2,25
15329,178_127,Cavity,-178,-127,2,28
15330,178_128,Cavity,-178,-128,2,28
15331,178_129,Surface ectoderm,-178,-129,2,22
15332,178_130,Surface ectoderm,-178,-130,2,22
15333,178_131,Surface ectoderm,-178,-131,2,100
15334,178_132,Spinal cord,-178,-132,2,100
15335,178_133,Spinal cord,-178,-133,2,103
15336,178_134,Spinal cord,-178,-134,2,102
15337,178_135,Spinal cord,-178,-135,2,103
15338,178_136,Spinal cord,-178,-136,2,100
15339,178_137,Spinal cord,-178,-137,2,103
15340,178_138,Spinal cord,-178,-138,2,103
15341,178_139,Spinal cord,-178,-139,2,100
15342,178_140,Spinal cord,-178,-140,2,103
15343,178_141,Spinal cord,-178,-141,2,89
15344,178_142,Spinal cord,-178,-142,2,91
15345,178_143,Spinal cord,-178,-143,2,91
15346,178_144,Spinal cord,-178,-144,2,90
15347,178_145,Spinal cord,-178,-145,2,83
15348,178_146,Spinal cord,-178,-146,2,82
15349,178_147,Spinal cord,-178,-147,2,82
15350,178_148,Spinal cord,-178,-148,2,116
15351,178_149,Sclerotome,-178,-149,2,112
15352,178_150,Sclerotome,-178,-150,2,113
15353,178_151,Sclerotome,-178,-151,2,112
15354,178_152,Sclerotome,-178,-152,2,113
15355,178_153,Sclerotome,-178,-153,2,126
15356,178_154,Sclerotome,-178,-154,2,5
15357,178_155,Urogenital ridge,-178,-155,2,4
15358,178_156,Urogenital ridge,-178,-156,2,4
15359,178_157,Blood vessel,-178,-157,2,6
15360,178_158,Blood vessel,-178,-158,2,6
15361,178_159,Blood vessel,-178,-159,2,6
15362,178_160,Connective tissue,-178,-160,2,127
15363,178_161,Urogenital ridge,-178,-161,2,121
15364,178_162,Lung primordium,-178,-162,2,120
15365,178_163,Urogenital ridge,-178,-163,2,121
15366,178_164,Urogenital ridge,-178,-164,2,121
15367,178_165,Urogenital ridge,-178,-165,2,120
15368,178_166,Urogenital ridge,-178,-166,2,120
15369,178_167,Urogenital ridge,-178,-167,2,123
15370,178_168,Liver,-178,-168,2,123
15371,178_169,Liver,-178,-169,2,4
15372,178_170,Liver,-178,-170,2,6
15373,178_171,Liver,-178,-171,2,122
15374,178_172,Liver,-178,-172,2,122
15375,178_173,Liver,-178,-173,2,122
15376,178_174,Liver,-178,-174,2,123
15377,178_175,Liver,-178,-175,2,122
15378,178_176,Liver,-178,-176,2,123
15379,178_177,Liver,-178,-177,2,123
15380,178_178,Liver,-178,-178,2,123
15381,178_179,Liver,-178,-179,2,123
15382,178_180,Liver,-178,-180,2,123
15383,178_181,Liver,-178,-181,2,123
15384,178_182,Liver,-178,-182,2,124
15385,178_183,Liver,-178,-183,2,124
15386,178_184,Branchial arch,-178,-184,2,127
15387,178_185,Heart,-178,-185,2,3
15388,178_186,Heart,-178,-186,2,3
15389,178_187,Heart,-178,-187,2,2
15390,178_188,Heart,-178,-188,2,3
15391,178_189,Heart,-178,-189,2,3
15392,178_190,Heart,-178,-190,2,3
15393,178_191,Heart,-178,-191,2,2
15394,178_192,Heart,-178,-192,2,3
15395,178_193,Heart,-178,-193,2,7
15396,178_194,Heart,-178,-194,2,7
15397,178_195,Heart,-178,-195,2,3
15398,178_196,Heart,-178,-196,2,3
15399,178_197,Heart,-178,-197,2,3
15400,178_198,Heart,-178,-198,2,3
15401,178_199,Heart,-178,-199,2,3
15402,178_200,Heart,-178,-200,2,3
15403,178_201,Heart,-178,-201,2,3
15404,178_202,Heart,-178,-202,2,3
15405,178_203,Blood vessel,-178,-203,2,7
15406,178_204,Blood vessel,-178,-204,2,7
15407,178_205,Blood vessel,-178,-205,2,7
15408,178_206,Blood vessel,-178,-206,2,7
15409,178_207,Heart,-178,-207,2,3
15410,178_208,Heart,-178,-208,2,5
15411,178_209,Heart,-178,-209,2,1
15412,178_210,Blood vessel,-178,-210,2,107
15413,178_211,Urogenital ridge,-178,-211,2,126
15414,178_212,Lung primordium,-178,-212,2,126
15415,178_213,Lung primordium,-178,-213,2,124
15416,178_214,Branchial arch,-178,-214,2,127
15417,178_215,Branchial arch,-178,-215,2,120
15418,178_216,Branchial arch,-178,-216,2,124
15419,178_217,Urogenital ridge,-178,-217,2,123
15420,178_218,Branchial arch,-178,-218,2,125
15421,178_219,Branchial arch,-178,-219,2,121
15422,178_220,Branchial arch,-178,-220,2,127
15423,178_221,Branchial arch,-178,-221,2,124
15424,178_222,Branchial arch,-178,-222,2,124
15425,178_223,Branchial arch,-178,-223,2,127
15426,178_224,Branchial arch,-178,-224,2,124
15427,178_225,Branchial arch,-178,-225,2,125
15428,178_226,Branchial arch,-178,-226,2,96
15429,178_227,Branchial arch,-178,-227,2,124
15430,178_228,Branchial arch,-178,-228,2,127
15431,178_229,Branchial arch,-178,-229,2,121
15432,178_230,Branchial arch,-178,-230,2,123
15433,178_231,Branchial arch,-178,-231,2,123
15434,178_232,Branchial arch,-178,-232,2,127
15435,178_233,Branchial arch,-178,-233,2,97
15436,178_234,Branchial arch,-178,-234,2,124
15437,178_235,Cavity,-178,-235,2,20
15438,178_236,Cavity,-178,-236,2,20
15439,178_237,Cavity,-178,-237,2,20
15440,178_238,Cavity,-178,-238,2,20
15441,178_239,Cavity,-178,-239,2,20
15442,178_240,Cavity,-178,-240,2,19
15443,178_241,Cavity,-178,-241,2,19
15444,178_242,Cavity,-178,-242,2,20
15445,178_243,Cavity,-178,-243,2,19
15446,178_244,Cavity,-178,-244,2,30
15447,178_245,Cavity,-178,-245,2,30
15448,178_246,Cavity,-178,-246,2,19
15449,178_247,Cavity,-178,-247,2,19
15450,178_248,Cavity,-178,-248,2,19
15451,178_249,Head mesenchyme,-178,-249,2,23
15452,178_250,Head mesenchyme,-178,-250,2,116
15453,178_251,Head mesenchyme,-178,-251,2,118
15454,178_252,Head mesenchyme,-178,-252,2,116
15455,178_253,Brain,-178,-253,2,117
15456,178_254,Brain,-178,-254,2,116
15457,178_255,Brain,-178,-255,2,108
15458,178_256,Brain,-178,-256,2,96
15459,178_257,Brain,-178,-257,2,108
15460,178_258,Brain,-178,-258,2,108
15461,178_259,Brain,-178,-259,2,96
15462,178_260,Brain,-178,-260,2,108
15463,178_261,Brain,-178,-261,2,108
15464,178_262,Brain,-178,-262,2,102
15465,178_263,Brain,-178,-263,2,108
15466,178_264,Brain,-178,-264,2,102
15467,178_265,Brain,-178,-265,2,108
15468,178_266,Brain,-178,-266,2,97
15469,178_267,Brain,-178,-267,2,109
15470,178_268,Brain,-178,-268,2,98
15471,178_269,Brain,-178,-269,2,98
15472,178_270,Brain,-178,-270,2,123
15473,178_271,Brain,-178,-271,2,101
15474,178_272,Brain,-178,-272,2,101
15475,178_273,Brain,-178,-273,2,98
15476,178_274,Brain,-178,-274,2,99
15477,178_275,Brain,-178,-275,2,23
15478,178_276,Brain,-178,-276,2,20
15479,178_277,Brain,-178,-277,2,23
15480,178_278,Brain,-178,-278,2,20
15481,178_279,Brain,-178,-279,2,121
15482,178_280,Brain,-178,-280,2,97
15483,178_281,Brain,-178,-281,2,98
15484,178_282,Brain,-178,-282,2,97
15485,178_283,Brain,-178,-283,2,97
15486,178_284,Brain,-178,-284,2,98
15487,178_285,Brain,-178,-285,2,97
15488,178_286,Brain,-178,-286,2,98
15489,178_287,Brain,-178,-287,2,97
15490,178_288,Head mesenchyme,-178,-288,2,116
15491,178_289,Head mesenchyme,-178,-289,2,120
15492,178_290,Head mesenchyme,-178,-290,2,116
15493,178_291,Head mesenchyme,-178,-291,2,118
15494,178_292,Head mesenchyme,-178,-292,2,118
15495,178_293,Head mesenchyme,-178,-293,2,116
15496,178_294,Head mesenchyme,-178,-294,2,117
15497,178_295,Head mesenchyme,-178,-295,2,118
15498,178_296,Head mesenchyme,-178,-296,2,118
15499,178_297,Head mesenchyme,-178,-297,2,118
15500,178_298,Head mesenchyme,-178,-298,2,118
15501,178_299,Head mesenchyme,-178,-299,2,118
15502,178_300,Head mesenchyme,-178,-300,2,116
15503,178_301,Head mesenchyme,-178,-301,2,118
15504,178_302,Head mesenchyme,-178,-302,2,118
15505,178_303,Head mesenchyme,-178,-303,2,116
15506,178_304,Brain,-178,-304,2,118
15507,178_305,Brain,-178,-305,2,118
15508,178_306,Brain,-178,-306,2,84
15509,178_307,Brain,-178,-307,2,84
15510,178_308,Brain,-178,-308,2,84
15511,178_309,Spinal cord,-178,-309,2,84
15512,178_310,Brain,-178,-310,2,84
15513,178_311,Brain,-178,-311,2,84
15514,178_312,Brain,-178,-312,2,84
15515,178_313,Brain,-178,-313,2,117
15516,178_314,Brain,-178,-314,2,117
15517,178_315,Brain,-178,-315,2,84
15518,178_316,Brain,-178,-316,2,117
15519,178_317,Head mesenchyme,-178,-317,2,118
15520,178_318,Cavity,-178,-318,2,17
15521,178_319,Cavity,-178,-319,2,30
15522,178_320,Cavity,-178,-320,2,30
15523,178_321,Cavity,-178,-321,2,31
15524,178_322,Cavity,-178,-322,2,31
15525,178_323,Cavity,-178,-323,2,26
15526,179_126,Cavity,-179,-126,2,24
15527,179_127,Cavity,-179,-127,2,28
15528,179_128,Surface ectoderm,-179,-128,2,23
15529,179_129,Surface ectoderm,-179,-129,2,22
15530,179_130,Surface ectoderm,-179,-130,2,22
15531,179_131,Spinal cord,-179,-131,2,100
15532,179_132,Spinal cord,-179,-132,2,103
15533,179_133,Spinal cord,-179,-133,2,102
15534,179_134,Spinal cord,-179,-134,2,101
15535,179_135,Spinal cord,-179,-135,2,103
15536,179_136,Spinal cord,-179,-136,2,123
15537,179_137,Spinal cord,-179,-137,2,103
15538,179_138,Spinal cord,-179,-138,2,123
15539,179_139,Spinal cord,-179,-139,2,103
15540,179_140,Spinal cord,-179,-140,2,103
15541,179_141,Spinal cord,-179,-141,2,93
15542,179_142,Spinal cord,-179,-142,2,94
15543,179_143,Spinal cord,-179,-143,2,88
15544,179_144,Spinal cord,-179,-144,2,91
15545,179_145,Spinal cord,-179,-145,2,83
15546,179_146,Spinal cord,-179,-146,2,82
15547,179_147,Spinal cord,-179,-147,2,86
15548,179_148,Sclerotome,-179,-148,2,118
15549,179_149,Sclerotome,-179,-149,2,125
15550,179_150,Sclerotome,-179,-150,2,113
15551,179_151,Sclerotome,-179,-151,2,113
15552,179_152,Sclerotome,-179,-152,2,112
15553,179_153,Sclerotome,-179,-153,2,112
15554,179_154,Sclerotome,-179,-154,2,126
15555,179_155,Blood vessel,-179,-155,2,6
15556,179_156,Blood vessel,-179,-156,2,6
15557,179_157,Blood vessel,-179,-157,2,7
15558,179_158,Blood vessel,-179,-158,2,6
15559,179_159,Urogenital ridge,-179,-159,2,4
15560,179_160,Branchial arch,-179,-160,2,127
15561,179_161,Urogenital ridge,-179,-161,2,120
15562,179_162,Urogenital ridge,-179,-162,2,123
15563,179_163,Urogenital ridge,-179,-163,2,120
15564,179_164,Urogenital ridge,-179,-164,2,120
15565,179_165,Urogenital ridge,-179,-165,2,121
15566,179_166,Urogenital ridge,-179,-166,2,123
15567,179_167,Liver,-179,-167,2,20
15568,179_168,Liver,-179,-168,2,123
15569,179_169,Blood vessel,-179,-169,2,4
15570,179_170,Liver,-179,-170,2,123
15571,179_171,Liver,-179,-171,2,123
15572,179_172,Liver,-179,-172,2,122
15573,179_173,Liver,-179,-173,2,122
15574,179_174,Liver,-179,-174,2,123
15575,179_175,Liver,-179,-175,2,123
15576,179_176,Liver,-179,-176,2,122
15577,179_177,Liver,-179,-177,2,123
15578,179_178,Liver,-179,-178,2,123
15579,179_179,Liver,-179,-179,2,123
15580,179_180,Liver,-179,-180,2,122
15581,179_181,Liver,-179,-181,2,122
15582,179_182,Liver,-179,-182,2,123
15583,179_183,Liver,-179,-183,2,123
15584,179_184,Heart,-179,-184,2,126
15585,179_185,Heart,-179,-185,2,3
15586,179_186,Heart,-179,-186,2,3
15587,179_187,Heart,-179,-187,2,2
15588,179_188,Heart,-179,-188,2,3
15589,179_189,Heart,-179,-189,2,2
15590,179_190,Heart,-179,-190,2,2
15591,179_191,Heart,-179,-191,2,2
15592,179_192,Heart,-179,-192,2,2
15593,179_193,Heart,-179,-193,2,3
15594,179_194,Heart,-179,-194,2,3
15595,179_195,Heart,-179,-195,2,7
15596,179_196,Heart,-179,-196,2,3
15597,179_197,Heart,-179,-197,2,2
15598,179_198,Heart,-179,-198,2,2
15599,179_199,Heart,-179,-199,2,3
15600,179_200,Heart,-179,-200,2,3
15601,179_201,Heart,-179,-201,2,3
15602,179_202,Heart,-179,-202,2,1
15603,179_203,Heart,-179,-203,2,3
15604,179_204,Heart,-179,-204,2,1
15605,179_205,Heart,-179,-205,2,3
15606,179_206,Blood vessel,-179,-206,2,5
15607,179_207,Heart,-179,-207,2,1
15608,179_208,Blood vessel,-179,-208,2,1
15609,179_209,Heart,-179,-209,2,1
15610,179_210,Blood vessel,-179,-210,2,7
15611,179_211,Urogenital ridge,-179,-211,2,5
15612,179_212,Lung primordium,-179,-212,2,124
15613,179_213,Lung primordium,-179,-213,2,113
15614,179_214,Branchial arch,-179,-214,2,124
15615,179_215,Branchial arch,-179,-215,2,121
15616,179_216,Branchial arch,-179,-216,2,124
15617,179_217,Lung primordium,-179,-217,2,120
15618,179_218,Urogenital ridge,-179,-218,2,5
15619,179_219,Branchial arch,-179,-219,2,121
15620,179_220,Branchial arch,-179,-220,2,124
15621,179_221,Branchial arch,-179,-221,2,127
15622,179_222,Branchial arch,-179,-222,2,127
15623,179_223,Branchial arch,-179,-223,2,124
15624,179_224,Branchial arch,-179,-224,2,127
15625,179_225,Branchial arch,-179,-225,2,124
15626,179_226,Branchial arch,-179,-226,2,124
15627,179_227,Branchial arch,-179,-227,2,125
15628,179_228,Branchial arch,-179,-228,2,124
15629,179_229,Branchial arch,-179,-229,2,121
15630,179_230,Branchial arch,-179,-230,2,121
15631,179_231,Branchial arch,-179,-231,2,124
15632,179_232,Branchial arch,-179,-232,2,124
15633,179_233,Branchial arch,-179,-233,2,124
15634,179_234,Branchial arch,-179,-234,2,124
15635,179_235,Cavity,-179,-235,2,123
15636,179_236,Cavity,-179,-236,2,20
15637,179_237,Cavity,-179,-237,2,20
15638,179_238,Cavity,-179,-238,2,19
15639,179_239,Cavity,-179,-239,2,19
15640,179_240,Cavity,-179,-240,2,20
15641,179_241,Cavity,-179,-241,2,19
15642,179_242,Cavity,-179,-242,2,19
15643,179_243,Cavity,-179,-243,2,19
15644,179_244,Cavity,-179,-244,2,19
15645,179_245,Cavity,-179,-245,2,20
15646,179_246,Cavity,-179,-246,2,20
15647,179_247,Cavity,-179,-247,2,19
15648,179_248,Cavity,-179,-248,2,19
15649,179_249,Cavity,-179,-249,2,20
15650,179_250,Head mesenchyme,-179,-250,2,23
15651,179_251,Head mesenchyme,-179,-251,2,118
15652,179_252,Head mesenchyme,-179,-252,2,118
15653,179_253,Head mesenchyme,-179,-253,2,116
15654,179_254,Brain,-179,-254,2,108
15655,179_255,Brain,-179,-255,2,108
15656,179_256,Brain,-179,-256,2,116
15657,179_257,Brain,-179,-257,2,97
15658,179_258,Brain,-179,-258,2,96
15659,179_259,Brain,-179,-259,2,108
15660,179_260,Brain,-179,-260,2,111
15661,179_261,Brain,-179,-261,2,108
15662,179_262,Brain,-179,-262,2,96
15663,179_263,Brain,-179,-263,2,109
15664,179_264,Brain,-179,-264,2,96
15665,179_265,Brain,-179,-265,2,118
15666,179_266,Brain,-179,-266,2,109
15667,179_267,Brain,-179,-267,2,96
15668,179_268,Brain,-179,-268,2,98
15669,179_269,Brain,-179,-269,2,97
15670,179_270,Brain,-179,-270,2,97
15671,179_271,Brain,-179,-271,2,99
15672,179_272,Brain,-179,-272,2,97
15673,179_273,Brain,-179,-273,2,99
15674,179_274,Brain,-179,-274,2,99
15675,179_275,Brain,-179,-275,2,20
15676,179_276,Brain,-179,-276,2,98
15677,179_277,Brain,-179,-277,2,30
15678,179_278,Brain,-179,-278,2,30
15679,179_279,Brain,-179,-279,2,97
15680,179_280,Brain,-179,-280,2,123
15681,179_281,Brain,-179,-281,2,98
15682,179_282,Brain,-179,-282,2,123
15683,179_283,Brain,-179,-283,2,98
15684,179_284,Brain,-179,-284,2,99
15685,179_285,Brain,-179,-285,2,97
15686,179_286,Brain,-179,-286,2,97
15687,179_287,Brain,-179,-287,2,98
15688,179_288,Head mesenchyme,-179,-288,2,118
15689,179_289,Head mesenchyme,-179,-289,2,97
15690,179_290,Head mesenchyme,-179,-290,2,118
15691,179_291,Head mesenchyme,-179,-291,2,116
15692,179_292,Head mesenchyme,-179,-292,2,116
15693,179_293,Head mesenchyme,-179,-293,2,117
15694,179_294,Head mesenchyme,-179,-294,2,118
15695,179_295,Head mesenchyme,-179,-295,2,121
15696,179_296,Head mesenchyme,-179,-296,2,118
15697,179_297,Head mesenchyme,-179,-297,2,118
15698,179_298,Head mesenchyme,-179,-298,2,116
15699,179_299,Head mesenchyme,-179,-299,2,116
15700,179_300,Head mesenchyme,-179,-300,2,118
15701,179_301,Head mesenchyme,-179,-301,2,118
15702,179_302,Head mesenchyme,-179,-302,2,116
15703,179_303,Brain,-179,-303,2,84
15704,179_304,Brain,-179,-304,2,86
15705,179_305,Brain,-179,-305,2,85
15706,179_306,Brain,-179,-306,2,85
15707,179_307,Brain,-179,-307,2,81
15708,179_308,Brain,-179,-308,2,85
15709,179_309,Brain,-179,-309,2,84
15710,179_310,Brain,-179,-310,2,85
15711,179_311,Brain,-179,-311,2,85
15712,179_312,Brain,-179,-312,2,85
15713,179_313,Brain,-179,-313,2,84
15714,179_314,Brain,-179,-314,2,87
15715,179_315,Brain,-179,-315,2,84
15716,179_316,Brain,-179,-316,2,84
15717,179_317,Brain,-179,-317,2,84
15718,179_318,Cavity,-179,-318,2,20
15719,179_319,Cavity,-179,-319,2,28
15720,179_320,Cavity,-179,-320,2,30
15721,179_321,Cavity,-179,-321,2,31
15722,179_322,Cavity,-179,-322,2,30
15723,179_323,Cavity,-179,-323,2,26
15724,180_126,Cavity,-180,-126,2,28
15725,180_127,Cavity,-180,-127,2,28
15726,180_128,Surface ectoderm,-180,-128,2,22
15727,180_129,Surface ectoderm,-180,-129,2,21
15728,180_130,Surface ectoderm,-180,-130,2,100
15729,180_131,Spinal cord,-180,-131,2,103
15730,180_132,Spinal cord,-180,-132,2,102
15731,180_133,Spinal cord,-180,-133,2,102
15732,180_134,Spinal cord,-180,-134,2,103
15733,180_135,Spinal cord,-180,-135,2,103
15734,180_136,Spinal cord,-180,-136,2,103
15735,180_137,Spinal cord,-180,-137,2,103
15736,180_138,Spinal cord,-180,-138,2,103
15737,180_139,Spinal cord,-180,-139,2,103
15738,180_140,Spinal cord,-180,-140,2,100
15739,180_141,Spinal cord,-180,-141,2,89
15740,180_142,Spinal cord,-180,-142,2,89
15741,180_143,Spinal cord,-180,-143,2,89
15742,180_144,Spinal cord,-180,-144,2,82
15743,180_145,Spinal cord,-180,-145,2,83
15744,180_146,Spinal cord,-180,-146,2,83
15745,180_147,Spinal cord,-180,-147,2,86
15746,180_148,Lung primordium,-180,-148,2,127
15747,180_149,Sclerotome,-180,-149,2,113
15748,180_150,Sclerotome,-180,-150,2,115
15749,180_151,Sclerotome,-180,-151,2,126
15750,180_152,Sclerotome,-180,-152,2,113
15751,180_153,Sclerotome,-180,-153,2,112
15752,180_154,Sclerotome,-180,-154,2,126
15753,180_155,Blood vessel,-180,-155,2,7
15754,180_156,Blood vessel,-180,-156,2,6
15755,180_157,Blood vessel,-180,-157,2,6
15756,180_158,Blood vessel,-180,-158,2,6
15757,180_159,Urogenital ridge,-180,-159,2,4
15758,180_160,Urogenital ridge,-180,-160,2,121
15759,180_161,Urogenital ridge,-180,-161,2,121
15760,180_162,Urogenital ridge,-180,-162,2,121
15761,180_163,Urogenital ridge,-180,-163,2,120
15762,180_164,Urogenital ridge,-180,-164,2,120
15763,180_165,Urogenital ridge,-180,-165,2,121
15764,180_166,Urogenital ridge,-180,-166,2,123
15765,180_167,Urogenital ridge,-180,-167,2,123
15766,180_168,Liver,-180,-168,2,122
15767,180_169,Liver,-180,-169,2,4
15768,180_170,Liver,-180,-170,2,122
15769,180_171,Liver,-180,-171,2,123
15770,180_172,Liver,-180,-172,2,122
15771,180_173,Liver,-180,-173,2,122
15772,180_174,Liver,-180,-174,2,123
15773,180_175,Liver,-180,-175,2,123
15774,180_176,Liver,-180,-176,2,123
15775,180_177,Liver,-180,-177,2,127
15776,180_178,Liver,-180,-178,2,122
15777,180_179,Liver,-180,-179,2,122
15778,180_180,Liver,-180,-180,2,122
15779,180_181,Liver,-180,-181,2,123
15780,180_182,Liver,-180,-182,2,122
15781,180_183,Liver,-180,-183,2,122
15782,180_184,Urogenital ridge,-180,-184,2,124
15783,180_185,Heart,-180,-185,2,3
15784,180_186,Heart,-180,-186,2,3
15785,180_187,Heart,-180,-187,2,2
15786,180_188,Heart,-180,-188,2,3
15787,180_189,Heart,-180,-189,2,3
15788,180_190,Heart,-180,-190,2,3
15789,180_191,Heart,-180,-191,2,1
15790,180_192,Heart,-180,-192,2,3
15791,180_193,Heart,-180,-193,2,3
15792,180_194,Heart,-180,-194,2,3
15793,180_195,Heart,-180,-195,2,5
15794,180_196,Heart,-180,-196,2,3
15795,180_197,Heart,-180,-197,2,3
15796,180_198,Heart,-180,-198,2,3
15797,180_199,Heart,-180,-199,2,1
15798,180_200,Heart,-180,-200,2,3
15799,180_201,Heart,-180,-201,2,3
15800,180_202,Heart,-180,-202,2,3
15801,180_203,Heart,-180,-203,2,1
15802,180_204,Heart,-180,-204,2,1
15803,180_205,Heart,-180,-205,2,1
15804,180_206,Heart,-180,-206,2,1
15805,180_207,Heart,-180,-207,2,1
15806,180_208,Heart,-180,-208,2,1
15807,180_209,Heart,-180,-209,2,1
15808,180_210,Heart,-180,-210,2,1
15809,180_211,Heart,-180,-211,2,1
15810,180_212,Head mesenchyme,-180,-212,2,116
15811,180_213,Lung primordium,-180,-213,2,127
15812,180_214,Lung primordium,-180,-214,2,127
15813,180_215,Branchial arch,-180,-215,2,127
15814,180_216,Branchial arch,-180,-216,2,124
15815,180_217,Branchial arch,-180,-217,2,127
15816,180_218,Branchial arch,-180,-218,2,124
15817,180_219,Branchial arch,-180,-219,2,124
15818,180_220,Branchial arch,-180,-220,2,124
15819,180_221,Branchial arch,-180,-221,2,124
15820,180_222,Branchial arch,-180,-222,2,125
15821,180_223,Branchial arch,-180,-223,2,121
15822,180_224,Branchial arch,-180,-224,2,121
15823,180_225,Branchial arch,-180,-225,2,124
15824,180_226,Branchial arch,-180,-226,2,127
15825,180_227,Branchial arch,-180,-227,2,127
15826,180_228,Branchial arch,-180,-228,2,124
15827,180_229,Branchial arch,-180,-229,2,121
15828,180_230,Branchial arch,-180,-230,2,124
15829,180_231,Branchial arch,-180,-231,2,124
15830,180_232,Branchial arch,-180,-232,2,124
15831,180_233,Branchial arch,-180,-233,2,124
15832,180_234,Branchial arch,-180,-234,2,124
15833,180_235,Branchial arch,-180,-235,2,124
15834,180_236,Cavity,-180,-236,2,20
15835,180_237,Cavity,-180,-237,2,20
15836,180_238,Cavity,-180,-238,2,20
15837,180_239,Cavity,-180,-239,2,18
15838,180_240,Cavity,-180,-240,2,20
15839,180_241,Cavity,-180,-241,2,19
15840,180_242,Cavity,-180,-242,2,19
15841,180_243,Cavity,-180,-243,2,31
15842,180_244,Cavity,-180,-244,2,30
15843,180_245,Cavity,-180,-245,2,18
15844,180_246,Cavity,-180,-246,2,19
15845,180_247,Cavity,-180,-247,2,20
15846,180_248,Cavity,-180,-248,2,20
15847,180_249,Cavity,-180,-249,2,20
15848,180_250,Cavity,-180,-250,2,20
15849,180_251,Head mesenchyme,-180,-251,2,23
15850,180_252,Head mesenchyme,-180,-252,2,97
15851,180_253,Head mesenchyme,-180,-253,2,118
15852,180_254,Brain,-180,-254,2,116
15853,180_255,Brain,-180,-255,2,108
15854,180_256,Brain,-180,-256,2,118
15855,180_257,Head mesenchyme,-180,-257,2,116
15856,180_258,Brain,-180,-258,2,116
15857,180_259,Brain,-180,-259,2,96
15858,180_260,Brain,-180,-260,2,108
15859,180_261,Brain,-180,-261,2,108
15860,180_262,Brain,-180,-262,2,102
15861,180_263,Brain,-180,-263,2,97
15862,180_264,Brain,-180,-264,2,97
15863,180_265,Brain,-180,-265,2,98
15864,180_266,Brain,-180,-266,2,97
15865,180_267,Brain,-180,-267,2,97
15866,180_268,Brain,-180,-268,2,97
15867,180_269,Brain,-180,-269,2,98
15868,180_270,Brain,-180,-270,2,98
15869,180_271,Brain,-180,-271,2,98
15870,180_272,Brain,-180,-272,2,23
15871,180_273,Brain,-180,-273,2,99
15872,180_274,Brain,-180,-274,2,30
15873,180_275,Brain,-180,-275,2,99
15874,180_276,Brain,-180,-276,2,98
15875,180_277,Brain,-180,-277,2,98
15876,180_278,Brain,-180,-278,2,97
15877,180_279,Brain,-180,-279,2,98
15878,180_280,Brain,-180,-280,2,121
15879,180_281,Brain,-180,-281,2,20
15880,180_282,Brain,-180,-282,2,99
15881,180_283,Brain,-180,-283,2,99
15882,180_284,Brain,-180,-284,2,23
15883,180_285,Brain,-180,-285,2,97
15884,180_286,Brain,-180,-286,2,99
15885,180_287,Brain,-180,-287,2,97
15886,180_288,Brain,-180,-288,2,97
15887,180_289,Brain,-180,-289,2,97
15888,180_290,Brain,-180,-290,2,97
15889,180_291,Head mesenchyme,-180,-291,2,97
15890,180_292,Head mesenchyme,-180,-292,2,96
15891,180_293,Head mesenchyme,-180,-293,2,117
15892,180_294,Head mesenchyme,-180,-294,2,118
15893,180_295,Head mesenchyme,-180,-295,2,116
15894,180_296,Head mesenchyme,-180,-296,2,118
15895,180_297,Head mesenchyme,-180,-297,2,118
15896,180_298,Head mesenchyme,-180,-298,2,118
15897,180_299,Head mesenchyme,-180,-299,2,116
15898,180_300,Head mesenchyme,-180,-300,2,118
15899,180_301,Head mesenchyme,-180,-301,2,116
15900,180_302,Brain,-180,-302,2,87
15901,180_303,Brain,-180,-303,2,86
15902,180_304,Brain,-180,-304,2,91
15903,180_305,Brain,-180,-305,2,90
15904,180_306,Brain,-180,-306,2,91
15905,180_307,Brain,-180,-307,2,93
15906,180_308,Brain,-180,-308,2,98
15907,180_309,Brain,-180,-309,2,93
15908,180_310,Brain,-180,-310,2,87
15909,180_311,Brain,-180,-311,2,81
15910,180_312,Brain,-180,-312,2,86
15911,180_313,Brain,-180,-313,2,87
15912,180_314,Brain,-180,-314,2,85
15913,180_315,Brain,-180,-315,2,85
15914,180_316,Brain,-180,-316,2,84
15915,180_317,Brain,-180,-317,2,84
15916,180_318,Brain,-180,-318,2,22
15917,180_319,Cavity,-180,-319,2,20
15918,180_320,Cavity,-180,-320,2,30
15919,180_321,Cavity,-180,-321,2,31
15920,180_322,Cavity,-180,-322,2,31
15921,180_323,Cavity,-180,-323,2,25
15922,181_125,Cavity,-181,-125,2,27
15923,181_126,Cavity,-181,-126,2,28
15924,181_127,Cavity,-181,-127,2,28
15925,181_128,Surface ectoderm,-181,-128,2,23
15926,181_129,Surface ectoderm,-181,-129,2,22
15927,181_130,Spinal cord,-181,-130,2,100
15928,181_131,Spinal cord,-181,-131,2,100
15929,181_132,Spinal cord,-181,-132,2,103
15930,181_133,Spinal cord,-181,-133,2,103
15931,181_134,Spinal cord,-181,-134,2,100
15932,181_135,Spinal cord,-181,-135,2,100
15933,181_136,Spinal cord,-181,-136,2,103
15934,181_137,Spinal cord,-181,-137,2,100
15935,181_138,Spinal cord,-181,-138,2,103
15936,181_139,Spinal cord,-181,-139,2,103
15937,181_140,Spinal cord,-181,-140,2,103
15938,181_141,Spinal cord,-181,-141,2,94
15939,181_142,Spinal cord,-181,-142,2,94
15940,181_143,Spinal cord,-181,-143,2,81
15941,181_144,Spinal cord,-181,-144,2,83
15942,181_145,Spinal cord,-181,-145,2,83
15943,181_146,Spinal cord,-181,-146,2,83
15944,181_147,Spinal cord,-181,-147,2,86
15945,181_148,Sclerotome,-181,-148,2,112
15946,181_149,Sclerotome,-181,-149,2,112
15947,181_150,Sclerotome,-181,-150,2,115
15948,181_151,Sclerotome,-181,-151,2,113
15949,181_152,Sclerotome,-181,-152,2,126
15950,181_153,Sclerotome,-181,-153,2,126
15951,181_154,Urogenital ridge,-181,-154,2,5
15952,181_155,Blood vessel,-181,-155,2,6
15953,181_156,Blood vessel,-181,-156,2,7
15954,181_157,Blood vessel,-181,-157,2,6
15955,181_158,Blood vessel,-181,-158,2,6
15956,181_159,Urogenital ridge,-181,-159,2,4
15957,181_160,Urogenital ridge,-181,-160,2,120
15958,181_161,Urogenital ridge,-181,-161,2,123
15959,181_162,Urogenital ridge,-181,-162,2,120
15960,181_163,Urogenital ridge,-181,-163,2,120
15961,181_164,Urogenital ridge,-181,-164,2,120
15962,181_165,Urogenital ridge,-181,-165,2,123
15963,181_166,Urogenital ridge,-181,-166,2,123
15964,181_167,Liver,-181,-167,2,123
15965,181_168,Liver,-181,-168,2,122
15966,181_169,Liver,-181,-169,2,123
15967,181_170,Liver,-181,-170,2,123
15968,181_171,Liver,-181,-171,2,122
15969,181_172,Liver,-181,-172,2,123
15970,181_173,Liver,-181,-173,2,123
15971,181_174,Liver,-181,-174,2,123
15972,181_175,Liver,-181,-175,2,123
15973,181_176,Liver,-181,-176,2,124
15974,181_177,Liver,-181,-177,2,123
15975,181_178,Liver,-181,-178,2,122
15976,181_179,Liver,-181,-179,2,123
15977,181_180,Liver,-181,-180,2,123
15978,181_181,Liver,-181,-181,2,123
15979,181_182,Liver,-181,-182,2,123
15980,181_183,Liver,-181,-183,2,123
15981,181_184,Liver,-181,-184,2,122
15982,181_185,Lung primordium,-181,-185,2,123
15983,181_186,Heart,-181,-186,2,3
15984,181_187,Heart,-181,-187,2,2
15985,181_188,Heart,-181,-188,2,1
15986,181_189,Heart,-181,-189,2,2
15987,181_190,Heart,-181,-190,2,2
15988,181_191,Heart,-181,-191,2,1
15989,181_192,Heart,-181,-192,2,3
15990,181_193,Heart,-181,-193,2,3
15991,181_194,Heart,-181,-194,2,3
15992,181_195,Heart,-181,-195,2,0
15993,181_196,Heart,-181,-196,2,2
15994,181_197,Heart,-181,-197,2,2
15995,181_198,Heart,-181,-198,2,2
15996,181_199,Heart,-181,-199,2,2
15997,181_200,Heart,-181,-200,2,0
15998,181_201,Heart,-181,-201,2,0
15999,181_202,Heart,-181,-202,2,2
16000,181_203,Heart,-181,-203,2,3
16001,181_204,Heart,-181,-204,2,2
16002,181_205,Heart,-181,-205,2,1
16003,181_206,Heart,-181,-206,2,1
16004,181_207,Heart,-181,-207,2,1
16005,181_208,Heart,-181,-208,2,1
16006,181_209,Heart,-181,-209,2,1
16007,181_210,Heart,-181,-210,2,1
16008,181_211,Heart,-181,-211,2,117
16009,181_212,Heart,-181,-212,2,107
16010,181_213,Cavity,-181,-213,2,112
16011,181_214,Branchial arch,-181,-214,2,126
16012,181_215,Branchial arch,-181,-215,2,121
16013,181_216,Branchial arch,-181,-216,2,124
16014,181_217,Branchial arch,-181,-217,2,125
16015,181_218,Branchial arch,-181,-218,2,124
16016,181_219,Branchial arch,-181,-219,2,124
16017,181_220,Branchial arch,-181,-220,2,124
16018,181_221,Branchial arch,-181,-221,2,124
16019,181_222,Branchial arch,-181,-222,2,121
16020,181_223,Branchial arch,-181,-223,2,124
16021,181_224,Branchial arch,-181,-224,2,123
16022,181_225,Branchial arch,-181,-225,2,124
16023,181_226,Branchial arch,-181,-226,2,124
16024,181_227,Branchial arch,-181,-227,2,124
16025,181_228,Branchial arch,-181,-228,2,124
16026,181_229,Branchial arch,-181,-229,2,127
16027,181_230,Branchial arch,-181,-230,2,124
16028,181_231,Branchial arch,-181,-231,2,124
16029,181_232,Branchial arch,-181,-232,2,124
16030,181_233,Branchial arch,-181,-233,2,124
16031,181_234,Branchial arch,-181,-234,2,124
16032,181_235,Branchial arch,-181,-235,2,124
16033,181_236,Cavity,-181,-236,2,21
16034,181_237,Cavity,-181,-237,2,20
16035,181_238,Cavity,-181,-238,2,20
16036,181_239,Cavity,-181,-239,2,20
16037,181_240,Cavity,-181,-240,2,19
16038,181_241,Cavity,-181,-241,2,20
16039,181_242,Cavity,-181,-242,2,31
16040,181_245,Cavity,-181,-245,2,26
16041,181_246,Cavity,-181,-246,2,31
16042,181_247,Cavity,-181,-247,2,30
16043,181_248,Cavity,-181,-248,2,19
16044,181_249,Cavity,-181,-249,2,30
16045,181_250,Cavity,-181,-250,2,19
16046,181_251,Cavity,-181,-251,2,23
16047,181_252,Head mesenchyme,-181,-252,2,23
16048,181_253,Cavity,-181,-253,2,23
16049,181_254,Head mesenchyme,-181,-254,2,116
16050,181_255,Head mesenchyme,-181,-255,2,118
16051,181_256,Head mesenchyme,-181,-256,2,116
16052,181_257,Head mesenchyme,-181,-257,2,117
16053,181_258,Brain,-181,-258,2,108
16054,181_259,Brain,-181,-259,2,116
16055,181_260,Brain,-181,-260,2,97
16056,181_261,Brain,-181,-261,2,119
16057,181_262,Head mesenchyme,-181,-262,2,108
16058,181_263,Brain,-181,-263,2,98
16059,181_264,Brain,-181,-264,2,121
16060,181_265,Brain,-181,-265,2,98
16061,181_266,Brain,-181,-266,2,123
16062,181_267,Brain,-181,-267,2,23
16063,181_268,Brain,-181,-268,2,98
16064,181_269,Brain,-181,-269,2,98
16065,181_270,Brain,-181,-270,2,23
16066,181_271,Brain,-181,-271,2,97
16067,181_272,Brain,-181,-272,2,30
16068,181_273,Brain,-181,-273,2,99
16069,181_274,Brain,-181,-274,2,20
16070,181_275,Brain,-181,-275,2,123
16071,181_276,Brain,-181,-276,2,98
16072,181_277,Brain,-181,-277,2,98
16073,181_278,Brain,-181,-278,2,98
16074,181_279,Brain,-181,-279,2,97
16075,181_280,Brain,-181,-280,2,97
16076,181_281,Brain,-181,-281,2,123
16077,181_282,Brain,-181,-282,2,98
16078,181_283,Brain,-181,-283,2,98
16079,181_284,Brain,-181,-284,2,97
16080,181_285,Brain,-181,-285,2,98
16081,181_286,Brain,-181,-286,2,97
16082,181_287,Brain,-181,-287,2,97
16083,181_288,Brain,-181,-288,2,118
16084,181_289,Brain,-181,-289,2,96
16085,181_290,Brain,-181,-290,2,96
16086,181_291,Brain,-181,-291,2,96
16087,181_292,Brain,-181,-292,2,96
16088,181_293,Brain,-181,-293,2,96
16089,181_294,Brain,-181,-294,2,96
16090,181_295,Brain,-181,-295,2,96
16091,181_296,Head mesenchyme,-181,-296,2,118
16092,181_297,Head mesenchyme,-181,-297,2,116
16093,181_298,Head mesenchyme,-181,-298,2,116
16094,181_299,Head mesenchyme,-181,-299,2,116
16095,181_300,Brain,-181,-300,2,108
16096,181_301,Brain,-181,-301,2,97
16097,181_302,Brain,-181,-302,2,97
16098,181_303,Brain,-181,-303,2,98
16099,181_304,Brain,-181,-304,2,88
16100,181_305,Brain,-181,-305,2,101
16101,181_306,Brain,-181,-306,2,98
16102,181_307,Brain,-181,-307,2,109
16103,181_308,Brain,-181,-308,2,101
16104,181_309,Brain,-181,-309,2,101
16105,181_310,Brain,-181,-310,2,98
16106,181_311,Brain,-181,-311,2,99
16107,181_312,Brain,-181,-312,2,102
16108,181_313,Brain,-181,-313,2,96
16109,181_314,Brain,-181,-314,2,93
16110,181_315,Brain,-181,-315,2,80
16111,181_316,Brain,-181,-316,2,80
16112,181_317,Brain,-181,-317,2,87
16113,181_318,Brain,-181,-318,2,94
16114,181_319,Cavity,-181,-319,2,28
16115,181_320,Cavity,-181,-320,2,30
16116,181_321,Cavity,-181,-321,2,31
16117,181_322,Cavity,-181,-322,2,31
16118,181_323,Cavity,-181,-323,2,26
16119,182_125,Cavity,-182,-125,2,25
16120,182_126,Cavity,-182,-126,2,28
16121,182_127,Cavity,-182,-127,2,28
16122,182_128,Surface ectoderm,-182,-128,2,23
16123,182_129,Surface ectoderm,-182,-129,2,22
16124,182_130,Surface ectoderm,-182,-130,2,89
16125,182_131,Spinal cord,-182,-131,2,103
16126,182_132,Spinal cord,-182,-132,2,100
16127,182_133,Spinal cord,-182,-133,2,102
16128,182_134,Spinal cord,-182,-134,2,103
16129,182_135,Spinal cord,-182,-135,2,100
16130,182_136,Spinal cord,-182,-136,2,103
16131,182_137,Spinal cord,-182,-137,2,100
16132,182_138,Spinal cord,-182,-138,2,103
16133,182_139,Spinal cord,-182,-139,2,103
16134,182_140,Spinal cord,-182,-140,2,103
16135,182_141,Spinal cord,-182,-141,2,88
16136,182_142,Spinal cord,-182,-142,2,93
16137,182_143,Spinal cord,-182,-143,2,82
16138,182_144,Spinal cord,-182,-144,2,80
16139,182_145,Spinal cord,-182,-145,2,83
16140,182_146,Spinal cord,-182,-146,2,82
16141,182_147,Spinal cord,-182,-147,2,87
16142,182_148,Head mesenchyme,-182,-148,2,118
16143,182_149,Sclerotome,-182,-149,2,115
16144,182_150,Sclerotome,-182,-150,2,113
16145,182_151,Sclerotome,-182,-151,2,113
16146,182_152,Sclerotome,-182,-152,2,125
16147,182_153,Sclerotome,-182,-153,2,126
16148,182_154,Urogenital ridge,-182,-154,2,4
16149,182_155,Blood vessel,-182,-155,2,6
16150,182_156,Blood vessel,-182,-156,2,6
16151,182_157,Blood vessel,-182,-157,2,7
16152,182_158,Blood vessel,-182,-158,2,6
16153,182_159,Urogenital ridge,-182,-159,2,4
16154,182_160,Urogenital ridge,-182,-160,2,4
16155,182_161,Urogenital ridge,-182,-161,2,18
16156,182_162,Urogenital ridge,-182,-162,2,123
16157,182_163,Urogenital ridge,-182,-163,2,120
16158,182_164,Urogenital ridge,-182,-164,2,123
16159,182_165,Urogenital ridge,-182,-165,2,120
16160,182_166,Urogenital ridge,-182,-166,2,120
16161,182_167,Urogenital ridge,-182,-167,2,120
16162,182_168,Liver,-182,-168,2,123
16163,182_169,Liver,-182,-169,2,122
16164,182_170,Urogenital ridge,-182,-170,2,122
16165,182_171,Lung primordium,-182,-171,2,127
16166,182_172,Urogenital ridge,-182,-172,2,121
16167,182_173,Lung primordium,-182,-173,2,121
16168,182_174,Urogenital ridge,-182,-174,2,123
16169,182_175,Urogenital ridge,-182,-175,2,121
16170,182_176,Liver,-182,-176,2,122
16171,182_177,Liver,-182,-177,2,123
16172,182_178,Liver,-182,-178,2,123
16173,182_179,Liver,-182,-179,2,122
16174,182_180,Liver,-182,-180,2,122
16175,182_181,Liver,-182,-181,2,122
16176,182_182,Liver,-182,-182,2,122
16177,182_183,Liver,-182,-183,2,122
16178,182_184,Liver,-182,-184,2,123
16179,182_185,Liver,-182,-185,2,123
16180,182_186,Heart,-182,-186,2,3
16181,182_187,Heart,-182,-187,2,2
16182,182_188,Heart,-182,-188,2,2
16183,182_189,Heart,-182,-189,2,2
16184,182_190,Heart,-182,-190,2,1
16185,182_191,Heart,-182,-191,2,125
16186,182_192,Heart,-182,-192,2,1
16187,182_193,Heart,-182,-193,2,1
16188,182_194,Heart,-182,-194,2,2
16189,182_195,Heart,-182,-195,2,2
16190,182_196,Heart,-182,-196,2,2
16191,182_197,Heart,-182,-197,2,0
16192,182_198,Heart,-182,-198,2,2
16193,182_199,Heart,-182,-199,2,2
16194,182_200,Heart,-182,-200,2,0
16195,182_201,Heart,-182,-201,2,2
16196,182_202,Heart,-182,-202,2,2
16197,182_203,Heart,-182,-203,2,2
16198,182_204,Heart,-182,-204,2,0
16199,182_205,Heart,-182,-205,2,0
16200,182_206,Heart,-182,-206,2,1
16201,182_207,Heart,-182,-207,2,1
16202,182_208,Heart,-182,-208,2,1
16203,182_209,Heart,-182,-209,2,1
16204,182_210,Heart,-182,-210,2,1
16205,182_211,Cavity,-182,-211,2,105
16206,182_212,Heart,-182,-212,2,117
16207,182_213,Heart,-182,-213,2,1
16208,182_214,Lung primordium,-182,-214,2,23
16209,182_215,Lung primordium,-182,-215,2,127
16210,182_216,Branchial arch,-182,-216,2,124
16211,182_217,Branchial arch,-182,-217,2,124
16212,182_218,Branchial arch,-182,-218,2,124
16213,182_219,Branchial arch,-182,-219,2,124
16214,182_220,Branchial arch,-182,-220,2,124
16215,182_221,Branchial arch,-182,-221,2,124
16216,182_222,Branchial arch,-182,-222,2,121
16217,182_223,Branchial arch,-182,-223,2,124
16218,182_224,Branchial arch,-182,-224,2,124
16219,182_225,Branchial arch,-182,-225,2,124
16220,182_226,Branchial arch,-182,-226,2,121
16221,182_227,Branchial arch,-182,-227,2,124
16222,182_228,Branchial arch,-182,-228,2,124
16223,182_229,Branchial arch,-182,-229,2,124
16224,182_230,Branchial arch,-182,-230,2,124
16225,182_231,Branchial arch,-182,-231,2,124
16226,182_232,Branchial arch,-182,-232,2,124
16227,182_233,Branchial arch,-182,-233,2,121
16228,182_234,Branchial arch,-182,-234,2,124
16229,182_235,Urogenital ridge,-182,-235,2,123
16230,182_236,Cavity,-182,-236,2,20
16231,182_237,Cavity,-182,-237,2,21
16232,182_238,Cavity,-182,-238,2,20
16233,182_239,Cavity,-182,-239,2,20
16234,182_240,Cavity,-182,-240,2,20
16235,182_241,Cavity,-182,-241,2,31
16236,182_242,Cavity,-182,-242,2,27
16237,182_246,Cavity,-182,-246,2,27
16238,182_247,Cavity,-182,-247,2,25
16239,182_248,Cavity,-182,-248,2,19
16240,182_249,Cavity,-182,-249,2,31
16241,182_250,Cavity,-182,-250,2,30
16242,182_251,Cavity,-182,-251,2,30
16243,182_252,Head mesenchyme,-182,-252,2,118
16244,182_253,Head mesenchyme,-182,-253,2,23
16245,182_254,Head mesenchyme,-182,-254,2,23
16246,182_255,Head mesenchyme,-182,-255,2,23
16247,182_256,Head mesenchyme,-182,-256,2,118
16248,182_257,Head mesenchyme,-182,-257,2,118
16249,182_258,Head mesenchyme,-182,-258,2,116
16250,182_259,Head mesenchyme,-182,-259,2,116
16251,182_260,Brain,-182,-260,2,118
16252,182_261,Brain,-182,-261,2,124
16253,182_262,Brain,-182,-262,2,97
16254,182_263,Brain,-182,-263,2,97
16255,182_264,Brain,-182,-264,2,98
16256,182_265,Brain,-182,-265,2,98
16257,182_266,Brain,-182,-266,2,118
16258,182_267,Brain,-182,-267,2,97
16259,182_268,Brain,-182,-268,2,118
16260,182_269,Brain,-182,-269,2,21
16261,182_270,Brain,-182,-270,2,20
16262,182_271,Brain,-182,-271,2,99
16263,182_272,Brain,-182,-272,2,99
16264,182_273,Brain,-182,-273,2,123
16265,182_274,Brain,-182,-274,2,97
16266,182_275,Brain,-182,-275,2,96
16267,182_276,Brain,-182,-276,2,96
16268,182_277,Brain,-182,-277,2,97
16269,182_278,Brain,-182,-278,2,121
16270,182_279,Brain,-182,-279,2,97
16271,182_280,Brain,-182,-280,2,97
16272,182_281,Brain,-182,-281,2,98
16273,182_282,Brain,-182,-282,2,99
16274,182_283,Brain,-182,-283,2,99
16275,182_284,Brain,-182,-284,2,99
16276,182_285,Brain,-182,-285,2,98
16277,182_286,Brain,-182,-286,2,98
16278,182_287,Brain,-182,-287,2,96
16279,182_288,Brain,-182,-288,2,98
16280,182_289,Brain,-182,-289,2,98
16281,182_290,Brain,-182,-290,2,97
16282,182_291,Brain,-182,-291,2,96
16283,182_292,Brain,-182,-292,2,96
16284,182_293,Brain,-182,-293,2,96
16285,182_294,Brain,-182,-294,2,96
16286,182_295,Brain,-182,-295,2,111
16287,182_296,Head mesenchyme,-182,-296,2,97
16288,182_297,Head mesenchyme,-182,-297,2,96
16289,182_298,Brain,-182,-298,2,97
16290,182_299,Brain,-182,-299,2,97
16291,182_300,Brain,-182,-300,2,97
16292,182_301,Brain,-182,-301,2,97
16293,182_302,Brain,-182,-302,2,97
16294,182_303,Brain,-182,-303,2,98
16295,182_304,Brain,-182,-304,2,98
16296,182_305,Brain,-182,-305,2,99
16297,182_306,Brain,-182,-306,2,99
16298,182_307,Brain,-182,-307,2,99
16299,182_308,Brain,-182,-308,2,98
16300,182_309,Brain,-182,-309,2,97
16301,182_310,Brain,-182,-310,2,103
16302,182_311,Brain,-182,-311,2,99
16303,182_312,Brain,-182,-312,2,98
16304,182_313,Brain,-182,-313,2,100
16305,182_314,Spinal cord,-182,-314,2,93
16306,182_315,Spinal cord,-182,-315,2,88
16307,182_316,Brain,-182,-316,2,95
16308,182_317,Brain,-182,-317,2,84
16309,182_318,Brain,-182,-318,2,22
16310,182_319,Cavity,-182,-319,2,23
16311,182_320,Cavity,-182,-320,2,30
16312,182_321,Cavity,-182,-321,2,29
16313,182_322,Cavity,-182,-322,2,31
16314,182_323,Cavity,-182,-323,2,26
16315,183_125,Cavity,-183,-125,2,24
16316,183_126,Cavity,-183,-126,2,28
16317,183_127,Cavity,-183,-127,2,28
16318,183_128,Surface ectoderm,-183,-128,2,22
16319,183_129,Surface ectoderm,-183,-129,2,21
16320,183_130,Spinal cord,-183,-130,2,102
16321,183_131,Spinal cord,-183,-131,2,103
16322,183_132,Spinal cord,-183,-132,2,103
16323,183_133,Spinal cord,-183,-133,2,103
16324,183_134,Spinal cord,-183,-134,2,103
16325,183_135,Spinal cord,-183,-135,2,102
16326,183_136,Spinal cord,-183,-136,2,100
16327,183_137,Spinal cord,-183,-137,2,100
16328,183_138,Spinal cord,-183,-138,2,103
16329,183_139,Spinal cord,-183,-139,2,103
16330,183_140,Spinal cord,-183,-140,2,102
16331,183_141,Spinal cord,-183,-141,2,121
16332,183_142,Spinal cord,-183,-142,2,88
16333,183_143,Spinal cord,-183,-143,2,82
16334,183_144,Spinal cord,-183,-144,2,83
16335,183_145,Spinal cord,-183,-145,2,83
16336,183_146,Spinal cord,-183,-146,2,82
16337,183_147,Spinal cord,-183,-147,2,85
16338,183_148,Sclerotome,-183,-148,2,112
16339,183_149,Sclerotome,-183,-149,2,113
16340,183_150,Sclerotome,-183,-150,2,112
16341,183_151,Sclerotome,-183,-151,2,113
16342,183_152,Sclerotome,-183,-152,2,126
16343,183_153,Urogenital ridge,-183,-153,2,5
16344,183_154,Blood vessel,-183,-154,2,6
16345,183_155,Blood vessel,-183,-155,2,6
16346,183_156,Blood vessel,-183,-156,2,6
16347,183_157,Blood vessel,-183,-157,2,7
16348,183_158,Urogenital ridge,-183,-158,2,5
16349,183_159,Urogenital ridge,-183,-159,2,4
16350,183_160,Urogenital ridge,-183,-160,2,4
16351,183_161,Urogenital ridge,-183,-161,2,4
16352,183_162,Urogenital ridge,-183,-162,2,123
16353,183_163,Urogenital ridge,-183,-163,2,123
16354,183_164,Urogenital ridge,-183,-164,2,120
16355,183_165,Urogenital ridge,-183,-165,2,120
16356,183_166,Urogenital ridge,-183,-166,2,123
16357,183_167,Urogenital ridge,-183,-167,2,123
16358,183_168,Urogenital ridge,-183,-168,2,122
16359,183_169,Urogenital ridge,-183,-169,2,121
16360,183_170,Urogenital ridge,-183,-170,2,123
16361,183_171,Branchial arch,-183,-171,2,124
16362,183_172,Branchial arch,-183,-172,2,127
16363,183_173,Branchial arch,-183,-173,2,127
16364,183_174,Lung primordium,-183,-174,2,122
16365,183_175,Urogenital ridge,-183,-175,2,121
16366,183_176,Liver,-183,-176,2,122
16367,183_177,Liver,-183,-177,2,122
16368,183_178,Liver,-183,-178,2,123
16369,183_179,Liver,-183,-179,2,122
16370,183_180,Liver,-183,-180,2,122
16371,183_181,Liver,-183,-181,2,122
16372,183_182,Liver,-183,-182,2,122
16373,183_183,Liver,-183,-183,2,122
16374,183_184,Liver,-183,-184,2,122
16375,183_185,Liver,-183,-185,2,122
16376,183_186,Liver,-183,-186,2,123
16377,183_187,Heart,-183,-187,2,3
16378,183_188,Heart,-183,-188,2,127
16379,183_189,Heart,-183,-189,2,1
16380,183_190,Heart,-183,-190,2,1
16381,183_191,Heart,-183,-191,2,1
16382,183_192,Heart,-183,-192,2,0
16383,183_193,Heart,-183,-193,2,2
16384,183_194,Heart,-183,-194,2,0
16385,183_195,Heart,-183,-195,2,2
16386,183_196,Heart,-183,-196,2,0
16387,183_197,Heart,-183,-197,2,0
16388,183_198,Heart,-183,-198,2,0
16389,183_199,Heart,-183,-199,2,0
16390,183_200,Heart,-183,-200,2,0
16391,183_201,Heart,-183,-201,2,0
16392,183_202,Heart,-183,-202,2,2
16393,183_203,Heart,-183,-203,2,2
16394,183_204,Heart,-183,-204,2,2
16395,183_205,Heart,-183,-205,2,2
16396,183_206,Heart,-183,-206,2,0
16397,183_207,Heart,-183,-207,2,1
16398,183_208,Heart,-183,-208,2,1
16399,183_209,Heart,-183,-209,2,1
16400,183_210,Heart,-183,-210,2,1
16401,183_211,Heart,-183,-211,2,1
16402,183_212,Heart,-183,-212,2,104
16403,183_213,Heart,-183,-213,2,1
16404,183_214,Heart,-183,-214,2,23
16405,183_215,Lung primordium,-183,-215,2,121
16406,183_216,Branchial arch,-183,-216,2,124
16407,183_217,Branchial arch,-183,-217,2,124
16408,183_218,Branchial arch,-183,-218,2,124
16409,183_219,Branchial arch,-183,-219,2,124
16410,183_220,Branchial arch,-183,-220,2,124
16411,183_221,Branchial arch,-183,-221,2,124
16412,183_222,Branchial arch,-183,-222,2,124
16413,183_223,Branchial arch,-183,-223,2,124
16414,183_224,Branchial arch,-183,-224,2,124
16415,183_225,Branchial arch,-183,-225,2,124
16416,183_226,Branchial arch,-183,-226,2,124
16417,183_227,Branchial arch,-183,-227,2,125
16418,183_228,Branchial arch,-183,-228,2,124
16419,183_229,Branchial arch,-183,-229,2,124
16420,183_230,Branchial arch,-183,-230,2,124
16421,183_231,Branchial arch,-183,-231,2,124
16422,183_232,Branchial arch,-183,-232,2,124
16423,183_233,Branchial arch,-183,-233,2,124
16424,183_234,Branchial arch,-183,-234,2,124
16425,183_235,Branchial arch,-183,-235,2,124
16426,183_236,Cavity,-183,-236,2,20
16427,183_237,Cavity,-183,-237,2,20
16428,183_238,Cavity,-183,-238,2,20
16429,183_239,Cavity,-183,-239,2,20
16430,183_240,Cavity,-183,-240,2,17
16431,183_248,Cavity,-183,-248,2,25
16432,183_249,Cavity,-183,-249,2,30
16433,183_250,Cavity,-183,-250,2,31
16434,183_251,Cavity,-183,-251,2,30
16435,183_252,Cavity,-183,-252,2,23
16436,183_253,Head mesenchyme,-183,-253,2,23
16437,183_254,Cavity,-183,-254,2,23
16438,183_255,Cavity,-183,-255,2,19
16439,183_256,Cavity,-183,-256,2,20
16440,183_257,Head mesenchyme,-183,-257,2,23
16441,183_258,Head mesenchyme,-183,-258,2,116
16442,183_259,Head mesenchyme,-183,-259,2,116
16443,183_260,Head mesenchyme,-183,-260,2,97
16444,183_261,Brain,-183,-261,2,97
16445,183_262,Brain,-183,-262,2,127
16446,183_263,Brain,-183,-263,2,97
16447,183_264,Brain,-183,-264,2,23
16448,183_265,Brain,-183,-265,2,97
16449,183_266,Brain,-183,-266,2,112
16450,183_267,Brain,-183,-267,2,97
16451,183_268,Brain,-183,-268,2,22
16452,183_269,Cavity,-183,-269,2,21
16453,183_270,Brain,-183,-270,2,123
16454,183_271,Brain,-183,-271,2,99
16455,183_272,Brain,-183,-272,2,99
16456,183_273,Brain,-183,-273,2,99
16457,183_274,Brain,-183,-274,2,97
16458,183_275,Brain,-183,-275,2,96
16459,183_276,Brain,-183,-276,2,97
16460,183_277,Brain,-183,-277,2,118
16461,183_278,Brain,-183,-278,2,98
16462,183_279,Brain,-183,-279,2,99
16463,183_280,Brain,-183,-280,2,99
16464,183_281,Brain,-183,-281,2,98
16465,183_282,Brain,-183,-282,2,99
16466,183_283,Brain,-183,-283,2,98
16467,183_284,Brain,-183,-284,2,98
16468,183_285,Brain,-183,-285,2,98
16469,183_286,Brain,-183,-286,2,97
16470,183_287,Brain,-183,-287,2,97
16471,183_288,Brain,-183,-288,2,98
16472,183_289,Brain,-183,-289,2,98
16473,183_290,Brain,-183,-290,2,97
16474,183_291,Brain,-183,-291,2,96
16475,183_292,Brain,-183,-292,2,97
16476,183_293,Brain,-183,-293,2,97
16477,183_294,Brain,-183,-294,2,96
16478,183_295,Brain,-183,-295,2,97
16479,183_296,Brain,-183,-296,2,97
16480,183_297,Brain,-183,-297,2,97
16481,183_298,Brain,-183,-298,2,96
16482,183_299,Brain,-183,-299,2,97
16483,183_300,Brain,-183,-300,2,97
16484,183_301,Brain,-183,-301,2,97
16485,183_302,Brain,-183,-302,2,98
16486,183_303,Brain,-183,-303,2,97
16487,183_304,Brain,-183,-304,2,98
16488,183_305,Brain,-183,-305,2,101
16489,183_306,Brain,-183,-306,2,101
16490,183_307,Brain,-183,-307,2,103
16491,183_308,Brain,-183,-308,2,109
16492,183_309,Brain,-183,-309,2,97
16493,183_310,Brain,-183,-310,2,103
16494,183_311,Brain,-183,-311,2,98
16495,183_312,Brain,-183,-312,2,102
16496,183_313,Brain,-183,-313,2,102
16497,183_314,Brain,-183,-314,2,99
16498,183_315,Brain,-183,-315,2,98
16499,183_316,Brain,-183,-316,2,86
16500,183_317,Brain,-183,-317,2,87
16501,183_318,Brain,-183,-318,2,92
16502,183_319,Cavity,-183,-319,2,22
16503,183_320,Cavity,-183,-320,2,23
16504,183_321,Cavity,-183,-321,2,31
16505,183_322,Cavity,-183,-322,2,29
16506,183_323,Cavity,-183,-323,2,26
16507,184_125,Cavity,-184,-125,2,24
16508,184_126,Cavity,-184,-126,2,28
16509,184_127,Surface ectoderm,-184,-127,2,23
16510,184_128,Surface ectoderm,-184,-128,2,22
16511,184_129,Surface ectoderm,-184,-129,2,21
16512,184_130,Surface ectoderm,-184,-130,2,94
16513,184_131,Spinal cord,-184,-131,2,103
16514,184_132,Spinal cord,-184,-132,2,102
16515,184_133,Spinal cord,-184,-133,2,103
16516,184_134,Spinal cord,-184,-134,2,103
16517,184_135,Spinal cord,-184,-135,2,103
16518,184_136,Spinal cord,-184,-136,2,100
16519,184_137,Spinal cord,-184,-137,2,100
16520,184_138,Spinal cord,-184,-138,2,103
16521,184_139,Spinal cord,-184,-139,2,98
16522,184_140,Spinal cord,-184,-140,2,89
16523,184_141,Spinal cord,-184,-141,2,91
16524,184_142,Spinal cord,-184,-142,2,82
16525,184_143,Spinal cord,-184,-143,2,83
16526,184_144,Spinal cord,-184,-144,2,83
16527,184_145,Spinal cord,-184,-145,2,82
16528,184_146,Spinal cord,-184,-146,2,86
16529,184_147,Spinal cord,-184,-147,2,118
16530,184_148,Sclerotome,-184,-148,2,112
16531,184_149,Sclerotome,-184,-149,2,113
16532,184_150,Sclerotome,-184,-150,2,113
16533,184_151,Lung primordium,-184,-151,2,127
16534,184_152,Branchial arch,-184,-152,2,126
16535,184_153,Urogenital ridge,-184,-153,2,5
16536,184_154,Blood vessel,-184,-154,2,6
16537,184_155,Blood vessel,-184,-155,2,6
16538,184_156,Blood vessel,-184,-156,2,6
16539,184_157,Blood vessel,-184,-157,2,6
16540,184_158,Urogenital ridge,-184,-158,2,4
16541,184_159,Urogenital ridge,-184,-159,2,5
16542,184_160,Urogenital ridge,-184,-160,2,18
16543,184_161,Urogenital ridge,-184,-161,2,4
16544,184_162,Urogenital ridge,-184,-162,2,120
16545,184_163,Urogenital ridge,-184,-163,2,123
16546,184_164,Urogenital ridge,-184,-164,2,123
16547,184_165,Urogenital ridge,-184,-165,2,121
16548,184_166,Urogenital ridge,-184,-166,2,121
16549,184_167,Urogenital ridge,-184,-167,2,121
16550,184_168,Urogenital ridge,-184,-168,2,123
16551,184_169,Lung primordium,-184,-169,2,121
16552,184_170,Branchial arch,-184,-170,2,127
16553,184_171,Branchial arch,-184,-171,2,127
16554,184_172,Branchial arch,-184,-172,2,124
16555,184_173,Lung primordium,-184,-173,2,127
16556,184_174,Lung primordium,-184,-174,2,121
16557,184_175,Urogenital ridge,-184,-175,2,123
16558,184_176,Liver,-184,-176,2,123
16559,184_177,Liver,-184,-177,2,122
16560,184_178,Liver,-184,-178,2,122
16561,184_179,Liver,-184,-179,2,122
16562,184_180,Liver,-184,-180,2,123
16563,184_181,Liver,-184,-181,2,122
16564,184_182,Liver,-184,-182,2,122
16565,184_183,Liver,-184,-183,2,123
16566,184_184,Liver,-184,-184,2,122
16567,184_185,Liver,-184,-185,2,122
16568,184_186,Liver,-184,-186,2,123
16569,184_187,Liver,-184,-187,2,123
16570,184_188,Liver,-184,-188,2,123
16571,184_189,Heart,-184,-189,2,3
16572,184_190,Heart,-184,-190,2,1
16573,184_191,Heart,-184,-191,2,2
16574,184_192,Heart,-184,-192,2,2
16575,184_193,Heart,-184,-193,2,2
16576,184_194,Heart,-184,-194,2,3
16577,184_195,Heart,-184,-195,2,2
16578,184_196,Heart,-184,-196,2,1
16579,184_197,Heart,-184,-197,2,1
16580,184_198,Heart,-184,-198,2,0
16581,184_199,Heart,-184,-199,2,0
16582,184_200,Heart,-184,-200,2,2
16583,184_201,Heart,-184,-201,2,2
16584,184_202,Heart,-184,-202,2,2
16585,184_203,Heart,-184,-203,2,2
16586,184_204,Heart,-184,-204,2,2
16587,184_205,Heart,-184,-205,2,2
16588,184_206,Heart,-184,-206,2,2
16589,184_207,Heart,-184,-207,2,0
16590,184_208,Heart,-184,-208,2,1
16591,184_209,Heart,-184,-209,2,1
16592,184_210,Heart,-184,-210,2,1
16593,184_211,Heart,-184,-211,2,1
16594,184_212,Heart,-184,-212,2,1
16595,184_213,Heart,-184,-213,2,1
16596,184_214,Heart,-184,-214,2,3
16597,184_215,Heart,-184,-215,2,16
16598,184_216,Branchial arch,-184,-216,2,125
16599,184_217,Branchial arch,-184,-217,2,125
16600,184_218,Branchial arch,-184,-218,2,124
16601,184_219,Urogenital ridge,-184,-219,2,5
16602,184_220,Branchial arch,-184,-220,2,124
16603,184_221,Branchial arch,-184,-221,2,127
16604,184_222,Branchial arch,-184,-222,2,125
16605,184_223,Branchial arch,-184,-223,2,116
16606,184_224,Branchial arch,-184,-224,2,96
16607,184_225,Branchial arch,-184,-225,2,124
16608,184_226,Branchial arch,-184,-226,2,124
16609,184_227,Branchial arch,-184,-227,2,124
16610,184_228,Branchial arch,-184,-228,2,124
16611,184_229,Branchial arch,-184,-229,2,124
16612,184_230,Branchial arch,-184,-230,2,124
16613,184_231,Branchial arch,-184,-231,2,124
16614,184_232,Branchial arch,-184,-232,2,124
16615,184_233,Branchial arch,-184,-233,2,124
16616,184_234,Branchial arch,-184,-234,2,124
16617,184_235,Branchial arch,-184,-235,2,124
16618,184_236,Cavity,-184,-236,2,123
16619,184_237,Cavity,-184,-237,2,20
16620,184_238,Cavity,-184,-238,2,20
16621,184_239,Cavity,-184,-239,2,20
16622,184_240,Cavity,-184,-240,2,31
16623,184_248,Cavity,-184,-248,2,27
16624,184_249,Cavity,-184,-249,2,29
16625,184_250,Cavity,-184,-250,2,28
16626,184_251,Cavity,-184,-251,2,30
16627,184_252,Cavity,-184,-252,2,30
16628,184_253,Cavity,-184,-253,2,19
16629,184_254,Cavity,-184,-254,2,23
16630,184_255,Cavity,-184,-255,2,20
16631,184_256,Cavity,-184,-256,2,20
16632,184_257,Cavity,-184,-257,2,20
16633,184_258,Head mesenchyme,-184,-258,2,23
16634,184_259,Head mesenchyme,-184,-259,2,116
16635,184_260,Connective tissue,-184,-260,2,116
16636,184_261,Head mesenchyme,-184,-261,2,116
16637,184_262,Brain,-184,-262,2,98
16638,184_263,Brain,-184,-263,2,23
16639,184_264,Brain,-184,-264,2,99
16640,184_265,Brain,-184,-265,2,127
16641,184_266,Brain,-184,-266,2,121
16642,184_267,Brain,-184,-267,2,98
16643,184_268,Cavity,-184,-268,2,20
16644,184_269,Brain,-184,-269,2,124
16645,184_270,Brain,-184,-270,2,123
16646,184_271,Brain,-184,-271,2,99
16647,184_272,Brain,-184,-272,2,99
16648,184_273,Brain,-184,-273,2,99
16649,184_274,Brain,-184,-274,2,97
16650,184_275,Brain,-184,-275,2,96
16651,184_276,Brain,-184,-276,2,96
16652,184_277,Brain,-184,-277,2,96
16653,184_278,Brain,-184,-278,2,97
16654,184_279,Brain,-184,-279,2,98
16655,184_280,Brain,-184,-280,2,98
16656,184_281,Brain,-184,-281,2,99
16657,184_282,Brain,-184,-282,2,98
16658,184_283,Brain,-184,-283,2,99
16659,184_284,Brain,-184,-284,2,99
16660,184_285,Brain,-184,-285,2,98
16661,184_286,Brain,-184,-286,2,98
16662,184_287,Brain,-184,-287,2,99
16663,184_288,Brain,-184,-288,2,101
16664,184_289,Brain,-184,-289,2,99
16665,184_290,Brain,-184,-290,2,101
16666,184_291,Brain,-184,-291,2,98
16667,184_292,Brain,-184,-292,2,97
16668,184_293,Brain,-184,-293,2,96
16669,184_294,Brain,-184,-294,2,97
16670,184_295,Brain,-184,-295,2,96
16671,184_296,Brain,-184,-296,2,118
16672,184_297,Brain,-184,-297,2,97
16673,184_298,Brain,-184,-298,2,97
16674,184_299,Brain,-184,-299,2,98
16675,184_300,Brain,-184,-300,2,102
16676,184_301,Brain,-184,-301,2,109
16677,184_302,Brain,-184,-302,2,97
16678,184_303,Brain,-184,-303,2,97
16679,184_304,Brain,-184,-304,2,97
16680,184_305,Brain,-184,-305,2,109
16681,184_306,Brain,-184,-306,2,101
16682,184_307,Brain,-184,-307,2,99
16683,184_308,Brain,-184,-308,2,97
16684,184_309,Brain,-184,-309,2,99
16685,184_310,Brain,-184,-310,2,103
16686,184_311,Brain,-184,-311,2,97
16687,184_312,Brain,-184,-312,2,88
16688,184_313,Brain,-184,-313,2,98
16689,184_314,Brain,-184,-314,2,102
16690,184_315,Brain,-184,-315,2,89
16691,184_316,Brain,-184,-316,2,86
16692,184_317,Brain,-184,-317,2,87
16693,184_318,Brain,-184,-318,2,94
16694,184_319,Cavity,-184,-319,2,22
16695,184_320,Cavity,-184,-320,2,31
16696,184_321,Cavity,-184,-321,2,31
16697,184_322,Cavity,-184,-322,2,29
16698,184_323,Cavity,-184,-323,2,25
16699,185_125,Cavity,-185,-125,2,25
16700,185_126,Cavity,-185,-126,2,28
16701,185_127,Cavity,-185,-127,2,19
16702,185_128,Surface ectoderm,-185,-128,2,22
16703,185_129,Surface ectoderm,-185,-129,2,22
16704,185_130,Spinal cord,-185,-130,2,89
16705,185_131,Spinal cord,-185,-131,2,103
16706,185_132,Spinal cord,-185,-132,2,100
16707,185_133,Spinal cord,-185,-133,2,103
16708,185_134,Spinal cord,-185,-134,2,102
16709,185_135,Spinal cord,-185,-135,2,103
16710,185_136,Spinal cord,-185,-136,2,103
16711,185_137,Spinal cord,-185,-137,2,103
16712,185_138,Spinal cord,-185,-138,2,103
16713,185_139,Spinal cord,-185,-139,2,103
16714,185_140,Spinal cord,-185,-140,2,88
16715,185_141,Spinal cord,-185,-141,2,89
16716,185_142,Spinal cord,-185,-142,2,82
16717,185_143,Spinal cord,-185,-143,2,82
16718,185_144,Spinal cord,-185,-144,2,82
16719,185_145,Spinal cord,-185,-145,2,82
16720,185_146,Spinal cord,-185,-146,2,87
16721,185_147,Head mesenchyme,-185,-147,2,116
16722,185_148,Sclerotome,-185,-148,2,126
16723,185_149,Sclerotome,-185,-149,2,115
16724,185_150,Sclerotome,-185,-150,2,112
16725,185_151,Sclerotome,-185,-151,2,113
16726,185_152,Lung primordium,-185,-152,2,126
16727,185_153,Urogenital ridge,-185,-153,2,5
16728,185_154,Blood vessel,-185,-154,2,7
16729,185_155,Blood vessel,-185,-155,2,6
16730,185_156,Blood vessel,-185,-156,2,6
16731,185_157,Blood vessel,-185,-157,2,6
16732,185_158,Urogenital ridge,-185,-158,2,4
16733,185_159,Urogenital ridge,-185,-159,2,17
16734,185_160,Urogenital ridge,-185,-160,2,4
16735,185_161,Urogenital ridge,-185,-161,2,18
16736,185_162,Urogenital ridge,-185,-162,2,123
16737,185_163,Urogenital ridge,-185,-163,2,123
16738,185_164,Urogenital ridge,-185,-164,2,123
16739,185_165,Urogenital ridge,-185,-165,2,20
16740,185_166,Urogenital ridge,-185,-166,2,120
16741,185_167,Urogenital ridge,-185,-167,2,122
16742,185_168,Urogenital ridge,-185,-168,2,122
16743,185_169,Branchial arch,-185,-169,2,127
16744,185_170,Branchial arch,-185,-170,2,126
16745,185_171,Branchial arch,-185,-171,2,127
16746,185_172,Urogenital ridge,-185,-172,2,127
16747,185_173,Branchial arch,-185,-173,2,127
16748,185_174,Lung primordium,-185,-174,2,121
16749,185_175,Urogenital ridge,-185,-175,2,123
16750,185_176,Liver,-185,-176,2,123
16751,185_177,Liver,-185,-177,2,122
16752,185_178,Liver,-185,-178,2,123
16753,185_179,Liver,-185,-179,2,122
16754,185_180,Liver,-185,-180,2,122
16755,185_181,Liver,-185,-181,2,122
16756,185_182,Liver,-185,-182,2,122
16757,185_183,Liver,-185,-183,2,122
16758,185_184,Liver,-185,-184,2,123
16759,185_185,Liver,-185,-185,2,122
16760,185_186,Liver,-185,-186,2,122
16761,185_187,Liver,-185,-187,2,122
16762,185_188,Liver,-185,-188,2,123
16763,185_189,Heart,-185,-189,2,3
16764,185_190,Heart,-185,-190,2,2
16765,185_191,Heart,-185,-191,2,2
16766,185_192,Heart,-185,-192,2,2
16767,185_193,Heart,-185,-193,2,2
16768,185_194,Heart,-185,-194,2,3
16769,185_195,Heart,-185,-195,2,1
16770,185_196,Heart,-185,-196,2,0
16771,185_197,Heart,-185,-197,2,1
16772,185_198,Heart,-185,-198,2,2
16773,185_199,Heart,-185,-199,2,0
16774,185_200,Heart,-185,-200,2,0
16775,185_201,Heart,-185,-201,2,0
16776,185_202,Heart,-185,-202,2,2
16777,185_203,Heart,-185,-203,2,2
16778,185_204,Heart,-185,-204,2,2
16779,185_205,Heart,-185,-205,2,2
16780,185_206,Heart,-185,-206,2,0
16781,185_207,Heart,-185,-207,2,1
16782,185_208,Heart,-185,-208,2,0
16783,185_209,Heart,-185,-209,2,0
16784,185_210,Heart,-185,-210,2,0
16785,185_211,Heart,-185,-211,2,0
16786,185_212,Heart,-185,-212,2,0
16787,185_213,Heart,-185,-213,2,0
16788,185_214,Heart,-185,-214,2,16
16789,185_215,Heart,-185,-215,2,16
16790,185_216,Heart,-185,-216,2,16
16791,185_217,Connective tissue,-185,-217,2,125
16792,185_218,Connective tissue,-185,-218,2,125
16793,185_219,Urogenital ridge,-185,-219,2,5
16794,185_220,Urogenital ridge,-185,-220,2,5
16795,185_221,Branchial arch,-185,-221,2,124
16796,185_222,Branchial arch,-185,-222,2,116
16797,185_223,Branchial arch,-185,-223,2,124
16798,185_224,Branchial arch,-185,-224,2,124
16799,185_225,Branchial arch,-185,-225,2,124
16800,185_226,Branchial arch,-185,-226,2,124
16801,185_227,Branchial arch,-185,-227,2,124
16802,185_228,Branchial arch,-185,-228,2,124
16803,185_229,Branchial arch,-185,-229,2,124
16804,185_230,Branchial arch,-185,-230,2,124
16805,185_231,Branchial arch,-185,-231,2,124
16806,185_232,Branchial arch,-185,-232,2,124
16807,185_233,Branchial arch,-185,-233,2,124
16808,185_234,Branchial arch,-185,-234,2,124
16809,185_235,Branchial arch,-185,-235,2,124
16810,185_236,Cavity,-185,-236,2,20
16811,185_237,Cavity,-185,-237,2,20
16812,185_238,Cavity,-185,-238,2,20
16813,185_239,Cavity,-185,-239,2,30
16814,185_240,Cavity,-185,-240,2,26
16815,185_249,Cavity,-185,-249,2,26
16816,185_250,Cavity,-185,-250,2,31
16817,185_251,Cavity,-185,-251,2,30
16818,185_252,Cavity,-185,-252,2,30
16819,185_253,Cavity,-185,-253,2,30
16820,185_254,Cavity,-185,-254,2,30
16821,185_255,Cavity,-185,-255,2,19
16822,185_256,Cavity,-185,-256,2,19
16823,185_257,Cavity,-185,-257,2,30
16824,185_258,Head mesenchyme,-185,-258,2,23
16825,185_259,Head mesenchyme,-185,-259,2,118
16826,185_260,Connective tissue,-185,-260,2,118
16827,185_261,Brain,-185,-261,2,23
16828,185_262,Brain,-185,-262,2,23
16829,185_263,Brain,-185,-263,2,124
16830,185_264,Brain,-185,-264,2,118
16831,185_265,Brain,-185,-265,2,23
16832,185_266,Brain,-185,-266,2,23
16833,185_267,Cavity,-185,-267,2,20
16834,185_268,Brain,-185,-268,2,99
16835,185_269,Brain,-185,-269,2,124
16836,185_270,Brain,-185,-270,2,98
16837,185_271,Brain,-185,-271,2,102
16838,185_272,Brain,-185,-272,2,99
16839,185_273,Brain,-185,-273,2,99
16840,185_274,Brain,-185,-274,2,97
16841,185_275,Brain,-185,-275,2,96
16842,185_276,Brain,-185,-276,2,96
16843,185_277,Brain,-185,-277,2,96
16844,185_278,Brain,-185,-278,2,98
16845,185_279,Brain,-185,-279,2,97
16846,185_280,Brain,-185,-280,2,99
16847,185_281,Brain,-185,-281,2,98
16848,185_282,Brain,-185,-282,2,99
16849,185_283,Brain,-185,-283,2,99
16850,185_284,Brain,-185,-284,2,99
16851,185_285,Brain,-185,-285,2,99
16852,185_286,Brain,-185,-286,2,98
16853,185_287,Brain,-185,-287,2,99
16854,185_288,Brain,-185,-288,2,98
16855,185_289,Brain,-185,-289,2,99
16856,185_290,Brain,-185,-290,2,99
16857,185_291,Brain,-185,-291,2,102
16858,185_292,Brain,-185,-292,2,96
16859,185_293,Brain,-185,-293,2,96
16860,185_294,Brain,-185,-294,2,96
16861,185_295,Brain,-185,-295,2,97
16862,185_296,Brain,-185,-296,2,97
16863,185_297,Brain,-185,-297,2,97
16864,185_298,Brain,-185,-298,2,97
16865,185_299,Brain,-185,-299,2,97
16866,185_300,Brain,-185,-300,2,96
16867,185_301,Brain,-185,-301,2,97
16868,185_302,Brain,-185,-302,2,108
16869,185_303,Brain,-185,-303,2,97
16870,185_304,Brain,-185,-304,2,96
16871,185_305,Brain,-185,-305,2,102
16872,185_306,Brain,-185,-306,2,102
16873,185_307,Brain,-185,-307,2,98
16874,185_308,Brain,-185,-308,2,102
16875,185_309,Brain,-185,-309,2,99
16876,185_310,Brain,-185,-310,2,98
16877,185_311,Brain,-185,-311,2,98
16878,185_312,Brain,-185,-312,2,99
16879,185_313,Brain,-185,-313,2,100
16880,185_314,Brain,-185,-314,2,102
16881,185_315,Brain,-185,-315,2,92
16882,185_316,Brain,-185,-316,2,81
16883,185_317,Brain,-185,-317,2,87
16884,185_318,Brain,-185,-318,2,95
16885,185_319,Cavity,-185,-319,2,22
16886,185_320,Cavity,-185,-320,2,30
16887,185_321,Cavity,-185,-321,2,29
16888,185_322,Cavity,-185,-322,2,29
16889,185_323,Cavity,-185,-323,2,25
16890,186_125,Cavity,-186,-125,2,25
16891,186_126,Cavity,-186,-126,2,28
16892,186_127,Cavity,-186,-127,2,30
16893,186_128,Surface ectoderm,-186,-128,2,22
16894,186_129,Surface ectoderm,-186,-129,2,22
16895,186_130,Surface ectoderm,-186,-130,2,88
16896,186_131,Spinal cord,-186,-131,2,109
16897,186_132,Spinal cord,-186,-132,2,103
16898,186_133,Spinal cord,-186,-133,2,109
16899,186_134,Spinal cord,-186,-134,2,103
16900,186_135,Spinal cord,-186,-135,2,103
16901,186_136,Spinal cord,-186,-136,2,103
16902,186_137,Spinal cord,-186,-137,2,89
16903,186_138,Spinal cord,-186,-138,2,103
16904,186_139,Spinal cord,-186,-139,2,94
16905,186_140,Spinal cord,-186,-140,2,94
16906,186_141,Spinal cord,-186,-141,2,93
16907,186_142,Spinal cord,-186,-142,2,82
16908,186_143,Spinal cord,-186,-143,2,82
16909,186_144,Spinal cord,-186,-144,2,83
16910,186_145,Spinal cord,-186,-145,2,93
16911,186_146,Spinal cord,-186,-146,2,87
16912,186_147,Sclerotome,-186,-147,2,127
16913,186_148,Sclerotome,-186,-148,2,113
16914,186_149,Sclerotome,-186,-149,2,115
16915,186_150,Sclerotome,-186,-150,2,112
16916,186_151,Sclerotome,-186,-151,2,113
16917,186_152,Sclerotome,-186,-152,2,127
16918,186_153,Urogenital ridge,-186,-153,2,125
16919,186_154,Blood vessel,-186,-154,2,6
16920,186_155,Blood vessel,-186,-155,2,6
16921,186_156,Blood vessel,-186,-156,2,7
16922,186_157,Blood vessel,-186,-157,2,6
16923,186_158,Urogenital ridge,-186,-158,2,4
16924,186_159,Urogenital ridge,-186,-159,2,4
16925,186_160,Urogenital ridge,-186,-160,2,18
16926,186_161,Urogenital ridge,-186,-161,2,4
16927,186_162,Urogenital ridge,-186,-162,2,18
16928,186_163,Urogenital ridge,-186,-163,2,123
16929,186_164,Urogenital ridge,-186,-164,2,123
16930,186_165,Urogenital ridge,-186,-165,2,121
16931,186_166,Urogenital ridge,-186,-166,2,127
16932,186_167,Urogenital ridge,-186,-167,2,125
16933,186_168,Branchial arch,-186,-168,2,127
16934,186_169,Branchial arch,-186,-169,2,127
16935,186_170,Branchial arch,-186,-170,2,127
16936,186_171,Urogenital ridge,-186,-171,2,124
16937,186_172,Urogenital ridge,-186,-172,2,127
16938,186_173,Urogenital ridge,-186,-173,2,121
16939,186_174,Urogenital ridge,-186,-174,2,123
16940,186_175,Urogenital ridge,-186,-175,2,120
16941,186_176,Urogenital ridge,-186,-176,2,124
16942,186_177,Urogenital ridge,-186,-177,2,123
16943,186_178,Liver,-186,-178,2,122
16944,186_179,Liver,-186,-179,2,122
16945,186_180,Liver,-186,-180,2,122
16946,186_181,Liver,-186,-181,2,122
16947,186_182,Liver,-186,-182,2,122
16948,186_183,Liver,-186,-183,2,122
16949,186_184,Liver,-186,-184,2,122
16950,186_185,Liver,-186,-185,2,123
16951,186_186,Liver,-186,-186,2,123
16952,186_187,Liver,-186,-187,2,123
16953,186_188,Liver,-186,-188,2,123
16954,186_189,Heart,-186,-189,2,2
16955,186_190,Heart,-186,-190,2,2
16956,186_191,Heart,-186,-191,2,1
16957,186_192,Heart,-186,-192,2,2
16958,186_193,Heart,-186,-193,2,2
16959,186_194,Heart,-186,-194,2,1
16960,186_195,Heart,-186,-195,2,2
16961,186_196,Heart,-186,-196,2,2
16962,186_197,Heart,-186,-197,2,0
16963,186_198,Heart,-186,-198,2,0
16964,186_199,Heart,-186,-199,2,0
16965,186_200,Heart,-186,-200,2,0
16966,186_201,Heart,-186,-201,2,2
16967,186_202,Heart,-186,-202,2,0
16968,186_203,Heart,-186,-203,2,1
16969,186_204,Heart,-186,-204,2,0
16970,186_205,Heart,-186,-205,2,0
16971,186_206,Heart,-186,-206,2,0
16972,186_207,Heart,-186,-207,2,1
16973,186_208,Heart,-186,-208,2,1
16974,186_209,Heart,-186,-209,2,0
16975,186_210,Heart,-186,-210,2,0
16976,186_211,Heart,-186,-211,2,0
16977,186_212,Heart,-186,-212,2,0
16978,186_213,Heart,-186,-213,2,2
16979,186_214,Heart,-186,-214,2,16
16980,186_215,Heart,-186,-215,2,16
16981,186_216,Heart,-186,-216,2,16
16982,186_217,Cavity,-186,-217,2,18
16983,186_218,Branchial arch,-186,-218,2,124
16984,186_219,Urogenital ridge,-186,-219,2,125
16985,186_220,Urogenital ridge,-186,-220,2,5
16986,186_221,Branchial arch,-186,-221,2,124
16987,186_222,Branchial arch,-186,-222,2,124
16988,186_223,Branchial arch,-186,-223,2,124
16989,186_224,Branchial arch,-186,-224,2,124
16990,186_225,Branchial arch,-186,-225,2,124
16991,186_226,Branchial arch,-186,-226,2,124
16992,186_227,Branchial arch,-186,-227,2,124
16993,186_228,Branchial arch,-186,-228,2,124
16994,186_229,Branchial arch,-186,-229,2,124
16995,186_230,Branchial arch,-186,-230,2,124
16996,186_231,Branchial arch,-186,-231,2,124
16997,186_232,Branchial arch,-186,-232,2,124
16998,186_233,Branchial arch,-186,-233,2,124
16999,186_234,Branchial arch,-186,-234,2,124
17000,186_235,Branchial arch,-186,-235,2,124
17001,186_236,Cavity,-186,-236,2,20
17002,186_237,Cavity,-186,-237,2,20
17003,186_238,Cavity,-186,-238,2,20
17004,186_239,Cavity,-186,-239,2,19
17005,186_240,Cavity,-186,-240,2,27
17006,186_250,Cavity,-186,-250,2,26
17007,186_251,Cavity,-186,-251,2,31
17008,186_252,Cavity,-186,-252,2,30
17009,186_253,Cavity,-186,-253,2,30
17010,186_254,Cavity,-186,-254,2,30
17011,186_255,Cavity,-186,-255,2,19
17012,186_256,Cavity,-186,-256,2,19
17013,186_257,Cavity,-186,-257,2,30
17014,186_258,Cavity,-186,-258,2,20
17015,186_259,Cavity,-186,-259,2,23
17016,186_260,Cavity,-186,-260,2,20
17017,186_261,Brain,-186,-261,2,99
17018,186_262,Brain,-186,-262,2,127
17019,186_263,Brain,-186,-263,2,116
17020,186_264,Brain,-186,-264,2,125
17021,186_265,Brain,-186,-265,2,23
17022,186_266,Cavity,-186,-266,2,20
17023,186_267,Cavity,-186,-267,2,23
17024,186_268,Cavity,-186,-268,2,23
17025,186_269,Brain,-186,-269,2,122
17026,186_270,Brain,-186,-270,2,109
17027,186_271,Brain,-186,-271,2,97
17028,186_272,Brain,-186,-272,2,97
17029,186_273,Brain,-186,-273,2,98
17030,186_274,Brain,-186,-274,2,97
17031,186_275,Brain,-186,-275,2,96
17032,186_276,Brain,-186,-276,2,96
17033,186_277,Brain,-186,-277,2,98
17034,186_278,Brain,-186,-278,2,99
17035,186_279,Brain,-186,-279,2,98
17036,186_280,Brain,-186,-280,2,99
17037,186_281,Brain,-186,-281,2,99
17038,186_282,Brain,-186,-282,2,99
17039,186_283,Brain,-186,-283,2,99
17040,186_284,Brain,-186,-284,2,98
17041,186_285,Brain,-186,-285,2,99
17042,186_286,Brain,-186,-286,2,99
17043,186_287,Brain,-186,-287,2,98
17044,186_288,Brain,-186,-288,2,99
17045,186_289,Brain,-186,-289,2,99
17046,186_290,Brain,-186,-290,2,101
17047,186_291,Brain,-186,-291,2,100
17048,186_292,Brain,-186,-292,2,99
17049,186_293,Brain,-186,-293,2,97
17050,186_294,Brain,-186,-294,2,96
17051,186_295,Brain,-186,-295,2,96
17052,186_296,Brain,-186,-296,2,96
17053,186_297,Brain,-186,-297,2,97
17054,186_298,Brain,-186,-298,2,118
17055,186_299,Brain,-186,-299,2,97
17056,186_300,Brain,-186,-300,2,97
17057,186_301,Brain,-186,-301,2,96
17058,186_302,Brain,-186,-302,2,108
17059,186_303,Brain,-186,-303,2,108
17060,186_304,Brain,-186,-304,2,96
17061,186_305,Brain,-186,-305,2,109
17062,186_306,Brain,-186,-306,2,96
17063,186_307,Brain,-186,-307,2,97
17064,186_308,Brain,-186,-308,2,99
17065,186_309,Brain,-186,-309,2,99
17066,186_310,Brain,-186,-310,2,101
17067,186_311,Brain,-186,-311,2,99
17068,186_312,Brain,-186,-312,2,101
17069,186_313,Brain,-186,-313,2,98
17070,186_314,Brain,-186,-314,2,99
17071,186_315,Brain,-186,-315,2,102
17072,186_316,Brain,-186,-316,2,86
17073,186_317,Brain,-186,-317,2,87
17074,186_318,Brain,-186,-318,2,87
17075,186_319,Cavity,-186,-319,2,22
17076,186_320,Cavity,-186,-320,2,31
17077,186_321,Cavity,-186,-321,2,31
17078,186_322,Cavity,-186,-322,2,31
17079,186_323,Cavity,-186,-323,2,25
17080,187_125,Cavity,-187,-125,2,24
17081,187_126,Cavity,-187,-126,2,28
17082,187_127,Surface ectoderm,-187,-127,2,30
17083,187_128,Surface ectoderm,-187,-128,2,22
17084,187_129,Surface ectoderm,-187,-129,2,22
17085,187_130,Spinal cord,-187,-130,2,109
17086,187_131,Spinal cord,-187,-131,2,101
17087,187_132,Spinal cord,-187,-132,2,102
17088,187_133,Spinal cord,-187,-133,2,102
17089,187_134,Spinal cord,-187,-134,2,103
17090,187_135,Spinal cord,-187,-135,2,102
17091,187_136,Spinal cord,-187,-136,2,107
17092,187_137,Spinal cord,-187,-137,2,102
17093,187_138,Spinal cord,-187,-138,2,89
17094,187_139,Spinal cord,-187,-139,2,89
17095,187_140,Spinal cord,-187,-140,2,91
17096,187_141,Spinal cord,-187,-141,2,91
17097,187_142,Spinal cord,-187,-142,2,82
17098,187_143,Spinal cord,-187,-143,2,82
17099,187_144,Spinal cord,-187,-144,2,82
17100,187_145,Spinal cord,-187,-145,2,81
17101,187_146,Spinal cord,-187,-146,2,87
17102,187_147,Sclerotome,-187,-147,2,127
17103,187_148,Sclerotome,-187,-148,2,113
17104,187_149,Sclerotome,-187,-149,2,115
17105,187_150,Sclerotome,-187,-150,2,113
17106,187_151,Sclerotome,-187,-151,2,113
17107,187_152,Sclerotome,-187,-152,2,126
17108,187_153,Urogenital ridge,-187,-153,2,5
17109,187_154,Blood vessel,-187,-154,2,7
17110,187_155,Blood vessel,-187,-155,2,6
17111,187_156,Blood vessel,-187,-156,2,6
17112,187_157,Blood vessel,-187,-157,2,6
17113,187_158,Urogenital ridge,-187,-158,2,4
17114,187_159,Urogenital ridge,-187,-159,2,4
17115,187_160,Urogenital ridge,-187,-160,2,17
17116,187_161,Urogenital ridge,-187,-161,2,4
17117,187_162,Urogenital ridge,-187,-162,2,18
17118,187_163,Urogenital ridge,-187,-163,2,18
17119,187_164,Urogenital ridge,-187,-164,2,120
17120,187_165,Urogenital ridge,-187,-165,2,121
17121,187_166,Urogenital ridge,-187,-166,2,124
17122,187_167,Urogenital ridge,-187,-167,2,4
17123,187_168,Urogenital ridge,-187,-168,2,127
17124,187_169,Branchial arch,-187,-169,2,125
17125,187_170,Branchial arch,-187,-170,2,121
17126,187_171,Urogenital ridge,-187,-171,2,127
17127,187_172,Urogenital ridge,-187,-172,2,123
17128,187_173,Urogenital ridge,-187,-173,2,123
17129,187_174,Urogenital ridge,-187,-174,2,123
17130,187_175,Urogenital ridge,-187,-175,2,121
17131,187_176,Urogenital ridge,-187,-176,2,123
17132,187_177,Urogenital ridge,-187,-177,2,123
17133,187_178,Liver,-187,-178,2,123
17134,187_179,Urogenital ridge,-187,-179,2,123
17135,187_180,Liver,-187,-180,2,123
17136,187_181,Liver,-187,-181,2,122
17137,187_182,Liver,-187,-182,2,123
17138,187_183,Liver,-187,-183,2,123
17139,187_184,Liver,-187,-184,2,122
17140,187_185,Liver,-187,-185,2,123
17141,187_186,Liver,-187,-186,2,122
17142,187_187,Liver,-187,-187,2,122
17143,187_188,Heart,-187,-188,2,123
17144,187_189,Heart,-187,-189,2,2
17145,187_190,Heart,-187,-190,2,0
17146,187_191,Heart,-187,-191,2,0
17147,187_192,Heart,-187,-192,2,0
17148,187_193,Heart,-187,-193,2,2
17149,187_194,Heart,-187,-194,2,2
17150,187_195,Heart,-187,-195,2,2
17151,187_196,Heart,-187,-196,2,1
17152,187_197,Heart,-187,-197,2,1
17153,187_198,Heart,-187,-198,2,1
17154,187_199,Heart,-187,-199,2,1
17155,187_200,Heart,-187,-200,2,1
17156,187_201,Heart,-187,-201,2,1
17157,187_202,Heart,-187,-202,2,1
17158,187_203,Heart,-187,-203,2,2
17159,187_204,Heart,-187,-204,2,0
17160,187_205,Heart,-187,-205,2,1
17161,187_206,Heart,-187,-206,2,0
17162,187_207,Heart,-187,-207,2,0
17163,187_208,Heart,-187,-208,2,0
17164,187_209,Heart,-187,-209,2,0
17165,187_210,Heart,-187,-210,2,0
17166,187_211,Heart,-187,-211,2,0
17167,187_212,Heart,-187,-212,2,0
17168,187_213,Heart,-187,-213,2,0
17169,187_214,Heart,-187,-214,2,2
17170,187_215,Heart,-187,-215,2,16
17171,187_216,Heart,-187,-216,2,16
17172,187_217,Cavity,-187,-217,2,16
17173,187_218,Branchial arch,-187,-218,2,124
17174,187_219,Branchial arch,-187,-219,2,125
17175,187_220,Branchial arch,-187,-220,2,124
17176,187_221,Branchial arch,-187,-221,2,124
17177,187_222,Branchial arch,-187,-222,2,124
17178,187_223,Branchial arch,-187,-223,2,124
17179,187_224,Branchial arch,-187,-224,2,124
17180,187_225,Branchial arch,-187,-225,2,124
17181,187_226,Branchial arch,-187,-226,2,124
17182,187_227,Branchial arch,-187,-227,2,124
17183,187_228,Branchial arch,-187,-228,2,124
17184,187_229,Branchial arch,-187,-229,2,124
17185,187_230,Branchial arch,-187,-230,2,124
17186,187_231,Branchial arch,-187,-231,2,124
17187,187_232,Branchial arch,-187,-232,2,124
17188,187_233,Branchial arch,-187,-233,2,124
17189,187_234,Branchial arch,-187,-234,2,124
17190,187_235,Cavity,-187,-235,2,121
17191,187_236,Cavity,-187,-236,2,20
17192,187_237,Cavity,-187,-237,2,20
17193,187_238,Cavity,-187,-238,2,30
17194,187_239,Cavity,-187,-239,2,31
17195,187_251,Cavity,-187,-251,2,26
17196,187_252,Cavity,-187,-252,2,25
17197,187_253,Cavity,-187,-253,2,29
17198,187_254,Cavity,-187,-254,2,31
17199,187_255,Cavity,-187,-255,2,30
17200,187_256,Cavity,-187,-256,2,19
17201,187_257,Cavity,-187,-257,2,19
17202,187_258,Cavity,-187,-258,2,23
17203,187_259,Cavity,-187,-259,2,23
17204,187_260,Cavity,-187,-260,2,20
17205,187_261,Brain,-187,-261,2,98
17206,187_262,Brain,-187,-262,2,124
17207,187_263,Brain,-187,-263,2,112
17208,187_264,Brain,-187,-264,2,123
17209,187_265,Urogenital ridge,-187,-265,2,4
17210,187_266,Connective tissue,-187,-266,2,17
17211,187_267,Cavity,-187,-267,2,30
17212,187_268,Cavity,-187,-268,2,20
17213,187_269,Cavity,-187,-269,2,20
17214,187_270,Brain,-187,-270,2,98
17215,187_271,Brain,-187,-271,2,99
17216,187_272,Brain,-187,-272,2,98
17217,187_273,Brain,-187,-273,2,98
17218,187_274,Brain,-187,-274,2,98
17219,187_275,Brain,-187,-275,2,98
17220,187_276,Brain,-187,-276,2,98
17221,187_277,Brain,-187,-277,2,99
17222,187_278,Brain,-187,-278,2,99
17223,187_279,Brain,-187,-279,2,99
17224,187_280,Brain,-187,-280,2,99
17225,187_281,Brain,-187,-281,2,99
17226,187_282,Brain,-187,-282,2,99
17227,187_283,Brain,-187,-283,2,99
17228,187_284,Spinal cord,-187,-284,2,101
17229,187_285,Brain,-187,-285,2,101
17230,187_286,Brain,-187,-286,2,99
17231,187_287,Brain,-187,-287,2,99
17232,187_288,Brain,-187,-288,2,100
17233,187_289,Brain,-187,-289,2,99
17234,187_290,Brain,-187,-290,2,99
17235,187_291,Brain,-187,-291,2,99
17236,187_292,Brain,-187,-292,2,98
17237,187_293,Brain,-187,-293,2,97
17238,187_294,Brain,-187,-294,2,108
17239,187_295,Brain,-187,-295,2,96
17240,187_296,Brain,-187,-296,2,96
17241,187_297,Brain,-187,-297,2,97
17242,187_298,Brain,-187,-298,2,98
17243,187_299,Brain,-187,-299,2,97
17244,187_300,Brain,-187,-300,2,97
17245,187_301,Brain,-187,-301,2,96
17246,187_302,Brain,-187,-302,2,97
17247,187_303,Brain,-187,-303,2,97
17248,187_304,Brain,-187,-304,2,97
17249,187_305,Brain,-187,-305,2,109
17250,187_306,Brain,-187,-306,2,97
17251,187_307,Brain,-187,-307,2,98
17252,187_308,Brain,-187,-308,2,102
17253,187_309,Brain,-187,-309,2,98
17254,187_310,Brain,-187,-310,2,98
17255,187_311,Brain,-187,-311,2,98
17256,187_312,Brain,-187,-312,2,100
17257,187_313,Brain,-187,-313,2,99
17258,187_314,Brain,-187,-314,2,103
17259,187_315,Brain,-187,-315,2,94
17260,187_316,Brain,-187,-316,2,92
17261,187_317,Brain,-187,-317,2,108
17262,187_318,Brain,-187,-318,2,87
17263,187_319,Cavity,-187,-319,2,30
17264,187_320,Cavity,-187,-320,2,31
17265,187_321,Cavity,-187,-321,2,24
17266,187_322,Cavity,-187,-322,2,31
17267,187_323,Cavity,-187,-323,2,26
17268,188_125,Cavity,-188,-125,2,25
17269,188_126,Cavity,-188,-126,2,28
17270,188_127,Surface ectoderm,-188,-127,2,23
17271,188_128,Surface ectoderm,-188,-128,2,21
17272,188_129,Surface ectoderm,-188,-129,2,22
17273,188_130,Spinal cord,-188,-130,2,103
17274,188_131,Spinal cord,-188,-131,2,103
17275,188_132,Spinal cord,-188,-132,2,109
17276,188_133,Spinal cord,-188,-133,2,94
17277,188_134,Spinal cord,-188,-134,2,91
17278,188_135,Spinal cord,-188,-135,2,93
17279,188_136,Spinal cord,-188,-136,2,103
17280,188_137,Spinal cord,-188,-137,2,93
17281,188_138,Spinal cord,-188,-138,2,89
17282,188_139,Spinal cord,-188,-139,2,94
17283,188_140,Spinal cord,-188,-140,2,89
17284,188_141,Spinal cord,-188,-141,2,91
17285,188_142,Spinal cord,-188,-142,2,83
17286,188_143,Spinal cord,-188,-143,2,83
17287,188_144,Spinal cord,-188,-144,2,83
17288,188_145,Spinal cord,-188,-145,2,80
17289,188_146,Spinal cord,-188,-146,2,87
17290,188_147,Sclerotome,-188,-147,2,113
17291,188_148,Sclerotome,-188,-148,2,113
17292,188_149,Sclerotome,-188,-149,2,115
17293,188_150,Sclerotome,-188,-150,2,113
17294,188_151,Sclerotome,-188,-151,2,112
17295,188_152,Sclerotome,-188,-152,2,126
17296,188_153,Urogenital ridge,-188,-153,2,5
17297,188_154,Blood vessel,-188,-154,2,6
17298,188_155,Blood vessel,-188,-155,2,7
17299,188_156,Blood vessel,-188,-156,2,7
17300,188_157,Blood vessel,-188,-157,2,6
17301,188_158,Urogenital ridge,-188,-158,2,4
17302,188_159,Urogenital ridge,-188,-159,2,120
17303,188_160,Urogenital ridge,-188,-160,2,6
17304,188_161,Urogenital ridge,-188,-161,2,6
17305,188_162,Urogenital ridge,-188,-162,2,6
17306,188_163,Urogenital ridge,-188,-163,2,123
17307,188_164,Urogenital ridge,-188,-164,2,123
17308,188_165,Urogenital ridge,-188,-165,2,121
17309,188_166,Urogenital ridge,-188,-166,2,4
17310,188_167,Urogenital ridge,-188,-167,2,5
17311,188_168,Urogenital ridge,-188,-168,2,5
17312,188_169,Urogenital ridge,-188,-169,2,123
17313,188_170,Urogenital ridge,-188,-170,2,123
17314,188_171,Urogenital ridge,-188,-171,2,124
17315,188_172,Urogenital ridge,-188,-172,2,123
17316,188_173,Urogenital ridge,-188,-173,2,123
17317,188_174,Urogenital ridge,-188,-174,2,123
17318,188_175,Urogenital ridge,-188,-175,2,121
17319,188_176,Urogenital ridge,-188,-176,2,123
17320,188_177,Urogenital ridge,-188,-177,2,123
17321,188_178,Urogenital ridge,-188,-178,2,123
17322,188_179,Urogenital ridge,-188,-179,2,123
17323,188_180,Urogenital ridge,-188,-180,2,121
17324,188_181,Urogenital ridge,-188,-181,2,122
17325,188_182,Urogenital ridge,-188,-182,2,123
17326,188_183,Liver,-188,-183,2,123
17327,188_184,Liver,-188,-184,2,122
17328,188_185,Liver,-188,-185,2,123
17329,188_186,Liver,-188,-186,2,122
17330,188_187,Liver,-188,-187,2,123
17331,188_188,Heart,-188,-188,2,3
17332,188_189,Heart,-188,-189,2,2
17333,188_190,Heart,-188,-190,2,2
17334,188_191,Heart,-188,-191,2,1
17335,188_192,Heart,-188,-192,2,0
17336,188_193,Heart,-188,-193,2,0
17337,188_194,Heart,-188,-194,2,1
17338,188_195,Heart,-188,-195,2,1
17339,188_196,Heart,-188,-196,2,1
17340,188_197,Heart,-188,-197,2,1
17341,188_198,Heart,-188,-198,2,1
17342,188_199,Heart,-188,-199,2,1
17343,188_200,Heart,-188,-200,2,1
17344,188_201,Heart,-188,-201,2,1
17345,188_202,Heart,-188,-202,2,1
17346,188_203,Heart,-188,-203,2,1
17347,188_204,Heart,-188,-204,2,1
17348,188_205,Heart,-188,-205,2,1
17349,188_206,Heart,-188,-206,2,1
17350,188_207,Heart,-188,-207,2,1
17351,188_208,Heart,-188,-208,2,1
17352,188_209,Heart,-188,-209,2,1
17353,188_210,Heart,-188,-210,2,2
17354,188_211,Heart,-188,-211,2,0
17355,188_212,Heart,-188,-212,2,0
17356,188_213,Heart,-188,-213,2,0
17357,188_214,Heart,-188,-214,2,2
17358,188_215,Heart,-188,-215,2,16
17359,188_216,Heart,-188,-216,2,16
17360,188_217,Heart,-188,-217,2,16
17361,188_218,Cavity,-188,-218,2,18
17362,188_219,Branchial arch,-188,-219,2,124
17363,188_220,Branchial arch,-188,-220,2,124
17364,188_221,Branchial arch,-188,-221,2,124
17365,188_222,Branchial arch,-188,-222,2,124
17366,188_223,Branchial arch,-188,-223,2,124
17367,188_224,Branchial arch,-188,-224,2,124
17368,188_225,Branchial arch,-188,-225,2,124
17369,188_226,Branchial arch,-188,-226,2,124
17370,188_227,Branchial arch,-188,-227,2,124
17371,188_228,Branchial arch,-188,-228,2,124
17372,188_229,Branchial arch,-188,-229,2,124
17373,188_230,Branchial arch,-188,-230,2,124
17374,188_231,Branchial arch,-188,-231,2,124
17375,188_232,Branchial arch,-188,-232,2,124
17376,188_233,Branchial arch,-188,-233,2,124
17377,188_234,Branchial arch,-188,-234,2,124
17378,188_235,Cavity,-188,-235,2,122
17379,188_236,Cavity,-188,-236,2,20
17380,188_237,Cavity,-188,-237,2,20
17381,188_238,Cavity,-188,-238,2,20
17382,188_239,Cavity,-188,-239,2,29
17383,188_254,Cavity,-188,-254,2,25
17384,188_255,Cavity,-188,-255,2,31
17385,188_256,Cavity,-188,-256,2,30
17386,188_257,Cavity,-188,-257,2,30
17387,188_258,Cavity,-188,-258,2,20
17388,188_259,Cavity,-188,-259,2,20
17389,188_260,Cavity,-188,-260,2,121
17390,188_261,Connective tissue,-188,-261,2,124
17391,188_262,Brain,-188,-262,2,116
17392,188_263,Brain,-188,-263,2,118
17393,188_264,Brain,-188,-264,2,98
17394,188_265,Cavity,-188,-265,2,30
17395,188_266,Cavity,-188,-266,2,30
17396,188_267,Cavity,-188,-267,2,30
17397,188_268,Cavity,-188,-268,2,30
17398,188_269,Cavity,-188,-269,2,99
17399,188_270,Brain,-188,-270,2,101
17400,188_271,Brain,-188,-271,2,124
17401,188_272,Brain,-188,-272,2,109
17402,188_273,Brain,-188,-273,2,122
17403,188_274,Brain,-188,-274,2,99
17404,188_275,Brain,-188,-275,2,98
17405,188_276,Brain,-188,-276,2,99
17406,188_277,Brain,-188,-277,2,98
17407,188_278,Brain,-188,-278,2,99
17408,188_279,Brain,-188,-279,2,99
17409,188_280,Brain,-188,-280,2,100
17410,188_281,Brain,-188,-281,2,101
17411,188_282,Brain,-188,-282,2,99
17412,188_283,Brain,-188,-283,2,99
17413,188_284,Spinal cord,-188,-284,2,101
17414,188_285,Spinal cord,-188,-285,2,99
17415,188_286,Brain,-188,-286,2,99
17416,188_287,Brain,-188,-287,2,99
17417,188_288,Brain,-188,-288,2,123
17418,188_289,Brain,-188,-289,2,99
17419,188_290,Brain,-188,-290,2,98
17420,188_291,Brain,-188,-291,2,103
17421,188_292,Brain,-188,-292,2,101
17422,188_293,Brain,-188,-293,2,102
17423,188_294,Brain,-188,-294,2,99
17424,188_295,Brain,-188,-295,2,96
17425,188_296,Brain,-188,-296,2,108
17426,188_297,Brain,-188,-297,2,96
17427,188_298,Brain,-188,-298,2,98
17428,188_299,Brain,-188,-299,2,98
17429,188_300,Brain,-188,-300,2,97
17430,188_301,Brain,-188,-301,2,96
17431,188_302,Brain,-188,-302,2,97
17432,188_303,Brain,-188,-303,2,97
17433,188_304,Brain,-188,-304,2,108
17434,188_305,Brain,-188,-305,2,96
17435,188_306,Brain,-188,-306,2,98
17436,188_307,Brain,-188,-307,2,97
17437,188_308,Brain,-188,-308,2,98
17438,188_309,Brain,-188,-309,2,99
17439,188_310,Brain,-188,-310,2,98
17440,188_311,Brain,-188,-311,2,101
17441,188_312,Brain,-188,-312,2,97
17442,188_313,Brain,-188,-313,2,98
17443,188_314,Brain,-188,-314,2,98
17444,188_315,Brain,-188,-315,2,94
17445,188_316,Brain,-188,-316,2,87
17446,188_317,Brain,-188,-317,2,111
17447,188_318,Brain,-188,-318,2,98
17448,188_319,Cavity,-188,-319,2,22
17449,188_320,Cavity,-188,-320,2,29
17450,188_321,Cavity,-188,-321,2,29
17451,188_322,Cavity,-188,-322,2,31
17452,188_323,Cavity,-188,-323,2,26
17453,189_126,Cavity,-189,-126,2,28
17454,189_127,Cavity,-189,-127,2,30
17455,189_128,Surface ectoderm,-189,-128,2,21
17456,189_129,Surface ectoderm,-189,-129,2,22
17457,189_130,Spinal cord,-189,-130,2,103
17458,189_131,Spinal cord,-189,-131,2,109
17459,189_132,Spinal cord,-189,-132,2,102
17460,189_133,Spinal cord,-189,-133,2,103
17461,189_134,Spinal cord,-189,-134,2,87
17462,189_135,Spinal cord,-189,-135,2,87
17463,189_136,Spinal cord,-189,-136,2,94
17464,189_137,Spinal cord,-189,-137,2,103
17465,189_138,Spinal cord,-189,-138,2,103
17466,189_139,Spinal cord,-189,-139,2,89
17467,189_140,Spinal cord,-189,-140,2,89
17468,189_141,Spinal cord,-189,-141,2,93
17469,189_142,Spinal cord,-189,-142,2,83
17470,189_143,Spinal cord,-189,-143,2,82
17471,189_144,Spinal cord,-189,-144,2,83
17472,189_145,Spinal cord,-189,-145,2,81
17473,189_146,Spinal cord,-189,-146,2,87
17474,189_147,Sclerotome,-189,-147,2,5
17475,189_148,Sclerotome,-189,-148,2,113
17476,189_149,Sclerotome,-189,-149,2,113
17477,189_150,Sclerotome,-189,-150,2,113
17478,189_151,Sclerotome,-189,-151,2,126
17479,189_152,Urogenital ridge,-189,-152,2,5
17480,189_153,Blood vessel,-189,-153,2,6
17481,189_154,Blood vessel,-189,-154,2,6
17482,189_155,Blood vessel,-189,-155,2,7
17483,189_156,Blood vessel,-189,-156,2,7
17484,189_157,Blood vessel,-189,-157,2,7
17485,189_158,Urogenital ridge,-189,-158,2,4
17486,189_159,Urogenital ridge,-189,-159,2,4
17487,189_160,Urogenital ridge,-189,-160,2,4
17488,189_161,Urogenital ridge,-189,-161,2,6
17489,189_162,Blood vessel,-189,-162,2,6
17490,189_163,Urogenital ridge,-189,-163,2,4
17491,189_164,Urogenital ridge,-189,-164,2,120
17492,189_165,Urogenital ridge,-189,-165,2,4
17493,189_166,Urogenital ridge,-189,-166,2,5
17494,189_167,Urogenital ridge,-189,-167,2,5
17495,189_168,Urogenital ridge,-189,-168,2,125
17496,189_169,Urogenital ridge,-189,-169,2,127
17497,189_170,Urogenital ridge,-189,-170,2,120
17498,189_171,Urogenital ridge,-189,-171,2,123
17499,189_172,Urogenital ridge,-189,-172,2,98
17500,189_173,Urogenital ridge,-189,-173,2,123
17501,189_174,Urogenital ridge,-189,-174,2,121
17502,189_175,Urogenital ridge,-189,-175,2,123
17503,189_176,Urogenital ridge,-189,-176,2,120
17504,189_177,Urogenital ridge,-189,-177,2,127
17505,189_178,Urogenital ridge,-189,-178,2,123
17506,189_179,Urogenital ridge,-189,-179,2,123
17507,189_180,Urogenital ridge,-189,-180,2,123
17508,189_181,Urogenital ridge,-189,-181,2,123
17509,189_182,Urogenital ridge,-189,-182,2,121
17510,189_183,Liver,-189,-183,2,123
17511,189_184,Liver,-189,-184,2,122
17512,189_185,Liver,-189,-185,2,122
17513,189_186,Liver,-189,-186,2,122
17514,189_187,Liver,-189,-187,2,122
17515,189_188,Heart,-189,-188,2,2
17516,189_189,Heart,-189,-189,2,2
17517,189_190,Heart,-189,-190,2,0
17518,189_191,Heart,-189,-191,2,1
17519,189_192,Heart,-189,-192,2,2
17520,189_193,Heart,-189,-193,2,1
17521,189_194,Heart,-189,-194,2,1
17522,189_195,Heart,-189,-195,2,1
17523,189_196,Heart,-189,-196,2,1
17524,189_197,Heart,-189,-197,2,1
17525,189_198,Heart,-189,-198,2,1
17526,189_199,Heart,-189,-199,2,1
17527,189_200,Heart,-189,-200,2,1
17528,189_201,Heart,-189,-201,2,1
17529,189_202,Heart,-189,-202,2,1
17530,189_203,Heart,-189,-203,2,1
17531,189_204,Heart,-189,-204,2,1
17532,189_205,Heart,-189,-205,2,1
17533,189_206,Heart,-189,-206,2,1
17534,189_207,Heart,-189,-207,2,1
17535,189_208,Heart,-189,-208,2,1
17536,189_209,Heart,-189,-209,2,1
17537,189_210,Heart,-189,-210,2,1
17538,189_211,Heart,-189,-211,2,0
17539,189_212,Heart,-189,-212,2,0
17540,189_213,Heart,-189,-213,2,0
17541,189_214,Heart,-189,-214,2,2
17542,189_215,Heart,-189,-215,2,0
17543,189_216,Heart,-189,-216,2,16
17544,189_217,Heart,-189,-217,2,16
17545,189_218,Cavity,-189,-218,2,18
17546,189_219,Urogenital ridge,-189,-219,2,123
17547,189_220,Branchial arch,-189,-220,2,124
17548,189_221,Branchial arch,-189,-221,2,124
17549,189_222,Branchial arch,-189,-222,2,124
17550,189_223,Branchial arch,-189,-223,2,124
17551,189_224,Branchial arch,-189,-224,2,124
17552,189_225,Branchial arch,-189,-225,2,124
17553,189_226,Branchial arch,-189,-226,2,124
17554,189_227,Branchial arch,-189,-227,2,124
17555,189_228,Branchial arch,-189,-228,2,124
17556,189_229,Branchial arch,-189,-229,2,124
17557,189_230,Branchial arch,-189,-230,2,124
17558,189_231,Branchial arch,-189,-231,2,124
17559,189_232,Branchial arch,-189,-232,2,124
17560,189_233,Branchial arch,-189,-233,2,124
17561,189_234,Cavity,-189,-234,2,123
17562,189_235,Cavity,-189,-235,2,22
17563,189_236,Cavity,-189,-236,2,20
17564,189_237,Cavity,-189,-237,2,20
17565,189_238,Cavity,-189,-238,2,20
17566,189_239,Cavity,-189,-239,2,26
17567,189_254,Cavity,-189,-254,2,31
17568,189_255,Cavity,-189,-255,2,17
17569,189_256,Cavity,-189,-256,2,19
17570,189_257,Cavity,-189,-257,2,19
17571,189_258,Cavity,-189,-258,2,20
17572,189_259,Cavity,-189,-259,2,23
17573,189_260,Brain,-189,-260,2,118
17574,189_261,Brain,-189,-261,2,96
17575,189_262,Brain,-189,-262,2,116
17576,189_263,Brain,-189,-263,2,98
17577,189_264,Cavity,-189,-264,2,23
17578,189_265,Cavity,-189,-265,2,28
17579,189_266,Cavity,-189,-266,2,20
17580,189_267,Cavity,-189,-267,2,28
17581,189_268,Cavity,-189,-268,2,28
17582,189_269,Cavity,-189,-269,2,30
17583,189_270,Cavity,-189,-270,2,23
17584,189_271,Brain,-189,-271,2,109
17585,189_272,Spinal cord,-189,-272,2,100
17586,189_273,Brain,-189,-273,2,97
17587,189_274,Brain,-189,-274,2,101
17588,189_275,Brain,-189,-275,2,98
17589,189_276,Brain,-189,-276,2,101
17590,189_277,Brain,-189,-277,2,99
17591,189_278,Brain,-189,-278,2,98
17592,189_279,Brain,-189,-279,2,101
17593,189_280,Spinal cord,-189,-280,2,100
17594,189_281,Spinal cord,-189,-281,2,99
17595,189_282,Spinal cord,-189,-282,2,101
17596,189_283,Spinal cord,-189,-283,2,101
17597,189_284,Brain,-189,-284,2,101
17598,189_285,Spinal cord,-189,-285,2,101
17599,189_286,Brain,-189,-286,2,98
17600,189_287,Brain,-189,-287,2,98
17601,189_288,Brain,-189,-288,2,99
17602,189_289,Brain,-189,-289,2,99
17603,189_290,Brain,-189,-290,2,98
17604,189_291,Brain,-189,-291,2,101
17605,189_292,Brain,-189,-292,2,98
17606,189_293,Brain,-189,-293,2,99
17607,189_294,Brain,-189,-294,2,101
17608,189_295,Brain,-189,-295,2,100
17609,189_296,Brain,-189,-296,2,96
17610,189_297,Brain,-189,-297,2,97
17611,189_298,Brain,-189,-298,2,97
17612,189_299,Brain,-189,-299,2,118
17613,189_300,Brain,-189,-300,2,96
17614,189_301,Brain,-189,-301,2,97
17615,189_302,Brain,-189,-302,2,99
17616,189_303,Brain,-189,-303,2,98
17617,189_304,Brain,-189,-304,2,109
17618,189_305,Brain,-189,-305,2,98
17619,189_306,Brain,-189,-306,2,103
17620,189_307,Brain,-189,-307,2,98
17621,189_308,Brain,-189,-308,2,98
17622,189_309,Brain,-189,-309,2,100
17623,189_310,Brain,-189,-310,2,99
17624,189_311,Brain,-189,-311,2,98
17625,189_312,Brain,-189,-312,2,99
17626,189_313,Brain,-189,-313,2,98
17627,189_314,Brain,-189,-314,2,94
17628,189_315,Brain,-189,-315,2,91
17629,189_316,Brain,-189,-316,2,108
17630,189_317,Brain,-189,-317,2,108
17631,189_318,Cavity,-189,-318,2,20
17632,189_319,Cavity,-189,-319,2,30
17633,189_320,Cavity,-189,-320,2,31
17634,189_321,Cavity,-189,-321,2,25
17635,189_322,Cavity,-189,-322,2,25
17636,189_323,Cavity,-189,-323,2,25
17637,190_126,Cavity,-190,-126,2,28
17638,190_127,Surface ectoderm,-190,-127,2,23
17639,190_128,Surface ectoderm,-190,-128,2,21
17640,190_129,Surface ectoderm,-190,-129,2,21
17641,190_130,Spinal cord,-190,-130,2,102
17642,190_131,Spinal cord,-190,-131,2,102
17643,190_132,Spinal cord,-190,-132,2,102
17644,190_133,Spinal cord,-190,-133,2,95
17645,190_134,Spinal cord,-190,-134,2,95
17646,190_135,Spinal cord,-190,-135,2,94
17647,190_136,Spinal cord,-190,-136,2,87
17648,190_137,Spinal cord,-190,-137,2,94
17649,190_138,Spinal cord,-190,-138,2,94
17650,190_139,Spinal cord,-190,-139,2,103
17651,190_140,Spinal cord,-190,-140,2,91
17652,190_141,Spinal cord,-190,-141,2,91
17653,190_142,Spinal cord,-190,-142,2,82
17654,190_143,Spinal cord,-190,-143,2,82
17655,190_144,Spinal cord,-190,-144,2,83
17656,190_145,Spinal cord,-190,-145,2,81
17657,190_146,Spinal cord,-190,-146,2,87
17658,190_147,Sclerotome,-190,-147,2,127
17659,190_148,Sclerotome,-190,-148,2,112
17660,190_149,Sclerotome,-190,-149,2,113
17661,190_150,Sclerotome,-190,-150,2,113
17662,190_151,Sclerotome,-190,-151,2,112
17663,190_152,Urogenital ridge,-190,-152,2,5
17664,190_153,Blood vessel,-190,-153,2,7
17665,190_154,Blood vessel,-190,-154,2,6
17666,190_155,Blood vessel,-190,-155,2,7
17667,190_156,Blood vessel,-190,-156,2,7
17668,190_157,Blood vessel,-190,-157,2,7
17669,190_158,Urogenital ridge,-190,-158,2,4
17670,190_159,Urogenital ridge,-190,-159,2,120
17671,190_160,Urogenital ridge,-190,-160,2,4
17672,190_161,Urogenital ridge,-190,-161,2,4
17673,190_162,Urogenital ridge,-190,-162,2,6
17674,190_163,Urogenital ridge,-190,-163,2,4
17675,190_164,Urogenital ridge,-190,-164,2,6
17676,190_165,Urogenital ridge,-190,-165,2,6
17677,190_166,Blood vessel,-190,-166,2,6
17678,190_167,Urogenital ridge,-190,-167,2,4
17679,190_168,Branchial arch,-190,-168,2,127
17680,190_169,Urogenital ridge,-190,-169,2,120
17681,190_170,Branchial arch,-190,-170,2,120
17682,190_171,Urogenital ridge,-190,-171,2,123
17683,190_172,Urogenital ridge,-190,-172,2,123
17684,190_173,Urogenital ridge,-190,-173,2,124
17685,190_174,Urogenital ridge,-190,-174,2,127
17686,190_175,Urogenital ridge,-190,-175,2,124
17687,190_176,Connective tissue,-190,-176,2,125
17688,190_177,Urogenital ridge,-190,-177,2,5
17689,190_178,Urogenital ridge,-190,-178,2,123
17690,190_179,Urogenital ridge,-190,-179,2,121
17691,190_180,Urogenital ridge,-190,-180,2,123
17692,190_181,Urogenital ridge,-190,-181,2,122
17693,190_182,Urogenital ridge,-190,-182,2,123
17694,190_183,Liver,-190,-183,2,4
17695,190_184,Liver,-190,-184,2,122
17696,190_185,Liver,-190,-185,2,122
17697,190_186,Liver,-190,-186,2,122
17698,190_187,Liver,-190,-187,2,122
17699,190_188,Heart,-190,-188,2,2
17700,190_189,Heart,-190,-189,2,2
17701,190_190,Heart,-190,-190,2,1
17702,190_191,Heart,-190,-191,2,0
17703,190_192,Heart,-190,-192,2,0
17704,190_193,Heart,-190,-193,2,1
17705,190_194,Heart,-190,-194,2,1
17706,190_195,Heart,-190,-195,2,1
17707,190_196,Heart,-190,-196,2,1
17708,190_197,Heart,-190,-197,2,1
17709,190_198,Heart,-190,-198,2,1
17710,190_199,Heart,-190,-199,2,1
17711,190_200,Heart,-190,-200,2,1
17712,190_201,Heart,-190,-201,2,1
17713,190_202,Heart,-190,-202,2,1
17714,190_203,Heart,-190,-203,2,1
17715,190_204,Heart,-190,-204,2,1
17716,190_205,Heart,-190,-205,2,1
17717,190_206,Heart,-190,-206,2,1
17718,190_207,Heart,-190,-207,2,1
17719,190_208,Heart,-190,-208,2,1
17720,190_209,Heart,-190,-209,2,1
17721,190_210,Heart,-190,-210,2,1
17722,190_211,Heart,-190,-211,2,3
17723,190_212,Heart,-190,-212,2,2
17724,190_213,Heart,-190,-213,2,0
17725,190_214,Heart,-190,-214,2,2
17726,190_215,Heart,-190,-215,2,0
17727,190_216,Heart,-190,-216,2,16
17728,190_217,Heart,-190,-217,2,19
17729,190_218,Heart,-190,-218,2,16
17730,190_219,Cavity,-190,-219,2,20
17731,190_220,Cavity,-190,-220,2,123
17732,190_221,Branchial arch,-190,-221,2,124
17733,190_222,Branchial arch,-190,-222,2,124
17734,190_223,Branchial arch,-190,-223,2,124
17735,190_224,Branchial arch,-190,-224,2,124
17736,190_225,Branchial arch,-190,-225,2,124
17737,190_226,Branchial arch,-190,-226,2,124
17738,190_227,Branchial arch,-190,-227,2,124
17739,190_228,Branchial arch,-190,-228,2,124
17740,190_229,Branchial arch,-190,-229,2,124
17741,190_230,Branchial arch,-190,-230,2,124
17742,190_231,Branchial arch,-190,-231,2,124
17743,190_232,Branchial arch,-190,-232,2,124
17744,190_233,Cavity,-190,-233,2,123
17745,190_234,Cavity,-190,-234,2,123
17746,190_235,Cavity,-190,-235,2,20
17747,190_236,Cavity,-190,-236,2,20
17748,190_237,Cavity,-190,-237,2,19
17749,190_238,Cavity,-190,-238,2,20
17750,190_254,Cavity,-190,-254,2,29
17751,190_255,Cavity,-190,-255,2,30
17752,190_256,Cavity,-190,-256,2,19
17753,190_257,Cavity,-190,-257,2,19
17754,190_258,Cavity,-190,-258,2,18
17755,190_259,Cavity,-190,-259,2,21
17756,190_260,Connective tissue,-190,-260,2,125
17757,190_261,Brain,-190,-261,2,96
17758,190_262,Brain,-190,-262,2,96
17759,190_263,Brain,-190,-263,2,22
17760,190_264,Cavity,-190,-264,2,19
17761,190_265,Cavity,-190,-265,2,30
17762,190_266,Cavity,-190,-266,2,30
17763,190_267,Cavity,-190,-267,2,31
17764,190_268,Cavity,-190,-268,2,30
17765,190_269,Cavity,-190,-269,2,30
17766,190_270,Cavity,-190,-270,2,20
17767,190_271,Brain,-190,-271,2,122
17768,190_272,Brain,-190,-272,2,103
17769,190_273,Brain,-190,-273,2,103
17770,190_274,Spinal cord,-190,-274,2,101
17771,190_275,Brain,-190,-275,2,98
17772,190_276,Brain,-190,-276,2,100
17773,190_277,Brain,-190,-277,2,99
17774,190_278,Spinal cord,-190,-278,2,101
17775,190_279,Spinal cord,-190,-279,2,101
17776,190_280,Brain,-190,-280,2,101
17777,190_281,Spinal cord,-190,-281,2,103
17778,190_282,Spinal cord,-190,-282,2,101
17779,190_283,Spinal cord,-190,-283,2,101
17780,190_284,Spinal cord,-190,-284,2,101
17781,190_285,Spinal cord,-190,-285,2,98
17782,190_286,Brain,-190,-286,2,99
17783,190_287,Brain,-190,-287,2,99
17784,190_288,Brain,-190,-288,2,101
17785,190_289,Brain,-190,-289,2,101
17786,190_290,Brain,-190,-290,2,101
17787,190_291,Brain,-190,-291,2,99
17788,190_292,Brain,-190,-292,2,98
17789,190_293,Brain,-190,-293,2,99
17790,190_294,Spinal cord,-190,-294,2,101
17791,190_295,Brain,-190,-295,2,99
17792,190_296,Brain,-190,-296,2,102
17793,190_297,Brain,-190,-297,2,97
17794,190_298,Brain,-190,-298,2,108
17795,190_299,Brain,-190,-299,2,111
17796,190_300,Brain,-190,-300,2,96
17797,190_301,Brain,-190,-301,2,96
17798,190_302,Brain,-190,-302,2,97
17799,190_303,Brain,-190,-303,2,98
17800,190_304,Brain,-190,-304,2,101
17801,190_305,Brain,-190,-305,2,101
17802,190_306,Brain,-190,-306,2,101
17803,190_307,Brain,-190,-307,2,101
17804,190_308,Brain,-190,-308,2,101
17805,190_309,Brain,-190,-309,2,102
17806,190_310,Brain,-190,-310,2,102
17807,190_311,Brain,-190,-311,2,101
17808,190_312,Brain,-190,-312,2,99
17809,190_313,Brain,-190,-313,2,99
17810,190_314,Brain,-190,-314,2,93
17811,190_315,Brain,-190,-315,2,116
17812,190_316,Brain,-190,-316,2,96
17813,190_317,Brain,-190,-317,2,98
17814,190_318,Cavity,-190,-318,2,28
17815,190_319,Cavity,-190,-319,2,31
17816,190_320,Cavity,-190,-320,2,29
17817,190_321,Cavity,-190,-321,2,29
17818,190_322,Cavity,-190,-322,2,25
17819,190_323,Cavity,-190,-323,2,25
17820,191_126,Cavity,-191,-126,2,28
17821,191_127,Cavity,-191,-127,2,23
17822,191_128,Surface ectoderm,-191,-128,2,22
17823,191_129,Surface ectoderm,-191,-129,2,21
17824,191_130,Surface ectoderm,-191,-130,2,94
17825,191_131,Spinal cord,-191,-131,2,108
17826,191_132,Spinal cord,-191,-132,2,94
17827,191_133,Spinal cord,-191,-133,2,109
17828,191_134,Spinal cord,-191,-134,2,87
17829,191_135,Spinal cord,-191,-135,2,87
17830,191_136,Spinal cord,-191,-136,2,111
17831,191_137,Spinal cord,-191,-137,2,94
17832,191_138,Spinal cord,-191,-138,2,94
17833,191_139,Spinal cord,-191,-139,2,91
17834,191_140,Spinal cord,-191,-140,2,89
17835,191_141,Spinal cord,-191,-141,2,90
17836,191_142,Spinal cord,-191,-142,2,82
17837,191_143,Spinal cord,-191,-143,2,80
17838,191_144,Spinal cord,-191,-144,2,83
17839,191_145,Spinal cord,-191,-145,2,83
17840,191_146,Spinal cord,-191,-146,2,87
17841,191_147,Sclerotome,-191,-147,2,116
17842,191_148,Sclerotome,-191,-148,2,113
17843,191_149,Sclerotome,-191,-149,2,113
17844,191_150,Sclerotome,-191,-150,2,113
17845,191_151,Sclerotome,-191,-151,2,126
17846,191_152,Sclerotome,-191,-152,2,118
17847,191_153,Blood vessel,-191,-153,2,7
17848,191_154,Blood vessel,-191,-154,2,7
17849,191_155,Blood vessel,-191,-155,2,7
17850,191_156,Blood vessel,-191,-156,2,7
17851,191_157,Blood vessel,-191,-157,2,7
17852,191_158,Urogenital ridge,-191,-158,2,5
17853,191_159,Branchial arch,-191,-159,2,127
17854,191_160,Urogenital ridge,-191,-160,2,18
17855,191_161,Blood vessel,-191,-161,2,6
17856,191_162,Urogenital ridge,-191,-162,2,6
17857,191_163,Urogenital ridge,-191,-163,2,6
17858,191_164,Urogenital ridge,-191,-164,2,4
17859,191_165,Urogenital ridge,-191,-165,2,6
17860,191_166,Blood vessel,-191,-166,2,6
17861,191_167,Urogenital ridge,-191,-167,2,4
17862,191_168,Urogenital ridge,-191,-168,2,120
17863,191_169,Urogenital ridge,-191,-169,2,121
17864,191_170,Urogenital ridge,-191,-170,2,123
17865,191_171,Urogenital ridge,-191,-171,2,123
17866,191_172,Urogenital ridge,-191,-172,2,121
17867,191_173,Urogenital ridge,-191,-173,2,123
17868,191_174,Urogenital ridge,-191,-174,2,121
17869,191_175,Connective tissue,-191,-175,2,125
17870,191_176,Connective tissue,-191,-176,2,125
17871,191_177,Connective tissue,-191,-177,2,125
17872,191_178,Connective tissue,-191,-178,2,125
17873,191_179,Urogenital ridge,-191,-179,2,123
17874,191_180,Urogenital ridge,-191,-180,2,123
17875,191_181,Urogenital ridge,-191,-181,2,122
17876,191_182,Urogenital ridge,-191,-182,2,4
17877,191_183,Liver,-191,-183,2,4
17878,191_184,Liver,-191,-184,2,122
17879,191_185,Liver,-191,-185,2,122
17880,191_186,Liver,-191,-186,2,123
17881,191_187,Liver,-191,-187,2,123
17882,191_188,Heart,-191,-188,2,2
17883,191_189,Heart,-191,-189,2,3
17884,191_190,Heart,-191,-190,2,1
17885,191_191,Heart,-191,-191,2,1
17886,191_192,Heart,-191,-192,2,0
17887,191_193,Heart,-191,-193,2,1
17888,191_194,Heart,-191,-194,2,1
17889,191_195,Heart,-191,-195,2,1
17890,191_196,Heart,-191,-196,2,1
17891,191_197,Heart,-191,-197,2,1
17892,191_198,Heart,-191,-198,2,1
17893,191_199,Heart,-191,-199,2,1
17894,191_200,Heart,-191,-200,2,1
17895,191_201,Heart,-191,-201,2,1
17896,191_202,Heart,-191,-202,2,1
17897,191_203,Heart,-191,-203,2,3
17898,191_204,Heart,-191,-204,2,1
17899,191_205,Heart,-191,-205,2,1
17900,191_206,Heart,-191,-206,2,1
17901,191_207,Heart,-191,-207,2,1
17902,191_208,Heart,-191,-208,2,1
17903,191_209,Heart,-191,-209,2,1
17904,191_210,Heart,-191,-210,2,1
17905,191_211,Heart,-191,-211,2,1
17906,191_212,Heart,-191,-212,2,0
17907,191_213,Heart,-191,-213,2,2
17908,191_214,Heart,-191,-214,2,2
17909,191_215,Heart,-191,-215,2,2
17910,191_216,Heart,-191,-216,2,2
17911,191_217,Connective tissue,-191,-217,2,16
17912,191_218,Connective tissue,-191,-218,2,16
17913,191_219,Cavity,-191,-219,2,20
17914,191_220,Cavity,-191,-220,2,20
17915,191_221,Cavity,-191,-221,2,20
17916,191_222,Branchial arch,-191,-222,2,121
17917,191_223,Branchial arch,-191,-223,2,124
17918,191_224,Branchial arch,-191,-224,2,122
17919,191_225,Branchial arch,-191,-225,2,124
17920,191_226,Branchial arch,-191,-226,2,124
17921,191_227,Branchial arch,-191,-227,2,123
17922,191_228,Branchial arch,-191,-228,2,124
17923,191_229,Branchial arch,-191,-229,2,124
17924,191_230,Cavity,-191,-230,2,123
17925,191_231,Branchial arch,-191,-231,2,121
17926,191_232,Cavity,-191,-232,2,123
17927,191_233,Cavity,-191,-233,2,20
17928,191_234,Cavity,-191,-234,2,20
17929,191_235,Cavity,-191,-235,2,20
17930,191_236,Cavity,-191,-236,2,20
17931,191_237,Cavity,-191,-237,2,20
17932,191_238,Cavity,-191,-238,2,30
17933,191_254,Cavity,-191,-254,2,25
17934,191_255,Cavity,-191,-255,2,31
17935,191_256,Cavity,-191,-256,2,30
17936,191_257,Cavity,-191,-257,2,30
17937,191_258,Cavity,-191,-258,2,22
17938,191_259,Cavity,-191,-259,2,22
17939,191_260,Brain,-191,-260,2,113
17940,191_261,Brain,-191,-261,2,96
17941,191_262,Brain,-191,-262,2,97
17942,191_263,Cavity,-191,-263,2,19
17943,191_264,Cavity,-191,-264,2,30
17944,191_265,Cavity,-191,-265,2,31
17945,191_266,Cavity,-191,-266,2,31
17946,191_267,Cavity,-191,-267,2,31
17947,191_268,Cavity,-191,-268,2,31
17948,191_269,Cavity,-191,-269,2,30
17949,191_270,Cavity,-191,-270,2,30
17950,191_271,Cavity,-191,-271,2,30
17951,191_272,Cavity,-191,-272,2,23
17952,191_273,Cavity,-191,-273,2,20
17953,191_274,Cavity,-191,-274,2,20
17954,191_275,Cavity,-191,-275,2,99
17955,191_276,Cavity,-191,-276,2,99
17956,191_277,Cavity,-191,-277,2,20
17957,191_278,Cavity,-191,-278,2,30
17958,191_279,Cavity,-191,-279,2,20
17959,191_280,Cavity,-191,-280,2,21
17960,191_281,Cavity,-191,-281,2,20
17961,191_282,Spinal cord,-191,-282,2,20
17962,191_283,Cavity,-191,-283,2,21
17963,191_284,Spinal cord,-191,-284,2,103
17964,191_285,Spinal cord,-191,-285,2,99
17965,191_286,Spinal cord,-191,-286,2,102
17966,191_287,Brain,-191,-287,2,101
17967,191_288,Brain,-191,-288,2,98
17968,191_289,Brain,-191,-289,2,99
17969,191_290,Brain,-191,-290,2,98
17970,191_291,Brain,-191,-291,2,99
17971,191_292,Brain,-191,-292,2,99
17972,191_293,Brain,-191,-293,2,99
17973,191_294,Brain,-191,-294,2,99
17974,191_295,Brain,-191,-295,2,98
17975,191_296,Brain,-191,-296,2,98
17976,191_297,Brain,-191,-297,2,99
17977,191_298,Brain,-191,-298,2,98
17978,191_299,Brain,-191,-299,2,97
17979,191_300,Brain,-191,-300,2,96
17980,191_301,Brain,-191,-301,2,99
17981,191_302,Brain,-191,-302,2,103
17982,191_303,Brain,-191,-303,2,98
17983,191_304,Brain,-191,-304,2,98
17984,191_305,Brain,-191,-305,2,99
17985,191_306,Brain,-191,-306,2,99
17986,191_307,Brain,-191,-307,2,101
17987,191_308,Brain,-191,-308,2,101
17988,191_309,Brain,-191,-309,2,99
17989,191_310,Brain,-191,-310,2,101
17990,191_311,Brain,-191,-311,2,99
17991,191_312,Brain,-191,-312,2,99
17992,191_313,Brain,-191,-313,2,99
17993,191_314,Brain,-191,-314,2,99
17994,191_315,Brain,-191,-315,2,98
17995,191_316,Brain,-191,-316,2,97
17996,191_317,Brain,-191,-317,2,96
17997,191_318,Cavity,-191,-318,2,23
17998,191_319,Cavity,-191,-319,2,30
17999,191_320,Cavity,-191,-320,2,31
18000,191_321,Cavity,-191,-321,2,29
18001,191_322,Cavity,-191,-322,2,29
18002,191_323,Cavity,-191,-323,2,27
18003,192_126,Cavity,-192,-126,2,29
18004,192_127,Cavity,-192,-127,2,28
18005,192_128,Surface ectoderm,-192,-128,2,22
18006,192_129,Surface ectoderm,-192,-129,2,22
18007,192_130,Surface ectoderm,-192,-130,2,22
18008,192_131,Spinal cord,-192,-131,2,94
18009,192_132,Spinal cord,-192,-132,2,94
18010,192_133,Spinal cord,-192,-133,2,87
18011,192_134,Spinal cord,-192,-134,2,87
18012,192_135,Spinal cord,-192,-135,2,87
18013,192_136,Spinal cord,-192,-136,2,111
18014,192_137,Spinal cord,-192,-137,2,95
18015,192_138,Spinal cord,-192,-138,2,92
18016,192_139,Spinal cord,-192,-139,2,93
18017,192_140,Spinal cord,-192,-140,2,93
18018,192_141,Spinal cord,-192,-141,2,91
18019,192_142,Spinal cord,-192,-142,2,82
18020,192_143,Spinal cord,-192,-143,2,83
18021,192_144,Spinal cord,-192,-144,2,83
18022,192_145,Spinal cord,-192,-145,2,83
18023,192_146,Spinal cord,-192,-146,2,86
18024,192_147,Sclerotome,-192,-147,2,112
18025,192_148,Sclerotome,-192,-148,2,113
18026,192_149,Sclerotome,-192,-149,2,113
18027,192_150,Sclerotome,-192,-150,2,126
18028,192_151,Sclerotome,-192,-151,2,126
18029,192_152,Sclerotome,-192,-152,2,126
18030,192_153,Blood vessel,-192,-153,2,5
18031,192_154,Blood vessel,-192,-154,2,7
18032,192_155,Blood vessel,-192,-155,2,7
18033,192_156,Blood vessel,-192,-156,2,7
18034,192_157,Blood vessel,-192,-157,2,7
18035,192_158,Urogenital ridge,-192,-158,2,5
18036,192_159,Urogenital ridge,-192,-159,2,126
18037,192_160,Urogenital ridge,-192,-160,2,123
18038,192_161,Urogenital ridge,-192,-161,2,4
18039,192_162,Urogenital ridge,-192,-162,2,6
18040,192_163,Urogenital ridge,-192,-163,2,6
18041,192_164,Urogenital ridge,-192,-164,2,4
18042,192_165,Blood vessel,-192,-165,2,6
18043,192_166,Blood vessel,-192,-166,2,6
18044,192_167,Urogenital ridge,-192,-167,2,120
18045,192_168,Urogenital ridge,-192,-168,2,123
18046,192_169,Urogenital ridge,-192,-169,2,123
18047,192_170,Urogenital ridge,-192,-170,2,123
18048,192_171,Urogenital ridge,-192,-171,2,120
18049,192_172,Urogenital ridge,-192,-172,2,124
18050,192_173,Urogenital ridge,-192,-173,2,124
18051,192_174,Branchial arch,-192,-174,2,125
18052,192_175,Branchial arch,-192,-175,2,125
18053,192_176,Connective tissue,-192,-176,2,125
18054,192_177,Connective tissue,-192,-177,2,125
18055,192_178,Connective tissue,-192,-178,2,124
18056,192_179,Urogenital ridge,-192,-179,2,121
18057,192_180,Urogenital ridge,-192,-180,2,123
18058,192_181,Connective tissue,-192,-181,2,123
18059,192_182,Liver,-192,-182,2,4
18060,192_183,Liver,-192,-183,2,8
18061,192_184,Liver,-192,-184,2,123
18062,192_185,Liver,-192,-185,2,18
18063,192_186,Liver,-192,-186,2,122
18064,192_187,Heart,-192,-187,2,16
18065,192_188,Heart,-192,-188,2,2
18066,192_189,Heart,-192,-189,2,3
18067,192_190,Heart,-192,-190,2,1
18068,192_191,Heart,-192,-191,2,1
18069,192_192,Heart,-192,-192,2,2
18070,192_193,Heart,-192,-193,2,0
18071,192_194,Heart,-192,-194,2,1
18072,192_195,Heart,-192,-195,2,1
18073,192_196,Heart,-192,-196,2,1
18074,192_197,Heart,-192,-197,2,1
18075,192_198,Heart,-192,-198,2,1
18076,192_199,Heart,-192,-199,2,1
18077,192_200,Heart,-192,-200,2,1
18078,192_201,Heart,-192,-201,2,1
18079,192_202,Heart,-192,-202,2,2
18080,192_203,Heart,-192,-203,2,3
18081,192_204,Heart,-192,-204,2,1
18082,192_205,Heart,-192,-205,2,3
18083,192_206,Heart,-192,-206,2,1
18084,192_207,Heart,-192,-207,2,1
18085,192_208,Heart,-192,-208,2,2
18086,192_209,Heart,-192,-209,2,1
18087,192_210,Heart,-192,-210,2,1
18088,192_211,Heart,-192,-211,2,125
18089,192_212,Heart,-192,-212,2,1
18090,192_213,Heart,-192,-213,2,2
18091,192_214,Heart,-192,-214,2,2
18092,192_215,Heart,-192,-215,2,2
18093,192_216,Heart,-192,-216,2,16
18094,192_217,Connective tissue,-192,-217,2,16
18095,192_218,Connective tissue,-192,-218,2,16
18096,192_219,Cavity,-192,-219,2,20
18097,192_220,Cavity,-192,-220,2,20
18098,192_221,Cavity,-192,-221,2,21
18099,192_222,Cavity,-192,-222,2,21
18100,192_223,Cavity,-192,-223,2,123
18101,192_224,Branchial arch,-192,-224,2,124
18102,192_225,Branchial arch,-192,-225,2,121
18103,192_226,Branchial arch,-192,-226,2,124
18104,192_227,Branchial arch,-192,-227,2,124
18105,192_228,Branchial arch,-192,-228,2,121
18106,192_229,Cavity,-192,-229,2,20
18107,192_230,Cavity,-192,-230,2,123
18108,192_231,Cavity,-192,-231,2,123
18109,192_232,Cavity,-192,-232,2,20
18110,192_233,Cavity,-192,-233,2,20
18111,192_234,Cavity,-192,-234,2,20
18112,192_235,Cavity,-192,-235,2,20
18113,192_236,Cavity,-192,-236,2,20
18114,192_237,Cavity,-192,-237,2,20
18115,192_238,Cavity,-192,-238,2,29
18116,192_254,Cavity,-192,-254,2,25
18117,192_255,Cavity,-192,-255,2,30
18118,192_256,Cavity,-192,-256,2,30
18119,192_257,Cavity,-192,-257,2,20
18120,192_258,Cavity,-192,-258,2,20
18121,192_259,Brain,-192,-259,2,97
18122,192_260,Brain,-192,-260,2,96
18123,192_261,Brain,-192,-261,2,116
18124,192_262,Cavity,-192,-262,2,123
18125,192_263,Cavity,-192,-263,2,30
18126,192_264,Cavity,-192,-264,2,30
18127,192_265,Cavity,-192,-265,2,31
18128,192_266,Cavity,-192,-266,2,31
18129,192_267,Cavity,-192,-267,2,28
18130,192_268,Cavity,-192,-268,2,31
18131,192_269,Cavity,-192,-269,2,30
18132,192_270,Cavity,-192,-270,2,31
18133,192_271,Cavity,-192,-271,2,31
18134,192_272,Cavity,-192,-272,2,30
18135,192_273,Cavity,-192,-273,2,30
18136,192_274,Cavity,-192,-274,2,30
18137,192_275,Cavity,-192,-275,2,28
18138,192_276,Cavity,-192,-276,2,30
18139,192_277,Cavity,-192,-277,2,30
18140,192_278,Cavity,-192,-278,2,30
18141,192_279,Cavity,-192,-279,2,30
18142,192_280,Cavity,-192,-280,2,30
18143,192_281,Cavity,-192,-281,2,30
18144,192_282,Cavity,-192,-282,2,30
18145,192_283,Cavity,-192,-283,2,21
18146,192_284,Spinal cord,-192,-284,2,101
18147,192_285,Spinal cord,-192,-285,2,101
18148,192_286,Brain,-192,-286,2,99
18149,192_287,Spinal cord,-192,-287,2,102
18150,192_288,Brain,-192,-288,2,98
18151,192_289,Brain,-192,-289,2,101
18152,192_290,Brain,-192,-290,2,101
18153,192_291,Brain,-192,-291,2,99
18154,192_292,Brain,-192,-292,2,98
18155,192_293,Brain,-192,-293,2,98
18156,192_294,Brain,-192,-294,2,99
18157,192_295,Brain,-192,-295,2,99
18158,192_296,Brain,-192,-296,2,99
18159,192_297,Brain,-192,-297,2,98
18160,192_298,Brain,-192,-298,2,101
18161,192_299,Brain,-192,-299,2,98
18162,192_300,Brain,-192,-300,2,99
18163,192_301,Brain,-192,-301,2,101
18164,192_302,Brain,-192,-302,2,102
18165,192_303,Brain,-192,-303,2,98
18166,192_304,Brain,-192,-304,2,99
18167,192_305,Brain,-192,-305,2,97
18168,192_306,Brain,-192,-306,2,97
18169,192_307,Brain,-192,-307,2,101
18170,192_308,Brain,-192,-308,2,22
18171,192_309,Brain,-192,-309,2,101
18172,192_310,Brain,-192,-310,2,99
18173,192_311,Brain,-192,-311,2,102
18174,192_312,Brain,-192,-312,2,99
18175,192_313,Brain,-192,-313,2,99
18176,192_314,Brain,-192,-314,2,99
18177,192_315,Brain,-192,-315,2,98
18178,192_316,Brain,-192,-316,2,96
18179,192_317,Brain,-192,-317,2,96
18180,192_318,Cavity,-192,-318,2,30
18181,192_319,Cavity,-192,-319,2,28
18182,192_320,Cavity,-192,-320,2,28
18183,192_321,Cavity,-192,-321,2,29
18184,192_322,Cavity,-192,-322,2,25
18185,192_323,Cavity,-192,-323,2,27
18186,193_126,Cavity,-193,-126,2,29
18187,193_127,Cavity,-193,-127,2,31
18188,193_128,Surface ectoderm,-193,-128,2,23
18189,193_129,Surface ectoderm,-193,-129,2,21
18190,193_130,Surface ectoderm,-193,-130,2,103
18191,193_131,Spinal cord,-193,-131,2,94
18192,193_132,Spinal cord,-193,-132,2,109
18193,193_133,Spinal cord,-193,-133,2,92
18194,193_134,Spinal cord,-193,-134,2,87
18195,193_135,Spinal cord,-193,-135,2,84
18196,193_136,Spinal cord,-193,-136,2,111
18197,193_137,Spinal cord,-193,-137,2,87
18198,193_138,Spinal cord,-193,-138,2,93
18199,193_139,Spinal cord,-193,-139,2,94
18200,193_140,Spinal cord,-193,-140,2,91
18201,193_141,Spinal cord,-193,-141,2,90
18202,193_142,Spinal cord,-193,-142,2,82
18203,193_143,Spinal cord,-193,-143,2,82
18204,193_144,Spinal cord,-193,-144,2,82
18205,193_145,Spinal cord,-193,-145,2,81
18206,193_146,Spinal cord,-193,-146,2,87
18207,193_147,Sclerotome,-193,-147,2,113
18208,193_148,Sclerotome,-193,-148,2,115
18209,193_149,Sclerotome,-193,-149,2,115
18210,193_150,Sclerotome,-193,-150,2,113
18211,193_151,Sclerotome,-193,-151,2,112
18212,193_152,Sclerotome,-193,-152,2,126
18213,193_153,Urogenital ridge,-193,-153,2,4
18214,193_154,Blood vessel,-193,-154,2,6
18215,193_155,Blood vessel,-193,-155,2,6
18216,193_156,Blood vessel,-193,-156,2,7
18217,193_157,Blood vessel,-193,-157,2,7
18218,193_158,Urogenital ridge,-193,-158,2,4
18219,193_159,Branchial arch,-193,-159,2,127
18220,193_160,Urogenital ridge,-193,-160,2,123
18221,193_161,Urogenital ridge,-193,-161,2,4
18222,193_162,Connective tissue,-193,-162,2,17
18223,193_163,Urogenital ridge,-193,-163,2,17
18224,193_164,Urogenital ridge,-193,-164,2,18
18225,193_165,Urogenital ridge,-193,-165,2,4
18226,193_166,Urogenital ridge,-193,-166,2,4
18227,193_167,Urogenital ridge,-193,-167,2,120
18228,193_168,Urogenital ridge,-193,-168,2,123
18229,193_169,Urogenital ridge,-193,-169,2,123
18230,193_170,Urogenital ridge,-193,-170,2,123
18231,193_171,Branchial arch,-193,-171,2,127
18232,193_172,Urogenital ridge,-193,-172,2,125
18233,193_173,Branchial arch,-193,-173,2,125
18234,193_174,Urogenital ridge,-193,-174,2,124
18235,193_175,Connective tissue,-193,-175,2,124
18236,193_176,Connective tissue,-193,-176,2,126
18237,193_177,Connective tissue,-193,-177,2,125
18238,193_178,Connective tissue,-193,-178,2,125
18239,193_179,Connective tissue,-193,-179,2,123
18240,193_180,Connective tissue,-193,-180,2,124
18241,193_181,Connective tissue,-193,-181,2,123
18242,193_182,Liver,-193,-182,2,123
18243,193_183,Liver,-193,-183,2,123
18244,193_184,Liver,-193,-184,2,121
18245,193_185,Liver,-193,-185,2,122
18246,193_186,Liver,-193,-186,2,123
18247,193_187,Lung primordium,-193,-187,2,121
18248,193_188,Heart,-193,-188,2,3
18249,193_189,Heart,-193,-189,2,2
18250,193_190,Heart,-193,-190,2,1
18251,193_191,Heart,-193,-191,2,1
18252,193_192,Heart,-193,-192,2,0
18253,193_193,Heart,-193,-193,2,0
18254,193_194,Heart,-193,-194,2,0
18255,193_195,Heart,-193,-195,2,0
18256,193_196,Heart,-193,-196,2,1
18257,193_197,Heart,-193,-197,2,1
18258,193_198,Heart,-193,-198,2,1
18259,193_199,Heart,-193,-199,2,0
18260,193_200,Heart,-193,-200,2,0
18261,193_201,Heart,-193,-201,2,2
18262,193_202,Heart,-193,-202,2,0
18263,193_203,Heart,-193,-203,2,2
18264,193_204,Heart,-193,-204,2,2
18265,193_205,Heart,-193,-205,2,16
18266,193_206,Heart,-193,-206,2,3
18267,193_207,Heart,-193,-207,2,2
18268,193_208,Heart,-193,-208,2,3
18269,193_209,Heart,-193,-209,2,3
18270,193_210,Heart,-193,-210,2,3
18271,193_211,Heart,-193,-211,2,1
18272,193_212,Heart,-193,-212,2,1
18273,193_213,Heart,-193,-213,2,2
18274,193_214,Heart,-193,-214,2,2
18275,193_215,Heart,-193,-215,2,2
18276,193_216,Heart,-193,-216,2,16
18277,193_217,Connective tissue,-193,-217,2,16
18278,193_218,Connective tissue,-193,-218,2,20
18279,193_219,Connective tissue,-193,-219,2,16
18280,193_220,Cavity,-193,-220,2,20
18281,193_221,Cavity,-193,-221,2,20
18282,193_222,Cavity,-193,-222,2,20
18283,193_223,Cavity,-193,-223,2,20
18284,193_224,Cavity,-193,-224,2,20
18285,193_225,Cavity,-193,-225,2,123
18286,193_226,Cavity,-193,-226,2,21
18287,193_227,Cavity,-193,-227,2,123
18288,193_228,Cavity,-193,-228,2,121
18289,193_229,Cavity,-193,-229,2,121
18290,193_230,Cavity,-193,-230,2,123
18291,193_231,Cavity,-193,-231,2,20
18292,193_232,Cavity,-193,-232,2,20
18293,193_233,Cavity,-193,-233,2,20
18294,193_234,Cavity,-193,-234,2,20
18295,193_235,Cavity,-193,-235,2,20
18296,193_236,Cavity,-193,-236,2,20
18297,193_237,Cavity,-193,-237,2,31
18298,193_238,Cavity,-193,-238,2,26
18299,193_254,Cavity,-193,-254,2,31
18300,193_255,Cavity,-193,-255,2,30
18301,193_256,Cavity,-193,-256,2,19
18302,193_257,Cavity,-193,-257,2,20
18303,193_258,Brain,-193,-258,2,22
18304,193_259,Brain,-193,-259,2,96
18305,193_260,Brain,-193,-260,2,96
18306,193_261,Brain,-193,-261,2,97
18307,193_262,Cavity,-193,-262,2,22
18308,193_263,Cavity,-193,-263,2,30
18309,193_264,Cavity,-193,-264,2,30
18310,193_265,Cavity,-193,-265,2,31
18311,193_266,Cavity,-193,-266,2,31
18312,193_267,Cavity,-193,-267,2,30
18313,193_268,Cavity,-193,-268,2,30
18314,193_269,Cavity,-193,-269,2,31
18315,193_270,Cavity,-193,-270,2,31
18316,193_271,Cavity,-193,-271,2,31
18317,193_272,Cavity,-193,-272,2,31
18318,193_273,Cavity,-193,-273,2,31
18319,193_274,Cavity,-193,-274,2,28
18320,193_275,Cavity,-193,-275,2,30
18321,193_276,Cavity,-193,-276,2,30
18322,193_277,Cavity,-193,-277,2,30
18323,193_278,Cavity,-193,-278,2,30
18324,193_279,Cavity,-193,-279,2,30
18325,193_280,Cavity,-193,-280,2,30
18326,193_281,Cavity,-193,-281,2,30
18327,193_282,Cavity,-193,-282,2,28
18328,193_283,Cavity,-193,-283,2,99
18329,193_284,Spinal cord,-193,-284,2,103
18330,193_285,Spinal cord,-193,-285,2,103
18331,193_286,Brain,-193,-286,2,99
18332,193_287,Brain,-193,-287,2,99
18333,193_288,Brain,-193,-288,2,98
18334,193_289,Brain,-193,-289,2,103
18335,193_290,Brain,-193,-290,2,98
18336,193_291,Brain,-193,-291,2,99
18337,193_292,Brain,-193,-292,2,102
18338,193_293,Brain,-193,-293,2,99
18339,193_294,Brain,-193,-294,2,98
18340,193_295,Brain,-193,-295,2,99
18341,193_296,Brain,-193,-296,2,97
18342,193_297,Brain,-193,-297,2,99
18343,193_298,Brain,-193,-298,2,102
18344,193_299,Brain,-193,-299,2,98
18345,193_300,Brain,-193,-300,2,98
18346,193_301,Brain,-193,-301,2,101
18347,193_302,Brain,-193,-302,2,98
18348,193_303,Brain,-193,-303,2,98
18349,193_304,Brain,-193,-304,2,98
18350,193_305,Brain,-193,-305,2,98
18351,193_306,Brain,-193,-306,2,97
18352,193_307,Brain,-193,-307,2,98
18353,193_308,Brain,-193,-308,2,101
18354,193_309,Brain,-193,-309,2,99
18355,193_310,Brain,-193,-310,2,98
18356,193_311,Brain,-193,-311,2,98
18357,193_312,Brain,-193,-312,2,98
18358,193_313,Brain,-193,-313,2,99
18359,193_314,Brain,-193,-314,2,98
18360,193_315,Brain,-193,-315,2,97
18361,193_316,Brain,-193,-316,2,98
18362,193_317,Brain,-193,-317,2,97
18363,193_318,Cavity,-193,-318,2,20
18364,193_319,Cavity,-193,-319,2,31
18365,193_320,Cavity,-193,-320,2,29
18366,193_321,Cavity,-193,-321,2,25
18367,193_322,Cavity,-193,-322,2,25
18368,194_126,Cavity,-194,-126,2,29
18369,194_127,Cavity,-194,-127,2,17
18370,194_128,Surface ectoderm,-194,-128,2,23
18371,194_129,Surface ectoderm,-194,-129,2,21
18372,194_130,Surface ectoderm,-194,-130,2,22
18373,194_131,Spinal cord,-194,-131,2,89
18374,194_132,Spinal cord,-194,-132,2,94
18375,194_133,Spinal cord,-194,-133,2,87
18376,194_134,Spinal cord,-194,-134,2,87
18377,194_135,Spinal cord,-194,-135,2,111
18378,194_136,Spinal cord,-194,-136,2,111
18379,194_137,Spinal cord,-194,-137,2,87
18380,194_138,Spinal cord,-194,-138,2,86
18381,194_139,Spinal cord,-194,-139,2,81
18382,194_140,Spinal cord,-194,-140,2,91
18383,194_141,Spinal cord,-194,-141,2,82
18384,194_142,Spinal cord,-194,-142,2,82
18385,194_143,Spinal cord,-194,-143,2,80
18386,194_144,Spinal cord,-194,-144,2,83
18387,194_145,Spinal cord,-194,-145,2,82
18388,194_146,Spinal cord,-194,-146,2,126
18389,194_147,Sclerotome,-194,-147,2,115
18390,194_148,Sclerotome,-194,-148,2,115
18391,194_149,Sclerotome,-194,-149,2,113
18392,194_150,Sclerotome,-194,-150,2,126
18393,194_151,Sclerotome,-194,-151,2,126
18394,194_152,Sclerotome,-194,-152,2,126
18395,194_153,Urogenital ridge,-194,-153,2,5
18396,194_154,Blood vessel,-194,-154,2,7
18397,194_155,Blood vessel,-194,-155,2,7
18398,194_156,Blood vessel,-194,-156,2,7
18399,194_157,Blood vessel,-194,-157,2,7
18400,194_158,Urogenital ridge,-194,-158,2,5
18401,194_159,Urogenital ridge,-194,-159,2,127
18402,194_160,Urogenital ridge,-194,-160,2,123
18403,194_161,Urogenital ridge,-194,-161,2,4
18404,194_162,Urogenital ridge,-194,-162,2,6
18405,194_163,Urogenital ridge,-194,-163,2,6
18406,194_164,Urogenital ridge,-194,-164,2,123
18407,194_165,Urogenital ridge,-194,-165,2,4
18408,194_166,Urogenital ridge,-194,-166,2,120
18409,194_167,Urogenital ridge,-194,-167,2,123
18410,194_168,Urogenital ridge,-194,-168,2,123
18411,194_169,Urogenital ridge,-194,-169,2,120
18412,194_170,Urogenital ridge,-194,-170,2,124
18413,194_171,Urogenital ridge,-194,-171,2,124
18414,194_172,Urogenital ridge,-194,-172,2,127
18415,194_173,Urogenital ridge,-194,-173,2,124
18416,194_174,Connective tissue,-194,-174,2,124
18417,194_175,Connective tissue,-194,-175,2,118
18418,194_176,Connective tissue,-194,-176,2,127
18419,194_177,Connective tissue,-194,-177,2,125
18420,194_178,Connective tissue,-194,-178,2,124
18421,194_179,Connective tissue,-194,-179,2,125
18422,194_180,Connective tissue,-194,-180,2,124
18423,194_181,Connective tissue,-194,-181,2,124
18424,194_182,Connective tissue,-194,-182,2,127
18425,194_183,Urogenital ridge,-194,-183,2,124
18426,194_184,Connective tissue,-194,-184,2,124
18427,194_185,Liver,-194,-185,2,124
18428,194_186,Lung primordium,-194,-186,2,127
18429,194_187,Lung primordium,-194,-187,2,122
18430,194_188,Heart,-194,-188,2,3
18431,194_189,Heart,-194,-189,2,2
18432,194_190,Heart,-194,-190,2,2
18433,194_191,Heart,-194,-191,2,0
18434,194_192,Heart,-194,-192,2,0
18435,194_193,Heart,-194,-193,2,2
18436,194_194,Heart,-194,-194,2,0
18437,194_195,Heart,-194,-195,2,0
18438,194_196,Heart,-194,-196,2,2
18439,194_197,Heart,-194,-197,2,0
18440,194_198,Heart,-194,-198,2,2
18441,194_199,Heart,-194,-199,2,0
18442,194_200,Heart,-194,-200,2,0
18443,194_201,Heart,-194,-201,2,2
18444,194_202,Heart,-194,-202,2,0
18445,194_203,Heart,-194,-203,2,0
18446,194_204,Heart,-194,-204,2,0
18447,194_205,Heart,-194,-205,2,1
18448,194_206,Heart,-194,-206,2,3
18449,194_207,Heart,-194,-207,2,2
18450,194_208,Heart,-194,-208,2,3
18451,194_209,Heart,-194,-209,2,3
18452,194_210,Heart,-194,-210,2,3
18453,194_211,Heart,-194,-211,2,2
18454,194_212,Heart,-194,-212,2,3
18455,194_213,Heart,-194,-213,2,2
18456,194_214,Heart,-194,-214,2,2
18457,194_215,Heart,-194,-215,2,2
18458,194_216,Heart,-194,-216,2,16
18459,194_217,Connective tissue,-194,-217,2,16
18460,194_218,Connective tissue,-194,-218,2,16
18461,194_219,Connective tissue,-194,-219,2,17
18462,194_220,Cavity,-194,-220,2,17
18463,194_221,Cavity,-194,-221,2,20
18464,194_222,Cavity,-194,-222,2,20
18465,194_223,Cavity,-194,-223,2,20
18466,194_224,Cavity,-194,-224,2,20
18467,194_225,Cavity,-194,-225,2,20
18468,194_226,Cavity,-194,-226,2,20
18469,194_227,Cavity,-194,-227,2,21
18470,194_228,Cavity,-194,-228,2,20
18471,194_229,Cavity,-194,-229,2,21
18472,194_230,Cavity,-194,-230,2,21
18473,194_231,Cavity,-194,-231,2,20
18474,194_232,Cavity,-194,-232,2,20
18475,194_233,Cavity,-194,-233,2,20
18476,194_234,Cavity,-194,-234,2,20
18477,194_235,Cavity,-194,-235,2,20
18478,194_236,Cavity,-194,-236,2,19
18479,194_237,Cavity,-194,-237,2,30
18480,194_238,Cavity,-194,-238,2,27
18481,194_253,Cavity,-194,-253,2,27
18482,194_254,Cavity,-194,-254,2,30
18483,194_255,Cavity,-194,-255,2,30
18484,194_256,Cavity,-194,-256,2,20
18485,194_257,Cavity,-194,-257,2,20
18486,194_258,Brain,-194,-258,2,124
18487,194_259,Brain,-194,-259,2,84
18488,194_260,Brain,-194,-260,2,108
18489,194_261,Brain,-194,-261,2,98
18490,194_262,Cavity,-194,-262,2,30
18491,194_263,Cavity,-194,-263,2,30
18492,194_264,Cavity,-194,-264,2,30
18493,194_265,Cavity,-194,-265,2,31
18494,194_266,Cavity,-194,-266,2,31
18495,194_267,Cavity,-194,-267,2,30
18496,194_268,Cavity,-194,-268,2,30
18497,194_269,Cavity,-194,-269,2,30
18498,194_270,Cavity,-194,-270,2,30
18499,194_271,Cavity,-194,-271,2,30
18500,194_272,Cavity,-194,-272,2,31
18501,194_273,Cavity,-194,-273,2,30
18502,194_274,Cavity,-194,-274,2,30
18503,194_275,Cavity,-194,-275,2,30
18504,194_276,Cavity,-194,-276,2,30
18505,194_277,Cavity,-194,-277,2,30
18506,194_278,Cavity,-194,-278,2,30
18507,194_279,Cavity,-194,-279,2,30
18508,194_280,Cavity,-194,-280,2,20
18509,194_281,Cavity,-194,-281,2,30
18510,194_282,Cavity,-194,-282,2,30
18511,194_283,Cavity,-194,-283,2,20
18512,194_284,Brain,-194,-284,2,108
18513,194_285,Spinal cord,-194,-285,2,103
18514,194_286,Spinal cord,-194,-286,2,101
18515,194_287,Brain,-194,-287,2,101
18516,194_288,Brain,-194,-288,2,103
18517,194_289,Brain,-194,-289,2,98
18518,194_290,Brain,-194,-290,2,99
18519,194_291,Brain,-194,-291,2,98
18520,194_292,Brain,-194,-292,2,99
18521,194_293,Brain,-194,-293,2,99
18522,194_294,Brain,-194,-294,2,98
18523,194_295,Brain,-194,-295,2,99
18524,194_296,Brain,-194,-296,2,99
18525,194_297,Brain,-194,-297,2,99
18526,194_298,Brain,-194,-298,2,99
18527,194_299,Brain,-194,-299,2,99
18528,194_300,Brain,-194,-300,2,97
18529,194_301,Brain,-194,-301,2,96
18530,194_302,Brain,-194,-302,2,98
18531,194_303,Brain,-194,-303,2,97
18532,194_304,Brain,-194,-304,2,98
18533,194_305,Brain,-194,-305,2,98
18534,194_306,Brain,-194,-306,2,108
18535,194_307,Brain,-194,-307,2,98
18536,194_308,Brain,-194,-308,2,98
18537,194_309,Brain,-194,-309,2,98
18538,194_310,Brain,-194,-310,2,99
18539,194_311,Brain,-194,-311,2,99
18540,194_312,Brain,-194,-312,2,99
18541,194_313,Brain,-194,-313,2,98
18542,194_314,Brain,-194,-314,2,99
18543,194_315,Brain,-194,-315,2,98
18544,194_316,Brain,-194,-316,2,96
18545,194_317,Brain,-194,-317,2,99
18546,194_318,Cavity,-194,-318,2,20
18547,194_319,Cavity,-194,-319,2,30
18548,194_320,Cavity,-194,-320,2,29
18549,194_321,Cavity,-194,-321,2,24
18550,194_322,Cavity,-194,-322,2,26
18551,195_126,Cavity,-195,-126,2,29
18552,195_127,Connective tissue,-195,-127,2,6
18553,195_128,Connective tissue,-195,-128,2,17
18554,195_129,Surface ectoderm,-195,-129,2,18
18555,195_130,Surface ectoderm,-195,-130,2,22
18556,195_131,Spinal cord,-195,-131,2,94
18557,195_132,Spinal cord,-195,-132,2,87
18558,195_133,Spinal cord,-195,-133,2,87
18559,195_134,Spinal cord,-195,-134,2,84
18560,195_135,Spinal cord,-195,-135,2,111
18561,195_136,Spinal cord,-195,-136,2,111
18562,195_137,Spinal cord,-195,-137,2,111
18563,195_138,Spinal cord,-195,-138,2,86
18564,195_139,Spinal cord,-195,-139,2,93
18565,195_140,Spinal cord,-195,-140,2,91
18566,195_141,Spinal cord,-195,-141,2,82
18567,195_142,Spinal cord,-195,-142,2,82
18568,195_143,Spinal cord,-195,-143,2,83
18569,195_144,Spinal cord,-195,-144,2,82
18570,195_145,Spinal cord,-195,-145,2,93
18571,195_146,Sclerotome,-195,-146,2,118
18572,195_147,Sclerotome,-195,-147,2,113
18573,195_148,Sclerotome,-195,-148,2,113
18574,195_149,Sclerotome,-195,-149,2,113
18575,195_150,Sclerotome,-195,-150,2,113
18576,195_151,Sclerotome,-195,-151,2,113
18577,195_152,Urogenital ridge,-195,-152,2,5
18578,195_153,Blood vessel,-195,-153,2,7
18579,195_154,Blood vessel,-195,-154,2,7
18580,195_155,Blood vessel,-195,-155,2,7
18581,195_156,Blood vessel,-195,-156,2,7
18582,195_157,Blood vessel,-195,-157,2,7
18583,195_158,Urogenital ridge,-195,-158,2,5
18584,195_159,Urogenital ridge,-195,-159,2,126
18585,195_160,Urogenital ridge,-195,-160,2,120
18586,195_161,Urogenital ridge,-195,-161,2,4
18587,195_162,Urogenital ridge,-195,-162,2,4
18588,195_163,Urogenital ridge,-195,-163,2,4
18589,195_164,Urogenital ridge,-195,-164,2,17
18590,195_165,Urogenital ridge,-195,-165,2,123
18591,195_166,Urogenital ridge,-195,-166,2,121
18592,195_167,Urogenital ridge,-195,-167,2,120
18593,195_168,Urogenital ridge,-195,-168,2,123
18594,195_169,Urogenital ridge,-195,-169,2,123
18595,195_170,Urogenital ridge,-195,-170,2,121
18596,195_171,Branchial arch,-195,-171,2,124
18597,195_172,Urogenital ridge,-195,-172,2,124
18598,195_173,Urogenital ridge,-195,-173,2,127
18599,195_174,Connective tissue,-195,-174,2,127
18600,195_175,Cavity,-195,-175,2,13
18601,195_176,Connective tissue,-195,-176,2,125
18602,195_177,Connective tissue,-195,-177,2,125
18603,195_178,Connective tissue,-195,-178,2,125
18604,195_179,Connective tissue,-195,-179,2,125
18605,195_180,Connective tissue,-195,-180,2,125
18606,195_181,Connective tissue,-195,-181,2,125
18607,195_182,Urogenital ridge,-195,-182,2,5
18608,195_183,Connective tissue,-195,-183,2,125
18609,195_184,Connective tissue,-195,-184,2,125
18610,195_185,Connective tissue,-195,-185,2,116
18611,195_186,Cavity,-195,-186,2,121
18612,195_187,Connective tissue,-195,-187,2,121
18613,195_188,Connective tissue,-195,-188,2,127
18614,195_189,Heart,-195,-189,2,1
18615,195_190,Heart,-195,-190,2,2
18616,195_191,Heart,-195,-191,2,0
18617,195_192,Heart,-195,-192,2,1
18618,195_193,Heart,-195,-193,2,1
18619,195_194,Heart,-195,-194,2,1
18620,195_195,Heart,-195,-195,2,0
18621,195_196,Heart,-195,-196,2,2
18622,195_197,Heart,-195,-197,2,2
18623,195_198,Heart,-195,-198,2,0
18624,195_199,Heart,-195,-199,2,0
18625,195_200,Heart,-195,-200,2,0
18626,195_201,Heart,-195,-201,2,2
18627,195_202,Heart,-195,-202,2,2
18628,195_203,Heart,-195,-203,2,2
18629,195_204,Heart,-195,-204,2,0
18630,195_205,Heart,-195,-205,2,2
18631,195_206,Heart,-195,-206,2,16
18632,195_207,Heart,-195,-207,2,3
18633,195_208,Heart,-195,-208,2,2
18634,195_209,Heart,-195,-209,2,16
18635,195_210,Heart,-195,-210,2,3
18636,195_211,Heart,-195,-211,2,2
18637,195_212,Heart,-195,-212,2,1
18638,195_213,Heart,-195,-213,2,2
18639,195_214,Heart,-195,-214,2,2
18640,195_215,Heart,-195,-215,2,16
18641,195_216,Heart,-195,-216,2,16
18642,195_217,Connective tissue,-195,-217,2,16
18643,195_218,Connective tissue,-195,-218,2,16
18644,195_219,Cavity,-195,-219,2,30
18645,195_220,Cavity,-195,-220,2,30
18646,195_221,Cavity,-195,-221,2,19
18647,195_222,Cavity,-195,-222,2,18
18648,195_223,Cavity,-195,-223,2,20
18649,195_224,Cavity,-195,-224,2,20
18650,195_225,Cavity,-195,-225,2,20
18651,195_226,Cavity,-195,-226,2,20
18652,195_227,Cavity,-195,-227,2,20
18653,195_228,Cavity,-195,-228,2,20
18654,195_229,Cavity,-195,-229,2,20
18655,195_230,Cavity,-195,-230,2,20
18656,195_231,Cavity,-195,-231,2,20
18657,195_232,Cavity,-195,-232,2,21
18658,195_233,Cavity,-195,-233,2,20
18659,195_234,Cavity,-195,-234,2,20
18660,195_235,Cavity,-195,-235,2,19
18661,195_236,Cavity,-195,-236,2,31
18662,195_237,Cavity,-195,-237,2,25
18663,195_253,Cavity,-195,-253,2,25
18664,195_254,Cavity,-195,-254,2,31
18665,195_255,Cavity,-195,-255,2,30
18666,195_256,Cavity,-195,-256,2,30
18667,195_257,Cavity,-195,-257,2,20
18668,195_258,Brain,-195,-258,2,116
18669,195_259,Brain,-195,-259,2,96
18670,195_260,Brain,-195,-260,2,96
18671,195_261,Brain,-195,-261,2,22
18672,195_262,Cavity,-195,-262,2,30
18673,195_263,Cavity,-195,-263,2,31
18674,195_264,Cavity,-195,-264,2,31
18675,195_265,Cavity,-195,-265,2,31
18676,195_266,Cavity,-195,-266,2,30
18677,195_267,Cavity,-195,-267,2,31
18678,195_268,Cavity,-195,-268,2,31
18679,195_269,Cavity,-195,-269,2,31
18680,195_270,Cavity,-195,-270,2,31
18681,195_271,Cavity,-195,-271,2,31
18682,195_272,Cavity,-195,-272,2,30
18683,195_273,Cavity,-195,-273,2,30
18684,195_274,Cavity,-195,-274,2,30
18685,195_275,Cavity,-195,-275,2,30
18686,195_276,Cavity,-195,-276,2,30
18687,195_277,Cavity,-195,-277,2,30
18688,195_278,Cavity,-195,-278,2,30
18689,195_279,Cavity,-195,-279,2,31
18690,195_280,Cavity,-195,-280,2,30
18691,195_281,Cavity,-195,-281,2,30
18692,195_282,Cavity,-195,-282,2,30
18693,195_283,Cavity,-195,-283,2,98
18694,195_284,Spinal cord,-195,-284,2,99
18695,195_285,Spinal cord,-195,-285,2,102
18696,195_286,Spinal cord,-195,-286,2,102
18697,195_287,Spinal cord,-195,-287,2,101
18698,195_288,Brain,-195,-288,2,99
18699,195_289,Brain,-195,-289,2,99
18700,195_290,Brain,-195,-290,2,99
18701,195_291,Brain,-195,-291,2,98
18702,195_292,Brain,-195,-292,2,98
18703,195_293,Brain,-195,-293,2,97
18704,195_294,Brain,-195,-294,2,99
18705,195_295,Brain,-195,-295,2,99
18706,195_296,Brain,-195,-296,2,99
18707,195_297,Brain,-195,-297,2,99
18708,195_298,Brain,-195,-298,2,99
18709,195_299,Brain,-195,-299,2,98
18710,195_300,Brain,-195,-300,2,98
18711,195_301,Brain,-195,-301,2,97
18712,195_302,Brain,-195,-302,2,97
18713,195_303,Brain,-195,-303,2,97
18714,195_304,Brain,-195,-304,2,96
18715,195_305,Brain,-195,-305,2,111
18716,195_306,Brain,-195,-306,2,98
18717,195_307,Brain,-195,-307,2,99
18718,195_308,Brain,-195,-308,2,98
18719,195_309,Brain,-195,-309,2,99
18720,195_310,Brain,-195,-310,2,99
18721,195_311,Brain,-195,-311,2,99
18722,195_312,Brain,-195,-312,2,98
18723,195_313,Brain,-195,-313,2,98
18724,195_314,Brain,-195,-314,2,99
18725,195_315,Brain,-195,-315,2,98
18726,195_316,Brain,-195,-316,2,98
18727,195_317,Brain,-195,-317,2,98
18728,195_318,Cavity,-195,-318,2,20
18729,195_319,Cavity,-195,-319,2,31
18730,195_320,Cavity,-195,-320,2,31
18731,195_321,Cavity,-195,-321,2,25
18732,195_322,Cavity,-195,-322,2,27
18733,196_126,Cavity,-196,-126,2,25
18734,196_127,Connective tissue,-196,-127,2,31
18735,196_128,Connective tissue,-196,-128,2,16
18736,196_129,Surface ectoderm,-196,-129,2,23
18737,196_130,Surface ectoderm,-196,-130,2,22
18738,196_131,Spinal cord,-196,-131,2,87
18739,196_132,Spinal cord,-196,-132,2,87
18740,196_133,Spinal cord,-196,-133,2,84
18741,196_134,Spinal cord,-196,-134,2,84
18742,196_135,Spinal cord,-196,-135,2,110
18743,196_136,Spinal cord,-196,-136,2,111
18744,196_137,Spinal cord,-196,-137,2,111
18745,196_138,Spinal cord,-196,-138,2,87
18746,196_139,Spinal cord,-196,-139,2,92
18747,196_140,Spinal cord,-196,-140,2,91
18748,196_141,Spinal cord,-196,-141,2,82
18749,196_142,Spinal cord,-196,-142,2,82
18750,196_143,Spinal cord,-196,-143,2,82
18751,196_144,Spinal cord,-196,-144,2,82
18752,196_145,Spinal cord,-196,-145,2,81
18753,196_146,Sclerotome,-196,-146,2,118
18754,196_147,Sclerotome,-196,-147,2,112
18755,196_148,Sclerotome,-196,-148,2,115
18756,196_149,Sclerotome,-196,-149,2,126
18757,196_150,Sclerotome,-196,-150,2,112
18758,196_151,Sclerotome,-196,-151,2,126
18759,196_152,Sclerotome,-196,-152,2,126
18760,196_153,Urogenital ridge,-196,-153,2,4
18761,196_154,Blood vessel,-196,-154,2,7
18762,196_155,Blood vessel,-196,-155,2,7
18763,196_156,Blood vessel,-196,-156,2,7
18764,196_157,Blood vessel,-196,-157,2,7
18765,196_158,Urogenital ridge,-196,-158,2,7
18766,196_159,Urogenital ridge,-196,-159,2,126
18767,196_160,Urogenital ridge,-196,-160,2,120
18768,196_161,Urogenital ridge,-196,-161,2,4
18769,196_162,Blood vessel,-196,-162,2,6
18770,196_163,Urogenital ridge,-196,-163,2,4
18771,196_164,Urogenital ridge,-196,-164,2,4
18772,196_165,Urogenital ridge,-196,-165,2,123
18773,196_166,Urogenital ridge,-196,-166,2,4
18774,196_167,Urogenital ridge,-196,-167,2,124
18775,196_168,Urogenital ridge,-196,-168,2,121
18776,196_169,Urogenital ridge,-196,-169,2,121
18777,196_170,Urogenital ridge,-196,-170,2,123
18778,196_171,Urogenital ridge,-196,-171,2,124
18779,196_172,Blood vessel,-196,-172,2,124
18780,196_173,Branchial arch,-196,-173,2,124
18781,196_174,Branchial arch,-196,-174,2,127
18782,196_175,Cavity,-196,-175,2,120
18783,196_176,Cavity,-196,-176,2,18
18784,196_177,Cavity,-196,-177,2,18
18785,196_178,Connective tissue,-196,-178,2,125
18786,196_179,Connective tissue,-196,-179,2,125
18787,196_180,Connective tissue,-196,-180,2,125
18788,196_181,Connective tissue,-196,-181,2,125
18789,196_182,Connective tissue,-196,-182,2,125
18790,196_183,Connective tissue,-196,-183,2,125
18791,196_184,Connective tissue,-196,-184,2,125
18792,196_185,Connective tissue,-196,-185,2,124
18793,196_186,Cavity,-196,-186,2,18
18794,196_187,Cavity,-196,-187,2,18
18795,196_188,Connective tissue,-196,-188,2,125
18796,196_189,Heart,-196,-189,2,125
18797,196_190,Heart,-196,-190,2,1
18798,196_191,Heart,-196,-191,2,0
18799,196_192,Heart,-196,-192,2,0
18800,196_193,Heart,-196,-193,2,1
18801,196_194,Heart,-196,-194,2,1
18802,196_195,Heart,-196,-195,2,1
18803,196_196,Heart,-196,-196,2,0
18804,196_197,Heart,-196,-197,2,0
18805,196_198,Heart,-196,-198,2,0
18806,196_199,Heart,-196,-199,2,2
18807,196_200,Heart,-196,-200,2,0
18808,196_201,Heart,-196,-201,2,2
18809,196_202,Heart,-196,-202,2,2
18810,196_203,Heart,-196,-203,2,0
18811,196_204,Heart,-196,-204,2,2
18812,196_205,Heart,-196,-205,2,2
18813,196_206,Heart,-196,-206,2,2
18814,196_207,Heart,-196,-207,2,2
18815,196_208,Heart,-196,-208,2,0
18816,196_209,Heart,-196,-209,2,2
18817,196_210,Heart,-196,-210,2,2
18818,196_211,Heart,-196,-211,2,2
18819,196_212,Heart,-196,-212,2,2
18820,196_213,Heart,-196,-213,2,2
18821,196_214,Heart,-196,-214,2,2
18822,196_215,Heart,-196,-215,2,16
18823,196_216,Connective tissue,-196,-216,2,16
18824,196_217,Connective tissue,-196,-217,2,16
18825,196_218,Connective tissue,-196,-218,2,16
18826,196_219,Cavity,-196,-219,2,19
18827,196_220,Connective tissue,-196,-220,2,19
18828,196_221,Connective tissue,-196,-221,2,19
18829,196_222,Connective tissue,-196,-222,2,19
18830,196_223,Cavity,-196,-223,2,30
18831,196_224,Cavity,-196,-224,2,20
18832,196_225,Cavity,-196,-225,2,20
18833,196_226,Cavity,-196,-226,2,20
18834,196_227,Cavity,-196,-227,2,20
18835,196_228,Cavity,-196,-228,2,20
18836,196_229,Cavity,-196,-229,2,20
18837,196_230,Cavity,-196,-230,2,20
18838,196_231,Cavity,-196,-231,2,20
18839,196_232,Cavity,-196,-232,2,20
18840,196_233,Cavity,-196,-233,2,30
18841,196_234,Cavity,-196,-234,2,31
18842,196_235,Cavity,-196,-235,2,25
18843,196_236,Cavity,-196,-236,2,27
18844,196_252,Cavity,-196,-252,2,27
18845,196_253,Cavity,-196,-253,2,31
18846,196_254,Cavity,-196,-254,2,30
18847,196_255,Cavity,-196,-255,2,30
18848,196_256,Cavity,-196,-256,2,23
18849,196_257,Cavity,-196,-257,2,23
18850,196_258,Brain,-196,-258,2,96
18851,196_259,Brain,-196,-259,2,96
18852,196_260,Cavity,-196,-260,2,21
18853,196_261,Cavity,-196,-261,2,30
18854,196_262,Cavity,-196,-262,2,30
18855,196_263,Cavity,-196,-263,2,31
18856,196_264,Cavity,-196,-264,2,30
18857,196_265,Cavity,-196,-265,2,30
18858,196_266,Cavity,-196,-266,2,31
18859,196_267,Cavity,-196,-267,2,31
18860,196_268,Cavity,-196,-268,2,31
18861,196_269,Cavity,-196,-269,2,31
18862,196_270,Cavity,-196,-270,2,31
18863,196_271,Cavity,-196,-271,2,31
18864,196_272,Cavity,-196,-272,2,30
18865,196_273,Cavity,-196,-273,2,31
18866,196_274,Cavity,-196,-274,2,30
18867,196_275,Cavity,-196,-275,2,31
18868,196_276,Cavity,-196,-276,2,31
18869,196_277,Cavity,-196,-277,2,30
18870,196_278,Cavity,-196,-278,2,30
18871,196_279,Cavity,-196,-279,2,30
18872,196_280,Cavity,-196,-280,2,30
18873,196_281,Cavity,-196,-281,2,30
18874,196_282,Cavity,-196,-282,2,30
18875,196_283,Cavity,-196,-283,2,30
18876,196_284,Cavity,-196,-284,2,30
18877,196_285,Brain,-196,-285,2,96
18878,196_286,Spinal cord,-196,-286,2,103
18879,196_287,Brain,-196,-287,2,102
18880,196_288,Brain,-196,-288,2,109
18881,196_289,Brain,-196,-289,2,96
18882,196_290,Brain,-196,-290,2,98
18883,196_291,Brain,-196,-291,2,100
18884,196_292,Brain,-196,-292,2,99
18885,196_293,Brain,-196,-293,2,97
18886,196_294,Brain,-196,-294,2,99
18887,196_295,Brain,-196,-295,2,98
18888,196_296,Brain,-196,-296,2,99
18889,196_297,Brain,-196,-297,2,97
18890,196_298,Brain,-196,-298,2,97
18891,196_299,Brain,-196,-299,2,97
18892,196_300,Brain,-196,-300,2,97
18893,196_301,Brain,-196,-301,2,96
18894,196_302,Brain,-196,-302,2,97
18895,196_303,Brain,-196,-303,2,5
18896,196_304,Cavity,-196,-304,2,116
18897,196_305,Cavity,-196,-305,2,116
18898,196_306,Brain,-196,-306,2,96
18899,196_307,Brain,-196,-307,2,97
18900,196_308,Brain,-196,-308,2,97
18901,196_309,Brain,-196,-309,2,109
18902,196_310,Brain,-196,-310,2,98
18903,196_311,Brain,-196,-311,2,99
18904,196_312,Brain,-196,-312,2,98
18905,196_313,Brain,-196,-313,2,98
18906,196_314,Brain,-196,-314,2,98
18907,196_315,Brain,-196,-315,2,96
18908,196_316,Brain,-196,-316,2,108
18909,196_317,Surface ectoderm,-196,-317,2,22
18910,196_318,Cavity,-196,-318,2,30
18911,196_319,Cavity,-196,-319,2,31
18912,196_320,Cavity,-196,-320,2,29
18913,196_321,Cavity,-196,-321,2,25
18914,197_126,Cavity,-197,-126,2,26
18915,197_127,Cavity,-197,-127,2,17
18916,197_128,Connective tissue,-197,-128,2,17
18917,197_129,Surface ectoderm,-197,-129,2,23
18918,197_130,Surface ectoderm,-197,-130,2,21
18919,197_131,Spinal cord,-197,-131,2,102
18920,197_132,Spinal cord,-197,-132,2,87
18921,197_133,Spinal cord,-197,-133,2,87
18922,197_134,Spinal cord,-197,-134,2,84
18923,197_135,Spinal cord,-197,-135,2,110
18924,197_136,Spinal cord,-197,-136,2,111
18925,197_137,Spinal cord,-197,-137,2,111
18926,197_138,Spinal cord,-197,-138,2,95
18927,197_139,Spinal cord,-197,-139,2,95
18928,197_140,Spinal cord,-197,-140,2,93
18929,197_141,Spinal cord,-197,-141,2,82
18930,197_142,Spinal cord,-197,-142,2,82
18931,197_143,Spinal cord,-197,-143,2,82
18932,197_144,Spinal cord,-197,-144,2,82
18933,197_145,Spinal cord,-197,-145,2,82
18934,197_146,Spinal cord,-197,-146,2,87
18935,197_147,Sclerotome,-197,-147,2,127
18936,197_148,Sclerotome,-197,-148,2,126
18937,197_149,Sclerotome,-197,-149,2,113
18938,197_150,Sclerotome,-197,-150,2,126
18939,197_151,Sclerotome,-197,-151,2,112
18940,197_152,Sclerotome,-197,-152,2,112
18941,197_153,Urogenital ridge,-197,-153,2,126
18942,197_154,Blood vessel,-197,-154,2,4
18943,197_155,Blood vessel,-197,-155,2,7
18944,197_156,Blood vessel,-197,-156,2,7
18945,197_157,Blood vessel,-197,-157,2,7
18946,197_158,Urogenital ridge,-197,-158,2,5
18947,197_159,Urogenital ridge,-197,-159,2,5
18948,197_160,Urogenital ridge,-197,-160,2,120
18949,197_161,Urogenital ridge,-197,-161,2,18
18950,197_162,Urogenital ridge,-197,-162,2,4
18951,197_163,Urogenital ridge,-197,-163,2,17
18952,197_164,Urogenital ridge,-197,-164,2,17
18953,197_165,Urogenital ridge,-197,-165,2,123
18954,197_166,Urogenital ridge,-197,-166,2,4
18955,197_167,Urogenital ridge,-197,-167,2,125
18956,197_168,Urogenital ridge,-197,-168,2,123
18957,197_169,Urogenital ridge,-197,-169,2,124
18958,197_170,Urogenital ridge,-197,-170,2,124
18959,197_171,Urogenital ridge,-197,-171,2,124
18960,197_172,Urogenital ridge,-197,-172,2,123
18961,197_173,Urogenital ridge,-197,-173,2,121
18962,197_174,Blood vessel,-197,-174,2,124
18963,197_175,Blood vessel,-197,-175,2,124
18964,197_176,Cavity,-197,-176,2,23
18965,197_177,Cavity,-197,-177,2,18
18966,197_178,Connective tissue,-197,-178,2,124
18967,197_179,Connective tissue,-197,-179,2,124
18968,197_180,Connective tissue,-197,-180,2,125
18969,197_181,Connective tissue,-197,-181,2,125
18970,197_182,Connective tissue,-197,-182,2,125
18971,197_183,Connective tissue,-197,-183,2,125
18972,197_184,Connective tissue,-197,-184,2,127
18973,197_185,Cavity,-197,-185,2,18
18974,197_186,Cavity,-197,-186,2,18
18975,197_187,Cavity,-197,-187,2,18
18976,197_188,Cavity,-197,-188,2,18
18977,197_189,Cavity,-197,-189,2,16
18978,197_190,Connective tissue,-197,-190,2,1
18979,197_191,Heart,-197,-191,2,14
18980,197_192,Heart,-197,-192,2,0
18981,197_193,Heart,-197,-193,2,0
18982,197_194,Heart,-197,-194,2,0
18983,197_195,Heart,-197,-195,2,1
18984,197_196,Heart,-197,-196,2,0
18985,197_197,Heart,-197,-197,2,0
18986,197_198,Heart,-197,-198,2,1
18987,197_199,Heart,-197,-199,2,0
18988,197_200,Heart,-197,-200,2,2
18989,197_201,Heart,-197,-201,2,0
18990,197_202,Heart,-197,-202,2,0
18991,197_203,Heart,-197,-203,2,2
18992,197_204,Heart,-197,-204,2,2
18993,197_205,Heart,-197,-205,2,2
18994,197_206,Heart,-197,-206,2,0
18995,197_207,Heart,-197,-207,2,2
18996,197_208,Heart,-197,-208,2,0
18997,197_209,Heart,-197,-209,2,2
18998,197_210,Heart,-197,-210,2,2
18999,197_211,Heart,-197,-211,2,2
19000,197_212,Heart,-197,-212,2,2
19001,197_213,Heart,-197,-213,2,16
19002,197_214,Heart,-197,-214,2,16
19003,197_215,Connective tissue,-197,-215,2,16
19004,197_216,Connective tissue,-197,-216,2,30
19005,197_217,Cavity,-197,-217,2,31
19006,197_218,Cavity,-197,-218,2,31
19007,197_219,Cavity,-197,-219,2,31
19008,197_220,Cavity,-197,-220,2,31
19009,197_221,Cavity,-197,-221,2,31
19010,197_222,Cavity,-197,-222,2,31
19011,197_223,Cavity,-197,-223,2,30
19012,197_224,Cavity,-197,-224,2,30
19013,197_225,Cavity,-197,-225,2,20
19014,197_226,Cavity,-197,-226,2,20
19015,197_227,Cavity,-197,-227,2,20
19016,197_228,Cavity,-197,-228,2,20
19017,197_229,Cavity,-197,-229,2,19
19018,197_230,Cavity,-197,-230,2,19
19019,197_231,Cavity,-197,-231,2,31
19020,197_232,Cavity,-197,-232,2,29
19021,197_233,Cavity,-197,-233,2,27
19022,197_252,Cavity,-197,-252,2,25
19023,197_253,Cavity,-197,-253,2,31
19024,197_254,Cavity,-197,-254,2,31
19025,197_255,Cavity,-197,-255,2,30
19026,197_256,Cavity,-197,-256,2,17
19027,197_257,Cavity,-197,-257,2,22
19028,197_258,Brain,-197,-258,2,98
19029,197_259,Brain,-197,-259,2,22
19030,197_260,Cavity,-197,-260,2,20
19031,197_261,Cavity,-197,-261,2,30
19032,197_262,Cavity,-197,-262,2,31
19033,197_263,Cavity,-197,-263,2,30
19034,197_264,Cavity,-197,-264,2,30
19035,197_265,Cavity,-197,-265,2,30
19036,197_266,Cavity,-197,-266,2,31
19037,197_267,Cavity,-197,-267,2,29
19038,197_268,Cavity,-197,-268,2,30
19039,197_269,Cavity,-197,-269,2,31
19040,197_270,Cavity,-197,-270,2,30
19041,197_271,Cavity,-197,-271,2,31
19042,197_272,Cavity,-197,-272,2,30
19043,197_273,Cavity,-197,-273,2,30
19044,197_274,Cavity,-197,-274,2,31
19045,197_275,Cavity,-197,-275,2,30
19046,197_276,Cavity,-197,-276,2,31
19047,197_277,Cavity,-197,-277,2,31
19048,197_278,Cavity,-197,-278,2,30
19049,197_279,Cavity,-197,-279,2,31
19050,197_280,Cavity,-197,-280,2,30
19051,197_281,Cavity,-197,-281,2,30
19052,197_282,Cavity,-197,-282,2,30
19053,197_283,Cavity,-197,-283,2,20
19054,197_284,Cavity,-197,-284,2,30
19055,197_285,Cavity,-197,-285,2,30
19056,197_286,Brain,-197,-286,2,99
19057,197_287,Brain,-197,-287,2,108
19058,197_288,Brain,-197,-288,2,108
19059,197_289,Brain,-197,-289,2,108
19060,197_290,Brain,-197,-290,2,102
19061,197_291,Brain,-197,-291,2,20
19062,197_292,Brain,-197,-292,2,96
19063,197_293,Brain,-197,-293,2,98
19064,197_294,Brain,-197,-294,2,98
19065,197_295,Brain,-197,-295,2,98
19066,197_296,Brain,-197,-296,2,98
19067,197_297,Brain,-197,-297,2,97
19068,197_298,Brain,-197,-298,2,96
19069,197_299,Brain,-197,-299,2,97
19070,197_300,Brain,-197,-300,2,96
19071,197_301,Cavity,-197,-301,2,96
19072,197_302,Cavity,-197,-302,2,97
19073,197_303,Cavity,-197,-303,2,5
19074,197_304,Cavity,-197,-304,2,97
19075,197_305,Head mesenchyme,-197,-305,2,116
19076,197_306,Cavity,-197,-306,2,117
19077,197_307,Brain,-197,-307,2,97
19078,197_308,Brain,-197,-308,2,97
19079,197_309,Brain,-197,-309,2,98
19080,197_310,Brain,-197,-310,2,97
19081,197_311,Brain,-197,-311,2,98
19082,197_312,Brain,-197,-312,2,98
19083,197_313,Brain,-197,-313,2,99
19084,197_314,Brain,-197,-314,2,98
19085,197_315,Brain,-197,-315,2,97
19086,197_316,Brain,-197,-316,2,108
19087,197_317,Surface ectoderm,-197,-317,2,20
19088,197_318,Cavity,-197,-318,2,19
19089,197_319,Cavity,-197,-319,2,28
19090,197_320,Cavity,-197,-320,2,24
19091,197_321,Cavity,-197,-321,2,27
19092,198_126,Cavity,-198,-126,2,27
19093,198_127,Cavity,-198,-127,2,31
19094,198_128,Cavity,-198,-128,2,17
19095,198_129,Surface ectoderm,-198,-129,2,19
19096,198_130,Surface ectoderm,-198,-130,2,19
19097,198_131,Surface ectoderm,-198,-131,2,4
19098,198_132,Spinal cord,-198,-132,2,87
19099,198_133,Spinal cord,-198,-133,2,87
19100,198_134,Spinal cord,-198,-134,2,84
19101,198_135,Spinal cord,-198,-135,2,111
19102,198_136,Spinal cord,-198,-136,2,110
19103,198_137,Spinal cord,-198,-137,2,111
19104,198_138,Spinal cord,-198,-138,2,87
19105,198_139,Spinal cord,-198,-139,2,86
19106,198_140,Spinal cord,-198,-140,2,93
19107,198_141,Spinal cord,-198,-141,2,82
19108,198_142,Spinal cord,-198,-142,2,82
19109,198_143,Spinal cord,-198,-143,2,82
19110,198_144,Spinal cord,-198,-144,2,83
19111,198_145,Spinal cord,-198,-145,2,80
19112,198_146,Spinal cord,-198,-146,2,87
19113,198_147,Sclerotome,-198,-147,2,112
19114,198_148,Sclerotome,-198,-148,2,112
19115,198_149,Sclerotome,-198,-149,2,112
19116,198_150,Sclerotome,-198,-150,2,112
19117,198_151,Sclerotome,-198,-151,2,113
19118,198_152,Sclerotome,-198,-152,2,126
19119,198_153,Sclerotome,-198,-153,2,126
19120,198_154,Blood vessel,-198,-154,2,7
19121,198_155,Blood vessel,-198,-155,2,6
19122,198_156,Blood vessel,-198,-156,2,6
19123,198_157,Blood vessel,-198,-157,2,7
19124,198_158,Blood vessel,-198,-158,2,7
19125,198_159,Urogenital ridge,-198,-159,2,4
19126,198_160,Urogenital ridge,-198,-160,2,127
19127,198_161,Urogenital ridge,-198,-161,2,121
19128,198_162,Urogenital ridge,-198,-162,2,4
19129,198_163,Urogenital ridge,-198,-163,2,4
19130,198_164,Urogenital ridge,-198,-164,2,18
19131,198_165,Urogenital ridge,-198,-165,2,123
19132,198_166,Urogenital ridge,-198,-166,2,123
19133,198_167,Urogenital ridge,-198,-167,2,123
19134,198_168,Urogenital ridge,-198,-168,2,123
19135,198_169,Urogenital ridge,-198,-169,2,123
19136,198_170,Urogenital ridge,-198,-170,2,121
19137,198_171,Urogenital ridge,-198,-171,2,124
19138,198_172,Urogenital ridge,-198,-172,2,124
19139,198_173,Blood vessel,-198,-173,2,121
19140,198_174,Blood vessel,-198,-174,2,124
19141,198_175,Blood vessel,-198,-175,2,124
19142,198_176,Cavity,-198,-176,2,18
19143,198_177,Cavity,-198,-177,2,18
19144,198_178,Cavity,-198,-178,2,20
19145,198_179,Cavity,-198,-179,2,18
19146,198_180,Connective tissue,-198,-180,2,125
19147,198_181,Connective tissue,-198,-181,2,126
19148,198_182,Connective tissue,-198,-182,2,125
19149,198_183,Connective tissue,-198,-183,2,125
19150,198_184,Connective tissue,-198,-184,2,123
19151,198_185,Cavity,-198,-185,2,18
19152,198_186,Cavity,-198,-186,2,18
19153,198_187,Connective tissue,-198,-187,2,18
19154,198_188,Connective tissue,-198,-188,2,18
19155,198_189,Connective tissue,-198,-189,2,18
19156,198_190,Cavity,-198,-190,2,18
19157,198_191,Cavity,-198,-191,2,123
19158,198_192,Heart,-198,-192,2,1
19159,198_193,Heart,-198,-193,2,0
19160,198_194,Heart,-198,-194,2,0
19161,198_195,Heart,-198,-195,2,0
19162,198_196,Heart,-198,-196,2,0
19163,198_197,Heart,-198,-197,2,0
19164,198_198,Heart,-198,-198,2,1
19165,198_199,Heart,-198,-199,2,1
19166,198_200,Heart,-198,-200,2,1
19167,198_201,Heart,-198,-201,2,0
19168,198_202,Heart,-198,-202,2,0
19169,198_203,Heart,-198,-203,2,2
19170,198_204,Heart,-198,-204,2,2
19171,198_205,Heart,-198,-205,2,2
19172,198_206,Heart,-198,-206,2,2
19173,198_207,Heart,-198,-207,2,2
19174,198_208,Heart,-198,-208,2,0
19175,198_209,Heart,-198,-209,2,3
19176,198_210,Heart,-198,-210,2,2
19177,198_211,Heart,-198,-211,2,16
19178,198_212,Heart,-198,-212,2,16
19179,198_213,Heart,-198,-213,2,16
19180,198_214,Connective tissue,-198,-214,2,16
19181,198_215,Connective tissue,-198,-215,2,16
19182,198_216,Cavity,-198,-216,2,29
19183,198_222,Cavity,-198,-222,2,26
19184,198_223,Cavity,-198,-223,2,31
19185,198_224,Cavity,-198,-224,2,30
19186,198_225,Cavity,-198,-225,2,30
19187,198_226,Cavity,-198,-226,2,19
19188,198_227,Cavity,-198,-227,2,19
19189,198_228,Cavity,-198,-228,2,31
19190,198_229,Cavity,-198,-229,2,25
19191,198_230,Cavity,-198,-230,2,27
19192,198_252,Cavity,-198,-252,2,25
19193,198_253,Cavity,-198,-253,2,30
19194,198_254,Cavity,-198,-254,2,31
19195,198_255,Cavity,-198,-255,2,31
19196,198_256,Cavity,-198,-256,2,30
19197,198_257,Cavity,-198,-257,2,22
19198,198_258,Cavity,-198,-258,2,22
19199,198_259,Cavity,-198,-259,2,21
19200,198_260,Cavity,-198,-260,2,23
19201,198_261,Cavity,-198,-261,2,30
19202,198_262,Cavity,-198,-262,2,31
19203,198_263,Cavity,-198,-263,2,30
19204,198_264,Cavity,-198,-264,2,28
19205,198_265,Cavity,-198,-265,2,29
19206,198_266,Cavity,-198,-266,2,30
19207,198_267,Cavity,-198,-267,2,31
19208,198_268,Cavity,-198,-268,2,31
19209,198_269,Cavity,-198,-269,2,29
19210,198_270,Cavity,-198,-270,2,31
19211,198_271,Cavity,-198,-271,2,30
19212,198_272,Cavity,-198,-272,2,30
19213,198_273,Cavity,-198,-273,2,31
19214,198_274,Cavity,-198,-274,2,30
19215,198_275,Cavity,-198,-275,2,31
19216,198_276,Cavity,-198,-276,2,30
19217,198_277,Cavity,-198,-277,2,31
19218,198_278,Cavity,-198,-278,2,30
19219,198_279,Cavity,-198,-279,2,30
19220,198_280,Cavity,-198,-280,2,30
19221,198_281,Cavity,-198,-281,2,28
19222,198_282,Cavity,-198,-282,2,20
19223,198_283,Cavity,-198,-283,2,30
19224,198_284,Cavity,-198,-284,2,20
19225,198_285,Cavity,-198,-285,2,30
19226,198_286,Cavity,-198,-286,2,98
19227,198_287,Brain,-198,-287,2,96
19228,198_288,Brain,-198,-288,2,108
19229,198_289,Brain,-198,-289,2,96
19230,198_290,Brain,-198,-290,2,98
19231,198_291,Brain,-198,-291,2,101
19232,198_292,Brain,-198,-292,2,98
19233,198_293,Brain,-198,-293,2,99
19234,198_294,Brain,-198,-294,2,97
19235,198_295,Brain,-198,-295,2,97
19236,198_296,Brain,-198,-296,2,98
19237,198_297,Brain,-198,-297,2,97
19238,198_298,Brain,-198,-298,2,96
19239,198_299,Brain,-198,-299,2,97
19240,198_300,Cavity,-198,-300,2,96
19241,198_301,Cavity,-198,-301,2,117
19242,198_302,Head mesenchyme,-198,-302,2,118
19243,198_303,Cavity,-198,-303,2,28
19244,198_304,Cavity,-198,-304,2,115
19245,198_305,Head mesenchyme,-198,-305,2,116
19246,198_306,Head mesenchyme,-198,-306,2,118
19247,198_307,Cavity,-198,-307,2,96
19248,198_308,Brain,-198,-308,2,96
19249,198_309,Brain,-198,-309,2,96
19250,198_310,Brain,-198,-310,2,97
19251,198_311,Brain,-198,-311,2,98
19252,198_312,Brain,-198,-312,2,97
19253,198_313,Brain,-198,-313,2,98
19254,198_314,Brain,-198,-314,2,89
19255,198_315,Brain,-198,-315,2,118
19256,198_316,Surface ectoderm,-198,-316,2,22
19257,198_317,Surface ectoderm,-198,-317,2,22
19258,198_318,Connective tissue,-198,-318,2,30
19259,198_319,Cavity,-198,-319,2,31
19260,198_320,Cavity,-198,-320,2,25
19261,199_127,Cavity,-199,-127,2,29
19262,199_128,Cavity,-199,-128,2,29
19263,199_129,Connective tissue,-199,-129,2,18
19264,199_130,Surface ectoderm,-199,-130,2,18
19265,199_131,Surface ectoderm,-199,-131,2,22
19266,199_132,Spinal cord,-199,-132,2,94
19267,199_133,Spinal cord,-199,-133,2,87
19268,199_134,Spinal cord,-199,-134,2,84
19269,199_135,Spinal cord,-199,-135,2,110
19270,199_136,Spinal cord,-199,-136,2,110
19271,199_137,Spinal cord,-199,-137,2,111
19272,199_138,Spinal cord,-199,-138,2,111
19273,199_139,Spinal cord,-199,-139,2,86
19274,199_140,Spinal cord,-199,-140,2,93
19275,199_141,Spinal cord,-199,-141,2,82
19276,199_142,Spinal cord,-199,-142,2,82
19277,199_143,Spinal cord,-199,-143,2,82
19278,199_144,Spinal cord,-199,-144,2,82
19279,199_145,Spinal cord,-199,-145,2,83
19280,199_146,Spinal cord,-199,-146,2,86
19281,199_147,Sclerotome,-199,-147,2,112
19282,199_148,Sclerotome,-199,-148,2,112
19283,199_149,Sclerotome,-199,-149,2,113
19284,199_150,Sclerotome,-199,-150,2,113
19285,199_151,Sclerotome,-199,-151,2,115
19286,199_152,Sclerotome,-199,-152,2,126
19287,199_153,Connective tissue,-199,-153,2,126
19288,199_154,Blood vessel,-199,-154,2,7
19289,199_155,Blood vessel,-199,-155,2,7
19290,199_156,Blood vessel,-199,-156,2,6
19291,199_157,Blood vessel,-199,-157,2,7
19292,199_158,Blood vessel,-199,-158,2,7
19293,199_159,Urogenital ridge,-199,-159,2,5
19294,199_160,Connective tissue,-199,-160,2,127
19295,199_161,Urogenital ridge,-199,-161,2,123
19296,199_162,Urogenital ridge,-199,-162,2,4
19297,199_163,Urogenital ridge,-199,-163,2,4
19298,199_164,Urogenital ridge,-199,-164,2,6
19299,199_165,Urogenital ridge,-199,-165,2,4
19300,199_166,Urogenital ridge,-199,-166,2,123
19301,199_167,Urogenital ridge,-199,-167,2,4
19302,199_168,Urogenital ridge,-199,-168,2,122
19303,199_169,Urogenital ridge,-199,-169,2,123
19304,199_170,Urogenital ridge,-199,-170,2,123
19305,199_171,Urogenital ridge,-199,-171,2,123
19306,199_172,Urogenital ridge,-199,-172,2,123
19307,199_173,Blood vessel,-199,-173,2,124
19308,199_174,Blood vessel,-199,-174,2,124
19309,199_175,Blood vessel,-199,-175,2,124
19310,199_176,Connective tissue,-199,-176,2,125
19311,199_177,Cavity,-199,-177,2,23
19312,199_178,Cavity,-199,-178,2,18
19313,199_179,Cavity,-199,-179,2,19
19314,199_180,Cavity,-199,-180,2,18
19315,199_181,Connective tissue,-199,-181,2,125
19316,199_182,Connective tissue,-199,-182,2,125
19317,199_183,Connective tissue,-199,-183,2,125
19318,199_184,Connective tissue,-199,-184,2,125
19319,199_185,Connective tissue,-199,-185,2,124
19320,199_186,Connective tissue,-199,-186,2,18
19321,199_187,Connective tissue,-199,-187,2,18
19322,199_188,Connective tissue,-199,-188,2,19
19323,199_189,Connective tissue,-199,-189,2,17
19324,199_190,Connective tissue,-199,-190,2,18
19325,199_191,Connective tissue,-199,-191,2,16
19326,199_192,Cavity,-199,-192,2,18
19327,199_193,Heart,-199,-193,2,18
19328,199_194,Heart,-199,-194,2,3
19329,199_195,Heart,-199,-195,2,1
19330,199_196,Heart,-199,-196,2,0
19331,199_197,Heart,-199,-197,2,2
19332,199_198,Heart,-199,-198,2,0
19333,199_199,Heart,-199,-199,2,0
19334,199_200,Heart,-199,-200,2,0
19335,199_201,Heart,-199,-201,2,2
19336,199_202,Heart,-199,-202,2,1
19337,199_203,Heart,-199,-203,2,1
19338,199_204,Heart,-199,-204,2,1
19339,199_205,Heart,-199,-205,2,1
19340,199_206,Heart,-199,-206,2,1
19341,199_207,Heart,-199,-207,2,1
19342,199_208,Heart,-199,-208,2,3
19343,199_209,Heart,-199,-209,2,3
19344,199_210,Heart,-199,-210,2,16
19345,199_211,Connective tissue,-199,-211,2,16
19346,199_212,Heart,-199,-212,2,16
19347,199_213,Connective tissue,-199,-213,2,16
19348,199_214,Connective tissue,-199,-214,2,16
19349,199_215,Connective tissue,-199,-215,2,16
19350,199_216,Cavity,-199,-216,2,31
19351,199_224,Cavity,-199,-224,2,25
19352,199_225,Cavity,-199,-225,2,25
19353,199_226,Cavity,-199,-226,2,25
19354,199_252,Cavity,-199,-252,2,25
19355,199_253,Cavity,-199,-253,2,31
19356,199_254,Cavity,-199,-254,2,31
19357,199_255,Cavity,-199,-255,2,31
19358,199_256,Cavity,-199,-256,2,30
19359,199_257,Cavity,-199,-257,2,20
19360,199_258,Cavity,-199,-258,2,20
19361,199_259,Cavity,-199,-259,2,20
19362,199_260,Cavity,-199,-260,2,30
19363,199_261,Cavity,-199,-261,2,29
19364,199_262,Cavity,-199,-262,2,31
19365,199_263,Cavity,-199,-263,2,31
19366,199_264,Cavity,-199,-264,2,31
19367,199_265,Cavity,-199,-265,2,31
19368,199_266,Cavity,-199,-266,2,31
19369,199_267,Cavity,-199,-267,2,31
19370,199_268,Cavity,-199,-268,2,30
19371,199_269,Cavity,-199,-269,2,31
19372,199_270,Cavity,-199,-270,2,31
19373,199_271,Cavity,-199,-271,2,31
19374,199_272,Cavity,-199,-272,2,30
19375,199_273,Cavity,-199,-273,2,30
19376,199_274,Cavity,-199,-274,2,30
19377,199_275,Cavity,-199,-275,2,30
19378,199_276,Cavity,-199,-276,2,30
19379,199_277,Cavity,-199,-277,2,30
19380,199_278,Cavity,-199,-278,2,30
19381,199_279,Cavity,-199,-279,2,30
19382,199_280,Cavity,-199,-280,2,30
19383,199_281,Cavity,-199,-281,2,30
19384,199_282,Cavity,-199,-282,2,30
19385,199_283,Cavity,-199,-283,2,30
19386,199_284,Cavity,-199,-284,2,30
19387,199_285,Cavity,-199,-285,2,30
19388,199_286,Cavity,-199,-286,2,30
19389,199_287,Brain,-199,-287,2,96
19390,199_288,Cavity,-199,-288,2,97
19391,199_289,Brain,-199,-289,2,97
19392,199_290,Brain,-199,-290,2,97
19393,199_291,Brain,-199,-291,2,98
19394,199_292,Brain,-199,-292,2,97
19395,199_293,Brain,-199,-293,2,99
19396,199_294,Brain,-199,-294,2,97
19397,199_295,Brain,-199,-295,2,97
19398,199_296,Brain,-199,-296,2,97
19399,199_297,Brain,-199,-297,2,117
19400,199_298,Cavity,-199,-298,2,116
19401,199_299,Head mesenchyme,-199,-299,2,118
19402,199_300,Head mesenchyme,-199,-300,2,116
19403,199_301,Brain,-199,-301,2,96
19404,199_302,Cavity,-199,-302,2,118
19405,199_303,Cavity,-199,-303,2,113
19406,199_304,Cavity,-199,-304,2,116
19407,199_305,Cavity,-199,-305,2,112
19408,199_306,Cavity,-199,-306,2,97
19409,199_307,Cavity,-199,-307,2,97
19410,199_308,Cavity,-199,-308,2,96
19411,199_309,Cavity,-199,-309,2,96
19412,199_310,Brain,-199,-310,2,98
19413,199_311,Brain,-199,-311,2,97
19414,199_312,Brain,-199,-312,2,97
19415,199_313,Brain,-199,-313,2,97
19416,199_314,Brain,-199,-314,2,97
19417,199_315,Urogenital ridge,-199,-315,2,4
19418,199_316,Surface ectoderm,-199,-316,2,19
19419,199_317,Surface ectoderm,-199,-317,2,18
19420,199_318,Connective tissue,-199,-318,2,17
19421,199_319,Cavity,-199,-319,2,31
19422,199_320,Cavity,-199,-320,2,27
19423,200_127,Cavity,-200,-127,2,29
19424,200_128,Cavity,-200,-128,2,17
19425,200_129,Connective tissue,-200,-129,2,28
19426,200_130,Surface ectoderm,-200,-130,2,17
19427,200_131,Surface ectoderm,-200,-131,2,23
19428,200_132,Spinal cord,-200,-132,2,94
19429,200_133,Spinal cord,-200,-133,2,87
19430,200_134,Spinal cord,-200,-134,2,87
19431,200_135,Spinal cord,-200,-135,2,111
19432,200_136,Spinal cord,-200,-136,2,110
19433,200_137,Spinal cord,-200,-137,2,110
19434,200_138,Spinal cord,-200,-138,2,111
19435,200_139,Spinal cord,-200,-139,2,86
19436,200_140,Spinal cord,-200,-140,2,91
19437,200_141,Spinal cord,-200,-141,2,90
19438,200_142,Spinal cord,-200,-142,2,82
19439,200_143,Spinal cord,-200,-143,2,82
19440,200_144,Spinal cord,-200,-144,2,82
19441,200_145,Spinal cord,-200,-145,2,83
19442,200_146,Spinal cord,-200,-146,2,86
19443,200_147,Sclerotome,-200,-147,2,127
19444,200_148,Sclerotome,-200,-148,2,113
19445,200_149,Sclerotome,-200,-149,2,115
19446,200_150,Sclerotome,-200,-150,2,115
19447,200_151,Sclerotome,-200,-151,2,113
19448,200_152,Sclerotome,-200,-152,2,113
19449,200_153,Urogenital ridge,-200,-153,2,5
19450,200_154,Blood vessel,-200,-154,2,7
19451,200_155,Blood vessel,-200,-155,2,7
19452,200_156,Blood vessel,-200,-156,2,7
19453,200_157,Blood vessel,-200,-157,2,7
19454,200_158,Urogenital ridge,-200,-158,2,7
19455,200_159,Urogenital ridge,-200,-159,2,5
19456,200_160,Urogenital ridge,-200,-160,2,4
19457,200_161,Urogenital ridge,-200,-161,2,123
19458,200_162,Urogenital ridge,-200,-162,2,18
19459,200_163,Urogenital ridge,-200,-163,2,6
19460,200_164,Urogenital ridge,-200,-164,2,4
19461,200_165,Urogenital ridge,-200,-165,2,123
19462,200_166,Urogenital ridge,-200,-166,2,123
19463,200_167,Urogenital ridge,-200,-167,2,123
19464,200_168,Urogenital ridge,-200,-168,2,123
19465,200_169,Urogenital ridge,-200,-169,2,123
19466,200_170,Urogenital ridge,-200,-170,2,121
19467,200_171,Urogenital ridge,-200,-171,2,123
19468,200_172,Urogenital ridge,-200,-172,2,121
19469,200_173,Urogenital ridge,-200,-173,2,121
19470,200_174,Blood vessel,-200,-174,2,97
19471,200_175,Blood vessel,-200,-175,2,118
19472,200_176,Connective tissue,-200,-176,2,116
19473,200_177,Cavity,-200,-177,2,18
19474,200_178,Cavity,-200,-178,2,18
19475,200_179,Cavity,-200,-179,2,18
19476,200_180,Cavity,-200,-180,2,18
19477,200_181,Cavity,-200,-181,2,120
19478,200_182,Connective tissue,-200,-182,2,125
19479,200_183,Connective tissue,-200,-183,2,116
19480,200_184,Connective tissue,-200,-184,2,125
19481,200_185,Connective tissue,-200,-185,2,125
19482,200_186,Connective tissue,-200,-186,2,18
19483,200_187,Connective tissue,-200,-187,2,18
19484,200_188,Connective tissue,-200,-188,2,18
19485,200_189,Connective tissue,-200,-189,2,17
19486,200_190,Connective tissue,-200,-190,2,17
19487,200_191,Connective tissue,-200,-191,2,17
19488,200_192,Connective tissue,-200,-192,2,18
19489,200_193,Connective tissue,-200,-193,2,18
19490,200_194,Connective tissue,-200,-194,2,16
19491,200_195,Heart,-200,-195,2,16
19492,200_196,Heart,-200,-196,2,3
19493,200_197,Heart,-200,-197,2,0
19494,200_198,Heart,-200,-198,2,1
19495,200_199,Heart,-200,-199,2,2
19496,200_200,Heart,-200,-200,2,0
19497,200_201,Heart,-200,-201,2,1
19498,200_202,Heart,-200,-202,2,1
19499,200_203,Heart,-200,-203,2,3
19500,200_204,Heart,-200,-204,2,3
19501,200_205,Heart,-200,-205,2,1
19502,200_206,Heart,-200,-206,2,3
19503,200_207,Heart,-200,-207,2,16
19504,200_208,Heart,-200,-208,2,3
19505,200_209,Connective tissue,-200,-209,2,16
19506,200_210,Connective tissue,-200,-210,2,16
19507,200_211,Connective tissue,-200,-211,2,16
19508,200_212,Connective tissue,-200,-212,2,16
19509,200_213,Connective tissue,-200,-213,2,17
19510,200_214,Connective tissue,-200,-214,2,17
19511,200_215,Cavity,-200,-215,2,31
19512,200_216,Cavity,-200,-216,2,27
19513,200_252,Cavity,-200,-252,2,25
19514,200_253,Cavity,-200,-253,2,30
19515,200_254,Cavity,-200,-254,2,31
19516,200_255,Cavity,-200,-255,2,31
19517,200_256,Cavity,-200,-256,2,30
19518,200_257,Cavity,-200,-257,2,30
19519,200_258,Cavity,-200,-258,2,20
19520,200_259,Cavity,-200,-259,2,30
19521,200_260,Cavity,-200,-260,2,30
19522,200_261,Cavity,-200,-261,2,30
19523,200_262,Cavity,-200,-262,2,31
19524,200_263,Cavity,-200,-263,2,30
19525,200_264,Cavity,-200,-264,2,30
19526,200_265,Cavity,-200,-265,2,31
19527,200_266,Cavity,-200,-266,2,31
19528,200_267,Cavity,-200,-267,2,31
19529,200_268,Cavity,-200,-268,2,31
19530,200_269,Cavity,-200,-269,2,30
19531,200_270,Cavity,-200,-270,2,31
19532,200_271,Cavity,-200,-271,2,31
19533,200_272,Cavity,-200,-272,2,30
19534,200_273,Cavity,-200,-273,2,30
19535,200_274,Cavity,-200,-274,2,30
19536,200_275,Cavity,-200,-275,2,30
19537,200_276,Cavity,-200,-276,2,30
19538,200_277,Cavity,-200,-277,2,31
19539,200_278,Cavity,-200,-278,2,30
19540,200_279,Cavity,-200,-279,2,30
19541,200_280,Cavity,-200,-280,2,30
19542,200_281,Cavity,-200,-281,2,30
19543,200_282,Cavity,-200,-282,2,20
19544,200_283,Cavity,-200,-283,2,30
19545,200_284,Cavity,-200,-284,2,30
19546,200_285,Cavity,-200,-285,2,97
19547,200_286,Cavity,-200,-286,2,28
19548,200_287,Cavity,-200,-287,2,97
19549,200_288,Cavity,-200,-288,2,30
19550,200_289,Brain,-200,-289,2,96
19551,200_290,Brain,-200,-290,2,98
19552,200_291,Brain,-200,-291,2,99
19553,200_292,Brain,-200,-292,2,96
19554,200_293,Brain,-200,-293,2,97
19555,200_294,Brain,-200,-294,2,102
19556,200_295,Brain,-200,-295,2,97
19557,200_296,Brain,-200,-296,2,97
19558,200_297,Head mesenchyme,-200,-297,2,113
19559,200_298,Urogenital ridge,-200,-298,2,5
19560,200_299,Urogenital ridge,-200,-299,2,5
19561,200_300,Head mesenchyme,-200,-300,2,116
19562,200_301,Head mesenchyme,-200,-301,2,116
19563,200_302,Cavity,-200,-302,2,116
19564,200_303,Cavity,-200,-303,2,116
19565,200_304,Cavity,-200,-304,2,113
19566,200_305,Cavity,-200,-305,2,113
19567,200_306,Cavity,-200,-306,2,97
19568,200_307,Cavity,-200,-307,2,113
19569,200_308,Cavity,-200,-308,2,97
19570,200_309,Cavity,-200,-309,2,112
19571,200_310,Cavity,-200,-310,2,96
19572,200_311,Cavity,-200,-311,2,96
19573,200_312,Cavity,-200,-312,2,96
19574,200_313,Cavity,-200,-313,2,116
19575,200_314,Surface ectoderm,-200,-314,2,4
19576,200_315,Surface ectoderm,-200,-315,2,18
19577,200_316,Surface ectoderm,-200,-316,2,17
19578,200_317,Connective tissue,-200,-317,2,19
19579,200_318,Connective tissue,-200,-318,2,17
19580,200_319,Cavity,-200,-319,2,25
19581,201_127,Cavity,-201,-127,2,31
19582,201_128,Cavity,-201,-128,2,31
19583,201_129,Connective tissue,-201,-129,2,17
19584,201_130,Connective tissue,-201,-130,2,17
19585,201_131,Surface ectoderm,-201,-131,2,18
19586,201_132,Surface ectoderm,-201,-132,2,5
19587,201_133,Spinal cord,-201,-133,2,87
19588,201_134,Spinal cord,-201,-134,2,84
19589,201_135,Spinal cord,-201,-135,2,111
19590,201_136,Spinal cord,-201,-136,2,110
19591,201_137,Spinal cord,-201,-137,2,110
19592,201_138,Spinal cord,-201,-138,2,111
19593,201_139,Spinal cord,-201,-139,2,87
19594,201_140,Spinal cord,-201,-140,2,95
19595,201_141,Spinal cord,-201,-141,2,91
19596,201_142,Spinal cord,-201,-142,2,82
19597,201_143,Spinal cord,-201,-143,2,82
19598,201_144,Spinal cord,-201,-144,2,82
19599,201_145,Spinal cord,-201,-145,2,81
19600,201_146,Spinal cord,-201,-146,2,81
19601,201_147,Sclerotome,-201,-147,2,127
19602,201_148,Sclerotome,-201,-148,2,112
19603,201_149,Sclerotome,-201,-149,2,115
19604,201_150,Sclerotome,-201,-150,2,115
19605,201_151,Sclerotome,-201,-151,2,113
19606,201_152,Sclerotome,-201,-152,2,126
19607,201_153,Urogenital ridge,-201,-153,2,5
19608,201_154,Urogenital ridge,-201,-154,2,4
19609,201_155,Blood vessel,-201,-155,2,6
19610,201_156,Blood vessel,-201,-156,2,6
19611,201_157,Blood vessel,-201,-157,2,7
19612,201_158,Blood vessel,-201,-158,2,7
19613,201_159,Urogenital ridge,-201,-159,2,7
19614,201_160,Urogenital ridge,-201,-160,2,126
19615,201_161,Urogenital ridge,-201,-161,2,120
19616,201_162,Urogenital ridge,-201,-162,2,18
19617,201_163,Urogenital ridge,-201,-163,2,17
19618,201_164,Urogenital ridge,-201,-164,2,4
19619,201_165,Urogenital ridge,-201,-165,2,123
19620,201_166,Urogenital ridge,-201,-166,2,123
19621,201_167,Urogenital ridge,-201,-167,2,123
19622,201_168,Urogenital ridge,-201,-168,2,123
19623,201_169,Urogenital ridge,-201,-169,2,123
19624,201_170,Urogenital ridge,-201,-170,2,123
19625,201_171,Urogenital ridge,-201,-171,2,120
19626,201_172,Lung primordium,-201,-172,2,121
19627,201_173,Branchial arch,-201,-173,2,124
19628,201_174,Blood vessel,-201,-174,2,124
19629,201_175,Blood vessel,-201,-175,2,108
19630,201_176,Connective tissue,-201,-176,2,124
19631,201_177,Cavity,-201,-177,2,18
19632,201_178,Cavity,-201,-178,2,19
19633,201_179,Cavity,-201,-179,2,18
19634,201_180,Cavity,-201,-180,2,18
19635,201_181,Cavity,-201,-181,2,18
19636,201_182,Connective tissue,-201,-182,2,18
19637,201_183,Connective tissue,-201,-183,2,118
19638,201_184,Connective tissue,-201,-184,2,125
19639,201_185,Cavity,-201,-185,2,18
19640,201_186,Connective tissue,-201,-186,2,17
19641,201_187,Connective tissue,-201,-187,2,18
19642,201_188,Connective tissue,-201,-188,2,18
19643,201_189,Connective tissue,-201,-189,2,18
19644,201_190,Connective tissue,-201,-190,2,17
19645,201_191,Connective tissue,-201,-191,2,18
19646,201_192,Connective tissue,-201,-192,2,17
19647,201_193,Connective tissue,-201,-193,2,17
19648,201_194,Connective tissue,-201,-194,2,16
19649,201_195,Connective tissue,-201,-195,2,16
19650,201_196,Connective tissue,-201,-196,2,16
19651,201_197,Heart,-201,-197,2,3
19652,201_198,Heart,-201,-198,2,3
19653,201_199,Heart,-201,-199,2,3
19654,201_200,Heart,-201,-200,2,3
19655,201_201,Heart,-201,-201,2,2
19656,201_202,Heart,-201,-202,2,1
19657,201_203,Heart,-201,-203,2,7
19658,201_204,Heart,-201,-204,2,16
19659,201_205,Heart,-201,-205,2,16
19660,201_206,Connective tissue,-201,-206,2,16
19661,201_207,Blood vessel,-201,-207,2,6
19662,201_208,Connective tissue,-201,-208,2,16
19663,201_209,Connective tissue,-201,-209,2,16
19664,201_210,Connective tissue,-201,-210,2,16
19665,201_211,Connective tissue,-201,-211,2,17
19666,201_212,Connective tissue,-201,-212,2,30
19667,201_213,Cavity,-201,-213,2,31
19668,201_214,Cavity,-201,-214,2,25
19669,201_252,Cavity,-201,-252,2,31
19670,201_253,Cavity,-201,-253,2,31
19671,201_254,Cavity,-201,-254,2,31
19672,201_255,Cavity,-201,-255,2,30
19673,201_256,Cavity,-201,-256,2,31
19674,201_257,Cavity,-201,-257,2,31
19675,201_258,Cavity,-201,-258,2,30
19676,201_259,Cavity,-201,-259,2,30
19677,201_260,Cavity,-201,-260,2,29
19678,201_261,Cavity,-201,-261,2,31
19679,201_262,Cavity,-201,-262,2,31
19680,201_263,Cavity,-201,-263,2,28
19681,201_264,Cavity,-201,-264,2,31
19682,201_265,Cavity,-201,-265,2,31
19683,201_266,Cavity,-201,-266,2,31
19684,201_267,Cavity,-201,-267,2,31
19685,201_268,Cavity,-201,-268,2,31
19686,201_269,Cavity,-201,-269,2,31
19687,201_270,Cavity,-201,-270,2,31
19688,201_271,Cavity,-201,-271,2,31
19689,201_272,Cavity,-201,-272,2,31
19690,201_273,Cavity,-201,-273,2,31
19691,201_274,Cavity,-201,-274,2,30
19692,201_275,Cavity,-201,-275,2,30
19693,201_276,Cavity,-201,-276,2,30
19694,201_277,Cavity,-201,-277,2,30
19695,201_278,Cavity,-201,-278,2,30
19696,201_279,Cavity,-201,-279,2,30
19697,201_280,Cavity,-201,-280,2,30
19698,201_281,Cavity,-201,-281,2,30
19699,201_282,Cavity,-201,-282,2,20
19700,201_283,Cavity,-201,-283,2,97
19701,201_284,Cavity,-201,-284,2,97
19702,201_285,Cavity,-201,-285,2,30
19703,201_286,Cavity,-201,-286,2,30
19704,201_287,Cavity,-201,-287,2,28
19705,201_288,Cavity,-201,-288,2,98
19706,201_289,Cavity,-201,-289,2,28
19707,201_290,Brain,-201,-290,2,97
19708,201_291,Brain,-201,-291,2,98
19709,201_292,Brain,-201,-292,2,97
19710,201_293,Brain,-201,-293,2,97
19711,201_294,Brain,-201,-294,2,97
19712,201_295,Brain,-201,-295,2,97
19713,201_296,Brain,-201,-296,2,96
19714,201_297,Cavity,-201,-297,2,118
19715,201_298,Urogenital ridge,-201,-298,2,5
19716,201_299,Urogenital ridge,-201,-299,2,5
19717,201_300,Cavity,-201,-300,2,118
19718,201_301,Cavity,-201,-301,2,118
19719,201_302,Cavity,-201,-302,2,116
19720,201_303,Cavity,-201,-303,2,5
19721,201_304,Cavity,-201,-304,2,113
19722,201_305,Cavity,-201,-305,2,96
19723,201_306,Cavity,-201,-306,2,96
19724,201_307,Cavity,-201,-307,2,96
19725,201_308,Cavity,-201,-308,2,113
19726,201_309,Cavity,-201,-309,2,28
19727,201_310,Cavity,-201,-310,2,116
19728,201_311,Cavity,-201,-311,2,5
19729,201_312,Cavity,-201,-312,2,112
19730,201_313,Urogenital ridge,-201,-313,2,5
19731,201_314,Urogenital ridge,-201,-314,2,4
19732,201_315,Surface ectoderm,-201,-315,2,23
19733,201_316,Connective tissue,-201,-316,2,30
19734,201_317,Cavity,-201,-317,2,29
19735,201_318,Cavity,-201,-318,2,29
19736,201_319,Cavity,-201,-319,2,27
19737,202_127,Cavity,-202,-127,2,24
19738,202_128,Cavity,-202,-128,2,17
19739,202_129,Cavity,-202,-129,2,28
19740,202_130,Connective tissue,-202,-130,2,17
19741,202_131,Surface ectoderm,-202,-131,2,23
19742,202_132,Surface ectoderm,-202,-132,2,22
19743,202_133,Spinal cord,-202,-133,2,108
19744,202_134,Spinal cord,-202,-134,2,111
19745,202_135,Spinal cord,-202,-135,2,111
19746,202_136,Spinal cord,-202,-136,2,110
19747,202_137,Spinal cord,-202,-137,2,111
19748,202_138,Spinal cord,-202,-138,2,111
19749,202_139,Spinal cord,-202,-139,2,87
19750,202_140,Spinal cord,-202,-140,2,93
19751,202_141,Spinal cord,-202,-141,2,92
19752,202_142,Spinal cord,-202,-142,2,81
19753,202_143,Spinal cord,-202,-143,2,82
19754,202_144,Spinal cord,-202,-144,2,83
19755,202_145,Spinal cord,-202,-145,2,83
19756,202_146,Spinal cord,-202,-146,2,81
19757,202_147,Spinal cord,-202,-147,2,87
19758,202_148,Sclerotome,-202,-148,2,113
19759,202_149,Sclerotome,-202,-149,2,126
19760,202_150,Sclerotome,-202,-150,2,113
19761,202_151,Sclerotome,-202,-151,2,112
19762,202_152,Sclerotome,-202,-152,2,112
19763,202_153,Sclerotome,-202,-153,2,116
19764,202_154,Urogenital ridge,-202,-154,2,4
19765,202_155,Urogenital ridge,-202,-155,2,4
19766,202_156,Blood vessel,-202,-156,2,6
19767,202_157,Blood vessel,-202,-157,2,7
19768,202_158,Blood vessel,-202,-158,2,7
19769,202_159,Blood vessel,-202,-159,2,5
19770,202_160,Urogenital ridge,-202,-160,2,4
19771,202_161,Urogenital ridge,-202,-161,2,123
19772,202_162,Urogenital ridge,-202,-162,2,4
19773,202_163,Urogenital ridge,-202,-163,2,6
19774,202_164,Urogenital ridge,-202,-164,2,4
19775,202_165,Urogenital ridge,-202,-165,2,123
19776,202_166,Urogenital ridge,-202,-166,2,123
19777,202_167,Urogenital ridge,-202,-167,2,123
19778,202_168,Urogenital ridge,-202,-168,2,123
19779,202_169,Urogenital ridge,-202,-169,2,121
19780,202_170,Urogenital ridge,-202,-170,2,124
19781,202_171,Blood vessel,-202,-171,2,127
19782,202_172,Blood vessel,-202,-172,2,116
19783,202_173,Blood vessel,-202,-173,2,125
19784,202_174,Blood vessel,-202,-174,2,124
19785,202_175,Blood vessel,-202,-175,2,124
19786,202_176,Connective tissue,-202,-176,2,124
19787,202_177,Cavity,-202,-177,2,23
19788,202_178,Cavity,-202,-178,2,19
19789,202_179,Cavity,-202,-179,2,18
19790,202_180,Cavity,-202,-180,2,18
19791,202_181,Connective tissue,-202,-181,2,18
19792,202_182,Connective tissue,-202,-182,2,18
19793,202_183,Connective tissue,-202,-183,2,125
19794,202_184,Connective tissue,-202,-184,2,125
19795,202_185,Connective tissue,-202,-185,2,18
19796,202_186,Connective tissue,-202,-186,2,23
19797,202_187,Connective tissue,-202,-187,2,18
19798,202_188,Connective tissue,-202,-188,2,18
19799,202_189,Connective tissue,-202,-189,2,17
19800,202_190,Connective tissue,-202,-190,2,17
19801,202_191,Connective tissue,-202,-191,2,17
19802,202_192,Connective tissue,-202,-192,2,18
19803,202_193,Connective tissue,-202,-193,2,17
19804,202_194,Connective tissue,-202,-194,2,17
19805,202_195,Connective tissue,-202,-195,2,17
19806,202_196,Connective tissue,-202,-196,2,17
19807,202_197,Connective tissue,-202,-197,2,16
19808,202_198,Connective tissue,-202,-198,2,16
19809,202_199,Connective tissue,-202,-199,2,16
19810,202_200,Heart,-202,-200,2,16
19811,202_201,Heart,-202,-201,2,16
19812,202_202,Heart,-202,-202,2,16
19813,202_203,Connective tissue,-202,-203,2,16
19814,202_204,Connective tissue,-202,-204,2,16
19815,202_205,Connective tissue,-202,-205,2,16
19816,202_206,Connective tissue,-202,-206,2,17
19817,202_207,Connective tissue,-202,-207,2,17
19818,202_208,Connective tissue,-202,-208,2,16
19819,202_209,Connective tissue,-202,-209,2,17
19820,202_210,Connective tissue,-202,-210,2,31
19821,202_211,Cavity,-202,-211,2,31
19822,202_212,Cavity,-202,-212,2,25
19823,202_213,Cavity,-202,-213,2,27
19824,202_252,Cavity,-202,-252,2,25
19825,202_253,Cavity,-202,-253,2,30
19826,202_254,Cavity,-202,-254,2,31
19827,202_255,Cavity,-202,-255,2,31
19828,202_256,Cavity,-202,-256,2,31
19829,202_257,Cavity,-202,-257,2,31
19830,202_258,Cavity,-202,-258,2,31
19831,202_259,Cavity,-202,-259,2,31
19832,202_260,Cavity,-202,-260,2,30
19833,202_261,Cavity,-202,-261,2,31
19834,202_262,Cavity,-202,-262,2,31
19835,202_263,Cavity,-202,-263,2,31
19836,202_264,Cavity,-202,-264,2,31
19837,202_265,Cavity,-202,-265,2,30
19838,202_266,Cavity,-202,-266,2,31
19839,202_267,Cavity,-202,-267,2,31
19840,202_268,Cavity,-202,-268,2,30
19841,202_269,Cavity,-202,-269,2,30
19842,202_270,Cavity,-202,-270,2,31
19843,202_271,Cavity,-202,-271,2,30
19844,202_272,Cavity,-202,-272,2,30
19845,202_273,Cavity,-202,-273,2,30
19846,202_274,Cavity,-202,-274,2,30
19847,202_275,Cavity,-202,-275,2,30
19848,202_276,Cavity,-202,-276,2,30
19849,202_277,Cavity,-202,-277,2,30
19850,202_278,Cavity,-202,-278,2,30
19851,202_279,Cavity,-202,-279,2,30
19852,202_280,Cavity,-202,-280,2,30
19853,202_281,Cavity,-202,-281,2,30
19854,202_282,Cavity,-202,-282,2,30
19855,202_283,Cavity,-202,-283,2,28
19856,202_284,Cavity,-202,-284,2,30
19857,202_285,Cavity,-202,-285,2,30
19858,202_286,Cavity,-202,-286,2,30
19859,202_287,Cavity,-202,-287,2,30
19860,202_288,Cavity,-202,-288,2,28
19861,202_289,Cavity,-202,-289,2,98
19862,202_290,Brain,-202,-290,2,97
19863,202_291,Brain,-202,-291,2,98
19864,202_292,Brain,-202,-292,2,98
19865,202_293,Brain,-202,-293,2,96
19866,202_294,Brain,-202,-294,2,96
19867,202_295,Brain,-202,-295,2,96
19868,202_296,Brain,-202,-296,2,97
19869,202_297,Cavity,-202,-297,2,97
19870,202_298,Cavity,-202,-298,2,96
19871,202_299,Cavity,-202,-299,2,116
19872,202_300,Cavity,-202,-300,2,97
19873,202_301,Cavity,-202,-301,2,117
19874,202_302,Cavity,-202,-302,2,96
19875,202_303,Cavity,-202,-303,2,96
19876,202_304,Brain,-202,-304,2,97
19877,202_305,Brain,-202,-305,2,97
19878,202_306,Brain,-202,-306,2,96
19879,202_307,Brain,-202,-307,2,97
19880,202_308,Brain,-202,-308,2,96
19881,202_309,Cavity,-202,-309,2,96
19882,202_310,Cavity,-202,-310,2,96
19883,202_311,Cavity,-202,-311,2,112
19884,202_312,Cavity,-202,-312,2,116
19885,202_313,Head mesenchyme,-202,-313,2,118
19886,202_314,Surface ectoderm,-202,-314,2,18
19887,202_315,Cavity,-202,-315,2,28
19888,202_316,Cavity,-202,-316,2,29
19889,202_317,Cavity,-202,-317,2,31
19890,202_318,Cavity,-202,-318,2,26
19891,203_127,Cavity,-203,-127,2,25
19892,203_128,Cavity,-203,-128,2,17
19893,203_129,Cavity,-203,-129,2,30
19894,203_130,Cavity,-203,-130,2,17
19895,203_131,Surface ectoderm,-203,-131,2,20
19896,203_132,Surface ectoderm,-203,-132,2,22
19897,203_133,Spinal cord,-203,-133,2,96
19898,203_134,Spinal cord,-203,-134,2,111
19899,203_135,Spinal cord,-203,-135,2,111
19900,203_136,Spinal cord,-203,-136,2,110
19901,203_137,Spinal cord,-203,-137,2,111
19902,203_138,Spinal cord,-203,-138,2,111
19903,203_139,Spinal cord,-203,-139,2,111
19904,203_140,Spinal cord,-203,-140,2,94
19905,203_141,Spinal cord,-203,-141,2,91
19906,203_142,Spinal cord,-203,-142,2,82
19907,203_143,Spinal cord,-203,-143,2,83
19908,203_144,Spinal cord,-203,-144,2,82
19909,203_145,Spinal cord,-203,-145,2,83
19910,203_146,Spinal cord,-203,-146,2,83
19911,203_147,Spinal cord,-203,-147,2,87
19912,203_148,Sclerotome,-203,-148,2,127
19913,203_149,Sclerotome,-203,-149,2,112
19914,203_150,Sclerotome,-203,-150,2,112
19915,203_151,Sclerotome,-203,-151,2,113
19916,203_152,Sclerotome,-203,-152,2,112
19917,203_153,Urogenital ridge,-203,-153,2,5
19918,203_154,Urogenital ridge,-203,-154,2,5
19919,203_155,Urogenital ridge,-203,-155,2,5
19920,203_156,Blood vessel,-203,-156,2,7
19921,203_157,Blood vessel,-203,-157,2,7
19922,203_158,Blood vessel,-203,-158,2,5
19923,203_159,Blood vessel,-203,-159,2,107
19924,203_160,Urogenital ridge,-203,-160,2,5
19925,203_161,Urogenital ridge,-203,-161,2,120
19926,203_162,Urogenital ridge,-203,-162,2,17
19927,203_163,Urogenital ridge,-203,-163,2,4
19928,203_164,Urogenital ridge,-203,-164,2,18
19929,203_165,Lung primordium,-203,-165,2,123
19930,203_166,Lung primordium,-203,-166,2,123
19931,203_167,Urogenital ridge,-203,-167,2,124
19932,203_168,Connective tissue,-203,-168,2,121
19933,203_169,Connective tissue,-203,-169,2,124
19934,203_170,Blood vessel,-203,-170,2,125
19935,203_171,Blood vessel,-203,-171,2,124
19936,203_172,Blood vessel,-203,-172,2,124
19937,203_173,Blood vessel,-203,-173,2,116
19938,203_174,Blood vessel,-203,-174,2,124
19939,203_175,Blood vessel,-203,-175,2,124
19940,203_176,Cavity,-203,-176,2,123
19941,203_177,Cavity,-203,-177,2,19
19942,203_178,Cavity,-203,-178,2,18
19943,203_179,Cavity,-203,-179,2,19
19944,203_180,Cavity,-203,-180,2,19
19945,203_181,Connective tissue,-203,-181,2,18
19946,203_182,Connective tissue,-203,-182,2,5
19947,203_183,Connective tissue,-203,-183,2,116
19948,203_184,Connective tissue,-203,-184,2,125
19949,203_185,Connective tissue,-203,-185,2,126
19950,203_186,Connective tissue,-203,-186,2,23
19951,203_187,Connective tissue,-203,-187,2,16
19952,203_188,Connective tissue,-203,-188,2,18
19953,203_189,Connective tissue,-203,-189,2,17
19954,203_190,Connective tissue,-203,-190,2,17
19955,203_191,Connective tissue,-203,-191,2,17
19956,203_192,Connective tissue,-203,-192,2,17
19957,203_193,Connective tissue,-203,-193,2,17
19958,203_194,Connective tissue,-203,-194,2,18
19959,203_195,Connective tissue,-203,-195,2,17
19960,203_196,Connective tissue,-203,-196,2,16
19961,203_197,Connective tissue,-203,-197,2,4
19962,203_198,Connective tissue,-203,-198,2,17
19963,203_199,Connective tissue,-203,-199,2,16
19964,203_200,Connective tissue,-203,-200,2,16
19965,203_201,Connective tissue,-203,-201,2,16
19966,203_202,Connective tissue,-203,-202,2,17
19967,203_203,Connective tissue,-203,-203,2,16
19968,203_204,Connective tissue,-203,-204,2,17
19969,203_205,Connective tissue,-203,-205,2,16
19970,203_206,Connective tissue,-203,-206,2,17
19971,203_207,Cavity,-203,-207,2,31
19972,203_208,Cavity,-203,-208,2,31
19973,203_209,Cavity,-203,-209,2,25
19974,203_210,Cavity,-203,-210,2,27
19975,203_252,Cavity,-203,-252,2,26
19976,203_253,Cavity,-203,-253,2,31
19977,203_254,Cavity,-203,-254,2,31
19978,203_255,Cavity,-203,-255,2,31
19979,203_256,Cavity,-203,-256,2,31
19980,203_257,Cavity,-203,-257,2,31
19981,203_258,Cavity,-203,-258,2,31
19982,203_259,Cavity,-203,-259,2,31
19983,203_260,Cavity,-203,-260,2,31
19984,203_261,Cavity,-203,-261,2,31
19985,203_262,Cavity,-203,-262,2,30
19986,203_263,Cavity,-203,-263,2,31
19987,203_264,Cavity,-203,-264,2,31
19988,203_265,Cavity,-203,-265,2,31
19989,203_266,Cavity,-203,-266,2,30
19990,203_267,Cavity,-203,-267,2,31
19991,203_268,Cavity,-203,-268,2,31
19992,203_269,Cavity,-203,-269,2,31
19993,203_270,Cavity,-203,-270,2,31
19994,203_271,Cavity,-203,-271,2,30
19995,203_272,Cavity,-203,-272,2,30
19996,203_273,Cavity,-203,-273,2,31
19997,203_274,Cavity,-203,-274,2,30
19998,203_275,Cavity,-203,-275,2,30
19999,203_276,Cavity,-203,-276,2,30
20000,203_277,Cavity,-203,-277,2,30
20001,203_278,Cavity,-203,-278,2,30
20002,203_279,Cavity,-203,-279,2,20
20003,203_280,Cavity,-203,-280,2,20
20004,203_281,Cavity,-203,-281,2,30
20005,203_282,Cavity,-203,-282,2,30
20006,203_283,Cavity,-203,-283,2,30
20007,203_284,Cavity,-203,-284,2,28
20008,203_285,Cavity,-203,-285,2,30
20009,203_286,Cavity,-203,-286,2,30
20010,203_287,Cavity,-203,-287,2,28
20011,203_288,Cavity,-203,-288,2,30
20012,203_289,Cavity,-203,-289,2,28
20013,203_290,Cavity,-203,-290,2,30
20014,203_291,Cavity,-203,-291,2,23
20015,203_292,Brain,-203,-292,2,23
20016,203_293,Brain,-203,-293,2,97
20017,203_294,Brain,-203,-294,2,96
20018,203_295,Brain,-203,-295,2,97
20019,203_296,Brain,-203,-296,2,97
20020,203_297,Brain,-203,-297,2,96
20021,203_298,Brain,-203,-298,2,97
20022,203_299,Cavity,-203,-299,2,96
20023,203_300,Cavity,-203,-300,2,96
20024,203_301,Cavity,-203,-301,2,96
20025,203_302,Brain,-203,-302,2,97
20026,203_303,Brain,-203,-303,2,97
20027,203_304,Brain,-203,-304,2,97
20028,203_305,Brain,-203,-305,2,97
20029,203_306,Brain,-203,-306,2,97
20030,203_307,Brain,-203,-307,2,97
20031,203_308,Brain,-203,-308,2,97
20032,203_309,Brain,-203,-309,2,113
20033,203_310,Cavity,-203,-310,2,113
20034,203_311,Cavity,-203,-311,2,115
20035,203_312,Cavity,-203,-312,2,116
20036,203_313,Surface ectoderm,-203,-313,2,28
20037,203_314,Cavity,-203,-314,2,30
20038,203_315,Cavity,-203,-315,2,28
20039,203_316,Cavity,-203,-316,2,25
20040,203_317,Cavity,-203,-317,2,25
20041,203_318,Cavity,-203,-318,2,27
20042,204_127,Cavity,-204,-127,2,25
20043,204_128,Cavity,-204,-128,2,28
20044,204_129,Cavity,-204,-129,2,31
20045,204_130,Cavity,-204,-130,2,23
20046,204_131,Surface ectoderm,-204,-131,2,19
20047,204_132,Surface ectoderm,-204,-132,2,22
20048,204_133,Spinal cord,-204,-133,2,108
20049,204_134,Spinal cord,-204,-134,2,111
20050,204_135,Spinal cord,-204,-135,2,111
20051,204_136,Spinal cord,-204,-136,2,110
20052,204_137,Spinal cord,-204,-137,2,111
20053,204_138,Spinal cord,-204,-138,2,111
20054,204_139,Spinal cord,-204,-139,2,111
20055,204_140,Spinal cord,-204,-140,2,95
20056,204_141,Spinal cord,-204,-141,2,91
20057,204_142,Spinal cord,-204,-142,2,82
20058,204_143,Spinal cord,-204,-143,2,82
20059,204_144,Spinal cord,-204,-144,2,83
20060,204_145,Spinal cord,-204,-145,2,83
20061,204_146,Spinal cord,-204,-146,2,82
20062,204_147,Spinal cord,-204,-147,2,87
20063,204_148,Lung primordium,-204,-148,2,127
20064,204_149,Sclerotome,-204,-149,2,126
20065,204_150,Sclerotome,-204,-150,2,113
20066,204_151,Sclerotome,-204,-151,2,113
20067,204_152,Sclerotome,-204,-152,2,126
20068,204_153,Sclerotome,-204,-153,2,126
20069,204_154,Urogenital ridge,-204,-154,2,5
20070,204_155,Blood vessel,-204,-155,2,6
20071,204_156,Blood vessel,-204,-156,2,7
20072,204_157,Blood vessel,-204,-157,2,7
20073,204_158,Blood vessel,-204,-158,2,107
20074,204_159,Blood vessel,-204,-159,2,104
20075,204_160,Urogenital ridge,-204,-160,2,5
20076,204_161,Urogenital ridge,-204,-161,2,18
20077,204_162,Urogenital ridge,-204,-162,2,18
20078,204_163,Urogenital ridge,-204,-163,2,17
20079,204_164,Urogenital ridge,-204,-164,2,4
20080,204_165,Branchial arch,-204,-165,2,121
20081,204_166,Connective tissue,-204,-166,2,127
20082,204_167,Connective tissue,-204,-167,2,126
20083,204_168,Connective tissue,-204,-168,2,124
20084,204_169,Connective tissue,-204,-169,2,124
20085,204_170,Connective tissue,-204,-170,2,124
20086,204_171,Blood vessel,-204,-171,2,124
20087,204_172,Blood vessel,-204,-172,2,124
20088,204_173,Blood vessel,-204,-173,2,124
20089,204_174,Connective tissue,-204,-174,2,121
20090,204_175,Cavity,-204,-175,2,18
20091,204_176,Cavity,-204,-176,2,18
20092,204_177,Cavity,-204,-177,2,18
20093,204_178,Cavity,-204,-178,2,18
20094,204_179,Cavity,-204,-179,2,18
20095,204_180,Connective tissue,-204,-180,2,19
20096,204_181,Cavity,-204,-181,2,18
20097,204_182,Connective tissue,-204,-182,2,125
20098,204_183,Head mesenchyme,-204,-183,2,125
20099,204_184,Connective tissue,-204,-184,2,125
20100,204_185,Connective tissue,-204,-185,2,127
20101,204_186,Connective tissue,-204,-186,2,18
20102,204_187,Connective tissue,-204,-187,2,16
20103,204_188,Connective tissue,-204,-188,2,17
20104,204_189,Connective tissue,-204,-189,2,17
20105,204_190,Connective tissue,-204,-190,2,17
20106,204_191,Connective tissue,-204,-191,2,17
20107,204_192,Connective tissue,-204,-192,2,17
20108,204_193,Connective tissue,-204,-193,2,17
20109,204_194,Connective tissue,-204,-194,2,17
20110,204_195,Connective tissue,-204,-195,2,17
20111,204_196,Connective tissue,-204,-196,2,17
20112,204_197,Connective tissue,-204,-197,2,18
20113,204_198,Connective tissue,-204,-198,2,17
20114,204_199,Connective tissue,-204,-199,2,16
20115,204_200,Connective tissue,-204,-200,2,17
20116,204_201,Connective tissue,-204,-201,2,16
20117,204_202,Connective tissue,-204,-202,2,17
20118,204_203,Connective tissue,-204,-203,2,17
20119,204_204,Connective tissue,-204,-204,2,17
20120,204_205,Connective tissue,-204,-205,2,17
20121,204_206,Cavity,-204,-206,2,31
20122,204_207,Cavity,-204,-207,2,27
20123,204_252,Cavity,-204,-252,2,27
20124,204_253,Cavity,-204,-253,2,31
20125,204_254,Cavity,-204,-254,2,31
20126,204_255,Cavity,-204,-255,2,31
20127,204_256,Cavity,-204,-256,2,31
20128,204_257,Cavity,-204,-257,2,31
20129,204_258,Cavity,-204,-258,2,31
20130,204_259,Cavity,-204,-259,2,31
20131,204_260,Cavity,-204,-260,2,31
20132,204_261,Cavity,-204,-261,2,31
20133,204_262,Cavity,-204,-262,2,31
20134,204_263,Cavity,-204,-263,2,31
20135,204_264,Cavity,-204,-264,2,31
20136,204_265,Cavity,-204,-265,2,29
20137,204_266,Cavity,-204,-266,2,17
20138,204_267,Cavity,-204,-267,2,31
20139,204_268,Cavity,-204,-268,2,31
20140,204_269,Cavity,-204,-269,2,31
20141,204_270,Cavity,-204,-270,2,31
20142,204_271,Cavity,-204,-271,2,30
20143,204_272,Cavity,-204,-272,2,30
20144,204_273,Cavity,-204,-273,2,30
20145,204_274,Cavity,-204,-274,2,30
20146,204_275,Cavity,-204,-275,2,30
20147,204_276,Cavity,-204,-276,2,30
20148,204_277,Cavity,-204,-277,2,30
20149,204_278,Cavity,-204,-278,2,20
20150,204_279,Cavity,-204,-279,2,30
20151,204_280,Cavity,-204,-280,2,30
20152,204_281,Cavity,-204,-281,2,30
20153,204_282,Cavity,-204,-282,2,30
20154,204_283,Cavity,-204,-283,2,30
20155,204_284,Cavity,-204,-284,2,98
20156,204_285,Cavity,-204,-285,2,30
20157,204_286,Cavity,-204,-286,2,30
20158,204_287,Cavity,-204,-287,2,20
20159,204_288,Cavity,-204,-288,2,20
20160,204_289,Cavity,-204,-289,2,30
20161,204_290,Cavity,-204,-290,2,28
20162,204_291,Cavity,-204,-291,2,31
20163,204_292,Cavity,-204,-292,2,28
20164,204_293,Cavity,-204,-293,2,20
20165,204_294,Cavity,-204,-294,2,23
20166,204_295,Brain,-204,-295,2,96
20167,204_296,Brain,-204,-296,2,96
20168,204_297,Brain,-204,-297,2,96
20169,204_298,Brain,-204,-298,2,97
20170,204_299,Brain,-204,-299,2,97
20171,204_300,Brain,-204,-300,2,96
20172,204_301,Brain,-204,-301,2,98
20173,204_302,Brain,-204,-302,2,97
20174,204_303,Brain,-204,-303,2,97
20175,204_304,Brain,-204,-304,2,97
20176,204_305,Brain,-204,-305,2,97
20177,204_306,Brain,-204,-306,2,97
20178,204_307,Brain,-204,-307,2,97
20179,204_308,Brain,-204,-308,2,97
20180,204_309,Brain,-204,-309,2,113
20181,204_310,Cavity,-204,-310,2,96
20182,204_311,Cavity,-204,-311,2,96
20183,204_312,Cavity,-204,-312,2,116
20184,204_313,Cavity,-204,-313,2,18
20185,204_314,Cavity,-204,-314,2,28
20186,204_315,Cavity,-204,-315,2,28
20187,204_316,Cavity,-204,-316,2,25
20188,204_317,Cavity,-204,-317,2,26
20189,205_128,Cavity,-205,-128,2,31
20190,205_129,Cavity,-205,-129,2,31
20191,205_130,Cavity,-205,-130,2,28
20192,205_131,Cavity,-205,-131,2,30
20193,205_132,Surface ectoderm,-205,-132,2,21
20194,205_133,Surface ectoderm,-205,-133,2,23
20195,205_134,Cavity,-205,-134,2,115
20196,205_135,Spinal cord,-205,-135,2,111
20197,205_136,Spinal cord,-205,-136,2,111
20198,205_137,Spinal cord,-205,-137,2,111
20199,205_138,Spinal cord,-205,-138,2,111
20200,205_139,Spinal cord,-205,-139,2,111
20201,205_140,Spinal cord,-205,-140,2,95
20202,205_141,Spinal cord,-205,-141,2,94
20203,205_142,Spinal cord,-205,-142,2,89
20204,205_143,Spinal cord,-205,-143,2,90
20205,205_144,Spinal cord,-205,-144,2,83
20206,205_145,Spinal cord,-205,-145,2,82
20207,205_146,Spinal cord,-205,-146,2,82
20208,205_147,Spinal cord,-205,-147,2,82
20209,205_148,Spinal cord,-205,-148,2,86
20210,205_149,Lung primordium,-205,-149,2,127
20211,205_150,Sclerotome,-205,-150,2,112
20212,205_151,Sclerotome,-205,-151,2,113
20213,205_152,Connective tissue,-205,-152,2,116
20214,205_153,Connective tissue,-205,-153,2,125
20215,205_154,Urogenital ridge,-205,-154,2,7
20216,205_155,Blood vessel,-205,-155,2,7
20217,205_156,Blood vessel,-205,-156,2,6
20218,205_157,Blood vessel,-205,-157,2,7
20219,205_158,Blood vessel,-205,-158,2,7
20220,205_159,Blood vessel,-205,-159,2,7
20221,205_160,Urogenital ridge,-205,-160,2,6
20222,205_161,Urogenital ridge,-205,-161,2,4
20223,205_162,Urogenital ridge,-205,-162,2,18
20224,205_163,Urogenital ridge,-205,-163,2,4
20225,205_164,Urogenital ridge,-205,-164,2,127
20226,205_165,Connective tissue,-205,-165,2,126
20227,205_166,Connective tissue,-205,-166,2,126
20228,205_167,Connective tissue,-205,-167,2,127
20229,205_168,Connective tissue,-205,-168,2,126
20230,205_169,Connective tissue,-205,-169,2,124
20231,205_170,Connective tissue,-205,-170,2,124
20232,205_171,Connective tissue,-205,-171,2,121
20233,205_172,Cavity,-205,-172,2,16
20234,205_173,Cavity,-205,-173,2,121
20235,205_174,Cavity,-205,-174,2,18
20236,205_175,Cavity,-205,-175,2,18
20237,205_176,Cavity,-205,-176,2,18
20238,205_177,Cavity,-205,-177,2,18
20239,205_178,Cavity,-205,-178,2,18
20240,205_179,Cavity,-205,-179,2,19
20241,205_180,Cavity,-205,-180,2,18
20242,205_181,Connective tissue,-205,-181,2,17
20243,205_182,Urogenital ridge,-205,-182,2,5
20244,205_183,Connective tissue,-205,-183,2,18
20245,205_184,Connective tissue,-205,-184,2,116
20246,205_185,Connective tissue,-205,-185,2,18
20247,205_186,Connective tissue,-205,-186,2,17
20248,205_187,Connective tissue,-205,-187,2,17
20249,205_188,Connective tissue,-205,-188,2,17
20250,205_189,Connective tissue,-205,-189,2,17
20251,205_190,Connective tissue,-205,-190,2,17
20252,205_191,Connective tissue,-205,-191,2,17
20253,205_192,Connective tissue,-205,-192,2,17
20254,205_193,Connective tissue,-205,-193,2,17
20255,205_194,Connective tissue,-205,-194,2,17
20256,205_195,Connective tissue,-205,-195,2,17
20257,205_196,Connective tissue,-205,-196,2,17
20258,205_197,Connective tissue,-205,-197,2,17
20259,205_198,Connective tissue,-205,-198,2,17
20260,205_199,Connective tissue,-205,-199,2,4
20261,205_200,Connective tissue,-205,-200,2,17
20262,205_201,Connective tissue,-205,-201,2,17
20263,205_202,Connective tissue,-205,-202,2,17
20264,205_203,Connective tissue,-205,-203,2,30
20265,205_204,Connective tissue,-205,-204,2,17
20266,205_205,Cavity,-205,-205,2,17
20267,205_206,Cavity,-205,-206,2,26
20268,205_253,Cavity,-205,-253,2,25
20269,205_254,Cavity,-205,-254,2,31
20270,205_255,Cavity,-205,-255,2,31
20271,205_256,Cavity,-205,-256,2,30
20272,205_257,Cavity,-205,-257,2,29
20273,205_258,Cavity,-205,-258,2,31
20274,205_259,Cavity,-205,-259,2,31
20275,205_260,Cavity,-205,-260,2,31
20276,205_261,Cavity,-205,-261,2,31
20277,205_262,Cavity,-205,-262,2,30
20278,205_263,Cavity,-205,-263,2,31
20279,205_264,Cavity,-205,-264,2,31
20280,205_265,Cavity,-205,-265,2,31
20281,205_266,Cavity,-205,-266,2,31
20282,205_267,Cavity,-205,-267,2,31
20283,205_268,Cavity,-205,-268,2,31
20284,205_269,Cavity,-205,-269,2,31
20285,205_270,Cavity,-205,-270,2,30
20286,205_271,Cavity,-205,-271,2,28
20287,205_272,Cavity,-205,-272,2,30
20288,205_273,Cavity,-205,-273,2,30
20289,205_274,Cavity,-205,-274,2,30
20290,205_275,Cavity,-205,-275,2,30
20291,205_276,Cavity,-205,-276,2,30
20292,205_277,Cavity,-205,-277,2,30
20293,205_278,Cavity,-205,-278,2,20
20294,205_279,Cavity,-205,-279,2,99
20295,205_280,Cavity,-205,-280,2,20
20296,205_281,Cavity,-205,-281,2,30
20297,205_282,Cavity,-205,-282,2,99
20298,205_283,Cavity,-205,-283,2,28
20299,205_284,Cavity,-205,-284,2,30
20300,205_285,Cavity,-205,-285,2,23
20301,205_286,Cavity,-205,-286,2,30
20302,205_287,Cavity,-205,-287,2,30
20303,205_288,Cavity,-205,-288,2,20
20304,205_289,Cavity,-205,-289,2,31
20305,205_290,Cavity,-205,-290,2,30
20306,205_291,Cavity,-205,-291,2,28
20307,205_292,Cavity,-205,-292,2,29
20308,205_293,Cavity,-205,-293,2,28
20309,205_294,Cavity,-205,-294,2,28
20310,205_295,Brain,-205,-295,2,116
20311,205_296,Brain,-205,-296,2,96
20312,205_297,Brain,-205,-297,2,97
20313,205_298,Brain,-205,-298,2,97
20314,205_299,Brain,-205,-299,2,97
20315,205_300,Brain,-205,-300,2,97
20316,205_301,Brain,-205,-301,2,98
20317,205_302,Brain,-205,-302,2,97
20318,205_303,Brain,-205,-303,2,98
20319,205_304,Brain,-205,-304,2,96
20320,205_305,Brain,-205,-305,2,99
20321,205_306,Brain,-205,-306,2,97
20322,205_307,Brain,-205,-307,2,98
20323,205_308,Brain,-205,-308,2,98
20324,205_309,Brain,-205,-309,2,102
20325,205_310,Brain,-205,-310,2,96
20326,205_311,Cavity,-205,-311,2,115
20327,205_312,Cavity,-205,-312,2,116
20328,205_313,Cavity,-205,-313,2,30
20329,205_314,Cavity,-205,-314,2,29
20330,205_315,Cavity,-205,-315,2,29
20331,205_316,Cavity,-205,-316,2,26
20332,206_128,Cavity,-206,-128,2,31
20333,206_129,Cavity,-206,-129,2,28
20334,206_130,Cavity,-206,-130,2,31
20335,206_131,Cavity,-206,-131,2,19
20336,206_132,Surface ectoderm,-206,-132,2,22
20337,206_133,Surface ectoderm,-206,-133,2,22
20338,206_134,Spinal cord,-206,-134,2,116
20339,206_135,Cavity,-206,-135,2,110
20340,206_136,Spinal cord,-206,-136,2,111
20341,206_137,Spinal cord,-206,-137,2,111
20342,206_138,Spinal cord,-206,-138,2,111
20343,206_139,Spinal cord,-206,-139,2,111
20344,206_140,Spinal cord,-206,-140,2,96
20345,206_141,Spinal cord,-206,-141,2,87
20346,206_142,Spinal cord,-206,-142,2,93
20347,206_143,Spinal cord,-206,-143,2,91
20348,206_144,Spinal cord,-206,-144,2,82
20349,206_145,Spinal cord,-206,-145,2,83
20350,206_146,Spinal cord,-206,-146,2,82
20351,206_147,Spinal cord,-206,-147,2,86
20352,206_148,Spinal cord,-206,-148,2,86
20353,206_149,Spinal cord,-206,-149,2,127
20354,206_150,Cavity,-206,-150,2,115
20355,206_151,Sclerotome,-206,-151,2,115
20356,206_152,Connective tissue,-206,-152,2,117
20357,206_153,Connective tissue,-206,-153,2,117
20358,206_154,Urogenital ridge,-206,-154,2,5
20359,206_155,Urogenital ridge,-206,-155,2,5
20360,206_156,Blood vessel,-206,-156,2,5
20361,206_157,Blood vessel,-206,-157,2,7
20362,206_158,Blood vessel,-206,-158,2,7
20363,206_159,Blood vessel,-206,-159,2,7
20364,206_160,Blood vessel,-206,-160,2,6
20365,206_161,Urogenital ridge,-206,-161,2,4
20366,206_162,Urogenital ridge,-206,-162,2,4
20367,206_163,Urogenital ridge,-206,-163,2,5
20368,206_164,Connective tissue,-206,-164,2,125
20369,206_165,Branchial arch,-206,-165,2,126
20370,206_166,Connective tissue,-206,-166,2,125
20371,206_167,Connective tissue,-206,-167,2,125
20372,206_168,Connective tissue,-206,-168,2,125
20373,206_169,Connective tissue,-206,-169,2,125
20374,206_170,Connective tissue,-206,-170,2,127
20375,206_171,Cavity,-206,-171,2,18
20376,206_172,Cavity,-206,-172,2,18
20377,206_173,Cavity,-206,-173,2,18
20378,206_174,Cavity,-206,-174,2,18
20379,206_175,Cavity,-206,-175,2,18
20380,206_176,Cavity,-206,-176,2,18
20381,206_177,Cavity,-206,-177,2,19
20382,206_178,Cavity,-206,-178,2,18
20383,206_179,Cavity,-206,-179,2,19
20384,206_180,Cavity,-206,-180,2,19
20385,206_181,Connective tissue,-206,-181,2,17
20386,206_182,Connective tissue,-206,-182,2,16
20387,206_183,Connective tissue,-206,-183,2,5
20388,206_184,Urogenital ridge,-206,-184,2,5
20389,206_185,Connective tissue,-206,-185,2,4
20390,206_186,Connective tissue,-206,-186,2,5
20391,206_187,Connective tissue,-206,-187,2,17
20392,206_188,Connective tissue,-206,-188,2,17
20393,206_189,Connective tissue,-206,-189,2,17
20394,206_190,Connective tissue,-206,-190,2,18
20395,206_191,Connective tissue,-206,-191,2,17
20396,206_192,Connective tissue,-206,-192,2,17
20397,206_193,Connective tissue,-206,-193,2,17
20398,206_194,Connective tissue,-206,-194,2,17
20399,206_195,Connective tissue,-206,-195,2,17
20400,206_196,Connective tissue,-206,-196,2,17
20401,206_197,Connective tissue,-206,-197,2,17
20402,206_198,Connective tissue,-206,-198,2,17
20403,206_199,Connective tissue,-206,-199,2,17
20404,206_200,Connective tissue,-206,-200,2,17
20405,206_201,Connective tissue,-206,-201,2,17
20406,206_202,Connective tissue,-206,-202,2,17
20407,206_203,Connective tissue,-206,-203,2,17
20408,206_204,Cavity,-206,-204,2,31
20409,206_205,Cavity,-206,-205,2,25
20410,206_253,Cavity,-206,-253,2,26
20411,206_254,Cavity,-206,-254,2,29
20412,206_255,Cavity,-206,-255,2,31
20413,206_256,Cavity,-206,-256,2,31
20414,206_257,Cavity,-206,-257,2,31
20415,206_258,Cavity,-206,-258,2,31
20416,206_259,Cavity,-206,-259,2,31
20417,206_260,Cavity,-206,-260,2,30
20418,206_261,Cavity,-206,-261,2,31
20419,206_262,Cavity,-206,-262,2,30
20420,206_263,Cavity,-206,-263,2,31
20421,206_264,Cavity,-206,-264,2,30
20422,206_265,Cavity,-206,-265,2,31
20423,206_266,Cavity,-206,-266,2,31
20424,206_267,Cavity,-206,-267,2,31
20425,206_268,Cavity,-206,-268,2,31
20426,206_269,Cavity,-206,-269,2,31
20427,206_270,Cavity,-206,-270,2,30
20428,206_271,Cavity,-206,-271,2,28
20429,206_272,Cavity,-206,-272,2,30
20430,206_273,Cavity,-206,-273,2,30
20431,206_274,Cavity,-206,-274,2,30
20432,206_275,Cavity,-206,-275,2,30
20433,206_276,Cavity,-206,-276,2,30
20434,206_277,Cavity,-206,-277,2,30
20435,206_278,Cavity,-206,-278,2,30
20436,206_279,Cavity,-206,-279,2,20
20437,206_280,Cavity,-206,-280,2,31
20438,206_281,Cavity,-206,-281,2,30
20439,206_282,Cavity,-206,-282,2,99
20440,206_283,Cavity,-206,-283,2,97
20441,206_284,Cavity,-206,-284,2,98
20442,206_285,Cavity,-206,-285,2,20
20443,206_286,Cavity,-206,-286,2,30
20444,206_287,Cavity,-206,-287,2,31
20445,206_288,Cavity,-206,-288,2,23
20446,206_289,Cavity,-206,-289,2,30
20447,206_290,Cavity,-206,-290,2,30
20448,206_291,Cavity,-206,-291,2,31
20449,206_292,Cavity,-206,-292,2,28
20450,206_293,Cavity,-206,-293,2,97
20451,206_294,Cavity,-206,-294,2,29
20452,206_295,Cavity,-206,-295,2,96
20453,206_296,Cavity,-206,-296,2,97
20454,206_297,Brain,-206,-297,2,96
20455,206_298,Brain,-206,-298,2,96
20456,206_299,Brain,-206,-299,2,97
20457,206_300,Brain,-206,-300,2,97
20458,206_301,Brain,-206,-301,2,97
20459,206_302,Brain,-206,-302,2,97
20460,206_303,Brain,-206,-303,2,97
20461,206_304,Brain,-206,-304,2,98
20462,206_305,Brain,-206,-305,2,97
20463,206_306,Brain,-206,-306,2,99
20464,206_307,Brain,-206,-307,2,98
20465,206_308,Brain,-206,-308,2,97
20466,206_309,Brain,-206,-309,2,97
20467,206_310,Brain,-206,-310,2,96
20468,206_311,Brain,-206,-311,2,28
20469,206_312,Surface ectoderm,-206,-312,2,23
20470,206_313,Cavity,-206,-313,2,28
20471,206_314,Cavity,-206,-314,2,29
20472,206_315,Cavity,-206,-315,2,25
20473,206_316,Cavity,-206,-316,2,27
20474,207_128,Cavity,-207,-128,2,29
20475,207_129,Cavity,-207,-129,2,31
20476,207_130,Cavity,-207,-130,2,17
20477,207_131,Cavity,-207,-131,2,30
20478,207_132,Surface ectoderm,-207,-132,2,23
20479,207_133,Surface ectoderm,-207,-133,2,21
20480,207_134,Surface ectoderm,-207,-134,2,4
20481,207_135,Spinal cord,-207,-135,2,111
20482,207_136,Spinal cord,-207,-136,2,111
20483,207_137,Spinal cord,-207,-137,2,111
20484,207_138,Spinal cord,-207,-138,2,111
20485,207_139,Spinal cord,-207,-139,2,108
20486,207_140,Spinal cord,-207,-140,2,108
20487,207_141,Spinal cord,-207,-141,2,94
20488,207_142,Spinal cord,-207,-142,2,93
20489,207_143,Spinal cord,-207,-143,2,93
20490,207_144,Spinal cord,-207,-144,2,82
20491,207_145,Spinal cord,-207,-145,2,82
20492,207_146,Spinal cord,-207,-146,2,82
20493,207_147,Spinal cord,-207,-147,2,83
20494,207_148,Spinal cord,-207,-148,2,81
20495,207_149,Spinal cord,-207,-149,2,96
20496,207_150,Cavity,-207,-150,2,113
20497,207_151,Cavity,-207,-151,2,115
20498,207_152,Sclerotome,-207,-152,2,113
20499,207_153,Connective tissue,-207,-153,2,117
20500,207_154,Connective tissue,-207,-154,2,116
20501,207_155,Urogenital ridge,-207,-155,2,113
20502,207_156,Urogenital ridge,-207,-156,2,5
20503,207_157,Blood vessel,-207,-157,2,7
20504,207_158,Blood vessel,-207,-158,2,7
20505,207_159,Blood vessel,-207,-159,2,7
20506,207_160,Blood vessel,-207,-160,2,6
20507,207_161,Blood vessel,-207,-161,2,5
20508,207_162,Urogenital ridge,-207,-162,2,5
20509,207_163,Connective tissue,-207,-163,2,5
20510,207_164,Connective tissue,-207,-164,2,126
20511,207_165,Connective tissue,-207,-165,2,125
20512,207_166,Connective tissue,-207,-166,2,125
20513,207_167,Connective tissue,-207,-167,2,125
20514,207_168,Connective tissue,-207,-168,2,126
20515,207_169,Connective tissue,-207,-169,2,125
20516,207_170,Connective tissue,-207,-170,2,127
20517,207_171,Connective tissue,-207,-171,2,121
20518,207_172,Cavity,-207,-172,2,18
20519,207_173,Cavity,-207,-173,2,18
20520,207_174,Cavity,-207,-174,2,18
20521,207_175,Cavity,-207,-175,2,18
20522,207_176,Cavity,-207,-176,2,18
20523,207_177,Cavity,-207,-177,2,18
20524,207_178,Cavity,-207,-178,2,18
20525,207_179,Cavity,-207,-179,2,18
20526,207_180,Cavity,-207,-180,2,18
20527,207_181,Connective tissue,-207,-181,2,18
20528,207_182,Connective tissue,-207,-182,2,4
20529,207_183,Connective tissue,-207,-183,2,5
20530,207_184,Connective tissue,-207,-184,2,5
20531,207_185,Connective tissue,-207,-185,2,4
20532,207_186,Connective tissue,-207,-186,2,4
20533,207_187,Connective tissue,-207,-187,2,16
20534,207_188,Connective tissue,-207,-188,2,17
20535,207_189,Connective tissue,-207,-189,2,19
20536,207_190,Connective tissue,-207,-190,2,18
20537,207_191,Connective tissue,-207,-191,2,17
20538,207_192,Connective tissue,-207,-192,2,17
20539,207_193,Connective tissue,-207,-193,2,17
20540,207_194,Connective tissue,-207,-194,2,17
20541,207_195,Connective tissue,-207,-195,2,17
20542,207_196,Connective tissue,-207,-196,2,17
20543,207_197,Connective tissue,-207,-197,2,17
20544,207_198,Connective tissue,-207,-198,2,17
20545,207_199,Connective tissue,-207,-199,2,17
20546,207_200,Connective tissue,-207,-200,2,17
20547,207_201,Connective tissue,-207,-201,2,17
20548,207_202,Connective tissue,-207,-202,2,17
20549,207_203,Cavity,-207,-203,2,30
20550,207_204,Connective tissue,-207,-204,2,31
20551,207_205,Cavity,-207,-205,2,24
20552,207_254,Cavity,-207,-254,2,26
20553,207_255,Cavity,-207,-255,2,31
20554,207_256,Cavity,-207,-256,2,31
20555,207_257,Cavity,-207,-257,2,31
20556,207_258,Cavity,-207,-258,2,31
20557,207_259,Cavity,-207,-259,2,31
20558,207_260,Cavity,-207,-260,2,31
20559,207_261,Cavity,-207,-261,2,31
20560,207_262,Cavity,-207,-262,2,31
20561,207_263,Cavity,-207,-263,2,31
20562,207_264,Cavity,-207,-264,2,31
20563,207_265,Cavity,-207,-265,2,31
20564,207_266,Cavity,-207,-266,2,31
20565,207_267,Cavity,-207,-267,2,31
20566,207_268,Cavity,-207,-268,2,30
20567,207_269,Cavity,-207,-269,2,31
20568,207_270,Cavity,-207,-270,2,31
20569,207_271,Cavity,-207,-271,2,31
20570,207_272,Cavity,-207,-272,2,30
20571,207_273,Cavity,-207,-273,2,30
20572,207_274,Cavity,-207,-274,2,30
20573,207_275,Cavity,-207,-275,2,30
20574,207_276,Cavity,-207,-276,2,19
20575,207_277,Cavity,-207,-277,2,30
20576,207_278,Cavity,-207,-278,2,20
20577,207_279,Cavity,-207,-279,2,30
20578,207_280,Cavity,-207,-280,2,30
20579,207_281,Cavity,-207,-281,2,30
20580,207_282,Cavity,-207,-282,2,97
20581,207_283,Brain,-207,-283,2,96
20582,207_284,Cavity,-207,-284,2,98
20583,207_285,Cavity,-207,-285,2,30
20584,207_286,Cavity,-207,-286,2,28
20585,207_287,Cavity,-207,-287,2,21
20586,207_288,Cavity,-207,-288,2,30
20587,207_289,Cavity,-207,-289,2,30
20588,207_290,Cavity,-207,-290,2,28
20589,207_291,Cavity,-207,-291,2,31
20590,207_292,Cavity,-207,-292,2,28
20591,207_293,Cavity,-207,-293,2,97
20592,207_294,Cavity,-207,-294,2,30
20593,207_295,Cavity,-207,-295,2,97
20594,207_296,Cavity,-207,-296,2,96
20595,207_297,Brain,-207,-297,2,96
20596,207_298,Brain,-207,-298,2,117
20597,207_299,Brain,-207,-299,2,97
20598,207_300,Brain,-207,-300,2,96
20599,207_301,Brain,-207,-301,2,97
20600,207_302,Brain,-207,-302,2,97
20601,207_303,Brain,-207,-303,2,98
20602,207_304,Brain,-207,-304,2,102
20603,207_305,Brain,-207,-305,2,99
20604,207_306,Brain,-207,-306,2,99
20605,207_307,Brain,-207,-307,2,98
20606,207_308,Brain,-207,-308,2,98
20607,207_309,Brain,-207,-309,2,98
20608,207_310,Brain,-207,-310,2,97
20609,207_311,Cavity,-207,-311,2,96
20610,207_312,Surface ectoderm,-207,-312,2,23
20611,207_313,Cavity,-207,-313,2,28
20612,207_314,Cavity,-207,-314,2,24
20613,207_315,Cavity,-207,-315,2,25
20614,208_128,Cavity,-208,-128,2,29
20615,208_129,Cavity,-208,-129,2,31
20616,208_130,Cavity,-208,-130,2,31
20617,208_131,Cavity,-208,-131,2,28
20618,208_132,Cavity,-208,-132,2,18
20619,208_133,Surface ectoderm,-208,-133,2,23
20620,208_134,Surface ectoderm,-208,-134,2,102
20621,208_135,Spinal cord,-208,-135,2,87
20622,208_136,Spinal cord,-208,-136,2,84
20623,208_137,Spinal cord,-208,-137,2,84
20624,208_138,Spinal cord,-208,-138,2,87
20625,208_139,Spinal cord,-208,-139,2,87
20626,208_140,Spinal cord,-208,-140,2,102
20627,208_141,Spinal cord,-208,-141,2,94
20628,208_142,Spinal cord,-208,-142,2,94
20629,208_143,Spinal cord,-208,-143,2,88
20630,208_144,Spinal cord,-208,-144,2,90
20631,208_145,Spinal cord,-208,-145,2,83
20632,208_146,Spinal cord,-208,-146,2,82
20633,208_147,Spinal cord,-208,-147,2,82
20634,208_148,Spinal cord,-208,-148,2,90
20635,208_149,Spinal cord,-208,-149,2,86
20636,208_150,Spinal cord,-208,-150,2,116
20637,208_151,Cavity,-208,-151,2,117
20638,208_152,Cavity,-208,-152,2,117
20639,208_153,Connective tissue,-208,-153,2,117
20640,208_154,Connective tissue,-208,-154,2,117
20641,208_155,Cavity,-208,-155,2,116
20642,208_156,Urogenital ridge,-208,-156,2,5
20643,208_157,Blood vessel,-208,-157,2,7
20644,208_158,Blood vessel,-208,-158,2,7
20645,208_159,Blood vessel,-208,-159,2,7
20646,208_160,Blood vessel,-208,-160,2,7
20647,208_161,Blood vessel,-208,-161,2,7
20648,208_162,Urogenital ridge,-208,-162,2,5
20649,208_163,Urogenital ridge,-208,-163,2,5
20650,208_164,Connective tissue,-208,-164,2,125
20651,208_165,Connective tissue,-208,-165,2,125
20652,208_166,Connective tissue,-208,-166,2,125
20653,208_167,Connective tissue,-208,-167,2,126
20654,208_168,Connective tissue,-208,-168,2,125
20655,208_169,Connective tissue,-208,-169,2,125
20656,208_170,Connective tissue,-208,-170,2,125
20657,208_171,Connective tissue,-208,-171,2,125
20658,208_172,Connective tissue,-208,-172,2,120
20659,208_173,Cavity,-208,-173,2,18
20660,208_174,Cavity,-208,-174,2,18
20661,208_175,Cavity,-208,-175,2,18
20662,208_176,Cavity,-208,-176,2,18
20663,208_177,Cavity,-208,-177,2,18
20664,208_178,Cavity,-208,-178,2,18
20665,208_179,Cavity,-208,-179,2,18
20666,208_180,Cavity,-208,-180,2,18
20667,208_181,Cavity,-208,-181,2,18
20668,208_182,Cavity,-208,-182,2,23
20669,208_183,Connective tissue,-208,-183,2,17
20670,208_184,Connective tissue,-208,-184,2,18
20671,208_185,Connective tissue,-208,-185,2,18
20672,208_186,Connective tissue,-208,-186,2,18
20673,208_187,Cavity,-208,-187,2,18
20674,208_188,Cavity,-208,-188,2,125
20675,208_189,Cavity,-208,-189,2,18
20676,208_190,Connective tissue,-208,-190,2,17
20677,208_191,Connective tissue,-208,-191,2,19
20678,208_192,Connective tissue,-208,-192,2,17
20679,208_193,Connective tissue,-208,-193,2,17
20680,208_194,Connective tissue,-208,-194,2,17
20681,208_195,Connective tissue,-208,-195,2,17
20682,208_196,Connective tissue,-208,-196,2,17
20683,208_197,Connective tissue,-208,-197,2,17
20684,208_198,Connective tissue,-208,-198,2,18
20685,208_199,Connective tissue,-208,-199,2,17
20686,208_200,Connective tissue,-208,-200,2,17
20687,208_201,Connective tissue,-208,-201,2,17
20688,208_202,Connective tissue,-208,-202,2,17
20689,208_203,Connective tissue,-208,-203,2,17
20690,208_204,Connective tissue,-208,-204,2,31
20691,208_205,Cavity,-208,-205,2,31
20692,208_255,Cavity,-208,-255,2,26
20693,208_256,Cavity,-208,-256,2,31
20694,208_257,Cavity,-208,-257,2,30
20695,208_258,Cavity,-208,-258,2,31
20696,208_259,Cavity,-208,-259,2,30
20697,208_260,Cavity,-208,-260,2,30
20698,208_261,Cavity,-208,-261,2,31
20699,208_262,Cavity,-208,-262,2,30
20700,208_263,Cavity,-208,-263,2,31
20701,208_264,Cavity,-208,-264,2,31
20702,208_265,Cavity,-208,-265,2,31
20703,208_266,Cavity,-208,-266,2,31
20704,208_267,Cavity,-208,-267,2,31
20705,208_268,Cavity,-208,-268,2,30
20706,208_269,Cavity,-208,-269,2,31
20707,208_270,Cavity,-208,-270,2,28
20708,208_271,Cavity,-208,-271,2,31
20709,208_272,Cavity,-208,-272,2,31
20710,208_273,Cavity,-208,-273,2,29
20711,208_274,Cavity,-208,-274,2,30
20712,208_275,Cavity,-208,-275,2,30
20713,208_276,Cavity,-208,-276,2,30
20714,208_277,Cavity,-208,-277,2,30
20715,208_278,Cavity,-208,-278,2,30
20716,208_279,Cavity,-208,-279,2,30
20717,208_280,Cavity,-208,-280,2,98
20718,208_281,Cavity,-208,-281,2,99
20719,208_282,Brain,-208,-282,2,96
20720,208_283,Cavity,-208,-283,2,97
20721,208_284,Cavity,-208,-284,2,23
20722,208_285,Cavity,-208,-285,2,30
20723,208_286,Cavity,-208,-286,2,30
20724,208_287,Cavity,-208,-287,2,30
20725,208_288,Cavity,-208,-288,2,18
20726,208_289,Cavity,-208,-289,2,98
20727,208_290,Cavity,-208,-290,2,28
20728,208_291,Cavity,-208,-291,2,23
20729,208_292,Cavity,-208,-292,2,30
20730,208_293,Cavity,-208,-293,2,97
20731,208_294,Cavity,-208,-294,2,19
20732,208_295,Cavity,-208,-295,2,28
20733,208_296,Cavity,-208,-296,2,96
20734,208_297,Brain,-208,-297,2,96
20735,208_298,Brain,-208,-298,2,96
20736,208_299,Brain,-208,-299,2,96
20737,208_300,Brain,-208,-300,2,96
20738,208_301,Brain,-208,-301,2,96
20739,208_302,Brain,-208,-302,2,97
20740,208_303,Brain,-208,-303,2,97
20741,208_304,Urogenital ridge,-208,-304,2,5
20742,208_305,Brain,-208,-305,2,121
20743,208_306,Brain,-208,-306,2,98
20744,208_307,Brain,-208,-307,2,98
20745,208_308,Brain,-208,-308,2,98
20746,208_309,Brain,-208,-309,2,97
20747,208_310,Brain,-208,-310,2,97
20748,208_311,Brain,-208,-311,2,97
20749,208_312,Cavity,-208,-312,2,30
20750,208_313,Cavity,-208,-313,2,29
20751,208_314,Cavity,-208,-314,2,25
20752,208_315,Cavity,-208,-315,2,27
20753,209_128,Cavity,-209,-128,2,24
20754,209_129,Cavity,-209,-129,2,31
20755,209_130,Cavity,-209,-130,2,28
20756,209_131,Cavity,-209,-131,2,30
20757,209_132,Cavity,-209,-132,2,28
20758,209_133,Surface ectoderm,-209,-133,2,20
20759,209_134,Surface ectoderm,-209,-134,2,118
20760,209_135,Spinal cord,-209,-135,2,84
20761,209_136,Spinal cord,-209,-136,2,87
20762,209_137,Spinal cord,-209,-137,2,95
20763,209_138,Spinal cord,-209,-138,2,87
20764,209_139,Spinal cord,-209,-139,2,87
20765,209_140,Spinal cord,-209,-140,2,95
20766,209_141,Spinal cord,-209,-141,2,87
20767,209_142,Spinal cord,-209,-142,2,95
20768,209_143,Spinal cord,-209,-143,2,89
20769,209_144,Spinal cord,-209,-144,2,91
20770,209_145,Spinal cord,-209,-145,2,86
20771,209_146,Spinal cord,-209,-146,2,82
20772,209_147,Spinal cord,-209,-147,2,82
20773,209_148,Spinal cord,-209,-148,2,82
20774,209_149,Spinal cord,-209,-149,2,86
20775,209_150,Spinal cord,-209,-150,2,89
20776,209_151,Spinal cord,-209,-151,2,117
20777,209_152,Connective tissue,-209,-152,2,117
20778,209_153,Connective tissue,-209,-153,2,116
20779,209_154,Connective tissue,-209,-154,2,125
20780,209_155,Connective tissue,-209,-155,2,113
20781,209_156,Urogenital ridge,-209,-156,2,116
20782,209_157,Blood vessel,-209,-157,2,7
20783,209_158,Blood vessel,-209,-158,2,7
20784,209_159,Blood vessel,-209,-159,2,7
20785,209_160,Blood vessel,-209,-160,2,7
20786,209_161,Blood vessel,-209,-161,2,6
20787,209_162,Blood vessel,-209,-162,2,6
20788,209_163,Urogenital ridge,-209,-163,2,5
20789,209_164,Connective tissue,-209,-164,2,125
20790,209_165,Connective tissue,-209,-165,2,125
20791,209_166,Connective tissue,-209,-166,2,125
20792,209_167,Connective tissue,-209,-167,2,125
20793,209_168,Connective tissue,-209,-168,2,125
20794,209_169,Connective tissue,-209,-169,2,125
20795,209_170,Connective tissue,-209,-170,2,125
20796,209_171,Connective tissue,-209,-171,2,126
20797,209_172,Connective tissue,-209,-172,2,127
20798,209_173,Connective tissue,-209,-173,2,127
20799,209_174,Cavity,-209,-174,2,18
20800,209_175,Cavity,-209,-175,2,18
20801,209_176,Cavity,-209,-176,2,18
20802,209_177,Cavity,-209,-177,2,18
20803,209_178,Cavity,-209,-178,2,19
20804,209_179,Cavity,-209,-179,2,18
20805,209_180,Cavity,-209,-180,2,18
20806,209_181,Cavity,-209,-181,2,18
20807,209_182,Cavity,-209,-182,2,18
20808,209_183,Cavity,-209,-183,2,18
20809,209_184,Connective tissue,-209,-184,2,17
20810,209_185,Connective tissue,-209,-185,2,17
20811,209_186,Connective tissue,-209,-186,2,18
20812,209_187,Cavity,-209,-187,2,18
20813,209_188,Cavity,-209,-188,2,18
20814,209_189,Cavity,-209,-189,2,18
20815,209_190,Cavity,-209,-190,2,18
20816,209_191,Connective tissue,-209,-191,2,17
20817,209_192,Connective tissue,-209,-192,2,18
20818,209_193,Connective tissue,-209,-193,2,17
20819,209_194,Connective tissue,-209,-194,2,17
20820,209_195,Connective tissue,-209,-195,2,17
20821,209_196,Connective tissue,-209,-196,2,17
20822,209_197,Connective tissue,-209,-197,2,17
20823,209_198,Connective tissue,-209,-198,2,17
20824,209_199,Connective tissue,-209,-199,2,18
20825,209_200,Connective tissue,-209,-200,2,17
20826,209_201,Connective tissue,-209,-201,2,17
20827,209_202,Connective tissue,-209,-202,2,17
20828,209_203,Connective tissue,-209,-203,2,17
20829,209_204,Connective tissue,-209,-204,2,17
20830,209_205,Cavity,-209,-205,2,25
20831,209_256,Cavity,-209,-256,2,26
20832,209_257,Cavity,-209,-257,2,31
20833,209_258,Cavity,-209,-258,2,31
20834,209_259,Cavity,-209,-259,2,31
20835,209_260,Cavity,-209,-260,2,31
20836,209_261,Cavity,-209,-261,2,31
20837,209_262,Cavity,-209,-262,2,30
20838,209_263,Cavity,-209,-263,2,31
20839,209_264,Cavity,-209,-264,2,31
20840,209_265,Cavity,-209,-265,2,30
20841,209_266,Cavity,-209,-266,2,31
20842,209_267,Cavity,-209,-267,2,31
20843,209_268,Cavity,-209,-268,2,31
20844,209_269,Cavity,-209,-269,2,31
20845,209_270,Cavity,-209,-270,2,28
20846,209_271,Cavity,-209,-271,2,29
20847,209_272,Cavity,-209,-272,2,28
20848,209_273,Cavity,-209,-273,2,97
20849,209_274,Cavity,-209,-274,2,30
20850,209_275,Cavity,-209,-275,2,30
20851,209_276,Cavity,-209,-276,2,30
20852,209_277,Cavity,-209,-277,2,30
20853,209_278,Cavity,-209,-278,2,30
20854,209_279,Cavity,-209,-279,2,97
20855,209_280,Brain,-209,-280,2,97
20856,209_281,Brain,-209,-281,2,96
20857,209_282,Cavity,-209,-282,2,97
20858,209_283,Cavity,-209,-283,2,30
20859,209_284,Cavity,-209,-284,2,30
20860,209_285,Cavity,-209,-285,2,30
20861,209_286,Cavity,-209,-286,2,30
20862,209_287,Cavity,-209,-287,2,23
20863,209_288,Cavity,-209,-288,2,28
20864,209_289,Cavity,-209,-289,2,30
20865,209_290,Cavity,-209,-290,2,5
20866,209_291,Cavity,-209,-291,2,23
20867,209_292,Cavity,-209,-292,2,97
20868,209_293,Cavity,-209,-293,2,28
20869,209_294,Cavity,-209,-294,2,28
20870,209_295,Cavity,-209,-295,2,28
20871,209_296,Cavity,-209,-296,2,96
20872,209_297,Brain,-209,-297,2,111
20873,209_298,Cavity,-209,-298,2,111
20874,209_299,Brain,-209,-299,2,96
20875,209_300,Brain,-209,-300,2,97
20876,209_301,Brain,-209,-301,2,96
20877,209_302,Brain,-209,-302,2,96
20878,209_303,Brain,-209,-303,2,97
20879,209_304,Brain,-209,-304,2,107
20880,209_305,Brain,-209,-305,2,97
20881,209_306,Brain,-209,-306,2,97
20882,209_307,Brain,-209,-307,2,98
20883,209_308,Brain,-209,-308,2,99
20884,209_309,Brain,-209,-309,2,97
20885,209_310,Brain,-209,-310,2,96
20886,209_311,Surface ectoderm,-209,-311,2,28
20887,209_312,Cavity,-209,-312,2,23
20888,209_313,Cavity,-209,-313,2,29
20889,209_314,Cavity,-209,-314,2,26
20890,210_128,Cavity,-210,-128,2,25
20891,210_129,Cavity,-210,-129,2,17
20892,210_130,Cavity,-210,-130,2,30
20893,210_131,Cavity,-210,-131,2,30
20894,210_132,Cavity,-210,-132,2,31
20895,210_133,Cavity,-210,-133,2,20
20896,210_134,Surface ectoderm,-210,-134,2,21
20897,210_135,Spinal cord,-210,-135,2,111
20898,210_136,Spinal cord,-210,-136,2,111
20899,210_137,Spinal cord,-210,-137,2,87
20900,210_138,Spinal cord,-210,-138,2,92
20901,210_139,Spinal cord,-210,-139,2,87
20902,210_140,Spinal cord,-210,-140,2,111
20903,210_141,Spinal cord,-210,-141,2,87
20904,210_142,Spinal cord,-210,-142,2,87
20905,210_143,Spinal cord,-210,-143,2,94
20906,210_144,Spinal cord,-210,-144,2,94
20907,210_145,Spinal cord,-210,-145,2,92
20908,210_146,Spinal cord,-210,-146,2,86
20909,210_147,Spinal cord,-210,-147,2,82
20910,210_148,Spinal cord,-210,-148,2,90
20911,210_149,Spinal cord,-210,-149,2,86
20912,210_150,Spinal cord,-210,-150,2,86
20913,210_151,Spinal cord,-210,-151,2,118
20914,210_152,Connective tissue,-210,-152,2,117
20915,210_153,Connective tissue,-210,-153,2,117
20916,210_154,Connective tissue,-210,-154,2,117
20917,210_155,Connective tissue,-210,-155,2,116
20918,210_156,Connective tissue,-210,-156,2,117
20919,210_157,Urogenital ridge,-210,-157,2,5
20920,210_158,Blood vessel,-210,-158,2,7
20921,210_159,Blood vessel,-210,-159,2,7
20922,210_160,Blood vessel,-210,-160,2,7
20923,210_161,Blood vessel,-210,-161,2,7
20924,210_162,Blood vessel,-210,-162,2,6
20925,210_163,Blood vessel,-210,-163,2,7
20926,210_164,Connective tissue,-210,-164,2,126
20927,210_165,Connective tissue,-210,-165,2,125
20928,210_166,Connective tissue,-210,-166,2,125
20929,210_167,Connective tissue,-210,-167,2,115
20930,210_168,Connective tissue,-210,-168,2,125
20931,210_169,Connective tissue,-210,-169,2,125
20932,210_170,Connective tissue,-210,-170,2,125
20933,210_171,Connective tissue,-210,-171,2,125
20934,210_172,Connective tissue,-210,-172,2,127
20935,210_173,Connective tissue,-210,-173,2,127
20936,210_174,Connective tissue,-210,-174,2,127
20937,210_175,Connective tissue,-210,-175,2,120
20938,210_176,Connective tissue,-210,-176,2,127
20939,210_177,Connective tissue,-210,-177,2,120
20940,210_178,Connective tissue,-210,-178,2,127
20941,210_179,Cavity,-210,-179,2,121
20942,210_180,Connective tissue,-210,-180,2,127
20943,210_181,Connective tissue,-210,-181,2,125
20944,210_182,Connective tissue,-210,-182,2,116
20945,210_183,Connective tissue,-210,-183,2,125
20946,210_184,Connective tissue,-210,-184,2,125
20947,210_185,Connective tissue,-210,-185,2,125
20948,210_186,Cavity,-210,-186,2,18
20949,210_187,Cavity,-210,-187,2,18
20950,210_188,Cavity,-210,-188,2,18
20951,210_189,Cavity,-210,-189,2,18
20952,210_190,Cavity,-210,-190,2,17
20953,210_191,Connective tissue,-210,-191,2,17
20954,210_192,Connective tissue,-210,-192,2,17
20955,210_193,Connective tissue,-210,-193,2,17
20956,210_194,Connective tissue,-210,-194,2,18
20957,210_195,Connective tissue,-210,-195,2,17
20958,210_196,Connective tissue,-210,-196,2,18
20959,210_197,Connective tissue,-210,-197,2,17
20960,210_198,Connective tissue,-210,-198,2,17
20961,210_199,Connective tissue,-210,-199,2,17
20962,210_200,Cavity,-210,-200,2,30
20963,210_201,Connective tissue,-210,-201,2,31
20964,210_202,Connective tissue,-210,-202,2,17
20965,210_203,Connective tissue,-210,-203,2,31
20966,210_204,Connective tissue,-210,-204,2,17
20967,210_205,Cavity,-210,-205,2,25
20968,210_258,Cavity,-210,-258,2,27
20969,210_259,Cavity,-210,-259,2,26
20970,210_260,Cavity,-210,-260,2,31
20971,210_261,Cavity,-210,-261,2,30
20972,210_262,Cavity,-210,-262,2,31
20973,210_263,Cavity,-210,-263,2,31
20974,210_264,Cavity,-210,-264,2,31
20975,210_265,Cavity,-210,-265,2,31
20976,210_266,Cavity,-210,-266,2,31
20977,210_267,Cavity,-210,-267,2,31
20978,210_268,Cavity,-210,-268,2,30
20979,210_269,Cavity,-210,-269,2,31
20980,210_270,Cavity,-210,-270,2,29
20981,210_271,Cavity,-210,-271,2,28
20982,210_272,Cavity,-210,-272,2,30
20983,210_273,Cavity,-210,-273,2,28
20984,210_274,Cavity,-210,-274,2,28
20985,210_275,Cavity,-210,-275,2,30
20986,210_276,Cavity,-210,-276,2,20
20987,210_277,Cavity,-210,-277,2,30
20988,210_278,Cavity,-210,-278,2,98
20989,210_279,Cavity,-210,-279,2,97
20990,210_280,Brain,-210,-280,2,96
20991,210_281,Cavity,-210,-281,2,97
20992,210_282,Cavity,-210,-282,2,99
20993,210_283,Cavity,-210,-283,2,30
20994,210_284,Cavity,-210,-284,2,30
20995,210_285,Cavity,-210,-285,2,23
20996,210_286,Cavity,-210,-286,2,20
20997,210_287,Cavity,-210,-287,2,30
20998,210_288,Cavity,-210,-288,2,23
20999,210_289,Cavity,-210,-289,2,97
21000,210_290,Cavity,-210,-290,2,28
21001,210_291,Cavity,-210,-291,2,28
21002,210_292,Cavity,-210,-292,2,28
21003,210_293,Cavity,-210,-293,2,98
21004,210_294,Cavity,-210,-294,2,23
21005,210_295,Cavity,-210,-295,2,28
21006,210_296,Cavity,-210,-296,2,116
21007,210_297,Blood vessel,-210,-297,2,114
21008,210_298,Cavity,-210,-298,2,110
21009,210_299,Brain,-210,-299,2,117
21010,210_300,Brain,-210,-300,2,96
21011,210_301,Cavity,-210,-301,2,98
21012,210_302,Brain,-210,-302,2,97
21013,210_303,Brain,-210,-303,2,96
21014,210_304,Brain,-210,-304,2,97
21015,210_305,Brain,-210,-305,2,98
21016,210_306,Brain,-210,-306,2,99
21017,210_307,Brain,-210,-307,2,97
21018,210_308,Brain,-210,-308,2,96
21019,210_309,Brain,-210,-309,2,97
21020,210_310,Brain,-210,-310,2,23
21021,210_311,Surface ectoderm,-210,-311,2,20
21022,210_312,Cavity,-210,-312,2,28
21023,210_313,Cavity,-210,-313,2,29
21024,210_314,Cavity,-210,-314,2,27
21025,211_128,Cavity,-211,-128,2,26
21026,211_129,Cavity,-211,-129,2,29
21027,211_130,Cavity,-211,-130,2,31
21028,211_131,Cavity,-211,-131,2,31
21029,211_132,Cavity,-211,-132,2,28
21030,211_133,Surface ectoderm,-211,-133,2,23
21031,211_134,Surface ectoderm,-211,-134,2,22
21032,211_135,Connective tissue,-211,-135,2,116
21033,211_136,Spinal cord,-211,-136,2,111
21034,211_137,Spinal cord,-211,-137,2,108
21035,211_138,Spinal cord,-211,-138,2,87
21036,211_139,Spinal cord,-211,-139,2,87
21037,211_140,Spinal cord,-211,-140,2,111
21038,211_141,Spinal cord,-211,-141,2,87
21039,211_142,Spinal cord,-211,-142,2,87
21040,211_143,Spinal cord,-211,-143,2,98
21041,211_144,Spinal cord,-211,-144,2,95
21042,211_145,Spinal cord,-211,-145,2,93
21043,211_146,Spinal cord,-211,-146,2,95
21044,211_147,Spinal cord,-211,-147,2,88
21045,211_148,Spinal cord,-211,-148,2,83
21046,211_149,Spinal cord,-211,-149,2,86
21047,211_150,Spinal cord,-211,-150,2,85
21048,211_151,Spinal cord,-211,-151,2,96
21049,211_152,Connective tissue,-211,-152,2,116
21050,211_153,Connective tissue,-211,-153,2,116
21051,211_154,Connective tissue,-211,-154,2,116
21052,211_155,Connective tissue,-211,-155,2,116
21053,211_156,Connective tissue,-211,-156,2,116
21054,211_157,Connective tissue,-211,-157,2,125
21055,211_158,Connective tissue,-211,-158,2,125
21056,211_159,Urogenital ridge,-211,-159,2,5
21057,211_160,Blood vessel,-211,-160,2,7
21058,211_161,Blood vessel,-211,-161,2,6
21059,211_162,Blood vessel,-211,-162,2,6
21060,211_163,Blood vessel,-211,-163,2,6
21061,211_164,Urogenital ridge,-211,-164,2,5
21062,211_165,Connective tissue,-211,-165,2,126
21063,211_166,Connective tissue,-211,-166,2,125
21064,211_167,Connective tissue,-211,-167,2,125
21065,211_168,Connective tissue,-211,-168,2,125
21066,211_169,Connective tissue,-211,-169,2,125
21067,211_170,Connective tissue,-211,-170,2,125
21068,211_171,Connective tissue,-211,-171,2,125
21069,211_172,Connective tissue,-211,-172,2,126
21070,211_173,Connective tissue,-211,-173,2,127
21071,211_174,Connective tissue,-211,-174,2,126
21072,211_175,Connective tissue,-211,-175,2,125
21073,211_176,Connective tissue,-211,-176,2,127
21074,211_177,Connective tissue,-211,-177,2,127
21075,211_178,Connective tissue,-211,-178,2,125
21076,211_179,Connective tissue,-211,-179,2,124
21077,211_180,Connective tissue,-211,-180,2,125
21078,211_181,Connective tissue,-211,-181,2,125
21079,211_182,Connective tissue,-211,-182,2,125
21080,211_183,Connective tissue,-211,-183,2,124
21081,211_184,Connective tissue,-211,-184,2,124
21082,211_185,Cavity,-211,-185,2,23
21083,211_186,Cavity,-211,-186,2,18
21084,211_187,Cavity,-211,-187,2,18
21085,211_188,Cavity,-211,-188,2,18
21086,211_189,Cavity,-211,-189,2,18
21087,211_190,Cavity,-211,-190,2,18
21088,211_191,Connective tissue,-211,-191,2,16
21089,211_192,Connective tissue,-211,-192,2,17
21090,211_193,Connective tissue,-211,-193,2,17
21091,211_194,Connective tissue,-211,-194,2,17
21092,211_195,Connective tissue,-211,-195,2,18
21093,211_196,Connective tissue,-211,-196,2,17
21094,211_197,Connective tissue,-211,-197,2,17
21095,211_198,Connective tissue,-211,-198,2,17
21096,211_199,Connective tissue,-211,-199,2,17
21097,211_200,Connective tissue,-211,-200,2,17
21098,211_201,Connective tissue,-211,-201,2,19
21099,211_202,Connective tissue,-211,-202,2,17
21100,211_203,Cavity,-211,-203,2,30
21101,211_204,Connective tissue,-211,-204,2,17
21102,211_205,Cavity,-211,-205,2,25
21103,211_261,Cavity,-211,-261,2,25
21104,211_262,Cavity,-211,-262,2,31
21105,211_263,Cavity,-211,-263,2,31
21106,211_264,Cavity,-211,-264,2,31
21107,211_265,Cavity,-211,-265,2,31
21108,211_266,Cavity,-211,-266,2,31
21109,211_267,Cavity,-211,-267,2,29
21110,211_268,Cavity,-211,-268,2,31
21111,211_269,Cavity,-211,-269,2,30
21112,211_270,Cavity,-211,-270,2,31
21113,211_271,Cavity,-211,-271,2,28
21114,211_272,Cavity,-211,-272,2,31
21115,211_273,Cavity,-211,-273,2,30
21116,211_274,Cavity,-211,-274,2,97
21117,211_275,Cavity,-211,-275,2,30
21118,211_276,Cavity,-211,-276,2,30
21119,211_277,Cavity,-211,-277,2,30
21120,211_278,Cavity,-211,-278,2,23
21121,211_279,Cavity,-211,-279,2,98
21122,211_280,Brain,-211,-280,2,97
21123,211_281,Brain,-211,-281,2,96
21124,211_282,Cavity,-211,-282,2,98
21125,211_283,Cavity,-211,-283,2,20
21126,211_284,Cavity,-211,-284,2,20
21127,211_285,Cavity,-211,-285,2,23
21128,211_286,Cavity,-211,-286,2,20
21129,211_287,Cavity,-211,-287,2,18
21130,211_288,Cavity,-211,-288,2,23
21131,211_289,Cavity,-211,-289,2,23
21132,211_290,Cavity,-211,-290,2,20
21133,211_291,Cavity,-211,-291,2,23
21134,211_292,Cavity,-211,-292,2,30
21135,211_293,Cavity,-211,-293,2,97
21136,211_294,Cavity,-211,-294,2,30
21137,211_295,Cavity,-211,-295,2,20
21138,211_296,Cavity,-211,-296,2,28
21139,211_297,Brain,-211,-297,2,117
21140,211_298,Brain,-211,-298,2,96
21141,211_299,Brain,-211,-299,2,96
21142,211_300,Brain,-211,-300,2,97
21143,211_301,Cavity,-211,-301,2,97
21144,211_302,Brain,-211,-302,2,96
21145,211_303,Brain,-211,-303,2,97
21146,211_304,Brain,-211,-304,2,97
21147,211_305,Brain,-211,-305,2,97
21148,211_306,Brain,-211,-306,2,97
21149,211_307,Brain,-211,-307,2,97
21150,211_308,Brain,-211,-308,2,97
21151,211_309,Brain,-211,-309,2,118
21152,211_310,Surface ectoderm,-211,-310,2,23
21153,211_311,Cavity,-211,-311,2,28
21154,211_312,Cavity,-211,-312,2,28
21155,211_313,Cavity,-211,-313,2,25
21156,212_128,Cavity,-212,-128,2,26
21157,212_129,Cavity,-212,-129,2,28
21158,212_130,Cavity,-212,-130,2,30
21159,212_131,Cavity,-212,-131,2,30
21160,212_132,Cavity,-212,-132,2,31
21161,212_133,Cavity,-212,-133,2,23
21162,212_134,Surface ectoderm,-212,-134,2,21
21163,212_135,Connective tissue,-212,-135,2,118
21164,212_136,Spinal cord,-212,-136,2,117
21165,212_137,Spinal cord,-212,-137,2,87
21166,212_138,Spinal cord,-212,-138,2,87
21167,212_139,Spinal cord,-212,-139,2,87
21168,212_140,Spinal cord,-212,-140,2,108
21169,212_141,Spinal cord,-212,-141,2,108
21170,212_142,Spinal cord,-212,-142,2,108
21171,212_143,Spinal cord,-212,-143,2,102
21172,212_144,Spinal cord,-212,-144,2,109
21173,212_145,Spinal cord,-212,-145,2,94
21174,212_146,Spinal cord,-212,-146,2,95
21175,212_147,Spinal cord,-212,-147,2,95
21176,212_148,Spinal cord,-212,-148,2,86
21177,212_149,Spinal cord,-212,-149,2,86
21178,212_150,Spinal cord,-212,-150,2,84
21179,212_151,Spinal cord,-212,-151,2,84
21180,212_152,Spinal cord,-212,-152,2,111
21181,212_153,Connective tissue,-212,-153,2,116
21182,212_154,Connective tissue,-212,-154,2,116
21183,212_155,Connective tissue,-212,-155,2,116
21184,212_156,Connective tissue,-212,-156,2,117
21185,212_157,Connective tissue,-212,-157,2,118
21186,212_158,Connective tissue,-212,-158,2,112
21187,212_159,Urogenital ridge,-212,-159,2,125
21188,212_160,Blood vessel,-212,-160,2,7
21189,212_161,Blood vessel,-212,-161,2,6
21190,212_162,Blood vessel,-212,-162,2,7
21191,212_163,Blood vessel,-212,-163,2,7
21192,212_164,Blood vessel,-212,-164,2,7
21193,212_165,Connective tissue,-212,-165,2,126
21194,212_166,Connective tissue,-212,-166,2,125
21195,212_167,Connective tissue,-212,-167,2,125
21196,212_168,Connective tissue,-212,-168,2,125
21197,212_169,Connective tissue,-212,-169,2,125
21198,212_170,Connective tissue,-212,-170,2,125
21199,212_171,Connective tissue,-212,-171,2,125
21200,212_172,Connective tissue,-212,-172,2,125
21201,212_173,Connective tissue,-212,-173,2,125
21202,212_174,Connective tissue,-212,-174,2,127
21203,212_175,Connective tissue,-212,-175,2,124
21204,212_176,Connective tissue,-212,-176,2,121
21205,212_177,Connective tissue,-212,-177,2,124
21206,212_178,Connective tissue,-212,-178,2,125
21207,212_179,Connective tissue,-212,-179,2,120
21208,212_180,Connective tissue,-212,-180,2,121
21209,212_181,Connective tissue,-212,-181,2,124
21210,212_182,Connective tissue,-212,-182,2,124
21211,212_183,Connective tissue,-212,-183,2,125
21212,212_184,Connective tissue,-212,-184,2,125
21213,212_185,Connective tissue,-212,-185,2,125
21214,212_186,Cavity,-212,-186,2,4
21215,212_187,Cavity,-212,-187,2,18
21216,212_188,Connective tissue,-212,-188,2,125
21217,212_189,Cavity,-212,-189,2,18
21218,212_190,Cavity,-212,-190,2,18
21219,212_191,Connective tissue,-212,-191,2,17
21220,212_192,Connective tissue,-212,-192,2,18
21221,212_193,Connective tissue,-212,-193,2,17
21222,212_194,Connective tissue,-212,-194,2,17
21223,212_195,Connective tissue,-212,-195,2,17
21224,212_196,Connective tissue,-212,-196,2,17
21225,212_197,Connective tissue,-212,-197,2,16
21226,212_198,Connective tissue,-212,-198,2,17
21227,212_199,Connective tissue,-212,-199,2,17
21228,212_200,Connective tissue,-212,-200,2,17
21229,212_201,Connective tissue,-212,-201,2,4
21230,212_202,Connective tissue,-212,-202,2,17
21231,212_203,Connective tissue,-212,-203,2,17
21232,212_204,Connective tissue,-212,-204,2,30
21233,212_205,Cavity,-212,-205,2,25
21234,212_262,Cavity,-212,-262,2,25
21235,212_263,Cavity,-212,-263,2,31
21236,212_264,Cavity,-212,-264,2,31
21237,212_265,Cavity,-212,-265,2,19
21238,212_266,Cavity,-212,-266,2,31
21239,212_267,Cavity,-212,-267,2,31
21240,212_268,Cavity,-212,-268,2,31
21241,212_269,Cavity,-212,-269,2,30
21242,212_270,Cavity,-212,-270,2,31
21243,212_271,Cavity,-212,-271,2,30
21244,212_272,Cavity,-212,-272,2,31
21245,212_273,Cavity,-212,-273,2,28
21246,212_274,Cavity,-212,-274,2,97
21247,212_275,Cavity,-212,-275,2,20
21248,212_276,Cavity,-212,-276,2,21
21249,212_277,Cavity,-212,-277,2,23
21250,212_278,Brain,-212,-278,2,97
21251,212_279,Cavity,-212,-279,2,97
21252,212_280,Cavity,-212,-280,2,98
21253,212_281,Brain,-212,-281,2,98
21254,212_282,Brain,-212,-282,2,96
21255,212_283,Brain,-212,-283,2,96
21256,212_284,Brain,-212,-284,2,97
21257,212_285,Cavity,-212,-285,2,23
21258,212_286,Brain,-212,-286,2,98
21259,212_287,Cavity,-212,-287,2,20
21260,212_288,Brain,-212,-288,2,98
21261,212_289,Surface ectoderm,-212,-289,2,19
21262,212_290,Cavity,-212,-290,2,20
21263,212_291,Cavity,-212,-291,2,30
21264,212_292,Cavity,-212,-292,2,20
21265,212_293,Cavity,-212,-293,2,23
21266,212_294,Cavity,-212,-294,2,23
21267,212_295,Cavity,-212,-295,2,30
21268,212_296,Cavity,-212,-296,2,19
21269,212_297,Brain,-212,-297,2,116
21270,212_298,Brain,-212,-298,2,96
21271,212_299,Cavity,-212,-299,2,97
21272,212_300,Cavity,-212,-300,2,97
21273,212_301,Brain,-212,-301,2,125
21274,212_302,Brain,-212,-302,2,108
21275,212_303,Brain,-212,-303,2,98
21276,212_304,Brain,-212,-304,2,97
21277,212_305,Brain,-212,-305,2,97
21278,212_306,Brain,-212,-306,2,97
21279,212_307,Brain,-212,-307,2,97
21280,212_308,Brain,-212,-308,2,97
21281,212_309,Surface ectoderm,-212,-309,2,18
21282,212_310,Surface ectoderm,-212,-310,2,23
21283,212_311,Cavity,-212,-311,2,28
21284,212_312,Cavity,-212,-312,2,29
21285,212_313,Cavity,-212,-313,2,27
21286,213_128,Cavity,-213,-128,2,27
21287,213_129,Cavity,-213,-129,2,31
21288,213_130,Cavity,-213,-130,2,17
21289,213_131,Cavity,-213,-131,2,16
21290,213_132,Cavity,-213,-132,2,30
21291,213_133,Cavity,-213,-133,2,28
21292,213_134,Surface ectoderm,-213,-134,2,20
21293,213_135,Surface ectoderm,-213,-135,2,21
21294,213_136,Spinal cord,-213,-136,2,116
21295,213_137,Spinal cord,-213,-137,2,111
21296,213_138,Spinal cord,-213,-138,2,108
21297,213_139,Spinal cord,-213,-139,2,95
21298,213_140,Spinal cord,-213,-140,2,109
21299,213_141,Brain,-213,-141,2,109
21300,213_142,Spinal cord,-213,-142,2,102
21301,213_143,Spinal cord,-213,-143,2,99
21302,213_144,Spinal cord,-213,-144,2,108
21303,213_145,Spinal cord,-213,-145,2,108
21304,213_146,Spinal cord,-213,-146,2,108
21305,213_147,Spinal cord,-213,-147,2,109
21306,213_148,Spinal cord,-213,-148,2,86
21307,213_149,Spinal cord,-213,-149,2,84
21308,213_150,Spinal cord,-213,-150,2,84
21309,213_151,Spinal cord,-213,-151,2,84
21310,213_152,Spinal cord,-213,-152,2,111
21311,213_153,Head mesenchyme,-213,-153,2,117
21312,213_154,Connective tissue,-213,-154,2,116
21313,213_155,Connective tissue,-213,-155,2,112
21314,213_156,Connective tissue,-213,-156,2,116
21315,213_157,Connective tissue,-213,-157,2,116
21316,213_158,Connective tissue,-213,-158,2,116
21317,213_159,Connective tissue,-213,-159,2,125
21318,213_160,Blood vessel,-213,-160,2,7
21319,213_161,Blood vessel,-213,-161,2,7
21320,213_162,Blood vessel,-213,-162,2,7
21321,213_163,Blood vessel,-213,-163,2,7
21322,213_164,Blood vessel,-213,-164,2,7
21323,213_165,Urogenital ridge,-213,-165,2,5
21324,213_166,Connective tissue,-213,-166,2,125
21325,213_167,Connective tissue,-213,-167,2,126
21326,213_168,Connective tissue,-213,-168,2,126
21327,213_169,Connective tissue,-213,-169,2,126
21328,213_170,Connective tissue,-213,-170,2,126
21329,213_171,Connective tissue,-213,-171,2,125
21330,213_172,Connective tissue,-213,-172,2,125
21331,213_173,Connective tissue,-213,-173,2,122
21332,213_174,Cavity,-213,-174,2,18
21333,213_175,Cavity,-213,-175,2,18
21334,213_176,Cavity,-213,-176,2,18
21335,213_177,Cavity,-213,-177,2,18
21336,213_178,Connective tissue,-213,-178,2,121
21337,213_179,Connective tissue,-213,-179,2,123
21338,213_180,Connective tissue,-213,-180,2,121
21339,213_181,Connective tissue,-213,-181,2,127
21340,213_182,Connective tissue,-213,-182,2,121
21341,213_183,Connective tissue,-213,-183,2,124
21342,213_184,Connective tissue,-213,-184,2,127
21343,213_185,Connective tissue,-213,-185,2,121
21344,213_186,Cavity,-213,-186,2,127
21345,213_187,Cavity,-213,-187,2,121
21346,213_188,Cavity,-213,-188,2,18
21347,213_189,Cavity,-213,-189,2,18
21348,213_190,Connective tissue,-213,-190,2,17
21349,213_191,Connective tissue,-213,-191,2,17
21350,213_192,Connective tissue,-213,-192,2,17
21351,213_193,Connective tissue,-213,-193,2,17
21352,213_194,Connective tissue,-213,-194,2,18
21353,213_195,Connective tissue,-213,-195,2,17
21354,213_196,Connective tissue,-213,-196,2,17
21355,213_197,Connective tissue,-213,-197,2,17
21356,213_198,Connective tissue,-213,-198,2,17
21357,213_199,Connective tissue,-213,-199,2,17
21358,213_200,Connective tissue,-213,-200,2,17
21359,213_201,Cavity,-213,-201,2,17
21360,213_202,Cavity,-213,-202,2,30
21361,213_203,Connective tissue,-213,-203,2,31
21362,213_204,Cavity,-213,-204,2,30
21363,213_205,Cavity,-213,-205,2,26
21364,213_263,Cavity,-213,-263,2,25
21365,213_264,Cavity,-213,-264,2,30
21366,213_265,Cavity,-213,-265,2,31
21367,213_266,Cavity,-213,-266,2,30
21368,213_267,Cavity,-213,-267,2,31
21369,213_268,Cavity,-213,-268,2,30
21370,213_269,Cavity,-213,-269,2,31
21371,213_270,Cavity,-213,-270,2,30
21372,213_271,Cavity,-213,-271,2,28
21373,213_272,Cavity,-213,-272,2,28
21374,213_273,Cavity,-213,-273,2,28
21375,213_274,Cavity,-213,-274,2,20
21376,213_275,Cavity,-213,-275,2,20
21377,213_276,Brain,-213,-276,2,98
21378,213_277,Brain,-213,-277,2,97
21379,213_278,Brain,-213,-278,2,99
21380,213_279,Brain,-213,-279,2,98
21381,213_280,Brain,-213,-280,2,97
21382,213_281,Brain,-213,-281,2,98
21383,213_282,Brain,-213,-282,2,97
21384,213_283,Brain,-213,-283,2,97
21385,213_284,Brain,-213,-284,2,23
21386,213_285,Brain,-213,-285,2,23
21387,213_286,Brain,-213,-286,2,98
21388,213_287,Brain,-213,-287,2,97
21389,213_288,Brain,-213,-288,2,97
21390,213_289,Cavity,-213,-289,2,23
21391,213_290,Cavity,-213,-290,2,22
21392,213_291,Cavity,-213,-291,2,20
21393,213_292,Cavity,-213,-292,2,23
21394,213_293,Cavity,-213,-293,2,23
21395,213_294,Cavity,-213,-294,2,28
21396,213_295,Cavity,-213,-295,2,18
21397,213_296,Cavity,-213,-296,2,23
21398,213_297,Cavity,-213,-297,2,18
21399,213_298,Brain,-213,-298,2,97
21400,213_299,Brain,-213,-299,2,96
21401,213_300,Brain,-213,-300,2,96
21402,213_301,Brain,-213,-301,2,96
21403,213_302,Brain,-213,-302,2,98
21404,213_303,Brain,-213,-303,2,99
21405,213_304,Brain,-213,-304,2,98
21406,213_305,Brain,-213,-305,2,97
21407,213_306,Brain,-213,-306,2,97
21408,213_307,Brain,-213,-307,2,96
21409,213_308,Surface ectoderm,-213,-308,2,23
21410,213_309,Surface ectoderm,-213,-309,2,18
21411,213_310,Connective tissue,-213,-310,2,17
21412,213_311,Cavity,-213,-311,2,29
21413,213_312,Cavity,-213,-312,2,25
21414,214_129,Cavity,-214,-129,2,29
21415,214_130,Cavity,-214,-130,2,31
21416,214_131,Cavity,-214,-131,2,6
21417,214_132,Cavity,-214,-132,2,28
21418,214_133,Cavity,-214,-133,2,30
21419,214_134,Cavity,-214,-134,2,20
21420,214_135,Spinal cord,-214,-135,2,20
21421,214_136,Spinal cord,-214,-136,2,109
21422,214_137,Spinal cord,-214,-137,2,109
21423,214_138,Spinal cord,-214,-138,2,108
21424,214_139,Spinal cord,-214,-139,2,102
21425,214_140,Spinal cord,-214,-140,2,109
21426,214_141,Spinal cord,-214,-141,2,103
21427,214_142,Brain,-214,-142,2,102
21428,214_143,Brain,-214,-143,2,102
21429,214_144,Brain,-214,-144,2,109
21430,214_145,Brain,-214,-145,2,108
21431,214_146,Brain,-214,-146,2,108
21432,214_147,Spinal cord,-214,-147,2,118
21433,214_148,Spinal cord,-214,-148,2,93
21434,214_149,Spinal cord,-214,-149,2,85
21435,214_150,Spinal cord,-214,-150,2,85
21436,214_151,Spinal cord,-214,-151,2,84
21437,214_152,Spinal cord,-214,-152,2,84
21438,214_153,Spinal cord,-214,-153,2,111
21439,214_154,Connective tissue,-214,-154,2,116
21440,214_155,Connective tissue,-214,-155,2,125
21441,214_156,Connective tissue,-214,-156,2,116
21442,214_157,Connective tissue,-214,-157,2,125
21443,214_158,Connective tissue,-214,-158,2,116
21444,214_159,Connective tissue,-214,-159,2,116
21445,214_160,Blood vessel,-214,-160,2,7
21446,214_161,Blood vessel,-214,-161,2,7
21447,214_162,Blood vessel,-214,-162,2,7
21448,214_163,Blood vessel,-214,-163,2,7
21449,214_164,Blood vessel,-214,-164,2,7
21450,214_165,Blood vessel,-214,-165,2,7
21451,214_166,Urogenital ridge,-214,-166,2,5
21452,214_167,Connective tissue,-214,-167,2,5
21453,214_168,Connective tissue,-214,-168,2,126
21454,214_169,Connective tissue,-214,-169,2,125
21455,214_170,Connective tissue,-214,-170,2,126
21456,214_171,Connective tissue,-214,-171,2,125
21457,214_172,Connective tissue,-214,-172,2,127
21458,214_173,Connective tissue,-214,-173,2,121
21459,214_174,Cavity,-214,-174,2,18
21460,214_175,Cavity,-214,-175,2,18
21461,214_176,Cavity,-214,-176,2,18
21462,214_177,Cavity,-214,-177,2,18
21463,214_178,Cavity,-214,-178,2,18
21464,214_179,Cavity,-214,-179,2,18
21465,214_180,Cavity,-214,-180,2,18
21466,214_181,Cavity,-214,-181,2,18
21467,214_182,Cavity,-214,-182,2,18
21468,214_183,Cavity,-214,-183,2,18
21469,214_184,Cavity,-214,-184,2,18
21470,214_185,Cavity,-214,-185,2,18
21471,214_186,Cavity,-214,-186,2,18
21472,214_187,Cavity,-214,-187,2,18
21473,214_188,Cavity,-214,-188,2,18
21474,214_189,Connective tissue,-214,-189,2,18
21475,214_190,Connective tissue,-214,-190,2,17
21476,214_191,Connective tissue,-214,-191,2,17
21477,214_192,Connective tissue,-214,-192,2,17
21478,214_193,Connective tissue,-214,-193,2,30
21479,214_194,Connective tissue,-214,-194,2,17
21480,214_195,Connective tissue,-214,-195,2,17
21481,214_196,Connective tissue,-214,-196,2,17
21482,214_197,Connective tissue,-214,-197,2,17
21483,214_198,Connective tissue,-214,-198,2,17
21484,214_199,Connective tissue,-214,-199,2,17
21485,214_200,Connective tissue,-214,-200,2,30
21486,214_201,Connective tissue,-214,-201,2,30
21487,214_202,Cavity,-214,-202,2,19
21488,214_203,Cavity,-214,-203,2,19
21489,214_204,Cavity,-214,-204,2,31
21490,214_264,Cavity,-214,-264,2,29
21491,214_265,Cavity,-214,-265,2,31
21492,214_266,Cavity,-214,-266,2,31
21493,214_267,Cavity,-214,-267,2,31
21494,214_268,Cavity,-214,-268,2,30
21495,214_269,Cavity,-214,-269,2,31
21496,214_270,Cavity,-214,-270,2,30
21497,214_271,Cavity,-214,-271,2,28
21498,214_272,Cavity,-214,-272,2,28
21499,214_273,Cavity,-214,-273,2,97
21500,214_274,Brain,-214,-274,2,96
21501,214_275,Brain,-214,-275,2,96
21502,214_276,Brain,-214,-276,2,97
21503,214_277,Brain,-214,-277,2,108
21504,214_278,Brain,-214,-278,2,108
21505,214_279,Brain,-214,-279,2,96
21506,214_280,Brain,-214,-280,2,96
21507,214_281,Brain,-214,-281,2,97
21508,214_282,Brain,-214,-282,2,96
21509,214_283,Brain,-214,-283,2,96
21510,214_284,Brain,-214,-284,2,97
21511,214_285,Brain,-214,-285,2,97
21512,214_286,Brain,-214,-286,2,96
21513,214_287,Brain,-214,-287,2,97
21514,214_288,Brain,-214,-288,2,97
21515,214_289,Brain,-214,-289,2,98
21516,214_290,Brain,-214,-290,2,97
21517,214_291,Brain,-214,-291,2,118
21518,214_292,Brain,-214,-292,2,97
21519,214_293,Cavity,-214,-293,2,97
21520,214_294,Urogenital ridge,-214,-294,2,107
21521,214_295,Cavity,-214,-295,2,5
21522,214_296,Brain,-214,-296,2,23
21523,214_297,Brain,-214,-297,2,97
21524,214_298,Brain,-214,-298,2,96
21525,214_299,Brain,-214,-299,2,97
21526,214_300,Brain,-214,-300,2,96
21527,214_301,Brain,-214,-301,2,121
21528,214_302,Brain,-214,-302,2,100
21529,214_303,Brain,-214,-303,2,97
21530,214_304,Brain,-214,-304,2,96
21531,214_305,Brain,-214,-305,2,96
21532,214_306,Brain,-214,-306,2,116
21533,214_307,Brain,-214,-307,2,97
21534,214_308,Surface ectoderm,-214,-308,2,19
21535,214_309,Connective tissue,-214,-309,2,17
21536,214_310,Cavity,-214,-310,2,30
21537,214_311,Cavity,-214,-311,2,31
21538,214_312,Cavity,-214,-312,2,27
21539,215_129,Cavity,-215,-129,2,29
21540,215_130,Cavity,-215,-130,2,30
21541,215_131,Cavity,-215,-131,2,30
21542,215_132,Cavity,-215,-132,2,31
21543,215_133,Cavity,-215,-133,2,30
21544,215_134,Cavity,-215,-134,2,30
21545,215_135,Cavity,-215,-135,2,22
21546,215_136,Spinal cord,-215,-136,2,21
21547,215_137,Spinal cord,-215,-137,2,102
21548,215_138,Spinal cord,-215,-138,2,103
21549,215_139,Spinal cord,-215,-139,2,109
21550,215_140,Spinal cord,-215,-140,2,101
21551,215_141,Spinal cord,-215,-141,2,102
21552,215_142,Spinal cord,-215,-142,2,102
21553,215_143,Brain,-215,-143,2,102
21554,215_144,Brain,-215,-144,2,87
21555,215_145,Brain,-215,-145,2,108
21556,215_146,Brain,-215,-146,2,109
21557,215_147,Brain,-215,-147,2,108
21558,215_148,Spinal cord,-215,-148,2,108
21559,215_149,Spinal cord,-215,-149,2,86
21560,215_150,Spinal cord,-215,-150,2,85
21561,215_151,Spinal cord,-215,-151,2,84
21562,215_152,Spinal cord,-215,-152,2,87
21563,215_153,Spinal cord,-215,-153,2,111
21564,215_154,Connective tissue,-215,-154,2,117
21565,215_155,Connective tissue,-215,-155,2,116
21566,215_156,Connective tissue,-215,-156,2,116
21567,215_157,Connective tissue,-215,-157,2,116
21568,215_158,Connective tissue,-215,-158,2,127
21569,215_159,Connective tissue,-215,-159,2,124
21570,215_160,Urogenital ridge,-215,-160,2,5
21571,215_161,Blood vessel,-215,-161,2,7
21572,215_162,Blood vessel,-215,-162,2,7
21573,215_163,Blood vessel,-215,-163,2,7
21574,215_164,Blood vessel,-215,-164,2,7
21575,215_165,Blood vessel,-215,-165,2,7
21576,215_166,Blood vessel,-215,-166,2,4
21577,215_167,Urogenital ridge,-215,-167,2,4
21578,215_168,Connective tissue,-215,-168,2,5
21579,215_169,Connective tissue,-215,-169,2,125
21580,215_170,Connective tissue,-215,-170,2,126
21581,215_171,Connective tissue,-215,-171,2,125
21582,215_172,Connective tissue,-215,-172,2,126
21583,215_173,Connective tissue,-215,-173,2,124
21584,215_174,Connective tissue,-215,-174,2,127
21585,215_175,Connective tissue,-215,-175,2,121
21586,215_176,Cavity,-215,-176,2,18
21587,215_177,Cavity,-215,-177,2,18
21588,215_178,Cavity,-215,-178,2,18
21589,215_179,Cavity,-215,-179,2,18
21590,215_180,Cavity,-215,-180,2,18
21591,215_181,Cavity,-215,-181,2,18
21592,215_182,Cavity,-215,-182,2,18
21593,215_183,Cavity,-215,-183,2,18
21594,215_184,Cavity,-215,-184,2,18
21595,215_185,Cavity,-215,-185,2,18
21596,215_186,Cavity,-215,-186,2,18
21597,215_187,Cavity,-215,-187,2,18
21598,215_188,Cavity,-215,-188,2,18
21599,215_189,Connective tissue,-215,-189,2,17
21600,215_190,Connective tissue,-215,-190,2,17
21601,215_191,Connective tissue,-215,-191,2,17
21602,215_192,Connective tissue,-215,-192,2,17
21603,215_193,Connective tissue,-215,-193,2,17
21604,215_194,Connective tissue,-215,-194,2,17
21605,215_195,Connective tissue,-215,-195,2,19
21606,215_196,Connective tissue,-215,-196,2,18
21607,215_197,Connective tissue,-215,-197,2,17
21608,215_198,Connective tissue,-215,-198,2,17
21609,215_199,Connective tissue,-215,-199,2,17
21610,215_200,Cavity,-215,-200,2,20
21611,215_201,Connective tissue,-215,-201,2,19
21612,215_202,Cavity,-215,-202,2,30
21613,215_203,Cavity,-215,-203,2,31
21614,215_204,Cavity,-215,-204,2,31
21615,215_264,Cavity,-215,-264,2,27
21616,215_265,Cavity,-215,-265,2,31
21617,215_266,Cavity,-215,-266,2,30
21618,215_267,Cavity,-215,-267,2,31
21619,215_268,Cavity,-215,-268,2,31
21620,215_269,Cavity,-215,-269,2,31
21621,215_270,Cavity,-215,-270,2,31
21622,215_271,Cavity,-215,-271,2,97
21623,215_272,Cavity,-215,-272,2,28
21624,215_273,Cavity,-215,-273,2,96
21625,215_274,Brain,-215,-274,2,96
21626,215_275,Brain,-215,-275,2,97
21627,215_276,Brain,-215,-276,2,99
21628,215_277,Brain,-215,-277,2,99
21629,215_278,Brain,-215,-278,2,98
21630,215_279,Brain,-215,-279,2,98
21631,215_280,Brain,-215,-280,2,97
21632,215_281,Brain,-215,-281,2,96
21633,215_282,Brain,-215,-282,2,96
21634,215_283,Brain,-215,-283,2,97
21635,215_284,Brain,-215,-284,2,97
21636,215_285,Brain,-215,-285,2,97
21637,215_286,Brain,-215,-286,2,97
21638,215_287,Brain,-215,-287,2,98
21639,215_288,Brain,-215,-288,2,99
21640,215_289,Brain,-215,-289,2,98
21641,215_290,Brain,-215,-290,2,96
21642,215_291,Brain,-215,-291,2,96
21643,215_292,Brain,-215,-292,2,96
21644,215_293,Brain,-215,-293,2,97
21645,215_294,Brain,-215,-294,2,97
21646,215_295,Brain,-215,-295,2,98
21647,215_296,Brain,-215,-296,2,98
21648,215_297,Brain,-215,-297,2,96
21649,215_298,Brain,-215,-298,2,97
21650,215_299,Brain,-215,-299,2,97
21651,215_300,Brain,-215,-300,2,98
21652,215_301,Brain,-215,-301,2,97
21653,215_302,Brain,-215,-302,2,98
21654,215_303,Brain,-215,-303,2,97
21655,215_304,Brain,-215,-304,2,97
21656,215_305,Brain,-215,-305,2,97
21657,215_306,Brain,-215,-306,2,96
21658,215_307,Brain,-215,-307,2,23
21659,215_308,Surface ectoderm,-215,-308,2,23
21660,215_309,Cavity,-215,-309,2,28
21661,215_310,Cavity,-215,-310,2,28
21662,215_311,Cavity,-215,-311,2,25
21663,216_129,Cavity,-216,-129,2,27
21664,216_130,Cavity,-216,-130,2,31
21665,216_131,Cavity,-216,-131,2,31
21666,216_132,Cavity,-216,-132,2,31
21667,216_133,Cavity,-216,-133,2,30
21668,216_134,Cavity,-216,-134,2,30
21669,216_135,Cavity,-216,-135,2,20
21670,216_136,Spinal cord,-216,-136,2,21
21671,216_137,Surface ectoderm,-216,-137,2,22
21672,216_138,Spinal cord,-216,-138,2,109
21673,216_139,Spinal cord,-216,-139,2,102
21674,216_140,Spinal cord,-216,-140,2,109
21675,216_141,Spinal cord,-216,-141,2,109
21676,216_142,Spinal cord,-216,-142,2,102
21677,216_143,Spinal cord,-216,-143,2,109
21678,216_144,Brain,-216,-144,2,108
21679,216_145,Brain,-216,-145,2,108
21680,216_146,Brain,-216,-146,2,109
21681,216_147,Brain,-216,-147,2,108
21682,216_148,Cavity,-216,-148,2,107
21683,216_149,Brain,-216,-149,2,108
21684,216_150,Spinal cord,-216,-150,2,87
21685,216_151,Spinal cord,-216,-151,2,87
21686,216_152,Spinal cord,-216,-152,2,84
21687,216_153,Spinal cord,-216,-153,2,86
21688,216_154,Spinal cord,-216,-154,2,111
21689,216_155,Connective tissue,-216,-155,2,116
21690,216_156,Connective tissue,-216,-156,2,108
21691,216_157,Connective tissue,-216,-157,2,117
21692,216_158,Connective tissue,-216,-158,2,117
21693,216_159,Connective tissue,-216,-159,2,125
21694,216_160,Cavity,-216,-160,2,117
21695,216_161,Blood vessel,-216,-161,2,7
21696,216_162,Blood vessel,-216,-162,2,7
21697,216_163,Blood vessel,-216,-163,2,7
21698,216_164,Blood vessel,-216,-164,2,7
21699,216_165,Blood vessel,-216,-165,2,7
21700,216_166,Blood vessel,-216,-166,2,6
21701,216_167,Urogenital ridge,-216,-167,2,7
21702,216_168,Urogenital ridge,-216,-168,2,5
21703,216_169,Connective tissue,-216,-169,2,125
21704,216_170,Connective tissue,-216,-170,2,116
21705,216_171,Connective tissue,-216,-171,2,118
21706,216_172,Connective tissue,-216,-172,2,127
21707,216_173,Connective tissue,-216,-173,2,127
21708,216_174,Connective tissue,-216,-174,2,127
21709,216_175,Connective tissue,-216,-175,2,127
21710,216_176,Connective tissue,-216,-176,2,121
21711,216_177,Cavity,-216,-177,2,18
21712,216_178,Cavity,-216,-178,2,18
21713,216_179,Cavity,-216,-179,2,18
21714,216_180,Cavity,-216,-180,2,18
21715,216_181,Cavity,-216,-181,2,18
21716,216_182,Cavity,-216,-182,2,18
21717,216_183,Cavity,-216,-183,2,18
21718,216_184,Cavity,-216,-184,2,18
21719,216_185,Cavity,-216,-185,2,18
21720,216_186,Cavity,-216,-186,2,17
21721,216_187,Cavity,-216,-187,2,18
21722,216_188,Connective tissue,-216,-188,2,18
21723,216_189,Cavity,-216,-189,2,18
21724,216_190,Connective tissue,-216,-190,2,17
21725,216_191,Connective tissue,-216,-191,2,17
21726,216_192,Connective tissue,-216,-192,2,18
21727,216_193,Connective tissue,-216,-193,2,17
21728,216_194,Connective tissue,-216,-194,2,18
21729,216_195,Connective tissue,-216,-195,2,17
21730,216_196,Connective tissue,-216,-196,2,17
21731,216_197,Connective tissue,-216,-197,2,17
21732,216_198,Connective tissue,-216,-198,2,19
21733,216_199,Connective tissue,-216,-199,2,17
21734,216_200,Connective tissue,-216,-200,2,17
21735,216_201,Connective tissue,-216,-201,2,17
21736,216_202,Connective tissue,-216,-202,2,17
21737,216_203,Cavity,-216,-203,2,17
21738,216_204,Cavity,-216,-204,2,26
21739,216_265,Cavity,-216,-265,2,25
21740,216_266,Cavity,-216,-266,2,31
21741,216_267,Cavity,-216,-267,2,31
21742,216_268,Cavity,-216,-268,2,30
21743,216_269,Cavity,-216,-269,2,31
21744,216_270,Cavity,-216,-270,2,30
21745,216_271,Cavity,-216,-271,2,97
21746,216_272,Cavity,-216,-272,2,28
21747,216_273,Brain,-216,-273,2,96
21748,216_274,Brain,-216,-274,2,96
21749,216_275,Brain,-216,-275,2,97
21750,216_276,Brain,-216,-276,2,97
21751,216_277,Brain,-216,-277,2,98
21752,216_278,Brain,-216,-278,2,98
21753,216_279,Brain,-216,-279,2,98
21754,216_280,Brain,-216,-280,2,98
21755,216_281,Brain,-216,-281,2,98
21756,216_282,Brain,-216,-282,2,97
21757,216_283,Brain,-216,-283,2,97
21758,216_284,Brain,-216,-284,2,98
21759,216_285,Brain,-216,-285,2,99
21760,216_286,Brain,-216,-286,2,97
21761,216_287,Brain,-216,-287,2,99
21762,216_288,Brain,-216,-288,2,99
21763,216_289,Brain,-216,-289,2,99
21764,216_290,Brain,-216,-290,2,98
21765,216_291,Brain,-216,-291,2,97
21766,216_292,Brain,-216,-292,2,97
21767,216_293,Brain,-216,-293,2,98
21768,216_294,Brain,-216,-294,2,97
21769,216_295,Brain,-216,-295,2,99
21770,216_296,Brain,-216,-296,2,97
21771,216_297,Brain,-216,-297,2,97
21772,216_298,Brain,-216,-298,2,98
21773,216_299,Brain,-216,-299,2,98
21774,216_300,Brain,-216,-300,2,98
21775,216_301,Brain,-216,-301,2,98
21776,216_302,Brain,-216,-302,2,98
21777,216_303,Brain,-216,-303,2,97
21778,216_304,Brain,-216,-304,2,97
21779,216_305,Brain,-216,-305,2,96
21780,216_306,Brain,-216,-306,2,97
21781,216_307,Surface ectoderm,-216,-307,2,20
21782,216_308,Cavity,-216,-308,2,18
21783,216_309,Cavity,-216,-309,2,17
21784,216_310,Cavity,-216,-310,2,31
21785,216_311,Cavity,-216,-311,2,26
21786,217_130,Cavity,-217,-130,2,25
21787,217_131,Cavity,-217,-131,2,31
21788,217_132,Cavity,-217,-132,2,31
21789,217_133,Cavity,-217,-133,2,31
21790,217_134,Cavity,-217,-134,2,30
21791,217_135,Cavity,-217,-135,2,19
21792,217_136,Spinal cord,-217,-136,2,21
21793,217_137,Spinal cord,-217,-137,2,21
21794,217_138,Surface ectoderm,-217,-138,2,103
21795,217_139,Spinal cord,-217,-139,2,98
21796,217_140,Spinal cord,-217,-140,2,109
21797,217_141,Spinal cord,-217,-141,2,102
21798,217_142,Brain,-217,-142,2,109
21799,217_143,Spinal cord,-217,-143,2,102
21800,217_144,Brain,-217,-144,2,108
21801,217_145,Brain,-217,-145,2,108
21802,217_146,Brain,-217,-146,2,109
21803,217_147,Brain,-217,-147,2,108
21804,217_148,Brain,-217,-148,2,108
21805,217_149,Spinal cord,-217,-149,2,108
21806,217_150,Spinal cord,-217,-150,2,84
21807,217_151,Spinal cord,-217,-151,2,84
21808,217_152,Spinal cord,-217,-152,2,84
21809,217_153,Spinal cord,-217,-153,2,87
21810,217_154,Spinal cord,-217,-154,2,111
21811,217_155,Connective tissue,-217,-155,2,117
21812,217_156,Connective tissue,-217,-156,2,117
21813,217_157,Connective tissue,-217,-157,2,117
21814,217_158,Head mesenchyme,-217,-158,2,117
21815,217_159,Cavity,-217,-159,2,117
21816,217_160,Urogenital ridge,-217,-160,2,5
21817,217_161,Blood vessel,-217,-161,2,5
21818,217_162,Blood vessel,-217,-162,2,7
21819,217_163,Blood vessel,-217,-163,2,7
21820,217_164,Blood vessel,-217,-164,2,7
21821,217_165,Blood vessel,-217,-165,2,7
21822,217_166,Blood vessel,-217,-166,2,6
21823,217_167,Blood vessel,-217,-167,2,7
21824,217_168,Blood vessel,-217,-168,2,7
21825,217_169,Urogenital ridge,-217,-169,2,5
21826,217_170,Urogenital ridge,-217,-170,2,5
21827,217_171,Connective tissue,-217,-171,2,125
21828,217_172,Connective tissue,-217,-172,2,126
21829,217_173,Connective tissue,-217,-173,2,126
21830,217_174,Connective tissue,-217,-174,2,125
21831,217_175,Connective tissue,-217,-175,2,126
21832,217_176,Connective tissue,-217,-176,2,125
21833,217_177,Connective tissue,-217,-177,2,121
21834,217_178,Cavity,-217,-178,2,18
21835,217_179,Cavity,-217,-179,2,18
21836,217_180,Cavity,-217,-180,2,18
21837,217_181,Cavity,-217,-181,2,18
21838,217_182,Cavity,-217,-182,2,19
21839,217_183,Cavity,-217,-183,2,19
21840,217_184,Cavity,-217,-184,2,18
21841,217_185,Connective tissue,-217,-185,2,19
21842,217_186,Cavity,-217,-186,2,18
21843,217_187,Cavity,-217,-187,2,18
21844,217_188,Connective tissue,-217,-188,2,18
21845,217_189,Connective tissue,-217,-189,2,17
21846,217_190,Connective tissue,-217,-190,2,17
21847,217_191,Connective tissue,-217,-191,2,17
21848,217_192,Connective tissue,-217,-192,2,19
21849,217_193,Connective tissue,-217,-193,2,17
21850,217_194,Connective tissue,-217,-194,2,17
21851,217_195,Connective tissue,-217,-195,2,17
21852,217_196,Connective tissue,-217,-196,2,17
21853,217_197,Connective tissue,-217,-197,2,17
21854,217_198,Connective tissue,-217,-198,2,17
21855,217_199,Connective tissue,-217,-199,2,17
21856,217_200,Connective tissue,-217,-200,2,17
21857,217_201,Connective tissue,-217,-201,2,19
21858,217_202,Cavity,-217,-202,2,17
21859,217_203,Cavity,-217,-203,2,31
21860,217_266,Cavity,-217,-266,2,31
21861,217_267,Cavity,-217,-267,2,31
21862,217_268,Cavity,-217,-268,2,31
21863,217_269,Cavity,-217,-269,2,31
21864,217_270,Cavity,-217,-270,2,28
21865,217_271,Cavity,-217,-271,2,28
21866,217_272,Cavity,-217,-272,2,97
21867,217_273,Brain,-217,-273,2,96
21868,217_274,Brain,-217,-274,2,97
21869,217_275,Brain,-217,-275,2,97
21870,217_276,Brain,-217,-276,2,97
21871,217_277,Brain,-217,-277,2,98
21872,217_278,Brain,-217,-278,2,99
21873,217_279,Brain,-217,-279,2,98
21874,217_280,Brain,-217,-280,2,97
21875,217_281,Brain,-217,-281,2,97
21876,217_282,Brain,-217,-282,2,97
21877,217_283,Brain,-217,-283,2,97
21878,217_284,Brain,-217,-284,2,99
21879,217_285,Brain,-217,-285,2,98
21880,217_286,Brain,-217,-286,2,98
21881,217_287,Brain,-217,-287,2,98
21882,217_288,Brain,-217,-288,2,99
21883,217_289,Brain,-217,-289,2,98
21884,217_290,Brain,-217,-290,2,97
21885,217_291,Brain,-217,-291,2,97
21886,217_292,Brain,-217,-292,2,97
21887,217_293,Brain,-217,-293,2,98
21888,217_294,Brain,-217,-294,2,97
21889,217_295,Brain,-217,-295,2,98
21890,217_296,Brain,-217,-296,2,98
21891,217_297,Brain,-217,-297,2,97
21892,217_298,Brain,-217,-298,2,98
21893,217_299,Brain,-217,-299,2,98
21894,217_300,Brain,-217,-300,2,109
21895,217_301,Brain,-217,-301,2,97
21896,217_302,Brain,-217,-302,2,98
21897,217_303,Brain,-217,-303,2,97
21898,217_304,Brain,-217,-304,2,96
21899,217_305,Brain,-217,-305,2,97
21900,217_306,Surface ectoderm,-217,-306,2,21
21901,217_307,Surface ectoderm,-217,-307,2,17
21902,217_308,Cavity,-217,-308,2,28
21903,217_309,Cavity,-217,-309,2,31
21904,217_310,Cavity,-217,-310,2,25
21905,218_131,Cavity,-218,-131,2,25
21906,218_132,Cavity,-218,-132,2,31
21907,218_133,Cavity,-218,-133,2,31
21908,218_134,Cavity,-218,-134,2,31
21909,218_135,Cavity,-218,-135,2,19
21910,218_136,Cavity,-218,-136,2,20
21911,218_137,Spinal cord,-218,-137,2,21
21912,218_138,Spinal cord,-218,-138,2,21
21913,218_139,Surface ectoderm,-218,-139,2,103
21914,218_140,Spinal cord,-218,-140,2,101
21915,218_141,Spinal cord,-218,-141,2,109
21916,218_142,Spinal cord,-218,-142,2,109
21917,218_143,Brain,-218,-143,2,108
21918,218_144,Brain,-218,-144,2,109
21919,218_145,Brain,-218,-145,2,108
21920,218_146,Brain,-218,-146,2,108
21921,218_147,Brain,-218,-147,2,108
21922,218_148,Brain,-218,-148,2,108
21923,218_149,Spinal cord,-218,-149,2,109
21924,218_150,Spinal cord,-218,-150,2,111
21925,218_151,Spinal cord,-218,-151,2,84
21926,218_152,Spinal cord,-218,-152,2,87
21927,218_153,Spinal cord,-218,-153,2,87
21928,218_154,Spinal cord,-218,-154,2,87
21929,218_155,Spinal cord,-218,-155,2,111
21930,218_156,Connective tissue,-218,-156,2,117
21931,218_157,Connective tissue,-218,-157,2,117
21932,218_158,Connective tissue,-218,-158,2,117
21933,218_159,Cavity,-218,-159,2,117
21934,218_160,Urogenital ridge,-218,-160,2,124
21935,218_161,Urogenital ridge,-218,-161,2,5
21936,218_162,Urogenital ridge,-218,-162,2,5
21937,218_163,Blood vessel,-218,-163,2,7
21938,218_164,Blood vessel,-218,-164,2,6
21939,218_165,Blood vessel,-218,-165,2,6
21940,218_166,Blood vessel,-218,-166,2,6
21941,218_167,Blood vessel,-218,-167,2,6
21942,218_168,Blood vessel,-218,-168,2,7
21943,218_169,Blood vessel,-218,-169,2,7
21944,218_170,Blood vessel,-218,-170,2,7
21945,218_171,Blood vessel,-218,-171,2,7
21946,218_172,Urogenital ridge,-218,-172,2,4
21947,218_173,Connective tissue,-218,-173,2,126
21948,218_174,Connective tissue,-218,-174,2,126
21949,218_175,Connective tissue,-218,-175,2,125
21950,218_176,Connective tissue,-218,-176,2,125
21951,218_177,Connective tissue,-218,-177,2,127
21952,218_178,Connective tissue,-218,-178,2,127
21953,218_179,Connective tissue,-218,-179,2,125
21954,218_180,Connective tissue,-218,-180,2,124
21955,218_181,Connective tissue,-218,-181,2,121
21956,218_182,Cavity,-218,-182,2,123
21957,218_183,Cavity,-218,-183,2,18
21958,218_184,Cavity,-218,-184,2,123
21959,218_185,Cavity,-218,-185,2,18
21960,218_186,Cavity,-218,-186,2,18
21961,218_187,Cavity,-218,-187,2,18
21962,218_188,Cavity,-218,-188,2,18
21963,218_189,Cavity,-218,-189,2,18
21964,218_190,Cavity,-218,-190,2,18
21965,218_191,Cavity,-218,-191,2,18
21966,218_192,Cavity,-218,-192,2,18
21967,218_193,Connective tissue,-218,-193,2,18
21968,218_194,Connective tissue,-218,-194,2,17
21969,218_195,Connective tissue,-218,-195,2,16
21970,218_196,Connective tissue,-218,-196,2,17
21971,218_197,Connective tissue,-218,-197,2,17
21972,218_198,Connective tissue,-218,-198,2,18
21973,218_199,Connective tissue,-218,-199,2,17
21974,218_200,Connective tissue,-218,-200,2,19
21975,218_201,Cavity,-218,-201,2,19
21976,218_202,Connective tissue,-218,-202,2,17
21977,218_203,Cavity,-218,-203,2,25
21978,218_266,Cavity,-218,-266,2,31
21979,218_267,Cavity,-218,-267,2,31
21980,218_268,Cavity,-218,-268,2,30
21981,218_269,Cavity,-218,-269,2,31
21982,218_270,Cavity,-218,-270,2,30
21983,218_271,Cavity,-218,-271,2,30
21984,218_272,Cavity,-218,-272,2,28
21985,218_273,Cavity,-218,-273,2,96
21986,218_274,Cavity,-218,-274,2,23
21987,218_275,Cavity,-218,-275,2,30
21988,218_276,Brain,-218,-276,2,97
21989,218_277,Brain,-218,-277,2,99
21990,218_278,Brain,-218,-278,2,97
21991,218_279,Brain,-218,-279,2,98
21992,218_280,Brain,-218,-280,2,97
21993,218_281,Brain,-218,-281,2,99
21994,218_282,Brain,-218,-282,2,97
21995,218_283,Brain,-218,-283,2,97
21996,218_284,Brain,-218,-284,2,97
21997,218_285,Brain,-218,-285,2,97
21998,218_286,Brain,-218,-286,2,98
21999,218_287,Brain,-218,-287,2,98
22000,218_288,Brain,-218,-288,2,99
22001,218_289,Brain,-218,-289,2,99
22002,218_290,Brain,-218,-290,2,97
22003,218_291,Brain,-218,-291,2,97
22004,218_292,Brain,-218,-292,2,98
22005,218_293,Brain,-218,-293,2,98
22006,218_294,Brain,-218,-294,2,97
22007,218_295,Brain,-218,-295,2,98
22008,218_296,Brain,-218,-296,2,98
22009,218_297,Brain,-218,-297,2,97
22010,218_298,Brain,-218,-298,2,98
22011,218_299,Brain,-218,-299,2,99
22012,218_300,Brain,-218,-300,2,97
22013,218_301,Brain,-218,-301,2,98
22014,218_302,Brain,-218,-302,2,96
22015,218_303,Brain,-218,-303,2,97
22016,218_304,Brain,-218,-304,2,97
22017,218_305,Surface ectoderm,-218,-305,2,20
22018,218_306,Surface ectoderm,-218,-306,2,20
22019,218_307,Connective tissue,-218,-307,2,17
22020,218_308,Connective tissue,-218,-308,2,30
22021,218_309,Cavity,-218,-309,2,29
22022,218_310,Cavity,-218,-310,2,26
22023,219_132,Cavity,-219,-132,2,29
22024,219_133,Cavity,-219,-133,2,30
22025,219_134,Cavity,-219,-134,2,31
22026,219_135,Cavity,-219,-135,2,30
22027,219_136,Cavity,-219,-136,2,30
22028,219_137,Spinal cord,-219,-137,2,21
22029,219_138,Spinal cord,-219,-138,2,21
22030,219_139,Surface ectoderm,-219,-139,2,22
22031,219_140,Spinal cord,-219,-140,2,102
22032,219_141,Spinal cord,-219,-141,2,109
22033,219_142,Brain,-219,-142,2,108
22034,219_143,Brain,-219,-143,2,108
22035,219_144,Brain,-219,-144,2,108
22036,219_145,Brain,-219,-145,2,108
22037,219_146,Brain,-219,-146,2,108
22038,219_147,Brain,-219,-147,2,108
22039,219_148,Spinal cord,-219,-148,2,108
22040,219_149,Spinal cord,-219,-149,2,102
22041,219_150,Spinal cord,-219,-150,2,102
22042,219_151,Spinal cord,-219,-151,2,109
22043,219_152,Spinal cord,-219,-152,2,103
22044,219_153,Spinal cord,-219,-153,2,90
22045,219_154,Spinal cord,-219,-154,2,90
22046,219_155,Spinal cord,-219,-155,2,95
22047,219_156,Spinal cord,-219,-156,2,108
22048,219_157,Brain,-219,-157,2,109
22049,219_158,Head mesenchyme,-219,-158,2,97
22050,219_159,Head mesenchyme,-219,-159,2,116
22051,219_160,Connective tissue,-219,-160,2,126
22052,219_161,Connective tissue,-219,-161,2,125
22053,219_162,Urogenital ridge,-219,-162,2,5
22054,219_163,Urogenital ridge,-219,-163,2,4
22055,219_164,Blood vessel,-219,-164,2,6
22056,219_165,Blood vessel,-219,-165,2,6
22057,219_166,Blood vessel,-219,-166,2,6
22058,219_167,Blood vessel,-219,-167,2,6
22059,219_168,Blood vessel,-219,-168,2,6
22060,219_169,Blood vessel,-219,-169,2,7
22061,219_170,Blood vessel,-219,-170,2,6
22062,219_171,Blood vessel,-219,-171,2,6
22063,219_172,Blood vessel,-219,-172,2,7
22064,219_173,Urogenital ridge,-219,-173,2,5
22065,219_174,Connective tissue,-219,-174,2,125
22066,219_175,Connective tissue,-219,-175,2,125
22067,219_176,Connective tissue,-219,-176,2,126
22068,219_177,Connective tissue,-219,-177,2,125
22069,219_178,Connective tissue,-219,-178,2,127
22070,219_179,Connective tissue,-219,-179,2,125
22071,219_180,Connective tissue,-219,-180,2,124
22072,219_181,Connective tissue,-219,-181,2,124
22073,219_182,Connective tissue,-219,-182,2,125
22074,219_183,Connective tissue,-219,-183,2,125
22075,219_184,Connective tissue,-219,-184,2,125
22076,219_185,Connective tissue,-219,-185,2,125
22077,219_186,Connective tissue,-219,-186,2,127
22078,219_187,Cavity,-219,-187,2,18
22079,219_188,Cavity,-219,-188,2,18
22080,219_189,Cavity,-219,-189,2,4
22081,219_190,Connective tissue,-219,-190,2,124
22082,219_191,Connective tissue,-219,-191,2,124
22083,219_192,Cavity,-219,-192,2,18
22084,219_193,Cavity,-219,-193,2,18
22085,219_194,Connective tissue,-219,-194,2,17
22086,219_195,Connective tissue,-219,-195,2,17
22087,219_196,Connective tissue,-219,-196,2,17
22088,219_197,Cavity,-219,-197,2,17
22089,219_198,Connective tissue,-219,-198,2,31
22090,219_199,Cavity,-219,-199,2,18
22091,219_200,Cavity,-219,-200,2,19
22092,219_201,Cavity,-219,-201,2,17
22093,219_202,Cavity,-219,-202,2,30
22094,219_203,Cavity,-219,-203,2,26
22095,219_266,Cavity,-219,-266,2,31
22096,219_267,Cavity,-219,-267,2,31
22097,219_268,Cavity,-219,-268,2,31
22098,219_269,Cavity,-219,-269,2,31
22099,219_270,Cavity,-219,-270,2,30
22100,219_271,Cavity,-219,-271,2,30
22101,219_272,Cavity,-219,-272,2,30
22102,219_273,Cavity,-219,-273,2,28
22103,219_274,Cavity,-219,-274,2,22
22104,219_275,Cavity,-219,-275,2,20
22105,219_276,Brain,-219,-276,2,99
22106,219_277,Brain,-219,-277,2,98
22107,219_278,Brain,-219,-278,2,99
22108,219_279,Brain,-219,-279,2,98
22109,219_280,Brain,-219,-280,2,99
22110,219_281,Brain,-219,-281,2,99
22111,219_282,Brain,-219,-282,2,98
22112,219_283,Brain,-219,-283,2,98
22113,219_284,Brain,-219,-284,2,98
22114,219_285,Brain,-219,-285,2,97
22115,219_286,Brain,-219,-286,2,97
22116,219_287,Brain,-219,-287,2,98
22117,219_288,Brain,-219,-288,2,22
22118,219_289,Urogenital ridge,-219,-289,2,18
22119,219_290,Blood vessel,-219,-290,2,6
22120,219_291,Urogenital ridge,-219,-291,2,4
22121,219_292,Brain,-219,-292,2,98
22122,219_293,Brain,-219,-293,2,99
22123,219_294,Brain,-219,-294,2,99
22124,219_295,Brain,-219,-295,2,98
22125,219_296,Brain,-219,-296,2,98
22126,219_297,Brain,-219,-297,2,97
22127,219_298,Brain,-219,-298,2,98
22128,219_299,Brain,-219,-299,2,99
22129,219_300,Brain,-219,-300,2,97
22130,219_301,Brain,-219,-301,2,97
22131,219_302,Brain,-219,-302,2,97
22132,219_303,Brain,-219,-303,2,97
22133,219_304,Surface ectoderm,-219,-304,2,18
22134,219_305,Surface ectoderm,-219,-305,2,20
22135,219_306,Cavity,-219,-306,2,30
22136,219_307,Cavity,-219,-307,2,29
22137,219_308,Cavity,-219,-308,2,29
22138,219_309,Cavity,-219,-309,2,26
22139,220_132,Cavity,-220,-132,2,27
22140,220_133,Cavity,-220,-133,2,31
22141,220_134,Cavity,-220,-134,2,30
22142,220_135,Cavity,-220,-135,2,31
22143,220_136,Cavity,-220,-136,2,19
22144,220_137,Cavity,-220,-137,2,30
22145,220_138,Spinal cord,-220,-138,2,20
22146,220_139,Spinal cord,-220,-139,2,21
22147,220_140,Spinal cord,-220,-140,2,102
22148,220_141,Spinal cord,-220,-141,2,109
22149,220_142,Brain,-220,-142,2,108
22150,220_143,Brain,-220,-143,2,108
22151,220_144,Brain,-220,-144,2,108
22152,220_145,Brain,-220,-145,2,108
22153,220_146,Brain,-220,-146,2,108
22154,220_147,Brain,-220,-147,2,109
22155,220_148,Spinal cord,-220,-148,2,102
22156,220_149,Spinal cord,-220,-149,2,101
22157,220_150,Spinal cord,-220,-150,2,101
22158,220_151,Spinal cord,-220,-151,2,101
22159,220_152,Spinal cord,-220,-152,2,101
22160,220_153,Spinal cord,-220,-153,2,21
22161,220_154,Spinal cord,-220,-154,2,100
22162,220_155,Spinal cord,-220,-155,2,98
22163,220_156,Spinal cord,-220,-156,2,97
22164,220_157,Brain,-220,-157,2,98
22165,220_158,Brain,-220,-158,2,118
22166,220_159,Connective tissue,-220,-159,2,118
22167,220_160,Connective tissue,-220,-160,2,118
22168,220_161,Connective tissue,-220,-161,2,116
22169,220_162,Urogenital ridge,-220,-162,2,5
22170,220_163,Urogenital ridge,-220,-163,2,18
22171,220_164,Connective tissue,-220,-164,2,17
22172,220_165,Blood vessel,-220,-165,2,6
22173,220_166,Blood vessel,-220,-166,2,6
22174,220_167,Blood vessel,-220,-167,2,6
22175,220_168,Blood vessel,-220,-168,2,6
22176,220_169,Blood vessel,-220,-169,2,6
22177,220_170,Blood vessel,-220,-170,2,6
22178,220_171,Blood vessel,-220,-171,2,6
22179,220_172,Blood vessel,-220,-172,2,6
22180,220_173,Blood vessel,-220,-173,2,6
22181,220_174,Urogenital ridge,-220,-174,2,5
22182,220_175,Urogenital ridge,-220,-175,2,5
22183,220_176,Connective tissue,-220,-176,2,125
22184,220_177,Connective tissue,-220,-177,2,126
22185,220_178,Connective tissue,-220,-178,2,125
22186,220_179,Connective tissue,-220,-179,2,126
22187,220_180,Connective tissue,-220,-180,2,125
22188,220_181,Connective tissue,-220,-181,2,125
22189,220_182,Connective tissue,-220,-182,2,125
22190,220_183,Connective tissue,-220,-183,2,124
22191,220_184,Connective tissue,-220,-184,2,125
22192,220_185,Connective tissue,-220,-185,2,125
22193,220_186,Connective tissue,-220,-186,2,125
22194,220_187,Connective tissue,-220,-187,2,125
22195,220_188,Connective tissue,-220,-188,2,124
22196,220_189,Connective tissue,-220,-189,2,125
22197,220_190,Connective tissue,-220,-190,2,125
22198,220_191,Connective tissue,-220,-191,2,125
22199,220_192,Connective tissue,-220,-192,2,125
22200,220_193,Connective tissue,-220,-193,2,124
22201,220_194,Urogenital ridge,-220,-194,2,4
22202,220_195,Blood vessel,-220,-195,2,5
22203,220_196,Urogenital ridge,-220,-196,2,5
22204,220_197,Connective tissue,-220,-197,2,28
22205,220_198,Cavity,-220,-198,2,31
22206,220_199,Cavity,-220,-199,2,19
22207,220_200,Cavity,-220,-200,2,20
22208,220_201,Cavity,-220,-201,2,30
22209,220_202,Cavity,-220,-202,2,31
22210,220_265,Cavity,-220,-265,2,26
22211,220_266,Cavity,-220,-266,2,31
22212,220_267,Cavity,-220,-267,2,31
22213,220_268,Cavity,-220,-268,2,31
22214,220_269,Cavity,-220,-269,2,31
22215,220_270,Cavity,-220,-270,2,30
22216,220_271,Cavity,-220,-271,2,30
22217,220_272,Cavity,-220,-272,2,30
22218,220_273,Cavity,-220,-273,2,30
22219,220_274,Cavity,-220,-274,2,17
22220,220_275,Cavity,-220,-275,2,20
22221,220_276,Brain,-220,-276,2,21
22222,220_277,Brain,-220,-277,2,99
22223,220_278,Brain,-220,-278,2,98
22224,220_279,Brain,-220,-279,2,98
22225,220_280,Brain,-220,-280,2,99
22226,220_281,Brain,-220,-281,2,98
22227,220_282,Brain,-220,-282,2,97
22228,220_283,Brain,-220,-283,2,98
22229,220_284,Brain,-220,-284,2,97
22230,220_285,Brain,-220,-285,2,98
22231,220_286,Brain,-220,-286,2,109
22232,220_287,Brain,-220,-287,2,97
22233,220_288,Brain,-220,-288,2,99
22234,220_289,Urogenital ridge,-220,-289,2,4
22235,220_290,Urogenital ridge,-220,-290,2,4
22236,220_291,Urogenital ridge,-220,-291,2,4
22237,220_292,Brain,-220,-292,2,99
22238,220_293,Brain,-220,-293,2,98
22239,220_294,Brain,-220,-294,2,98
22240,220_295,Brain,-220,-295,2,98
22241,220_296,Brain,-220,-296,2,98
22242,220_297,Brain,-220,-297,2,97
22243,220_298,Brain,-220,-298,2,97
22244,220_299,Brain,-220,-299,2,96
22245,220_300,Brain,-220,-300,2,96
22246,220_301,Brain,-220,-301,2,97
22247,220_302,Brain,-220,-302,2,23
22248,220_303,Surface ectoderm,-220,-303,2,23
22249,220_304,Surface ectoderm,-220,-304,2,23
22250,220_305,Surface ectoderm,-220,-305,2,23
22251,220_306,Connective tissue,-220,-306,2,30
22252,220_307,Cavity,-220,-307,2,31
22253,220_308,Cavity,-220,-308,2,29
22254,220_309,Cavity,-220,-309,2,26
22255,221_133,Cavity,-221,-133,2,27
22256,221_134,Cavity,-221,-134,2,31
22257,221_135,Cavity,-221,-135,2,31
22258,221_136,Cavity,-221,-136,2,31
22259,221_137,Cavity,-221,-137,2,19
22260,221_138,Cavity,-221,-138,2,19
22261,221_139,Spinal cord,-221,-139,2,19
22262,221_140,Spinal cord,-221,-140,2,21
22263,221_141,Spinal cord,-221,-141,2,102
22264,221_142,Spinal cord,-221,-142,2,109
22265,221_143,Brain,-221,-143,2,108
22266,221_144,Brain,-221,-144,2,108
22267,221_145,Spinal cord,-221,-145,2,102
22268,221_146,Spinal cord,-221,-146,2,101
22269,221_147,Spinal cord,-221,-147,2,98
22270,221_148,Spinal cord,-221,-148,2,101
22271,221_149,Spinal cord,-221,-149,2,99
22272,221_150,Spinal cord,-221,-150,2,101
22273,221_151,Spinal cord,-221,-151,2,99
22274,221_152,Spinal cord,-221,-152,2,100
22275,221_153,Spinal cord,-221,-153,2,100
22276,221_154,Spinal cord,-221,-154,2,88
22277,221_155,Spinal cord,-221,-155,2,22
22278,221_156,Spinal cord,-221,-156,2,100
22279,221_157,Brain,-221,-157,2,98
22280,221_158,Connective tissue,-221,-158,2,98
22281,221_159,Connective tissue,-221,-159,2,118
22282,221_160,Connective tissue,-221,-160,2,113
22283,221_161,Connective tissue,-221,-161,2,116
22284,221_162,Connective tissue,-221,-162,2,118
22285,221_163,Urogenital ridge,-221,-163,2,4
22286,221_164,Urogenital ridge,-221,-164,2,4
22287,221_165,Urogenital ridge,-221,-165,2,4
22288,221_166,Urogenital ridge,-221,-166,2,6
22289,221_167,Blood vessel,-221,-167,2,6
22290,221_168,Blood vessel,-221,-168,2,17
22291,221_169,Blood vessel,-221,-169,2,6
22292,221_170,Blood vessel,-221,-170,2,6
22293,221_171,Blood vessel,-221,-171,2,6
22294,221_172,Blood vessel,-221,-172,2,6
22295,221_173,Blood vessel,-221,-173,2,6
22296,221_174,Blood vessel,-221,-174,2,7
22297,221_175,Blood vessel,-221,-175,2,6
22298,221_176,Blood vessel,-221,-176,2,7
22299,221_177,Urogenital ridge,-221,-177,2,5
22300,221_178,Urogenital ridge,-221,-178,2,5
22301,221_179,Connective tissue,-221,-179,2,5
22302,221_180,Connective tissue,-221,-180,2,5
22303,221_181,Connective tissue,-221,-181,2,126
22304,221_182,Connective tissue,-221,-182,2,118
22305,221_183,Connective tissue,-221,-183,2,125
22306,221_184,Connective tissue,-221,-184,2,125
22307,221_185,Connective tissue,-221,-185,2,125
22308,221_186,Connective tissue,-221,-186,2,126
22309,221_187,Connective tissue,-221,-187,2,125
22310,221_188,Connective tissue,-221,-188,2,124
22311,221_189,Connective tissue,-221,-189,2,125
22312,221_190,Connective tissue,-221,-190,2,125
22313,221_191,Connective tissue,-221,-191,2,125
22314,221_192,Connective tissue,-221,-192,2,125
22315,221_193,Connective tissue,-221,-193,2,117
22316,221_194,Head mesenchyme,-221,-194,2,116
22317,221_195,Urogenital ridge,-221,-195,2,5
22318,221_196,Connective tissue,-221,-196,2,4
22319,221_197,Connective tissue,-221,-197,2,17
22320,221_198,Connective tissue,-221,-198,2,28
22321,221_199,Cavity,-221,-199,2,30
22322,221_200,Cavity,-221,-200,2,17
22323,221_201,Cavity,-221,-201,2,30
22324,221_202,Cavity,-221,-202,2,27
22325,221_265,Cavity,-221,-265,2,25
22326,221_266,Cavity,-221,-266,2,30
22327,221_267,Cavity,-221,-267,2,31
22328,221_268,Cavity,-221,-268,2,31
22329,221_269,Cavity,-221,-269,2,31
22330,221_270,Cavity,-221,-270,2,30
22331,221_271,Cavity,-221,-271,2,30
22332,221_272,Cavity,-221,-272,2,30
22333,221_273,Cavity,-221,-273,2,20
22334,221_274,Cavity,-221,-274,2,30
22335,221_275,Cavity,-221,-275,2,20
22336,221_276,Brain,-221,-276,2,99
22337,221_277,Brain,-221,-277,2,99
22338,221_278,Brain,-221,-278,2,98
22339,221_279,Brain,-221,-279,2,98
22340,221_280,Brain,-221,-280,2,97
22341,221_281,Brain,-221,-281,2,108
22342,221_282,Brain,-221,-282,2,96
22343,221_283,Brain,-221,-283,2,98
22344,221_284,Brain,-221,-284,2,108
22345,221_285,Brain,-221,-285,2,96
22346,221_286,Brain,-221,-286,2,96
22347,221_287,Brain,-221,-287,2,97
22348,221_288,Urogenital ridge,-221,-288,2,4
22349,221_289,Head mesenchyme,-221,-289,2,127
22350,221_290,Head mesenchyme,-221,-290,2,118
22351,221_291,Urogenital ridge,-221,-291,2,4
22352,221_292,Brain,-221,-292,2,97
22353,221_293,Brain,-221,-293,2,97
22354,221_294,Brain,-221,-294,2,97
22355,221_295,Brain,-221,-295,2,98
22356,221_296,Brain,-221,-296,2,96
22357,221_297,Brain,-221,-297,2,97
22358,221_298,Brain,-221,-298,2,97
22359,221_299,Brain,-221,-299,2,97
22360,221_300,Brain,-221,-300,2,98
22361,221_301,Surface ectoderm,-221,-301,2,22
22362,221_302,Surface ectoderm,-221,-302,2,20
22363,221_303,Surface ectoderm,-221,-303,2,19
22364,221_304,Connective tissue,-221,-304,2,17
22365,221_305,Connective tissue,-221,-305,2,17
22366,221_306,Cavity,-221,-306,2,30
22367,221_307,Cavity,-221,-307,2,29
22368,221_308,Cavity,-221,-308,2,26
22369,222_134,Cavity,-222,-134,2,26
22370,222_135,Cavity,-222,-135,2,31
22371,222_136,Cavity,-222,-136,2,31
22372,222_137,Cavity,-222,-137,2,30
22373,222_138,Cavity,-222,-138,2,20
22374,222_139,Surface ectoderm,-222,-139,2,20
22375,222_140,Spinal cord,-222,-140,2,21
22376,222_141,Spinal cord,-222,-141,2,21
22377,222_142,Spinal cord,-222,-142,2,101
22378,222_143,Spinal cord,-222,-143,2,109
22379,222_144,Spinal cord,-222,-144,2,109
22380,222_145,Spinal cord,-222,-145,2,101
22381,222_146,Spinal cord,-222,-146,2,21
22382,222_147,Spinal cord,-222,-147,2,101
22383,222_148,Spinal cord,-222,-148,2,99
22384,222_149,Spinal cord,-222,-149,2,101
22385,222_150,Spinal cord,-222,-150,2,100
22386,222_151,Spinal cord,-222,-151,2,103
22387,222_152,Spinal cord,-222,-152,2,102
22388,222_153,Spinal cord,-222,-153,2,101
22389,222_154,Spinal cord,-222,-154,2,100
22390,222_155,Spinal cord,-222,-155,2,98
22391,222_156,Spinal cord,-222,-156,2,21
22392,222_157,Spinal cord,-222,-157,2,101
22393,222_158,Spinal cord,-222,-158,2,97
22394,222_159,Spinal cord,-222,-159,2,98
22395,222_160,Connective tissue,-222,-160,2,118
22396,222_161,Connective tissue,-222,-161,2,118
22397,222_162,Connective tissue,-222,-162,2,118
22398,222_163,Urogenital ridge,-222,-163,2,23
22399,222_164,Urogenital ridge,-222,-164,2,4
22400,222_165,Urogenital ridge,-222,-165,2,16
22401,222_166,Urogenital ridge,-222,-166,2,4
22402,222_167,Urogenital ridge,-222,-167,2,6
22403,222_168,Urogenital ridge,-222,-168,2,4
22404,222_169,Urogenital ridge,-222,-169,2,6
22405,222_170,Blood vessel,-222,-170,2,7
22406,222_171,Blood vessel,-222,-171,2,6
22407,222_172,Blood vessel,-222,-172,2,6
22408,222_173,Blood vessel,-222,-173,2,6
22409,222_174,Blood vessel,-222,-174,2,6
22410,222_175,Blood vessel,-222,-175,2,7
22411,222_176,Blood vessel,-222,-176,2,6
22412,222_177,Blood vessel,-222,-177,2,6
22413,222_178,Blood vessel,-222,-178,2,7
22414,222_179,Blood vessel,-222,-179,2,7
22415,222_180,Blood vessel,-222,-180,2,7
22416,222_181,Blood vessel,-222,-181,2,7
22417,222_182,Urogenital ridge,-222,-182,2,4
22418,222_183,Connective tissue,-222,-183,2,120
22419,222_184,Connective tissue,-222,-184,2,5
22420,222_185,Connective tissue,-222,-185,2,125
22421,222_186,Connective tissue,-222,-186,2,126
22422,222_187,Connective tissue,-222,-187,2,125
22423,222_188,Connective tissue,-222,-188,2,125
22424,222_189,Urogenital ridge,-222,-189,2,117
22425,222_190,Connective tissue,-222,-190,2,117
22426,222_191,Connective tissue,-222,-191,2,117
22427,222_192,Urogenital ridge,-222,-192,2,124
22428,222_193,Urogenital ridge,-222,-193,2,5
22429,222_194,Urogenital ridge,-222,-194,2,5
22430,222_195,Connective tissue,-222,-195,2,5
22431,222_196,Connective tissue,-222,-196,2,23
22432,222_197,Connective tissue,-222,-197,2,17
22433,222_198,Connective tissue,-222,-198,2,19
22434,222_199,Connective tissue,-222,-199,2,18
22435,222_200,Connective tissue,-222,-200,2,18
22436,222_201,Cavity,-222,-201,2,25
22437,222_265,Cavity,-222,-265,2,29
22438,222_266,Cavity,-222,-266,2,30
22439,222_267,Cavity,-222,-267,2,31
22440,222_268,Cavity,-222,-268,2,31
22441,222_269,Cavity,-222,-269,2,20
22442,222_270,Cavity,-222,-270,2,30
22443,222_271,Cavity,-222,-271,2,20
22444,222_272,Cavity,-222,-272,2,21
22445,222_273,Brain,-222,-273,2,98
22446,222_274,Brain,-222,-274,2,99
22447,222_275,Brain,-222,-275,2,98
22448,222_276,Brain,-222,-276,2,127
22449,222_277,Brain,-222,-277,2,97
22450,222_278,Brain,-222,-278,2,97
22451,222_279,Brain,-222,-279,2,98
22452,222_280,Brain,-222,-280,2,96
22453,222_281,Brain,-222,-281,2,96
22454,222_282,Brain,-222,-282,2,97
22455,222_283,Brain,-222,-283,2,98
22456,222_284,Brain,-222,-284,2,96
22457,222_285,Brain,-222,-285,2,116
22458,222_286,Head mesenchyme,-222,-286,2,118
22459,222_287,Head mesenchyme,-222,-287,2,118
22460,222_288,Head mesenchyme,-222,-288,2,118
22461,222_289,Head mesenchyme,-222,-289,2,118
22462,222_290,Head mesenchyme,-222,-290,2,118
22463,222_291,Urogenital ridge,-222,-291,2,4
22464,222_292,Brain,-222,-292,2,116
22465,222_293,Brain,-222,-293,2,97
22466,222_294,Brain,-222,-294,2,97
22467,222_295,Brain,-222,-295,2,97
22468,222_296,Brain,-222,-296,2,97
22469,222_297,Brain,-222,-297,2,98
22470,222_298,Brain,-222,-298,2,98
22471,222_299,Surface ectoderm,-222,-299,2,22
22472,222_300,Surface ectoderm,-222,-300,2,20
22473,222_301,Surface ectoderm,-222,-301,2,18
22474,222_302,Surface ectoderm,-222,-302,2,23
22475,222_303,Connective tissue,-222,-303,2,17
22476,222_304,Connective tissue,-222,-304,2,31
22477,222_305,Cavity,-222,-305,2,30
22478,222_306,Cavity,-222,-306,2,31
22479,222_307,Cavity,-222,-307,2,26
22480,223_135,Cavity,-223,-135,2,25
22481,223_136,Cavity,-223,-136,2,31
22482,223_137,Cavity,-223,-137,2,31
22483,223_138,Cavity,-223,-138,2,19
22484,223_139,Surface ectoderm,-223,-139,2,20
22485,223_140,Spinal cord,-223,-140,2,21
22486,223_141,Spinal cord,-223,-141,2,21
22487,223_142,Spinal cord,-223,-142,2,21
22488,223_143,Spinal cord,-223,-143,2,101
22489,223_144,Spinal cord,-223,-144,2,101
22490,223_145,Spinal cord,-223,-145,2,101
22491,223_146,Spinal cord,-223,-146,2,101
22492,223_147,Spinal cord,-223,-147,2,98
22493,223_148,Spinal cord,-223,-148,2,102
22494,223_149,Spinal cord,-223,-149,2,100
22495,223_150,Spinal cord,-223,-150,2,100
22496,223_151,Spinal cord,-223,-151,2,103
22497,223_152,Spinal cord,-223,-152,2,103
22498,223_153,Spinal cord,-223,-153,2,103
22499,223_154,Spinal cord,-223,-154,2,21
22500,223_155,Spinal cord,-223,-155,2,21
22501,223_156,Spinal cord,-223,-156,2,21
22502,223_157,Spinal cord,-223,-157,2,101
22503,223_158,Spinal cord,-223,-158,2,101
22504,223_159,Spinal cord,-223,-159,2,101
22505,223_160,Spinal cord,-223,-160,2,98
22506,223_161,Spinal cord,-223,-161,2,98
22507,223_162,Connective tissue,-223,-162,2,97
22508,223_163,Connective tissue,-223,-163,2,5
22509,223_164,Connective tissue,-223,-164,2,5
22510,223_165,Urogenital ridge,-223,-165,2,4
22511,223_166,Urogenital ridge,-223,-166,2,4
22512,223_167,Urogenital ridge,-223,-167,2,4
22513,223_168,Urogenital ridge,-223,-168,2,4
22514,223_169,Urogenital ridge,-223,-169,2,4
22515,223_170,Urogenital ridge,-223,-170,2,4
22516,223_171,Blood vessel,-223,-171,2,7
22517,223_172,Blood vessel,-223,-172,2,7
22518,223_173,Blood vessel,-223,-173,2,6
22519,223_174,Blood vessel,-223,-174,2,6
22520,223_175,Blood vessel,-223,-175,2,6
22521,223_176,Blood vessel,-223,-176,2,6
22522,223_177,Blood vessel,-223,-177,2,6
22523,223_178,Blood vessel,-223,-178,2,7
22524,223_179,Blood vessel,-223,-179,2,6
22525,223_180,Blood vessel,-223,-180,2,7
22526,223_181,Blood vessel,-223,-181,2,7
22527,223_182,Blood vessel,-223,-182,2,7
22528,223_183,Urogenital ridge,-223,-183,2,7
22529,223_184,Urogenital ridge,-223,-184,2,5
22530,223_185,Urogenital ridge,-223,-185,2,5
22531,223_186,Blood vessel,-223,-186,2,7
22532,223_187,Blood vessel,-223,-187,2,7
22533,223_188,Blood vessel,-223,-188,2,7
22534,223_189,Blood vessel,-223,-189,2,5
22535,223_190,Urogenital ridge,-223,-190,2,5
22536,223_191,Urogenital ridge,-223,-191,2,5
22537,223_192,Connective tissue,-223,-192,2,28
22538,223_193,Urogenital ridge,-223,-193,2,125
22539,223_194,Urogenital ridge,-223,-194,2,5
22540,223_195,Urogenital ridge,-223,-195,2,116
22541,223_196,Connective tissue,-223,-196,2,117
22542,223_197,Connective tissue,-223,-197,2,18
22543,223_198,Connective tissue,-223,-198,2,19
22544,223_199,Connective tissue,-223,-199,2,18
22545,223_200,Connective tissue,-223,-200,2,18
22546,223_201,Cavity,-223,-201,2,26
22547,223_265,Cavity,-223,-265,2,31
22548,223_266,Cavity,-223,-266,2,31
22549,223_267,Cavity,-223,-267,2,30
22550,223_268,Cavity,-223,-268,2,30
22551,223_269,Cavity,-223,-269,2,30
22552,223_270,Cavity,-223,-270,2,20
22553,223_271,Cavity,-223,-271,2,30
22554,223_272,Brain,-223,-272,2,22
22555,223_273,Brain,-223,-273,2,97
22556,223_274,Brain,-223,-274,2,96
22557,223_275,Brain,-223,-275,2,97
22558,223_276,Brain,-223,-276,2,98
22559,223_277,Brain,-223,-277,2,96
22560,223_278,Brain,-223,-278,2,97
22561,223_279,Brain,-223,-279,2,97
22562,223_280,Brain,-223,-280,2,96
22563,223_281,Brain,-223,-281,2,98
22564,223_282,Brain,-223,-282,2,118
22565,223_283,Brain,-223,-283,2,98
22566,223_284,Surface ectoderm,-223,-284,2,22
22567,223_285,Head mesenchyme,-223,-285,2,118
22568,223_286,Surface ectoderm,-223,-286,2,20
22569,223_287,Surface ectoderm,-223,-287,2,23
22570,223_288,Surface ectoderm,-223,-288,2,22
22571,223_289,Surface ectoderm,-223,-289,2,22
22572,223_290,Surface ectoderm,-223,-290,2,23
22573,223_291,Surface ectoderm,-223,-291,2,4
22574,223_292,Brain,-223,-292,2,118
22575,223_293,Brain,-223,-293,2,97
22576,223_294,Brain,-223,-294,2,98
22577,223_295,Brain,-223,-295,2,127
22578,223_296,Brain,-223,-296,2,122
22579,223_297,Surface ectoderm,-223,-297,2,23
22580,223_298,Surface ectoderm,-223,-298,2,18
22581,223_299,Surface ectoderm,-223,-299,2,18
22582,223_300,Surface ectoderm,-223,-300,2,18
22583,223_301,Surface ectoderm,-223,-301,2,18
22584,223_302,Connective tissue,-223,-302,2,28
22585,223_303,Cavity,-223,-303,2,28
22586,223_304,Cavity,-223,-304,2,29
22587,223_305,Cavity,-223,-305,2,31
22588,223_306,Cavity,-223,-306,2,26
22589,224_136,Cavity,-224,-136,2,31
22590,224_137,Cavity,-224,-137,2,31
22591,224_138,Cavity,-224,-138,2,30
22592,224_139,Cavity,-224,-139,2,20
22593,224_140,Spinal cord,-224,-140,2,21
22594,224_141,Spinal cord,-224,-141,2,21
22595,224_142,Spinal cord,-224,-142,2,21
22596,224_143,Spinal cord,-224,-143,2,101
22597,224_144,Spinal cord,-224,-144,2,101
22598,224_145,Spinal cord,-224,-145,2,101
22599,224_146,Spinal cord,-224,-146,2,101
22600,224_147,Spinal cord,-224,-147,2,98
22601,224_148,Spinal cord,-224,-148,2,102
22602,224_149,Spinal cord,-224,-149,2,101
22603,224_150,Spinal cord,-224,-150,2,100
22604,224_151,Spinal cord,-224,-151,2,101
22605,224_152,Spinal cord,-224,-152,2,103
22606,224_153,Spinal cord,-224,-153,2,101
22607,224_154,Spinal cord,-224,-154,2,101
22608,224_155,Spinal cord,-224,-155,2,101
22609,224_156,Spinal cord,-224,-156,2,100
22610,224_157,Spinal cord,-224,-157,2,21
22611,224_158,Spinal cord,-224,-158,2,101
22612,224_159,Spinal cord,-224,-159,2,100
22613,224_160,Spinal cord,-224,-160,2,101
22614,224_161,Spinal cord,-224,-161,2,102
22615,224_162,Spinal cord,-224,-162,2,101
22616,224_163,Spinal cord,-224,-163,2,98
22617,224_164,Connective tissue,-224,-164,2,126
22618,224_165,Connective tissue,-224,-165,2,120
22619,224_166,Connective tissue,-224,-166,2,23
22620,224_167,Connective tissue,-224,-167,2,118
22621,224_168,Urogenital ridge,-224,-168,2,4
22622,224_169,Urogenital ridge,-224,-169,2,4
22623,224_170,Urogenital ridge,-224,-170,2,4
22624,224_171,Urogenital ridge,-224,-171,2,5
22625,224_172,Urogenital ridge,-224,-172,2,5
22626,224_173,Urogenital ridge,-224,-173,2,4
22627,224_174,Urogenital ridge,-224,-174,2,5
22628,224_175,Urogenital ridge,-224,-175,2,4
22629,224_176,Blood vessel,-224,-176,2,6
22630,224_177,Blood vessel,-224,-177,2,6
22631,224_178,Blood vessel,-224,-178,2,7
22632,224_179,Blood vessel,-224,-179,2,7
22633,224_180,Blood vessel,-224,-180,2,7
22634,224_181,Blood vessel,-224,-181,2,7
22635,224_182,Blood vessel,-224,-182,2,7
22636,224_183,Urogenital ridge,-224,-183,2,5
22637,224_184,Blood vessel,-224,-184,2,7
22638,224_185,Blood vessel,-224,-185,2,7
22639,224_186,Blood vessel,-224,-186,2,7
22640,224_187,Blood vessel,-224,-187,2,7
22641,224_188,Blood vessel,-224,-188,2,7
22642,224_189,Blood vessel,-224,-189,2,5
22643,224_190,Urogenital ridge,-224,-190,2,5
22644,224_191,Urogenital ridge,-224,-191,2,5
22645,224_192,Urogenital ridge,-224,-192,2,117
22646,224_193,Urogenital ridge,-224,-193,2,116
22647,224_194,Urogenital ridge,-224,-194,2,116
22648,224_195,Connective tissue,-224,-195,2,125
22649,224_196,Head mesenchyme,-224,-196,2,118
22650,224_197,Cavity,-224,-197,2,17
22651,224_198,Cavity,-224,-198,2,18
22652,224_199,Cavity,-224,-199,2,20
22653,224_200,Cavity,-224,-200,2,20
22654,224_201,Cavity,-224,-201,2,30
22655,224_202,Cavity,-224,-202,2,27
22656,224_265,Cavity,-224,-265,2,26
22657,224_266,Cavity,-224,-266,2,31
22658,224_267,Cavity,-224,-267,2,31
22659,224_268,Cavity,-224,-268,2,30
22660,224_269,Cavity,-224,-269,2,30
22661,224_270,Cavity,-224,-270,2,20
22662,224_271,Spinal cord,-224,-271,2,21
22663,224_272,Spinal cord,-224,-272,2,21
22664,224_273,Brain,-224,-273,2,96
22665,224_274,Brain,-224,-274,2,108
22666,224_275,Brain,-224,-275,2,124
22667,224_276,Brain,-224,-276,2,108
22668,224_277,Brain,-224,-277,2,118
22669,224_278,Brain,-224,-278,2,96
22670,224_279,Brain,-224,-279,2,96
22671,224_280,Brain,-224,-280,2,97
22672,224_281,Cavity,-224,-281,2,98
22673,224_282,Surface ectoderm,-224,-282,2,21
22674,224_283,Surface ectoderm,-224,-283,2,22
22675,224_284,Surface ectoderm,-224,-284,2,20
22676,224_285,Surface ectoderm,-224,-285,2,20
22677,224_286,Cavity,-224,-286,2,19
22678,224_287,Cavity,-224,-287,2,20
22679,224_288,Surface ectoderm,-224,-288,2,20
22680,224_289,Surface ectoderm,-224,-289,2,23
22681,224_290,Surface ectoderm,-224,-290,2,23
22682,224_291,Surface ectoderm,-224,-291,2,23
22683,224_292,Surface ectoderm,-224,-292,2,20
22684,224_293,Surface ectoderm,-224,-293,2,23
22685,224_294,Surface ectoderm,-224,-294,2,20
22686,224_295,Surface ectoderm,-224,-295,2,20
22687,224_296,Surface ectoderm,-224,-296,2,22
22688,224_297,Surface ectoderm,-224,-297,2,19
22689,224_298,Surface ectoderm,-224,-298,2,23
22690,224_299,Connective tissue,-224,-299,2,17
22691,224_300,Connective tissue,-224,-300,2,19
22692,224_301,Cavity,-224,-301,2,30
22693,224_302,Cavity,-224,-302,2,31
22694,224_303,Cavity,-224,-303,2,24
22695,224_304,Cavity,-224,-304,2,29
22696,224_305,Cavity,-224,-305,2,25
22697,224_306,Cavity,-224,-306,2,27
22698,225_136,Cavity,-225,-136,2,26
22699,225_137,Cavity,-225,-137,2,31
22700,225_138,Cavity,-225,-138,2,30
22701,225_139,Cavity,-225,-139,2,31
22702,225_140,Spinal cord,-225,-140,2,21
22703,225_141,Spinal cord,-225,-141,2,21
22704,225_142,Spinal cord,-225,-142,2,21
22705,225_143,Spinal cord,-225,-143,2,21
22706,225_144,Spinal cord,-225,-144,2,101
22707,225_145,Spinal cord,-225,-145,2,21
22708,225_146,Spinal cord,-225,-146,2,101
22709,225_147,Spinal cord,-225,-147,2,102
22710,225_148,Spinal cord,-225,-148,2,101
22711,225_149,Spinal cord,-225,-149,2,98
22712,225_150,Spinal cord,-225,-150,2,101
22713,225_151,Spinal cord,-225,-151,2,101
22714,225_152,Spinal cord,-225,-152,2,101
22715,225_153,Spinal cord,-225,-153,2,101
22716,225_154,Spinal cord,-225,-154,2,101
22717,225_155,Spinal cord,-225,-155,2,99
22718,225_156,Spinal cord,-225,-156,2,101
22719,225_157,Spinal cord,-225,-157,2,101
22720,225_158,Spinal cord,-225,-158,2,101
22721,225_159,Spinal cord,-225,-159,2,99
22722,225_160,Spinal cord,-225,-160,2,101
22723,225_161,Spinal cord,-225,-161,2,101
22724,225_162,Spinal cord,-225,-162,2,101
22725,225_163,Spinal cord,-225,-163,2,101
22726,225_164,Spinal cord,-225,-164,2,97
22727,225_165,Connective tissue,-225,-165,2,97
22728,225_166,Connective tissue,-225,-166,2,127
22729,225_167,Connective tissue,-225,-167,2,127
22730,225_168,Connective tissue,-225,-168,2,127
22731,225_169,Connective tissue,-225,-169,2,5
22732,225_170,Connective tissue,-225,-170,2,126
22733,225_171,Connective tissue,-225,-171,2,118
22734,225_172,Connective tissue,-225,-172,2,116
22735,225_173,Connective tissue,-225,-173,2,125
22736,225_174,Connective tissue,-225,-174,2,116
22737,225_175,Connective tissue,-225,-175,2,127
22738,225_176,Connective tissue,-225,-176,2,126
22739,225_177,Urogenital ridge,-225,-177,2,5
22740,225_178,Urogenital ridge,-225,-178,2,5
22741,225_179,Urogenital ridge,-225,-179,2,5
22742,225_180,Urogenital ridge,-225,-180,2,4
22743,225_181,Urogenital ridge,-225,-181,2,5
22744,225_182,Urogenital ridge,-225,-182,2,5
22745,225_183,Connective tissue,-225,-183,2,125
22746,225_184,Urogenital ridge,-225,-184,2,5
22747,225_185,Urogenital ridge,-225,-185,2,5
22748,225_186,Blood vessel,-225,-186,2,7
22749,225_187,Blood vessel,-225,-187,2,7
22750,225_188,Blood vessel,-225,-188,2,7
22751,225_189,Urogenital ridge,-225,-189,2,5
22752,225_190,Urogenital ridge,-225,-190,2,5
22753,225_191,Urogenital ridge,-225,-191,2,125
22754,225_192,Urogenital ridge,-225,-192,2,117
22755,225_193,Head mesenchyme,-225,-193,2,116
22756,225_194,Head mesenchyme,-225,-194,2,117
22757,225_195,Head mesenchyme,-225,-195,2,117
22758,225_196,Head mesenchyme,-225,-196,2,117
22759,225_197,Head mesenchyme,-225,-197,2,118
22760,225_198,Cavity,-225,-198,2,18
22761,225_199,Cavity,-225,-199,2,20
22762,225_200,Cavity,-225,-200,2,20
22763,225_201,Cavity,-225,-201,2,20
22764,225_202,Cavity,-225,-202,2,30
22765,225_203,Cavity,-225,-203,2,31
22766,225_204,Cavity,-225,-204,2,25
22767,225_266,Cavity,-225,-266,2,25
22768,225_267,Cavity,-225,-267,2,30
22769,225_268,Cavity,-225,-268,2,20
22770,225_269,Cavity,-225,-269,2,20
22771,225_270,Cavity,-225,-270,2,21
22772,225_271,Brain,-225,-271,2,20
22773,225_272,Brain,-225,-272,2,20
22774,225_273,Brain,-225,-273,2,99
22775,225_274,Brain,-225,-274,2,97
22776,225_275,Brain,-225,-275,2,97
22777,225_276,Brain,-225,-276,2,124
22778,225_277,Surface ectoderm,-225,-277,2,21
22779,225_278,Surface ectoderm,-225,-278,2,22
22780,225_279,Spinal cord,-225,-279,2,21
22781,225_280,Surface ectoderm,-225,-280,2,21
22782,225_281,Surface ectoderm,-225,-281,2,20
22783,225_282,Cavity,-225,-282,2,20
22784,225_283,Cavity,-225,-283,2,30
22785,225_284,Cavity,-225,-284,2,23
22786,225_285,Cavity,-225,-285,2,20
22787,225_286,Cavity,-225,-286,2,28
22788,225_287,Cavity,-225,-287,2,31
22789,225_288,Cavity,-225,-288,2,30
22790,225_289,Cavity,-225,-289,2,30
22791,225_290,Cavity,-225,-290,2,19
22792,225_291,Surface ectoderm,-225,-291,2,118
22793,225_292,Cavity,-225,-292,2,30
22794,225_293,Cavity,-225,-293,2,20
22795,225_294,Surface ectoderm,-225,-294,2,23
22796,225_295,Cavity,-225,-295,2,23
22797,225_296,Surface ectoderm,-225,-296,2,23
22798,225_297,Cavity,-225,-297,2,30
22799,225_298,Cavity,-225,-298,2,30
22800,225_299,Connective tissue,-225,-299,2,30
22801,225_300,Cavity,-225,-300,2,29
22802,225_301,Cavity,-225,-301,2,29
22803,225_302,Cavity,-225,-302,2,25
22804,225_303,Cavity,-225,-303,2,29
22805,225_304,Cavity,-225,-304,2,25
22806,226_137,Cavity,-226,-137,2,25
22807,226_138,Cavity,-226,-138,2,31
22808,226_139,Cavity,-226,-139,2,30
22809,226_140,Cavity,-226,-140,2,20
22810,226_141,Spinal cord,-226,-141,2,21
22811,226_142,Spinal cord,-226,-142,2,21
22812,226_143,Spinal cord,-226,-143,2,21
22813,226_144,Spinal cord,-226,-144,2,21
22814,226_145,Spinal cord,-226,-145,2,101
22815,226_146,Spinal cord,-226,-146,2,101
22816,226_147,Spinal cord,-226,-147,2,101
22817,226_148,Spinal cord,-226,-148,2,101
22818,226_149,Spinal cord,-226,-149,2,102
22819,226_150,Spinal cord,-226,-150,2,98
22820,226_151,Spinal cord,-226,-151,2,103
22821,226_152,Spinal cord,-226,-152,2,99
22822,226_153,Spinal cord,-226,-153,2,101
22823,226_154,Spinal cord,-226,-154,2,101
22824,226_155,Spinal cord,-226,-155,2,101
22825,226_156,Spinal cord,-226,-156,2,101
22826,226_157,Spinal cord,-226,-157,2,99
22827,226_158,Spinal cord,-226,-158,2,101
22828,226_159,Spinal cord,-226,-159,2,101
22829,226_160,Spinal cord,-226,-160,2,101
22830,226_161,Spinal cord,-226,-161,2,101
22831,226_162,Spinal cord,-226,-162,2,98
22832,226_163,Spinal cord,-226,-163,2,101
22833,226_164,Spinal cord,-226,-164,2,101
22834,226_165,Spinal cord,-226,-165,2,99
22835,226_166,Spinal cord,-226,-166,2,120
22836,226_167,Spinal cord,-226,-167,2,121
22837,226_168,Connective tissue,-226,-168,2,118
22838,226_169,Connective tissue,-226,-169,2,118
22839,226_170,Connective tissue,-226,-170,2,124
22840,226_171,Connective tissue,-226,-171,2,126
22841,226_172,Connective tissue,-226,-172,2,118
22842,226_173,Connective tissue,-226,-173,2,5
22843,226_174,Connective tissue,-226,-174,2,116
22844,226_175,Connective tissue,-226,-175,2,118
22845,226_176,Connective tissue,-226,-176,2,126
22846,226_177,Connective tissue,-226,-177,2,116
22847,226_178,Connective tissue,-226,-178,2,116
22848,226_179,Connective tissue,-226,-179,2,125
22849,226_180,Connective tissue,-226,-180,2,116
22850,226_181,Connective tissue,-226,-181,2,125
22851,226_182,Connective tissue,-226,-182,2,126
22852,226_183,Connective tissue,-226,-183,2,116
22853,226_184,Connective tissue,-226,-184,2,126
22854,226_185,Connective tissue,-226,-185,2,125
22855,226_186,Connective tissue,-226,-186,2,125
22856,226_187,Connective tissue,-226,-187,2,126
22857,226_188,Connective tissue,-226,-188,2,125
22858,226_189,Connective tissue,-226,-189,2,125
22859,226_190,Connective tissue,-226,-190,2,125
22860,226_191,Connective tissue,-226,-191,2,117
22861,226_192,Connective tissue,-226,-192,2,116
22862,226_193,Connective tissue,-226,-193,2,116
22863,226_194,Head mesenchyme,-226,-194,2,116
22864,226_195,Connective tissue,-226,-195,2,117
22865,226_196,Connective tissue,-226,-196,2,117
22866,226_197,Connective tissue,-226,-197,2,116
22867,226_198,Connective tissue,-226,-198,2,121
22868,226_199,Cavity,-226,-199,2,20
22869,226_200,Spinal cord,-226,-200,2,20
22870,226_201,Spinal cord,-226,-201,2,20
22871,226_202,Cavity,-226,-202,2,21
22872,226_203,Cavity,-226,-203,2,30
22873,226_204,Cavity,-226,-204,2,30
22874,226_266,Cavity,-226,-266,2,27
22875,226_267,Cavity,-226,-267,2,31
22876,226_268,Cavity,-226,-268,2,30
22877,226_269,Cavity,-226,-269,2,20
22878,226_270,Cavity,-226,-270,2,20
22879,226_271,Cavity,-226,-271,2,20
22880,226_272,Cavity,-226,-272,2,20
22881,226_273,Cavity,-226,-273,2,20
22882,226_274,Spinal cord,-226,-274,2,21
22883,226_275,Surface ectoderm,-226,-275,2,19
22884,226_276,Surface ectoderm,-226,-276,2,18
22885,226_277,Surface ectoderm,-226,-277,2,20
22886,226_278,Spinal cord,-226,-278,2,20
22887,226_279,Surface ectoderm,-226,-279,2,20
22888,226_280,Spinal cord,-226,-280,2,20
22889,226_281,Cavity,-226,-281,2,20
22890,226_282,Cavity,-226,-282,2,30
22891,226_283,Cavity,-226,-283,2,30
22892,226_284,Cavity,-226,-284,2,30
22893,226_285,Cavity,-226,-285,2,31
22894,226_286,Cavity,-226,-286,2,31
22895,226_287,Cavity,-226,-287,2,31
22896,226_288,Cavity,-226,-288,2,28
22897,226_289,Cavity,-226,-289,2,31
22898,226_290,Cavity,-226,-290,2,31
22899,226_291,Cavity,-226,-291,2,30
22900,226_292,Cavity,-226,-292,2,30
22901,226_293,Cavity,-226,-293,2,30
22902,226_294,Cavity,-226,-294,2,28
22903,226_295,Cavity,-226,-295,2,28
22904,226_296,Cavity,-226,-296,2,31
22905,226_297,Cavity,-226,-297,2,28
22906,226_298,Cavity,-226,-298,2,31
22907,226_299,Cavity,-226,-299,2,29
22908,226_300,Cavity,-226,-300,2,29
22909,226_301,Cavity,-226,-301,2,31
22910,226_302,Cavity,-226,-302,2,29
22911,226_303,Cavity,-226,-303,2,26
22912,226_304,Cavity,-226,-304,2,27
22913,227_137,Cavity,-227,-137,2,27
22914,227_138,Cavity,-227,-138,2,30
22915,227_139,Cavity,-227,-139,2,31
22916,227_140,Cavity,-227,-140,2,19
22917,227_141,Spinal cord,-227,-141,2,20
22918,227_142,Spinal cord,-227,-142,2,21
22919,227_143,Spinal cord,-227,-143,2,21
22920,227_144,Spinal cord,-227,-144,2,21
22921,227_145,Spinal cord,-227,-145,2,101
22922,227_146,Spinal cord,-227,-146,2,101
22923,227_147,Spinal cord,-227,-147,2,101
22924,227_148,Spinal cord,-227,-148,2,101
22925,227_149,Spinal cord,-227,-149,2,101
22926,227_150,Spinal cord,-227,-150,2,102
22927,227_151,Spinal cord,-227,-151,2,98
22928,227_152,Spinal cord,-227,-152,2,101
22929,227_153,Spinal cord,-227,-153,2,101
22930,227_154,Spinal cord,-227,-154,2,101
22931,227_155,Spinal cord,-227,-155,2,101
22932,227_156,Spinal cord,-227,-156,2,101
22933,227_157,Spinal cord,-227,-157,2,101
22934,227_158,Spinal cord,-227,-158,2,101
22935,227_159,Spinal cord,-227,-159,2,101
22936,227_160,Spinal cord,-227,-160,2,103
22937,227_161,Spinal cord,-227,-161,2,101
22938,227_162,Spinal cord,-227,-162,2,101
22939,227_163,Spinal cord,-227,-163,2,101
22940,227_164,Spinal cord,-227,-164,2,101
22941,227_165,Spinal cord,-227,-165,2,101
22942,227_166,Spinal cord,-227,-166,2,101
22943,227_167,Spinal cord,-227,-167,2,101
22944,227_168,Spinal cord,-227,-168,2,121
22945,227_169,Connective tissue,-227,-169,2,127
22946,227_170,Connective tissue,-227,-170,2,118
22947,227_171,Connective tissue,-227,-171,2,124
22948,227_172,Connective tissue,-227,-172,2,116
22949,227_173,Connective tissue,-227,-173,2,118
22950,227_174,Connective tissue,-227,-174,2,118
22951,227_175,Connective tissue,-227,-175,2,116
22952,227_176,Connective tissue,-227,-176,2,116
22953,227_177,Connective tissue,-227,-177,2,118
22954,227_178,Connective tissue,-227,-178,2,116
22955,227_179,Connective tissue,-227,-179,2,116
22956,227_180,Connective tissue,-227,-180,2,118
22957,227_181,Connective tissue,-227,-181,2,116
22958,227_182,Connective tissue,-227,-182,2,118
22959,227_183,Connective tissue,-227,-183,2,116
22960,227_184,Connective tissue,-227,-184,2,116
22961,227_185,Connective tissue,-227,-185,2,117
22962,227_186,Connective tissue,-227,-186,2,125
22963,227_187,Connective tissue,-227,-187,2,125
22964,227_188,Connective tissue,-227,-188,2,127
22965,227_189,Connective tissue,-227,-189,2,125
22966,227_190,Connective tissue,-227,-190,2,125
22967,227_191,Connective tissue,-227,-191,2,116
22968,227_192,Connective tissue,-227,-192,2,125
22969,227_193,Connective tissue,-227,-193,2,117
22970,227_194,Connective tissue,-227,-194,2,117
22971,227_195,Connective tissue,-227,-195,2,115
22972,227_196,Connective tissue,-227,-196,2,116
22973,227_197,Connective tissue,-227,-197,2,116
22974,227_198,Connective tissue,-227,-198,2,125
22975,227_199,Spinal cord,-227,-199,2,97
22976,227_200,Spinal cord,-227,-200,2,21
22977,227_201,Spinal cord,-227,-201,2,20
22978,227_202,Spinal cord,-227,-202,2,20
22979,227_203,Cavity,-227,-203,2,20
22980,227_204,Cavity,-227,-204,2,20
22981,227_205,Cavity,-227,-205,2,26
22982,227_267,Cavity,-227,-267,2,25
22983,227_268,Cavity,-227,-268,2,31
22984,227_269,Cavity,-227,-269,2,30
22985,227_270,Cavity,-227,-270,2,30
22986,227_271,Cavity,-227,-271,2,30
22987,227_272,Cavity,-227,-272,2,20
22988,227_273,Cavity,-227,-273,2,20
22989,227_274,Cavity,-227,-274,2,20
22990,227_275,Connective tissue,-227,-275,2,19
22991,227_276,Connective tissue,-227,-276,2,17
22992,227_277,Connective tissue,-227,-277,2,18
22993,227_278,Cavity,-227,-278,2,20
22994,227_279,Cavity,-227,-279,2,30
22995,227_280,Cavity,-227,-280,2,30
22996,227_281,Cavity,-227,-281,2,30
22997,227_282,Cavity,-227,-282,2,30
22998,227_283,Cavity,-227,-283,2,31
22999,227_284,Cavity,-227,-284,2,30
23000,227_285,Cavity,-227,-285,2,30
23001,227_286,Cavity,-227,-286,2,30
23002,227_287,Cavity,-227,-287,2,31
23003,227_288,Cavity,-227,-288,2,31
23004,227_289,Cavity,-227,-289,2,28
23005,227_290,Cavity,-227,-290,2,31
23006,227_291,Cavity,-227,-291,2,31
23007,227_292,Cavity,-227,-292,2,30
23008,227_293,Cavity,-227,-293,2,29
23009,227_294,Cavity,-227,-294,2,29
23010,227_295,Cavity,-227,-295,2,30
23011,227_296,Cavity,-227,-296,2,31
23012,227_297,Cavity,-227,-297,2,28
23013,227_298,Cavity,-227,-298,2,29
23014,227_299,Cavity,-227,-299,2,31
23015,227_300,Cavity,-227,-300,2,29
23016,227_301,Cavity,-227,-301,2,29
23017,227_302,Cavity,-227,-302,2,25
23018,228_138,Cavity,-228,-138,2,29
23019,228_139,Cavity,-228,-139,2,31
23020,228_140,Cavity,-228,-140,2,30
23021,228_141,Cavity,-228,-141,2,30
23022,228_142,Cavity,-228,-142,2,20
23023,228_143,Spinal cord,-228,-143,2,21
23024,228_144,Spinal cord,-228,-144,2,21
23025,228_145,Spinal cord,-228,-145,2,21
23026,228_146,Spinal cord,-228,-146,2,101
23027,228_147,Spinal cord,-228,-147,2,101
23028,228_148,Spinal cord,-228,-148,2,101
23029,228_149,Spinal cord,-228,-149,2,101
23030,228_150,Spinal cord,-228,-150,2,101
23031,228_151,Spinal cord,-228,-151,2,98
23032,228_152,Spinal cord,-228,-152,2,101
23033,228_153,Spinal cord,-228,-153,2,101
23034,228_154,Spinal cord,-228,-154,2,101
23035,228_155,Spinal cord,-228,-155,2,101
23036,228_156,Spinal cord,-228,-156,2,101
23037,228_157,Spinal cord,-228,-157,2,101
23038,228_158,Spinal cord,-228,-158,2,101
23039,228_159,Spinal cord,-228,-159,2,101
23040,228_160,Spinal cord,-228,-160,2,101
23041,228_161,Spinal cord,-228,-161,2,101
23042,228_162,Spinal cord,-228,-162,2,101
23043,228_163,Spinal cord,-228,-163,2,101
23044,228_164,Spinal cord,-228,-164,2,101
23045,228_165,Spinal cord,-228,-165,2,101
23046,228_166,Spinal cord,-228,-166,2,101
23047,228_167,Spinal cord,-228,-167,2,100
23048,228_168,Spinal cord,-228,-168,2,101
23049,228_169,Spinal cord,-228,-169,2,101
23050,228_170,Spinal cord,-228,-170,2,121
23051,228_171,Spinal cord,-228,-171,2,103
23052,228_172,Spinal cord,-228,-172,2,109
23053,228_173,Connective tissue,-228,-173,2,118
23054,228_174,Connective tissue,-228,-174,2,118
23055,228_175,Connective tissue,-228,-175,2,118
23056,228_176,Connective tissue,-228,-176,2,118
23057,228_177,Connective tissue,-228,-177,2,125
23058,228_178,Connective tissue,-228,-178,2,116
23059,228_179,Connective tissue,-228,-179,2,117
23060,228_180,Connective tissue,-228,-180,2,116
23061,228_181,Head mesenchyme,-228,-181,2,118
23062,228_182,Connective tissue,-228,-182,2,116
23063,228_183,Connective tissue,-228,-183,2,117
23064,228_184,Connective tissue,-228,-184,2,118
23065,228_185,Connective tissue,-228,-185,2,116
23066,228_186,Connective tissue,-228,-186,2,116
23067,228_187,Connective tissue,-228,-187,2,118
23068,228_188,Connective tissue,-228,-188,2,116
23069,228_189,Connective tissue,-228,-189,2,116
23070,228_190,Connective tissue,-228,-190,2,117
23071,228_191,Connective tissue,-228,-191,2,116
23072,228_192,Connective tissue,-228,-192,2,117
23073,228_193,Connective tissue,-228,-193,2,117
23074,228_194,Spinal cord,-228,-194,2,108
23075,228_195,Spinal cord,-228,-195,2,108
23076,228_196,Spinal cord,-228,-196,2,108
23077,228_197,Brain,-228,-197,2,108
23078,228_198,Brain,-228,-198,2,108
23079,228_199,Spinal cord,-228,-199,2,109
23080,228_200,Spinal cord,-228,-200,2,97
23081,228_201,Spinal cord,-228,-201,2,21
23082,228_202,Spinal cord,-228,-202,2,20
23083,228_203,Spinal cord,-228,-203,2,21
23084,228_204,Spinal cord,-228,-204,2,21
23085,228_205,Cavity,-228,-205,2,31
23086,228_268,Cavity,-228,-268,2,31
23087,228_269,Cavity,-228,-269,2,31
23088,228_270,Cavity,-228,-270,2,30
23089,228_271,Cavity,-228,-271,2,30
23090,228_272,Cavity,-228,-272,2,30
23091,228_273,Cavity,-228,-273,2,30
23092,228_274,Cavity,-228,-274,2,30
23093,228_275,Cavity,-228,-275,2,30
23094,228_276,Cavity,-228,-276,2,19
23095,228_277,Cavity,-228,-277,2,30
23096,228_278,Cavity,-228,-278,2,30
23097,228_279,Cavity,-228,-279,2,30
23098,228_280,Cavity,-228,-280,2,30
23099,228_281,Cavity,-228,-281,2,30
23100,228_282,Cavity,-228,-282,2,30
23101,228_283,Cavity,-228,-283,2,30
23102,228_284,Cavity,-228,-284,2,29
23103,228_285,Cavity,-228,-285,2,31
23104,228_286,Cavity,-228,-286,2,31
23105,228_287,Cavity,-228,-287,2,31
23106,228_288,Cavity,-228,-288,2,31
23107,228_289,Cavity,-228,-289,2,31
23108,228_290,Cavity,-228,-290,2,31
23109,228_291,Cavity,-228,-291,2,31
23110,228_292,Cavity,-228,-292,2,31
23111,228_293,Cavity,-228,-293,2,31
23112,228_294,Cavity,-228,-294,2,28
23113,228_295,Cavity,-228,-295,2,28
23114,228_296,Cavity,-228,-296,2,31
23115,228_297,Cavity,-228,-297,2,31
23116,228_298,Cavity,-228,-298,2,31
23117,228_299,Cavity,-228,-299,2,31
23118,228_300,Cavity,-228,-300,2,31
23119,228_301,Cavity,-228,-301,2,26
23120,228_302,Cavity,-228,-302,2,27
23121,229_138,Cavity,-229,-138,2,27
23122,229_139,Cavity,-229,-139,2,31
23123,229_140,Cavity,-229,-140,2,31
23124,229_141,Cavity,-229,-141,2,31
23125,229_142,Cavity,-229,-142,2,30
23126,229_143,Cavity,-229,-143,2,20
23127,229_144,Spinal cord,-229,-144,2,21
23128,229_145,Spinal cord,-229,-145,2,21
23129,229_146,Spinal cord,-229,-146,2,21
23130,229_147,Spinal cord,-229,-147,2,21
23131,229_148,Spinal cord,-229,-148,2,101
23132,229_149,Spinal cord,-229,-149,2,100
23133,229_150,Spinal cord,-229,-150,2,101
23134,229_151,Spinal cord,-229,-151,2,101
23135,229_152,Spinal cord,-229,-152,2,101
23136,229_153,Spinal cord,-229,-153,2,101
23137,229_154,Spinal cord,-229,-154,2,101
23138,229_155,Spinal cord,-229,-155,2,101
23139,229_156,Spinal cord,-229,-156,2,101
23140,229_157,Spinal cord,-229,-157,2,101
23141,229_158,Spinal cord,-229,-158,2,101
23142,229_159,Spinal cord,-229,-159,2,101
23143,229_160,Spinal cord,-229,-160,2,101
23144,229_161,Spinal cord,-229,-161,2,101
23145,229_162,Spinal cord,-229,-162,2,101
23146,229_163,Spinal cord,-229,-163,2,101
23147,229_164,Spinal cord,-229,-164,2,101
23148,229_165,Spinal cord,-229,-165,2,101
23149,229_166,Spinal cord,-229,-166,2,101
23150,229_167,Spinal cord,-229,-167,2,103
23151,229_168,Spinal cord,-229,-168,2,100
23152,229_169,Spinal cord,-229,-169,2,101
23153,229_170,Spinal cord,-229,-170,2,100
23154,229_171,Spinal cord,-229,-171,2,101
23155,229_172,Spinal cord,-229,-172,2,101
23156,229_173,Spinal cord,-229,-173,2,101
23157,229_174,Spinal cord,-229,-174,2,103
23158,229_175,Spinal cord,-229,-175,2,103
23159,229_176,Spinal cord,-229,-176,2,101
23160,229_177,Spinal cord,-229,-177,2,103
23161,229_178,Spinal cord,-229,-178,2,103
23162,229_179,Spinal cord,-229,-179,2,97
23163,229_180,Spinal cord,-229,-180,2,103
23164,229_181,Brain,-229,-181,2,124
23165,229_182,Spinal cord,-229,-182,2,98
23166,229_183,Connective tissue,-229,-183,2,116
23167,229_184,Connective tissue,-229,-184,2,97
23168,229_185,Connective tissue,-229,-185,2,127
23169,229_186,Spinal cord,-229,-186,2,121
23170,229_187,Spinal cord,-229,-187,2,101
23171,229_188,Spinal cord,-229,-188,2,101
23172,229_189,Spinal cord,-229,-189,2,98
23173,229_190,Spinal cord,-229,-190,2,108
23174,229_191,Spinal cord,-229,-191,2,127
23175,229_192,Spinal cord,-229,-192,2,108
23176,229_193,Spinal cord,-229,-193,2,108
23177,229_194,Spinal cord,-229,-194,2,97
23178,229_195,Spinal cord,-229,-195,2,108
23179,229_196,Spinal cord,-229,-196,2,108
23180,229_197,Spinal cord,-229,-197,2,108
23181,229_198,Spinal cord,-229,-198,2,109
23182,229_199,Spinal cord,-229,-199,2,109
23183,229_200,Spinal cord,-229,-200,2,109
23184,229_201,Spinal cord,-229,-201,2,21
23185,229_202,Spinal cord,-229,-202,2,21
23186,229_203,Spinal cord,-229,-203,2,21
23187,229_204,Spinal cord,-229,-204,2,21
23188,229_205,Cavity,-229,-205,2,30
23189,229_206,Cavity,-229,-206,2,27
23190,229_268,Cavity,-229,-268,2,27
23191,229_269,Cavity,-229,-269,2,30
23192,229_270,Cavity,-229,-270,2,30
23193,229_271,Cavity,-229,-271,2,30
23194,229_272,Cavity,-229,-272,2,31
23195,229_273,Cavity,-229,-273,2,30
23196,229_274,Cavity,-229,-274,2,30
23197,229_275,Cavity,-229,-275,2,31
23198,229_276,Cavity,-229,-276,2,30
23199,229_277,Cavity,-229,-277,2,30
23200,229_278,Cavity,-229,-278,2,30
23201,229_279,Cavity,-229,-279,2,31
23202,229_280,Cavity,-229,-280,2,31
23203,229_281,Cavity,-229,-281,2,25
23204,229_282,Cavity,-229,-282,2,25
23205,229_286,Cavity,-229,-286,2,27
23206,229_287,Cavity,-229,-287,2,26
23207,229_288,Cavity,-229,-288,2,25
23208,229_289,Cavity,-229,-289,2,25
23209,229_290,Cavity,-229,-290,2,31
23210,229_291,Cavity,-229,-291,2,25
23211,229_292,Cavity,-229,-292,2,24
23212,229_293,Cavity,-229,-293,2,25
23213,229_294,Cavity,-229,-294,2,31
23214,229_295,Cavity,-229,-295,2,31
23215,229_296,Cavity,-229,-296,2,31
23216,229_297,Cavity,-229,-297,2,31
23217,229_298,Cavity,-229,-298,2,29
23218,229_299,Cavity,-229,-299,2,29
23219,229_300,Cavity,-229,-300,2,25
23220,230_139,Cavity,-230,-139,2,25
23221,230_140,Cavity,-230,-140,2,31
23222,230_141,Cavity,-230,-141,2,31
23223,230_142,Cavity,-230,-142,2,30
23224,230_143,Cavity,-230,-143,2,20
23225,230_144,Spinal cord,-230,-144,2,21
23226,230_145,Spinal cord,-230,-145,2,20
23227,230_146,Spinal cord,-230,-146,2,21
23228,230_147,Spinal cord,-230,-147,2,21
23229,230_148,Spinal cord,-230,-148,2,101
23230,230_149,Spinal cord,-230,-149,2,101
23231,230_150,Spinal cord,-230,-150,2,101
23232,230_151,Spinal cord,-230,-151,2,101
23233,230_152,Spinal cord,-230,-152,2,101
23234,230_153,Spinal cord,-230,-153,2,101
23235,230_154,Spinal cord,-230,-154,2,101
23236,230_155,Spinal cord,-230,-155,2,101
23237,230_156,Spinal cord,-230,-156,2,101
23238,230_157,Spinal cord,-230,-157,2,101
23239,230_158,Spinal cord,-230,-158,2,101
23240,230_159,Spinal cord,-230,-159,2,101
23241,230_160,Spinal cord,-230,-160,2,101
23242,230_161,Spinal cord,-230,-161,2,101
23243,230_162,Spinal cord,-230,-162,2,101
23244,230_163,Spinal cord,-230,-163,2,101
23245,230_164,Spinal cord,-230,-164,2,101
23246,230_165,Spinal cord,-230,-165,2,101
23247,230_166,Spinal cord,-230,-166,2,101
23248,230_167,Spinal cord,-230,-167,2,101
23249,230_168,Spinal cord,-230,-168,2,101
23250,230_169,Spinal cord,-230,-169,2,101
23251,230_170,Spinal cord,-230,-170,2,101
23252,230_171,Spinal cord,-230,-171,2,101
23253,230_172,Spinal cord,-230,-172,2,101
23254,230_173,Spinal cord,-230,-173,2,100
23255,230_174,Spinal cord,-230,-174,2,103
23256,230_175,Spinal cord,-230,-175,2,100
23257,230_176,Spinal cord,-230,-176,2,101
23258,230_177,Spinal cord,-230,-177,2,101
23259,230_178,Spinal cord,-230,-178,2,101
23260,230_179,Spinal cord,-230,-179,2,100
23261,230_180,Spinal cord,-230,-180,2,101
23262,230_181,Spinal cord,-230,-181,2,103
23263,230_182,Spinal cord,-230,-182,2,109
23264,230_183,Spinal cord,-230,-183,2,100
23265,230_184,Spinal cord,-230,-184,2,102
23266,230_185,Spinal cord,-230,-185,2,101
23267,230_186,Spinal cord,-230,-186,2,102
23268,230_187,Spinal cord,-230,-187,2,100
23269,230_188,Spinal cord,-230,-188,2,101
23270,230_189,Spinal cord,-230,-189,2,98
23271,230_190,Spinal cord,-230,-190,2,102
23272,230_191,Spinal cord,-230,-191,2,102
23273,230_192,Spinal cord,-230,-192,2,100
23274,230_193,Spinal cord,-230,-193,2,102
23275,230_194,Spinal cord,-230,-194,2,102
23276,230_195,Spinal cord,-230,-195,2,102
23277,230_196,Spinal cord,-230,-196,2,109
23278,230_197,Spinal cord,-230,-197,2,103
23279,230_198,Spinal cord,-230,-198,2,109
23280,230_199,Spinal cord,-230,-199,2,109
23281,230_200,Spinal cord,-230,-200,2,102
23282,230_201,Spinal cord,-230,-201,2,101
23283,230_202,Spinal cord,-230,-202,2,21
23284,230_203,Spinal cord,-230,-203,2,21
23285,230_204,Spinal cord,-230,-204,2,20
23286,230_205,Spinal cord,-230,-205,2,20
23287,230_206,Cavity,-230,-206,2,25
23288,230_269,Cavity,-230,-269,2,25
23289,230_270,Cavity,-230,-270,2,31
23290,230_271,Cavity,-230,-271,2,30
23291,230_272,Cavity,-230,-272,2,31
23292,230_273,Cavity,-230,-273,2,28
23293,230_274,Cavity,-230,-274,2,31
23294,230_275,Cavity,-230,-275,2,31
23295,230_276,Cavity,-230,-276,2,25
23296,230_277,Cavity,-230,-277,2,26
23297,230_278,Cavity,-230,-278,2,27
23298,230_279,Cavity,-230,-279,2,27
23299,230_293,Cavity,-230,-293,2,27
23300,230_294,Cavity,-230,-294,2,27
23301,230_295,Cavity,-230,-295,2,27
23302,230_296,Cavity,-230,-296,2,26
23303,230_297,Cavity,-230,-297,2,25
23304,230_298,Cavity,-230,-298,2,27
23305,230_299,Cavity,-230,-299,2,27
23306,231_140,Cavity,-231,-140,2,31
23307,231_141,Cavity,-231,-141,2,31
23308,231_142,Cavity,-231,-142,2,31
23309,231_143,Cavity,-231,-143,2,20
23310,231_144,Cavity,-231,-144,2,30
23311,231_145,Spinal cord,-231,-145,2,20
23312,231_146,Spinal cord,-231,-146,2,21
23313,231_147,Spinal cord,-231,-147,2,21
23314,231_148,Spinal cord,-231,-148,2,21
23315,231_149,Spinal cord,-231,-149,2,101
23316,231_150,Spinal cord,-231,-150,2,101
23317,231_151,Spinal cord,-231,-151,2,101
23318,231_152,Spinal cord,-231,-152,2,101
23319,231_153,Spinal cord,-231,-153,2,101
23320,231_154,Spinal cord,-231,-154,2,101
23321,231_155,Spinal cord,-231,-155,2,101
23322,231_156,Spinal cord,-231,-156,2,101
23323,231_157,Spinal cord,-231,-157,2,101
23324,231_158,Spinal cord,-231,-158,2,101
23325,231_159,Spinal cord,-231,-159,2,101
23326,231_160,Spinal cord,-231,-160,2,101
23327,231_161,Spinal cord,-231,-161,2,101
23328,231_162,Spinal cord,-231,-162,2,101
23329,231_163,Spinal cord,-231,-163,2,101
23330,231_164,Spinal cord,-231,-164,2,101
23331,231_165,Spinal cord,-231,-165,2,101
23332,231_166,Spinal cord,-231,-166,2,100
23333,231_167,Spinal cord,-231,-167,2,100
23334,231_168,Spinal cord,-231,-168,2,101
23335,231_169,Spinal cord,-231,-169,2,100
23336,231_170,Spinal cord,-231,-170,2,103
23337,231_171,Spinal cord,-231,-171,2,100
23338,231_172,Spinal cord,-231,-172,2,100
23339,231_173,Spinal cord,-231,-173,2,100
23340,231_174,Spinal cord,-231,-174,2,101
23341,231_175,Spinal cord,-231,-175,2,101
23342,231_176,Spinal cord,-231,-176,2,101
23343,231_177,Spinal cord,-231,-177,2,102
23344,231_178,Spinal cord,-231,-178,2,101
23345,231_179,Spinal cord,-231,-179,2,102
23346,231_180,Spinal cord,-231,-180,2,101
23347,231_181,Spinal cord,-231,-181,2,103
23348,231_182,Spinal cord,-231,-182,2,102
23349,231_183,Spinal cord,-231,-183,2,100
23350,231_184,Spinal cord,-231,-184,2,100
23351,231_185,Spinal cord,-231,-185,2,103
23352,231_186,Spinal cord,-231,-186,2,101
23353,231_187,Spinal cord,-231,-187,2,101
23354,231_188,Spinal cord,-231,-188,2,101
23355,231_189,Spinal cord,-231,-189,2,103
23356,231_190,Spinal cord,-231,-190,2,102
23357,231_191,Spinal cord,-231,-191,2,99
23358,231_192,Spinal cord,-231,-192,2,103
23359,231_193,Spinal cord,-231,-193,2,102
23360,231_194,Spinal cord,-231,-194,2,102
23361,231_195,Spinal cord,-231,-195,2,102
23362,231_196,Spinal cord,-231,-196,2,102
23363,231_197,Spinal cord,-231,-197,2,103
23364,231_198,Spinal cord,-231,-198,2,109
23365,231_199,Spinal cord,-231,-199,2,109
23366,231_200,Spinal cord,-231,-200,2,97
23367,231_201,Spinal cord,-231,-201,2,103
23368,231_202,Spinal cord,-231,-202,2,101
23369,231_203,Spinal cord,-231,-203,2,21
23370,231_204,Spinal cord,-231,-204,2,20
23371,231_205,Cavity,-231,-205,2,20
23372,231_206,Cavity,-231,-206,2,31
23373,231_270,Cavity,-231,-270,2,26
23374,231_271,Cavity,-231,-271,2,26
23375,232_140,Cavity,-232,-140,2,25
23376,232_141,Cavity,-232,-141,2,31
23377,232_142,Cavity,-232,-142,2,31
23378,232_143,Cavity,-232,-143,2,31
23379,232_144,Cavity,-232,-144,2,30
23380,232_145,Cavity,-232,-145,2,30
23381,232_146,Spinal cord,-232,-146,2,20
23382,232_147,Spinal cord,-232,-147,2,20
23383,232_148,Spinal cord,-232,-148,2,21
23384,232_149,Spinal cord,-232,-149,2,21
23385,232_150,Spinal cord,-232,-150,2,101
23386,232_151,Spinal cord,-232,-151,2,101
23387,232_152,Spinal cord,-232,-152,2,101
23388,232_153,Spinal cord,-232,-153,2,101
23389,232_154,Spinal cord,-232,-154,2,101
23390,232_155,Spinal cord,-232,-155,2,101
23391,232_156,Spinal cord,-232,-156,2,101
23392,232_157,Spinal cord,-232,-157,2,101
23393,232_158,Spinal cord,-232,-158,2,101
23394,232_159,Spinal cord,-232,-159,2,101
23395,232_160,Spinal cord,-232,-160,2,101
23396,232_161,Spinal cord,-232,-161,2,101
23397,232_162,Spinal cord,-232,-162,2,101
23398,232_163,Spinal cord,-232,-163,2,101
23399,232_164,Spinal cord,-232,-164,2,101
23400,232_165,Spinal cord,-232,-165,2,101
23401,232_166,Spinal cord,-232,-166,2,100
23402,232_167,Spinal cord,-232,-167,2,101
23403,232_168,Spinal cord,-232,-168,2,101
23404,232_169,Spinal cord,-232,-169,2,101
23405,232_170,Spinal cord,-232,-170,2,101
23406,232_171,Spinal cord,-232,-171,2,101
23407,232_172,Spinal cord,-232,-172,2,103
23408,232_173,Spinal cord,-232,-173,2,100
23409,232_174,Spinal cord,-232,-174,2,101
23410,232_175,Spinal cord,-232,-175,2,101
23411,232_176,Spinal cord,-232,-176,2,100
23412,232_177,Spinal cord,-232,-177,2,101
23413,232_178,Spinal cord,-232,-178,2,101
23414,232_179,Spinal cord,-232,-179,2,103
23415,232_180,Spinal cord,-232,-180,2,109
23416,232_181,Spinal cord,-232,-181,2,102
23417,232_182,Spinal cord,-232,-182,2,101
23418,232_183,Spinal cord,-232,-183,2,101
23419,232_184,Spinal cord,-232,-184,2,103
23420,232_185,Spinal cord,-232,-185,2,102
23421,232_186,Spinal cord,-232,-186,2,101
23422,232_187,Spinal cord,-232,-187,2,101
23423,232_188,Spinal cord,-232,-188,2,101
23424,232_189,Spinal cord,-232,-189,2,101
23425,232_190,Spinal cord,-232,-190,2,101
23426,232_191,Spinal cord,-232,-191,2,100
23427,232_192,Spinal cord,-232,-192,2,101
23428,232_193,Spinal cord,-232,-193,2,102
23429,232_194,Spinal cord,-232,-194,2,102
23430,232_195,Spinal cord,-232,-195,2,108
23431,232_196,Spinal cord,-232,-196,2,103
23432,232_197,Spinal cord,-232,-197,2,102
23433,232_198,Spinal cord,-232,-198,2,109
23434,232_199,Spinal cord,-232,-199,2,102
23435,232_200,Spinal cord,-232,-200,2,109
23436,232_201,Spinal cord,-232,-201,2,109
23437,232_202,Spinal cord,-232,-202,2,101
23438,232_203,Spinal cord,-232,-203,2,21
23439,232_204,Spinal cord,-232,-204,2,21
23440,232_205,Spinal cord,-232,-205,2,21
23441,232_206,Cavity,-232,-206,2,20
23442,233_141,Cavity,-233,-141,2,29
23443,233_142,Cavity,-233,-142,2,31
23444,233_143,Cavity,-233,-143,2,31
23445,233_144,Cavity,-233,-144,2,31
23446,233_145,Cavity,-233,-145,2,31
23447,233_146,Cavity,-233,-146,2,19
23448,233_147,Cavity,-233,-147,2,30
23449,233_148,Spinal cord,-233,-148,2,21
23450,233_149,Spinal cord,-233,-149,2,21
23451,233_150,Spinal cord,-233,-150,2,21
23452,233_151,Spinal cord,-233,-151,2,101
23453,233_152,Spinal cord,-233,-152,2,101
23454,233_153,Spinal cord,-233,-153,2,101
23455,233_154,Spinal cord,-233,-154,2,101
23456,233_155,Spinal cord,-233,-155,2,101
23457,233_156,Spinal cord,-233,-156,2,101
23458,233_157,Spinal cord,-233,-157,2,101
23459,233_158,Spinal cord,-233,-158,2,101
23460,233_159,Spinal cord,-233,-159,2,101
23461,233_160,Spinal cord,-233,-160,2,101
23462,233_161,Spinal cord,-233,-161,2,101
23463,233_162,Spinal cord,-233,-162,2,101
23464,233_163,Spinal cord,-233,-163,2,101
23465,233_164,Spinal cord,-233,-164,2,101
23466,233_165,Spinal cord,-233,-165,2,101
23467,233_166,Spinal cord,-233,-166,2,101
23468,233_167,Spinal cord,-233,-167,2,101
23469,233_168,Spinal cord,-233,-168,2,100
23470,233_169,Spinal cord,-233,-169,2,101
23471,233_170,Spinal cord,-233,-170,2,101
23472,233_171,Spinal cord,-233,-171,2,101
23473,233_172,Spinal cord,-233,-172,2,101
23474,233_173,Spinal cord,-233,-173,2,103
23475,233_174,Spinal cord,-233,-174,2,101
23476,233_175,Spinal cord,-233,-175,2,101
23477,233_176,Spinal cord,-233,-176,2,101
23478,233_177,Spinal cord,-233,-177,2,101
23479,233_178,Spinal cord,-233,-178,2,103
23480,233_179,Spinal cord,-233,-179,2,101
23481,233_180,Spinal cord,-233,-180,2,102
23482,233_181,Spinal cord,-233,-181,2,108
23483,233_182,Spinal cord,-233,-182,2,102
23484,233_183,Spinal cord,-233,-183,2,102
23485,233_184,Spinal cord,-233,-184,2,103
23486,233_185,Spinal cord,-233,-185,2,101
23487,233_186,Spinal cord,-233,-186,2,100
23488,233_187,Spinal cord,-233,-187,2,101
23489,233_188,Spinal cord,-233,-188,2,101
23490,233_189,Spinal cord,-233,-189,2,101
23491,233_190,Spinal cord,-233,-190,2,101
23492,233_191,Spinal cord,-233,-191,2,102
23493,233_192,Spinal cord,-233,-192,2,103
23494,233_193,Spinal cord,-233,-193,2,101
23495,233_194,Spinal cord,-233,-194,2,98
23496,233_195,Spinal cord,-233,-195,2,102
23497,233_196,Spinal cord,-233,-196,2,101
23498,233_197,Spinal cord,-233,-197,2,103
23499,233_198,Brain,-233,-198,2,109
23500,233_199,Spinal cord,-233,-199,2,109
23501,233_200,Spinal cord,-233,-200,2,102
23502,233_201,Spinal cord,-233,-201,2,109
23503,233_202,Spinal cord,-233,-202,2,101
23504,233_203,Spinal cord,-233,-203,2,21
23505,233_204,Spinal cord,-233,-204,2,21
23506,233_205,Spinal cord,-233,-205,2,21
23507,233_206,Cavity,-233,-206,2,21
23508,233_207,Cavity,-233,-207,2,25
23509,234_141,Cavity,-234,-141,2,26
23510,234_142,Cavity,-234,-142,2,31
23511,234_143,Cavity,-234,-143,2,31
23512,234_144,Cavity,-234,-144,2,31
23513,234_145,Cavity,-234,-145,2,31
23514,234_146,Cavity,-234,-146,2,19
23515,234_147,Cavity,-234,-147,2,30
23516,234_148,Cavity,-234,-148,2,20
23517,234_149,Spinal cord,-234,-149,2,20
23518,234_150,Spinal cord,-234,-150,2,21
23519,234_151,Spinal cord,-234,-151,2,21
23520,234_152,Spinal cord,-234,-152,2,21
23521,234_153,Spinal cord,-234,-153,2,101
23522,234_154,Spinal cord,-234,-154,2,101
23523,234_155,Spinal cord,-234,-155,2,101
23524,234_156,Spinal cord,-234,-156,2,101
23525,234_157,Spinal cord,-234,-157,2,101
23526,234_158,Spinal cord,-234,-158,2,101
23527,234_159,Spinal cord,-234,-159,2,101
23528,234_160,Spinal cord,-234,-160,2,101
23529,234_161,Spinal cord,-234,-161,2,101
23530,234_162,Spinal cord,-234,-162,2,101
23531,234_163,Spinal cord,-234,-163,2,101
23532,234_164,Spinal cord,-234,-164,2,101
23533,234_165,Spinal cord,-234,-165,2,100
23534,234_166,Spinal cord,-234,-166,2,103
23535,234_167,Spinal cord,-234,-167,2,101
23536,234_168,Spinal cord,-234,-168,2,101
23537,234_169,Spinal cord,-234,-169,2,99
23538,234_170,Spinal cord,-234,-170,2,101
23539,234_171,Spinal cord,-234,-171,2,101
23540,234_172,Spinal cord,-234,-172,2,101
23541,234_173,Spinal cord,-234,-173,2,101
23542,234_174,Spinal cord,-234,-174,2,101
23543,234_175,Spinal cord,-234,-175,2,101
23544,234_176,Spinal cord,-234,-176,2,101
23545,234_177,Spinal cord,-234,-177,2,4
23546,234_178,Spinal cord,-234,-178,2,100
23547,234_179,Spinal cord,-234,-179,2,100
23548,234_180,Spinal cord,-234,-180,2,100
23549,234_181,Spinal cord,-234,-181,2,102
23550,234_182,Spinal cord,-234,-182,2,103
23551,234_183,Spinal cord,-234,-183,2,101
23552,234_184,Spinal cord,-234,-184,2,101
23553,234_185,Spinal cord,-234,-185,2,101
23554,234_186,Spinal cord,-234,-186,2,101
23555,234_187,Spinal cord,-234,-187,2,101
23556,234_188,Spinal cord,-234,-188,2,101
23557,234_189,Spinal cord,-234,-189,2,101
23558,234_190,Spinal cord,-234,-190,2,7
23559,234_191,Spinal cord,-234,-191,2,100
23560,234_192,Spinal cord,-234,-192,2,103
23561,234_193,Spinal cord,-234,-193,2,101
23562,234_194,Spinal cord,-234,-194,2,102
23563,234_195,Spinal cord,-234,-195,2,101
23564,234_196,Spinal cord,-234,-196,2,103
23565,234_197,Spinal cord,-234,-197,2,101
23566,234_198,Spinal cord,-234,-198,2,102
23567,234_199,Spinal cord,-234,-199,2,101
23568,234_200,Spinal cord,-234,-200,2,98
23569,234_201,Spinal cord,-234,-201,2,102
23570,234_202,Spinal cord,-234,-202,2,103
23571,234_203,Spinal cord,-234,-203,2,101
23572,234_204,Spinal cord,-234,-204,2,21
23573,234_205,Spinal cord,-234,-205,2,20
23574,234_206,Spinal cord,-234,-206,2,20
23575,234_207,Cavity,-234,-207,2,31
23576,235_142,Cavity,-235,-142,2,27
23577,235_143,Cavity,-235,-143,2,25
23578,235_144,Cavity,-235,-144,2,31
23579,235_145,Cavity,-235,-145,2,30
23580,235_146,Cavity,-235,-146,2,30
23581,235_147,Cavity,-235,-147,2,30
23582,235_148,Cavity,-235,-148,2,19
23583,235_149,Cavity,-235,-149,2,20
23584,235_150,Spinal cord,-235,-150,2,21
23585,235_151,Spinal cord,-235,-151,2,21
23586,235_152,Spinal cord,-235,-152,2,21
23587,235_153,Spinal cord,-235,-153,2,21
23588,235_154,Spinal cord,-235,-154,2,101
23589,235_155,Spinal cord,-235,-155,2,101
23590,235_156,Spinal cord,-235,-156,2,101
23591,235_157,Spinal cord,-235,-157,2,102
23592,235_158,Spinal cord,-235,-158,2,101
23593,235_159,Spinal cord,-235,-159,2,101
23594,235_160,Spinal cord,-235,-160,2,101
23595,235_161,Spinal cord,-235,-161,2,101
23596,235_162,Spinal cord,-235,-162,2,101
23597,235_163,Spinal cord,-235,-163,2,101
23598,235_164,Spinal cord,-235,-164,2,101
23599,235_165,Spinal cord,-235,-165,2,101
23600,235_166,Spinal cord,-235,-166,2,101
23601,235_167,Spinal cord,-235,-167,2,101
23602,235_168,Spinal cord,-235,-168,2,103
23603,235_169,Spinal cord,-235,-169,2,100
23604,235_170,Spinal cord,-235,-170,2,101
23605,235_171,Spinal cord,-235,-171,2,101
23606,235_172,Spinal cord,-235,-172,2,101
23607,235_173,Spinal cord,-235,-173,2,101
23608,235_174,Spinal cord,-235,-174,2,100
23609,235_175,Spinal cord,-235,-175,2,101
23610,235_176,Spinal cord,-235,-176,2,101
23611,235_177,Spinal cord,-235,-177,2,101
23612,235_178,Spinal cord,-235,-178,2,101
23613,235_179,Spinal cord,-235,-179,2,100
23614,235_180,Spinal cord,-235,-180,2,101
23615,235_181,Spinal cord,-235,-181,2,101
23616,235_182,Spinal cord,-235,-182,2,98
23617,235_183,Spinal cord,-235,-183,2,101
23618,235_184,Spinal cord,-235,-184,2,101
23619,235_185,Spinal cord,-235,-185,2,101
23620,235_186,Spinal cord,-235,-186,2,100
23621,235_187,Spinal cord,-235,-187,2,101
23622,235_188,Spinal cord,-235,-188,2,101
23623,235_189,Spinal cord,-235,-189,2,101
23624,235_190,Spinal cord,-235,-190,2,100
23625,235_191,Spinal cord,-235,-191,2,101
23626,235_192,Spinal cord,-235,-192,2,102
23627,235_193,Spinal cord,-235,-193,2,101
23628,235_194,Spinal cord,-235,-194,2,101
23629,235_195,Spinal cord,-235,-195,2,98
23630,235_196,Spinal cord,-235,-196,2,101
23631,235_197,Spinal cord,-235,-197,2,101
23632,235_198,Spinal cord,-235,-198,2,101
23633,235_199,Spinal cord,-235,-199,2,100
23634,235_200,Spinal cord,-235,-200,2,102
23635,235_201,Spinal cord,-235,-201,2,102
23636,235_202,Spinal cord,-235,-202,2,102
23637,235_203,Spinal cord,-235,-203,2,101
23638,235_204,Spinal cord,-235,-204,2,21
23639,235_205,Spinal cord,-235,-205,2,21
23640,235_206,Spinal cord,-235,-206,2,30
23641,235_207,Cavity,-235,-207,2,30
23642,236_144,Cavity,-236,-144,2,26
23643,236_145,Cavity,-236,-145,2,31
23644,236_146,Cavity,-236,-146,2,31
23645,236_147,Cavity,-236,-147,2,31
23646,236_148,Cavity,-236,-148,2,31
23647,236_149,Cavity,-236,-149,2,30
23648,236_150,Cavity,-236,-150,2,20
23649,236_151,Spinal cord,-236,-151,2,21
23650,236_152,Spinal cord,-236,-152,2,21
23651,236_153,Spinal cord,-236,-153,2,21
23652,236_154,Spinal cord,-236,-154,2,21
23653,236_155,Spinal cord,-236,-155,2,101
23654,236_156,Spinal cord,-236,-156,2,101
23655,236_157,Spinal cord,-236,-157,2,103
23656,236_158,Spinal cord,-236,-158,2,101
23657,236_159,Spinal cord,-236,-159,2,100
23658,236_160,Spinal cord,-236,-160,2,101
23659,236_161,Spinal cord,-236,-161,2,101
23660,236_162,Spinal cord,-236,-162,2,101
23661,236_163,Spinal cord,-236,-163,2,101
23662,236_164,Spinal cord,-236,-164,2,101
23663,236_165,Spinal cord,-236,-165,2,101
23664,236_166,Spinal cord,-236,-166,2,101
23665,236_167,Spinal cord,-236,-167,2,103
23666,236_168,Spinal cord,-236,-168,2,101
23667,236_169,Spinal cord,-236,-169,2,101
23668,236_170,Spinal cord,-236,-170,2,101
23669,236_171,Spinal cord,-236,-171,2,101
23670,236_172,Spinal cord,-236,-172,2,101
23671,236_173,Spinal cord,-236,-173,2,101
23672,236_174,Spinal cord,-236,-174,2,101
23673,236_175,Spinal cord,-236,-175,2,101
23674,236_176,Spinal cord,-236,-176,2,100
23675,236_177,Spinal cord,-236,-177,2,101
23676,236_178,Spinal cord,-236,-178,2,101
23677,236_179,Spinal cord,-236,-179,2,102
23678,236_180,Spinal cord,-236,-180,2,101
23679,236_181,Spinal cord,-236,-181,2,101
23680,236_182,Spinal cord,-236,-182,2,109
23681,236_183,Spinal cord,-236,-183,2,101
23682,236_184,Spinal cord,-236,-184,2,101
23683,236_185,Spinal cord,-236,-185,2,101
23684,236_186,Spinal cord,-236,-186,2,101
23685,236_187,Spinal cord,-236,-187,2,101
23686,236_188,Spinal cord,-236,-188,2,101
23687,236_189,Spinal cord,-236,-189,2,101
23688,236_190,Spinal cord,-236,-190,2,101
23689,236_191,Spinal cord,-236,-191,2,101
23690,236_192,Spinal cord,-236,-192,2,102
23691,236_193,Spinal cord,-236,-193,2,101
23692,236_194,Spinal cord,-236,-194,2,101
23693,236_195,Spinal cord,-236,-195,2,102
23694,236_196,Spinal cord,-236,-196,2,103
23695,236_197,Spinal cord,-236,-197,2,103
23696,236_198,Spinal cord,-236,-198,2,101
23697,236_199,Spinal cord,-236,-199,2,101
23698,236_200,Spinal cord,-236,-200,2,101
23699,236_201,Spinal cord,-236,-201,2,102
23700,236_202,Spinal cord,-236,-202,2,102
23701,236_203,Spinal cord,-236,-203,2,101
23702,236_204,Spinal cord,-236,-204,2,21
23703,236_205,Spinal cord,-236,-205,2,21
23704,236_206,Spinal cord,-236,-206,2,20
23705,236_207,Cavity,-236,-207,2,30
23706,237_146,Cavity,-237,-146,2,25
23707,237_147,Cavity,-237,-147,2,31
23708,237_148,Cavity,-237,-148,2,31
23709,237_149,Cavity,-237,-149,2,30
23710,237_150,Cavity,-237,-150,2,30
23711,237_151,Cavity,-237,-151,2,19
23712,237_152,Spinal cord,-237,-152,2,20
23713,237_153,Spinal cord,-237,-153,2,21
23714,237_154,Spinal cord,-237,-154,2,21
23715,237_155,Spinal cord,-237,-155,2,21
23716,237_156,Spinal cord,-237,-156,2,21
23717,237_157,Spinal cord,-237,-157,2,101
23718,237_158,Spinal cord,-237,-158,2,101
23719,237_159,Spinal cord,-237,-159,2,101
23720,237_160,Spinal cord,-237,-160,2,101
23721,237_161,Spinal cord,-237,-161,2,101
23722,237_162,Spinal cord,-237,-162,2,101
23723,237_163,Spinal cord,-237,-163,2,101
23724,237_164,Spinal cord,-237,-164,2,101
23725,237_165,Spinal cord,-237,-165,2,101
23726,237_166,Spinal cord,-237,-166,2,101
23727,237_167,Spinal cord,-237,-167,2,100
23728,237_168,Spinal cord,-237,-168,2,101
23729,237_169,Spinal cord,-237,-169,2,101
23730,237_170,Spinal cord,-237,-170,2,101
23731,237_171,Spinal cord,-237,-171,2,101
23732,237_172,Spinal cord,-237,-172,2,101
23733,237_173,Spinal cord,-237,-173,2,101
23734,237_174,Spinal cord,-237,-174,2,101
23735,237_175,Spinal cord,-237,-175,2,101
23736,237_176,Spinal cord,-237,-176,2,101
23737,237_177,Spinal cord,-237,-177,2,101
23738,237_178,Spinal cord,-237,-178,2,101
23739,237_179,Spinal cord,-237,-179,2,101
23740,237_180,Spinal cord,-237,-180,2,103
23741,237_181,Spinal cord,-237,-181,2,102
23742,237_182,Spinal cord,-237,-182,2,101
23743,237_183,Spinal cord,-237,-183,2,101
23744,237_184,Spinal cord,-237,-184,2,101
23745,237_185,Spinal cord,-237,-185,2,101
23746,237_186,Spinal cord,-237,-186,2,101
23747,237_187,Spinal cord,-237,-187,2,101
23748,237_188,Spinal cord,-237,-188,2,101
23749,237_189,Spinal cord,-237,-189,2,101
23750,237_190,Spinal cord,-237,-190,2,102
23751,237_191,Spinal cord,-237,-191,2,102
23752,237_192,Spinal cord,-237,-192,2,101
23753,237_193,Spinal cord,-237,-193,2,101
23754,237_194,Spinal cord,-237,-194,2,109
23755,237_195,Spinal cord,-237,-195,2,101
23756,237_196,Spinal cord,-237,-196,2,101
23757,237_197,Spinal cord,-237,-197,2,101
23758,237_198,Spinal cord,-237,-198,2,101
23759,237_199,Spinal cord,-237,-199,2,101
23760,237_200,Spinal cord,-237,-200,2,102
23761,237_201,Spinal cord,-237,-201,2,101
23762,237_202,Spinal cord,-237,-202,2,109
23763,237_203,Spinal cord,-237,-203,2,101
23764,237_204,Spinal cord,-237,-204,2,21
23765,237_205,Spinal cord,-237,-205,2,21
23766,237_206,Spinal cord,-237,-206,2,21
23767,237_207,Cavity,-237,-207,2,30
23768,238_147,Cavity,-238,-147,2,26
23769,238_148,Cavity,-238,-148,2,29
23770,238_149,Cavity,-238,-149,2,30
23771,238_150,Cavity,-238,-150,2,31
23772,238_151,Cavity,-238,-151,2,30
23773,238_152,Cavity,-238,-152,2,30
23774,238_153,Cavity,-238,-153,2,20
23775,238_154,Spinal cord,-238,-154,2,20
23776,238_155,Spinal cord,-238,-155,2,21
23777,238_156,Spinal cord,-238,-156,2,21
23778,238_157,Spinal cord,-238,-157,2,21
23779,238_158,Spinal cord,-238,-158,2,21
23780,238_159,Spinal cord,-238,-159,2,101
23781,238_160,Spinal cord,-238,-160,2,101
23782,238_161,Spinal cord,-238,-161,2,101
23783,238_162,Spinal cord,-238,-162,2,101
23784,238_163,Spinal cord,-238,-163,2,101
23785,238_164,Spinal cord,-238,-164,2,101
23786,238_165,Spinal cord,-238,-165,2,101
23787,238_166,Spinal cord,-238,-166,2,101
23788,238_167,Spinal cord,-238,-167,2,101
23789,238_168,Spinal cord,-238,-168,2,101
23790,238_169,Spinal cord,-238,-169,2,101
23791,238_170,Spinal cord,-238,-170,2,101
23792,238_171,Spinal cord,-238,-171,2,101
23793,238_172,Spinal cord,-238,-172,2,101
23794,238_173,Spinal cord,-238,-173,2,101
23795,238_174,Spinal cord,-238,-174,2,101
23796,238_175,Spinal cord,-238,-175,2,101
23797,238_176,Spinal cord,-238,-176,2,101
23798,238_177,Spinal cord,-238,-177,2,101
23799,238_178,Spinal cord,-238,-178,2,100
23800,238_179,Spinal cord,-238,-179,2,101
23801,238_180,Spinal cord,-238,-180,2,101
23802,238_181,Spinal cord,-238,-181,2,101
23803,238_182,Spinal cord,-238,-182,2,103
23804,238_183,Spinal cord,-238,-183,2,101
23805,238_184,Spinal cord,-238,-184,2,101
23806,238_185,Spinal cord,-238,-185,2,101
23807,238_186,Spinal cord,-238,-186,2,101
23808,238_187,Spinal cord,-238,-187,2,101
23809,238_188,Spinal cord,-238,-188,2,101
23810,238_189,Spinal cord,-238,-189,2,101
23811,238_190,Spinal cord,-238,-190,2,101
23812,238_191,Spinal cord,-238,-191,2,101
23813,238_192,Spinal cord,-238,-192,2,101
23814,238_193,Spinal cord,-238,-193,2,103
23815,238_194,Spinal cord,-238,-194,2,100
23816,238_195,Spinal cord,-238,-195,2,101
23817,238_196,Spinal cord,-238,-196,2,101
23818,238_197,Spinal cord,-238,-197,2,100
23819,238_198,Spinal cord,-238,-198,2,101
23820,238_199,Spinal cord,-238,-199,2,101
23821,238_200,Spinal cord,-238,-200,2,101
23822,238_201,Spinal cord,-238,-201,2,102
23823,238_202,Spinal cord,-238,-202,2,102
23824,238_203,Spinal cord,-238,-203,2,101
23825,238_204,Spinal cord,-238,-204,2,21
23826,238_205,Spinal cord,-238,-205,2,21
23827,238_206,Spinal cord,-238,-206,2,21
23828,238_207,Cavity,-238,-207,2,30
23829,239_149,Cavity,-239,-149,2,25
23830,239_150,Cavity,-239,-150,2,31
23831,239_151,Cavity,-239,-151,2,31
23832,239_152,Cavity,-239,-152,2,31
23833,239_153,Cavity,-239,-153,2,30
23834,239_154,Cavity,-239,-154,2,30
23835,239_155,Cavity,-239,-155,2,30
23836,239_156,Spinal cord,-239,-156,2,20
23837,239_157,Spinal cord,-239,-157,2,21
23838,239_158,Spinal cord,-239,-158,2,21
23839,239_159,Spinal cord,-239,-159,2,21
23840,239_160,Spinal cord,-239,-160,2,21
23841,239_161,Spinal cord,-239,-161,2,21
23842,239_162,Spinal cord,-239,-162,2,101
23843,239_163,Spinal cord,-239,-163,2,101
23844,239_164,Spinal cord,-239,-164,2,101
23845,239_165,Spinal cord,-239,-165,2,101
23846,239_166,Spinal cord,-239,-166,2,101
23847,239_167,Spinal cord,-239,-167,2,101
23848,239_168,Spinal cord,-239,-168,2,101
23849,239_169,Spinal cord,-239,-169,2,103
23850,239_170,Spinal cord,-239,-170,2,101
23851,239_171,Spinal cord,-239,-171,2,101
23852,239_172,Spinal cord,-239,-172,2,101
23853,239_173,Spinal cord,-239,-173,2,101
23854,239_174,Spinal cord,-239,-174,2,101
23855,239_175,Spinal cord,-239,-175,2,101
23856,239_176,Spinal cord,-239,-176,2,103
23857,239_177,Spinal cord,-239,-177,2,101
23858,239_178,Spinal cord,-239,-178,2,101
23859,239_179,Spinal cord,-239,-179,2,101
23860,239_180,Spinal cord,-239,-180,2,101
23861,239_181,Spinal cord,-239,-181,2,101
23862,239_182,Spinal cord,-239,-182,2,103
23863,239_183,Spinal cord,-239,-183,2,101
23864,239_184,Spinal cord,-239,-184,2,103
23865,239_185,Spinal cord,-239,-185,2,101
23866,239_186,Spinal cord,-239,-186,2,101
23867,239_187,Spinal cord,-239,-187,2,101
23868,239_188,Spinal cord,-239,-188,2,101
23869,239_189,Spinal cord,-239,-189,2,101
23870,239_190,Spinal cord,-239,-190,2,101
23871,239_191,Spinal cord,-239,-191,2,101
23872,239_192,Spinal cord,-239,-192,2,101
23873,239_193,Spinal cord,-239,-193,2,101
23874,239_194,Spinal cord,-239,-194,2,101
23875,239_195,Spinal cord,-239,-195,2,103
23876,239_196,Spinal cord,-239,-196,2,101
23877,239_197,Spinal cord,-239,-197,2,101
23878,239_198,Spinal cord,-239,-198,2,103
23879,239_199,Spinal cord,-239,-199,2,102
23880,239_200,Spinal cord,-239,-200,2,101
23881,239_201,Spinal cord,-239,-201,2,102
23882,239_202,Spinal cord,-239,-202,2,102
23883,239_203,Spinal cord,-239,-203,2,101
23884,239_204,Spinal cord,-239,-204,2,21
23885,239_205,Spinal cord,-239,-205,2,21
23886,239_206,Spinal cord,-239,-206,2,20
23887,239_207,Cavity,-239,-207,2,31
23888,240_150,Cavity,-240,-150,2,27
23889,240_151,Cavity,-240,-151,2,31
23890,240_152,Cavity,-240,-152,2,17
23891,240_153,Cavity,-240,-153,2,31
23892,240_154,Cavity,-240,-154,2,31
23893,240_155,Cavity,-240,-155,2,30
23894,240_156,Spinal cord,-240,-156,2,20
23895,240_157,Spinal cord,-240,-157,2,20
23896,240_158,Spinal cord,-240,-158,2,22
23897,240_159,Spinal cord,-240,-159,2,21
23898,240_160,Spinal cord,-240,-160,2,21
23899,240_161,Spinal cord,-240,-161,2,22
23900,240_162,Spinal cord,-240,-162,2,101
23901,240_163,Spinal cord,-240,-163,2,101
23902,240_164,Spinal cord,-240,-164,2,21
23903,240_165,Spinal cord,-240,-165,2,101
23904,240_166,Spinal cord,-240,-166,2,101
23905,240_167,Spinal cord,-240,-167,2,101
23906,240_168,Spinal cord,-240,-168,2,101
23907,240_169,Spinal cord,-240,-169,2,103
23908,240_170,Spinal cord,-240,-170,2,101
23909,240_171,Spinal cord,-240,-171,2,102
23910,240_172,Spinal cord,-240,-172,2,101
23911,240_173,Spinal cord,-240,-173,2,100
23912,240_174,Spinal cord,-240,-174,2,101
23913,240_175,Spinal cord,-240,-175,2,101
23914,240_176,Spinal cord,-240,-176,2,102
23915,240_177,Spinal cord,-240,-177,2,101
23916,240_178,Spinal cord,-240,-178,2,103
23917,240_179,Spinal cord,-240,-179,2,101
23918,240_180,Spinal cord,-240,-180,2,101
23919,240_181,Spinal cord,-240,-181,2,102
23920,240_182,Spinal cord,-240,-182,2,101
23921,240_183,Spinal cord,-240,-183,2,102
23922,240_184,Spinal cord,-240,-184,2,101
23923,240_185,Spinal cord,-240,-185,2,101
23924,240_186,Spinal cord,-240,-186,2,101
23925,240_187,Spinal cord,-240,-187,2,101
23926,240_188,Spinal cord,-240,-188,2,101
23927,240_189,Spinal cord,-240,-189,2,101
23928,240_190,Spinal cord,-240,-190,2,101
23929,240_191,Spinal cord,-240,-191,2,21
23930,240_192,Spinal cord,-240,-192,2,101
23931,240_193,Spinal cord,-240,-193,2,101
23932,240_194,Spinal cord,-240,-194,2,98
23933,240_195,Spinal cord,-240,-195,2,100
23934,240_196,Spinal cord,-240,-196,2,102
23935,240_197,Spinal cord,-240,-197,2,101
23936,240_198,Spinal cord,-240,-198,2,101
23937,240_199,Spinal cord,-240,-199,2,103
23938,240_200,Spinal cord,-240,-200,2,101
23939,240_201,Spinal cord,-240,-201,2,103
23940,240_202,Spinal cord,-240,-202,2,101
23941,240_203,Spinal cord,-240,-203,2,101
23942,240_204,Spinal cord,-240,-204,2,21
23943,240_205,Spinal cord,-240,-205,2,21
23944,240_206,Spinal cord,-240,-206,2,21
23945,240_207,Cavity,-240,-207,2,24
23946,241_152,Cavity,-241,-152,2,25
23947,241_153,Cavity,-241,-153,2,31
23948,241_154,Cavity,-241,-154,2,31
23949,241_155,Cavity,-241,-155,2,31
23950,241_156,Cavity,-241,-156,2,30
23951,241_157,Cavity,-241,-157,2,30
23952,241_158,Cavity,-241,-158,2,21
23953,241_159,Spinal cord,-241,-159,2,21
23954,241_160,Spinal cord,-241,-160,2,21
23955,241_161,Spinal cord,-241,-161,2,22
23956,241_162,Spinal cord,-241,-162,2,101
23957,241_163,Spinal cord,-241,-163,2,21
23958,241_164,Spinal cord,-241,-164,2,22
23959,241_165,Spinal cord,-241,-165,2,21
23960,241_166,Spinal cord,-241,-166,2,101
23961,241_167,Spinal cord,-241,-167,2,101
23962,241_168,Spinal cord,-241,-168,2,103
23963,241_169,Spinal cord,-241,-169,2,101
23964,241_170,Spinal cord,-241,-170,2,101
23965,241_171,Spinal cord,-241,-171,2,101
23966,241_172,Spinal cord,-241,-172,2,101
23967,241_173,Spinal cord,-241,-173,2,102
23968,241_174,Spinal cord,-241,-174,2,102
23969,241_175,Spinal cord,-241,-175,2,101
23970,241_176,Spinal cord,-241,-176,2,101
23971,241_177,Spinal cord,-241,-177,2,101
23972,241_178,Spinal cord,-241,-178,2,101
23973,241_179,Spinal cord,-241,-179,2,101
23974,241_180,Spinal cord,-241,-180,2,101
23975,241_181,Spinal cord,-241,-181,2,102
23976,241_182,Spinal cord,-241,-182,2,101
23977,241_183,Spinal cord,-241,-183,2,103
23978,241_184,Spinal cord,-241,-184,2,101
23979,241_185,Spinal cord,-241,-185,2,101
23980,241_186,Spinal cord,-241,-186,2,103
23981,241_187,Spinal cord,-241,-187,2,101
23982,241_188,Spinal cord,-241,-188,2,101
23983,241_189,Spinal cord,-241,-189,2,101
23984,241_190,Spinal cord,-241,-190,2,101
23985,241_191,Spinal cord,-241,-191,2,101
23986,241_192,Spinal cord,-241,-192,2,101
23987,241_193,Spinal cord,-241,-193,2,100
23988,241_194,Spinal cord,-241,-194,2,109
23989,241_195,Spinal cord,-241,-195,2,101
23990,241_196,Spinal cord,-241,-196,2,102
23991,241_197,Spinal cord,-241,-197,2,103
23992,241_198,Spinal cord,-241,-198,2,101
23993,241_199,Spinal cord,-241,-199,2,101
23994,241_200,Spinal cord,-241,-200,2,21
23995,241_201,Spinal cord,-241,-201,2,21
23996,241_202,Spinal cord,-241,-202,2,21
23997,241_203,Spinal cord,-241,-203,2,21
23998,241_204,Spinal cord,-241,-204,2,21
23999,241_205,Spinal cord,-241,-205,2,21
24000,241_206,Spinal cord,-241,-206,2,21
24001,241_207,Cavity,-241,-207,2,31
24002,242_153,Cavity,-242,-153,2,27
24003,242_154,Cavity,-242,-154,2,31
24004,242_155,Cavity,-242,-155,2,31
24005,242_156,Cavity,-242,-156,2,30
24006,242_157,Cavity,-242,-157,2,30
24007,242_158,Cavity,-242,-158,2,20
24008,242_159,Cavity,-242,-159,2,23
24009,242_160,Spinal cord,-242,-160,2,21
24010,242_161,Spinal cord,-242,-161,2,21
24011,242_162,Spinal cord,-242,-162,2,21
24012,242_163,Spinal cord,-242,-163,2,21
24013,242_164,Spinal cord,-242,-164,2,101
24014,242_165,Spinal cord,-242,-165,2,21
24015,242_166,Spinal cord,-242,-166,2,21
24016,242_167,Spinal cord,-242,-167,2,21
24017,242_168,Spinal cord,-242,-168,2,101
24018,242_169,Spinal cord,-242,-169,2,101
24019,242_170,Spinal cord,-242,-170,2,101
24020,242_171,Spinal cord,-242,-171,2,102
24021,242_172,Spinal cord,-242,-172,2,103
24022,242_173,Spinal cord,-242,-173,2,103
24023,242_174,Spinal cord,-242,-174,2,101
24024,242_175,Spinal cord,-242,-175,2,102
24025,242_176,Spinal cord,-242,-176,2,102
24026,242_177,Spinal cord,-242,-177,2,102
24027,242_178,Spinal cord,-242,-178,2,102
24028,242_179,Spinal cord,-242,-179,2,101
24029,242_180,Spinal cord,-242,-180,2,101
24030,242_181,Spinal cord,-242,-181,2,103
24031,242_182,Spinal cord,-242,-182,2,102
24032,242_183,Spinal cord,-242,-183,2,103
24033,242_184,Spinal cord,-242,-184,2,101
24034,242_185,Spinal cord,-242,-185,2,101
24035,242_186,Spinal cord,-242,-186,2,101
24036,242_187,Spinal cord,-242,-187,2,101
24037,242_188,Spinal cord,-242,-188,2,21
24038,242_189,Spinal cord,-242,-189,2,101
24039,242_190,Spinal cord,-242,-190,2,101
24040,242_191,Spinal cord,-242,-191,2,101
24041,242_192,Spinal cord,-242,-192,2,101
24042,242_193,Spinal cord,-242,-193,2,103
24043,242_194,Spinal cord,-242,-194,2,103
24044,242_195,Spinal cord,-242,-195,2,101
24045,242_196,Spinal cord,-242,-196,2,101
24046,242_197,Spinal cord,-242,-197,2,21
24047,242_198,Spinal cord,-242,-198,2,21
24048,242_199,Spinal cord,-242,-199,2,21
24049,242_200,Spinal cord,-242,-200,2,21
24050,242_201,Spinal cord,-242,-201,2,21
24051,242_202,Spinal cord,-242,-202,2,21
24052,242_203,Spinal cord,-242,-203,2,21
24053,242_204,Spinal cord,-242,-204,2,21
24054,242_205,Spinal cord,-242,-205,2,21
24055,242_206,Cavity,-242,-206,2,30
24056,243_155,Cavity,-243,-155,2,25
24057,243_156,Cavity,-243,-156,2,31
24058,243_157,Cavity,-243,-157,2,30
24059,243_158,Cavity,-243,-158,2,23
24060,243_159,Cavity,-243,-159,2,23
24061,243_160,Spinal cord,-243,-160,2,20
24062,243_161,Spinal cord,-243,-161,2,21
24063,243_162,Spinal cord,-243,-162,2,21
24064,243_163,Spinal cord,-243,-163,2,21
24065,243_164,Spinal cord,-243,-164,2,21
24066,243_165,Spinal cord,-243,-165,2,97
24067,243_166,Spinal cord,-243,-166,2,21
24068,243_167,Spinal cord,-243,-167,2,21
24069,243_168,Spinal cord,-243,-168,2,21
24070,243_169,Spinal cord,-243,-169,2,21
24071,243_170,Spinal cord,-243,-170,2,21
24072,243_171,Spinal cord,-243,-171,2,101
24073,243_172,Spinal cord,-243,-172,2,101
24074,243_173,Spinal cord,-243,-173,2,101
24075,243_174,Spinal cord,-243,-174,2,103
24076,243_175,Spinal cord,-243,-175,2,101
24077,243_176,Spinal cord,-243,-176,2,102
24078,243_177,Spinal cord,-243,-177,2,102
24079,243_178,Spinal cord,-243,-178,2,102
24080,243_179,Spinal cord,-243,-179,2,98
24081,243_180,Spinal cord,-243,-180,2,102
24082,243_181,Spinal cord,-243,-181,2,101
24083,243_182,Spinal cord,-243,-182,2,103
24084,243_183,Spinal cord,-243,-183,2,101
24085,243_184,Spinal cord,-243,-184,2,101
24086,243_185,Spinal cord,-243,-185,2,21
24087,243_186,Spinal cord,-243,-186,2,21
24088,243_187,Spinal cord,-243,-187,2,21
24089,243_188,Spinal cord,-243,-188,2,101
24090,243_189,Spinal cord,-243,-189,2,21
24091,243_190,Spinal cord,-243,-190,2,21
24092,243_191,Spinal cord,-243,-191,2,21
24093,243_192,Spinal cord,-243,-192,2,21
24094,243_193,Spinal cord,-243,-193,2,101
24095,243_194,Spinal cord,-243,-194,2,21
24096,243_195,Spinal cord,-243,-195,2,21
24097,243_196,Spinal cord,-243,-196,2,21
24098,243_197,Spinal cord,-243,-197,2,21
24099,243_198,Spinal cord,-243,-198,2,21
24100,243_199,Spinal cord,-243,-199,2,21
24101,243_200,Spinal cord,-243,-200,2,21
24102,243_201,Spinal cord,-243,-201,2,21
24103,243_202,Spinal cord,-243,-202,2,21
24104,243_203,Spinal cord,-243,-203,2,101
24105,243_204,Spinal cord,-243,-204,2,22
24106,243_205,Cavity,-243,-205,2,30
24107,244_156,Cavity,-244,-156,2,26
24108,244_157,Cavity,-244,-157,2,24
24109,244_158,Cavity,-244,-158,2,30
24110,244_159,Cavity,-244,-159,2,20
24111,244_160,Cavity,-244,-160,2,20
24112,244_161,Spinal cord,-244,-161,2,20
24113,244_162,Spinal cord,-244,-162,2,21
24114,244_163,Spinal cord,-244,-163,2,20
24115,244_164,Spinal cord,-244,-164,2,21
24116,244_165,Spinal cord,-244,-165,2,22
24117,244_166,Spinal cord,-244,-166,2,101
24118,244_167,Spinal cord,-244,-167,2,97
24119,244_168,Spinal cord,-244,-168,2,21
24120,244_169,Spinal cord,-244,-169,2,21
24121,244_170,Spinal cord,-244,-170,2,21
24122,244_171,Spinal cord,-244,-171,2,21
24123,244_172,Spinal cord,-244,-172,2,21
24124,244_173,Spinal cord,-244,-173,2,21
24125,244_174,Spinal cord,-244,-174,2,21
24126,244_175,Spinal cord,-244,-175,2,101
24127,244_176,Spinal cord,-244,-176,2,21
24128,244_177,Spinal cord,-244,-177,2,101
24129,244_178,Spinal cord,-244,-178,2,101
24130,244_179,Spinal cord,-244,-179,2,101
24131,244_180,Spinal cord,-244,-180,2,21
24132,244_181,Spinal cord,-244,-181,2,21
24133,244_182,Spinal cord,-244,-182,2,21
24134,244_183,Spinal cord,-244,-183,2,21
24135,244_184,Spinal cord,-244,-184,2,21
24136,244_185,Spinal cord,-244,-185,2,21
24137,244_186,Spinal cord,-244,-186,2,101
24138,244_187,Spinal cord,-244,-187,2,99
24139,244_188,Spinal cord,-244,-188,2,101
24140,244_189,Spinal cord,-244,-189,2,101
24141,244_190,Spinal cord,-244,-190,2,101
24142,244_191,Spinal cord,-244,-191,2,21
24143,244_192,Spinal cord,-244,-192,2,21
24144,244_193,Spinal cord,-244,-193,2,21
24145,244_194,Spinal cord,-244,-194,2,21
24146,244_195,Spinal cord,-244,-195,2,22
24147,244_196,Spinal cord,-244,-196,2,21
24148,244_197,Spinal cord,-244,-197,2,21
24149,244_198,Spinal cord,-244,-198,2,21
24150,244_199,Spinal cord,-244,-199,2,21
24151,244_200,Spinal cord,-244,-200,2,21
24152,244_201,Spinal cord,-244,-201,2,20
24153,244_202,Spinal cord,-244,-202,2,21
24154,244_203,Spinal cord,-244,-203,2,21
24155,244_204,Cavity,-244,-204,2,30
24156,245_160,Cavity,-245,-160,2,25
24157,245_161,Cavity,-245,-161,2,25
24158,245_162,Cavity,-245,-162,2,29
24159,245_163,Cavity,-245,-163,2,31
24160,245_164,Cavity,-245,-164,2,31
24161,245_165,Cavity,-245,-165,2,24
24162,245_166,Cavity,-245,-166,2,31
24163,245_167,Cavity,-245,-167,2,25
24164,245_168,Cavity,-245,-168,2,24
24165,245_169,Cavity,-245,-169,2,25
24166,245_170,Cavity,-245,-170,2,25
24167,245_171,Cavity,-245,-171,2,29
24168,245_172,Cavity,-245,-172,2,31
24169,245_173,Cavity,-245,-173,2,25
24170,245_174,Cavity,-245,-174,2,25
24171,245_175,Cavity,-245,-175,2,25
24172,245_176,Cavity,-245,-176,2,25
24173,245_177,Cavity,-245,-177,2,26
24174,245_178,Cavity,-245,-178,2,26
24175,245_179,Cavity,-245,-179,2,26
24176,245_180,Cavity,-245,-180,2,26
24177,245_181,Cavity,-245,-181,2,26
24178,245_182,Cavity,-245,-182,2,25
24179,245_183,Cavity,-245,-183,2,26
24180,245_184,Cavity,-245,-184,2,26
24181,245_185,Cavity,-245,-185,2,26
24182,245_186,Cavity,-245,-186,2,26
24183,245_187,Cavity,-245,-187,2,26
24184,245_188,Cavity,-245,-188,2,26
24185,245_189,Cavity,-245,-189,2,26
24186,245_190,Cavity,-245,-190,2,26
24187,245_191,Cavity,-245,-191,2,26
24188,245_192,Cavity,-245,-192,2,26
24189,245_193,Cavity,-245,-193,2,26
24190,245_194,Cavity,-245,-194,2,25
24191,245_195,Cavity,-245,-195,2,26
24192,245_196,Cavity,-245,-196,2,26
24193,245_197,Cavity,-245,-197,2,26
24194,245_198,Cavity,-245,-198,2,26
24195,245_199,Cavity,-245,-199,2,27
24196,245_200,Cavity,-245,-200,2,27
24197,245_201,Cavity,-245,-201,2,27
24198,245_202,Cavity,-245,-202,2,26
24199,245_203,Cavity,-245,-203,2,27
24200,246_164,Cavity,-246,-164,2,27
24201,246_165,Cavity,-246,-165,2,27
24202,246_166,Cavity,-246,-166,2,26
24203,246_167,Cavity,-246,-167,2,26
24204,246_168,Cavity,-246,-168,2,25
24205,246_169,Cavity,-246,-169,2,25
24206,246_170,Cavity,-246,-170,2,25
24207,246_171,Cavity,-246,-171,2,26
24208,246_172,Cavity,-246,-172,2,26
24209,246_173,Cavity,-246,-173,2,25
24210,246_174,Cavity,-246,-174,2,25
24211,246_175,Cavity,-246,-175,2,25
24212,246_176,Cavity,-246,-176,2,25
24213,246_177,Cavity,-246,-177,2,25
24214,246_178,Cavity,-246,-178,2,25
24215,246_179,Cavity,-246,-179,2,25
24216,246_180,Cavity,-246,-180,2,25
24217,246_181,Cavity,-246,-181,2,25
24218,246_182,Cavity,-246,-182,2,25
24219,246_183,Cavity,-246,-183,2,25
24220,246_184,Cavity,-246,-184,2,25
24221,246_185,Cavity,-246,-185,2,25
24222,246_186,Cavity,-246,-186,2,25
24223,246_187,Cavity,-246,-187,2,25
24224,246_188,Cavity,-246,-188,2,25
24225,246_189,Cavity,-246,-189,2,25
24226,246_190,Cavity,-246,-190,2,26
24227,246_191,Cavity,-246,-191,2,25
24228,246_192,Cavity,-246,-192,2,25
24229,246_193,Cavity,-246,-193,2,25
24230,246_194,Cavity,-246,-194,2,26
24231,246_195,Cavity,-246,-195,2,25
24232,246_196,Cavity,-246,-196,2,25
24233,246_197,Cavity,-246,-197,2,26
24234,246_198,Cavity,-246,-198,2,26
24235,246_199,Cavity,-246,-199,2,26
24236,246_200,Cavity,-246,-200,2,26
24237,246_201,Cavity,-246,-201,2,27
24238,247_167,Cavity,-247,-167,2,27
24239,247_168,Cavity,-247,-168,2,25
24240,247_169,Cavity,-247,-169,2,26
24241,247_170,Cavity,-247,-170,2,26
24242,247_171,Cavity,-247,-171,2,25
24243,247_172,Cavity,-247,-172,2,25
24244,247_173,Cavity,-247,-173,2,25
24245,247_174,Cavity,-247,-174,2,25
24246,247_175,Cavity,-247,-175,2,25
24247,247_176,Cavity,-247,-176,2,24
24248,247_177,Cavity,-247,-177,2,25
24249,247_178,Cavity,-247,-178,2,24
24250,247_179,Cavity,-247,-179,2,25
24251,247_180,Cavity,-247,-180,2,24
24252,247_181,Cavity,-247,-181,2,25
24253,247_182,Cavity,-247,-182,2,25
24254,247_183,Cavity,-247,-183,2,25
24255,247_184,Cavity,-247,-184,2,25
24256,247_185,Cavity,-247,-185,2,25
24257,247_186,Cavity,-247,-186,2,25
24258,247_187,Cavity,-247,-187,2,25
24259,247_188,Cavity,-247,-188,2,24
24260,247_189,Cavity,-247,-189,2,25
24261,247_190,Cavity,-247,-190,2,25
24262,247_191,Cavity,-247,-191,2,25
24263,247_192,Cavity,-247,-192,2,25
24264,247_193,Cavity,-247,-193,2,26
24265,247_194,Cavity,-247,-194,2,25
24266,247_195,Cavity,-247,-195,2,25
24267,247_196,Cavity,-247,-196,2,25
24268,247_197,Cavity,-247,-197,2,26
24269,247_198,Cavity,-247,-198,2,26
24270,247_199,Cavity,-247,-199,2,27
24271,248_168,Cavity,-248,-168,2,27
24272,248_169,Cavity,-248,-169,2,26
24273,248_170,Cavity,-248,-170,2,25
24274,248_171,Cavity,-248,-171,2,26
24275,248_172,Cavity,-248,-172,2,25
24276,248_173,Cavity,-248,-173,2,25
24277,248_174,Cavity,-248,-174,2,25
24278,248_175,Cavity,-248,-175,2,25
24279,248_176,Cavity,-248,-176,2,25
24280,248_177,Cavity,-248,-177,2,25
24281,248_178,Cavity,-248,-178,2,24
24282,248_179,Cavity,-248,-179,2,25
24283,248_180,Cavity,-248,-180,2,25
24284,248_181,Cavity,-248,-181,2,25
24285,248_182,Cavity,-248,-182,2,25
24286,248_183,Cavity,-248,-183,2,25
24287,248_184,Cavity,-248,-184,2,24
24288,248_185,Cavity,-248,-185,2,25
24289,248_186,Cavity,-248,-186,2,25
24290,248_187,Cavity,-248,-187,2,25
24291,248_188,Cavity,-248,-188,2,25
24292,248_189,Cavity,-248,-189,2,25
24293,248_190,Cavity,-248,-190,2,25
24294,248_191,Cavity,-248,-191,2,25
24295,248_192,Cavity,-248,-192,2,25
24296,248_193,Cavity,-248,-193,2,25
24297,248_194,Cavity,-248,-194,2,25
24298,248_195,Cavity,-248,-195,2,25
24299,248_196,Cavity,-248,-196,2,26
24300,248_197,Cavity,-248,-197,2,27
24301,249_174,Cavity,-249,-174,2,27
24302,249_175,Cavity,-249,-175,2,27
24303,249_176,Cavity,-249,-176,2,26
24304,249_177,Cavity,-249,-177,2,27
24305,249_178,Cavity,-249,-178,2,26
24306,249_179,Cavity,-249,-179,2,27
24307,249_180,Cavity,-249,-180,2,27
24308,249_181,Cavity,-249,-181,2,26
24309,249_182,Cavity,-249,-182,2,26
24310,249_183,Cavity,-249,-183,2,26
24311,249_184,Cavity,-249,-184,2,25
24312,249_185,Cavity,-249,-185,2,26
24313,249_186,Cavity,-249,-186,2,27
24314,249_188,Cavity,-249,-188,2,27
24315,249_189,Cavity,-249,-189,2,27
24316,249_190,Cavity,-249,-190,2,27
24317,249_191,Cavity,-249,-191,2,27
24318,249_192,Cavity,-249,-192,2,26
24319,249_193,Cavity,-249,-193,2,26
24320,249_194,Cavity,-249,-194,2,27
